Beta,R0,mean_infected_ratio,std_infected_ratio,sd_infected_ratio,ci95_low,ci95_high,mean_R_all,R_age1,R_age1_sd,R_age1_ci95_low,R_age1_ci95_high,R_age2,R_age2_sd,R_age2_ci95_low,R_age2_ci95_high,R_age3,R_age3_sd,R_age3_ci95_low,R_age3_ci95_high,R_age4,R_age4_sd,R_age4_ci95_low,R_age4_ci95_high,R_age5,R_age5_sd,R_age5_ci95_low,R_age5_ci95_high,R_age6,R_age6_sd,R_age6_ci95_low,R_age6_ci95_high,R_age7,R_age7_sd,R_age7_ci95_low,R_age7_ci95_high,R_age8,R_age8_sd,R_age8_ci95_low,R_age8_ci95_high,R_age9,R_age9_sd,R_age9_ci95_low,R_age9_ci95_high,R_age10,R_age10_sd,R_age10_ci95_low,R_age10_ci95_high,R_age11,R_age11_sd,R_age11_ci95_low,R_age11_ci95_high,R_age12,R_age12_sd,R_age12_ci95_low,R_age12_ci95_high,R_age13,R_age13_sd,R_age13_ci95_low,R_age13_ci95_high,R_age14,R_age14_sd,R_age14_ci95_low,R_age14_ci95_high,R_age15,R_age15_sd,R_age15_ci95_low,R_age15_ci95_high,R_age16,R_age16_sd,R_age16_ci95_low,R_age16_ci95_high
0.0,0.0,0.0010000000000000002,2.205473771126446e-19,2.205473771126446e-19,0.0010000000000000002,0.0010000000000000002,0.0010000000000000002,0.0008953168044077136,0.0011742164817271391,0.0004751288328426598,0.0013155047759727673,0.0011929824561403507,0.001532488509041276,0.0006445884861343646,0.0017413764261463367,0.0005886681383370125,0.0009928839847876461,0.00023336916744052334,0.0009439671092335017,0.00134180790960452,0.0017133832157659467,0.0007286816001463632,0.0019549342190626766,0.00082855321861058,0.0011970598768246512,0.0004001908430927182,0.001256915594128442,0.0010619469026548673,0.0011940967569260272,0.0006346448659749304,0.0014892489393348043,0.001141924959216966,0.0012958838318267289,0.0006781988855731154,0.0016056510328608165,0.0007530120481927713,0.001027542528947309,0.00038531067655121185,0.0011207134198343309,0.0010005265929436545,0.001465809636585859,0.00047599335100552496,0.001525059834881784,0.001011804384485666,0.0013721352518464966,0.0005207920906212186,0.0015028166783501134,0.0008308895405669599,0.0009954700204169542,0.00047466516870533045,0.0011871139124285893,0.0010187449062754685,0.0011612397628139267,0.0006032005939355795,0.0014342892186153576,0.0011842105263157896,0.0011641269337209323,0.0007676330531355825,0.0016007879994959966,0.0009037745879851144,0.0009064127227367392,0.0005794189608120903,0.0012281302151581383,0.001338688085676037,0.001522285228070087,0.0007939453128737266,0.0018834308584783474,0.0009649122807017542,0.0007411076947040078,0.0006997102981074634,0.0012301142632960452
0.004,0.012,0.00109,0.00010618786215460555,0.00010618786215460555,0.0010520011615422534,0.0011279988384577467,0.00109,0.0013774104683195593,0.001469336781443718,0.0008516150538039678,0.0019032058828351507,0.0010526315789473682,0.0018127028659431972,0.0004039641891228847,0.0017012989687718518,0.0014716703458425315,0.0017710718699464765,0.0008379004166092713,0.0021054402750757917,0.0009887005649717514,0.0018228096065765946,0.00033641652445979425,0.0016409846054837086,0.0012109623964308475,0.0015463037817237608,0.0006576246945871572,0.0017643000982745377,0.0013569321533923305,0.0012883752952116926,0.0008958929750687136,0.0018179713317159473,0.0008156606851549757,0.0011130313853523867,0.0004173675191354071,0.0012139538511745443,0.0006024096385542169,0.0012876589539983342,0.00014162679964166577,0.001063192477466768,0.0008952080042127435,0.00098903999301626,0.0005412845881055685,0.0012491314203199185,0.0011242270938729624,0.001278411540605233,0.0006667533993442095,0.0015817007884017151,0.00083088954056696,0.0009954700204169542,0.00047466516870533056,0.0011871139124285896,0.0013039934800325999,0.0013210946201246436,0.0008312458416591559,0.0017767411184060437,0.0012719298245614033,0.0012688229991221073,0.00081788734553572,0.0017259723035870866,0.0010632642211589579,0.0014709187795132826,0.0005369026959046614,0.0015896257464132544,0.0011378848728246316,0.0016409641649736478,0.0005506733878716838,0.0017250963577775794,0.0010818713450292399,0.0007873984061143099,0.0008001044440979247,0.001363638245960555
0.008,0.024,0.0011899999999999999,0.00017684982914598904,0.00017684982914598904,0.0011267151014000606,0.0012532848985999392,0.0011899999999999999,0.0008264462809917355,0.001495813447935105,0.0002911763130526931,0.001361716248930778,0.001263157894736842,0.0016213307325030713,0.0006829721433628817,0.0018433436461108021,0.0013980868285504045,0.0015858618151967728,0.000830593466227755,0.001965580190873054,0.0012711864406779662,0.0014293742958966218,0.000759691417957279,0.0017826814633986536,0.0010197578075207138,0.001483898952698587,0.0004887513869458595,0.001550764228095568,0.0014749262536873156,0.001744296383455884,0.0008507378092409161,0.002099114698133715,0.0015769439912996194,0.0017393142094450558,0.0009545383949261022,0.0021993495876731365,0.0014056224899598392,0.0013662456917465909,0.0009167177481101189,0.0018945272318095594,0.0016850974196945757,0.0013717930030183402,0.0011942075980003895,0.002175987241388762,0.0012928611579539064,0.0010557543264406283,0.0009150643242341059,0.001670657991673707,0.0013196480938416422,0.0012972675507740593,0.0008554268627317342,0.0017838693249515503,0.00097799511002445,0.001218271098098875,0.0005420423964553592,0.0014139478235935408,0.0011403508771929824,0.000960916767552923,0.0007964912280701752,0.0014842105263157895,0.0008506113769271664,0.001164747597033846,0.0004338118022328549,0.0012674109516214779,0.0011378848728246316,0.0015539244231479257,0.0005818201594699681,0.0016939495861792951,0.0007894736842105263,0.0008095517694084109,0.0004997793040360308,0.0010791680643850218
0.012,0.036000000000000004,0.0011833333333333333,0.00017237355852380872,0.00017237355852380872,0.0011216502476036612,0.0012450164190630055,0.0011833333333333335,0.0012396694214876034,0.0014958134479351054,0.0007043994535485609,0.001774939389426646,0.0011228070175438596,0.0014346218683390735,0.0006094341751412418,0.0016361798599464773,0.001177336276674025,0.0013881020415670122,0.0006806103404876771,0.001674062212860373,0.0014124293785310734,0.0016061399228366597,0.0008376795885828731,0.001987179168479274,0.0015296367112810705,0.0020945413288916484,0.0007801147227533459,0.002279158699808795,0.0008849557522123894,0.0011145549202166418,0.00048611739624345276,0.0012837941081813259,0.0013050570962479606,0.0018376569265091225,0.0006474600105329163,0.001962654181963005,0.0012550200803212854,0.0013166887259745742,0.000783849070920997,0.0017261910897215737,0.0008952080042127437,0.0011499716300072769,0.0004836959414120431,0.0013067200670134444,0.0011242270938729621,0.001555254763498867,0.0005676863243376436,0.0016807678634082807,0.0009775171065493646,0.001237803891662692,0.0005345746725715576,0.0014204595405271716,0.001385493072534637,0.0010517923402251256,0.0010091140173737034,0.0017618721276955705,0.0009649122807017543,0.001032783227322238,0.0005953355492317356,0.001334489012171773,0.0013290802764486971,0.0013299965676822868,0.0008531471170529943,0.0018050134358444,0.0010709504685408298,0.0013683642318495178,0.000581287616851586,0.0015606133202300736,0.0012573099415204678,0.0010971464063955889,0.0008647011422169863,0.0016499187408239493
0.016,0.048,0.0014066666666666665,0.00032688006166275063,0.00032688006166275063,0.0012896941388640393,0.0015236391944692938,0.0014066666666666665,0.0011019283746556475,0.0012991946794005298,0.000637017529423384,0.001566839219887911,0.0014736842105263156,0.0019271278523959874,0.0007840703651698535,0.0021632980558827777,0.001324503311258278,0.0015981759576171987,0.0007526033896633627,0.0018964032328531932,0.0016949152542372885,0.0017942818741097316,0.0010528397316818927,0.0023369907767926846,0.0015296367112810705,0.0016193136607644224,0.0009501727597588014,0.0021091006628033396,0.0012979351032448377,0.0017349823640834018,0.0006770796378258526,0.0019187905686638227,0.0015769439912996198,0.001791297184402552,0.0009359365262390108,0.002217951456360229,0.0014056224899598392,0.0014763027646191595,0.0008773343303789257,0.0019339106495407528,0.001579778830963665,0.001659480984009132,0.0009859411874177863,0.002173616474509544,0.001461495222034851,0.0015169525973315467,0.0009186607066348187,0.002004329737434883,0.0014662756598240467,0.0014913420167613134,0.0009326057729809064,0.001999945546667187,0.0017114914425427872,0.0015262192072438502,0.0011653409133727827,0.0022576419717127917,0.0014912280701754386,0.0013706064730583892,0.00100076284277441,0.0019816932975764675,0.0015948963317384366,0.0018256825246326604,0.0009415842307033676,0.0022482084327735056,0.001405622489959839,0.0016800402139238464,0.0008044278204743339,0.0020068171594453442,0.0007894736842105262,0.0007043961165765247,0.000537408771131432,0.0010415385972896204
0.02,0.060000000000000005,0.0015766666666666665,0.0003036369580582222,0.0003036369580582222,0.0014680115766691176,0.0016853217566642155,0.0015766666666666665,0.0013774104683195593,0.001469336781443718,0.0008516150538039678,0.0019032058828351507,0.0011228070175438596,0.001202834660470244,0.0006923781622379611,0.001553235872849758,0.001839587932303164,0.002096896525346119,0.0010892231475481326,0.0025899527170581953,0.0021892655367231634,0.0030210804570914465,0.0011081857793236547,0.0032703452941226724,0.0027405991077119178,0.0029994872379847013,0.001667246384532434,0.0038139518308914016,0.0016519174041297936,0.0019126644234724933,0.0009674792303431082,0.002336355577916479,0.001685698749320283,0.0017393142094450558,0.0010632931529467658,0.0023081043456938,0.001706827309236948,0.001568766445066831,0.001145451446549024,0.0022682031719248722,0.00210637177461822,0.0017763682666224474,0.001470706554175449,0.002742036995060991,0.0018549747048903877,0.0019480575833194572,0.0011578712515110511,0.0025520781582697243,0.0016617790811339198,0.0015273620520885273,0.001115219590188492,0.0022083385720793477,0.0013447432762836184,0.0011282261823051202,0.0009410127220062044,0.0017484738305610324,0.0011842105263157896,0.0010565941748647873,0.0008061131566971483,0.0015623078959344308,0.0011164274322169056,0.000950499893570076,0.0007762954135753734,0.0014565594508584379,0.0016733601070950466,0.0019074179236582168,0.0009907993691552288,0.002355920845034864,0.000935672514619883,0.0007957781923857335,0.0006509069456828529,0.001220438083556913
0.024,0.07200000000000001,0.00197,0.0009105322429860688,0.0009105322429860688,0.0016441702214380933,0.002295829778561907,0.00197,0.0007575757575757576,0.001381560197230107,0.0002631907903206032,0.001251960724830912,0.0017543859649122805,0.0016662686186882485,0.0011581193974908423,0.0023506525323337187,0.0015452538631346576,0.0016549946768387536,0.0009530216239916931,0.002137486102277622,0.0028248587570621464,0.0025698238765386556,0.0019052590931450258,0.003744458420979267,0.0032504780114722747,0.0028910531529277106,0.0022159279272930474,0.004285028095651502,0.0028908554572271384,0.002566248914106447,0.0019725350771867024,0.0038091758372675744,0.0021750951604132683,0.0024734030785608595,0.0012899992359253383,0.0030601910849011984,0.002058232931726907,0.0022541261324498505,0.0012516042546598621,0.002864861608793952,0.00315955766192733,0.003520290771128945,0.0018998377879019383,0.004419277535952722,0.002248454187745925,0.002315301773043998,0.0014199340888410277,0.0030769742866508226,0.0020527859237536657,0.0022650076523658288,0.0012422633447935773,0.002863308502713754,0.0019559902200488996,0.0023061499688136547,0.0011307450522283044,0.0027812353878694947,0.0017543859649122805,0.0015581407892546312,0.001196812444323753,0.002311959485500808,0.0011695906432748536,0.0011797128479171725,0.0007474358223286944,0.0015917454642210129,0.0013386880856760372,0.001522285228070087,0.0007939453128737268,0.0018834308584783476,0.001198830409356725,0.0010922989022453856,0.0008079562671354122,0.001589704551578038
0.028,0.084,0.0018700000000000001,0.0006566109434318642,0.0006566109434318642,0.0016350347915213782,0.0021049652084786223,0.0018700000000000001,0.0015151515151515152,0.0019513082138467946,0.0008168848385770993,0.002213418191725931,0.0014736842105263154,0.0017613895295454222,0.000843379062307828,0.0021039893587448026,0.0016188373804267844,0.0018271125536306122,0.0009650135500868732,0.0022726612107666954,0.0027542372881355927,0.002845180652880931,0.0017361024672789538,0.0037723721089922314,0.0016571064372211597,0.0017199864057698033,0.001041617206566821,0.0022725956678754985,0.003008849557522124,0.002676143007046359,0.0020512040813703792,0.003966495033673869,0.0016313213703099511,0.0017136239198658736,0.0010181089259958546,0.002244533814624048,0.0023092369477911647,0.0021925663909476093,0.0015246371413066963,0.0030938367542756333,0.002790942601369141,0.0021430501275433327,0.002024061962178867,0.0035578232405594147,0.0028105677346824056,0.0025948920202330003,0.0018819975507515184,0.0037391379186132927,0.0022482893450635386,0.0023964813904893746,0.0013907194931381192,0.003105859196988958,0.001385493072534637,0.0014618313122967146,0.000862383455659941,0.001908602689409333,0.0014912280701754386,0.0012805318568990217,0.0010329956302054253,0.001949460510145452,0.001382243487506645,0.0013721947915536726,0.0008912098876316151,0.001873277087381675,0.0017402945113788486,0.0018817317391800052,0.0010669254565069352,0.0024136635662507623,0.001023391812865497,0.0010825387759364163,0.0006360102869886184,0.0014107733387423754
0.032,0.096,0.002316666666666667,0.000997266378599548,0.000997266378599548,0.001959799476285033,0.002673533857048301,0.002316666666666667,0.0024104683195592283,0.0029261240099064368,0.0013633682903875209,0.003457568348730936,0.0016140350877192977,0.0018897561746743436,0.0009377945254841413,0.0022902756499544544,0.001618837380426784,0.0026523876151146927,0.0006696926621036275,0.0025679820987499404,0.002330508474576271,0.0030651614011662997,0.0012336545539251603,0.0034273623952273814,0.0028043339706819628,0.0032438132773269443,0.0016435502971885,0.0039651176441754254,0.0034218289085545723,0.0027471828398632245,0.002438762154711568,0.004404895662397577,0.002501359434475258,0.002524810318850463,0.0015978676653052013,0.003404851203645315,0.0031626506024096386,0.0036964035117691614,0.001839909593518614,0.004485391611300663,0.00315955766192733,0.002962766168957269,0.0020993454045379716,0.004219769919316689,0.003372681281618886,0.00345880615408805,0.0021349633952328327,0.004610399168004939,0.0027859237536656885,0.001820414926967743,0.002134496638246378,0.003437350869084999,0.0026894865525672372,0.0023895580070272576,0.0018343942015955047,0.00354457890353897,0.0018859649122807017,0.0021767396047250903,0.0011070286485097987,0.0026649011760516046,0.0013290802764486973,0.0018296818339698813,0.0006743370409471829,0.001983823511950212,0.0011378848728246316,0.0013632742046673948,0.0006500434639699505,0.0016257262816793128,0.0012573099415204678,0.0011210695621450767,0.000856140350877193,0.0016584795321637426
0.036000000000000004,0.10800000000000001,0.00302,0.0016987622268723414,0.0016987622268723414,0.002412105744222816,0.003627894255777184,0.00302,0.002066115702479339,0.0021014364781636687,0.0013141263164730957,0.002818105088485582,0.0021754385964912275,0.0027356319163447077,0.001196505287544014,0.003154371905438441,0.002869757174392936,0.0026660788075261507,0.0019157131257868188,0.003823801222999053,0.00423728813559322,0.0049764425382602,0.002456491043828747,0.006018085227357694,0.003760356915232632,0.004155341826078993,0.0022733869397376922,0.005247326890727572,0.0037168141592920354,0.0038985185223442396,0.0023217472227394656,0.005111881095844605,0.004676454594888526,0.003728198784491783,0.0033423357937772584,0.006010573395999793,0.0039658634538152614,0.004175926944276258,0.0024715271883777607,0.005460199719252762,0.004844655081621905,0.003845856877144505,0.0034684328727836045,0.006220877290460206,0.004103428892636312,0.003775536938993629,0.002752370350491512,0.005454487434781112,0.0031280547409579668,0.002517184271737757,0.0022272919176996846,0.004028817564216249,0.003341483292583538,0.002665491703293727,0.0023876493365288013,0.004295317248638274,0.0025438596491228066,0.0018586672292804686,0.0018787441231194143,0.003208975175126199,0.0017012227538543323,0.001563421109580737,0.0011417596949042101,0.0022606858128044545,0.0013386880856760372,0.0015222852280700869,0.0007939453128737269,0.0018834308584783476,0.0011111111111111113,0.0008284501539489901,0.0008146540308812715,0.001407568191340951
0.04,0.12000000000000001,0.004390000000000001,0.0030709259526886267,0.0030709259526886267,0.00329108326107914,0.005488916738920862,0.004390000000000001,0.003581267217630853,0.0033418052803368876,0.0023854175562083328,0.004777116879053373,0.0020350877192982456,0.0023769089018427776,0.001184521792484486,0.0028856536461120052,0.0043414275202354686,0.003093949373545008,0.003234271955971344,0.005448583084499593,0.008474576271186442,0.009343262582552992,0.005131132695443054,0.011818019846929831,0.007393244104525175,0.006503153405472384,0.005066120545330582,0.009720367663719767,0.006017699115044248,0.006433766624226607,0.0037154052966332342,0.008319992933455263,0.005818379554105493,0.005613317310193799,0.0038096797521302793,0.007827079356080706,0.005220883534136547,0.004887815841220115,0.003471801098600547,0.006969965969672546,0.006687730384412848,0.0060360888195496705,0.00452774374077242,0.008847717028053276,0.006408094435075885,0.00683776909591885,0.003961230188869531,0.008854958681282239,0.0052297165200391,0.005509001171373135,0.00325834576892858,0.00720108727114962,0.003708231458842706,0.0031859874814024114,0.002568140480667167,0.004848322437018245,0.002543859649122807,0.002012869726992257,0.0018235634679914297,0.0032641558302541843,0.002498670919723552,0.0022819430025813373,0.001682088103519705,0.0033152537359273987,0.003145917001338688,0.004175059774176436,0.0016518910487361004,0.004639942953941276,0.0010818713450292396,0.000852132444021559,0.0007769396661351305,0.0013868030239233488
0.044,0.132,0.00888666666666667,0.013097136652938577,0.013097136652938577,0.004199916506752452,0.013573416826580887,0.008886666666666666,0.005647382920110192,0.010435959141987895,0.0019129229023477604,0.009381842937872625,0.004982456140350878,0.00717630456985132,0.002414448530626694,0.007550463750075062,0.007726269315673289,0.011192487626421402,0.0037210890565821638,0.011731449574764415,0.013559322033898305,0.022182879869132265,0.005621280419994325,0.021497363647802283,0.014977692797960483,0.021515948902380302,0.007278309365451839,0.022677076230469127,0.011622418879056047,0.019514377414778534,0.004639288604636928,0.018605549153475166,0.013648722131593256,0.020932721655417624,0.006158043889035833,0.02113940037415068,0.014558232931726907,0.024297861141769742,0.0058633549893629,0.02325311087409091,0.014428646656134806,0.023190962253191703,0.006129867394003173,0.022727425918266438,0.013097245643620014,0.020181174807393492,0.005875504986696612,0.020318986300543414,0.010654936461388074,0.01606193737933601,0.004907245987054881,0.016402626935721268,0.008801955990220049,0.013473849473534723,0.003980400878738453,0.013623511101701645,0.0043859649122807015,0.006622661785325218,0.002016075828587997,0.006755853995973406,0.0042530568846358315,0.006613610736082566,0.0018864066773181302,0.006619707091953532,0.004484605087014725,0.006642817383735817,0.002107503415061147,0.0068617067589683035,0.001608187134502924,0.0013837717900092895,0.0011130107589356962,0.002103363510070152
0.048,0.14400000000000002,0.01582,0.0248054971660552,0.0248054971660552,0.0069434668393204505,0.024696533160679553,0.01582,0.01143250688705234,0.020857808325662166,0.003968636035263977,0.018896377738840703,0.009333333333333334,0.012591385943102528,0.0048275637406234,0.013839102926043269,0.011479028697571746,0.01658443220077596,0.005544365852648786,0.017413691542494704,0.02824858757062147,0.04425724313363143,0.012411336511064838,0.0440858386301781,0.02874442319949012,0.04649628881495153,0.012105939932997044,0.0453829064659832,0.02330383480825959,0.03846378950960597,0.009539744502718975,0.03706792511380021,0.021479064709081022,0.03782143885204504,0.007944836634257012,0.03501329278390503,0.02259036144578313,0.03456056863001407,0.010223020793725236,0.03495770209784102,0.02359136387572407,0.03757939787256548,0.010143749053043773,0.03703897869840437,0.024114671163575043,0.045422629483801456,0.007860391954449875,0.04036895037270021,0.020185728250244377,0.033550628982218694,0.0081797898597065,0.032191666640782254,0.01662591687041565,0.025770745474100347,0.007403974038754885,0.025847859702076415,0.00824561403508772,0.011994548809084286,0.003953419867864022,0.012537808202311417,0.006432748538011696,0.009728311632926834,0.0029515169291863194,0.009913980146837073,0.007429718875502008,0.009839428085064366,0.003908724754944127,0.010950712996059889,0.00239766081871345,0.002426287043100073,0.0015294251509810162,0.0032658964864458843
0.052000000000000005,0.15600000000000003,0.04437333333333334,0.05413044865197746,0.05413044865197746,0.025003001053952072,0.0637436656127146,0.044373333333333334,0.030371900826446283,0.03762353872413567,0.016908490402892495,0.04383531125000007,0.026456140350877188,0.03312919950208762,0.01460100856301408,0.0383112721387403,0.039367181751287714,0.05061213330092341,0.021255862450936597,0.05747850105163883,0.0735169491525424,0.0913572896381478,0.04082516291200933,0.10620873539307546,0.07558954748247292,0.0945957874052361,0.04173887969935647,0.10944021526558936,0.06206489675516225,0.07589361249874928,0.034906716311563196,0.0892230771987613,0.06438281674823274,0.07851377744931297,0.03628702231873236,0.09247861117773311,0.06646586345381526,0.08264816526021734,0.036890597346850504,0.09604112956078002,0.07477619799894682,0.09568164754741362,0.04053696015430832,0.1090154358435853,0.06891512085441259,0.08507507512919434,0.0384713962043377,0.09935884550448748,0.06050830889540568,0.07586708942660458,0.033359619611279846,0.08765699817953151,0.04502852485737571,0.05395530171263265,0.02572086810530511,0.06433618160944632,0.020263157894736837,0.02450094104991981,0.011495608740548518,0.02903070704892516,0.0152046783625731,0.019036433532782317,0.008392578109809378,0.02201677861533682,0.01854082998661312,0.022333641599937542,0.0105488389802057,0.02653282099302054,0.004619883040935673,0.004787618185910889,0.0029066558758673745,0.006333110206003972
0.056,0.168,0.06523333333333334,0.07746946599092794,0.07746946599092794,0.03751124095980779,0.09295542570685889,0.06523333333333332,0.04573002754820935,0.0537648415007276,0.026490526107658924,0.06496952898875978,0.04133333333333333,0.04975664022429605,0.023528148298809642,0.059138518367857024,0.05180279617365711,0.06238850479832919,0.02947735645437517,0.07412823589293904,0.10529661016949152,0.12731592669086975,0.05973719091702608,0.15085602942195694,0.1089866156787763,0.12942047032835216,0.06267409515762218,0.1552991361999304,0.09097345132743362,0.10927443493777093,0.051870096984389075,0.13007680567047816,0.09815116911364873,0.12073608740373445,0.0549463151107008,0.14135602311659665,0.09613453815261043,0.11508278108280469,0.05495269383534956,0.1373163824698713,0.109478672985782,0.13266908946525688,0.0620036490363711,0.1569536969351929,0.10016863406408096,0.12001902935408235,0.05722037598877198,0.14311689213938994,0.08533724340175951,0.10215304550512609,0.04878224553896678,0.12189224126455223,0.07180114099429503,0.08579766248129772,0.04109884178111037,0.1025034402074797,0.02802631578947368,0.0326390242369868,0.016346590967497413,0.039706040611449944,0.02498670919723552,0.02991215745682322,0.014282781120506538,0.0356906372739645,0.03058902275769746,0.037298224847918185,0.017242024409682533,0.04393602110571239,0.0062865497076023385,0.006367684113446948,0.004007903211974249,0.008565196203230428
0.06,0.18,0.17005,0.10076302944755224,0.10076302944755224,0.1339924129952253,0.20610758700477472,0.17005,0.1190771349862259,0.07114634159925337,0.09361774361667813,0.14453652635577366,0.10870175438596495,0.06616549288577199,0.08502473683773482,0.1323787719341951,0.1434878587196468,0.08908458810607034,0.1116093482775694,0.1753663691617242,0.2675847457627119,0.1606494679967016,0.21009707194702004,0.32507241957840377,0.2765455704270236,0.16554575973437288,0.2173057811152039,0.33578535973884327,0.24224188790560466,0.14325823656374845,0.19097758633221207,0.29350618947899726,0.2592713431212615,0.1524505016812604,0.20471763172104185,0.31382505452148113,0.2600401606425703,0.15520054390046092,0.20450235927275282,0.31557796201238775,0.2797788309636651,0.168709601091601,0.21940687556242733,0.3401507863649029,0.24980326025857222,0.14800344382052552,0.19684090807619128,0.3027656124409531,0.22370478983382208,0.13553265231322506,0.17520505307952278,0.2722045265881214,0.1840668296658517,0.1105234090468175,0.1445165356778742,0.2236171236538292,0.07473684210526317,0.04662068633457686,0.05805384375807372,0.09141984045245262,0.07006911217437532,0.04129122425714417,0.055293237338648986,0.08484498701010167,0.0785809906291834,0.049191440584399025,0.060978059688273106,0.0961839215700937,0.01631578947368421,0.01017669016230189,0.012674107668763555,0.019957471278604866
0.064,0.192,0.24495999999999996,0.09745673699753597,0.09745673699753597,0.21008555455352612,0.2798344454464738,0.24495999999999996,0.18044077134986225,0.07626281260890538,0.15315047434360016,0.20773106835612434,0.16350877192982458,0.06790020002687491,0.13921099740345416,0.187806546456195,0.2126563649742458,0.08984029063844119,0.18050742985398943,0.2448053000945022,0.3802966101694915,0.15568368207642175,0.32458592002379516,0.43600730031518786,0.38636073932441034,0.15371341062172564,0.3313551017638758,0.4413663768849449,0.3484955752212389,0.14067473885270565,0.29815576643059905,0.3988353840118788,0.37460576400217505,0.15066952642101794,0.32068936641389245,0.42852216159045764,0.3558734939759036,0.14341607505537793,0.3045527106236698,0.40719427732813746,0.3989994734070563,0.15900125217717576,0.342101606047572,0.45589734076654065,0.3609331084879146,0.14255760781480215,0.30991952369240855,0.41194669328342065,0.3236559139784946,0.13013981343212686,0.2770859798335853,0.37022584812340387,0.26536267318663403,0.10575366868564859,0.22751920886630317,0.3032061375069649,0.1168859649122807,0.047563476363260054,0.09986559348616678,0.13390633633839463,0.1047846889952153,0.04306148803441297,0.0893753334025066,0.120194044587924,0.11773761713520751,0.050192447257303416,0.0997764805567881,0.13569875371362694,0.023070175438596484,0.009255142134866145,0.019758265360077115,0.026382085517115853
0.068,0.20400000000000001,0.2814233333333333,0.11315090528942352,0.11315090528942352,0.24093280189029,0.32191386477637657,0.2814233333333333,0.21480716253443527,0.08882803451441267,0.18302045861607297,0.24659386645279757,0.19228070175438597,0.08028097250556131,0.1635525246956173,0.22100887881315465,0.24105960264900667,0.09898510563431161,0.20563823750988314,0.2764809677881302,0.44498587570621484,0.17915494083267616,0.3808761034829422,0.5090956479294875,0.44066284257488847,0.17910959779123906,0.37656929615060825,0.5047563889991686,0.3909144542772861,0.15782577689077573,0.3344372253468339,0.4473916832077383,0.4103860793909732,0.16754929031264382,0.35042933586947156,0.47034282291247487,0.4108935742971887,0.16608563071214694,0.3514605946370918,0.4703265539572856,0.4399684044233807,0.17766028124933175,0.3763934892629063,0.5035433195838551,0.42057335581787514,0.17064659417235342,0.3595082563446518,0.4816384552910985,0.3766373411534702,0.1527262058375894,0.32198497028797923,0.43128971201896116,0.3096984515077424,0.12615436495729326,0.26455469178337454,0.35484221123211024,0.14499999999999996,0.060470462669621416,0.12336092284160849,0.16663907715839144,0.12009569377990431,0.050311681469787935,0.10209188978651954,0.1380994977732891,0.13714859437751004,0.057278760694310586,0.11665165310267678,0.1576455356523433,0.028128654970760232,0.01225460309782498,0.02374340157145863,0.032513908370061836
0.07200000000000001,0.21600000000000003,0.3524266666666666,0.06881863186633415,0.06881863186633415,0.32780023552744103,0.3770530978058922,0.35242666666666655,0.2661845730027548,0.05481778301595339,0.24656828128005076,0.2858008647254588,0.24975438596491228,0.05390824278744835,0.2304635690329472,0.2690452028968774,0.31559970566593093,0.06726614132505811,0.29152882613202197,0.3396705851998399,0.5353813559322035,0.11020482001103096,0.4959450675665224,0.5748176442978845,0.5472275334608032,0.1094378405475055,0.5080657051712887,0.5863893617503178,0.48578171091445427,0.09818401087105917,0.4506470138547187,0.5209164079741898,0.5185970636215333,0.10332789008919188,0.4816216530236403,0.5555724742194263,0.5112951807228916,0.10115462921249413,0.4750974615419323,0.547492899903851,0.5493417588204319,0.1071441533765149,0.511000715943813,0.5876828016970508,0.5123664980326026,0.1011747040817837,0.47616159515192735,0.5485714009132778,0.4657380254154448,0.09432820453032274,0.43198311093436853,0.49949293989652105,0.3906682966585166,0.07772460028947101,0.36285490564879425,0.41848168766823896,0.1843421052631579,0.03940609761421946,0.17024081433300634,0.19844339619330945,0.15688463583200424,0.03610413880951761,0.14396493568509416,0.1698043359789143,0.18935742971887548,0.0410615947459412,0.17466372674841024,0.20405113268934072,0.0364327485380117,0.008846426955138697,0.03326709530819958,0.03959840176782382
0.076,0.228,0.36633666666666664,0.12427230801843944,0.12427230801843944,0.32186639236837944,0.41080694096495385,0.36633666666666664,0.28002754820936643,0.09736816942135397,0.2451847962629937,0.31487030015573914,0.26203508771929823,0.0912949822090274,0.2293655979059257,0.29470457753267076,0.3211920529801324,0.11375469001143115,0.2804854599491704,0.36189864601109445,0.5528954802259886,0.18977763557128519,0.48498442550989523,0.6208065349420818,0.5565328234544296,0.19070808704184175,0.4882888109557323,0.6247768359531268,0.5144542772861358,0.1756293864822328,0.45160610848455607,0.5773024460877155,0.5356715606307777,0.18347057332825992,0.47001745915258586,0.6013256621089695,0.5263052208835342,0.1791357801381203,0.4622023052267504,0.590408136540318,0.5657187993680884,0.1930240832689737,0.4966460182632825,0.6347915804728944,0.5289488476672288,0.1805280058288287,0.46434773044536476,0.593549964889093,0.4793255131964809,0.1636296718385863,0.42077138713228207,0.5378796392606798,0.4056642216788916,0.13913377015491504,0.35587584145482876,0.45545260190295445,0.19850877192982458,0.06843914089164128,0.17401813989184217,0.222999403967807,0.177565124933546,0.0627734346770316,0.155101939826217,0.200028310040875,0.1978580990629183,0.07093339538287119,0.17247490951825248,0.2232412886075841,0.04043859649122806,0.014704163202686466,0.035176779266000185,0.04570041371645593
0.08,0.24000000000000002,0.43741,0.014629359945458761,0.014629359945458761,0.432174950776593,0.442645049223407,0.43741,0.3384986225895317,0.020076387938694776,0.3313143794319965,0.34568286574706686,0.31550877192982457,0.03993588646643557,0.3012178984936916,0.3297996453659575,0.3958057395143487,0.03087869555479672,0.3847559402212402,0.40685553880745723,0.6575564971751413,0.03495257182038645,0.6450488799829626,0.67006411436732,0.6561504142766095,0.026096562306197446,0.6468118793889598,0.6654889491642592,0.6060176991150443,0.026006466076436245,0.5967114047491537,0.6153239934809349,0.6364328439369223,0.02609317160939255,0.6270955223945415,0.6457701654793032,0.6264558232931726,0.027655365626037095,0.6165594778014094,0.6363521687849358,0.6674038967877831,0.02719136100199904,0.6576735932182765,0.6771342003572898,0.6275435637998875,0.02715798694810025,0.6178252029821893,0.6372619246175857,0.5655913978494623,0.02736096700401835,0.5558004015516022,0.5753823941473225,0.488997555012225,0.02230957504670238,0.4810141761112886,0.49698093391316145,0.24267543859649118,0.021011993824583866,0.23515639317251374,0.2501944840204686,0.2139819245082403,0.022986981672860018,0.2057561387593339,0.2222077102571467,0.24698795180722896,0.02021145383672432,0.23975537593881477,0.2542205276756431,0.05011695906432748,0.007132800235831797,0.047564519280596566,0.0526693988480584
0.084,0.25200000000000006,0.44996,0.08528152809655065,0.08528152809655065,0.41944239710436565,0.4804776028956344,0.44995999999999997,0.3670110192837466,0.07221827989099984,0.34116803972287196,0.3928539988446212,0.33122807017543854,0.06919778761589036,0.30646595989374437,0.3559901804571327,0.4233995584988962,0.08349649322288756,0.3935207221292044,0.453278394868588,0.6613700564971752,0.12557518475474422,0.6164335537465144,0.7063065592478359,0.6674314850223073,0.12837685182222275,0.6214924185873479,0.7133705514572667,0.615457227138643,0.11689821679848622,0.5736257374938384,0.6572887167834477,0.6392060902664493,0.12328574617208188,0.5950888525908764,0.6833233279420221,0.6361947791164658,0.1211691576774344,0.5928349529063628,0.6795546053265689,0.6796735123749342,0.13069116253489907,0.6329062804874679,0.7264407442624006,0.6408656548622822,0.12227000923661258,0.5971118939809805,0.6846194157435839,0.5861681329423265,0.11206962000932859,0.546064534467434,0.626271731417219,0.5002037489812552,0.09649885651263268,0.46567207666411203,0.5347354212983984,0.2580701754385965,0.05075574297833595,0.2399074660751794,0.27623288480201363,0.22876129718234983,0.04969339044684862,0.2109787457900047,0.24654384857469497,0.2588353413654618,0.05336607477119612,0.23973853676643675,0.2779321459644869,0.05432748538011697,0.012226423420031853,0.04995231594900651,0.058702654811227425
0.088,0.264,0.48865333333333333,0.01262623796138308,0.01262623796138308,0.4841350921060533,0.49317157456061333,0.4886533333333333,0.39786501377410466,0.02141461267799458,0.39020189304377517,0.40552813450443415,0.36224561403508776,0.023605205325741285,0.3537985997932074,0.37069262827696814,0.4632818248712288,0.029059691360189446,0.4528829478694478,0.4736807018730098,0.7183615819209039,0.02607255401291194,0.7090316382906701,0.7276915255511378,0.7158062460165711,0.023409517755199307,0.7074292576724753,0.7241832343606668,0.6710914454277286,0.024321529451119508,0.6623880978896377,0.6797947929658195,0.6947253942359978,0.03004874276703029,0.683972589733725,0.7054781987382706,0.6845883534136546,0.024140757252607715,0.675949694376015,0.6932270124512943,0.7346498156924697,0.027304272694350012,0.7248791071927707,0.7444205241921686,0.694547498594716,0.022229955644418438,0.6865926111309749,0.702502386058457,0.6363636363636365,0.025804957715151067,0.627129450838747,0.6455978218885259,0.5463732681336594,0.0241122744804971,0.5377448015251194,0.5550017347421994,0.2810964912280702,0.01882967623469697,0.2743583781242187,0.28783460433192165,0.25071770334928234,0.01758830046969461,0.24442381085786777,0.2570115958406969,0.2825301204819277,0.022249228457497706,0.27456833633059957,0.29049190463325586,0.061081871345029244,0.008233581125434021,0.05813552217888257,0.06402822051117592
0.092,0.276,0.49713,0.09434048076167954,0.09434048076167954,0.46337069252595137,0.5308893074740486,0.49713,0.4168732782369145,0.08251928963362373,0.3873441296806444,0.4464024267931846,0.38140350877192986,0.07678730777833999,0.3539255235797412,0.4088814939641185,0.47593818984547465,0.09837753680004974,0.44073424042144915,0.5111421392695001,0.7186440677966103,0.13848957667126394,0.6690862092501112,0.7682019263431094,0.7199490121096239,0.13678697504275475,0.6710004217311328,0.768897602488115,0.6729793510324484,0.12936244431227445,0.6266875948544739,0.719271107210423,0.70489396411093,0.13403381324213703,0.6569305800299099,0.75285734819195,0.6917670682730925,0.13246715781008495,0.6443643046384548,0.7391698319077302,0.7399684044233809,0.139717433954999,0.6899711627908386,0.7899656460559231,0.6964586846543,0.13269763997417602,0.6489734440364838,0.7439439252721163,0.6465298142717498,0.12378553992045814,0.6022337277002543,0.6908259008432454,0.5533822330888345,0.10582401198454397,0.515513596742275,0.591250869435394,0.2912719298245614,0.06041720945449154,0.269651909084465,0.3128919505646578,0.263317384370016,0.05488781829635612,0.24367603084408546,0.28295873789594655,0.30287817938420347,0.06393833545315462,0.2799981398877471,0.32575821888065987,0.064093567251462,0.013744599198930596,0.05917512559504914,0.06901200890787486
0.096,0.28800000000000003,0.5359999999999999,0.012743355266501666,0.012743355266501666,0.5314398488833266,0.5405601511166732,0.5359999999999999,0.4517906336088155,0.02636630588254049,0.4423555722220491,0.4612256949955819,0.42,0.024748230764479254,0.41114395935794157,0.4288560406420584,0.5149374540103017,0.02321002065755708,0.5066318547857558,0.5232430532348475,0.7582627118644069,0.02946914436900411,0.7477173139851706,0.7688081097436431,0.7622052262587634,0.02310597559851165,0.7539368590804305,0.7704735934370963,0.7201179941002951,0.021923330551098415,0.7122728310170223,0.7279631571835679,0.7553017944535074,0.02091305817397506,0.7478181526974155,0.7627854362095994,0.7485441767068272,0.019614166674713444,0.7415253373043481,0.7555630161093062,0.7826750921537653,0.019743131167255,0.7756101034003205,0.78974008090721,0.7491287240022484,0.019107955046891736,0.7422910301043566,0.7559664179001402,0.6944281524926684,0.024660863335176947,0.6856033758836658,0.703252929101671,0.6065199674001629,0.020324136525110094,0.5992470685495728,0.613792866250753,0.3264473684210526,0.023383220530713962,0.31807979041788315,0.33481494642422205,0.2904837852206273,0.024792137992166542,0.2816120325789282,0.2993555378623264,0.3299866131191432,0.03144762748134786,0.3187332241507948,0.34124000208749156,0.07119883040935672,0.008579508804693704,0.0681286926129887,0.07426896820572473
0.1,0.30000000000000004,0.5571933333333334,0.010798784520789216,0.010798784520789216,0.5533290379212265,0.5610576287454404,0.5571933333333334,0.47651515151515156,0.02606957847026939,0.4671862726691774,0.4858440303611257,0.45059649122807033,0.03441353512800404,0.43828176583897555,0.4629112166171651,0.5370125091979396,0.025055235143612728,0.5280466084497277,0.5459784099461515,0.7899717514124295,0.026635204837006515,0.7804404657706033,0.7995030370542556,0.7892925430210326,0.018232150922170162,0.782768251604184,0.7958168344378812,0.7448377581120943,0.028050621644453266,0.734799972070644,0.7548755441535446,0.7768352365415987,0.020502706364773582,0.7694984372945498,0.7841720357886476,0.7679216867469877,0.02237765110326473,0.7599139471420719,0.7759294263519034,0.8025803054239073,0.016813679881276425,0.7965636073500854,0.8085970034977293,0.7646430578976954,0.025649982375532027,0.7554643295858586,0.7738217862095321,0.7192082111436949,0.022586980842146956,0.71112556385375,0.7272908584336398,0.6292583537082316,0.018279517797565762,0.6227171122727095,0.6357995951437536,0.35004385964912277,0.021477905546316137,0.34235808985674343,0.3577296294415021,0.3127060074428495,0.026890503851407836,0.3030833642220137,0.32232865066368527,0.3514725568942436,0.028311967986375412,0.34134124926542236,0.36160386452306487,0.07681286549707604,0.008419046359784748,0.07380014844917128,0.0798255825449808
0.10400000000000001,0.31200000000000006,0.5565999999999999,0.10518807458301896,0.10518807458301896,0.5189589309299584,0.5942410690700414,0.5565999999999999,0.48629476584022036,0.09450466669996284,0.45247670518271677,0.520112826497724,0.443719298245614,0.08729502233960099,0.412481175688647,0.474957420802581,0.5416482707873436,0.10586266364151596,0.5037658031229706,0.5795307384517165,0.7795197740112993,0.14885089232238083,0.7262541662772022,0.8327853817453965,0.7894837476099428,0.1495973199088581,0.7359510341944292,0.8430164610254564,0.7369911504424779,0.14071178381245553,0.6866380852832414,0.7873442156017143,0.7712343665035347,0.1465115151519276,0.7188058941386606,0.8236628388684089,0.7586847389558234,0.14418270213284642,0.707089621627154,0.8102798562844928,0.7946814112690889,0.15058274567689076,0.7407960677712684,0.8485667547669093,0.7627880831928048,0.14448765364069857,0.7110838403685354,0.8144923260170741,0.7163734115347019,0.135626157486609,0.6678402143838348,0.764906608685569,0.6320293398533007,0.12082468018243553,0.588792783331646,0.6752658963749554,0.35342105263157897,0.06987974605821332,0.32841490665541906,0.3784271986077389,0.3232323232323233,0.06476378039050573,0.3000569020585854,0.34640774440606126,0.35589022757697464,0.0720477190593118,0.3301082824258624,0.3816721727280869,0.0800877192982456,0.016933029295869623,0.0740283125849131,0.08614712601157809
0.108,0.324,0.5912333333333333,0.00846079532143783,0.00846079532143783,0.5882056766113694,0.5942609900552972,0.5912333333333332,0.5120523415977961,0.01727003519245415,0.5058723388731702,0.518232344322422,0.4857543859649123,0.022382213462459357,0.47774501374072625,0.4937637581890984,0.5741721854304636,0.0244951148917993,0.565406721140183,0.5829376497207441,0.8191384180790958,0.01933368207519555,0.8122199488015135,0.8260568873566781,0.8243467176545572,0.015261162538836097,0.8188855807767254,0.8298078545323891,0.7834218289085546,0.019529870434457055,0.7764331545282458,0.7904105032888634,0.8094072865687871,0.01819128692439982,0.8028976181457393,0.8159169549918349,0.7997991967871485,0.017928616929152673,0.7933835236147307,0.8062148699595663,0.8411269088994209,0.014636651285354888,0.8358892505035413,0.8463645672953004,0.8032602585722317,0.014304505430370934,0.7981414570440944,0.808379060100369,0.7588954056695993,0.022306021151429885,0.7509132985137533,0.7668775128254454,0.6749388753056234,0.019244758052071063,0.6680522270810423,0.6818255235302044,0.3899122807017544,0.01763737929530366,0.3836008255781503,0.39622373582535847,0.3478468899521531,0.026338195145094133,0.3384218878635916,0.35727189204071463,0.3950468540829986,0.026334742493412805,0.3856230875099737,0.4044706206560235,0.0845906432748538,0.008994995988957939,0.08137182529907758,0.08780946125063002
0.112,0.336,0.6029833333333333,0.009848965754676064,0.009848965754676064,0.5994589262015377,0.6065077404651289,0.6029833333333333,0.5165289256198347,0.026066849198698044,0.5072010234311493,0.52585682780852,0.49403508771929816,0.024509841305487872,0.4852643536495583,0.5028058217890381,0.5935246504782931,0.033128986996641574,0.5816695947345272,0.6053797062220589,0.8350988700564971,0.019474074002601267,0.8281301621729007,0.8420675779400935,0.8346080305927343,0.019452189244145126,0.8276471540693742,0.8415689071160943,0.800117994100295,0.021080342324780513,0.7925744904796358,0.8076614977209543,0.8197933659597608,0.015901500505184005,0.814103087083513,0.8254836448360087,0.817620481927711,0.018198862600914485,0.8111081025836384,0.8241328612717835,0.8516061084781463,0.015616618372568078,0.8460177733638043,0.8571944435924883,0.8176503653738056,0.017921852543902234,0.8112371128055622,0.8240636179420491,0.7730694037145648,0.020224721490589712,0.7658320800771898,0.7803067273519397,0.6861043194784027,0.022545521553797174,0.6780365082042566,0.6941721307525487,0.39899122807017545,0.021082905108821087,0.3914468073690252,0.4065356487713257,0.36656034024455075,0.02252832639978588,0.35849868217724284,0.37462199831185866,0.40555555555555556,0.030482901712350415,0.39464738926999166,0.41646372184111946,0.08833333333333333,0.00681089411322322,0.08589608617617356,0.09077058049049311
0.116,0.34800000000000003,0.5990533333333334,0.11279342036732869,0.11279342036732869,0.5586907262267458,0.6394159404399211,0.5990533333333333,0.5319559228650137,0.10222105532979743,0.4953765879990194,0.568535257731008,0.4950175438596492,0.09534346349289578,0.46089932362470604,0.5291357640945924,0.5916850625459896,0.11474707048213534,0.5506233507243318,0.6327467743676475,0.8215395480225989,0.15557123028588316,0.7658690982333449,0.8772099978118528,0.8243467176545571,0.15626887761287167,0.7684266179755623,0.8802668173335519,0.7807079646017698,0.14765798075041187,0.7278692347913626,0.8335466944121771,0.8116367591082109,0.15352227810728766,0.7566995174395681,0.8665740007768536,0.8053714859437751,0.1526986861896,0.7507289628578433,0.8600140090297068,0.8407582938388625,0.1587535568471785,0.7839490631148686,0.8975675245628564,0.8084879145587408,0.15347500661676988,0.7535675887757313,0.8634082403417503,0.7641739980449657,0.1445592228405847,0.7124441445114322,0.8159038515784991,0.6850855745721273,0.1305900212769846,0.6383545356189844,0.7318166135252702,0.4032456140350877,0.07785982115064201,0.37538383486163834,0.431107393208537,0.3653907496012759,0.07108615698381184,0.3399528950197696,0.39082860418278215,0.4107764390896921,0.07762165068629798,0.3829998881223332,0.43855299005705095,0.09146198830409355,0.01925548434832895,0.08457150172369217,0.09835247488449493
0.12,0.36,0.6290033333333332,0.00784261054942071,0.00784261054942071,0.6261968911910047,0.6318097754756618,0.6290033333333332,0.5597107438016529,0.02793856965770047,0.5497130550486976,0.5697084325546081,0.5331929824561403,0.024544735507585454,0.5244097616565453,0.5419762032557354,0.6264900662251656,0.026390923553763084,0.6170461955178892,0.6359339369324419,0.8494350282485876,0.017084980779448505,0.8433212463951895,0.8555488101019858,0.8579987253027408,0.016409161189854006,0.8521267823835722,0.8638706682219094,0.8249557522123895,0.018194768632525317,0.8184448378760901,0.8314666665486888,0.8500815660685155,0.014035445581395,0.8450590463707989,0.8551040857662321,0.8359939759036144,0.019186297776133843,0.8291282474201078,0.8428597043871209,0.8760400210637178,0.016598612381688367,0.8701002839062241,0.8819797582212116,0.8408656548622824,0.016092657472551692,0.8351069713437742,0.8466243383807905,0.8021016617790812,0.016257148137935985,0.7962841160319254,0.8079192075262369,0.7184596577017114,0.017336747535758985,0.712255782271628,0.7246635331317948,0.4289035087719298,0.02216730160294598,0.42097104176898653,0.43683597577487304,0.39032429558745346,0.026766265410420653,0.38074611052175444,0.3999024806531525,0.4400937081659973,0.028787295141813125,0.42979230689909376,0.45039510943290084,0.09853801169590644,0.008586464433254525,0.09546538485982435,0.10161063853198853
0.124,0.372,0.6422366666666667,0.006795408355105947,0.006795408355105947,0.6398049610168803,0.644668372316453,0.6422366666666666,0.5876033057851238,0.02555701580638855,0.5784578451328027,0.5967487664374448,0.5512982456140351,0.02335656953820191,0.5429402045460544,0.5596562866820157,0.6409124356144223,0.02700106794177662,0.6312502275419745,0.6505746436868702,0.8649011299435028,0.015019083036928487,0.8595266201028884,0.8702756397841171,0.8671765455704271,0.018637896385617202,0.8605070600041941,0.8738460311366602,0.8361061946902653,0.01705004542129882,0.8300049142942263,0.8422074750863042,0.8651984774333878,0.012690389811189185,0.8606572797614814,0.8697396751052943,0.8542168674698797,0.014068954806980167,0.8491823566497879,0.8592513782899714,0.8864665613480778,0.010950793340999132,0.8825478702782553,0.8903852524179002,0.8494097807757165,0.015475540010235975,0.8438719299049723,0.8549476316464607,0.8145650048875855,0.013628904267834812,0.8096879641305588,0.8194420456446123,0.734718826405868,0.014016001760117669,0.7297032645902364,0.7397343882214997,0.4460964912280702,0.02119530639433964,0.43851184824346684,0.4536811342126736,0.40164805954279637,0.022139516665831926,0.3937255352519064,0.40957058383368633,0.45020080321285144,0.028272242562545586,0.44008371114437905,0.46031789528132383,0.1031578947368421,0.007701128040159086,0.10040208146023272,0.10591370801345149
0.128,0.384,0.6526500000000002,0.005604170245266548,0.005604170245266548,0.6506445734331714,0.654655426566829,0.6526500000000002,0.583953168044077,0.02435904416520786,0.5752363960379584,0.5926699400501957,0.5671578947368421,0.030496136280126488,0.5562449925220224,0.5780707969516617,0.6634289919058131,0.021004195574021275,0.6559127370499606,0.6709452467616656,0.8748587570621468,0.017794986613390046,0.8684909028840914,0.8812266112402022,0.8818992989165072,0.017800296551336147,0.8755295446015611,0.8882690532314533,0.8430678466076694,0.018021676710276727,0.8366188724202571,0.8495168207950817,0.8702555736813484,0.0150719369227191,0.8648621503206079,0.875648997042089,0.8624497991967872,0.014217891400296034,0.8573619921012546,0.8675376062923198,0.8964191679831489,0.013319101101471912,0.8916529888654231,0.9011853471008747,0.8636312535132097,0.01425231072894035,0.8585311296191048,0.8687313774073145,0.822629521016618,0.015029705745276331,0.8172512098886409,0.8280078321445952,0.7418907905460473,0.01238714300701128,0.7374581083493654,0.7463234727427293,0.46267543859649124,0.01972771517142001,0.4556159663863078,0.4697349108066747,0.416374269005848,0.02332731145641244,0.4080266978079725,0.4247218402037235,0.4717536813922356,0.026592192346816618,0.46223778757234874,0.4812695752121225,0.10719298245614035,0.011036727916060687,0.10324354009356705,0.11114242481871366
0.132,0.396,0.6635533333333332,0.008441266996473162,0.008441266996473162,0.6605326647327103,0.6665740019339561,0.6635533333333332,0.6050275482093664,0.026129362536099265,0.5956772759101885,0.6143778205085444,0.5734035087719299,0.023917477339619422,0.5648447494250115,0.5819622681188483,0.6702722590139809,0.02007774369128783,0.663087530706611,0.6774569873213508,0.8916666666666665,0.014323310532316329,0.8865411358192219,0.8967921975141111,0.8887826641172721,0.013094694655461725,0.8840967878149322,0.8934685404196121,0.856519174041298,0.017508484122166164,0.8502538434630295,0.8627845046195665,0.8814029363784667,0.017814427041579574,0.8750281255325273,0.887777747224406,0.8763052208835341,0.019044664318386872,0.8694901752819686,0.8831202664850997,0.9020010531858872,0.014145088089559634,0.8969392984205149,0.9070628079512595,0.8751545812254076,0.01733641064572587,0.8689508263498742,0.8813583361009409,0.8347018572825025,0.016195238837352677,0.8289064654940399,0.840497249070965,0.7611246943765283,0.01392599860737116,0.7561413397754737,0.7661080489775829,0.4744736842105263,0.024940467851870155,0.4655488524102212,0.48339851601083145,0.4281233386496544,0.022651026239377238,0.4200177730086482,0.43622890429066064,0.48266398929049537,0.025761186335978608,0.4734454671524799,0.4918825114285108,0.10850877192982455,0.010846976158161258,0.1046272313617614,0.11239031249788771
0.136,0.40800000000000003,0.67388,0.008095694896799718,0.008095694896799718,0.6709829927870776,0.6767770072129224,0.67388,0.6133608815426999,0.021660998151477595,0.6056095929030137,0.621112170182386,0.5851228070175438,0.028271750522507497,0.5750058910233378,0.5952397230117499,0.6859455481972038,0.020022849537291165,0.678780463510561,0.6931106328838466,0.8947033898305085,0.014605986015574132,0.8894767048604896,0.8999300748005273,0.8979604843849587,0.019300813101876917,0.8910537771184204,0.904867191651497,0.8627138643067848,0.013879469781383156,0.8577471598322746,0.867680568781295,0.8861881457313756,0.012963676325648044,0.8815491537362302,0.890827137726521,0.8846385542168674,0.016949434363457066,0.8785732770254926,0.8907038314082423,0.9107951553449183,0.012690780689956454,0.9062538177988414,0.9153364928909952,0.8859471613265879,0.01283120207668882,0.8813555746326123,0.8905387480205635,0.8463343108504398,0.018177250787395648,0.8398296651945121,0.8528389565063674,0.7701711491442541,0.014173222818817091,0.7650993264953175,0.7752429717931907,0.4905263157894737,0.017856262685894016,0.4841365342504831,0.4969160973284643,0.4493354598617757,0.025754194305448962,0.4401194397897516,0.4585514799337998,0.5012717536813923,0.026453533177259653,0.49180547840808664,0.510738028954698,0.11403508771929824,0.009286195664252121,0.11071206527800277,0.1173581101605937
0.14,0.42000000000000004,0.68109,0.006177285979211705,0.006177285979211705,0.6788794866016832,0.6833005133983168,0.68109,0.6239669421487605,0.018685855314120557,0.6172802947003704,0.6306535895971506,0.6004912280701754,0.027614049692865204,0.5906096672952195,0.6103727888451314,0.7003679175864607,0.0202813415205736,0.6931103327315683,0.707625502441353,0.900635593220339,0.012270110119059735,0.8962447907047552,0.9050263957359229,0.9007010834926705,0.014500399804350202,0.8955121820630889,0.9058899849222521,0.8729793510324484,0.012382258150085338,0.8685484168593678,0.877410285205529,0.891299619358347,0.01546114352562973,0.8857669202034563,0.8968323185132377,0.8893574297188755,0.013192997148055025,0.8846363763213361,0.894078483116415,0.9164823591363878,0.012235038673146233,0.912104106776544,0.9208606114962316,0.890106801573918,0.015103121693626615,0.8847022188862259,0.89551138426161,0.8560117302052785,0.013610759966758033,0.8511411823030052,0.8608822781075519,0.7768133659331703,0.014244612106803405,0.7717159969556161,0.7819107349107245,0.49175438596491233,0.018789843943610166,0.4850305266633665,0.4984782452664582,0.46485911749069636,0.023023774643785824,0.45662016554623597,0.47309806943515675,0.5045515394912985,0.02445114227610599,0.49580181059945605,0.5133012683831409,0.11967836257309944,0.0091093114536349,0.11641863733365537,0.1229380878125435
0.14400000000000002,0.43200000000000005,0.69089,0.006186043802870664,0.006186043802870664,0.6886763526547358,0.6931036473452642,0.6908899999999999,0.649931129476584,0.02578114198719385,0.6407054663004926,0.6591567926526755,0.607719298245614,0.02630247697154643,0.5983070777413042,0.6171315187499238,0.7021339220014716,0.022771486280265946,0.6939852502884392,0.7102825937145041,0.9072740112994351,0.01292538545749882,0.9026487215154811,0.911899301083389,0.9110898661567879,0.013339506206138212,0.9063163851661343,0.9158633471474414,0.8843067846607668,0.013784193402114788,0.8793741744007101,0.8892393949208236,0.9003262642740619,0.014441475988955397,0.8951584484610194,0.9054940800871044,0.8959337349397593,0.011362319504548923,0.8918677811235873,0.8999996887559312,0.9210110584518169,0.009817621899934693,0.9174978675743916,0.9245242493292422,0.898201236649803,0.012513944753051785,0.8937231790310514,0.9026792942685546,0.8612414467253177,0.014507640094571476,0.856049954391155,0.8664329390594803,0.7902200488997553,0.015206715150084538,0.7847783957697608,0.7956617020297497,0.5169298245614035,0.016828109732453925,0.5109079628316539,0.5229516862911531,0.47671451355661887,0.024344495474670363,0.46800294773254675,0.485426079380691,0.5236947791164658,0.028885256906028934,0.5133583226824466,0.5340312355504849,0.11795321637426899,0.007722230831243853,0.11518985156085336,0.12071658118768462
0.148,0.444,0.6979933333333336,0.006044885745666405,0.006044885745666405,0.6958301987501109,0.7001564679165563,0.6979933333333334,0.6572314049586776,0.021460389523294536,0.6495519031946371,0.6649109067227181,0.628280701754386,0.02554401255081446,0.6191398942573122,0.6374215092514598,0.7153053715967624,0.023551760074300106,0.7068774824924885,0.7237332607010364,0.9106638418079097,0.01404339534388814,0.9056384773242202,0.9156892062915992,0.9114722753346081,0.014537013196671411,0.9062702719708509,0.9166742786983653,0.8896755162241887,0.014897837776178695,0.8843443934429192,0.8950066390054583,0.9093529091897771,0.009576414959107559,0.9059260331075968,0.9127797852719574,0.902660642570281,0.012320886594853168,0.8982516699261911,0.9070696152143709,0.9296471827277516,0.012554424244074748,0.9251546397091716,0.9341397257463316,0.9066329398538504,0.009747667940185513,0.9031447816794295,0.9101210980282713,0.8669599217986316,0.012671630048962278,0.8624254372214226,0.8714944063758405,0.7927057864710678,0.014244612106803405,0.7876084174935136,0.797803155448622,0.5169298245614036,0.017780318165783196,0.5105672194199116,0.5232924297028956,0.48367889420521004,0.021621789383102448,0.47594163624309277,0.4914161521673273,0.5380187416331995,0.02473383254774682,0.529167853326828,0.546869629939571,0.12587719298245614,0.008780244093634797,0.12273522298547243,0.12901916297943986
0.152,0.456,0.70656,0.006821042492878571,0.006821042492878571,0.7041191212918201,0.7090008787081798,0.70656,0.6656336088154269,0.024211146508729346,0.6569697613059765,0.6742974563248773,0.6351578947368421,0.028627468478295205,0.6249136867069529,0.6454021027667314,0.735393671817513,0.0209881891229648,0.7278831447966092,0.7429041988384169,0.9212570621468926,0.015509857135828153,0.9157069310504686,0.9268071932433166,0.9211599745060547,0.014349644976941928,0.9160250199986276,0.9262949290134818,0.8969911504424778,0.009005642138563382,0.8937685227909924,0.9002137780939632,0.9165851005981511,0.009054817547506868,0.9133448757525738,0.9198253254437284,0.9135040160642571,0.010943910090656482,0.9095877881339359,0.9174202439945783,0.9325961032122171,0.01032463046072244,0.9289014816514052,0.936290724773029,0.9061270376616075,0.014069498372491053,0.9010923323290957,0.9111617429941193,0.8792766373411536,0.01718318263073991,0.8731277144065832,0.8854255602757239,0.8052974735126325,0.01641383066648358,0.7994238596427118,0.8111710873825532,0.5249122807017544,0.019936777201245322,0.5177779966049976,0.5320465647985113,0.4961722488038278,0.021043755284555567,0.4886418376873677,0.503702659920288,0.5454484605087014,0.027025515131562282,0.5357775041217423,0.5551194168956606,0.1307309941520468,0.008970775088437898,0.12752084351420814,0.13394114478988547
0.156,0.468,0.7127200000000002,0.005807628752265236,0.005807628752265236,0.7106417667414892,0.7147982332585113,0.7127199999999999,0.6697658402203857,0.022892372509443166,0.6615739099258067,0.6779577705149646,0.6418947368421054,0.026510928040504773,0.6324079230807607,0.6513815506034502,0.7355408388520971,0.020384370065198113,0.7282463857060056,0.7428352919981885,0.9212570621468927,0.012088803945820705,0.9169311392121622,0.9255829850816233,0.9244104525175272,0.01317770743301322,0.9196948704742475,0.9291260345608069,0.9031268436578171,0.01589140963418287,0.8974401757533819,0.9088135115622524,0.9202283849918435,0.011248002762207377,0.9162033388965457,0.9242534310871412,0.9159638554216867,0.010703408168725356,0.9121336899988387,0.9197940208445347,0.9382306477093205,0.009472769674848608,0.9348408606157831,0.941620434802858,0.9150084317032039,0.013044308974545046,0.9103405856852193,0.9196762777211885,0.8834799608993156,0.013426128098404835,0.8786754826626081,0.8882844391360231,0.8140994295028524,0.01256148068165822,0.8096043613705128,0.818594497635192,0.5462280701754385,0.019334166097020475,0.5393094276928706,0.5531467126580064,0.5085061137692717,0.020892043387788013,0.5010299920578378,0.5159822354807055,0.548661311914324,0.024163706755034643,0.5400144405027113,0.5573081833259367,0.13324561403508772,0.008943720120226548,0.13004514489328528,0.13644608317689016
0.16,0.48000000000000004,0.7195933333333334,0.005329290134092282,0.005329290134092282,0.7176862713510045,0.7215003953156623,0.7195933333333334,0.6836776859504131,0.01790829979513858,0.6772692831710296,0.6900860887297966,0.6588070175438596,0.022895282690922295,0.6506140458542128,0.6669999892335065,0.7456217807211184,0.020955738613427248,0.7381228659659177,0.7531206954763191,0.9289548022598872,0.012512232042868098,0.9244773575266036,0.9334322469931708,0.9296367112810706,0.012874464079870184,0.9250296434780785,0.9342437790840628,0.9050147492625368,0.011264446993909051,0.9009838186744984,0.9090456798505752,0.9239804241435562,0.012204684119935597,0.9196130340210765,0.9283478142660359,0.9212349397590361,0.009656632272630007,0.9177793582798716,0.9246905212382007,0.9403896787783045,0.011315644583907738,0.9363404273679771,0.9444389301886319,0.9222034851039911,0.01227061991892174,0.9178125001588695,0.9265944700491127,0.8884652981427174,0.014509939494840996,0.8832729829787358,0.8936576133066989,0.8248573757131213,0.012037742777717346,0.8205497247827316,0.8291650266435111,0.548640350877193,0.018338170209786602,0.5420781209455103,0.5552025808088756,0.5194045720361511,0.01914028359837422,0.5125553095146856,0.5262538345576165,0.5599062918340025,0.02114661855572679,0.552339071568689,0.5674735120993161,0.13681286549707605,0.00896189742794648,0.13360589168924464,0.14001983930490747
0.164,0.49200000000000005,0.72455,0.005636687092549165,0.005636687092549165,0.722532937428811,0.7265670625711891,0.7245499999999999,0.6872589531680442,0.027642655380477027,0.6773671559792414,0.697150750356847,0.6643508771929825,0.0237777677595713,0.6558421122772121,0.6728596421087528,0.7482707873436352,0.02333673427970275,0.7399198442317503,0.7566217304555201,0.9367937853107345,0.011184317035669904,0.9327915288599937,0.9407960417614754,0.9300828553218609,0.010647991745499347,0.9262725204113835,0.9338931902323382,0.9118584070796462,0.015592688626792422,0.9062786351148545,0.9174381790444378,0.9300706905927135,0.012713869258878869,0.9255210909083573,0.9346202902770697,0.9269578313253012,0.008005849112612304,0.9240929750133403,0.9298226876372621,0.9458135860979463,0.007223390192050053,0.9432287291147127,0.9483984430811799,0.9235525576166386,0.010482974632962916,0.9198012733215027,0.9273038419117744,0.8957478005865103,0.012679915696964703,0.8912103510282425,0.900285250144778,0.8263243683781583,0.01286949854195762,0.8217190774700877,0.8309296592862289,0.5568859649122808,0.021456213683066216,0.5492079574534748,0.5645639723710868,0.5230196703880915,0.020204142759559306,0.5157897107550409,0.5302496300211421,0.5734939759036145,0.026401534760579243,0.5640463080247455,0.5829416437824835,0.13941520467836258,0.011395206930476754,0.13533748224796519,0.14349292710875997
0.168,0.5040000000000001,0.7334633333333332,0.005374299205852144,0.005374299205852144,0.7315401650615261,0.7353865016051404,0.7334633333333331,0.7058539944903583,0.01876825795870836,0.6991378596343055,0.7125701293464112,0.6731228070175439,0.022272692922087167,0.6651526262153995,0.6810929878196883,0.7618837380426783,0.022895122612374627,0.753690823636404,0.7700766524489525,0.940819209039548,0.011906253606548685,0.9365586109047678,0.9450798071743282,0.9363926067558954,0.011871191621588693,0.9321445553912966,0.9406406581204942,0.9126843657817109,0.012247615921767672,0.90830161271125,0.9170671188521717,0.931810766721044,0.009202256182361661,0.928517781637577,0.935103751804511,0.9333835341365462,0.01207855628997017,0.9290612782783659,0.9377057899947264,0.9521327014218007,0.008173575603928465,0.9492078249557536,0.9550575778878478,0.9290612703766159,0.010242621774851532,0.9253959952471504,0.9327265455060814,0.9009286412512219,0.01077958222424031,0.8970712172926857,0.904786065209758,0.8365118174409129,0.01270425872378882,0.8319656568423709,0.8410579780394548,0.5721491228070176,0.018904352680255844,0.5653842870803181,0.5789139585337171,0.5435938330675173,0.01909325345483388,0.5367614000667783,0.5504262660682563,0.5956492637215529,0.02718453639002025,0.5859214023080787,0.6053771251350272,0.1430409356725146,0.009575790563785264,0.1396142830273308,0.1464675883176984
0.17200000000000001,0.5160000000000001,0.7372033333333333,0.006022857801073679,0.006022857801073679,0.7350480813488479,0.7393585853178187,0.7372033333333333,0.7032369146005508,0.021788044543005956,0.6954401629935314,0.7110336662075702,0.6835087719298245,0.028300926929264364,0.6733814152925484,0.6936361285671007,0.7661515820456217,0.01922653304029554,0.7592714555577468,0.7730317085334967,0.9412429378531073,0.01216347483359936,0.9368902942843549,0.9455955814218597,0.9415551306564691,0.009536243839369053,0.9381426296248703,0.944967631688068,0.92,0.011207404962342434,0.9159894816408061,0.924010518359194,0.9361609570418706,0.011698961246037021,0.931974537525633,0.9403473765581083,0.9358433734939758,0.00843262204064406,0.9328257984510662,0.9388609485368855,0.9499736703528173,0.010097070193030864,0.9463604801879858,0.9535868605176488,0.933389544688027,0.009557355428839162,0.9299694889711602,0.9368096004048939,0.9067937438905179,0.010075729564494911,0.9031881903715315,0.9103992974095043,0.8447432762836186,0.018112609103877075,0.8382617623570602,0.8512247902101769,0.5757894736842106,0.015597747032327393,0.5702078915922455,0.5813710557761758,0.5431153641679957,0.021070345197208552,0.5355754379734936,0.5506552903624977,0.5977242302543507,0.02907206109903075,0.5873209267983738,0.6081275337103277,0.1474561403508772,0.008881200838896494,0.14427804344657488,0.15063423725517952
0.176,0.528,0.7424366666666666,0.005449801219616482,0.005449801219616482,0.7404864803462232,0.74438685298711,0.7424366666666669,0.7103305785123967,0.019240101785432683,0.7034455965114331,0.7172155605133602,0.6885614035087719,0.0233185867369201,0.68021695441167,0.6969058526058739,0.7751287711552612,0.021704535573339654,0.7673619028492495,0.7828956394612729,0.9447033898305084,0.011062795180286172,0.940744619417231,0.9486621602437858,0.9433397068196302,0.009142082975133817,0.940068254441828,0.9466111591974324,0.9205309734513275,0.010015906830356327,0.9169468272228214,0.9241151196798336,0.9381729200652529,0.010059333665408576,0.9345732337434028,0.9417726063871029,0.9370983935742971,0.008507262769983976,0.9340541086894243,0.94014267845917,0.955028962611901,0.009375822795249712,0.9516738675136831,0.9583840577101188,0.9380550871275999,0.009404105128387496,0.9346898713264475,0.9414203029287522,0.9080645161290323,0.011680486705706303,0.9038847076421473,0.9122443246159172,0.8504482477587613,0.01345062594141581,0.8456350030815186,0.8552614924360039,0.5878947368421052,0.016598309207998645,0.581955108173923,0.5938343655102875,0.5616161616161617,0.024891003749284393,0.5527090303176416,0.5705232929146817,0.6019410977242303,0.02472680467938873,0.5930927243082523,0.6107894711402083,0.1501754385964912,0.007901119957682381,0.14734805913131163,0.1530028180616708
0.18,0.54,0.7456733333333333,0.005464931039305801,0.005464931039305801,0.7437177328764472,0.7476289337902194,0.7456733333333333,0.7201790633608816,0.02499845924688234,0.711233479606386,0.7291246471153771,0.7016140350877192,0.015956127962315356,0.6959042080269918,0.7073238621484467,0.7762325239146431,0.020776961432675562,0.7687975837519568,0.7836674640773295,0.9493644067796612,0.0130998410532329,0.9446766888625304,0.9540521246967919,0.9421924792861696,0.009937607875344293,0.9386363519788711,0.945748606593468,0.9260766961651917,0.0092106183118843,0.9227807187321054,0.929372673598278,0.9417074497009245,0.010290070263735135,0.9380251953477741,0.9453897040540749,0.9387048192771082,0.008325748663599957,0.9357254883810091,0.9416841501732074,0.9578199052132703,0.008821725834454765,0.9546630911659745,0.9609767192605662,0.9377740303541313,0.011423163321672395,0.9336863038576255,0.9418617568506371,0.9124633431085043,0.011494948501885373,0.908349928615167,0.9165767576018417,0.8491850040749795,0.01221854370005128,0.8448126543654508,0.8535573537845083,0.5877192982456141,0.019563159986139663,0.5807187113522265,0.5947198851390016,0.5634768740031898,0.02048103352549065,0.556147830282075,0.5708059177243046,0.6119812583668005,0.0298523975786187,0.6012987150878447,0.6226638016457563,0.15309941520467835,0.01029369228690732,0.1494158647271817,0.15678296568217498
0.184,0.552,0.7515233333333332,0.004964194787179226,0.004964194787179226,0.7497469190430053,0.7532997476236611,0.7515233333333332,0.7275482093663913,0.023480568497653426,0.7191457958406408,0.7359506228921419,0.7127017543859651,0.029180461738623473,0.7022596602592935,0.7231438485126366,0.7936718175128771,0.018791612653251175,0.7869473252867147,0.8003963097390394,0.9473163841807909,0.008506175259781331,0.9442724884564462,0.9503602799051356,0.9525812619502866,0.009793424151858422,0.9490767301258033,0.9560857937747699,0.9299705014749263,0.008477798170779934,0.9269367603614663,0.9330042425883863,0.9425231103860793,0.009747373686029367,0.9390350575091558,0.9460111632630027,0.9381024096385542,0.01001602659559649,0.9345182205526074,0.941686598724501,0.9605581885202736,0.00577077403776697,0.9584931435519702,0.962623233488577,0.9421585160202361,0.01121349848774192,0.9381458171209824,0.9461712149194899,0.9134897360703812,0.010719696150831313,0.9096537420679923,0.9173257300727701,0.8599022004889978,0.00966652887512637,0.8564430775561124,0.8633613234218832,0.5976754385964912,0.013663967180452352,0.5927858507373251,0.6025650264556572,0.5728335991493887,0.0228299980614483,0.5646639892643665,0.5810032090344109,0.6228246318607764,0.019731658889815186,0.6157637484090897,0.6298855153124632,0.15517543859649124,0.00882726046239662,0.1520166440080222,0.1583342331849603
0.188,0.5640000000000001,0.7567366666666666,0.00495298470331419,0.00495298470331419,0.7549642638533309,0.7585090694800023,0.7567366666666666,0.7365013774104682,0.017968886227238353,0.7300712940547986,0.7429314607661377,0.7164912280701756,0.024069395855652775,0.7078781053804762,0.725104350759875,0.7950699043414275,0.02010785070622322,0.7878744023771277,0.8022654063057274,0.9507768361581921,0.009854162560766443,0.9472505693732204,0.9543031029431638,0.9507966857871255,0.009696832895088688,0.9473267186999667,0.9542666528742844,0.9376401179941003,0.010877580689931015,0.9337476257349945,0.9415326102532061,0.9492659053833605,0.010798465410436296,0.9454017241634268,0.9531300866032942,0.9447791164658634,0.009056317785385348,0.9415383547670562,0.9480198781646707,0.9621906266456027,0.009468983565425998,0.9588021943939221,0.9655790588972833,0.9445193929173693,0.007975689838861296,0.9416653289629153,0.9473734568718233,0.9219941348973606,0.010255981205044505,0.9183240791571974,0.9256641906375238,0.8649144254278729,0.013083225466646609,0.8602326533220407,0.8695961975337051,0.6078508771929825,0.015381462055997795,0.6023466916858023,0.6133550627001626,0.5791600212652845,0.028862726177694212,0.5688316273488542,0.5894884151817149,0.6317269076305222,0.024151716006619642,0.6230843270531232,0.6403694882079212,0.1580701754385965,0.009733721425099413,0.15458700796050429,0.1615533429166887
0.192,0.5760000000000001,0.7610033333333333,0.004934291224183835,0.004934291224183835,0.7592376198955936,0.7627690467710729,0.7610033333333333,0.7360881542699723,0.01961540839550182,0.7290688705234158,0.7431074380165288,0.7281403508771931,0.022598309794443435,0.7200536495737341,0.7362270521806521,0.7990434142752023,0.020335537908159444,0.7917664354920861,0.8063203930583185,0.9533898305084744,0.00838275800110669,0.9503900990829498,0.9563895619339989,0.951561504142766,0.009882270712720641,0.9480251789847959,0.9550978293007361,0.9380530973451326,0.009353950399349255,0.9347058291832674,0.9414003655069979,0.9518760195758563,0.006970653717687115,0.9493816031784564,0.9543704359732562,0.9504518072289158,0.008108741307732505,0.9475501314177993,0.9533534830400322,0.9670879410215901,0.007817671780746048,0.9642904231030192,0.9698854589401611,0.947273749297358,0.007821538701921638,0.9444748476188157,0.9500726509759002,0.9243401759530792,0.01170236356103768,0.9201525389340547,0.9285278129721036,0.8681744091279543,0.008792602767645388,0.8650280166362734,0.8713208016196352,0.6176754385964911,0.018040148405725178,0.6112198543977542,0.624131022795228,0.5885167464114833,0.02363016626311235,0.5800608000128793,0.5969726928100874,0.640227576974565,0.02794917336998963,0.6302260937318992,0.6502290602172308,0.15959064327485384,0.010924446403379365,0.1556813803355743,0.16349990621413338
0.196,0.5880000000000001,0.7660633333333333,0.00410714124366357,0.00410714124366357,0.7645936117147373,0.7675330549519294,0.7660633333333332,0.7415289256198345,0.01882203680843051,0.7347935462495635,0.7482643049901055,0.7280000000000001,0.021379673934401152,0.7203493819384953,0.7356506180615049,0.8071376011773362,0.017693157405617416,0.8008061861132993,0.8134690162413731,0.9569209039548023,0.01128420461961676,0.9528829031912058,0.9609589047183988,0.9583173996175909,0.008332902070752424,0.9553355089076175,0.9612992903275642,0.9423008849557523,0.010756917435835458,0.9384515714875848,0.9461501984239197,0.9564980967917346,0.012367015392804298,0.9520726171692949,0.9609235764141743,0.9544678714859438,0.00786722911769148,0.9516526197021007,0.9572831232697869,0.9657187993680886,0.007729846569719019,0.9629527092976597,0.9684848894385174,0.9507026419336706,0.007498295098366388,0.9480194114931095,0.9533858723742317,0.9286901270772236,0.006344584862304933,0.9264197465424581,0.9309605076119892,0.8716381418092909,0.009874344236897575,0.8681046531042659,0.8751716305143159,0.6243421052631578,0.015822522883361497,0.6186800881659168,0.6300041223603988,0.6022860180754918,0.025409778879661272,0.593193245480734,0.6113787906702495,0.6502677376171353,0.02553676007509777,0.6411295253851661,0.6594059498491045,0.16450292397660818,0.010767388049318106,0.16064986364752643,0.16835598430568993
0.2,0.6000000000000001,0.7690166666666667,0.006159606085330188,0.006159606085330188,0.7668124799371228,0.7712208533962106,0.7690166666666663,0.7420798898071624,0.019988209635871935,0.7349272008500458,0.7492325787642791,0.7424561403508771,0.019178532059415353,0.735593190793409,0.7493190899083453,0.8077262693156732,0.01774878745701942,0.8013749472934046,0.8140775913379417,0.9559322033898304,0.008165764480825443,0.9530101220982877,0.9588542846813731,0.9608030592734225,0.008030121773152333,0.9579295171014388,0.9636766014454061,0.9424778761061945,0.009802244464027129,0.9389701879735377,0.9459855642388513,0.9544861337683525,0.008539690539280905,0.951430244755267,0.9575420227814379,0.9576305220883534,0.00590256159551885,0.955518317548173,0.9597427266285339,0.9678778304370721,0.006921415150338981,0.965401033834709,0.9703546270394352,0.9535694210230464,0.009546918549614262,0.9501531000954447,0.9569857419506481,0.9281524926686214,0.010531310637637868,0.9243839115563536,0.9319210737808893,0.878280358598207,0.013371274302053838,0.8734955095404286,0.8830652076559853,0.6337719298245614,0.020093074731843567,0.6265817153747865,0.6409621442743364,0.6007974481658692,0.022321280076514096,0.5928098806738082,0.6087850156579302,0.6568942436412316,0.025837983549353995,0.6476482399733516,0.6661402473091116,0.16684210526315787,0.009105572626739474,0.1635837179457356,0.17010049258058016
0.20400000000000001,0.6120000000000001,0.7726133333333333,0.003702723446267659,0.003702723446267659,0.7712883307649269,0.7739383359017397,0.7726133333333333,0.755578512396694,0.018999511657697497,0.7487796244672452,0.7623774003261429,0.7402105263157897,0.024052033891552176,0.7316036165251522,0.7488174361064271,0.8179543782192789,0.01626041301620373,0.8121356641504396,0.8237730922881181,0.9611581920903954,0.007756175909192473,0.9583826801868395,0.9639337039939514,0.959783301465902,0.008150624480087664,0.9568666379540434,0.9626999649777606,0.9456637168141594,0.01288221575322786,0.9410538751104811,0.9502735585178377,0.9586188145731376,0.007609282971267089,0.955895867632333,0.9613417615139421,0.9543674698795183,0.008985368347739414,0.9511520971109058,0.9575828426481308,0.9697735650342286,0.007579003052363725,0.9670614536232442,0.972485676445213,0.9550309162450815,0.00726785674668766,0.9524301471096286,0.9576316853805344,0.9336754643206255,0.009500081462878016,0.9302759038292603,0.9370750248119908,0.8799103504482477,0.011207484092077646,0.8758998037728417,0.8839208971236537,0.6389473684210525,0.01708815282719473,0.6328324514649464,0.6450622853771586,0.6148856990962254,0.01890697861171311,0.6081199236920221,0.6216514745004287,0.6541499330655957,0.022587450509236648,0.6460671177074412,0.6622327484237501,0.16964912280701755,0.010106048736017169,0.1660327197118416,0.1732655259021935
0.20800000000000002,0.6240000000000001,0.7772999999999999,0.00538452444030815,0.00538452444030815,0.7753731726750354,0.7792268273249644,0.7772999999999999,0.765909090909091,0.018576429050080057,0.7592616011463905,0.7725565806717914,0.7429473684210526,0.020195623664715102,0.7357204573069401,0.750174279535165,0.816409124356144,0.019998917250596007,0.809252603728308,0.82356564498398,0.96045197740113,0.009529161972644138,0.9570420105829921,0.9638619442192679,0.964563416188655,0.008014145064027926,0.9616955912086064,0.9674312411687037,0.9498525073746312,0.007585431893632319,0.9471380954323444,0.9525669193169181,0.9576400217509515,0.009371064602017923,0.9542866293503142,0.9609934141515889,0.9580823293172692,0.006559640803055267,0.9557349920024523,0.9604296666320862,0.9724065297525012,0.00667326668067366,0.9700185319395762,0.9747945275654262,0.9564924114671162,0.008098310793165527,0.9535944681677013,0.959390354766531,0.9353372434017596,0.00836880761130632,0.9323425040591125,0.9383319827444068,0.8865933170334149,0.01215172127599165,0.8822448794212359,0.890941754645594,0.6502631578947369,0.019128245340243377,0.6434182032086185,0.6571081125808552,0.623498139287613,0.02016503260362204,0.6162821750441234,0.6307141035311026,0.668875502008032,0.017284608622466256,0.6626902842484523,0.6750607197676117,0.17350877192982458,0.014693422626159478,0.16825079817054575,0.17876674568910342
0.212,0.636,0.7795766666666668,0.005215473221054855,0.005215473221054855,0.7777103335435928,0.7814429997897409,0.7795766666666668,0.7623278236914602,0.018721140261637823,0.7556285496867623,0.7690270976961582,0.7434385964912281,0.022312456233843637,0.7354541865707145,0.7514230064117418,0.826784400294334,0.018265606577618453,0.8202481369249374,0.8333206636637306,0.9637005649717515,0.008596675451658828,0.9606242841696608,0.9667768457738422,0.9635436583811343,0.008371140440736254,0.9605480842461968,0.9665392325160719,0.9484365781710913,0.008166939004462026,0.945514076581663,0.9513590797605196,0.9604676454594887,0.006728611112276333,0.9580598428960646,0.9628754480229128,0.9615461847389557,0.006519576379853406,0.9592131842938549,0.9638791851840565,0.9737756714060032,0.006286345274142321,0.9715261316402062,0.9760252111718002,0.954918493535694,0.008911546340286935,0.9517295376331799,0.9581074494382081,0.9396871945259042,0.011198203313232305,0.9356799689345557,0.9436944201172527,0.8899755501222494,0.011037518219826768,0.8860258249531054,0.8939252752913933,0.6478947368421052,0.019380017044762065,0.640959686808608,0.6548297868756023,0.6280170122275385,0.021866846552394157,0.620192061683615,0.635841962771462,0.6774431057563588,0.021286860667742217,0.66982570049578,0.6850605110169375,0.1773391812865497,0.01061438089294176,0.17354087386519257,0.18113748870790686
0.216,0.648,0.78302,0.004718298933682164,0.004718298933682164,0.781331578410767,0.7847084215892332,0.7830200000000002,0.7764462809917355,0.018113033441596527,0.7699646152178744,0.7829279467655966,0.7593684210526317,0.02334620680219416,0.7510140882421067,0.7677227538631567,0.8313465783664459,0.01741668356616195,0.8251140981952498,0.8375790585376419,0.9656073446327682,0.008284008231943925,0.962642950358308,0.9685717389072284,0.9643722115997448,0.010247386655155816,0.9607052313797607,0.968039191819729,0.9510324483775812,0.00943825644980392,0.9476550116830114,0.954409885072151,0.9648722131593257,0.008424833517546578,0.9618574252036123,0.9678870011150391,0.9634538152610443,0.0073133884157902465,0.9608367528270558,0.9660708776950329,0.9740916271721958,0.007204900000626459,0.9715133868189866,0.976669867525405,0.96132658797077,0.006151272114507533,0.959125383514384,0.9635277924271559,0.9396871945259041,0.008912631666237961,0.9364978502444863,0.9428765388073219,0.8880603096984514,0.010641404783688798,0.8842523319019858,0.891868287494917,0.6542105263157896,0.017972899648864036,0.647779006775636,0.6606420458559431,0.6281765018607125,0.021604744430647693,0.6204453433564966,0.6359076603649284,0.6823293172690764,0.02369724355140937,0.6738493675711266,0.6908092669670263,0.17859649122807017,0.009728813528609584,0.17511508001818132,0.18207790243795902
0.22,0.66,0.7858999999999999,0.004942845752998083,0.004942845752998083,0.7841312253634386,0.7876687746365613,0.7858999999999999,0.775275482093664,0.01963603455356534,0.7682488173712375,0.7823021468160906,0.7585964912280703,0.020443704265578903,0.7512808056110585,0.7659121768450821,0.8378219278881531,0.018164128491924947,0.8313219779853527,0.8443218777909536,0.9669491525423728,0.006873077912556714,0.9644896531984035,0.9694086518863421,0.9680688336520077,0.008052070604568402,0.9651874371915734,0.970950230112442,0.9533333333333333,0.007530406444879017,0.9506386119949988,0.9560280546716677,0.9647634584013052,0.00746459772275269,0.9620922864117423,0.9674346303908681,0.9611947791164659,0.00744849122016188,0.9585293707648335,0.9638601874680983,0.9763559768299107,0.005588955639719191,0.9743559947397543,0.9783559589200671,0.9595840359752672,0.007625379242841423,0.9568553290576544,0.96231274289288,0.9419354838709677,0.007774074744801329,0.9391535669513479,0.9447174007905875,0.893520782396088,0.010189500397693702,0.8898745165073052,0.8971670482848708,0.6668859649122807,0.019684089614686033,0.6598421039070818,0.6739298259174796,0.6390749601275917,0.0229452243929688,0.6308641170293878,0.6472858032257955,0.6805890227576974,0.025190577986332275,0.671574690195222,0.6896033553201728,0.18078947368421053,0.012037056766957495,0.17648206823961843,0.18509687912880263
0.224,0.672,0.7895633333333333,0.0037832191486136266,0.0037832191486136266,0.7882095257477816,0.790917140918885,0.7895633333333333,0.7772038567493113,0.01781545027196577,0.7708286797450807,0.7835790337535418,0.7682807017543858,0.018260871279173675,0.7617461328897753,0.7748152706189962,0.8338484179543784,0.018739676461019285,0.8271425108559198,0.8405543250528369,0.9676553672316383,0.006744257845374758,0.9652419655566835,0.970068768906593,0.9669216061185467,0.008067711782099413,0.9640346125346161,0.9698085997024773,0.9575811209439529,0.009219995773248581,0.954281787829414,0.9608804540584918,0.9659597607395324,0.0075152389708089086,0.9632704670120878,0.9686490544669769,0.9649096385542165,0.005396093171411927,0.9629786714119937,0.9668406056964394,0.9766719325961032,0.00730081267375461,0.974059370333607,0.9792844948585994,0.9671163575042158,0.007151110091531672,0.9645573656227704,0.9696753493856611,0.9443792766373412,0.008373973587977888,0.9413826886736838,0.9473758646009987,0.9000814995925019,0.010111228793483687,0.896463242837568,0.9036997563474359,0.6664035087719298,0.017726514376403196,0.660060157069198,0.6727468604746616,0.6472089314194579,0.018176896782979644,0.6407044124423836,0.6537134503965322,0.6935073627844711,0.020406459183522265,0.6862050051489037,0.7008097204200385,0.1849122807017544,0.009284481131388765,0.1815898717981645,0.18823468960534429
0.228,0.684,0.7918666666666667,0.004374639558222803,0.004374639558222803,0.7903012220055646,0.7934321113277688,0.7918666666666667,0.7824380165289255,0.01813536839777133,0.7759483582936434,0.7889276747642077,0.7717894736842105,0.020212643567259467,0.764556472076192,0.7790224752922289,0.8391464311994112,0.017096643443932805,0.8330284759151262,0.8452643864836963,0.9687146892655367,0.006964427174105744,0.9662225010081418,0.9712068775229317,0.970044614404079,0.007071510092199498,0.9675141070165719,0.972575121791586,0.9572861356932153,0.008140442971598365,0.9543731155873778,0.9601991557990528,0.9691680261011419,0.005287821102049633,0.9672758036213476,0.9710602485809363,0.9657630522088354,0.008878394995228887,0.9625859593627946,0.9689401450548762,0.979410215903107,0.0057558418736052,0.9773505143411241,0.9814699174650898,0.9661607644744237,0.00829609308409279,0.9631920456911611,0.9691294832576862,0.9487781036168134,0.008661204066194144,0.9456787315465695,0.9518774756870573,0.9030969845150774,0.011395581150872698,0.8990191281716311,0.9071748408585236,0.6725,0.01819720750211318,0.665988212925427,0.679011787074573,0.649016480595428,0.025699643756737976,0.6398199811865587,0.6582129800042974,0.6908299866131192,0.020535509238592774,0.6834814490084283,0.6981785242178101,0.18567251461988302,0.011084545991308854,0.1817059607788427,0.18963906846092332
0.232,0.6960000000000001,0.7937866666666665,0.005320599741494879,0.005320599741494879,0.7918827145013896,0.7956906188319435,0.7937866666666668,0.793870523415978,0.016028725008713586,0.7881347178358358,0.7996063289961202,0.7664561403508773,0.01625034197063089,0.7606410301594121,0.7722712505423425,0.8470934510669609,0.015380964234114973,0.8415894437030537,0.8525974584308681,0.9702683615819209,0.007178924428816408,0.9676994164677063,0.9728373066961354,0.9687699171446781,0.009181299385257715,0.9654844313547423,0.9720554029346139,0.9615929203539825,0.007172868086885026,0.9590261424738945,0.9641596982340704,0.967699836867863,0.006154749345806093,0.9654973881002373,0.9699022856354886,0.9677710843373493,0.008014148619973481,0.9649032580848218,0.9706389105898767,0.9797261716692997,0.0054738247110421665,0.9777673886528558,0.9816849546857435,0.9681843732433951,0.008399465420301783,0.965178663144695,0.9711900833420952,0.9499022482893451,0.009072160355844832,0.9466558173995075,0.9531486791791827,0.9007334963325184,0.009536641234717138,0.8973208530948206,0.9041461395702163,0.6759210526315791,0.021791563547779478,0.668123041764874,0.6837190634982842,0.6526315789473685,0.01894251255885356,0.6458530878834866,0.6594100700112503,0.7024096385542167,0.022263284844764888,0.6944428243893048,0.7103764527191285,0.18461988304093568,0.00935092580914567,0.1812736972147745,0.18796606886709688
0.23600000000000002,0.7080000000000001,0.7985566666666666,0.003386350220531234,0.003386350220531234,0.7973448768031135,0.7997684565302197,0.7985566666666666,0.7964876033057852,0.022851611997521226,0.7883102589730717,0.8046649476384986,0.7807719298245615,0.018141636811855332,0.7742800284661076,0.7872638311830154,0.8533480500367917,0.016124988648172515,0.847577796955674,0.8591183031179094,0.9703389830508473,0.00646458848791026,0.9680256597701671,0.9726523063315275,0.9729126832377307,0.005433277028259412,0.9709684100232232,0.9748569564522382,0.9614749262536875,0.008972997291855092,0.9582639804105687,0.9646858720968062,0.9717237629146275,0.006710174344031063,0.9693225578639889,0.974124967965266,0.9703815261044174,0.0061947844471250514,0.9681647509597767,0.9725983012490581,0.9814112690889942,0.0038402585576006584,0.9800370502130762,0.9827854879649123,0.9703204047217538,0.007162756300479299,0.9677572452979598,0.9728835641455479,0.9502443792766372,0.006811731757436481,0.9478068323723453,0.9526819261809291,0.9074572127139364,0.011593817720814708,0.9033084183249848,0.9116060071028881,0.6843859649122807,0.011603943761053476,0.6802335469663664,0.6885383828581949,0.6635832004253058,0.01636660104205342,0.6577264874594313,0.6694399133911804,0.703748326639893,0.024889619519486893,0.6948416906816443,0.7126549625981417,0.19201754385964911,0.009711752964131818,0.1885422376943523,0.19549285002494593
0.24,0.72,0.8009766666666668,0.004426930386134193,0.004426930386134193,0.7993925099731128,0.8025608233602207,0.8009766666666668,0.8000000000000002,0.02075640626680364,0.7925724154089545,0.8074275845910458,0.7859649122807019,0.01778085538150166,0.779602114899034,0.7923277096623698,0.8520971302428255,0.01833233550855187,0.8455369882321648,0.8586572722534862,0.9710451977401131,0.008425731044342837,0.9680300886085604,0.9740603068716658,0.9741236456341617,0.006464266351177468,0.9718104376286308,0.9764368536396925,0.9602949852507374,0.009280718316676385,0.9569739228530993,0.9636160476483755,0.9742251223491027,0.008898065426579104,0.9710409905296039,0.9774092541686016,0.9709839357429717,0.005407434837170561,0.9690489100377807,0.9729189614481627,0.9802001053185887,0.005177296990374001,0.9783474333842148,0.9820527772529626,0.9715008431703205,0.0058138918583725795,0.9694203686880727,0.9735813176525683,0.9522482893450638,0.008380610878849983,0.9492493262573711,0.9552472524327564,0.9108801955990219,0.012069452137358532,0.9065611976200132,0.9151991935780306,0.6885526315789474,0.016307115251712943,0.6827172053297637,0.6943880578281312,0.6718234981392878,0.01778312903678755,0.665459887140525,0.6781871091380506,0.7168674698795183,0.016825212000855867,0.7108466450897037,0.7228882946693329,0.1914912280701754,0.015718989685632886,0.18586625985192745,0.19711619628842336
0.244,0.732,0.8028399999999999,0.0044009873500354905,0.0044009873500354905,0.8012651269026858,0.804414873097314,0.8028399999999999,0.7948347107438016,0.02003283717748678,0.7876660520260157,0.8020033694615876,0.7903157894736844,0.01568239553926739,0.7847039163025353,0.7959276626448335,0.8568064753495218,0.01729209957040883,0.8506185769886474,0.8629943737103962,0.9738700564971751,0.008643361075536175,0.970777069459136,0.9769630435352141,0.9742511153601018,0.006694201072257753,0.9718556262713579,0.9766466044488457,0.963008849557522,0.00966463112458263,0.9595504057259471,0.9664672933890969,0.9709624796084829,0.007237398878030141,0.968372609681352,0.9735523495356139,0.971536144578313,0.005207266952430976,0.969672748030752,0.9733995411258741,0.9838335966298052,0.004938234073657587,0.9820664722615017,0.9856007209981087,0.969364811691962,0.005655436042797876,0.9673410398950921,0.9713885834888318,0.953958944281525,0.00823710557017954,0.9510113339090236,0.9569065546540263,0.9079054604726975,0.008927833048168967,0.9047106764466176,0.9111002444987774,0.6896929824561404,0.018598713327044804,0.6830375183673414,0.6963484465449394,0.6818713450292401,0.01668926610274223,0.6758991678542903,0.6878435222041899,0.7230923694779114,0.02095020675982332,0.7155954342710998,0.730589304684723,0.19640350877192983,0.01156030231773635,0.1922667077159409,0.20054030982791876
0.248,0.744,0.8063266666666667,0.003213863646801128,0.003213863646801128,0.8051766003308155,0.807476733002518,0.8063266666666666,0.8060606060606061,0.015189895860190813,0.8006249716362026,0.8114962404850097,0.7995087719298244,0.01854118635440198,0.7928738936038052,0.8061436502558436,0.8672553348050037,0.016094217565770567,0.861496093014307,0.8730145765957005,0.9744350282485876,0.00705824946029858,0.9719092661172636,0.9769607903799117,0.9755895474824727,0.005516174020720062,0.9736156099601881,0.9775634850047573,0.9670796460176991,0.007254478418378478,0.964483664255548,0.9696756277798503,0.9744426318651441,0.0059721289219230944,0.9723055329769248,0.9765797307533635,0.9743473895582331,0.00672914213818309,0.9719393969696287,0.9767553821468374,0.9824117956819378,0.003704522604758691,0.9810861492929339,0.9837374420709417,0.9731309724564362,0.006744393332316291,0.9707175222981022,0.9755444226147703,0.9572336265884654,0.00671472039170683,0.9548307947555587,0.9596364584213722,0.9123471882640588,0.0072013087897423705,0.90977023300916,0.9149241435189576,0.697456140350877,0.016803968467542393,0.6914429174618284,0.7034693632399256,0.6793195108984584,0.01789253848394318,0.6729167482318509,0.685722273565066,0.7268406961178046,0.016738078152866206,0.7208510517750465,0.7328303404605626,0.19614035087719298,0.010457021363875312,0.19239835384012513,0.19988234791426082
0.252,0.756,0.8066133333333333,0.004538170171528068,0.004538170171528068,0.8049893699938079,0.8082372966728587,0.8066133333333333,0.8030303030303031,0.018063663513370198,0.7965663040583653,0.8094943020022409,0.7915789473684212,0.020567922836401922,0.7842188107067195,0.7989390840301228,0.8615158204562177,0.013972719641206445,0.856515746947924,0.8665158939645113,0.9750706214689265,0.006187704863240747,0.9728563797208427,0.9772848632170104,0.9746972594008922,0.0057839229216612945,0.9726275091649164,0.9767670096368681,0.9653097345132744,0.007416461570782114,0.9626557878244718,0.967963681202077,0.9744426318651443,0.006791732461553443,0.9720122416169722,0.9768730221133165,0.9724899598393575,0.007248939400519001,0.9698959601892914,0.9750839594894236,0.983675618746709,0.004644570762469731,0.982013580444707,0.9853376570487109,0.9720067453625633,0.007639725756213733,0.9692729046110734,0.9747405861140531,0.957086999022483,0.006231993749837399,0.9548569086998717,0.9593170893450942,0.9170741646291768,0.007056246151001241,0.9145491193728781,0.9195992098854755,0.7025877192982455,0.01716791309698732,0.6964442604961534,0.7087311781003376,0.6797448165869218,0.018997997483077227,0.672946470497902,0.6865431626759415,0.7247657295850067,0.026466407371253897,0.7152948473405469,0.7342366118294665,0.2014619883040935,0.011022133412130559,0.19751776851767872,0.2054062080905083
0.256,0.768,0.8101033333333335,0.0041076449610983595,0.0041076449610983595,0.8086334314617684,0.8115732352048987,0.8101033333333335,0.8117079889807163,0.021476731069442423,0.8040226394694886,0.819393338491944,0.8024561403508772,0.021612047268369967,0.7947223685597445,0.8101899121420099,0.8696100073583518,0.01545725015801682,0.8640787014271684,0.8751413132895353,0.9781779661016948,0.006703205292860211,0.9757792548939896,0.9805766773094,0.9771191841937539,0.007336624599354588,0.9744938067982648,0.979744561589243,0.967433628318584,0.008826335108925986,0.9642751648636018,0.9705920917735663,0.9755845568243611,0.005610046781283307,0.973577027366126,0.9775920862825962,0.9738955823293174,0.0053258231610661694,0.9719897609873525,0.9758014036712823,0.9832016850974197,0.005573536383816912,0.9812072207171247,0.9851961494777146,0.9762788083192804,0.006277508363290698,0.9740324308014193,0.9785251858371414,0.9580645161290323,0.009584894318281561,0.9546346057471408,0.9614944265109239,0.9186226568867155,0.009751895373617826,0.9151329859446692,0.9221123278287618,0.708201754385965,0.015436478124204359,0.7026778816316179,0.7137256271403121,0.6852737905369487,0.017311502609860634,0.6790789488875782,0.6914686321863192,0.7311244979919679,0.02206221464570905,0.7232296358737171,0.7390193601102186,0.2025438596491228,0.00988506024801127,0.199006536268769,0.20608118302947662
0.26,0.78,0.8127933333333334,0.0037738604887443505,0.0037738604887443505,0.8114428747012057,0.814143791965461,0.8127933333333334,0.812396694214876,0.0188692926164228,0.8056444045708915,0.8191489838588606,0.7990877192982456,0.01647219300193874,0.7931932207348018,0.8049822178616894,0.8746136865342163,0.015386061729680855,0.8691078550549477,0.880119518013485,0.9759887005649717,0.006496433944118808,0.9736639815341414,0.978313419595802,0.9783301465901847,0.006436905633117962,0.9760267294918681,0.9806335636885013,0.9680235988200591,0.007636525563677422,0.965290903242761,0.9707562943973571,0.9754214246873301,0.005841631426000236,0.9733310237282912,0.977511825646369,0.9763554216867468,0.005960796427322648,0.9742223780796389,0.9784884652938548,0.9860979462875199,0.004898280774915663,0.9843451190235553,0.9878507735514845,0.9766160764474424,0.005544239600793509,0.9746320957863113,0.9786000571085736,0.9604105571847508,0.007183254377663272,0.9578400626182407,0.9629810517512608,0.9215158924205377,0.007490688778555156,0.9188353838665643,0.9241964009745111,0.7152631578947368,0.016724435813251327,0.709278395400513,0.7212479203889607,0.6969696969696969,0.021787748534811007,0.6891730512878497,0.7047663426515441,0.7421686746987951,0.018057665381570328,0.7357068221307559,0.7486305272668343,0.2027485380116959,0.01361620321056244,0.197876042269643,0.2076210337537488
0.264,0.792,0.8147533333333333,0.004268790778738597,0.004268790778738597,0.8132257661715137,0.816280900495153,0.8147533333333333,0.8227961432506886,0.019703387377602515,0.815745376629718,0.8298469098716592,0.8065964912280701,0.019300863266344385,0.7996897660104076,0.8135032164457325,0.8684326710816777,0.017445603744766478,0.8621898419574783,0.874675500205877,0.9761299435028248,0.007036286178773403,0.9736120408308564,0.9786478461747932,0.9800509878903757,0.005561694038960526,0.978060761238763,0.9820412145419884,0.9706784660766963,0.005590836656640214,0.9686778108732794,0.9726791212801131,0.9762370853724852,0.004466187989062538,0.974638880526142,0.9778352902188284,0.9764558232931729,0.005357303248627083,0.9745387369465494,0.9783729096397965,0.9850974196945761,0.0037724307583004327,0.9837474726849171,0.986447366704235,0.9757166947723441,0.005060959873820014,0.9739056535404712,0.977527736004217,0.9611925708699902,0.0065203471100953765,0.9588592946226144,0.963525847117366,0.923960880195599,0.008562875421066724,0.9208966945791187,0.9270250658120792,0.7213596491228071,0.016195193230041992,0.7155642736547112,0.7271550245909031,0.697873471557682,0.020696319845045885,0.6904673886165194,0.7052795544988446,0.7404953145917,0.020271101285004083,0.7332413941580445,0.7477492350253556,0.2071637426900585,0.013045666438874044,0.20249541090970236,0.21183207447041463
0.268,0.804,0.81763,0.004503190439891594,0.004503190439891594,0.8160185539966821,0.8192414460033178,0.8176300000000001,0.8208677685950413,0.017193723308491986,0.8147150737273798,0.8270204634627027,0.8150877192982456,0.017975335376181532,0.8086553281442656,0.8215201104522257,0.8791022810890362,0.014810477418190155,0.8738024198103853,0.8844021423676871,0.9771186440677966,0.005260690594033932,0.9752361301156103,0.9790011580199829,0.9797323135755256,0.006141579907435856,0.9775345774308971,0.9819300497201541,0.969557522123894,0.006947189341184235,0.967071502345789,0.972043541901999,0.9774877650897228,0.006360061562681222,0.9752118462888548,0.9797636838905908,0.9772088353413654,0.006007628786744267,0.9750590329896688,0.979358637693062,0.9857819905213271,0.0040648816486741025,0.9843273913045829,0.9872365897380713,0.9782462057335581,0.0052089583783006274,0.9763822039170229,0.9801102075500934,0.9624633431085045,0.00648462307672339,0.9601428505422916,0.9647838356747173,0.9270171149144255,0.010004741051634939,0.9234369643085196,0.9305972655203314,0.7194298245614037,0.014195408260799326,0.7143500629540128,0.7245095861687946,0.7094630515683146,0.020866837655832644,0.7019959496122213,0.7169301535244078,0.7512717536813923,0.016880763594836274,0.7452310500089738,0.7573124573538108,0.21017543859649124,0.009834602940251907,0.20665617113182927,0.2136947060611532
0.272,0.8160000000000001,0.82011,0.0029044971076377154,0.0029044971076377154,0.819070639058413,0.821149360941587,0.82011,0.828236914600551,0.015305742858837238,0.8227598248600874,0.8337140043410147,0.8167719298245614,0.019243369152623126,0.8098857786112648,0.823658081037858,0.877336276674025,0.018907058766797793,0.8705704725866931,0.884102080761357,0.980367231638418,0.0050668559892318625,0.9785540805087422,0.9821803827680938,0.9811982154238366,0.006253121591054271,0.9789605646003444,0.9834358662473287,0.9713274336283187,0.008042544064850748,0.9684494461963407,0.9742054210602968,0.9809135399673734,0.006239891560821314,0.9786806234493981,0.9831464564853487,0.9794176706827309,0.0054276460194148685,0.9774754124988596,0.9813599288666022,0.9888362295945234,0.0034445058661836817,0.9876036290004432,0.9900688301886037,0.9788083192804946,0.00674075747516389,0.9763961701969329,0.9812204683640563,0.9610459433040078,0.007002252665980796,0.9585402193681823,0.9635516672398333,0.9297066014669927,0.01059805414696095,0.9259141364966509,0.9334990664373345,0.728201754385965,0.015471246170964813,0.7226654400458705,0.7337380687260595,0.7100478468899519,0.01826835223384543,0.7035106010000929,0.716585092779811,0.7561579651941097,0.011182529483727227,0.7521563484106164,0.760159581977603,0.21140350877192984,0.009269036064131287,0.20808662681467616,0.21472039072918353
0.276,0.8280000000000001,0.8214800000000001,0.0036997110791203006,0.0036997110791203006,0.8201560753933332,0.822803924606667,0.8214800000000001,0.8290633608815428,0.013563990667687304,0.8242095491580013,0.8339171726050842,0.8150877192982454,0.01771842971642469,0.8087472606539318,0.8214281779425591,0.8812362030905077,0.01729857674019452,0.875045986904193,0.8874264192768223,0.9821327683615819,0.005984245436219406,0.9799913336344063,0.9842742030887576,0.9811982154238366,0.005122770573711915,0.9793650555170748,0.9830313753305984,0.9744542772861358,0.005374105452357916,0.9725311783481261,0.9763773762241454,0.9799891245241981,0.005762551457373589,0.9779270219684993,0.9820512270798968,0.979016064257028,0.005201005054795028,0.9771549085007577,0.9808772200132984,0.9885202738283307,0.004959970001673938,0.9867453713580798,0.9902951762985817,0.979539066891512,0.005953610721604719,0.9774085946561714,0.9816695391268527,0.9646627565982404,0.006606381422914252,0.9622986933674158,0.967026819829065,0.9287693561532193,0.009447239470613744,0.9253887049259365,0.9321500073805021,0.7287280701754387,0.01746646191094713,0.7224777770523307,0.7349783632985467,0.7097288676236044,0.020208773020364806,0.7024972510730041,0.7169604841742048,0.7590361445783135,0.017433987774291577,0.7527974721757643,0.7652748169808626,0.2175438596491228,0.011469630072734271,0.2134395052392997,0.22164821405894589
0.28,0.8400000000000001,0.8220066666666669,0.00297123373113889,0.00297123373113889,0.8209434243310657,0.8230699090022681,0.8220066666666668,0.8349173553719008,0.01571025815632876,0.8292955116912863,0.8405391990525153,0.8160000000000001,0.014091116236363384,0.8109575588142521,0.821042441185748,0.8801324503311256,0.016161074136879405,0.8743492842237146,0.8859156164385367,0.981779661016949,0.0054400506893083275,0.9798329638789653,0.9837263581549327,0.9823454429572975,0.005088201354269435,0.9805246534868413,0.9841662324277538,0.9742182890855456,0.006617235182099275,0.9718503418868779,0.9765862362842134,0.9803697661772703,0.004208057581932533,0.9788639321108124,0.9818756002437283,0.979769076305221,0.004740794353469653,0.9780726048334005,0.9814655477770415,0.988204318062138,0.004059232053659407,0.9867517405270056,0.9896568955972704,0.9780775716694773,0.004516250006151681,0.976461452360392,0.9796936909785626,0.9659824046920822,0.007588767280904805,0.9632667991967885,0.9686980101873759,0.9311735941320295,0.009075631359933325,0.9279259211593308,0.9344212671047282,0.7327631578947369,0.01550080188596197,0.7272162671778617,0.7383100486116121,0.7106858054226475,0.019146087433335037,0.7038344660255144,0.7175371448197806,0.7607095046854082,0.01805368669245138,0.7542490758729851,0.7671699334978314,0.2133040935672515,0.012040876958768395,0.20899532108457655,0.21761286604992644
0.28400000000000003,0.8520000000000001,0.8240433333333333,0.003094230820061108,0.003094230820061108,0.8229360770547269,0.8251505896119398,0.8240433333333333,0.8328512396694214,0.016875725604417847,0.8268123388187207,0.8388901405201221,0.8231578947368422,0.015588558373484405,0.8175796007642151,0.8287361887094693,0.8841795437821927,0.013727643234100835,0.8792671697398685,0.8890919178245168,0.9816384180790959,0.005791019847357383,0.9795661282408755,0.9837107079173163,0.9818992989165072,0.005039656226802666,0.9800958810968129,0.9837027167362015,0.9735693215339233,0.007377519523923818,0.9709293100776205,0.976209332990226,0.9804241435562806,0.00505083201366599,0.9786167265326186,0.9822315605799427,0.9805722891566264,0.005870896808420495,0.9784714157149852,0.9826731625982676,0.9892575039494472,0.0032508465836616823,0.9880942034396053,0.9904208044592892,0.9802698145025293,0.005776666324024852,0.978202661006668,0.9823369679983905,0.966373411534702,0.007545005035593746,0.9636734661577719,0.9690733569116321,0.9317033414832926,0.008314528765851913,0.9287280255760386,0.9346786573905466,0.7361842105263159,0.01722438626718004,0.7300205430598077,0.7423478779928241,0.7189792663476873,0.021259600699673923,0.7113716159414014,0.7265869167539731,0.7618473895582331,0.01794179603230073,0.7554270003043219,0.7682677788121443,0.2178654970760234,0.010499773284705879,0.21410820146056403,0.22162279269148277
0.28800000000000003,0.8640000000000001,0.8254666666666666,0.0038823502776231984,0.0038823502776231984,0.824077385462182,0.8268559478711511,0.8254666666666666,0.8337465564738291,0.017713113767840818,0.8274080001172853,0.8400851128303729,0.832,0.014034603742411628,0.8269777815504946,0.8370222184495053,0.885945548197204,0.01802109919464151,0.8794967806711076,0.8923943157233003,0.9811440677966101,0.004566072472144982,0.9795101197470413,0.982778015846179,0.9811982154238367,0.005748943603724558,0.9791409823760279,0.9832554484716455,0.9749852507374631,0.007787795561003881,0.9721984238868229,0.9777720775881034,0.9828167482327353,0.0055318034483113915,0.9808372177916164,0.9847962786738543,0.9825301204819278,0.003966860332691905,0.9811105977426251,0.9839496432212305,0.9902053712480254,0.004475986613752829,0.988603660008869,0.9918070824871819,0.9813940415964023,0.005097320354420825,0.9795699889336505,0.9832180942591541,0.9680840664711634,0.007717444774671317,0.9653224143260967,0.9708457186162301,0.9308068459657702,0.00884237877188937,0.9276426413597294,0.9339710505718111,0.7383333333333334,0.01414084099192796,0.7332730983723299,0.7433935682943369,0.7198298777246144,0.018074952571020802,0.713361839015278,0.7262979164339507,0.7659303882195448,0.020312214083504677,0.7586617557598906,0.7731990206791991,0.21780701754385964,0.012183414665623539,0.21344723859785614,0.22216679648986315
0.292,0.876,0.8276433333333334,0.004185581435598043,0.004185581435598043,0.8261455422525461,0.8291411244141207,0.8276433333333333,0.8422176308539944,0.013307069838683312,0.8374557570683646,0.8469795046396241,0.8254736842105262,0.01484893845868755,0.8201600598252912,0.8307873085957613,0.8910228108903605,0.01396730684976232,0.8860246743246092,0.8960209474561118,0.9834745762711864,0.00557494845917343,0.9814796065862147,0.9854695459561581,0.9841937539834288,0.007292675979897494,0.981584103399435,0.9868034045674225,0.9758112094395279,0.006660353495559891,0.9734278325505499,0.978194586328506,0.9851549755301794,0.003840152442672978,0.9837807946270005,0.9865291564333583,0.9812751004016064,0.004790030787562745,0.9795610098981247,0.9829891909050881,0.9909952606635073,0.003424878892366308,0.9897696834918067,0.9922208378352079,0.9804946599213039,0.0052527003993823014,0.9786150052235526,0.9823743146190552,0.9684750733137832,0.006336010041641855,0.9662077612391841,0.9707423853883824,0.9334963325183375,0.008074716604717988,0.9306068322908253,0.9363858327458497,0.7420175438596489,0.013638821369148511,0.7371369543134937,0.7468981334058041,0.7251461988304092,0.01865289792191046,0.7184713450333571,0.7318210526274613,0.7696787148594378,0.02283519177392146,0.7615072464282762,0.7778501832905995,0.22157894736842101,0.009460567649069536,0.218193526713731,0.22496436802311104
0.296,0.888,0.8287,0.0035429385816160438,0.0035429385816160438,0.8274321757110757,0.8299678242889242,0.8287,0.8441460055096418,0.01764608909711429,0.837831433623488,0.8504605773957956,0.8235087719298245,0.015755155283649486,0.8178708620185349,0.8291466818411142,0.892347314201619,0.011676464945812471,0.8881689448830289,0.896525683520209,0.9831214689265537,0.0064281724903589455,0.9808211769432379,0.9854217609098695,0.9859783301465901,0.0055537549685491325,0.983990944454838,0.9879657158383421,0.976401179941003,0.006578761765250509,0.9740470002777398,0.9787553596042661,0.9825448613376833,0.004287271640525442,0.9810106808844069,0.9840790417909596,0.9818273092369478,0.005109982963981909,0.979998725317559,0.9836558931563366,0.9895208004212744,0.003580484854572585,0.9882395403711265,0.9908020604714224,0.9816188870151771,0.006029170988254448,0.979461375885673,0.9837763981446812,0.9695014662756599,0.006093247044304087,0.9673210258239768,0.971681906727343,0.9385900570497145,0.007009348914270199,0.9360817937540514,0.9410983203453777,0.7418859649122805,0.011466014880761186,0.7377829041822904,0.7459890256422707,0.7260499734183944,0.027304029398255016,0.7162793519810848,0.735820594855704,0.7728246318607765,0.020919544691424423,0.7653386689342259,0.7803105947873272,0.2246198830409357,0.009699678736743907,0.22114889758241937,0.228090868499452
0.3,0.9,0.8322233333333332,0.0027977433434988315,0.0027977433434988315,0.8312221737356283,0.8332244929310381,0.8322233333333332,0.8455234159779615,0.013680155997326962,0.8406280350250769,0.8504187969308462,0.8423157894736842,0.01592176881891736,0.8366182576745154,0.8480133212728531,0.8953642384105961,0.01236039963573434,0.8909411262064195,0.8997873506147727,0.9846045197740113,0.007421687393398746,0.981948703048602,0.9872603364994206,0.9848311026131291,0.0059821391542554175,0.9826904216092743,0.9869717836169839,0.9782890855457228,0.005896449106656494,0.9761790683315902,0.9803991027598554,0.9840130505709627,0.004873294559846682,0.9822691645092297,0.9857569366326956,0.9841867469879518,0.004255086757144361,0.9826640837472792,0.9857094102286245,0.9907846234860452,0.0030226744985258507,0.9897029733082443,0.9918662736638462,0.9840921866216976,0.00532685111467405,0.9821859974312583,0.9859983758121369,0.9707233626588465,0.00643738644799525,0.9684197735031358,0.9730269518145572,0.9368785656071719,0.008747945121514398,0.933748153648923,0.9400089775654207,0.7532017543859651,0.015076473214119071,0.7478067077341948,0.7585968010377355,0.7353535353535353,0.01831885712720822,0.728798216519695,0.7419088541873756,0.772958500669344,0.016716882198630326,0.7669764412013977,0.7789405601372903,0.22850877192982455,0.011702647281114977,0.22432103338287435,0.23269651047677475
0.304,0.912,0.8323333333333335,0.002974527877151941,0.002974527877151941,0.8312689122027207,0.8333977544639463,0.8323333333333333,0.8462809917355371,0.013085274456563314,0.8415984864080799,0.8509634970629942,0.8374035087719298,0.01329973159536702,0.832644260942946,0.8421627566009137,0.8947755702722592,0.012192496257095928,0.8904125415204841,0.8991385990240343,0.9860169491525422,0.0052665717480158145,0.9841323306564319,0.9879015676486526,0.9849585723390694,0.0050145789959158,0.9831641282911989,0.9867530163869398,0.9781710914454277,0.00590377237477376,0.9760584536334552,0.9802837292574001,0.9850462207721588,0.0056686276072258285,0.9830177284345837,0.9870747131097338,0.984437751004016,0.0042840903748118005,0.9829047089520548,0.9859707930559771,0.9918378093733545,0.0032158019794702,0.9906870494140658,0.9929885693326432,0.9828555368184372,0.005070316196876794,0.9810411474693579,0.9846699261675165,0.9709677419354837,0.005957906690682965,0.9688357324073517,0.9730997514636158,0.9394458027709862,0.009677895415541812,0.935982612373851,0.9429089931681214,0.7489035087719297,0.014894811125960828,0.7435734690635308,0.7542335484803285,0.7430622009569379,0.015305446845448762,0.7375852171435048,0.748539184770371,0.7841365461847392,0.020779611569175724,0.7767006576828857,0.7915724346865927,0.22195906432748538,0.008546663912494859,0.21890067992484338,0.22501744873012738
0.308,0.924,0.8345433333333333,0.003014754903211336,0.003014754903211336,0.8334645171463191,0.8356221495203475,0.8345433333333333,0.8517906336088156,0.012300535834755624,0.8473889433906994,0.8561923238269318,0.8464561403508772,0.015140273416792204,0.8410382630897909,0.8518740176119636,0.8990434142752023,0.014032721289819272,0.8940218694527059,0.9040649590976987,0.9865112994350281,0.004068958248643205,0.9850552414257201,0.9879673574443362,0.9863607393244105,0.0048872631007471756,0.9846118546845125,0.9881096239643085,0.9775811209439528,0.005446976877869636,0.9756319453012235,0.979530296586682,0.9855899945622622,0.0043706509136236995,0.984025977219299,0.9871540119052253,0.985190763052209,0.004780224071841945,0.9834801818368787,0.9869013442675393,0.9904686677198526,0.003858144585942773,0.9890880484108923,0.991849287028813,0.9826306913996626,0.006042168407786707,0.980468529203312,0.9847928535960133,0.9710654936461387,0.006326447131199036,0.9688016036150926,0.9733293836771848,0.9396903015484921,0.007996045457509489,0.9368289534294545,0.9425516496675297,0.7560087719298246,0.01881762436109684,0.7492749715335534,0.7627425723260959,0.7403508771929824,0.01761321803024303,0.7340480680670408,0.746653686318924,0.7853413654618476,0.01675357714549795,0.779346174875806,0.7913365560478892,0.22912280701754387,0.012320392174782598,0.22471401129940402,0.2335316027356837
0.312,0.936,0.8359766666666668,0.0035979575943269142,0.0035979575943269142,0.8346891540768984,0.8372641792564353,0.8359766666666666,0.8540633608815429,0.016630877982892266,0.8481120776269434,0.8600146441361424,0.8431578947368422,0.017322989583102688,0.8369589425268885,0.8493568469467959,0.8963944076526857,0.015138706061508878,0.8909770912624844,0.9018117240428871,0.9870056497175141,0.004227536021086478,0.9854928453811233,0.988518454053905,0.9862970044614402,0.004739281873852187,0.9846010742234999,0.9879929346993805,0.978938053097345,0.005976812761419259,0.9767992781186878,0.9810768280760023,0.9852093529091898,0.004592810487772202,0.9835658367836103,0.9868528690347692,0.9846887550200805,0.004279523924366987,0.9831573470514247,0.9862201629887363,0.9921011058451819,0.0035446529356643044,0.9908326680825402,0.9933695436078235,0.9839235525576165,0.004926116312581595,0.9821607644744237,0.9856863406408094,0.9738025415444772,0.006359174382410184,0.9715269402169919,0.9760781428719625,0.9422982885085575,0.007181602208357858,0.9397283851632404,0.9448681918538745,0.7608333333333334,0.016320045597520712,0.7549932800193271,0.7666733866473396,0.7474215842636894,0.0190996839126133,0.7405868501531869,0.7542563183741919,0.7888888888888886,0.014725149285019072,0.7836195618905452,0.7941582158872321,0.22906432748538014,0.008891303097078937,0.22588261553441483,0.23224603943634545
0.316,0.9480000000000001,0.8371766666666666,0.003115996916174525,0.003115996916174525,0.8360616214905977,0.8382917118427354,0.8371766666666666,0.8518595041322314,0.014601077453491295,0.8466345756685953,0.8570844325958675,0.8441403508771932,0.01711648847547531,0.8380152941395738,0.8502654076148126,0.9055187637969094,0.011914607817451753,0.9012551761461516,0.9097823514476673,0.9869350282485877,0.005040823514024082,0.9851311927205259,0.9887388637766495,0.9864882090503504,0.005521884544372942,0.9845122280434209,0.9884641900572799,0.9787020648967552,0.0060688795096137385,0.9765303442553736,0.9808737855381368,0.9865144100054377,0.004730605665481698,0.984821584508789,0.9882072355020864,0.9865963855421688,0.004302610677508848,0.9850567160850024,0.9881360549993351,0.992680358083202,0.002767011413652602,0.9916901957653559,0.9936705204010481,0.9849353569421024,0.004930095941327514,0.9831711447670524,0.9866995691171525,0.9753176930596283,0.004166574612580168,0.9738267034831072,0.9768086826361495,0.9425427872860634,0.00783107129899644,0.9397404744114676,0.9453451001606593,0.7633333333333334,0.014853269239260428,0.7580181591981736,0.7686485074684932,0.745826687931951,0.015254548458995473,0.7403679178721932,0.7512854579917086,0.783467202141901,0.017640783499095983,0.7771545288396148,0.7897798754441873,0.23438596491228067,0.013870404060733607,0.22942250456424096,0.23934942526032038
0.32,0.9600000000000001,0.8390933333333334,0.003484639528513409,0.003484639528513409,0.8378463710926333,0.8403402955740334,0.8390933333333334,0.8600550964187328,0.015827721701524588,0.8543912189483046,0.865718973889161,0.8468070175438598,0.016947793015464008,0.840742327701321,0.8528717073863986,0.9044150110375277,0.012990759132099695,0.8997663275845598,0.9090636944904957,0.9888418079096045,0.004086040166664412,0.9873796372144371,0.9903039786047719,0.9869980879541109,0.004360135468830354,0.9854378335147406,0.9885583423934813,0.9805309734513276,0.006218620676953777,0.9783056686213882,0.9827562782812669,0.9868406742794996,0.005192968520419066,0.9849823943601218,0.9886989541988774,0.9867469879518073,0.004602112720091695,0.9851001430651432,0.9883938328384714,0.9909952606635071,0.0031363202795917397,0.9898729428652407,0.9921175784617734,0.9854412591343452,0.004505017789299106,0.98382915922244,0.9870533590462505,0.9737047898338222,0.0056057181575144095,0.9716988093537094,0.975710770313935,0.9463325183374083,0.009110768817710795,0.9430722715869274,0.9495927650878891,0.7631578947368421,0.013270840110898068,0.7584089855927971,0.7679068038808872,0.7556618819776714,0.017240760918397095,0.7494923549174791,0.7618314090378636,0.791566265060241,0.01863963513519876,0.784896157290461,0.7982363728300209,0.2349415204678362,0.011360576574530878,0.2308761903511611,0.2390068505845113
0.324,0.9720000000000001,0.8408666666666668,0.002414515491246902,0.002414515491246902,0.8400026433946657,0.8417306899386678,0.8408666666666668,0.8630165289256196,0.015018533935233863,0.8576422155785232,0.8683908422727161,0.8518596491228069,0.015256418396507704,0.8464002099145043,0.8573190883311095,0.9095658572479766,0.013162097724053712,0.9048558610673095,0.9142758534286436,0.9861581920903955,0.0042639914474341045,0.9846323423472265,0.9876840418335644,0.9876991714467812,0.0035747600425620036,0.9864199599943014,0.988978382899261,0.9816519174041297,0.00663028157974575,0.9792793016120224,0.9840245331962371,0.9881457313757477,0.004129916601558402,0.9866678596999992,0.9896236030514962,0.986847389558233,0.004146795492656079,0.9853634778488766,0.9883313012675895,0.9923117430226436,0.0027747759357357616,0.9913188022062539,0.9933046838390333,0.9865654862282179,0.004591259804687029,0.9849225250074539,0.988208447448982,0.9767350928641252,0.0047118436451190565,0.9750489812702374,0.978421204458013,0.945762021189894,0.007310214079981404,0.9431460946773862,0.9483779477024019,0.7678508771929823,0.011546953681902257,0.7637188528849794,0.7719829015009851,0.7600744284954811,0.014300089368150134,0.7549572072349143,0.7651916497560479,0.7905622489959839,0.017178096785264763,0.7844151460078436,0.7967093519841243,0.23672514619883042,0.011482885666722386,0.23261604833561825,0.2408342440620426
0.328,0.9840000000000001,0.8412533333333333,0.0037726541771317865,0.0037726541771317865,0.8399033063742722,0.8426033602923944,0.8412533333333333,0.8645316804407714,0.014856262523816468,0.8592154351724897,0.8698479257090532,0.8549473684210527,0.014714528089592867,0.8496818421686799,0.8602128946734254,0.9077262693156732,0.015232394828022827,0.9022754268309463,0.9131771118004002,0.9864406779661017,0.00502596059906341,0.984642161063852,0.9882391948683513,0.9882090503505416,0.0041126488255456605,0.9867373578690806,0.9896807428320027,0.9805309734513273,0.005238047248367492,0.9786565623163243,0.9824053845863304,0.9866231647634583,0.004050645938636219,0.9851736597301273,0.9880726697967894,0.9866465863453814,0.005076199274390109,0.9848300917640511,0.9884630809267116,0.9919431279620855,0.003810261936910345,0.990579643239024,0.993306612685147,0.9862844294547497,0.0038027102863834603,0.9849236470551237,0.9876452118543757,0.9761485826001958,0.0069411072851552095,0.973664739257889,0.9786324259425025,0.9474327628361858,0.006833005907875855,0.9449876030749301,0.9498779225974415,0.7721052631578947,0.015450845523014671,0.7665762490959126,0.7776342772198769,0.7584263689526848,0.022697640568599332,0.7503041225881948,0.7665486153171748,0.7946452476572959,0.021517166491860265,0.7869454285159876,0.8023450667986043,0.23584795321637428,0.010192668864413317,0.2322005535063374,0.23949535292641116
0.332,0.9960000000000001,0.8427499999999999,0.0034860065087877184,0.0034860065087877184,0.8415025485916909,0.8439974514083088,0.8427499999999999,0.8597796143250689,0.014546366673474233,0.8545742638626241,0.8649849647875136,0.8575438596491228,0.012635611374908446,0.8530222641888907,0.862065455109355,0.9089771891096394,0.014279034042805826,0.9038675024004819,0.914086875818797,0.9867937853107346,0.0040384119930779155,0.9853486581385973,0.9882389124828719,0.9888463989802422,0.004379848372364163,0.987279090368938,0.9904137075915463,0.9829498525073745,0.005289011198954999,0.981057204156872,0.9848425008578771,0.9874388254486134,0.005053556547900088,0.985630433462897,0.9892472174343298,0.9867971887550201,0.0041796710516729734,0.9853015126779577,0.9882928648320825,0.9930489731437598,0.002739400517701738,0.9920686912581366,0.9940292550293831,0.9869027543563799,0.003977894141649805,0.9854792832192504,0.9883262254935093,0.9766373411534703,0.005376190867990832,0.9747134959590604,0.9785611863478803,0.9496332518337407,0.007687613478009362,0.9468822746810869,0.9523842289863945,0.7709649122807017,0.014090935468626548,0.7659225357818576,0.7760072887795458,0.7607655502392345,0.012738530299621052,0.7562071257147851,0.765323974763684,0.8028781793842034,0.023167260731821696,0.7945878816025674,0.8111684771658393,0.24032163742690058,0.011695238436257865,0.23613655010103318,0.24450672475276797
0.336,1.0080000000000002,0.8431633333333333,0.0034479862522060994,0.0034479862522060994,0.84192948729911,0.8443971793675565,0.8431633333333333,0.8629476584022039,0.01660297368168672,0.8570063605735493,0.8688889562308585,0.8535438596491228,0.017550295250348555,0.8472635671507882,0.8598241521474574,0.9079470198675498,0.013196098485211517,0.9032248566707618,0.9126691830643378,0.9875706214689265,0.004335982884215104,0.9860190099209611,0.9891222330168918,0.9885914595283618,0.004245381352219661,0.9870722693222378,0.9901106497344858,0.9824188790560473,0.004961271030852705,0.9806435110184839,0.9841942470936107,0.9879825992387166,0.004186193608660356,0.9864845890946123,0.9894806093828208,0.9866465863453815,0.003949736166963794,0.985233191410086,0.988059981280677,0.9927856766719327,0.003258338546681927,0.9916196951975553,0.9939516581463101,0.9880831928049467,0.003959362518907327,0.9866663531238486,0.9895000324860448,0.9774193548387099,0.004787804063757969,0.9757060611581083,0.9791326485193115,0.9488997555012226,0.008231472755222626,0.9459541608056665,0.9518453501967787,0.7756140350877192,0.017770242363999864,0.7692550355255894,0.781973034649849,0.7635300372142478,0.015371686140417033,0.7580293499735304,0.7690307244549652,0.8010709504685408,0.019843033201814048,0.7939702122311553,0.8081716887059264,0.2402923976608187,0.011112278517757621,0.23631591986264083,0.24426887545899656
0.34,1.0200000000000002,0.8453933333333334,0.003785993545482718,0.003785993545482718,0.8440385329426127,0.8467481337240542,0.8453933333333334,0.8646005509641873,0.016809156733718772,0.8585854714779315,0.8706156304504431,0.8589473684210527,0.014865911324730752,0.8536276703737073,0.864267066468398,0.9115526122148639,0.014163830222610205,0.9064841506633139,0.916621073766414,0.9887005649717514,0.003746129850580432,0.9873600296210473,0.9900411003224555,0.9891013384321223,0.0046061849305769,0.987453036323651,0.9907496405405937,0.9825958702064898,0.005072161140296109,0.9807808206528867,0.9844109197600928,0.9878194671016857,0.0038730680704981376,0.986433507492362,0.9892054267110093,0.9877008032128514,0.0042795239243669896,0.9861693952441956,0.9892322111815072,0.9925750394944708,0.004294458166879506,0.9910382873757662,0.9941117916131754,0.9884204609331086,0.0044447558290350644,0.9868299254867341,0.9900109963794832,0.9782502443792765,0.005487427126169578,0.976286593801093,0.9802138949574601,0.9495517522412386,0.006672230723641095,0.9471641251407766,0.9519393793417005,0.7797368421052632,0.014228663561608693,0.7746451802413112,0.7848285039692151,0.7657628920786818,0.01982196088574365,0.7586696944727586,0.772856089684605,0.8076974564926371,0.019308554457504654,0.8007879790175649,0.8146069339677093,0.24625730994152042,0.01328319714923386,0.24150397888809694,0.2510106409949439
0.34400000000000003,1.0320000000000003,0.8461433333333335,0.0033991564200277864,0.0033991564200277864,0.8449269608301448,0.8473597058365221,0.8461433333333335,0.8710743801652894,0.01346232103141594,0.866256950453838,0.8758918098767408,0.8586666666666667,0.016388942809990523,0.8528019588018133,0.8645313745315201,0.911699779249448,0.014859372902486815,0.9063824209464536,0.9170171375524424,0.988418079096045,0.004841919184096319,0.9866854205683305,0.9901507376237594,0.9906309751434034,0.004584237527901114,0.9889905268121145,0.9922714234746922,0.9840117994100294,0.0035545416711249746,0.9827398230088494,0.9852837758112093,0.9858075040783035,0.003562473287738681,0.9845326893845702,0.9870823187720369,0.9883032128514057,0.004290475240344731,0.9867678860046569,0.9898385396981544,0.994312796208531,0.003510498566427348,0.9930565804299554,0.9955690119871066,0.987689713322091,0.004431867648637588,0.9861037898518407,0.9892756367923413,0.9790811339198436,0.005762235405660975,0.9770191444617978,0.9811431233778894,0.9510187449062754,0.00816568193665295,0.9480966931527854,0.9539407966597653,0.78,0.011770807753852112,0.7757878705411302,0.7842121294588699,0.7700159489633175,0.015391454850156246,0.7645081875806723,0.7755237103459627,0.8126506024096386,0.0170644032205558,0.8065441841411206,0.8187570206781566,0.2427777777777778,0.013688016854196867,0.23787958385338884,0.24767597170216674
0.34800000000000003,1.0440000000000003,0.8461166666666667,0.0034242626524032434,0.0034242626524032434,0.8448913100136048,0.8473420233197286,0.8461166666666667,0.8683195592286501,0.016555028310967928,0.8623954184305617,0.8742437000267386,0.8588771929824561,0.015710469822291295,0.8532552735581497,0.8644991124067626,0.9111111111111112,0.01350799993389947,0.9062773354143355,0.9159448868078869,0.9880649717514126,0.0039921543959103665,0.9866363976478327,0.9894935458549925,0.9889738687061822,0.0038465527926268956,0.9875973974671868,0.9903503399451776,0.9847197640117995,0.005185888269214488,0.982864017727776,0.986575510295823,0.9882544861337685,0.004929461929870685,0.9864905008368045,0.9900184714307326,0.9885040160642572,0.0035481412209125225,0.9872343300347708,0.9897737020937436,0.99478672985782,0.0028183708707301873,0.9937781887942946,0.9957952709213455,0.9883642495784148,0.004391860000561887,0.9867926426611627,0.989935856495667,0.9767350928641252,0.0054009555053141246,0.9748023857580616,0.9786677999701888,0.952485737571312,0.00894167585042396,0.9492859999620635,0.9556854751805606,0.778859649122807,0.016081440533927835,0.7731049795342351,0.784614318711379,0.7730994152046784,0.017551024386982566,0.7668188617881503,0.7793799686212065,0.8079651941097725,0.017769574891343877,0.8016064333996651,0.81432395481988,0.24383040935672515,0.009845074442520583,0.2403073947131009,0.2473534240003494
0.352,1.056,0.8482666666666668,0.0026397927470023955,0.0026397927470023955,0.8473220289640147,0.849211304369319,0.8482666666666668,0.8704545454545456,0.01738105212410604,0.8642348158311356,0.8766742750779556,0.8666666666666668,0.013215000098092127,0.8619377396145769,0.8713955937187567,0.9164091243561442,0.012280384437816507,0.9120146452228115,0.9208036034894769,0.9884180790960452,0.005472201451306319,0.9864598769556377,0.9903762812364526,0.9892288081580624,0.005229929331683275,0.9873573019822367,0.991100314333888,0.9846607669616517,0.005446976877869634,0.9827115913189225,0.986609942604381,0.9879825992387167,0.00427297831305906,0.9864535335869854,0.989511664890448,0.9887048192771083,0.0035759529843836574,0.98742518093588,0.9899844576183365,0.993312269615587,0.003336633340336817,0.9921182707091245,0.9945062685220496,0.988476672287802,0.004771404553738477,0.9867692470964926,0.9901840974791114,0.980791788856305,0.004594204892469265,0.9791477737494131,0.982435803963197,0.952281988590057,0.005289739457325155,0.9503890796356436,0.9541748975444704,0.7824561403508773,0.017212539958533602,0.7762967120314753,0.7886155686702793,0.7755980861244021,0.01591124616811221,0.7699043198074642,0.7812918524413399,0.8095046854082998,0.013042706727654117,0.8048374127470016,0.814171958069598,0.25026315789473685,0.01122208986987438,0.246247384608871,0.25427893118060274
0.356,1.068,0.8491233333333333,0.003400779153455082,0.003400779153455082,0.8479063801424455,0.8503402865242212,0.8491233333333333,0.8709366391184571,0.013798543912120891,0.8659988935943462,0.875874384642568,0.8647719298245614,0.01644433486846115,0.8588874001661532,0.8706564594829697,0.9183958793230317,0.012865111830760875,0.9137921581794026,0.9229996004666607,0.9902542372881357,0.004366810604913638,0.9886915941819951,0.9918168803942762,0.9905035054174632,0.003672176469138806,0.9891894339444357,0.9918175768904908,0.9843657817109145,0.004460238345077268,0.9827697059173283,0.9859618575045007,0.9890701468189232,0.0041124742735104605,0.9875985168001058,0.9905417768377407,0.9893072289156628,0.004961137834512501,0.9875319085417976,0.991082549289528,0.9944181147972616,0.003206421885655118,0.993270711461436,0.9955655181330872,0.9896008993816753,0.003759921140246221,0.9882554288813458,0.9909463698820048,0.978690127077224,0.0042134627699949405,0.9771823587890589,0.9801978953653891,0.9528117359413202,0.007325120563483818,0.9501904752121977,0.9554329966704427,0.7887719298245613,0.015540740989296045,0.7832107470831087,0.794333112566014,0.7769803296119089,0.01932158604195597,0.7700661888442308,0.7838944703795869,0.8149933065595717,0.012182847824280418,0.8106337304551378,0.8193528826640056,0.2477485380116959,0.009891321371167557,0.24420897411719528,0.25128810190619655
0.36,1.08,0.8501433333333335,0.0030339098858407575,0.0030339098858407575,0.849057662623817,0.85122900404285,0.8501433333333335,0.871900826446281,0.014190532350553866,0.8668228096609629,0.876978843231599,0.8655438596491227,0.012760783047215169,0.8609774720812151,0.8701102472170303,0.9228108903605592,0.014533314757649981,0.9176102104662086,0.9280115702549098,0.9898305084745762,0.0039499288110118455,0.9884170446024935,0.991243972346659,0.9903123008285533,0.004288222799013309,0.9887777800075833,0.9918468216495232,0.9858407079646019,0.004671197587586792,0.9841691413756023,0.9875122745536015,0.989831430125068,0.004725753595075579,0.9881403409195151,0.991522519330621,0.9908132530120483,0.0037384811734748,0.9894754547052949,0.9921510513188017,0.9938915218536072,0.002680117447143739,0.9929324541423322,0.9948505895648821,0.9892636312535132,0.003872975138614622,0.9878777048994369,0.9906495576075895,0.980156402737048,0.005345767182309841,0.978243444518739,0.9820693609553569,0.954156479217604,0.0065223820810330095,0.9518224747652305,0.9564904836699776,0.7863596491228072,0.014089028792674818,0.7813179549191899,0.7914013433264245,0.7809144072301969,0.011931313587370367,0.7766448414964494,0.7851839729639444,0.8111780455153947,0.016845721411200925,0.8051498815273446,0.8172062095034449,0.25219298245614036,0.01306531251775778,0.2475176204167444,0.2568683444955363
0.364,1.092,0.8518733333333335,0.002736841034947899,0.002736841034947899,0.850893967346851,0.852852699319816,0.8518733333333335,0.875,0.013851957715710753,0.8700431405917517,0.8799568594082483,0.8713684210526317,0.014088404476771576,0.8663269502575911,0.8764098918476723,0.9217807211184694,0.014337753862498765,0.9166500217916971,0.9269114204452418,0.9879943502824861,0.005109443880845075,0.9861659592715203,0.9898227412934518,0.9908859145952836,0.0041309998534380015,0.9894076552828284,0.9923641739077389,0.9870796460176993,0.0031231757822304594,0.9859620319174047,0.9881972601179938,0.9903752039151712,0.00404951304924513,0.9889261042811023,0.9918243035492401,0.9895582329317268,0.0038938973023146632,0.9881648196775238,0.9909516461859299,0.993522906793049,0.0030302572623970483,0.9924385431580452,0.9946072704280527,0.9903316469926925,0.0044930300579307655,0.9887238368353646,0.9919394571500204,0.9810850439882697,0.004026623445255542,0.9796441352937932,0.9825259526827461,0.9554197229013854,0.00636226240323148,0.953143016539841,0.9576964292629299,0.794122807017544,0.012495740669554532,0.7896512636464101,0.7985943503886779,0.7814992025518344,0.016053116444479595,0.7757546686085006,0.7872437364951681,0.8200803212851405,0.017374870383916392,0.8138628037690475,0.8262978388012335,0.2531578947368421,0.008773744518886491,0.2500182505828115,0.25629753889087264
0.368,1.104,0.85188,0.0027092943476242975,0.0027092943476242975,0.8509104914689781,0.8528495085310218,0.85188,0.8790633608815425,0.017537729327709792,0.8727875650408742,0.8853391567222108,0.8703859649122807,0.011579717292776836,0.8662422162967002,0.8745297135278612,0.9231788079470199,0.014543909589917414,0.9179743367406338,0.928383279153406,0.990324858757062,0.004775937474904203,0.9886158114807456,0.9920339060333784,0.9909496494582536,0.003548212236936337,0.9896799380160095,0.9922193609004977,0.9880235988200591,0.0046869728560058645,0.9863463871237552,0.9897008105163629,0.9908646003262642,0.0038935481339296574,0.9894713120203631,0.9922578886321654,0.9890562248995985,0.0038535170478885103,0.9876772615338638,0.9904351882653333,0.9946814112690893,0.00243622227087428,0.9938096203257578,0.9955532022124207,0.9914558740865655,0.003934517915586332,0.990047924932586,0.9928638232405451,0.9822091886608015,0.0060484700881221695,0.9800447714371038,0.9843736058844993,0.9578239608801956,0.006785705007617653,0.9553957275287136,0.9602521942316776,0.7903947368421052,0.013113127109450092,0.7857022645708166,0.7950872091133937,0.7856459330143544,0.01403333772393986,0.7806241676037409,0.7906676984249679,0.8171352074966534,0.014517845150313706,0.8119400633301934,0.8223303516631133,0.2477777777777778,0.012127935258159995,0.2434378518827649,0.2521177036727907
0.372,1.116,0.8531233333333332,0.002961905646280997,0.002961905646280997,0.8520634290100288,0.8541832376566376,0.8531233333333332,0.8756198347107438,0.01217383028139305,0.8712634854925896,0.879976183928898,0.8735438596491228,0.013854126799233816,0.8685862240443044,0.8785014952539413,0.9221486387049301,0.011865615074224447,0.9179025828821771,0.9263946945276832,0.9905367231638419,0.0035943100509364134,0.9892505158307124,0.9918229304969713,0.9906947100063734,0.004193093269192838,0.9891942308504569,0.99219518916229,0.9856637168141592,0.005848932170440285,0.9835707033172749,0.9877567303110435,0.9895595432300162,0.004144703317682502,0.9880763801958589,0.9910427062641735,0.9911646586345383,0.003441846167008232,0.9899330098015846,0.992396307467492,0.995155344918378,0.003184877933609671,0.9940156509867809,0.9962950388499751,0.9902192242833051,0.004818780638512688,0.9884948457777886,0.9919436027888217,0.9823558162267839,0.00436470626394554,0.9807939261493879,0.98391770630418,0.956519967400163,0.005916976092431737,0.9544026046985078,0.9586373301018182,0.7959649122807017,0.015637247643570003,0.7903691950765388,0.8015606294848645,0.7869750132908029,0.012151302200613,0.7826267256428221,0.7913233009387837,0.8182730923694781,0.01763027129942933,0.8119641808095309,0.8245820039294253,0.2561988304093567,0.010733327749789396,0.25235795840192826,0.26003970241678515
0.376,1.1280000000000001,0.85437,0.002727402452505124,0.002727402452505124,0.8533940115668671,0.8553459884331328,0.85437,0.881129476584022,0.015797932989358804,0.8754762588673405,0.8867826943007034,0.8745964912280703,0.015605053256551541,0.8690122946373442,0.8801806878187963,0.9274466519499633,0.013654000937877726,0.9225606304649001,0.9323326734350266,0.9899717514124292,0.004585803724812132,0.9883307426247736,0.9916127602000848,0.991332058636074,0.0036115991414984797,0.9900396644813435,0.9926244527908045,0.9853097345132744,0.004082587638598604,0.9838487992894083,0.9867706697371406,0.9907558455682435,0.0044795234956446685,0.9891528686721567,0.9923588224643303,0.9918674698795181,0.003078819521661436,0.9907657284632173,0.9929692112958189,0.9954186413902055,0.002169656362155567,0.9946422398322352,0.9961950429481758,0.9917931422147277,0.003563077682235078,0.9905181112412015,0.9930681731882539,0.9817204301075272,0.004789868217362707,0.9800063977790444,0.98343446243601,0.9575794621026895,0.0061347708837236345,0.9553841625359039,0.9597747616694752,0.7978947368421053,0.013101512593879688,0.7932064207718361,0.8025830529123745,0.7856459330143543,0.01308230752569207,0.780964489389474,0.7903273766392345,0.8267737617135208,0.015127563447897695,0.8213604326563914,0.8321870907706502,0.2557017543859649,0.01070812441203406,0.25186990127712355,0.2595336074948062
0.38,1.1400000000000001,0.8550666666666668,0.002141596783152518,0.002141596783152518,0.8543003061000876,0.855833027233246,0.8550666666666668,0.8764462809917355,0.012064515015412277,0.8721290497391254,0.8807635122443456,0.8761403508771928,0.010919458115800142,0.8722328729736984,0.8800478287806871,0.9220750551876379,0.011153384486427484,0.9180838678074849,0.9260662425677909,0.990677966101695,0.004901227491813398,0.988924084368631,0.992431847834759,0.9913320586360739,0.0034691668807638213,0.9900906332112623,0.9925734840608854,0.9853097345132745,0.005009301342265037,0.9835171790495082,0.9871022899770409,0.9910277324632955,0.003111478155739957,0.989914304304881,0.9921411606217099,0.9908634538152612,0.0028774815070891843,0.9898337602821732,0.9918931473483492,0.9955239599789365,0.002386255372687225,0.9946700494604852,0.9963778704973878,0.990612703766161,0.004075306505577849,0.9891543740622839,0.992071033470038,0.9834799608993158,0.004321176182321501,0.9819336478615749,0.9850262739370567,0.9580277098614506,0.006835519428618542,0.9555816506483487,0.9604737690745525,0.7979385964912279,0.015878767974610145,0.7922564523465726,0.8036207406358832,0.7918128654970763,0.013686104716530938,0.7869153558223634,0.7967103751717892,0.834471218206158,0.016673158623489878,0.8285048050186326,0.8404376313936834,0.2578362573099415,0.007946437332473326,0.2549926612304609,0.26067985338942207
0.384,1.1520000000000001,0.8564133333333335,0.004073186783675974,0.004073186783675974,0.8549557621621974,0.8578709045044696,0.8564133333333336,0.8795454545454545,0.013214566007358743,0.8748166828307385,0.8842742262601705,0.8720701754385963,0.017929364027693392,0.8656542349203993,0.8784861159567934,0.9253127299484916,0.012461718856239723,0.9208533611268962,0.9297720987700869,0.9899011299435027,0.005150177260511073,0.9880581626798244,0.9917440972071809,0.9914595283620139,0.004782970949487478,0.9897479641891421,0.9931710925348857,0.9884955752212389,0.004500421484208908,0.9868851200759866,0.9901060303664911,0.9910821098423057,0.0036536106970602293,0.9897746820454927,0.9923895376391187,0.9914658634538152,0.0032211713697195337,0.9903131820829022,0.9926185448247281,0.9957872564507635,0.0020465063265895766,0.995054923567052,0.9965195893344749,0.9911186059584037,0.003909515430332958,0.9897196038288666,0.9925176080879409,0.9819648093841641,0.005929842913875645,0.9798428423495881,0.9840867764187401,0.9580684596577016,0.005217806899777813,0.9562012914384215,0.9599356278769817,0.8045614035087717,0.011598797811668398,0.8004108270171953,0.808711980000348,0.7945773524720895,0.01686007783818864,0.7885440511026205,0.8006106538415585,0.8362115127175369,0.023897550907178624,0.8276598839528903,0.8447631414821836,0.2608187134502924,0.012087612910159487,0.2564932167221995,0.2651442101783853
0.388,1.1640000000000001,0.85709,0.0030819105135926807,0.0030819105135926807,0.8559871524864421,0.858192847513558,0.85709,0.8834710743801651,0.01243936798725572,0.8790197037143165,0.8879224450460138,0.8762105263157894,0.014410702765255998,0.8710537225594214,0.8813673300721575,0.9244297277409861,0.011355447770846763,0.9203662329431386,0.9284932225388336,0.9921610169491526,0.0033452467008583393,0.9909639357912124,0.9933580981070927,0.9915232632249841,0.004251316184593746,0.9900019492663701,0.9930445771835981,0.9881415929203539,0.004878202245842672,0.9863959506657418,0.9898872351749659,0.9915171288743883,0.003411144785074843,0.9902964663898632,0.9927377913589133,0.9910140562248998,0.004042699206571186,0.989567394893117,0.9924607175566826,0.9962611901000525,0.0025736449322266205,0.9953402230889181,0.997182157111187,0.9914558740865657,0.0037034238584781115,0.9901306208788687,0.9927811272942626,0.9837732160312808,0.004251996001378713,0.9822516588033545,0.985294773259207,0.9599022004889974,0.0065275157946031,0.9575663589608162,0.9622380420171787,0.8029824561403507,0.0150139765708433,0.7976097736251568,0.8083551386555445,0.7987772461456674,0.014491410208119936,0.7935915616017827,0.803962930689552,0.8330655957161981,0.016847784733704952,0.8270366933776724,0.8390944980547238,0.260233918128655,0.011807793120523324,0.2560085536262979,0.2644592826310121
0.392,1.1760000000000002,0.8583266666666666,0.0022093739686466322,0.0022093739686466322,0.8575360523457461,0.859117280987587,0.8583266666666666,0.8838154269972451,0.01672091524010111,0.8778319243239434,0.8897989296705469,0.8805614035087718,0.014191984497663283,0.8754828670792844,0.8856399399382592,0.9289183222958057,0.010489556689863582,0.9251646826418576,0.9326719619497539,0.9912429378531074,0.0037212567104252872,0.9899113032412966,0.9925745724649181,0.991714467813894,0.0039002547109494036,0.9903187795902282,0.9931101560375599,0.9894395280235988,0.003614809458397748,0.9881459850717198,0.9907330709754778,0.9914083741163676,0.004450751216468187,0.9898156932481535,0.9930010549845817,0.9919678714859439,0.0031225406110871904,0.9908504846787238,0.993085258293164,0.9953133228014746,0.0021350036030320565,0.9945493215741007,0.9960773240288484,0.9929173693086002,0.003526191826729972,0.9916555377689479,0.9941792008482525,0.9837732160312804,0.0036719197394679886,0.9824592364277858,0.9850871956347751,0.9613284433577832,0.006044503113839722,0.9591654456976012,0.9634914410179652,0.8067105263157895,0.014999721397100653,0.801342944949006,0.812078107682573,0.7964912280701758,0.013920376366576026,0.7915098853621513,0.8014725707782003,0.8350736278447122,0.017543173211544645,0.8287958839352324,0.841351371754192,0.26312865497076027,0.010991156332452097,0.2591955201899451,0.26706178975157546
0.396,1.1880000000000002,0.8593133333333334,0.003108579155790646,0.003108579155790646,0.8582009425687277,0.860425724097939,0.8593133333333334,0.8829889807162534,0.016191367677277243,0.877194974204633,0.8887829872278739,0.8852631578947369,0.01427591328980056,0.8801545879327,0.8903717278567738,0.9313465783664459,0.011871514315445534,0.9270984115273334,0.9355947452055583,0.9910310734463276,0.004440040114922246,0.989442225496576,0.9926199213960791,0.9934353091140855,0.0028263747413514147,0.9924239039022422,0.9944467143259288,0.9891445427728613,0.004846730839112834,0.9874101624165125,0.9908789231292102,0.9899401848830885,0.003809763420080566,0.9885768785519836,0.9913034912141935,0.9915662650602411,0.0035063817120242415,0.9903115224790936,0.9928210076413887,0.99536598209584,0.002486915573271419,0.9944760507872201,0.99625591340446,0.9929735806632941,0.0035451437709074357,0.9917049672575164,0.9942421940690718,0.9838220918866082,0.005506309038370842,0.9818516845029202,0.9857924992702962,0.962876935615322,0.0058627282224270666,0.9607789852646376,0.9649748859660063,0.8091666666666666,0.014751432259862906,0.8038879344265655,0.8144453989067677,0.7997341839447102,0.013315454964435754,0.7949693095803659,0.8044990583090544,0.8374163319946452,0.01756495524031888,0.8311307934862736,0.8437018705030167,0.26403508771929823,0.012792880179878072,0.259457214339978,0.2686129610986185
0.4,1.2000000000000002,0.8593733333333334,0.0032185811109580803,0.0032185811109580803,0.858221578874614,0.8605250877920528,0.8593733333333334,0.8910468319559228,0.014033372591680469,0.8860250540680485,0.8960686098437971,0.8846315789473685,0.015124787397193308,0.8792192432872257,0.8900439146075114,0.9303899926416483,0.009252533926018998,0.9270790158986782,0.9337009693846184,0.9913135593220339,0.003868764013342755,0.9899291398997828,0.992697978744285,0.9934990439770554,0.0034277352316227903,0.9922724446774789,0.9947256432766318,0.988967551622419,0.0046406501294730075,0.9873069163009166,0.9906281869439214,0.9910277324632955,0.00375313958197022,0.9896846887124285,0.9923707762141624,0.992520080321285,0.003390332897285669,0.9913068652751589,0.9937332953674112,0.9954186413902055,0.002285554788863335,0.9946007661128796,0.9962365166675314,0.991568296795953,0.003099983237834921,0.990458982041083,0.9926776115508231,0.983382209188661,0.004721274677085325,0.9816927227433269,0.9850716956339952,0.9601466992665038,0.00595964419049052,0.9580140679820507,0.9622793305509568,0.8051754385964911,0.015499197045399551,0.7996291221644357,0.8107217550285465,0.7994152046783626,0.01641877111140019,0.7935398228929336,0.8052905864637916,0.8390896921017404,0.015417074700036363,0.8335727627735584,0.8446066214299225,0.2656140350877193,0.01156959419850891,0.2614739089748992,0.2697541612005394
