Beta,R0,mean_infected_ratio,std_infected_ratio,sd_infected_ratio,ci95_low,ci95_high,mean_R_all,R_age1,R_age1_sd,R_age1_ci95_low,R_age1_ci95_high,R_age2,R_age2_sd,R_age2_ci95_low,R_age2_ci95_high,R_age3,R_age3_sd,R_age3_ci95_low,R_age3_ci95_high,R_age4,R_age4_sd,R_age4_ci95_low,R_age4_ci95_high,R_age5,R_age5_sd,R_age5_ci95_low,R_age5_ci95_high,R_age6,R_age6_sd,R_age6_ci95_low,R_age6_ci95_high,R_age7,R_age7_sd,R_age7_ci95_low,R_age7_ci95_high,R_age8,R_age8_sd,R_age8_ci95_low,R_age8_ci95_high,R_age9,R_age9_sd,R_age9_ci95_low,R_age9_ci95_high,R_age10,R_age10_sd,R_age10_ci95_low,R_age10_ci95_high,R_age11,R_age11_sd,R_age11_ci95_low,R_age11_ci95_high,R_age12,R_age12_sd,R_age12_ci95_low,R_age12_ci95_high,R_age13,R_age13_sd,R_age13_ci95_low,R_age13_ci95_high,R_age14,R_age14_sd,R_age14_ci95_low,R_age14_ci95_high,R_age15,R_age15_sd,R_age15_ci95_low,R_age15_ci95_high,R_age16,R_age16_sd,R_age16_ci95_low,R_age16_ci95_high
0.0,0.0,0.0010000000000000002,2.205473771126446e-19,2.205473771126446e-19,0.0010000000000000002,0.0010000000000000002,0.0010000000000000002,0.0013468013468013467,0.0019372254605470067,0.0006535741187742593,0.002040028574828434,0.0011390887290167865,0.0014545267587077822,0.0006185930130738908,0.0016595844449596824,0.001220295439948619,0.001858006703916766,0.0005554162799110094,0.0018851745999862285,0.0007073386383731211,0.001381513155867872,0.00021297050465325152,0.0012017067720929908,0.0007036059806508355,0.0013742228489767487,0.0002118466497474297,0.0011953653115542415,0.0009540846750149076,0.0009665969581949541,0.0006081923957756614,0.0012999769542541538,0.0011558307533539732,0.0008248813697687165,0.000860650746141757,0.0014510107605661894,0.0008891645988420182,0.0006850669689543273,0.0006440165324073403,0.001134312665276696,0.0010829371368198627,0.0008700991870354708,0.0007715761415091232,0.0013942981321306022,0.0009478672985781991,0.0011390058415886794,0.0005402792927669258,0.0013554553043894724,0.0005434782608695652,0.0011798165365633283,0.00012128633541790766,0.0009656701863212228,0.0010384215991692627,0.001493655144814281,0.0005039239700829569,0.0015729192282555684,0.0008818342151675485,0.0020055503798383687,0.0001641572287772032,0.0015995112015578937,0.0015151515151515152,0.003928930723201824,0.00010920171228933511,0.002921101318013695,0.0008771929824561403,0.004804583837764616,-0.0008421052631578951,0.002596491228070176,0.0009523809523809524,0.005216405309573011,-0.0009142857142857145,0.0028190476190476195
0.004,0.012,0.0013166666666666667,0.0002450662589267805,0.0002450662589267805,0.001228970832176235,0.0014043625011570984,0.001316666666666667,0.00101010101010101,0.0014769359141145377,0.0004815862808829807,0.0015386157393190395,0.0009592326139088729,0.0012256212004695323,0.0005206496999857731,0.0013978155278319727,0.001220295439948619,0.0013841915265590328,0.0007249688635860751,0.0017156220163111627,0.001945181255526083,0.0031100302504141267,0.0008322712233782481,0.003058091287673918,0.001407211961301671,0.002270095341171907,0.0005948687762841413,0.002219555146319201,0.0017292784734645197,0.0017723826953524504,0.0010950394713839752,0.002363517475545064,0.0012383900928792566,0.0010538240785099235,0.0008612839895104961,0.001615496196248017,0.0015095119933829614,0.0009169937901530878,0.0011813699798630783,0.0018376540069028446,0.001056524035921817,0.0008663585952306403,0.0007465015941975617,0.0013665464776460724,0.001066350710900474,0.0009514355129114198,0.0007258838851775271,0.0014068175366234211,0.0014492753623188408,0.001458615579479887,0.0009273164806538998,0.0019712342439837816,0.001246105919003115,0.002255369809347635,0.0004390321978738423,0.0020531796401323877,0.0019400352733686065,0.0029420815701986,0.0008872249045835184,0.002992845642153695,0.0003787878787878788,0.0020747066572165385,-0.0003636363636363638,0.0011212121212121214,0.0008771929824561403,0.004804583837764616,-0.0008421052631578951,0.002596491228070176,0.0,0.0,0.0,0.0
0.008,0.024,0.0024599999999999995,0.0019379334887700745,0.0019379334887700745,0.0017665194073272173,0.0031534805926727817,0.0024599999999999995,0.0020875420875420877,0.0019480918774400034,0.0013904263621693212,0.002784657812914854,0.0011990407673860913,0.001363485689890114,0.000711123679516396,0.0016869578552557865,0.0016698779704560048,0.0023040038794965552,0.0008454007708346153,0.002494355170077394,0.001768346595932803,0.002727676971413158,0.0007922599274703006,0.0027444332643953052,0.0031662269129287598,0.004237528089167484,0.0016498469608962143,0.0046826068649613055,0.0033691115086463925,0.003651720641756823,0.0020623600594373895,0.004675862957855395,0.0031578947368421048,0.0032003336088938686,0.002012670062875154,0.004303119410809055,0.002605459057071961,0.0024185593907714554,0.001739988694210862,0.00347092941993306,0.0019809825673534074,0.0018348765181801035,0.001324380437980804,0.0026375846967260108,0.0020537124802527647,0.0017305610031758804,0.001434439178515008,0.0026729857819905215,0.0027777777777777766,0.0036460216724436634,0.0014730656785463738,0.00408248987700918,0.0025960539979231565,0.002723617800769835,0.0016214198850203797,0.0035706881108259333,0.0014109347442680775,0.0027557167183184543,0.0004248141812395543,0.002397055307296601,0.0011363636363636363,0.0034673701889700527,-0.00010441885054666457,0.002377146123273937,0.003508771929824561,0.009098576411625273,0.0002528881758279344,0.006764655683821188,0.0,0.0,0.0,0.0
0.012,0.036000000000000004,0.0052,0.003521950870048372,0.003521950870048372,0.003939686067205713,0.006460313932794287,0.0052,0.003434343434343434,0.0036429368972782676,0.0021307352077280716,0.004737951660958796,0.002517985611510792,0.0018655354513044627,0.001850412323820836,0.003185558899200748,0.002954399486191394,0.002982097736908158,0.0018872695160541205,0.004021529456328667,0.004332449160035367,0.00474923085429462,0.00263295872516686,0.0060319395949038745,0.009762532981530344,0.008602972872317418,0.006683998676398481,0.012841067286662207,0.00849731663685152,0.007303504239601205,0.005883791209886913,0.011110842063816129,0.006625386996904025,0.005269496744851269,0.004739721804118703,0.008511052189689347,0.005272952853598014,0.0037496129817006525,0.003931171080430135,0.006614734626765894,0.004965662968832541,0.003506427263964049,0.00371090408713271,0.006220421850532372,0.0037914691943127963,0.002908903194426925,0.0027505315548176403,0.004832406833807952,0.004166666666666667,0.003500871350216141,0.0029138959431678603,0.005419437390165473,0.0029075804776739354,0.003265609775523128,0.0017389970274725147,0.004076163927875356,0.001763668430335097,0.002892445892013407,0.0007286199608747524,0.0027987168997954414,0.0015151515151515152,0.003928930723201824,0.00010920171228933511,0.002921101318013695,0.002631578947368421,0.008029699384983281,-0.00024181207495017117,0.005504969969687013,0.0019047619047619048,0.007248803762927498,-0.0006891892080154597,0.004498713017539269
0.016,0.048,0.05987000000000001,0.06300887813743339,0.06300887813743339,0.03732256253240865,0.08241743746759136,0.05987,0.035218855218855226,0.03954390387261942,0.021068250952460184,0.04936945948525027,0.031654676258992806,0.031662004970168675,0.020324573291498123,0.04298477922648749,0.026204238921001932,0.028016016513973282,0.016178836166456864,0.036229641675547,0.049071618037135285,0.053409331796947464,0.02995933411024413,0.06818390196402643,0.11838170624450307,0.12980874455991354,0.07193024357400117,0.164833168915005,0.10098389982110914,0.11044331781214438,0.061462266113379065,0.1405055335288392,0.07642930856553148,0.08021329783820234,0.04772534857546047,0.1051332685556025,0.06435070306038047,0.06785832269562428,0.04006791414453979,0.08863349197622115,0.05327522451135765,0.05389384845700028,0.03398955852439048,0.07256089049832481,0.043443917851500785,0.045714390321541405,0.027085233367454126,0.05980260233554745,0.04625603864734299,0.04737869939109824,0.029301788811525946,0.06321028848316004,0.03759086188992731,0.04060929434426544,0.023059012539536163,0.052122711240318455,0.017460317460317457,0.021755553825938072,0.009675192507081178,0.025245442413553736,0.0125,0.01848059760636239,0.005886803079015303,0.019113196920984697,0.008771929824561403,0.01595995881218744,0.0030607319118129703,0.014483127737309837,0.011428571428571429,0.01927613336180587,0.004530695693595303,0.018326447163547553
0.02,0.060000000000000005,0.3356733333333333,0.09340077875084536,0.09340077875084536,0.3022502939052137,0.36909637276145296,0.3356733333333333,0.2142087542087542,0.06179373452782042,0.19209615029735044,0.23632135812015798,0.19028776978417264,0.05691353251382735,0.16992152373522304,0.21065401583312224,0.17752087347463072,0.05268633652773381,0.15866731008211254,0.1963744368671489,0.2794871794871795,0.08360621562272019,0.24956907946096576,0.3094052795133932,0.5922603342128409,0.164737400363856,0.5333098125867323,0.6512108558389494,0.5093023255813953,0.14318778488094414,0.458063234818915,0.5605414163438757,0.42152734778121775,0.11765724906655968,0.3794242419276156,0.4636304536348199,0.37125723738626965,0.10490264043626718,0.3337183096138555,0.4087961651586838,0.31650818806127845,0.08970304304584334,0.28440836636127576,0.34860800976128115,0.2642969984202212,0.07457021472223063,0.23761238978892643,0.290981607051516,0.271195652173913,0.07699499511685572,0.24364334702211837,0.29874795732570764,0.22305295950155762,0.06300817413750422,0.2005057739571055,0.24560014504600974,0.11640211640211638,0.039276030116271926,0.10234736952834592,0.13045686327588685,0.05568181818181817,0.025904484548996843,0.04641201743683883,0.06495161892679752,0.05175438596491229,0.04762149241616987,0.03471325376089263,0.06879551816893195,0.04666666666666667,0.031373290686821834,0.03543987877860515,0.05789345455472819
0.024,0.07200000000000001,0.4805466666666668,0.13116631909285179,0.13116631909285179,0.43360940218864413,0.5274839311446894,0.4805466666666668,0.3260606060606061,0.09049186349667734,0.29367850858750455,0.35844270353370766,0.29592326139088726,0.0810760281427231,0.26691057732624773,0.3249359454555268,0.28028259473346184,0.08026365245051229,0.2515606155767936,0.3090045738901301,0.42873563218390803,0.11947103967265855,0.38598346969766567,0.4714877946701504,0.7545294635004397,0.20627485778770355,0.6807149536315293,0.8283439733693501,0.6797853309481217,0.18524404265487696,0.6134966016218452,0.7460740602743982,0.5862332301341591,0.16029336146590697,0.5288729874039307,0.6435934728643874,0.5314516129032258,0.14583093402885744,0.4792666833654526,0.583636542440999,0.47258320126782877,0.12973227919974714,0.4261591013750457,0.5190073011606118,0.4018957345971564,0.11203026371640204,0.36180621959081544,0.44198524960349733,0.4127415458937198,0.1144973036047899,0.3717692120012506,0.453713879786189,0.3423676012461059,0.09564298558624404,0.3081421984065907,0.3765930040856211,0.1835978835978836,0.0563924249205976,0.1634181135062841,0.20377765368948308,0.09621212121212121,0.040119217703540856,0.08185564353533711,0.1105685988889053,0.10000000000000002,0.05715581911583612,0.07954705280401345,0.12045294719598659,0.07714285714285715,0.045113041223004004,0.06099936267006399,0.09328635161565031
0.028,0.084,0.6182566666666667,0.01018056577701995,0.01018056577701995,0.6146135979908306,0.6218997353425028,0.6182566666666667,0.4448484848484849,0.02113751787818689,0.43728452121880446,0.4524124484781653,0.4128297362110312,0.02483520971486054,0.4039425705513135,0.4217169018707489,0.39646756583172765,0.023444049693747457,0.3880782203921231,0.4048569112713322,0.5633952254641911,0.023151395177302827,0.5551106050983253,0.5716798458300568,0.8892700087950748,0.017370954050700372,0.8830538927208246,0.895486124869325,0.8217054263565892,0.017005722405284647,0.8156200067481328,0.8277908459650455,0.7360577915376677,0.013673567646031249,0.7311647681960157,0.7409508148793197,0.6858354011579819,0.021128072035734018,0.6782748176796124,0.6933959846363514,0.6201003697834125,0.022458276344541783,0.6120637788064403,0.6281369607603848,0.541390205371248,0.018089544001602804,0.5349169451855368,0.5478634655569593,0.5471618357487923,0.021421780628600003,0.5394961500002808,0.5548275214973037,0.4730010384215991,0.026218860172279528,0.463618739804624,0.48238333703857417,0.26331569664902993,0.027534388075209682,0.2534626424178461,0.27316875088021375,0.13295454545454546,0.03582949195269055,0.12013312642313902,0.1457759644859519,0.13421052631578947,0.06532503945229634,0.11083426116620355,0.15758679146537538,0.13523809523809524,0.05140302229814899,0.11684375994482557,0.1536324305313649
0.032,0.096,0.69709,0.007009616547139439,0.007009616547139439,0.6945816409331446,0.6995983590668554,0.69709,0.5244444444444444,0.024141202822286306,0.515805625961743,0.5330832629271458,0.49568345323741,0.020379071472030656,0.4883908961685324,0.5029760103062876,0.47694283879254973,0.024328621884446386,0.468236953259788,0.4856487243253115,0.645446507515473,0.030028694884192755,0.6347008770559383,0.6561921379750076,0.9356200527704487,0.013571132420925109,0.9307636854033329,0.9404764201375645,0.8848837209302327,0.01058111102913305,0.8810973189767392,0.8886701228837263,0.8171310629514963,0.01415379852212501,0.8120661911978615,0.8221959347051311,0.772125723738627,0.012121659393418532,0.7677880436329694,0.7764634038442846,0.7112255678816696,0.011938937212895207,0.7069532740685645,0.7154978616947747,0.6269747235387046,0.017942163887499495,0.6205542026495011,0.6333952444279082,0.6342391304347824,0.01898436989928693,0.6274456609139929,0.6410325999555719,0.5473520249221182,0.025795082719391307,0.5381213731190783,0.5565826767251582,0.3091710758377425,0.026020267542488516,0.2998598426806534,0.3184823089948316,0.16666666666666666,0.02959263975921522,0.15607707652959898,0.17725625680373433,0.15526315789473685,0.05324057827171185,0.1362112616413,0.1743150541481737,0.14476190476190479,0.06407830068239863,0.12183177935141049,0.1676920301723991
0.036000000000000004,0.10800000000000001,0.7524933333333332,0.008063623440396116,0.008063623440396116,0.7496078027436921,0.7553788639229744,0.7524933333333332,0.5873400673400673,0.025243095882619904,0.5783069414897651,0.5963731931903694,0.5640287769784172,0.022212349483487978,0.5560801897984514,0.5719773641583831,0.5526653821451508,0.023429848018999326,0.5442811187095874,0.5610496455807142,0.7141467727674623,0.03111083217856936,0.7030139044503817,0.7252796410845429,0.9563764291996482,0.010706149902857457,0.9525452826598413,0.960207575739455,0.9216457960644006,0.007753677665186996,0.9188711781459806,0.9244204139828205,0.867450980392157,0.009331145069847982,0.8641118730126458,0.8707900877716681,0.829383788254756,0.009506930980743747,0.8259817766949012,0.8327857998146108,0.7691759112519809,0.015289001318217633,0.7637048123948877,0.7746470101090741,0.6891390205371247,0.01947001302711344,0.6821717658549433,0.6961062752193061,0.698550724637681,0.023217279624588135,0.6902425278251435,0.7068589214502184,0.6151609553478713,0.029776606286943827,0.6045055336343226,0.62581637706142,0.36067019400352723,0.029181964088722735,0.3502275622677771,0.37111282573927734,0.18295454545454545,0.037434040024048786,0.1695589462699266,0.1963501446391643,0.20877192982456144,0.0666220757040869,0.18493152621314388,0.232612333435979,0.17619047619047615,0.04569170213924942,0.15983991056819316,0.19254104181275913
0.04,0.12000000000000001,0.793596666666667,0.007733825539231175,0.007733825539231175,0.7908291527402845,0.7963641805930494,0.7935966666666668,0.6372390572390572,0.0275655849421298,0.6273748393524194,0.6471032751256949,0.6174460431654676,0.023814517872515307,0.608924127390675,0.6259679589402601,0.6005138086062942,0.02174809765301744,0.5927313518102708,0.6082962654023176,0.7619805481874447,0.03000929789272228,0.7512418588521637,0.7727192375227256,0.9734388742304307,0.007131700689811586,0.9708868279141899,0.9759909205466716,0.9481514609421586,0.007529421127608757,0.9454570921950811,0.9508458296892361,0.8996904024767802,0.00843686305856923,0.8966713098050968,0.9027094951484637,0.8684036393713814,0.009343967282084111,0.8650599436221494,0.8717473351206134,0.8182778658214473,0.013612713439009199,0.8134066188781066,0.8231491127647881,0.740955766192733,0.01681803526461342,0.7349375095650001,0.7469740228204658,0.7463164251207729,0.02065799985627921,0.7389240548114808,0.753708795430065,0.6709241952232606,0.02340539024565346,0.6625486838894868,0.6792997065570344,0.4031746031746032,0.029521265598788295,0.39261055395282557,0.4137386523963808,0.2223484848484848,0.04493069349154155,0.20627024267336846,0.23842672702360113,0.20614035087719298,0.07604568677380759,0.1789277513531617,0.23335295040122428,0.21428571428571427,0.0793179936953554,0.18590213476855513,0.24266929380287341
0.044,0.132,0.8271766666666668,0.004746954256430496,0.004746954256430496,0.8254779909018812,0.8288753424314523,0.8271766666666668,0.6762289562289561,0.01658224257678471,0.6702950769309154,0.6821628355269967,0.6649280575539567,0.02143311032235815,0.6572583175266025,0.6725977975813109,0.6508670520231213,0.021553368772226546,0.6431542780621611,0.6585798259840816,0.801945181255526,0.023460917691318212,0.7935497996805121,0.81034056283054,0.9827616534740545,0.005444232361243884,0.9808134599439866,0.9847098470041225,0.9601073345259391,0.005625728468387773,0.9580941934480429,0.9621204756038353,0.9247058823529412,0.008546779033514647,0.9216474567547713,0.927764307951111,0.8997105045492142,0.008021343743797035,0.8968401035546936,0.9025809055437348,0.8571051241415744,0.009126072680479123,0.8538394009741347,0.860370847309014,0.7848341232227488,0.013777424868899952,0.7799039350511965,0.7897643113943011,0.7940217391304348,0.014879202376605082,0.7886972849412588,0.7993461933196109,0.7196261682242989,0.028528422254072976,0.7094174034305547,0.7298349330180431,0.4520282186948854,0.0329599254320083,0.4402336608550566,0.4638227765347142,0.22727272727272727,0.0447635566567236,0.2112542942458292,0.24329116029962533,0.26754385964912275,0.06982481980332005,0.24255736878084835,0.2925303505173971,0.24666666666666667,0.07176603370476417,0.2209855213251201,0.27234781200821323
0.048,0.14400000000000002,0.8511366666666668,0.005749331795257083,0.005749331795257083,0.8490792947063021,0.8531940386270315,0.8511366666666668,0.7175757575757575,0.022542263344222616,0.7095091122369338,0.7256424029145813,0.7043165467625898,0.023238212661435685,0.6960008591590198,0.7126322343661599,0.6922286448298007,0.019333707920379847,0.685310166303638,0.6991471233559635,0.827232537577365,0.023935944030660405,0.8186671700099262,0.8357979051448039,0.9860158311345646,0.007995532157158584,0.9831546666976986,0.9888769955714306,0.9712283840190816,0.005299911710296552,0.9693318349706916,0.9731249330674716,0.9437358101135191,0.00857632478851043,0.9406668117027094,0.9468048085243289,0.9234491315136477,0.006905206315772216,0.9209781351682423,0.9259201278590531,0.8834389857369255,0.01098435292155664,0.8795082855254324,0.8873696859484186,0.8109399684044233,0.01533096777057861,0.8054538520452206,0.816426084763626,0.8229468599033818,0.017159492607147577,0.8168064143348802,0.8290873054718834,0.745067497403946,0.02457164860764159,0.7362746458751821,0.7538603489327098,0.45908289241622574,0.0256842029141272,0.4498919184419222,0.46827386639052926,0.26628787878787874,0.037473669550310625,0.252878098359415,0.2796976592163425,0.2614035087719298,0.07907833460429578,0.23310569015908988,0.2897013273847697,0.23619047619047617,0.06708291353462988,0.2121851638793004,0.260195788501652
0.052000000000000005,0.15600000000000003,0.8730066666666668,0.004679001760126228,0.004679001760126228,0.8713323073903901,0.8746810259429435,0.8730066666666668,0.7490235690235689,0.01515205695846162,0.7436014750762506,0.7544456629708872,0.7387290167865707,0.01993824522911828,0.7315942073627862,0.7458638262103551,0.7187540141297367,0.025042973009012703,0.7097925013300376,0.7277155269294359,0.8631299734748011,0.015207284388688012,0.8576881166453885,0.8685718303042138,0.9933157431838169,0.00364903328381805,0.9920099533932958,0.994621532974338,0.979010137149672,0.004066696079827809,0.9775548886470782,0.9804653856522658,0.9582249742002062,0.006159267504451118,0.9560209086302739,0.9604290397701386,0.9400951199338297,0.005494923610944631,0.9381287867730214,0.942061453094638,0.9039091389329106,0.012245561658050574,0.89952712097128,0.9082911568945412,0.84739336492891,0.018377510991277754,0.8408170570793717,0.8539696727784484,0.8521739130434784,0.01515389766612443,0.8467511604073824,0.8575966656795745,0.7744548286604361,0.025474593923777936,0.7653388623000158,0.7835707950208565,0.5042328042328043,0.03172017435057726,0.49288188561986307,0.5155837228457455,0.2863636363636363,0.038263459514245306,0.2726712332262663,0.30005603950100634,0.29912280701754385,0.0833564141628393,0.2692940972957201,0.32895151673936757,0.2676190476190476,0.06518887551544973,0.24429150810848502,0.2909465871296102
0.056,0.168,0.8871733333333334,0.0037280792256393453,0.0037280792256393453,0.885839257315808,0.8885074093508587,0.8871733333333334,0.7703030303030303,0.01886297132095461,0.7635530027055778,0.7770530579004827,0.7617505995203838,0.019288768992344243,0.7548482021830899,0.7686529968576777,0.7513808606294156,0.014695585499509193,0.7461221128958486,0.7566396083629825,0.8775419982316534,0.018245807280430636,0.8710128199497625,0.8840711765135442,0.994019349164468,0.004746980951016391,0.9923206638471476,0.9957180344817884,0.9847346451997615,0.0038663878327798184,0.9833510760828045,0.9861182143167185,0.9667698658410732,0.004225737985509304,0.9652577049234502,0.9682820267586961,0.9502067824648468,0.006953720046481531,0.9477184257038647,0.9526951392258289,0.9197041732699416,0.006398072100314982,0.9174146525728688,0.9219936939670144,0.8642575039494471,0.013392885303987433,0.8594649214939458,0.8690500864049484,0.8727053140096618,0.01303699840895082,0.8680400840439775,0.8773705439753461,0.8003115264797508,0.02135482892457032,0.7926697990908321,0.8079532538686695,0.5213403880070546,0.03442263013486277,0.509022408011554,0.5336583680025553,0.3075757575757576,0.051163205540856425,0.28926723960694406,0.32588427554457117,0.2964912280701754,0.06061633538297189,0.27479995103170796,0.3181825051086429,0.2790476190476191,0.06863844563089537,0.254485666724652,0.3036095713705862
0.06,0.18,0.9007466666666665,0.003769362274181542,0.003769362274181542,0.8993978176999474,0.9020955156333855,0.9007466666666666,0.7910437710437711,0.015400790112996568,0.7855326690802211,0.7965548730073211,0.7872302158273381,0.020890184915658375,0.7797547591616147,0.7947056724930615,0.7732819524727039,0.018676278114648597,0.7665987321811303,0.7799651727642776,0.8945181255526082,0.018517701244252324,0.8878916512653242,0.9011445998398923,0.9965699208443272,0.0028695173244466013,0.9955430772573963,0.997596764431258,0.9871794871794872,0.0035416509381568585,0.9859121236678572,0.9884468506911173,0.975190918472652,0.004604819433895492,0.9735431050008927,0.9768387319444114,0.9610008271298593,0.0066748547322150594,0.9586122610399885,0.9633893932197302,0.9344955097728475,0.007891988007578888,0.9316713981340441,0.9373196214116508,0.8801737756714059,0.013411125886023861,0.8753746659074523,0.8849728854353595,0.8902777777777776,0.011862098703237189,0.886032980272222,0.8945225752833332,0.8287642782969885,0.018284010715986877,0.8222214290912578,0.8353071275027192,0.5447971781305114,0.049701730629027746,0.527011642242303,0.5625827140187198,0.3132575757575758,0.039779257562119065,0.29902275125502314,0.32749240026012844,0.3324561403508771,0.07833499136870685,0.3044243236986631,0.3604879570030911,0.32476190476190486,0.07632787283012514,0.29744832625448064,0.3520754832693291
0.064,0.192,0.91334,0.0033965093643428855,0.0033965093643428855,0.912124574733523,0.914555425266477,0.91334,0.814949494949495,0.017775561116990492,0.8085885920960512,0.8213103978029388,0.8054556354916066,0.021144581576598553,0.7978891441499126,0.8130221268333006,0.7976236351958893,0.019502151810525416,0.7906448797977662,0.8046023905940124,0.9134394341290891,0.01846259151940044,0.906832680603572,0.9200461876546062,0.9968337730870711,0.0028903565039850435,0.9957994722955144,0.9978680738786279,0.9908169350029816,0.0030349093811126845,0.9897309066286756,0.9919029633772877,0.980371517027864,0.004284203939392016,0.9788384343373397,0.9819045997183882,0.9685277088502897,0.0047606137288616,0.9668241451060704,0.970231272594509,0.9468304278922349,0.00662097560267805,0.9444611422012532,0.9491997135832166,0.9014218009478672,0.013191552825529331,0.8967012643945057,0.9061423375012286,0.9072463768115944,0.012020522904842845,0.9029448879335743,0.9115478656896144,0.8483904465212876,0.016287006377318922,0.8425622161403901,0.8542186769021851,0.5857142857142857,0.03523792539077276,0.5731045560583616,0.5983240153702098,0.33901515151515155,0.050121266926416684,0.321079486491012,0.3569508165392911,0.3482456140350877,0.07204666413935089,0.3224640463822353,0.3740271816879401,0.3180952380952381,0.07067915565995488,0.2928030270669923,0.3433874491234839
0.068,0.20400000000000001,0.9232633333333333,0.003340398833644883,0.003340398833644883,0.9220679869623959,0.9244586797042708,0.9232633333333333,0.8356228956228955,0.020392576267235618,0.8283255059251187,0.8429202853206723,0.8314148681055156,0.01938222604533351,0.824479027591316,0.8383507086197152,0.823956326268465,0.02028087802884981,0.8166989072719559,0.8312137452649742,0.925994694960212,0.012251794643974382,0.9216104465532139,0.9303789433672102,0.9979771328056289,0.0023684279234045184,0.9971296017579727,0.9988246638532852,0.9933214072748958,0.0019474122539531247,0.9926245347496644,0.9940182798001272,0.9832610939112488,0.0034893973766577987,0.9820124290964563,0.9845097587260414,0.9746691480562448,0.0044199204565891215,0.9730874998337626,0.976250796278727,0.9564447966191234,0.006849640235105438,0.9539936843403161,0.9588959088979307,0.9127962085308056,0.009688796978119347,0.9093291170596031,0.9162633000020081,0.9205314009661838,0.010635210263979272,0.9167256398501278,0.9243371620822398,0.8616822429906542,0.019644830478733763,0.8546524306868302,0.8687120552944783,0.5971781305114638,0.032519119688448984,0.5855413129811289,0.6088149480417988,0.3503787878787879,0.04015804544596372,0.3360084158728209,0.3647491598847549,0.3692982456140351,0.0827814693944501,0.3396752772352694,0.39892121399280084,0.34857142857142864,0.07366928782766867,0.3222092124889061,0.3749336446539512
0.07200000000000001,0.21600000000000003,0.9300766666666667,0.002481751791381036,0.002481751791381036,0.9291885831936647,0.9309647501396686,0.9300766666666668,0.8478114478114479,0.014049893761539848,0.8427837578988668,0.852839137724029,0.8426858513189449,0.019009161797806297,0.8358835101312079,0.849488192506682,0.8353243416827233,0.0174751261433394,0.8290709481038725,0.8415777352615741,0.934394341290893,0.011820085586236732,0.9301645779861737,0.9386241045956124,0.9986807387862797,0.001661539656787347,0.9980861644561413,0.9992753131164182,0.9944543828264759,0.0019140718448011514,0.9937694410134349,0.9951393246395169,0.9868524251805987,0.003568817024851664,0.9855753404096937,0.9881295099515036,0.9782464846980976,0.003196271936384493,0.9771027134749717,0.9793902559212235,0.9623877443211835,0.0061826036682442985,0.9601753280122852,0.9646001606300817,0.9239336492890994,0.008971778900562473,0.9207231394417053,0.9271441591364935,0.9300724637681161,0.009009113612386467,0.9268485938656773,0.933296333670555,0.8765316718587748,0.016041675458039976,0.8707912320198584,0.8822721116976912,0.6227513227513227,0.03110556269384543,0.6116203400951333,0.6338823054075121,0.3734848484848484,0.050532690103239214,0.35540195756768644,0.3915677394020104,0.3736842105263158,0.05281275531431378,0.3547854087520108,0.39258301230062076,0.34,0.08093402670320744,0.3110381304978862,0.36896186950211385
0.076,0.228,0.9365100000000001,0.0028587856114815208,0.0028587856114815208,0.9354869967072333,0.9375330032927668,0.93651,0.8621548821548821,0.013780367222744087,0.857223641075529,0.8670861232342353,0.8537769784172663,0.01416306608600999,0.8487087903084868,0.8588451665260458,0.849582530507386,0.01957062794925522,0.8425792712377185,0.8565857897770535,0.9434129089301503,0.013167745193336137,0.938700891828555,0.9481249260317456,0.9994722955145119,0.0016101771853792382,0.9988961010087172,1.0000484900203066,0.9964818127608823,0.001740973544263435,0.9958588133791699,0.9971048121425947,0.9898658410732715,0.0023591324731253,0.989021636359778,0.9907100457867649,0.9826923076923076,0.0035816391030942993,0.9814106345996308,0.9839739807849844,0.9669043845747493,0.00448092202836524,0.9653009072201557,0.9685078619293428,0.9315560821484993,0.008886573690093009,0.9283760625940887,0.9347361017029099,0.9376811594202898,0.008689403051888565,0.9345716964726111,0.9407906223679686,0.8894080996884737,0.016068078094902995,0.8836582117872961,0.8951579875896513,0.6398589065255732,0.029992736041596194,0.6291261437726033,0.6505916692785431,0.38333333333333336,0.04875674805264145,0.36588595511716854,0.4007807115494982,0.38157894736842113,0.0581293711002161,0.36077761906903866,0.4023802756678036,0.362857142857143,0.06284370658005954,0.3403688112722685,0.3853454744420175
0.08,0.24000000000000002,0.9434800000000002,0.002546315796976306,0.002546315796976306,0.9425688125943169,0.9443911874056835,0.94348,0.8760942760942761,0.015597372025106604,0.8705128281969216,0.8816757239916307,0.8741007194244604,0.01743129934757877,0.867863009063055,0.8803384297858659,0.8645472061657032,0.013407987337093237,0.8597492195170604,0.8693451928143461,0.9453580901856764,0.010894388917141578,0.9414595831797099,0.9492565971916429,0.9993843447669305,0.0013298335962895328,0.9989084699260987,0.9998602196077623,0.99752534287418,0.0011187360494552703,0.9971250083203286,0.9979256774280315,0.9917853457172344,0.002460356206346533,0.990904918556008,0.9926657728784608,0.9856079404466502,0.003088445896820271,0.9845027542762393,0.9867131266170611,0.9722398309561543,0.0045518721085871594,0.9706109644414231,0.9738686974708854,0.9415481832543443,0.008884666924082059,0.9383688460273877,0.9447275204813009,0.9480072463768114,0.009028562955820591,0.9447764166162093,0.9512380761374136,0.9025960539979231,0.018654550859789523,0.8959206087046475,0.9092714992911987,0.6610229276895943,0.02527693732499132,0.6519776918346668,0.6700681635445217,0.4102272727272727,0.04224039785763474,0.395111740480788,0.4253428049737574,0.4210526315789474,0.06371502606730294,0.39825250231994097,0.44385276083795383,0.39428571428571435,0.05974376437859656,0.3729066827710328,0.4156647458003959
0.084,0.25200000000000006,0.94823,0.001954332058045272,0.001954332058045272,0.9475306512546761,0.948929348745324,0.9482299999999999,0.8878114478114477,0.012529221889135696,0.8833279233397585,0.8922949722831369,0.8833333333333333,0.013744043966816331,0.8784150903641809,0.8882515763024857,0.8733461785484906,0.013884393168079434,0.8683777122626778,0.8783146448343034,0.9580017683465961,0.01058909782466691,0.9542125083550261,0.9617910283381661,0.9994722955145119,0.001073451456919504,0.9990881658439821,0.9998564251850417,0.9979427549194991,0.0014123045105591705,0.9974373682410128,0.9984481415979855,0.9937461300309597,0.002020211268046938,0.9930232067131018,0.9944690533488175,0.9886269644334161,0.002766294337674948,0.9876370587179131,0.9896168701489192,0.9776545166402537,0.005286535154211637,0.9757627543309833,0.9795462789495242,0.9482622432859401,0.007339071068334794,0.9456359904327699,0.9508884961391103,0.9510869565217389,0.009026682592797835,0.9478567996404027,0.9543171134030751,0.9065420560747663,0.017431665875642214,0.9003042145529779,0.9127798975965548,0.6710758377425043,0.03381003441389914,0.6589770723104056,0.6831746031746031,0.4049242424242425,0.04520733454649487,0.38874700551898794,0.4211014793294971,0.4394736842105263,0.08881200838896491,0.4076927151675032,0.47125465325354937,0.42571428571428577,0.07132011470430769,0.40019271043771437,0.45123586099085716
0.088,0.264,0.95278,0.0024471517574800985,0.0024471517574800985,0.9519042979901159,0.953655702009884,0.95278,0.897104377104377,0.01378292010389209,0.8921722224882375,0.9020365317205165,0.8956235011990409,0.01113209038295944,0.8916399338159512,0.8996070685821306,0.8885035324341681,0.016840937079715356,0.8824770804971525,0.8945299843711838,0.9600353669319187,0.0075003030279063194,0.9573514179629997,0.9627193159008377,0.9993843447669305,0.0013298335962895326,0.9989084699260987,0.9998602196077623,0.9983005366726296,0.001315203536279686,0.9978298971315361,0.9987711762137231,0.9939112487100104,0.0017595070500183775,0.9932816171984392,0.9945408802215815,0.9904466501240694,0.0022491188714166875,0.9896418132723509,0.9912514869757879,0.9811410459587956,0.004042570401420825,0.9796944307193438,0.9825876611982474,0.9544628751974725,0.008259819411972178,0.9515071367810731,0.9574186136138719,0.9591787439613525,0.007856806030441572,0.9563672220313797,0.9619902658913253,0.915368639667705,0.01688722305568996,0.9093256245069061,0.9214116548285038,0.6908289241622574,0.031553369443015296,0.6795376959188913,0.7021201524056234,0.4284090909090909,0.050832868095051255,0.410218782677106,0.4465993991410758,0.42807017543859655,0.06406387903243345,0.4051452107492638,0.4509951401279293,0.4133333333333334,0.09303191837860726,0.3800422888942242,0.44662437777244257
0.092,0.276,0.95614,0.0017719266739713111,0.0017719266739713111,0.9555059241830749,0.9567740758169251,0.95614,0.9017508417508416,0.017186940479526666,0.8956005740873532,0.9079011094143301,0.9029976019184651,0.011994954897289356,0.8987052624344435,0.9072899414024868,0.8932562620423892,0.012286477182748744,0.8888596026482833,0.897652921436495,0.9677276746242264,0.007308620882426273,0.9651123182301417,0.9703430310183111,1.0,0.0,1.0,1.0,0.9986881335718544,0.0012591202276406037,0.9982375631850117,0.9991387039586971,0.995768833849329,0.001998719047456276,0.9950536014238364,0.9964840662748217,0.991852770885029,0.0020330204683044273,0.9911252638537271,0.9925802779163309,0.9835182250396196,0.0034907495485332705,0.9822690763563356,0.9847673737229036,0.9596366508688783,0.005778846183323842,0.957568717320385,0.9617045844173716,0.9621376811594203,0.008367620617352052,0.9591433665771045,0.9651319957417361,0.9211838006230529,0.016138734754291124,0.9154086285610347,0.9269589726850712,0.7024691358024691,0.03555247479434856,0.68974684608807,0.7151914255168681,0.4299242424242425,0.056313062978592884,0.40977287163886067,0.4500756132096243,0.4763157894736842,0.07292518053629893,0.45021984876563736,0.502411730181731,0.4380952380952381,0.07011936473481473,0.4130033456768871,0.46318713051358906
0.096,0.28800000000000003,0.9591700000000001,0.0023343240917912903,0.0023343240917912903,0.9583346728517536,0.9600053271482466,0.95917,0.9111111111111112,0.014422249988495459,0.9059501752339751,0.9162720469882473,0.908093525179856,0.012338001117488555,0.9036784281824953,0.9125086221772166,0.9056518946692358,0.0113425178586744,0.9015930267810364,0.9097107625574352,0.9679929266136165,0.008031406285109198,0.9651189247849323,0.9708669284423006,0.9998240985048373,0.0006694145955210186,0.9995845515683012,1.0000636454413736,0.9988372093023253,0.0007483542276691236,0.9985694141812128,0.9991050044234379,0.9959958720330235,0.0015993059349947766,0.9954235677542171,0.9965681763118299,0.9930934656741108,0.0022616707309772396,0.9922841371971339,0.9939027941510877,0.9850237717908085,0.004425821980011153,0.9834400117352917,0.9866075318463252,0.9633491311216429,0.005608809441322107,0.9613420444398263,0.9653562178034595,0.968780193236715,0.007942046388587117,0.9659381684363244,0.9716222180371057,0.9326064382139148,0.012554258125640615,0.9281139546400529,0.9370989217877767,0.7047619047619046,0.03554478077589514,0.6920423683166492,0.71748144120716,0.4477272727272727,0.047617054403316955,0.4306877286457564,0.464766816808789,0.4657894736842105,0.07914373642543508,0.43746825133024714,0.4941106960381738,0.43428571428571433,0.08060293552994852,0.40544232423833454,0.4631291043330941
0.1,0.30000000000000004,0.9626133333333333,0.0019971934330943993,0.0019971934330943993,0.9618986468419287,0.9633280198247379,0.9626133333333333,0.9194612794612796,0.009907350563846737,0.9159159795938451,0.9230065793287142,0.917925659472422,0.014812375380377784,0.9126251190167248,0.9232261999281192,0.9162491971740525,0.011798902709165827,0.9120270140645415,0.9204713802835636,0.974977895667551,0.008465261760032969,0.9719486406510625,0.9780071506840395,0.9999120492524187,0.0004817260839975143,0.9997396657871592,1.000084432717678,0.9992844364937389,0.0009512531750639085,0.9989440349167766,0.9996248380707011,0.9972961816305468,0.0010217634832227433,0.9969305482638586,0.9976618149972349,0.9945822994210093,0.0015620231460911043,0.9940233366168693,0.9951412622251493,0.9866877971473852,0.003273079029594114,0.9855165408589414,0.987859053435829,0.9674170616113744,0.007341818857965801,0.9647898254743129,0.9700442977484359,0.9697463768115941,0.009214661722323046,0.9664489524626649,0.9730438011605234,0.9393561786085148,0.014021277457722981,0.9343387289087409,0.9443736283082887,0.7130511463844798,0.029758475209024762,0.7024022127938382,0.7237000799751213,0.456060606060606,0.05468025836174749,0.43649352690337884,0.47562768521783316,0.4675438596491228,0.08079605999901053,0.43863136089804355,0.4964563584002021,0.46476190476190476,0.08970460031598868,0.43266152579993744,0.4968622837238721
0.10400000000000001,0.31200000000000006,0.9650099999999999,0.001613381541979463,0.001613381541979463,0.9644326588299222,0.9655873411700776,0.9650099999999999,0.9261279461279462,0.011262804581711468,0.9220976032695647,0.9301582889863278,0.924220623501199,0.011538021830700738,0.9200917954151,0.9283494515872981,0.9195247270391781,0.01204533439058823,0.9152143594850117,0.9238350945933445,0.9779840848806365,0.008507192841477535,0.9749398250193583,0.9810283447419147,0.9998240985048373,0.0006694145955210185,0.9995845515683012,1.0000636454413736,0.9991353607632678,0.0009821692075480816,0.9987838960261639,0.9994868255003717,0.9976057791537667,0.0012139505086156352,0.9971713725432878,0.9980401857642456,0.9949131513647644,0.0017194658580479086,0.99429784840972,0.9955284543198089,0.988932910723719,0.0032934119804952583,0.9877543783822407,0.9901114430651974,0.9690758293838861,0.007056720629081403,0.966550614337787,0.9716010444299853,0.9720410628019324,0.009245722008692859,0.9687325236722715,0.9753496019315933,0.943509865005192,0.013411326513780223,0.9387106834475178,0.9483090465628661,0.7432098765432097,0.01963719576632485,0.7361827962861338,0.7502369568002856,0.45454545454545453,0.040808828720846645,0.43994220273541657,0.4691487063554925,0.4991228070175439,0.06927546012102771,0.4743329019868508,0.5239127120482371,0.46190476190476193,0.07618021277341737,0.4346440228700199,0.48916550093950395
0.108,0.324,0.96721,0.001952072285264197,0.001952072285264197,0.9665114599039804,0.9679085400960197,0.96721,0.9283501683501684,0.009720934819866233,0.9248715764999946,0.9318287602003421,0.9328537170263788,0.013160285900542286,0.9281443691984286,0.9375630648543289,0.9242132305716119,0.014071228195379983,0.9191779062299291,0.9292485549132946,0.9788682581786029,0.007354948251987887,0.9762363237482302,0.9815001926089756,0.9999120492524187,0.0004817260839975143,0.9997396657871592,1.000084432717678,0.9990161001788908,0.0008898158672925093,0.9986976836601632,0.9993345166976183,0.9979979360165118,0.0012242529607351428,0.9975598427208895,0.998436029312134,0.995760959470637,0.0016051783779372207,0.9951865537651121,0.996335365176162,0.9910195456946645,0.0023938187811584958,0.9901629286452515,0.9918761627440776,0.9744865718799368,0.005194790127532471,0.9726276401068251,0.9763455036530485,0.9754227053140099,0.0064478035519195745,0.9731153884455344,0.9777300221824854,0.9439252336448599,0.011883714077685889,0.9396727011768969,0.9481777661128229,0.7377425044091709,0.03931738172124084,0.7236729600536045,0.7518120487647373,0.48295454545454547,0.0533627992543272,0.4638589129841784,0.5020501779249125,0.507017543859649,0.06839079790861773,0.4825442111359687,0.5314908765833294,0.4752380952380952,0.0879777763932683,0.44375565228079933,0.506720538195391
0.112,0.336,0.9699600000000002,0.0020491545775657488,0.0020491545775657488,0.9692267194518477,0.9706932805481526,0.9699600000000002,0.9370370370370369,0.009609546315842567,0.9335983050511129,0.9404757690229609,0.9366906474820144,0.01232940935111345,0.9322786250087653,0.9411026699552634,0.9296082209377007,0.012024592080148378,0.9253052759239985,0.9339111659514029,0.9816091954022989,0.008836853435705366,0.9784469680124184,0.9847714227921793,0.9999120492524187,0.0004817260839975143,0.9997396657871592,1.000084432717678,0.9993738819320213,0.0007105338004559774,0.9991196206769732,0.9996281431870693,0.9979566563467491,0.0011629640537076645,0.9975404950048373,0.9983728176886609,0.9969396195202644,0.0013127584133585247,0.996469854955171,0.9974093840853578,0.9923137876386687,0.0020824861455167177,0.991568579542109,0.9930589957352285,0.9751579778830965,0.005716098674981506,0.9731124982420909,0.9772034575241022,0.9801328502415461,0.004977954547988947,0.978351512084049,0.9819141883990431,0.9549325025960539,0.00928231866565446,0.9516108675208889,0.9582541376712189,0.7590828924162256,0.02870334286827119,0.7488115330845843,0.769354251747867,0.49583333333333335,0.054086639189405906,0.4764786780687954,0.5151879885978713,0.5149122807017543,0.08196977202193959,0.4855797744973725,0.5442447869061361,0.5095238095238095,0.07691567838253922,0.4819998875008691,0.5370477315467499
0.116,0.34800000000000003,0.9716366666666668,0.0014373067086438515,0.0014373067086438515,0.9711223330665,0.9721510002668337,0.9716366666666668,0.9418181818181818,0.013685233071215983,0.9369209840577389,0.9467153795786246,0.9409472422062349,0.009024792200073286,0.9377177617932474,0.9441767226192225,0.9359666024405908,0.009807529098712693,0.9324570232256987,0.939476181655483,0.9836427939876216,0.007106655199075147,0.9810997100851376,0.9861858778901055,1.0,0.0,1.0,1.0,0.9997316636851521,0.00041689767414970763,0.9995824787684207,0.9998808486018835,0.9984932920536633,0.000984867640726915,0.9981408616946478,0.9988457224126789,0.9970223325062035,0.0012125672765188058,0.9965884208789735,0.9974562441334336,0.9916798732171157,0.002119584313082102,0.990921389711787,0.9924383567224444,0.9783175355450238,0.004585149168317195,0.9766767609874016,0.9799583101026459,0.9824275362318844,0.005887561025953108,0.980320699576584,0.9845343728871848,0.9578400830737281,0.013436256196080567,0.9530319805438137,0.9626481856036426,0.7705467372134039,0.027421968890351516,0.7607339116708697,0.7803595627559382,0.5117424242424243,0.04862414274337657,0.49434249822675735,0.5291423502580913,0.5017543859649123,0.07536751529600699,0.4747844669874963,0.5287243049423282,0.4923809523809524,0.08445156374959169,0.4621603484125576,0.5226015563493472
0.12,0.36,0.9735333333333334,0.0016250906252359874,0.0016250906252359874,0.9729518021216245,0.9741148645450423,0.9735333333333334,0.9450505050505051,0.011246757575258769,0.9410259045396344,0.9490751055613759,0.9476618705035972,0.010805312249669546,0.9437952391737103,0.951528501833484,0.9400128452151574,0.010813841387829487,0.9361431617723779,0.9438825286579369,0.9864721485411139,0.007284236577358845,0.983865517958533,0.9890787791236947,0.9999120492524187,0.0004817260839975143,0.9997396657871592,1.000084432717678,0.9996124031007753,0.0005083370099784577,0.9994304970379511,0.9997943091635995,0.9986996904024767,0.0009937766203503302,0.9983440720060465,0.999055308798907,0.9971877584780809,0.0014177331606038803,0.9966804291821248,0.997695087774037,0.9942155309033279,0.0019314536243348938,0.9935243691003633,0.9949066927062925,0.981911532385466,0.004443423025920078,0.980321473876561,0.9835015908943711,0.9836956521739133,0.0054034579523503,0.9817620495786784,0.9856292547691482,0.959293873312565,0.010974046073996437,0.9553668613591034,0.9632208852660266,0.7784832451499117,0.02784986721513582,0.7685172981583728,0.7884491921414507,0.5087121212121213,0.04990759248444876,0.4908529186050428,0.5265713238191998,0.5263157894736842,0.07313771934522645,0.5001437927296407,0.5524877862177276,0.5057142857142857,0.07945982303293313,0.4772799532204884,0.5341486182080829
0.124,0.372,0.9749866666666668,0.0014060787571342998,0.0014060787571342998,0.9744835078454314,0.9754898254879022,0.9749866666666668,0.9507744107744108,0.008413281186317689,0.9477637567673359,0.9537850647814857,0.9476618705035971,0.010437747901794284,0.9439267703863586,0.9513969706208355,0.944315992292871,0.00977702484652019,0.9408173288844356,0.9478146557013064,0.9850574712643678,0.006011795525051584,0.9829061778645173,0.9872087646642184,0.9999120492524187,0.0004817260839975143,0.9997396657871592,1.000084432717678,0.9998211091234347,0.0004331254008152874,0.9996661171892948,0.9999761010575746,0.9990092879256965,0.0007557364127043192,0.998738851123596,0.9992797247277971,0.998138957816377,0.0012930676186966197,0.9976762395116591,0.9986016761210949,0.9941891178024299,0.002094752938989753,0.9934395200902011,0.9949387155146587,0.9833333333333333,0.0036938598543666493,0.9820115025605537,0.9846551641061129,0.9841787439613529,0.004826751493393024,0.9824515131220495,0.9859059748006562,0.9633437175493252,0.009942067549945267,0.9597859943679664,0.9669014407306841,0.7844797178130508,0.030024904442435402,0.7737354437456789,0.7952239918804227,0.5337121212121212,0.04898907982452587,0.5161816041391294,0.551242638285113,0.5561403508771929,0.0601417330235122,0.534618908111898,0.5776617936424878,0.5209523809523808,0.08577447257452232,0.4902583801407604,0.5516463817640013
0.128,0.384,0.9753833333333334,0.0010674117369094014,0.0010674117369094014,0.975001364948852,0.9757653017178147,0.9753833333333334,0.9503030303030303,0.009424955258235987,0.946930353378734,0.9536757072273266,0.952757793764988,0.0071152531047746,0.9502116331414635,0.9553039543885126,0.9475272960822093,0.009061223353797911,0.9442847789482904,0.9507698132161282,0.9898320070733864,0.004354822388629195,0.9882736538953483,0.9913903602514245,1.0,0.0,1.0,1.0,0.9995229576624924,0.0006532171228445575,0.9992892069171138,0.9997567084078711,0.9990299277605779,0.00066417861124343,0.9987922544969521,0.9992676010242036,0.997663358147229,0.0011011078377735745,0.9972693317679127,0.9980573845265452,0.9946117274167986,0.0016037987345401178,0.9940378154103228,0.9951856394232744,0.9828199052132702,0.004643895181518062,0.981158108664807,0.9844817017617334,0.9850845410628021,0.006251757629959033,0.9828473783265195,0.9873217037990847,0.9656282450674977,0.008077484846889181,0.9627377542372467,0.9685187358977486,0.7848324514991181,0.023797695508402304,0.7763165555300118,0.7933483474682244,0.5189393939393939,0.05432076676124335,0.49950095719926885,0.538377830679519,0.531578947368421,0.07228381459181465,0.5057125165160419,0.5574453782208002,0.5142857142857142,0.08011251763647732,0.48561781802766857,0.5429536105437599
0.132,0.396,0.9774133333333335,0.001461867802253118,0.001461867802253118,0.9768902106586955,0.9779364560079714,0.9774133333333335,0.9555555555555554,0.010024088863116142,0.9519684814242289,0.9591426296868819,0.9558153477218226,0.010694631058755299,0.9519883231474399,0.9596423722962054,0.9508028259473346,0.008833007966969947,0.9476419746407682,0.953963677253901,0.9883289124668436,0.005467200545143869,0.9863724998777235,0.9902853250559638,1.0,0.0,1.0,1.0,0.9998807394156232,0.0003092539388566558,0.9997700743148612,0.9999914045163851,0.9990505675954592,0.0007038028200073553,0.9987987149908307,0.9993024202000876,0.9986145574855251,0.0009731587006612768,0.9982663171169005,0.9989627978541497,0.995879556259905,0.001603798734540105,0.9953056442534292,0.9964534682663808,0.9869273301737755,0.003879854806936498,0.9855389419620076,0.9883157183855434,0.9870169082125605,0.004336445347158736,0.9854651311743561,0.9885686852507649,0.96926272066459,0.009842269409571251,0.9657407097891153,0.9727847315400646,0.7970017636684302,0.024126029187792518,0.788368375001098,0.8056351523357624,0.5359848484848484,0.0470037081499142,0.5191647875413181,0.5528049094283787,0.5596491228070176,0.06626266609207503,0.535937332273497,0.5833609133405382,0.5352380952380952,0.09126010752217503,0.502581085171137,0.5678951053050534
0.136,0.40800000000000003,0.9783533333333333,0.0013535988641608186,0.0013535988641608186,0.9778689542006134,0.9788377124660532,0.9783533333333333,0.9567003367003366,0.010672556416932176,0.9528812114350804,0.9605194619655928,0.9550959232613909,0.008008432938409903,0.9522301423392431,0.9579617041835388,0.9573538856775852,0.009703203512519647,0.9538816388942565,0.9608261324609139,0.9916003536693191,0.004298749375003166,0.9900620659615088,0.9931386413771294,1.0,0.0,1.0,1.0,0.9997018485390579,0.0005424672941530524,0.9995077291108965,0.9998959679672192,0.9995046439628482,0.0005952451580810189,0.9992916382186348,0.9997176497070617,0.9985111662531015,0.0012147540542673126,0.998076472097504,0.998945860408699,0.9957474907554148,0.0016967311651744426,0.9951403233057319,0.9963546582050977,0.9874802527646127,0.004569638509322166,0.9858450286250287,0.9891154769041968,0.9871980676328505,0.005902598703258892,0.9850858498138357,0.9893102854518652,0.9711318795430948,0.008137336722022964,0.9682199709943923,0.9740437880917973,0.8146384479717812,0.027174430577434582,0.8049142028768967,0.8243626930666657,0.5329545454545455,0.04358927546861921,0.5173563235540922,0.5485527673549987,0.5666666666666668,0.08399852321584071,0.5366081811712077,0.5967251521621258,0.5323809523809524,0.0840506309437681,0.5023038203745293,0.5624580843873755
0.14,0.42000000000000004,0.9797966666666666,0.00106138599476583,0.00106138599476583,0.9794168545663184,0.9801764787670149,0.9797966666666666,0.9600000000000001,0.007822409904740832,0.9572007865655329,0.9627992134344673,0.9639088729016787,0.009326879985077084,0.9605712917631515,0.9672464540402059,0.9615928066795117,0.006881074182870837,0.9591304459069595,0.964055167452064,0.9924845269672855,0.004572242931666002,0.9908483708471351,0.994120683087436,1.0,0.0,1.0,1.0,0.9998211091234347,0.0003638981235889657,0.999690889852298,0.9999513283945713,0.999422084623323,0.0005617257828605191,0.9992210736334851,0.999623095613161,0.9985111662531018,0.0009855791425679695,0.9981584812864223,0.9988638512197813,0.997015319598521,0.001277412906979056,0.9965582032604459,0.9974724359365961,0.9886255924170616,0.0031363202795917458,0.9875032746187953,0.9897479102153279,0.988828502415459,0.004590002104790509,0.9871859912568229,0.9904710135740952,0.9742471443406024,0.008096106917531069,0.9713499896879549,0.97714429899325,0.811463844797178,0.026490883684657532,0.8019842038164542,0.8209434857779019,0.5424242424242425,0.04689463783889612,0.5256432117902486,0.5592052730582363,0.5596491228070175,0.07997914205755614,0.5310289543869262,0.5882692912271088,0.5590476190476189,0.06781326902444915,0.5347809523809522,0.5833142857142856
0.14400000000000002,0.43200000000000005,0.9801700000000001,0.0012011919367717766,0.0012011919367717766,0.9797401589858201,0.9805998410141801,0.9801700000000001,0.9632323232323231,0.009987519874877629,0.9596583351453754,0.9668063113192709,0.9636690647482015,0.007680189443725079,0.9609207442520972,0.9664173852443058,0.961785484906872,0.006865242398498742,0.9593287894655982,0.9642421803481458,0.9916887709991158,0.005383726932678239,0.9897622290585915,0.9936153129396401,1.0,0.0,1.0,1.0,0.9997912939773406,0.00038477912983188946,0.999653602534084,0.9999289854205972,0.9994427244582043,0.0005714483078177075,0.9992382343074928,0.9996472146089157,0.9986765922249793,0.0011017102493283057,0.9982823502754566,0.9990708341745019,0.9968040147913366,0.0016183576418341687,0.996224892946795,0.9973831366358783,0.9889415481832544,0.0037121615016056666,0.9876131682501204,0.9902699281163885,0.9902777777777778,0.004346871598266753,0.988722269753531,0.9918332858020247,0.9752855659397717,0.008616720339981569,0.9722021121665163,0.978369019713027,0.8088183421516756,0.02812579734039206,0.7987536548329233,0.8188830294704279,0.5549242424242424,0.04125197359343978,0.540162413258136,0.5696860715903489,0.5728070175438597,0.061690195836631066,0.5507314644772587,0.5948825706104606,0.558095238095238,0.06741777208890737,0.5339700981893446,0.5822203780011314
0.148,0.444,0.9813133333333336,0.001174949253000498,0.001174949253000498,0.980892883142936,0.9817337835237312,0.9813133333333336,0.9653872053872053,0.008197233966026214,0.9624538628850098,0.9683205478894009,0.9684052757793765,0.007537745497784221,0.9657079281946885,0.9711026233640645,0.9621708413615928,0.009739417401626652,0.9586856356044777,0.9656560471187079,0.9932802829354553,0.004812663869070205,0.9915580932877726,0.9950024725831381,1.0,0.0,1.0,1.0,0.9998807394156232,0.0003092539388566558,0.9997700743148612,0.9999914045163851,0.9995252837977294,0.0004791667880666747,0.9993538161647569,0.9996967514307019,0.9992555831265508,0.0004994763026506642,0.9990768478271221,0.9994343184259795,0.9971209720021131,0.0016049233393585901,0.9965466575609714,0.9976952864432549,0.9904818325434438,0.0034153643385979237,0.9892596601110826,0.991704004975805,0.9906400966183575,0.003298938388798957,0.9894595866770658,0.9918206065596492,0.9742471443406023,0.009608278488868673,0.9708088660407342,0.9776854226404704,0.8185185185185183,0.027898928687002014,0.808535015104747,0.8285020219322896,0.5768939393939393,0.04771825311598039,0.5598181818181818,0.5939696969696968,0.5736842105263158,0.0807122747555033,0.5448016939395685,0.6025667271130631,0.5695238095238095,0.05999452629657213,0.5480550440092229,0.5909925750383962
0.152,0.456,0.9821399999999998,0.0010701595111525868,0.0010701595111525868,0.9817570483371336,0.982522951662866,0.9821399999999998,0.9653872053872053,0.008550167928621968,0.9623275670884959,0.9684468436859148,0.9678057553956836,0.006601580372640802,0.9654434101986348,0.9701681005927324,0.9649967886962105,0.008033794296115547,0.9621219323287625,0.9678716450636585,0.9931918656056585,0.004388122280082402,0.9916215962145023,0.9947621349968148,1.0,0.0,1.0,1.0,0.9998807394156232,0.00038834748251815655,0.9997417710537572,1.0000197077774893,0.9995872033023735,0.0005227134700396045,0.9994001526893872,0.9997742539153598,0.9991935483870967,0.0005678571525360215,0.9989903433147987,0.9993967534593947,0.9975435816164818,0.0014911690048440692,0.9970099736411582,0.9980771895918055,0.9913507109004738,0.002854306538734259,0.990329310423305,0.9923721113776426,0.9937801932367151,0.0025919896061929342,0.9928526616683097,0.9947077248051205,0.9801661474558673,0.007060582283316028,0.9776395505345475,0.982692744377187,0.833862433862434,0.023067142648172202,0.825607962876913,0.842116904847955,0.5587121212121211,0.047192795235131646,0.5418243963241453,0.575599846100097,0.5850877192982458,0.07368529080532105,0.5587197766237162,0.6114556619727753,0.5847619047619047,0.09453269140520394,0.5509338155924255,0.6185899939313839
0.156,0.468,0.9827633333333331,0.0011731135504710784,0.0011731135504710784,0.9823435400406492,0.983183126626017,0.9827633333333331,0.9686868686868686,0.008648632364656742,0.9655919953422433,0.9717817420314939,0.9693645083932855,0.007739267767205665,0.9665950469906336,0.9721339697959374,0.9642903018625563,0.008803974225769898,0.9611398401468461,0.9674407635782665,0.9938992042440317,0.003629606680804764,0.9926003661741188,0.9951980423139445,1.0,0.0,1.0,1.0,0.9999403697078115,0.00022693035035997164,0.9998591637248534,1.0000215756907698,0.9996284829721361,0.0005038242751362065,0.9994481917707357,0.9998087741735365,0.9994830438378824,0.0006327026097476809,0.9992566341167357,0.9997094535590292,0.9978869519281565,0.0012193113851015713,0.9974506269526644,0.9983232769036485,0.9917061611374406,0.002935408554777911,0.9906557386765562,0.992756583598325,0.9935386473429951,0.003796556040295837,0.9921800672120481,0.9948972274739422,0.9807892004153689,0.00708896347881477,0.9782524474136731,0.9833259534170646,0.8398589065255729,0.023536652561588805,0.8314364235752922,0.8482813894758536,0.5734848484848485,0.049193167229803006,0.5558812996718157,0.5910883972978813,0.5912280701754387,0.056455181955690104,0.5710258427672478,0.6114302975836295,0.5780952380952381,0.08104987850414096,0.5490919115585877,0.6070985646318885
0.16,0.48000000000000004,0.98325,0.0010549554656395577,0.0010549554656395577,0.9828724890349464,0.9836275109650535,0.98325,0.9695622895622896,0.00850395641368108,0.9665191878418246,0.9726053912827547,0.9714028776978417,0.006784899886915254,0.9689749324551029,0.9738308229405805,0.9675658317276814,0.0068652423984987415,0.9651091362864076,0.9700225271689552,0.9953138815207779,0.0037306925393792937,0.9939788703409409,0.996648892700615,1.0,0.0,1.0,1.0,0.9999403697078115,0.00022693035035997164,0.9998591637248534,1.0000215756907698,0.9997729618163054,0.0003034876271538895,0.9996643601636857,0.9998815634689251,0.9994830438378824,0.0005892643461425473,0.9992721782997348,0.9996939093760301,0.9977812995245643,0.0012381072736026792,0.9973382485267536,0.998224350522375,0.9925355450236965,0.002393045338109065,0.9916792047473241,0.9933918853000688,0.9931763285024157,0.003071553907441019,0.9920771870527726,0.9942754699520587,0.9829698857736242,0.006322944092273208,0.9807072492889586,0.9852325222582898,0.8398589065255732,0.026940745698191937,0.8302182844907653,0.849499528560381,0.5678030303030304,0.042882078550101205,0.5524578755697591,0.5831481850363016,0.6000000000000001,0.06497683224525014,0.5767483391991778,0.6232516608008224,0.5761904761904761,0.0696157477445805,0.551278800797576,0.6011021515833763
0.164,0.49200000000000005,0.9842666666666665,0.0010409986363677547,0.0010409986363677547,0.9838941500888256,0.9846391832445074,0.9842666666666664,0.9731313131313132,0.007021273181800453,0.9706187827913154,0.975643843471311,0.9735611510791368,0.006928063865372764,0.9710819752646547,0.9760403268936189,0.9698137443802184,0.006869902592992959,0.9673553813097621,0.9722721074506747,0.9932802829354554,0.0031718249693864936,0.9921452599471172,0.9944153059237937,1.0,0.0,1.0,1.0,0.9999701848539058,0.0001633042807111317,0.9999117471675611,1.0000286225402504,0.999752321981424,0.00038480214629465007,0.9996146223018321,0.999890021661016,0.9993176178660049,0.0007527485040312204,0.9990482502732912,0.9995869854587186,0.9979926043317486,0.0010137620125982632,0.9976298342545505,0.9983553744089467,0.9947867298578199,0.0021691604973651454,0.9940105057427859,0.9955629539728539,0.9948067632850243,0.0031099994081977404,0.9936938642896218,0.9959196622804267,0.9849428868120458,0.0075018076869092735,0.9822583994078177,0.9876273742162739,0.8416225749559084,0.025918043450697995,0.8323479222202688,0.8508972276915481,0.5931818181818183,0.040743307412243454,0.5786020128709435,0.607761623492693,0.6140350877192984,0.07612415181972715,0.5867944098391915,0.6412757655994052,0.5838095238095238,0.08242740036676,0.5543132574050995,0.613305790213948
0.168,0.5040000000000001,0.9848866666666668,0.0010617920224086168,0.0010617920224086168,0.9845067092711927,0.9852666240621409,0.9848866666666667,0.9759595959595959,0.00696492499396958,0.9734672295596505,0.9784519623595413,0.9759592326139088,0.005227327447521655,0.9740886575103728,0.9778298077174449,0.9737315350032113,0.007200178809880837,0.9711549841064129,0.9763080859000097,0.9952254641909811,0.0033696328033678636,0.9940196565783307,0.9964312718036316,1.0,0.0,1.0,1.0,0.9998807394156232,0.00038834748251815644,0.9997417710537572,1.0000197077774893,0.9996904024767801,0.00038992169035442363,0.9995508707918745,0.9998299341616856,0.999731182795699,0.00048005853767224793,0.9995593960542284,0.9999029695371695,0.9984416270470153,0.0010504726786553535,0.9980657202266823,0.9988175338673484,0.9937993680884677,0.002670903421984344,0.9928435975737505,0.9947551386031849,0.9940821256038649,0.003043795545997587,0.9929929173562935,0.9951713338514363,0.984631360332295,0.007359946887904867,0.981997637163032,0.9872650835015581,0.8455026455026455,0.02544694925995321,0.8363965716581265,0.8546087193471645,0.5935606060606061,0.04269475907814181,0.5782824827394996,0.6088387293817127,0.6149122807017544,0.07458719884028532,0.5882215943818687,0.6416029670216401,0.5895238095238096,0.06977730065433657,0.5645543231646122,0.6144932958830069
0.17200000000000001,0.5160000000000001,0.98518,0.001000137921523312,0.001000137921523312,0.98482210524118,0.9855378947588199,0.98518,0.9744107744107743,0.006417744640664845,0.9721142139855476,0.9767073348360009,0.9777577937649882,0.0071395110536464565,0.9752029525459436,0.9803126349840328,0.9736673089274246,0.007320956654965636,0.9710475382338289,0.9762870796210202,0.995755968169761,0.0030839170237463047,0.994652402635766,0.9968595337037559,1.0,0.0,1.0,1.0,0.9999105545617174,0.00027292359269172426,0.9998128901083649,1.0000082190150699,0.9997316821465427,0.0005060062874036425,0.9995506101220805,0.999912754171005,0.9995657568238213,0.00046508225099748296,0.9993993292777098,0.9997321843699328,0.9984680401479135,0.0009520852532860313,0.9981273408155835,0.9988087394802434,0.9939573459715639,0.0026097902430384863,0.9930234445270708,0.9948912474160571,0.995169082125604,0.0031317563735666744,0.9940483975001341,0.9962897667510738,0.9843198338525442,0.006256436274721522,0.9820809968847353,0.9865586708203531,0.8481481481481482,0.021976293587769893,0.8402840324856081,0.8560122638106883,0.6045454545454546,0.04759834803669314,0.5875126044512646,0.6215783046396446,0.6412280701754386,0.0668189269634082,0.6173172242455547,0.6651389161053225,0.5771428571428571,0.07812006493913265,0.5491879509257153,0.6050977633599989
0.176,0.528,0.9860266666666667,0.0010318825559119619,0.0010318825559119619,0.9856574122363216,0.9863959210970118,0.9860266666666668,0.975892255892256,0.008286027592454706,0.9729271389989176,0.9788573727855945,0.9785971223021582,0.006464992955832408,0.9762836542844909,0.9809105903198255,0.9772639691714837,0.006871144777722945,0.9748051615909306,0.9797227767520369,0.9954907161803711,0.0035621359898137805,0.9942160221871501,0.9967654101735921,1.0,0.0,1.0,1.0,0.9999701848539058,0.0001633042807111317,0.9999117471675611,1.0000286225402504,0.9998761609907121,0.00025191213756808775,0.9997860153900119,0.9999663065914123,0.9995450785773365,0.0005627711782380386,0.9993436934975671,0.999746463657106,0.9986265187533017,0.001039074807790804,0.9982546906086756,0.9989983468979278,0.9952606635071091,0.0023696682464454935,0.9944126886155529,0.9961086383986653,0.9957729468599034,0.002827933720034156,0.9947609837747031,0.9967849099451036,0.9848390446521288,0.006322944092273208,0.9825764081674632,0.9871016811367944,0.8559082892416224,0.024726736368174868,0.8470599402704984,0.8647566382127465,0.609469696969697,0.047699586436514264,0.5924006191793987,0.6265387747599953,0.6500000000000001,0.0829735603114939,0.6203082927693747,0.6796917072306256,0.6114285714285715,0.0690133542748198,0.5867324597703675,0.6361246830867756
0.18,0.54,0.9865900000000001,0.0007787478897962288,0.0007787478897962288,0.9863113286465774,0.9868686713534227,0.98659,0.9789225589225592,0.006270224564032202,0.9766787878787881,0.9811663299663302,0.9799160671462829,0.005630056794777802,0.97790137719668,0.9819307570958857,0.9755298651252409,0.007642912324049603,0.9727948840750956,0.9782648461753861,0.9971706454465074,0.0021954429357948697,0.9963850162816692,0.9979562746113455,1.0,0.0,1.0,1.0,1.0,0.0,1.0,1.0,0.9998968008255934,0.00023470527664980114,0.9998128126209942,0.9999807890301926,0.9997932175351529,0.000339126720589668,0.999671862596736,0.9999145724735699,0.9986001056524036,0.0010338524185149447,0.9982301463157791,0.9989700649890282,0.9953791469194314,0.00197649318756233,0.9946718679157571,0.9960864259231057,0.996195652173913,0.002249135833681171,0.9953908092523261,0.9970004950954999,0.9865005192107997,0.008153770269671514,0.9835827299925959,0.9894183084290036,0.8590828924162258,0.021770339442587012,0.8512924764980229,0.8668733083344288,0.6265151515151516,0.04228078821133346,0.6113851657662203,0.6416451372640829,0.6315789473684212,0.07215154766564146,0.6057598476277056,0.6573980471091369,0.6390476190476193,0.06209267928683755,0.6168280391280806,0.661267198967158
0.184,0.552,0.9865899999999999,0.0010476081130941525,0.0010476081130941525,0.986215118251288,0.9869648817487117,0.9865899999999997,0.9777104377104376,0.007567897156679494,0.9750023004931838,0.9804185749276915,0.9800359712230216,0.006343066735316043,0.9777661339430219,0.9823058085030212,0.9769428387925497,0.00668383339280549,0.9745510597302505,0.979334617854849,0.995755968169761,0.004271383553702374,0.9942274731953363,0.9972844631441856,1.0,0.0,1.0,1.0,0.9999403697078115,0.00022693035035997164,0.9998591637248534,1.0000215756907698,0.9998968008255934,0.00023470527664980114,0.9998128126209942,0.9999807890301926,0.9997105045492141,0.00042273287063340894,0.9995592315342381,0.99986177756419,0.9990227152667723,0.0007697551396074363,0.9987472619276763,0.9992981686058684,0.9958530805687205,0.002561109824015768,0.9949365991884509,0.99676956194899,0.9960748792270532,0.0018476750125240424,0.9954136972152985,0.9967360612388079,0.9853582554517135,0.007549241047462501,0.9826567942374039,0.9880597166660231,0.8603174603174605,0.017388017698576695,0.8540952380952382,0.8665396825396827,0.6238636363636363,0.043075475391715475,0.6084492754593994,0.6392779972678732,0.6289473684210525,0.061561028618205164,0.6069180372499433,0.6509766995921616,0.6428571428571429,0.07531309267464435,0.6159066987646681,0.6698075869496177
0.188,0.5640000000000001,0.9869499999999999,0.000863333555230083,0.000863333555230083,0.9866410600549375,0.9872589399450623,0.9869499999999999,0.9789898989898991,0.006467258267243617,0.9766756203409541,0.981304177638844,0.9833932853717027,0.005440632532425994,0.9814463800238333,0.985340190719572,0.9793834296724471,0.006282325084023695,0.9771353285132082,0.981631530831686,0.9963748894783376,0.0027409863986328003,0.9953940400925115,0.9973557388641637,1.0,0.0,1.0,1.0,1.0,0.0,1.0,1.0,0.9998761609907121,0.00025191213756808775,0.9997860153900119,0.9999663065914123,0.9996484698097601,0.0004211603932533254,0.9994977594985879,0.9997991801209323,0.9990227152667723,0.0008499591578115004,0.9987185612883606,0.9993268692451841,0.9949052132701423,0.002568659169274721,0.9939860303913668,0.9958243961489177,0.9959541062801932,0.0027198195602903975,0.9949808313501902,0.9969273812101962,0.985877466251298,0.006733055447115006,0.983468073303077,0.9882868591995191,0.8601410934744269,0.02360831821538424,0.8516929652992938,0.86858922164956,0.6303030303030303,0.041963651394719026,0.6152865305064387,0.6453195300996218,0.6307017543859649,0.06352108720039308,0.607971025259185,0.6534324835127447,0.6361904761904763,0.06138597828343772,0.6142237859771738,0.6581571664037789
0.192,0.5760000000000001,0.9878133333333333,0.0010237636221428162,0.0010237636221428162,0.9874469842261248,0.9881796824405419,0.9878133333333333,0.9803367003367003,0.006208195576885711,0.9781151260809091,0.9825582745924915,0.9835131894484412,0.004629832059799758,0.9818564253234541,0.9851699535734284,0.9806679511881823,0.006778923053414649,0.9782421447278435,0.983093757648521,0.9969938107869141,0.002581443531149222,0.9960700530829958,0.9979175684908324,1.0,0.0,1.0,1.0,1.0,0.0,1.0,1.0,0.9998555211558308,0.00031207859628094257,0.999743845264391,0.9999671970472706,0.9997518610421836,0.00041852646877369614,0.9996020932687816,0.9999016288155856,0.9989963021658743,0.0007767551788487516,0.9987183438949062,0.9992742604368424,0.996169036334913,0.0023009174737890644,0.9953456635913897,0.9969924090784364,0.9967995169082127,0.002315252356603973,0.9959710144927537,0.9976280193236716,0.9877466251298029,0.005483972713569488,0.9857842106972926,0.9897090395623133,0.8760141093474428,0.022775848142902896,0.8678638767619119,0.8841643419329738,0.6393939393939395,0.04445745471523101,0.6234850435400325,0.6553028352478465,0.6473684210526317,0.07557845193939002,0.620323019366796,0.6744138227384674,0.6457142857142859,0.07297826308207898,0.6195993496611865,0.6718292217673854
0.196,0.5880000000000001,0.9877133333333333,0.0009912490669068362,0.0009912490669068362,0.9873586194102868,0.9880680472563799,0.9877133333333333,0.9797306397306397,0.007586470230644276,0.977015856224225,0.9824454232370543,0.9853717026378895,0.004499089580183351,0.9837617241083717,0.9869816811674074,0.982723185613359,0.005713146311292421,0.9806787624621311,0.9847676087645869,0.997259062776304,0.002255403999378015,0.9964519768204295,0.9980661487321786,1.0,0.0,1.0,1.0,1.0,0.0,1.0,1.0,1.0,0.0,1.0,1.0,0.9996691480562448,0.0004227328706334099,0.9995178750412689,0.9998204210712208,0.9993396724775488,0.000834535230501695,0.9990410378806401,0.9996383070744576,0.9962480252764613,0.0025674024866313766,0.9953292920957943,0.9971667584571282,0.9963768115942029,0.002732963874841011,0.9953988330316461,0.9973547901567597,0.9912772585669782,0.004584329134688762,0.9896367774546214,0.992917739679335,0.8677248677248678,0.023167362421966754,0.8594345335538808,0.8760152018958548,0.6143939393939394,0.04155847071390229,0.5995224316418636,0.6292654471460152,0.6429824561403509,0.06284075447379411,0.6204951809531363,0.6654697313275655,0.6323809523809525,0.07147125161662694,0.6068052934548971,0.6579566113070079
0.2,0.6000000000000001,0.98841,0.0009942420436590438,0.0009942420436590438,0.9880542150539777,0.9887657849460223,0.9884100000000001,0.9828282828282829,0.006204038260415127,0.9806081962490847,0.9850483694074812,0.9839928057553957,0.00683404273011336,0.9815472749720674,0.986438336538724,0.983558124598587,0.006314506733924357,0.9812985073838305,0.9858177418133436,0.9969938107869141,0.0030149643350447495,0.9959149196556807,0.9980727019181475,1.0,0.0,1.0,1.0,1.0,0.0,1.0,1.0,0.9999174406604747,0.0002140841508617583,0.9998408316309689,0.9999940496899805,0.9998138957816376,0.0003318753601873036,0.9996951357092152,0.99993265585406,0.9993132593766508,0.0006492133508135305,0.9990809413626931,0.9995455773906086,0.9966034755134282,0.0017249574450109244,0.9959862074192272,0.9972207436076292,0.9974033816425122,0.0020563834608887804,0.9966675142716848,0.9981392490133396,0.9917964693665628,0.0042101472919604255,0.9902898875069752,0.9933030512261505,0.8777777777777779,0.024635474243781538,0.8689620865384489,0.8865934690171069,0.6321969696969698,0.0468518890337637,0.6154312365264293,0.6489627028675103,0.6692982456140352,0.07685780777499011,0.6417950323220466,0.6968014589060237,0.6409523809523812,0.06697792690834233,0.6169846376229287,0.6649201242818337
0.20400000000000001,0.6120000000000001,0.9889,0.000982607368881031,0.000982607368881031,0.9885483784688768,0.9892516215311232,0.9889,0.9845117845117846,0.005260913734971605,0.9826291907096392,0.98639437831393,0.9842326139088727,0.004878535793258292,0.982486852295851,0.9859783755218945,0.9854206807964033,0.006513104596583138,0.983089996249203,0.9877513653436036,0.9976127320954906,0.002012880007830333,0.9968924322354086,0.9983330319555727,1.0,0.0,1.0,1.0,1.0,0.0,1.0,1.0,0.999938080495356,0.00018893410317606584,0.9998704712948309,1.000005689695881,0.9998966087675765,0.00023514207307039216,0.9998124642573856,0.9999807532777674,0.9992076069730587,0.0007502885522567453,0.9989391196627821,0.9994760942833352,0.9968404423380729,0.0019264682022941588,0.9961510645454738,0.997529820130672,0.9973429951690821,0.001763051107324748,0.9967120954328915,0.9979738949052727,0.9908618899273106,0.005422605924800884,0.9889214353181339,0.9928023445364873,0.8825396825396826,0.022974890481018518,0.8743182235682084,0.8907611415111568,0.6363636363636365,0.038216881944315384,0.6226879007956063,0.6500393719316666,0.6745614035087719,0.06352108720039307,0.651830674381992,0.6972921326355518,0.6800000000000002,0.06893172993605691,0.6553330972362963,0.704666902763704
0.20800000000000002,0.6240000000000001,0.9890633333333334,0.0008260764485509638,0.0008260764485509638,0.9887677256726712,0.9893589409939956,0.9890633333333334,0.9845117845117844,0.004957934880239437,0.9827376103003859,0.986285958723183,0.9869304556354915,0.005363197777534531,0.9850112599587882,0.9888496513121948,0.9831085420680796,0.005894023908843896,0.9809993926998386,0.9852176914363207,0.9976127320954906,0.002729159001933485,0.9966361150892175,0.9985893491017638,1.0,0.0,1.0,1.0,1.0,0.0,1.0,1.0,0.9999174406604747,0.0002140841508617583,0.9998408316309689,0.9999940496899805,0.9999172870140611,0.00021448257049738162,0.9998405354119198,0.9999940386162025,0.9993132593766508,0.0009701073934657205,0.9989661109042831,0.9996604078490186,0.9969984202211691,0.001911332032538286,0.9963144588373549,0.9976823816049833,0.997644927536232,0.0020819069275452647,0.9968999267101614,0.9983899283623027,0.990238836967809,0.005091589745525711,0.9884168349771139,0.9920608389585042,0.888183421516755,0.019038156406721844,0.88137070474147,0.89499613829204,0.6488636363636364,0.042868231103691846,0.6335234368754231,0.6642038358518497,0.6649122807017545,0.08086991606732706,0.6359733528960532,0.6938512085074557,0.6600000000000003,0.06111789923842925,0.6381292406409261,0.6818707593590744
0.212,0.636,0.9896266666666665,0.0008358078204011233,0.0008358078204011233,0.9893275766793109,0.9899257566540222,0.9896266666666665,0.9866666666666667,0.004197570186076152,0.9851645854666183,0.988168747866715,0.9871702637889689,0.004110406213837154,0.9856993738158012,0.9886411537621366,0.9852922286448299,0.005294471889190525,0.9833976262114227,0.9871868310782371,0.9981432360742704,0.0018626346150074492,0.9974767008375177,0.998809771311023,1.0,0.0,1.0,1.0,1.0,0.0,1.0,1.0,0.9999587203302374,0.00015709481839160813,0.9999025046714465,1.0000149359890282,0.9998345740281224,0.00032309581871103936,0.9997189556742685,0.9999501923819762,0.9995245641838352,0.000446308912816981,0.9993648545905137,0.9996842737771566,0.9977488151658769,0.0016856895908444894,0.9971455988928235,0.9983520314389303,0.9981884057971016,0.0019615590289989568,0.9974864709134352,0.9988903406807679,0.9917964693665628,0.005205339962466277,0.9899337623835046,0.9936591763496211,0.8915343915343915,0.02476834419924291,0.8826711533921395,0.9003976296766435,0.6522727272727273,0.04010441629455027,0.6379215462121267,0.666623908333328,0.675438596491228,0.07517716627939026,0.6485367930346093,0.7023403999478466,0.6638095238095241,0.06822710485726219,0.6393947678919768,0.6882242797270713
0.216,0.648,0.98973,0.000838779902082746,0.000838779902082746,0.9894298464668736,0.9900301535331264,0.98973,0.9865993265993267,0.004905141321297699,0.9848440443203688,0.9883546088782846,0.9881894484412468,0.004620184891005586,0.9865361365112766,0.989842760371217,0.9857418111753371,0.004251586227709377,0.9842204005830352,0.987263221767639,0.9984084880636603,0.0021582923192174416,0.997636153076229,0.9991808230510917,1.0,0.0,1.0,1.0,0.9999403697078115,0.00022693035035997164,0.9998591637248534,1.0000215756907698,0.9999587203302374,0.00015709481839160813,0.9999025046714465,1.0000149359890282,0.999855252274607,0.00031265938771323604,0.9997433685496224,0.9999671359995916,0.9996830427892235,0.000446308912816981,0.999523333195902,0.9998427523825449,0.9974723538704582,0.0016678867470404954,0.9968755082632424,0.9980691994776739,0.9980676328502417,0.002014686292636007,0.9973466866194433,0.9987885790810401,0.9928348909657321,0.004710345168165709,0.9911493155949354,0.9945204663365288,0.8860670194003528,0.021378828398113083,0.8784167039101228,0.8937173348905828,0.656439393939394,0.036142959578882534,0.6435058019585778,0.6693729859202102,0.6798245614035089,0.06738831564987581,0.6557099623489482,0.7039391604580696,0.6771428571428573,0.07802992983938228,0.6492202053569215,0.705065508928793
0.22,0.66,0.9897633333333332,0.0007237275794077571,0.0007237275794077571,0.9895043507451228,0.9900223159215437,0.9897633333333336,0.9853872053872054,0.004233735220693535,0.9838721826957251,0.9869022280786857,0.9885491606714629,0.004157625382393599,0.9870613735358355,0.9900369478070904,0.9863198458574179,0.004782950865486053,0.9846082888715137,0.9880314028433221,0.998231653404067,0.00234505741309546,0.9973924853861196,0.9990708214220145,1.0,0.0,1.0,1.0,1.0,0.0,1.0,1.0,0.9999793601651187,0.00011304903147680769,0.9999389060887512,1.000019814241486,0.9998966087675765,0.00023514207307039216,0.9998124642573856,0.9999807532777674,0.999445324881141,0.0006948548251735034,0.999196674275341,0.999693975486941,0.9974723538704583,0.001547443772375213,0.9969186082281991,0.9980260995127175,0.998852657004831,0.001465066807683932,0.9983283895808015,0.9993769244288604,0.9927310488058152,0.004862988826974601,0.9909908506032279,0.9944712470084025,0.8913580246913582,0.0201706927061669,0.8841400350061854,0.8985760143765309,0.653409090909091,0.04403646090295204,0.6376508457561202,0.6691673360620619,0.7070175438596491,0.06655034906311788,0.6832028072970636,0.7308322804222346,0.6333333333333334,0.08752868904030137,0.6020115942213976,0.6646550724452692
0.224,0.672,0.9900766666666667,0.0008919886087618632,0.0008919886087618632,0.9897574726423898,0.9903958606909437,0.9900766666666668,0.9861279461279461,0.004168412252346336,0.98463629896048,0.9876195932954122,0.9886091127098321,0.005412883635382672,0.9866721371772423,0.9905460882424219,0.9873474630700064,0.005558687886005005,0.9853583121564132,0.9893366139835996,0.9983200707338636,0.0021451376070067106,0.997552443099741,0.9990876983679863,1.0,0.0,1.0,1.0,0.9999701848539058,0.0001633042807111317,0.9999117471675611,1.0000286225402504,0.9999793601651187,0.00011304903147680769,0.9999389060887512,1.000019814241486,0.9998138957816376,0.0003318753601873036,0.9996951357092152,0.99993265585406,0.9994717379820391,0.00048056928277583636,0.9992997684727805,0.9996437074912978,0.9980647709320697,0.0018004783164615767,0.997420478041096,0.9987090638230434,0.9977657004830919,0.0021106987102676653,0.9970103966498942,0.9985210043162895,0.991692627206646,0.004793679028031681,0.9899772311970789,0.993408023216213,0.8964726631393298,0.02146669776964235,0.8887909039983249,0.9041544222803347,0.6598484848484848,0.039470225950482246,0.6457242458879202,0.6739727238090494,0.6964912280701754,0.054299054339774444,0.6770605610202878,0.715921895120063,0.6790476190476192,0.0686384456308954,0.6544856667246521,0.7036095713705863
0.228,0.684,0.9902666666666666,0.0008651622663561105,0.0008651622663561105,0.989957072325732,0.9905762610076012,0.990266666666667,0.9867340067340069,0.005453986408734839,0.9847823227628717,0.9886856907051421,0.989568345323741,0.0036707911553133478,0.9882547695788995,0.9908819210685826,0.9862556197816311,0.004924929868383002,0.9844932562620422,0.98801798330122,0.9992926613616268,0.0011930409684583866,0.9988657371339978,0.9997195855892557,1.0,0.0,1.0,1.0,1.0,0.0,1.0,1.0,0.9999793601651187,0.00011304903147680769,0.9999389060887512,1.000019814241486,0.9999586435070306,0.00015738717847548148,0.9999023232285273,1.0000149637855338,0.9995773903856313,0.0004527309538219886,0.9994153826944504,0.9997393980768122,0.997748815165877,0.001566615914763719,0.9971882088605747,0.9983094214711793,0.9981884057971016,0.0019615590289989568,0.9974864709134352,0.9988903406807679,0.9923156801661475,0.005348036365498909,0.9904019099310629,0.994229450401232,0.8954144620811285,0.022130955376595696,0.8874950014082461,0.9033339227540109,0.6681818181818183,0.04379819130624562,0.6525088367089982,0.6838547996546385,0.7008771929824561,0.07097809269370653,0.6754780087105261,0.7262763772543861,0.6790476190476192,0.06613203406894558,0.6553825745832216,0.7027126635120169
0.232,0.6960000000000001,0.9905733333333332,0.0006591181848570089,0.0006591181848570089,0.9903374709200333,0.9908091957466331,0.9905733333333334,0.9873400673400674,0.004713472977662014,0.9856533726970171,0.9890267619831177,0.9893884892086332,0.005072826474629224,0.9875732015681968,0.9912037768490696,0.9891457931920359,0.0031389542236983873,0.988022532848976,0.9902690535350958,0.9983200707338636,0.0019055580962444032,0.9976381755266165,0.9990019659411108,1.0,0.0,1.0,1.0,1.0,0.0,1.0,1.0,1.0,0.0,1.0,1.0,0.9998966087675765,0.00023514207307039216,0.9998124642573856,0.9999807532777674,0.9997094558901215,0.0005298535146270774,0.9995198502449936,0.9998990615352494,0.9984597156398106,0.0013616263317594566,0.9979724639147028,0.9989469673649184,0.9979468599033816,0.0019461134419568198,0.9972504521520541,0.9986432676547091,0.9934579439252337,0.0051967609043694915,0.991598306918688,0.9953175809317794,0.8970017636684304,0.015518347006896478,0.891448594510662,0.9025549328261988,0.6696969696969697,0.0477415762017093,0.6526128660621714,0.686781073331768,0.7,0.06242772112520853,0.6776605268983732,0.7223394731016267,0.6904761904761906,0.06587614819677345,0.6669027135951588,0.7140496673572223
0.23600000000000002,0.7080000000000001,0.9908466666666665,0.0007200255423311015,0.0007200255423311015,0.9905890088354103,0.9911043244979227,0.9908466666666668,0.9883501683501682,0.0039588897973984955,0.9869334978302896,0.9897668388700468,0.9899880095923262,0.00397099845724863,0.9885670060441688,0.9914090131404837,0.9901734104046243,0.004421332348306695,0.9885912569431796,0.9917555638660689,0.9985853227232536,0.0019371266401597433,0.9978921308576479,0.9992785145888593,1.0,0.0,1.0,1.0,1.0,0.0,1.0,1.0,1.0,0.0,1.0,1.0,0.9999586435070306,0.00015738717847548148,0.9999023232285273,1.0000149637855338,0.9997094558901215,0.00044061285005350215,0.9995517846066823,0.9998671271735607,0.9973143759873618,0.001941486371390251,0.9966196240119717,0.998009127962752,0.9980676328502416,0.0017109296657642262,0.9974553845323756,0.9986798811681076,0.994288681204569,0.004178231627974457,0.992793520218662,0.9957838421904761,0.9038800705467372,0.020425130032877686,0.8965710316335348,0.9111891094599397,0.6803030303030301,0.03899352404990272,0.6663493769267789,0.6942566836792813,0.7078947368421052,0.06117189053021178,0.6860046569473979,0.7297848167368126,0.6695238095238097,0.061728940667087735,0.6474343917976919,0.6916132272499276
0.24,0.72,0.9909566666666667,0.0006168235277352953,0.0006168235277352953,0.9907359392020415,0.9911773941312919,0.9909566666666668,0.9884848484848485,0.004659923264259012,0.9868173163606377,0.9901523806090593,0.9898681055155876,0.004076343368605133,0.9884094047750415,0.9913268062561337,0.9894669235709695,0.004518232772277939,0.9878500947381382,0.9910837524038009,0.9988505747126435,0.0018008237504625064,0.9982061582097002,0.9994949912155868,1.0,0.0,1.0,1.0,1.0,0.0,1.0,1.0,1.0,0.0,1.0,1.0,0.9999586435070306,0.00015738717847548148,0.9999023232285273,1.0000149637855338,0.9996038034865293,0.0005406404431228161,0.9994103377886133,0.9997972691844453,0.9985387045813586,0.0012709104942631637,0.9980839151017904,0.9989934940609269,0.9983091787439613,0.0015730887154177776,0.9977462561766924,0.9988721013112302,0.9937694704049844,0.003923511089859206,0.9923654599930065,0.9951734808169623,0.9065255731922399,0.020484122540533778,0.8991954240812884,0.9138557223031915,0.6734848484848485,0.034016812544243206,0.6613120884491094,0.6856576085205875,0.7228070175438595,0.06509922231837946,0.6995115600178436,0.7461024750698753,0.6704761904761907,0.06987808155610072,0.6454706401344621,0.6954817408179192
0.244,0.732,0.9910966666666664,0.000842198818910785,0.000842198818910785,0.9907952896898656,0.9913980436434672,0.9910966666666667,0.9887542087542087,0.004460353822687315,0.9871580916374905,0.990350325870927,0.9906474820143885,0.004155389017656275,0.9891604951516044,0.9921344688771725,0.9900449582530506,0.003616498216595406,0.9887508109868117,0.9913391055192895,0.9986737400530503,0.001809783127907204,0.9980261174780636,0.9993213626280371,1.0,0.0,1.0,1.0,1.0,0.0,1.0,1.0,1.0,0.0,1.0,1.0,0.9999793217535153,0.00011325942049321668,0.9999387923904053,1.0000198511166254,0.9995773903856313,0.0004982648374245948,0.9993990886034662,0.9997556921677965,0.9984597156398105,0.0015911436826537865,0.9978903321854926,0.9990290990941284,0.998852657004831,0.0013856711888714872,0.9983568009381101,0.9993485130715518,0.9953271028037383,0.0035425142223313244,0.9940594303698338,0.9965947752376427,0.9063492063492065,0.021799880591182194,0.8985482192667429,0.91415019343167,0.6643939393939393,0.05200912591366453,0.6457827127073662,0.6830051660805124,0.7157894736842105,0.06311250637687493,0.6932049533273859,0.7383739940410352,0.6980952380952383,0.06863844563089541,0.6735332857722712,0.7226571904182054
0.248,0.744,0.9913433333333334,0.0006755244875896995,0.0006755244875896995,0.9911016,0.9915850666666667,0.9913433333333334,0.99016835016835,0.004825597125680146,0.9884415324142275,0.9918951679224726,0.9908273381294965,0.0037295757829726335,0.9894927265758072,0.9921619496831858,0.9901091843288373,0.004766417048359181,0.9884035438934065,0.9918148247642682,0.9992042440318303,0.001580804862781008,0.9986385602766891,0.9997699277869715,1.0,0.0,1.0,1.0,1.0,0.0,1.0,1.0,0.999938080495356,0.00018893410317606584,0.9998704712948309,1.000005689695881,0.9998966087675765,0.00023514207307039216,0.9998124642573856,0.9999807532777674,0.9996302165874273,0.0006149597086064617,0.9994101560819117,0.9998502770929429,0.9979857819905216,0.0012110996222649084,0.9975523955566212,0.9984191684244219,0.9986111111111112,0.0014019100774052002,0.9981094440327587,0.9991127781894638,0.9947040498442367,0.003762410279779896,0.9933576886167644,0.9960504110717089,0.9063492063492065,0.016508006680271328,0.9004418920255625,0.9122565206728505,0.6905303030303033,0.042694759078141804,0.6752521797091967,0.7058084263514098,0.7228070175438597,0.06726417372870462,0.6987368421052632,0.7468771929824561,0.6914285714285716,0.07883743596120674,0.663216957288048,0.7196401855690953
0.252,0.756,0.9913333333333333,0.0008734921326189091,0.0008734921326189091,0.9910207581880387,0.9916459084786279,0.9913333333333334,0.9911784511784512,0.0036940862856801797,0.9898565393782667,0.9925003629786356,0.9919064748201439,0.003263832745109103,0.9907385272721093,0.9930744223681786,0.98965960179833,0.004425191247010548,0.9880760674477188,0.9912431361489412,0.9991158267020335,0.0017530359476161084,0.9984885108447173,0.9997431425593496,1.0,0.0,1.0,1.0,1.0,0.0,1.0,1.0,0.9999793601651187,0.00011304903147680769,0.9999389060887512,1.000019814241486,0.9999586435070306,0.00015738717847548148,0.9999023232285273,1.0000149637855338,0.9996302165874273,0.0005786820470207613,0.9994231378763867,0.999837295298468,0.99826224328594,0.0015158384595959332,0.9977198074596084,0.9988046791122717,0.9990338164251208,0.0014059404932271096,0.9985307070809892,0.9995369257692523,0.9947040498442369,0.0037624102797798958,0.9933576886167647,0.9960504110717091,0.9065255731922399,0.016104457158966353,0.9007626672101768,0.912288479174303,0.6810606060606059,0.03890206139686226,0.6671396821744044,0.6949815299468074,0.7184210526315787,0.057051272075470526,0.6980055171135136,0.7388365881496439,0.6742857142857145,0.05544268775605821,0.6544458032736782,0.6941256252977508
0.256,0.768,0.9918033333333334,0.0007246798738341157,0.0007246798738341157,0.9915440099709389,0.9920626566957278,0.9918033333333336,0.9895622895622898,0.004441382477532952,0.9879729612542472,0.9911516178703323,0.9923261390887291,0.003436416763861925,0.9910964331427392,0.993555845034719,0.9917148362235065,0.00365406103645279,0.9904072472748114,0.9930224251722016,0.9990274093722368,0.0013000862542535008,0.9985621794810409,0.9994926392634327,1.0,0.0,1.0,1.0,0.9999701848539058,0.0001633042807111317,0.9999117471675611,1.0000286225402504,1.0,0.0,1.0,1.0,0.9999793217535153,0.00011325942049321668,0.9999387923904053,1.0000198511166254,0.9997358689910195,0.0005635174344047207,0.9995342168669106,0.9999375211151285,0.9988941548183256,0.0014236156275437982,0.9983847205086095,0.9994035891280416,0.9986111111111112,0.0016261488821926035,0.998029201207014,0.9991930210152085,0.9949117341640705,0.0040480534587655345,0.9934631568377468,0.9963603114903943,0.9167548500881834,0.017183248545957,0.9106059035661556,0.9229037966102112,0.6825757575757575,0.0429287807046295,0.6672138906911204,0.6979376244603946,0.7385964912280703,0.06873908125708873,0.7139985269087674,0.7631944555473731,0.6990476190476193,0.07567973310790727,0.671965974361094,0.7261292637341445
0.26,0.78,0.9919733333333333,0.000804698844217546,0.000804698844217546,0.9916853755501355,0.992261291116531,0.9919733333333334,0.9915824915824915,0.004345283506586614,0.9900275518495538,0.9931374313154291,0.9925059952038371,0.003275205019095413,0.9913339781398208,0.9936780122678534,0.9904945407835581,0.004077392220296596,0.9890354647162545,0.9919536168508618,0.9992926613616268,0.0013815131558678844,0.9987982932279069,0.9997870294953466,1.0,0.0,1.0,1.0,1.0,0.0,1.0,1.0,0.9999587203302374,0.00015709481839160813,0.9999025046714465,1.0000149359890282,0.9999379652605459,0.0002497381513253359,0.9998485976108316,1.0000273329102602,0.9998151082937137,0.00034087406271954366,0.999693128076946,0.9999370885104814,0.9985781990521327,0.001139005841588674,0.9981706110463214,0.998985787057944,0.9986111111111112,0.0014804350618784063,0.9980813442279471,0.9991408779942753,0.9965732087227415,0.002875043667057908,0.9955443875595049,0.997602029885978,0.9125220458553792,0.020549993099237853,0.9051683252677208,0.9198757664430376,0.6984848484848484,0.04301168154921718,0.6830933159139682,0.7138763810557286,0.7368421052631579,0.06841407195996647,0.7123604440271644,0.7613237664991513,0.7085714285714287,0.06515288143423646,0.6852567693774081,0.7318860877654494
0.264,0.792,0.9916766666666667,0.0008126938318750921,0.0008126938318750921,0.9913858479138786,0.9919674854194547,0.9916766666666669,0.9896296296296295,0.004707497729566639,0.9879450732016494,0.9913141860576097,0.9913669064748202,0.0033531769762546937,0.9901669875042751,0.9925668254453652,0.9924213230571611,0.003539574367895614,0.9911547026366556,0.9936879434776666,0.9992042440318301,0.0014190532642491492,0.9986964423428514,0.9997120457208087,1.0,0.0,1.0,1.0,1.0,0.0,1.0,1.0,1.0,0.0,1.0,1.0,0.9999586435070306,0.00015738717847548148,0.9999023232285273,1.0000149637855338,0.9998151082937137,0.00034087406271954366,0.999693128076946,0.9999370885104814,0.9981832543443919,0.001234195402280058,0.997741603191756,0.9986249054970279,0.9984299516908214,0.0016976492864341425,0.9978224556956652,0.9990374476859776,0.9955347871235722,0.0036296127354135395,0.9942359468870455,0.996833627360099,0.9132275132275132,0.019923505308935448,0.9060979784164249,0.9203570480386014,0.6878787878787879,0.04744217480895254,0.6709018236564097,0.704855752101166,0.7280701754385965,0.057127958612540095,0.7076271979956742,0.7485131528815189,0.6933333333333335,0.07115547134627084,0.6678706749257737,0.7187959917408933
0.268,0.804,0.9920033333333332,0.0007014680828550717,0.0007014680828550717,0.9917523162036648,0.9922543504630017,0.9920033333333333,0.9913131313131313,0.0037570438907037463,0.9899686904233274,0.9926575722029352,0.9914268585131897,0.004081812525852689,0.9899662006598574,0.992887516366522,0.9921001926782272,0.0036259254029156274,0.9908026719366888,0.9933977134197657,0.9996463306808133,0.0009170978876439433,0.9993181514164847,0.9999745099451419,1.0,0.0,1.0,1.0,1.0,0.0,1.0,1.0,1.0,0.0,1.0,1.0,0.9999793217535153,0.00011325942049321668,0.9999387923904053,1.0000198511166254,0.9997358689910195,0.0004331792976153078,0.9995808577701574,0.9998908802118817,0.9988941548183253,0.0010748662788148497,0.9985095188602824,0.9992787907763683,0.9986714975845411,0.0017109296657642262,0.9980592492666751,0.9992837459024071,0.9962616822429908,0.002994769253273662,0.9951900178289574,0.9973333466570242,0.917636684303351,0.018046387643437717,0.9111788674220727,0.9240945011846293,0.693939393939394,0.037621908490666704,0.6804765668873949,0.707402220991393,0.7219298245614034,0.06830344958495561,0.6974877490339133,0.7463719000888935,0.703809523809524,0.07097722755130889,0.6784106491248251,0.7292083984942229
0.272,0.8160000000000001,0.9923233333333334,0.0007559799912209515,0.0007559799912209515,0.9920528093677802,0.9925938572988867,0.9923233333333334,0.9907070707070708,0.00346270584074765,0.9894679573357356,0.991946184078406,0.9941247002398083,0.0025841561233242525,0.9931999718472465,0.99504942863237,0.9921001926782272,0.003253766608845683,0.990935847250793,0.9932645381056615,0.9992042440318301,0.0015808048627810082,0.9986385602766888,0.9997699277869713,1.0,0.0,1.0,1.0,1.0,0.0,1.0,1.0,0.9999793601651187,0.00011304903147680769,0.9999389060887512,1.000019814241486,0.9999793217535153,0.00011325942049321668,0.9999387923904053,1.0000198511166254,0.9997094558901215,0.0004872804277800006,0.999535084828466,0.999883826951777,0.9988941548183256,0.0011189966534382086,0.9984937270085364,0.9992945826281147,0.9986714975845411,0.0012527025494266737,0.9982232237343531,0.9991197714347291,0.9958463136033231,0.0035971979388761733,0.9945590728527665,0.9971335543538797,0.9227513227513228,0.01670853378629778,0.9167722507243623,0.9287303947782832,0.7007575757575757,0.03522579799387263,0.6881521858348977,0.7133629656802537,0.7385964912280703,0.06626266609207501,0.7148847006945497,0.7623082817615908,0.7085714285714289,0.06643638388299199,0.6847974739247944,0.7323453832180633
0.276,0.8280000000000001,0.9925633333333334,0.0007774775008756235,0.0007774775008756235,0.9922851165827475,0.9928415500839192,0.9925633333333335,0.9919865319865319,0.003915999566432134,0.9905852095386912,0.9933878544343725,0.9941247002398083,0.0028313265429511193,0.9931115230485198,0.9951378774310967,0.9935773924213228,0.004182779243307355,0.9920806040921686,0.995074180750477,0.9991158267020334,0.0016086961136952936,0.998540162190934,0.9996914912131327,1.0,0.0,1.0,1.0,1.0,0.0,1.0,1.0,0.9999793601651187,0.00011304903147680769,0.9999389060887512,1.000019814241486,0.9999793217535153,0.00011325942049321668,0.9999387923904053,1.0000198511166254,0.9999471737982039,0.00020103655443934646,0.9998752337911142,1.0000191138052936,0.9988941548183254,0.001028844752263748,0.9985259874520548,0.9992623221845961,0.9986111111111112,0.0016261488821926035,0.998029201207014,0.9991930210152085,0.9953271028037383,0.003542514222331325,0.9940594303698338,0.9965947752376427,0.9229276895943562,0.01323176967337201,0.9181927616268214,0.9276626175618911,0.6969696969696969,0.03327569349141313,0.6850621429810053,0.7088772509583885,0.7482456140350879,0.06508087848042027,0.7249567207671819,0.771534507302994,0.7333333333333336,0.06849475735505488,0.7088227991995187,0.7578438674671485
0.28,0.8400000000000001,0.9925433333333334,0.0008381767295058074,0.0008381767295058074,0.9922433956427417,0.9928432710239252,0.9925433333333334,0.9916498316498316,0.0036268047796780083,0.99035199622736,0.9929476670723031,0.9935251798561152,0.0030464066351791348,0.9924350372422801,0.9946153224699503,0.9931920359666023,0.0036394342023192486,0.9918896811632805,0.9944943907699242,0.9991158267020334,0.0017530359476161082,0.9984885108447172,0.9997431425593495,1.0,0.0,1.0,1.0,1.0,0.0,1.0,1.0,1.0,0.0,1.0,1.0,0.9999586435070306,0.00015738717847548148,0.9999023232285273,1.0000149637855338,0.9998151082937137,0.00045033342088424664,0.999653958548676,0.9999762580387513,0.999091627172196,0.0010635476101543944,0.9987110415477153,0.9994722127966768,0.9991545893719808,0.0010350479415278412,0.9987842022229404,0.9995249765210211,0.996053997923157,0.003464507269579661,0.9948142399187933,0.9972937559275207,0.9246913580246915,0.019830421328231904,0.9175951328883061,0.9317875831610769,0.6992424242424242,0.031403099368497916,0.6880049694546185,0.7104798790302299,0.7543859649122808,0.06495232655618496,0.7311430733596681,0.7776288564648935,0.7104761904761907,0.07493213756754179,0.6836620694180131,0.7372903115343683
0.28400000000000003,0.8520000000000001,0.9927933333333334,0.0005800911541529008,0.0005800911541529008,0.9925857503797815,0.9930009162868854,0.9927933333333335,0.9923905723905724,0.0038507686075409404,0.9910125925415849,0.9937685522395598,0.9933453237410074,0.0032086848222521993,0.9921971106237203,0.9944935368582944,0.9931920359666022,0.00363943420231925,0.9918896811632804,0.9944943907699241,0.9995579133510167,0.001223164555377763,0.9991202095362496,0.9999956171657839,1.0,0.0,1.0,1.0,1.0,0.0,1.0,1.0,1.0,0.0,1.0,1.0,0.9999793217535153,0.00011325942049321668,0.9999387923904053,1.0000198511166254,0.9999471737982039,0.0002010365544393465,0.9998752337911142,1.0000191138052936,0.9991311216429699,0.001118996653438208,0.9987306938331808,0.999531549452759,0.9993357487922706,0.001114036050468081,0.9989370961114565,0.9997344014730847,0.9965732087227416,0.0033080330889285236,0.9953894442848056,0.9977569731606776,0.9275132275132274,0.014449987007293004,0.9223423660713874,0.9326840889550674,0.7049242424242425,0.03220810859012322,0.69339871878611,0.7164497660623749,0.7622807017543859,0.06389591984322004,0.7394158404890125,0.7851455630197592,0.7171428571428573,0.07953064285361564,0.6886831821016999,0.7456025321840147
0.28800000000000003,0.8640000000000001,0.9927866666666667,0.0007295408727805857,0.0007295408727805857,0.9925256038181394,0.993047729515194,0.9927866666666668,0.9921885521885521,0.004202038064069045,0.9906848721788972,0.9936922321982069,0.9949040767386091,0.002633328261910405,0.9939617523222378,0.9958464011549805,0.9941554271034038,0.003836362286795428,0.992782602490087,0.9955282517167205,0.99946949602122,0.0010791461596087364,0.9990833285275044,0.9998556635149357,1.0,0.0,1.0,1.0,1.0,0.0,1.0,1.0,1.0,0.0,1.0,1.0,0.9999793217535153,0.00011325942049321668,0.9999387923904053,1.0000198511166254,0.9998415213946117,0.0003223756752555267,0.9997261607407838,0.9999568820484396,0.9991706161137441,0.0008882850575923609,0.9988527473882326,0.9994884848392557,0.9991545893719808,0.0011391489580251076,0.9987469501526104,0.9995622285913511,0.9971962616822431,0.0026319712522198417,0.9962544228655531,0.998138100498933,0.9239858906525572,0.018511132226920645,0.9173617670579356,0.9306100142471788,0.7026515151515152,0.03937421638738291,0.6885616327718685,0.716741397531162,0.7421052631578946,0.07027367594623377,0.7169581511817151,0.7672523751340741,0.7266666666666669,0.047266345702601985,0.7097526220819272,0.7435807112514066
0.292,0.876,0.9928433333333333,0.0005763639495135474,0.0005763639495135474,0.9926370841428321,0.9930495825238345,0.9928433333333334,0.9923232323232323,0.00384039984454961,0.9909489628884288,0.9936975017580357,0.9950839328537171,0.00333761690632681,0.9938895819826853,0.9962782837247489,0.9933847141939627,0.0036726983829147688,0.992070455956489,0.9946989724314363,0.9996463306808133,0.0009170978876439433,0.9993181514164847,0.9999745099451419,1.0,0.0,1.0,1.0,1.0,0.0,1.0,1.0,1.0,0.0,1.0,1.0,1.0,0.0,1.0,1.0,0.9998679344955098,0.00030035580173489774,0.9997604535522231,0.9999754154387965,0.9987756714060031,0.0010544051974694572,0.9983983573518853,0.9991529854601209,0.9993961352657005,0.0009903483217219861,0.9990417436701787,0.9997505268612222,0.9961578400830738,0.0025457948727628556,0.9952468390877263,0.9970688410784214,0.9223985890652556,0.01802765575293809,0.9159474753049053,0.928849702825606,0.7181818181818181,0.03610803585953567,0.705260723493469,0.7311029128701673,0.7464912280701752,0.07833499136870685,0.7184594114179612,0.7745230447223892,0.7257142857142859,0.07488203248833995,0.6989180945284296,0.7525104769001422
0.296,0.888,0.99276,0.0006951060449982384,0.0006951060449982384,0.9925112594963402,0.9930087405036597,0.9927600000000001,0.9938047138047138,0.00313567334247013,0.9926826275099233,0.9949268000995043,0.9935851318944844,0.003395599533362396,0.9923700322068424,0.9948002315821264,0.9936416184971097,0.0032850911974331353,0.9924660637096099,0.9948171732846096,0.9994694960212201,0.0014611708074794385,0.9989466227629588,0.9999923692794815,1.0,0.0,1.0,1.0,1.0,0.0,1.0,1.0,1.0,0.0,1.0,1.0,0.9999586435070306,0.0001573871784754815,0.9999023232285273,1.0000149637855338,0.9999207606973058,0.00024178175644164502,0.9998342402069349,1.0000072811876768,0.9993285939968405,0.0009168890553645393,0.9990004894621833,0.9996566985314976,0.9994565217391305,0.0011798165365633335,0.9990343298136788,0.9998787136645821,0.9974039460020769,0.003280945361037817,0.9962298747830778,0.9985780172210761,0.919400352733686,0.01722533117909548,0.9132363471347914,0.9255643583325807,0.7075757575757575,0.048756748052641456,0.6901283793595927,0.7250231357919223,0.7342105263157895,0.07193609522192605,0.7084685252418891,0.75995252738969,0.7333333333333336,0.05323236983469005,0.714284374431361,0.7523822922353063
0.3,0.9,0.9932066666666668,0.0005999616846003721,0.0005999616846003721,0.9929919731351144,0.9934213601982191,0.9932066666666668,0.9930639730639731,0.0038871431740028803,0.991672976743546,0.9944549693844001,0.9945443645083933,0.0036120792161611864,0.9932517985611511,0.9958369304556356,0.9947976878612715,0.003245888227771518,0.9936361616762974,0.9959592140462457,0.9995579133510167,0.0010054350710595717,0.9991981230315796,0.9999177036704539,1.0,0.0,1.0,1.0,1.0,0.0,1.0,1.0,0.9999793601651187,0.00011304903147680769,0.9999389060887512,1.000019814241486,0.9999793217535153,0.00011325942049321668,0.9999387923904053,1.0000198511166254,0.9998943475964078,0.0002739666431392635,0.9997963098922463,0.9999923853005693,0.999565560821485,0.0005807257320540018,0.9993577507871474,0.9997733708558225,0.9992753623188406,0.0012222186008391455,0.9988379970095577,0.9997127276281236,0.9979231568016615,0.0024993631061861494,0.9970287712005941,0.998817542402729,0.9305114638447971,0.01248477260905691,0.9260438453437058,0.9349790823458884,0.7212121212121212,0.0373606145826199,0.7078427969842717,0.7345814454399707,0.737719298245614,0.056349335011846094,0.7175549476798302,0.7578836488113978,0.7333333333333335,0.05971234509460471,0.7119655450650328,0.7547011216016342
0.304,0.912,0.9931833333333332,0.0006170471022837592,0.0006170471022837592,0.9929625258635834,0.993404140803083,0.9931833333333333,0.9944781144781145,0.002753314696812369,0.9934928534674429,0.9954633754887862,0.9953237410071942,0.002481394117484018,0.9944357855261525,0.9962116964882359,0.994091201027617,0.0032766370241445464,0.9929186715271751,0.995263730528059,0.99946949602122,0.0010791461596087364,0.9990833285275044,0.9998556635149357,1.0,0.0,1.0,1.0,1.0,0.0,1.0,1.0,1.0,0.0,1.0,1.0,0.9999379652605459,0.00018928571751202308,0.9998702302364466,1.0000057002846452,0.9999471737982039,0.0002010365544393465,0.9998752337911142,1.0000191138052936,0.9993285939968405,0.0009168890553645299,0.9990004894621833,0.9996566985314976,0.9994565217391305,0.0008443688400351469,0.9991543682302432,0.9997586752480178,0.9965732087227416,0.0033080330889285236,0.9953894442848056,0.9977569731606776,0.9259259259259259,0.015221057190012197,0.920479140562856,0.9313727112889959,0.7113636363636363,0.03976992824902328,0.6971321503128997,0.725595122414373,0.7605263157894737,0.055005448718025325,0.7408428687577504,0.780209762821197,0.744761904761905,0.07194232318568144,0.7190176750397969,0.7705061344840131
0.308,0.924,0.9935933333333331,0.00047989462444866224,0.00047989462444866224,0.9934216052474563,0.99376506141921,0.9935933333333333,0.9938047138047138,0.0029026076859965076,0.9927660289839778,0.9948433986254498,0.9947242206235012,0.0030218977363141494,0.9936428484064879,0.9958055928405145,0.9962748876043673,0.0021427877332082347,0.995508100861784,0.9970416743469507,0.99973474801061,0.0008093596197065524,0.9994451223903232,1.0000243736308967,1.0,0.0,1.0,1.0,0.9999701848539058,0.0001633042807111317,0.9999117471675611,1.0000286225402504,1.0,0.0,1.0,1.0,0.9999586435070306,0.00015738717847548148,0.9999023232285273,1.0000149637855338,0.9998679344955098,0.00046917076063135194,0.9997000438950157,1.000035825096004,0.9994470774091628,0.0006769507864021047,0.9992048336813544,0.9996893211369713,0.9994565217391305,0.0009691722475034898,0.9991097079044475,0.9998033355738134,0.9974039460020769,0.003070178992687148,0.9963052965593597,0.9985025954447941,0.929805996472663,0.013890228227675648,0.9248354421375903,0.9347765508077358,0.725,0.037677101511945,0.7115174223789905,0.7384825776210094,0.7701754385964913,0.05653971684000839,0.7499429607684495,0.7904079164245331,0.7723809523809525,0.05115600091625918,0.7540750125539403,0.7906868922079647
0.312,0.936,0.9937100000000001,0.0005485718134235053,0.0005485718134235053,0.9935136960976727,0.9939063039023275,0.9937100000000001,0.9940067340067339,0.0029768102589325797,0.9929414961362902,0.9950719718771776,0.996223021582734,0.001967392207376575,0.9955189993229931,0.9969270438424749,0.9946692357096979,0.0031471003123712473,0.993543060326244,0.9957954110931518,0.9994694960212201,0.001284440843797097,0.9990098647682535,0.9999291272741868,1.0,0.0,1.0,1.0,1.0,0.0,1.0,1.0,1.0,0.0,1.0,1.0,1.0,0.0,1.0,1.0,0.9999207606973058,0.00024178175644164502,0.9998342402069349,1.0000072811876768,0.9996445497630332,0.0006338662092676918,0.9994177236531459,0.9998713758729205,0.9995169082125605,0.0010566889148291255,0.999138776940681,0.9998950394844399,0.9971962616822431,0.0034076949137114717,0.9959768337183306,0.9984156896461556,0.9368606701940034,0.01430113524570685,0.9317430746709596,0.9419782657170472,0.7318181818181817,0.03650052604078356,0.718756636322265,0.7448797273140983,0.7517543859649122,0.060517766828329954,0.7300983812307256,0.7734103906990988,0.7619047619047621,0.05323236983469004,0.7428558030027894,0.7809537208067348
0.316,0.9480000000000001,0.9937166666666667,0.0007022541701835798,0.0007022541701835798,0.9934653682392605,0.9939679650940729,0.9937166666666667,0.994747474747475,0.003955926334300833,0.9933318646892465,0.9961630848057036,0.9956235011990411,0.0027002525130940596,0.9946572282469518,0.9965897741511304,0.995247270391779,0.003307745035308574,0.994063609032507,0.9964309317510509,0.99973474801061,0.0008093596197065524,0.9994451223903232,1.0000243736308967,1.0,0.0,1.0,1.0,1.0,0.0,1.0,1.0,1.0,0.0,1.0,1.0,1.0,0.0,1.0,1.0,0.9999471737982039,0.0002010365544393465,0.9998752337911142,1.0000191138052936,0.9996445497630332,0.0005522412318713445,0.999446932776178,0.9998421667498884,0.9993357487922706,0.001114036050468081,0.9989370961114565,0.9997344014730847,0.9978193146417447,0.0021875802176255657,0.9970364991144682,0.9986021301690211,0.9320987654320987,0.017525343375200723,0.9258274018476128,0.9383701290165846,0.7265151515151514,0.03453644770667196,0.7141564424246575,0.7388738606056454,0.7833333333333332,0.05932217074091553,0.7621051671643513,0.8045614995023151,0.7523809523809526,0.07478172161613017,0.7256206569797115,0.7791412477821937
0.32,0.9600000000000001,0.9936666666666667,0.0005447766599216658,0.0005447766599216658,0.9934717208425783,0.9938616124907551,0.9936666666666667,0.9943434343434343,0.0024542437100686368,0.9934651945109094,0.9952216741759592,0.9950239808153476,0.003157286474281581,0.9938941603606672,0.996153801270028,0.9948619139370583,0.003050009995672117,0.9937704818772309,0.9959533459968856,0.99973474801061,0.0008093596197065524,0.9994451223903232,1.0000243736308967,1.0,0.0,1.0,1.0,1.0,0.0,1.0,1.0,1.0,0.0,1.0,1.0,0.9999793217535153,0.00011325942049321668,0.9999387923904053,1.0000198511166254,0.9999207606973058,0.000241781756441645,0.9998342402069349,1.0000072811876768,0.9992890995260664,0.0009124787890272074,0.9989625731849495,0.9996156258671832,0.9998188405797102,0.0005527691605604456,0.9996210346759998,1.0000166464834206,0.9970924195223262,0.0024452188559654243,0.996217409192366,0.9979674298522864,0.9354497354497353,0.014332600927851095,0.930320880076945,0.9405785908225256,0.7276515151515149,0.02976517847619543,0.717000182827523,0.7383028474755069,0.7710526315789472,0.06030694879828893,0.749472067107941,0.7926331960499534,0.7609523809523812,0.07057951862579359,0.7356958245789017,0.7862089373258606
0.324,0.9720000000000001,0.9938666666666668,0.0007048273612704085,0.0007048273612704085,0.9936144474346559,0.9941188858986777,0.9938666666666668,0.9953535353535353,0.002961009668265452,0.9942939516518461,0.9964131190552246,0.996282973621103,0.0020552031069185693,0.9955475286345191,0.9970184186076868,0.995504174694926,0.0032135177184462083,0.9943542321479468,0.9966541172419052,0.99973474801061,0.001067845888425595,0.9993526242670039,1.0001168717542162,1.0,0.0,1.0,1.0,1.0,0.0,1.0,1.0,1.0,0.0,1.0,1.0,0.9999793217535153,0.00011325942049321668,0.9999387923904053,1.0000198511166254,0.9999207606973058,0.00024178175644164502,0.9998342402069349,1.0000072811876768,0.9993680884676145,0.0008652805015879489,0.9990584518167456,0.9996777251184834,0.9995169082125605,0.0010566889148291257,0.999138776940681,0.9998950394844399,0.9976116303219108,0.0021149861492970805,0.9968547922483606,0.998368468395461,0.9389770723104057,0.01481828961603881,0.9336744154726577,0.9442797291481537,0.7409090909090909,0.03315056285512894,0.7290463143435228,0.7527718674746589,0.7596491228070176,0.06323850471826081,0.7370195145227866,0.7822787310912486,0.7323809523809526,0.07137272036493926,0.7068405524104874,0.7579213523514178
0.328,0.9840000000000001,0.9938666666666668,0.0007188752389639134,0.0007188752389639134,0.993609420466184,0.9941239128671496,0.9938666666666668,0.9945454545454546,0.003604098507418599,0.9932557444581585,0.9958351646327508,0.996642685851319,0.0023960133312526505,0.9957852834922404,0.9975000882103976,0.9953757225433525,0.0030611822308662154,0.994280292550506,0.996471152536199,0.9998231653404067,0.0006729658665847932,0.9995823475978411,1.0000639830829723,1.0,0.0,1.0,1.0,1.0,0.0,1.0,1.0,1.0,0.0,1.0,1.0,0.9999793217535153,0.00011325942049321666,0.9999387923904053,1.0000198511166254,0.999973586899102,0.0001446705117551903,0.9999218172213418,1.0000253565768622,0.9996840442338073,0.000929994375313877,0.9993512500206353,1.0000168384469794,0.9995169082125605,0.0009435334415981704,0.9991792691067409,0.99985454731838,0.9974039460020769,0.0025978437630429715,0.996474319550547,0.9983335724536069,0.9368606701940038,0.01528013553813255,0.931392743915569,0.9423285964724385,0.7382575757575759,0.03624138606656535,0.7252887623104872,0.7512263892046646,0.7701754385964912,0.06293568491887959,0.7476541929857806,0.7926966842072017,0.7380952380952384,0.06501592219141547,0.7148295891368289,0.7613608870536478
0.332,0.9960000000000001,0.9939900000000002,0.0006799340738833387,0.0006799340738833387,0.9937466887164771,0.9942333112835232,0.9939900000000002,0.9948148148148146,0.0025818571734250277,0.9938909090909088,0.9957387205387204,0.9955035971223023,0.002349788688969565,0.9946627360390271,0.9963444582055775,0.9944765574823377,0.0033462233946458795,0.9932791268190143,0.995673988145661,0.9998231653404067,0.0006729658665847932,0.9995823475978411,1.0000639830829723,1.0,0.0,1.0,1.0,1.0,0.0,1.0,1.0,1.0,0.0,1.0,1.0,1.0,0.0,1.0,1.0,0.9999207606973058,0.000241781756441645,0.9998342402069349,1.0000072811876768,0.9998420221169037,0.0005144223761318785,0.9996579384337684,1.000026105800039,0.9996376811594203,0.0007370255474139275,0.9993739399544732,0.9999014223643674,0.9975077881619938,0.0027622526070899423,0.9965193287612059,0.9984962475627818,0.9405643738977073,0.016480694903882025,0.9346668329677258,0.9464619148276888,0.7412878787878788,0.041531675505515425,0.7264259595779798,0.7561497979977778,0.769298245614035,0.06653240532062758,0.7454899301372345,0.7931065610908355,0.7685714285714287,0.06556204253631923,0.7451103529574352,0.7920325041854221
0.336,1.0080000000000002,0.9941466666666667,0.0005322258616565815,0.0005322258616565815,0.993956212088057,0.9943371212452765,0.9941466666666668,0.9951515151515153,0.002787182079436601,0.994154134853618,0.9961488954494127,0.995863309352518,0.0017127898620298942,0.9952503953719674,0.9964762233330686,0.9953114964675656,0.003305809360685381,0.9941285277805616,0.9964944651545695,0.9998231653404067,0.0006729658665847932,0.9995823475978411,1.0000639830829723,1.0,0.0,1.0,1.0,1.0,0.0,1.0,1.0,1.0,0.0,1.0,1.0,1.0,0.0,1.0,1.0,0.9999207606973058,0.00024178175644164502,0.9998342402069349,1.0000072811876768,0.9996840442338074,0.000617097701140041,0.9994632186574894,0.9999048698101254,0.9996980676328503,0.0006866830104881402,0.9994523412733797,0.9999437939923209,0.9991692627206646,0.0014011727261956498,0.9986678595000537,0.9996706659412756,0.9403880070546737,0.011702519653391974,0.9362003141787176,0.9445756999306298,0.737878787878788,0.04435718215380052,0.72200577410016,0.7537518016574161,0.7833333333333332,0.05427706052762268,0.7639105366680458,0.8027561299986207,0.7723809523809525,0.056887772195623784,0.7520239245434838,0.7927379802184212
0.34,1.0200000000000002,0.99394,0.0007509074969432171,0.0007509074969432171,0.9936712912032121,0.994208708796788,0.99394,0.9946127946127945,0.0026170474843054754,0.9936762961978666,0.9955492930277224,0.996402877697842,0.002713302264230638,0.995431934952282,0.997373820443402,0.995183044315992,0.0028511528856720782,0.994162772359078,0.996203316272906,0.9998231653404067,0.0006729658665847932,0.9995823475978411,1.0000639830829723,1.0,0.0,1.0,1.0,1.0,0.0,1.0,1.0,1.0,0.0,1.0,1.0,1.0,0.0,1.0,1.0,0.9998943475964078,0.0002739666431392635,0.9997963098922463,0.9999923853005693,0.999605055292259,0.0008426054528658338,0.9993035328033661,0.9999065777811518,0.9994565217391305,0.00096917224750349,0.9991097079044475,0.9998033355738134,0.9980269989615784,0.0025193672206901153,0.9971254549800699,0.998928542943087,0.9391534391534392,0.017340763786436293,0.9329481265265086,0.9453587517803698,0.734469696969697,0.03862060961006917,0.7206494893119136,0.7482899046274804,0.7859649122807018,0.05812252389233554,0.7651660342231912,0.8067637903382123,0.743809523809524,0.06561926449138498,0.7203279715818889,0.7672910760371592
0.34400000000000003,1.0320000000000003,0.9942500000000002,0.0005507048774697457,0.0005507048774697457,0.9940529327905069,0.9944470672094935,0.9942500000000002,0.9954208754208753,0.0032241857395979164,0.9942671153715547,0.996574635470196,0.9967026378896884,0.002458058784130092,0.9958230328504437,0.997582242928933,0.9964675658317275,0.0023778308373169892,0.9956166699945412,0.9973184616689137,0.99973474801061,0.0008093596197065523,0.9994451223903232,1.0000243736308967,1.0,0.0,1.0,1.0,1.0,0.0,1.0,1.0,1.0,0.0,1.0,1.0,0.9999793217535153,0.00011325942049321666,0.9999387923904053,1.0000198511166254,0.999973586899102,0.0001446705117551903,0.9999218172213418,1.0000253565768622,0.9996050552922591,0.0007185763446245563,0.9993479160497419,0.9998621945347762,0.9996376811594203,0.0008772358661440295,0.999323766336289,0.9999515959825516,0.9983385254413293,0.0021228828269814954,0.9975788615779609,0.9990981893046976,0.9396825396825397,0.014744273897327794,0.9344063690295736,0.9449587103355057,0.7439393939393939,0.040779721136029894,0.7293465581448111,0.7585322297339767,0.7921052631578946,0.050002387945651726,0.7742121384306822,0.8099983878851071,0.7571428571428573,0.05896121651373667,0.7360438567852111,0.7782418575005036
0.34800000000000003,1.0440000000000003,0.99402,0.0006624926805060874,0.0006624926805060874,0.9937829300389405,0.9942570699610596,0.99402,0.9950168350168348,0.0030353300151143904,0.9939306561205844,0.9961030139130852,0.9967625899280577,0.0021333214053578325,0.9959991906673906,0.9975259891887247,0.9954399486191393,0.0029713462378871173,0.9943766660235154,0.9965032312147633,0.9995579133510167,0.0012231645553777632,0.9991202095362496,0.9999956171657839,1.0,0.0,1.0,1.0,1.0,0.0,1.0,1.0,1.0,0.0,1.0,1.0,0.9999793217535153,0.00011325942049321668,0.9999387923904053,1.0000198511166254,0.9999471737982039,0.00020103655443934646,0.9998752337911142,1.0000191138052936,0.999526066350711,0.0009124787890272043,0.9991995400095941,0.9998525926918278,0.9996980676328503,0.0008353859372779277,0.9993991286144314,0.9999970066512692,0.9980269989615784,0.0025193672206901153,0.9971254549800699,0.998928542943087,0.9395061728395063,0.01036852089794847,0.9357958452874432,0.9432165003915695,0.740530303030303,0.03519418171405999,0.727936226848055,0.7531243792125509,0.775438596491228,0.0597433510742422,0.7540597128756102,0.7968174801068458,0.7457142857142859,0.06065557868734958,0.7240089656396997,0.767419605788872
0.352,1.056,0.99427,0.0006006605559284476,0.0006006605559284476,0.9940550563805547,0.9944849436194453,0.9942700000000001,0.9952861952861952,0.0024504179186388953,0.994409324495551,0.9961630660768395,0.9967026378896882,0.0027976387335953154,0.9957015157261565,0.9977037600532198,0.9955041746949259,0.002964876624273921,0.9944432072208006,0.9965651421690512,0.9998231653404067,0.0006729658665847932,0.9995823475978411,1.0000639830829723,1.0,0.0,1.0,1.0,0.9999701848539058,0.0001633042807111317,0.9999117471675611,1.0000286225402504,1.0,0.0,1.0,1.0,1.0,0.0,1.0,1.0,0.999973586899102,0.0001446705117551903,0.9999218172213418,1.0000253565768622,0.9997630331753555,0.0004820356660811611,0.9995905389275702,0.9999355274231408,0.9996980676328503,0.0009613562146833962,0.9993540507295915,1.000042084536109,0.9982346832814123,0.0032398891615485793,0.9970753038347158,0.9993940627281088,0.9442680776014108,0.012714619996264078,0.9397182092691316,0.9488179459336901,0.7446969696969696,0.03747961036513647,0.731285063375223,0.7581088760187162,0.7824561403508773,0.06022109316319049,0.7609062989243189,0.8040059817774357,0.7580952380952383,0.05895325899746942,0.7369990852982174,0.7791913908922591
0.356,1.068,0.99452,0.0005371701072639208,0.0005371701072639208,0.9943277761458222,0.9947122238541777,0.99452,0.9958922558922559,0.0033336323745550046,0.9946993308676068,0.9970851809169051,0.9976019184652277,0.002281547946964576,0.9967854770178608,0.9984183599125946,0.9962748876043672,0.0023150897681058886,0.9954464433704551,0.9971033318382794,0.9999115826702033,0.00048428166003994347,0.9997382847038019,1.0000848806366047,1.0,0.0,1.0,1.0,1.0,0.0,1.0,1.0,1.0,0.0,1.0,1.0,1.0,0.0,1.0,1.0,0.9999471737982039,0.00020103655443934646,0.9998752337911142,1.0000191138052936,0.9998025276461296,0.0005463661580301147,0.9996070130274481,0.9999980422648111,0.9996376811594203,0.0007370255474139274,0.9993739399544732,0.9999014223643674,0.9991692627206646,0.0014011727261956498,0.9986678595000537,0.9996706659412756,0.9440917107583774,0.014216509062366774,0.9390043983261199,0.9491790231906349,0.7522727272727271,0.030782517901861997,0.7412573447107116,0.7632881098347426,0.7842105263157896,0.06000923289995463,0.7627364981107705,0.8056845545208087,0.7657142857142858,0.05326761139421705,0.7466527157821983,0.7847758556463733
0.36,1.08,0.99448,0.0006989647517135103,0.0006989647517135103,0.9942298786758759,0.9947301213241242,0.9944800000000001,0.995151515151515,0.0027362238134988385,0.9941723700348915,0.9961306602681386,0.9971822541966427,0.0019862013560330376,0.9964715011694976,0.9978930072237879,0.9958895311496467,0.0024125715436581568,0.9950262035103564,0.996752858788937,1.0,0.0,1.0,1.0,1.0,0.0,1.0,1.0,1.0,0.0,1.0,1.0,1.0,0.0,1.0,1.0,0.9999793217535153,0.00011325942049321668,0.9999387923904053,1.0000198511166254,1.0,0.0,1.0,1.0,0.9999605055292259,0.0002163201253969924,0.9998830963665086,1.0000379146919431,0.9995772946859903,0.0009130560380321251,0.99925056177897,0.9999040275930107,0.9984423676012462,0.0022775179984009233,0.997627368252452,0.9992573669500403,0.9451499118165784,0.017214119202742146,0.9389899183718943,0.9513099052612625,0.7534090909090909,0.034948716652665246,0.7409028532709637,0.7659153285472181,0.787719298245614,0.06331398336623394,0.7650626802740879,0.8103759162171402,0.7666666666666669,0.06501592219141546,0.7434010177082575,0.7899323156250764
0.364,1.092,0.9944533333333332,0.0005811601555825905,0.0005811601555825905,0.9942453678425325,0.9946612988241339,0.9944533333333333,0.9952188552188551,0.002929152800949774,0.9941706713507281,0.9962670390869821,0.9964028776978417,0.0025435495726134805,0.9954926801728338,0.9973130752228497,0.9958895311496467,0.0029388557508332695,0.9948378751254964,0.9969411871737971,0.9998231653404067,0.0006729658665847932,0.9995823475978411,1.0000639830829723,1.0,0.0,1.0,1.0,1.0,0.0,1.0,1.0,1.0,0.0,1.0,1.0,1.0,0.0,1.0,1.0,0.9999471737982039,0.0002010365544393465,0.9998752337911142,1.0000191138052936,0.9997630331753555,0.0004820356660811611,0.9995905389275702,0.9999355274231408,0.9995169082125605,0.0008148124005594305,0.9992253313397051,0.9998084850854158,0.9980269989615784,0.0027723301765240622,0.9970349333488826,0.9990190645742743,0.9486772486772487,0.01362475931210437,0.9438016911735808,0.9535528061809165,0.7647727272727274,0.03146212558382686,0.7535141502250368,0.776031304320418,0.7728070175438597,0.053746509052492925,0.7535740762856584,0.792039958802061,0.7514285714285716,0.04320059425660552,0.7359694373135506,0.7668877055435925
0.368,1.104,0.9946099999999999,0.0005634560840213617,0.0005634560840213617,0.9944083698298436,0.9948116301701562,0.9946099999999999,0.9952861952861951,0.002670281019197044,0.994330647495455,0.9962417430769352,0.9976618705035971,0.0019560199028152117,0.9969619177707791,0.9983618232364151,0.9965960179833011,0.002662305148774389,0.9956433243211364,0.9975487116454658,0.9999115826702033,0.0004842816600399435,0.9997382847038019,1.0000848806366047,1.0,0.0,1.0,1.0,1.0,0.0,1.0,1.0,1.0,0.0,1.0,1.0,1.0,0.0,1.0,1.0,1.0,0.0,1.0,1.0,0.9998025276461296,0.0005463661580301147,0.9996070130274481,0.9999980422648111,0.9998792270531401,0.000459616180620405,0.9997147555151923,1.0000436985910879,0.9983385254413293,0.0019589103577254104,0.9976375383725056,0.999039512510153,0.9417989417989419,0.012582331435553123,0.9372964123201462,0.9463014712777376,0.7553030303030304,0.03196525198513628,0.743864411784881,0.7667416488211797,0.8070175438596491,0.061554563142304494,0.7849905263293772,0.829044561389921,0.7761904761904764,0.052028971160486805,0.757572147973532,0.7948088044074209
0.372,1.116,0.9945366666666667,0.000585151517857182,0.000585151517857182,0.9943272728852194,0.9947460604481141,0.9945366666666668,0.996094276094276,0.0023686493018305623,0.9952466658273674,0.9969418863611846,0.9971223021582734,0.0019815158072652673,0.9964132258332211,0.9978313784833256,0.9969171483622349,0.002609693232527808,0.9959832816325072,0.9978510150919626,0.9999115826702033,0.0004842816600399435,0.9997382847038019,1.0000848806366047,1.0,0.0,1.0,1.0,1.0,0.0,1.0,1.0,1.0,0.0,1.0,1.0,1.0,0.0,1.0,1.0,1.0,0.0,1.0,1.0,0.999526066350711,0.0010130397457996483,0.9991635547333674,0.9998885779680545,0.9996980676328503,0.0006866830104881402,0.9994523412733797,0.9999437939923209,0.9987538940809969,0.0017546475014798943,0.9981260015365369,0.999381786625457,0.9437389770723105,0.01223089795032192,0.9393622064510996,0.9481157476935214,0.7462121212121213,0.03597625426713261,0.7333381839609766,0.759086058463266,0.7859649122807016,0.05385747161446142,0.7666922635796577,0.8052375609817456,0.7885714285714287,0.0574376631775867,0.7680176247732333,0.8091252323696241
0.376,1.1280000000000001,0.9946533333333335,0.0005655228483041323,0.0005655228483041323,0.994450963581077,0.99485570308559,0.9946533333333336,0.9965656565656565,0.0030545874726892893,0.9954725864767157,0.9976587266545974,0.9969424460431656,0.001428735231852122,0.9964311797065762,0.997453712379755,0.9964033397559409,0.002358912390276963,0.9955592137980832,0.9972474657137985,0.9999115826702033,0.0004842816600399435,0.9997382847038019,1.0000848806366047,1.0,0.0,1.0,1.0,1.0,0.0,1.0,1.0,1.0,0.0,1.0,1.0,1.0,0.0,1.0,1.0,1.0,0.0,1.0,1.0,0.9998420221169037,0.000409651544599256,0.9996954301943304,0.9999886140394769,0.9997584541062802,0.0006263512747133367,0.9995343171811862,0.9999825910313741,0.9984423676012462,0.002125508533398795,0.9976817641409035,0.9992029710615888,0.9437389770723104,0.013143931028020162,0.939035481760329,0.9484424723842917,0.7579545454545454,0.02737539453058765,0.7481583863326079,0.767750704576483,0.8122807017543858,0.0597433510742422,0.790901818138768,0.8336595853700036,0.7619047619047621,0.06381418015998458,0.7390691508093783,0.7847403730001459
0.38,1.1400000000000001,0.9949099999999999,0.0006019222082857366,0.0006019222082857366,0.9946946049040568,0.9951253950959429,0.9949100000000001,0.9967676767676767,0.0024079330637108635,0.9959060089871182,0.9976293445482353,0.9976019184652279,0.0020767995294590845,0.99685874529809,0.9983450916323658,0.9972382787411688,0.0016538725176543023,0.9966464480615328,0.9978301094208047,0.9998231653404067,0.0006729658665847932,0.9995823475978411,1.0000639830829723,1.0,0.0,1.0,1.0,1.0,0.0,1.0,1.0,1.0,0.0,1.0,1.0,1.0,0.0,1.0,1.0,0.9999471737982039,0.00020103655443934646,0.9998752337911142,1.0000191138052936,0.9996840442338074,0.0009299943753138769,0.9993512500206354,1.0000168384469794,0.9997584541062802,0.0006263512747133367,0.9995343171811862,0.9999825910313741,0.9991692627206646,0.0014011727261956498,0.9986678595000537,0.9996706659412756,0.944620811287478,0.01654208298876482,0.9387013029134462,0.9505403196615098,0.765909090909091,0.03384182778005661,0.7537989483670275,0.7780192334511544,0.8078947368421052,0.05038300152889328,0.7898654112933396,0.8259240623908708,0.7895238095238098,0.06773019843096582,0.7652868692872484,0.8137607497603713
0.384,1.1520000000000001,0.9948266666666666,0.0005212275519574436,0.0005212275519574436,0.9946401477826371,0.9950131855506962,0.9948266666666667,0.9959595959595959,0.002599060690515865,0.9950295340361626,0.9968896578830293,0.9971223021582735,0.0020910732337272525,0.9963740212116617,0.9978705831048852,0.9968529222864483,0.0028391542932016045,0.9958369439707072,0.9978689006021894,1.0,0.0,1.0,1.0,1.0,0.0,1.0,1.0,1.0,0.0,1.0,1.0,1.0,0.0,1.0,1.0,1.0,0.0,1.0,1.0,0.999973586899102,0.0001446705117551903,0.9999218172213418,1.0000253565768622,0.9996445497630332,0.0005522412318713445,0.999446932776178,0.9998421667498884,0.9997584541062802,0.0006263512747133367,0.9995343171811862,0.9999825910313741,0.9989615784008308,0.001493655144814281,0.9984270807717445,0.9994960760299171,0.9481481481481481,0.01743237495865746,0.9419100528842614,0.9543862434120347,0.7689393939393941,0.03134632963355043,0.7577222539403392,0.7801565339384491,0.8026315789473685,0.05019305551233119,0.7846702247076828,0.8205929331870542,0.7695238095238098,0.07075876427050176,0.7442031109201421,0.7948445081274775
0.388,1.1640000000000001,0.99495,0.00062574094011654,0.00062574094011654,0.9947260814803366,0.9951739185196634,0.9949500000000001,0.9965656565656567,0.002381487603462071,0.9957134521715111,0.9974178609598022,0.9974820143884892,0.0017418496334946016,0.9968587015022717,0.9981053272747066,0.9973667308927424,0.002452045430751519,0.9964892777043683,0.9982441840811165,0.9999115826702033,0.00048428166003994347,0.9997382847038019,1.0000848806366047,1.0,0.0,1.0,1.0,1.0,0.0,1.0,1.0,1.0,0.0,1.0,1.0,1.0,0.0,1.0,1.0,0.9998943475964078,0.0002739666431392635,0.9997963098922463,0.9999923853005693,0.9998815165876778,0.00036152674956087076,0.9997521459018388,1.0000108872735167,0.9996980676328503,0.0006866830104881402,0.9994523412733797,0.9999437939923209,0.9992731048805815,0.0025457948727628556,0.9983621038852339,1.000184105875929,0.9509700176366842,0.017898680406857072,0.9445650571111888,0.9573749781621796,0.7518939393939393,0.031025064406856668,0.7407917626797978,0.7629961161080808,0.8096491228070176,0.05891824749534795,0.7885654987151264,0.8307327468989089,0.7990476190476193,0.04947768472230393,0.7813422569574701,0.8167529811377686
0.392,1.1760000000000002,0.9948200000000001,0.0005094960322677195,0.0005094960322677195,0.9946376791863764,0.9950023208136239,0.9948200000000003,0.9967003367003368,0.0017978141144731914,0.9960569971818006,0.9973436762188729,0.997242206235012,0.0020981736726103277,0.996491384428978,0.9979930280410461,0.9969813744380218,0.0026137779012233605,0.9960460460283735,0.9979167028476701,0.9998231653404067,0.0006729658665847932,0.9995823475978411,1.0000639830829723,1.0,0.0,1.0,1.0,1.0,0.0,1.0,1.0,1.0,0.0,1.0,1.0,1.0,0.0,1.0,1.0,1.0,0.0,1.0,1.0,0.9996050552922592,0.0006477159639698373,0.9993732731113019,0.9998368374732165,0.9998792270531401,0.000459616180620405,0.9997147555151923,1.0000436985910879,0.99865005192108,0.0021149861492970805,0.9978932138475298,0.9994068899946302,0.948148148148148,0.014796558720615846,0.9428532676114569,0.953443028684839,0.7598484848484849,0.030830698425793834,0.7488158611074066,0.7708811085895632,0.8017543859649122,0.05853193860710901,0.7808090007332931,0.8226997711965314,0.78,0.059151875755113166,0.758832773109052,0.8011672268909481
0.396,1.1880000000000002,0.9950666666666668,0.0005761545131199616,0.0005761545131199616,0.9948604924220166,0.995272840911317,0.9950666666666668,0.9964983164983165,0.002701717719027773,0.9955315192290176,0.9974651137676155,0.9976019184652276,0.0017881947180439738,0.9969620212034952,0.99824181572696,0.9976878612716763,0.0019201267018205842,0.9970007527558776,0.998374969787475,0.99973474801061,0.0008093596197065523,0.9994451223903232,1.0000243736308967,1.0,0.0,1.0,1.0,1.0,0.0,1.0,1.0,1.0,0.0,1.0,1.0,1.0,0.0,1.0,1.0,1.0,0.0,1.0,1.0,0.9999605055292259,0.0002163201253969924,0.9998830963665086,1.0000379146919431,0.9997584541062802,0.0007865443577088889,0.9994769928226457,1.0000399153899147,0.9993769470404985,0.001267408417982823,0.9989234107628324,0.9998304833181646,0.9483245149911816,0.014815032013768254,0.943023023871435,0.9536260061109283,0.7715909090909092,0.03731489891974397,0.7582379440029215,0.7849438741788969,0.8052631578947369,0.05765500605317537,0.7846315789473685,0.8258947368421053,0.7904761904761907,0.05923905616462527,0.7692777664763593,0.8116746144760221
0.4,1.2000000000000002,0.99513,0.000538932533683085,0.000538932533683085,0.9949371454696279,0.9953228545303721,0.9951300000000001,0.996835016835017,0.0022931791321426447,0.9960144132214882,0.9976556204485457,0.9976019184652277,0.001966447027304067,0.9968982344338321,0.9983056024966234,0.9973667308927424,0.0022900710534104513,0.996547239490904,0.9981862222945809,0.99973474801061,0.0008093596197065524,0.9994451223903232,1.0000243736308967,1.0,0.0,1.0,1.0,1.0,0.0,1.0,1.0,1.0,0.0,1.0,1.0,1.0,0.0,1.0,1.0,1.0,0.0,1.0,1.0,0.9996050552922591,0.0006477159639698373,0.9993732731113018,0.9998368374732164,0.9996980676328503,0.0008353859372779277,0.9993991286144314,0.9999970066512692,0.9990654205607477,0.001856583904263046,0.9984010505430273,0.999729790578468,0.9559082892416224,0.013637742582900915,0.9510280857341681,0.9607884927490767,0.7666666666666667,0.04011921770354085,0.7523101889898827,0.7810231443434508,0.7982456140350878,0.04854031972393831,0.780875683701696,0.8156155443684795,0.8000000000000003,0.04745455991642281,0.7830186038238328,0.8169813961761677
