Beta,R_0,R1,R2,R3,R4,R5,R6,R7,R8,R9,R10,R11,R12,R13,R14,R15,R16,R_all
0.0,0.0,0.0,0.0,0.0,0.0,0.0,0.0,0.0,0.0,0.0,0.0,0.0,0.0,0.0,0.0,0.0,0.0,0.0
0.001,0.05852047627118644,0.0,0.0,0.0,0.0,0.0,0.0,0.0,0.0,0.0,0.0,0.0,0.0,0.0,0.0,0.0,0.0,0.0
0.002,0.11669192385685886,0.0,0.0,0.0,0.0,0.0,0.0,0.0,0.0,0.0,0.0,0.0,0.0,0.0,0.0,0.0,0.0,0.0
0.003,0.1745174559960357,0.0,0.0,0.0,0.0,0.0,0.0,0.0,0.0,0.0,0.0,0.0,0.0,0.0,0.0,0.0,0.0,0.0
0.004,0.23200014901185773,3.3306690738754696e-16,1.6653345369377348e-15,1.887379141862766e-15,1.9984014443252818e-15,4.440892098500626e-16,3.3306690738754696e-16,3.3306690738754696e-16,3.3306690738754696e-16,3.3306690738754696e-16,3.3306690738754696e-16,3.3306690738754696e-16,3.3306690738754696e-16,1.1102230246251565e-16,0.0,0.0,0.0,7.044243386172723e-16
0.005,0.2891430428571429,0.0,0.0,0.0,0.0,0.0,0.0,0.0,0.0,0.0,0.0,0.0,0.0,0.0,0.0,0.0,0.0,0.0
0.006,0.3459491416502948,0.0,0.0,0.0,0.0,0.0,0.0,0.0,0.0,0.0,0.0,0.0,0.0,0.0,0.0,0.0,0.0,0.0
0.007,0.40242141420176303,0.0,0.0,0.0,0.0,0.0,0.0,0.0,0.0,0.0,0.0,0.0,0.0,0.0,0.0,0.0,0.0,0.0
0.008,0.45856279453125004,0.0,0.0,0.0,0.0,0.0,0.0,0.0,0.0,0.0,0.0,0.0,0.0,0.0,0.0,0.0,0.0,0.0
0.009,0.5143761823758519,3.3306690738754696e-16,1.6653345369377348e-15,1.887379141862766e-15,1.9984014443252818e-15,4.440892098500626e-16,3.3306690738754696e-16,3.3306690738754696e-16,3.3306690738754696e-16,3.3306690738754696e-16,3.3306690738754696e-16,3.3306690738754696e-16,3.3306690738754696e-16,1.1102230246251565e-16,0.0,0.0,0.0,7.044243386172723e-16
0.01,0.5698644436893204,0.0,0.0,0.0,0.0,0.0,0.0,0.0,0.0,0.0,0.0,0.0,0.0,0.0,0.0,0.0,0.0,0.0
0.011,0.6250304111326235,0.0,0.0,0.0,0.0,0.0,0.0,0.0,0.0,0.0,0.0,0.0,0.0,0.0,0.0,0.0,0.0,0.0
0.012,0.6798768845559846,1.2212453270876722e-15,3.885780586188048e-15,4.3298697960381105e-15,4.773959005888173e-15,2.55351295663786e-15,2.1094237467877974e-15,1.9984014443252818e-15,1.887379141862766e-15,1.7763568394002505e-15,1.3322676295501878e-15,1.4432899320127035e-15,1.2212453270876722e-15,7.771561172376096e-16,2.220446049250313e-16,3.3306690738754696e-16,2.220446049250313e-16,2.307080325035592e-15
0.013,0.7344066314725698,3.219646771412954e-15,8.326672684688674e-15,9.43689570931383e-15,1.176836406102666e-14,5.995204332975845e-15,4.440892098500626e-15,4.107825191113079e-15,4.107825191113079e-15,3.885780586188048e-15,3.219646771412954e-15,3.1086244689504383e-15,2.3314683517128287e-15,1.5543122344752192e-15,1.2212453270876722e-15,6.661338147750939e-16,4.440892098500626e-16,5.203024165488166e-15
0.014,0.7886223875239924,8.881784197001252e-16,2.6645352591003757e-15,3.9968028886505635e-15,4.551914400963142e-15,2.1094237467877974e-15,1.5543122344752192e-15,1.3322676295501878e-15,1.3322676295501878e-15,1.4432899320127035e-15,1.1102230246251565e-15,9.992007221626409e-16,8.881784197001252e-16,6.661338147750939e-16,1.1102230246251565e-16,2.220446049250313e-16,2.220446049250313e-16,1.8644088620512853e-15
0.015,0.8425268569377989,1.2212453270876722e-15,3.774758283725532e-15,4.3298697960381105e-15,4.773959005888173e-15,2.4424906541753444e-15,2.1094237467877974e-15,1.9984014443252818e-15,1.887379141862766e-15,1.7763568394002505e-15,1.3322676295501878e-15,1.4432899320127035e-15,1.2212453270876722e-15,7.771561172376096e-16,2.220446049250313e-16,3.3306690738754696e-16,2.220446049250313e-16,2.287954755592048e-15
0.016,0.8961227129770992,7.327471962526033e-15,1.942890293094024e-14,2.4646951146678475e-14,3.1530333899354446e-14,1.4654943925052066e-14,1.0769163338864018e-14,1.0103029524088925e-14,9.880984919163893e-15,9.2148511043888e-15,7.66053886991358e-15,7.216449660063518e-15,6.106226635438361e-15,3.552713678800501e-15,2.7755575615628914e-15,2.1094237467877974e-15,1.887379141862766e-15,1.2945124605860127e-14
0.017,0.9494125983824929,7.882583474838611e-15,2.142730437526552e-14,2.842170943040401e-14,3.7414515929867775e-14,1.6764367671839864e-14,1.2101430968414206e-14,1.1102230246251565e-14,1.1102230246251565e-14,1.0547118733938987e-14,8.659739592076221e-15,8.326672684688674e-15,6.661338147750939e-15,3.774758283725532e-15,3.219646771412954e-15,2.220446049250313e-15,2.1094237467877974e-15,1.4740168848481583e-14
0.018,1.0023991258064515,0.001512161656481048,0.004095021002621713,0.005550786059730806,0.007247597094549141,0.003203509132877147,0.0022436056089840672,0.002070781354179707,0.002088706759105219,0.0020235951272038477,0.0016718461213847124,0.0015727579499665856,0.0012755811877853684,0.0007934494978475426,0.0005893182484986159,0.0004512884739966694,0.0004030025771514234,0.002826931955389952
0.019,1.0550848782403028,0.03209550724757648,0.0841995979477912,0.10964734401506093,0.13836728265439446,0.06537405648308892,0.04709889732098338,0.04362615426259664,0.0437437351668839,0.042221332461824246,0.03493378838948069,0.03307224086418281,0.027008552520234708,0.016921337254312885,0.012564349219397086,0.009580923594505797,0.008520207384617118,0.05724931690366392
0.02,1.1074724094339623,0.06332021780229469,0.16057190885542771,0.20219849028695847,0.24832293992930887,0.12459244897195076,0.09202640120033256,0.08546478813451697,0.08527996251233938,0.08208755775224341,0.06807073390996887,0.06479628755462685,0.053241654724692,0.033589423362801685,0.024930719795866252,0.01895001184856049,0.016792423260785894,0.10833404810455265
0.021,1.1595642443085608,0.09461199800452658,0.2317397418833269,0.2837304054294745,0.34087353929076947,0.18052324293599742,0.13630416355024733,0.12684388706452288,0.1260694872511836,0.12111567132664702,0.10071044453967437,0.09631973304599006,0.07958192724685165,0.05054643713360507,0.03750294053527936,0.028438521519639215,0.025124937803219782,0.15597765201010533
0.022,1.2113628793621012,0.12564682253367865,0.2972825852646116,0.3554678195954929,0.4193731564512593,0.23316884568646867,0.17953654764638138,0.16736011171354792,0.16580301582575097,0.15907720665912095,0.1326848383357201,0.12742342836817855,0.10581275021332748,0.06764950115027057,0.050180310355771085,0.03798656007529411,0.03347464967411018,0.2003766105449597
0.023,1.2628707830682881,0.15618594221227033,0.3571922849329183,0.4186254663237231,0.48640534888823705,0.28257327866274495,0.22142994758507373,0.2067251934107054,0.20426636534303577,0.1958132903765636,0.16386674945765678,0.15793795549523715,0.13176482257837308,0.08478393630151593,0.06288490355146692,0.04754782440520555,0.04180876213709461,0.24174225519702824
0.024,1.3140903962686568,0.18605574681614512,0.4116957351598526,0.4743209307008531,0.5439887041422713,0.32881675746022976,0.2617758554900722,0.24473957559652615,0.2413171058898239,0.23121818320365395,0.19416246638985601,0.18773449199718684,0.15730691544332132,0.10185764488289795,0.0755559153257136,0.057086061179466685,0.05010191295976185,0.2802863067034981
0.025,1.3650241325581396,0.2151327860677239,0.4611423026565761,0.523545211050382,0.5937210369145386,0.37200901958213106,0.30043590422961497,0.28127246345087753,0.2768675459558533,0.2652273789725257,0.22350600812912924,0.21671778277628662,0.18233884277577472,0.11879695083606279,0.08814573786263025,0.06657269386074494,0.05833431944476053,0.31621360323019465
0.026,1.415674378664193,0.2433324595570171,0.5059347110089624,0.5671603551738915,0.6368817065938376,0.4122821357529838,0.33732859570943996,0.31624634741202917,0.31087190852146485,0.2978085371392336,0.2518543778443425,0.24482037589792638,0.2067858798759573,0.13554338836080526,0.10061715451126862,0.07598517211192501,0.06649052799393074,0.3497186214468023
0.027,1.4660434948196113,0.27060031335397905,0.546487924976035,0.6059087923006765,0.6745054115932202,0.44978355867943187,0.37241764199974814,0.3496247619901012,0.34331639158052574,0.3289543049008724,0.2791834628327823,0.2719977132610898,0.23059417713194674,0.15205111988414977,0.11294125602435401,0.0853057697484505,0.07455852567340226,0.3809839726682211
0.028,1.5161338151291515,0.29690523792572265,0.5832056595406432,0.6404268622081901,0.7074363492067743,0.484669923636214,0.4057019057553781,0.38140250392564534,0.3742113316816911,0.3586765170331765,0.30548445398616675,0.2982238929738408,0.2537269187066964,0.16828479924512463,0.12509583768334542,0.09452067065635439,0.08252907622619365,0.41017993297696187
0.029,1.565947647930083,0.3222340992989974,0.6164678025665504,0.6712590131267928,0.7363686362645161,0.5171018573512167,0.43720689862757267,0.41159779875862634,0.40358498182643343,0.387001478175932,0.3307607372288005,0.3234880183943376,0.27616108392127914,0.18421777510045656,0.13706413227800107,0.1036192495921322,0.09039520324033234,0.4374645248829875
0.03,1.615487276146789,0.3465874815625388,0.6466244887831323,0.698871113083287,0.7618769382523992,0.5472398552700908,0.4669777435856143,0.44024604942531853,0.43147857231840225,0.4139661347070632,0.3550252298151446,0.3477910819114145,0.29788472060827254,0.19983057133822602,0.14883378987162854,0.11259349289245768,0.09815177628473004,0.46298390014487606
0.031,1.6647549576395244,0.3699763079638061,0.6739941455911456,0.7236622856094869,0.7844399928695777,0.5752411638073026,0.4950734621052554,0.46739488188186185,0.45794240941618347,0.43961499145004346,0.37829813234179965,0.3711433372636225,0.3188946623272728,0.215109601924505,0.1603960470313348,0.12143752511644423,0.10579517362178603,0.48687288911995125
0.032,1.7137529255474457,0.39241916422812473,0.6988638385255224,0.745975141620034,0.8044588897760575,0.6012575402693403,0.5215624211575208,0.4931002539424352,0.48303281809433063,0.46399765329416076,0.4006050600928285,0.39356211155989873,0.3391946312575349,0.23004608757675893,0.17174504627451526,0.1301472191957017,0.11332300464963896,0.5092556400628242
0.033,1.762483388626024,0.41394018574360225,0.7214908808436359,0.7661044873082414,0.8222714216837937,0.6254337401984313,0.5465187674954666,0.5174234309010606,0.5068097701124095,0.4871668878016572,0.42197551170886805,0.4150700053191537,0.3587936739558073,0.2446351467875233,0.18287727710441215,0.13871987418359266,0.120733880449864,0.5302463018327815
0.034,1.8109485315789475,0.43456739779030995,0.7421050726951619,0.7843046705936281,0.8381634527682773,0.6479065837420739,0.5700196831565393,0.5404286622326426,0.5293350653492801,0.5091771179304281,0.44244163092444566,0.43569342839546454,0.37770488150522485,0.2588750369147612,0.19379111662972048,0.1471539485729264,0.12802722381658893,0.5499497199970405
0.035,1.859150515384616,0.4543314191528184,0.7609111872908182,0.8007957505277637,0.8523779961762222,0.6688044675071367,0.592143311026645,0.5621814204286324,0.5506709565461281,0.5300832660703019,0.4620372179511145,0.4554614217600459,0.39594435006864825,0.2727665235950727,0.2044864522207276,0.15544883964783884,0.13520311200458468,0.5684621262175179
0.036,1.9070914776173284,0.4732644563559859,0.7780914793165536,0.8157686678212978,0.8651225140279089,0.6882472085294475,0.6129672183389827,0.5827470866303569,0.5708791266076432,0.5499398820260495,0.4807969500632574,0.4744047190768552,0.4135303426613738,0.286312359097604,0.21496437189533035,0.16360470109049996,0.14226214670190862,0.585871807294076
0.037,1.9547735327632765,0.49139952953409227,0.7938080891949315,0.8293895767473477,0.876574825907791,0.7063461279513117,0.632567286015495,0.6021899883670809,0.5900199439665548,0.5688004982207165,0.4987557751309736,0.4925550070138395,0.43048261788285,0.29951685253503946,0.225226910635678,0.17162229239585558,0.14920534667556196,0.6022597447980262
0.038,2.0021987725314183,0.5087698822436901,0.808205277558806,0.841803477225828,0.886887919365039,0.7232043013666347,0.6510169308950644,0.6205727124660065,0.6081519354748299,0.5867171650144434,0.5159484465096428,0.5099443485994319,0.44682189614576073,0.31238551706326556,0.23527684285744144,0.17950285471576954,0.15603405928659575,0.6177002195748303
0.039,2.0493692661593554,0.525408536804013,0.8214114613153675,0.8531372647414001,0.8961938878619995,0.7389169195283577,0.6683865851168072,0.6379556312191075,0.6253314280465856,0.6037401274977453,0.5324091723459776,0.5266047391957271,0.4625694384176344,0.32492478128109925,0.24511751292069517,0.18724800863732582,0.16274988768802856,0.6322613778875151
0.04,2.096287060714286,0.5413479643323167,0.8335410447160307,0.8635022965496526,0.9046071708453787,0.7535717169568963,0.6847433718265146,0.6543965923923063,0.6416123200597355,0.619917612390577,0.5481713567016394,0.5425677695339709,0.47774671652608924,0.3371417539415661,0.25475269696017644,0.19485967014141792,0.16935463103739556,0.6460057578231125
0.041,2.1429541813891366,0.5566198448134099,0.8446960514836029,0.8729965559397922,0.9122272323448132,0.7672494370927156,0.7001509289063352,0.6699507339285209,0.6570459515620753,0.6352956998086565,0.5632674137788738,0.5578643746033607,0.49237515762288975,0.34904403278157736,0.26418649047291554,0.20233998161262612,0.1758502354942777,0.6589907759355828
0.042,2.1893726317939612,0.5712548975409459,0.8549675708280597,0.8817064821754477,0.9191407853695994,0.7800243113379821,0.7146693427534438,0.6846703925329669,0.6716810488658862,0.6499182597473099,0.5777286399053774,0.5725246509544445,0.5064759484522623,0.36063954976069645,0.2734232170696791,0.20969125529794685,0.18223875414408075,0.6712691750579198
0.043,2.2355443942426927,0.5852827662972533,0.8644370333604805,0.8897085219196111,0.9254236470035152,0.7919645360244482,0.7283551625091353,0.6986050820365068,0.6855637243866926,0.6638269373055896,0.5915851308029244,0.5865777281852758,0.5200698876537555,0.3719364462785031,0.28246735460271444,0.21691592705410667,0.18852231430210686,0.6828894348695572
0.044,2.281471430035336,0.5987319468738068,0.8731773339228706,0.8970704481706503,0.931142291787391,0.803132736409688,0.741261471852268,0.7118015227883309,0.6987375168012273,0.6770611740613304,0.6048657340641104,0.600051683066352,0.5331772764947444,0.3829429730291939,0.29132347555125515,0.2240165185933175,0.1947030909146399,0.6938961472237467
0.045,2.327155679735683,0.6116297471234677,0.8812538180946241,0.9038524846863052,0.9363551574913541,0.8135864105811269,0.7534380007988073,0.7243037075781031,0.7112434599560739,0.6896582557366544,0.6175980287462354,0.6129734869879735,0.5458178402240581,0.39366741007087425,0.2999961990997151,0.230995606745923,0.20078328499351616,0.7043303584807096
0.046,2.37259906344464,0.6240022718018587,0.8887251481823828,0.9101082672656419,0.9411137468028223,0.8233783489236954,0.7649312641449678,0.7361529929406038,0.7231201716144766,0.7016533784771859,0.6298083256178808,0.6253689792441749,0.5580106737184782,0.404118003456684,0.30849015280024406,0.23785579851492367,0.2067651062037862,0.7142298812024661
0.047,2.417803481069238,0.6358744261005322,0.8956440632015041,0.9158856678435565,0.9454635601154738,0.8325570268162207,0.7757847164737836,0.7473882073295851,0.7344039552210935,0.7130797278062557,0.6415216829173624,0.6372628601615766,0.5697742063070452,0.4143029154160448,0.31680994208750923,0.2445997109100545,0.21265075887630291,0.7236295775810085
0.048,2.462770812587413,0.6472699330822914,0.9020580459288188,0.9212275029144319,0.9494448879906705,0.8411669696499559,0.7860389161977495,0.7580457697077716,0.7451289095058478,0.7239685656921138,0.6527619335532782,0.6486786992948539,0.5811261816481749,0.42423018560624315,0.3249601262228886,0.25122995472507426,0.21844243084323312,0.7325616169213421
0.049,2.5075029183086315,0.6582113612668259,0.9080099086748233,0.9261721441622117,0.9530934865921149,0.8492490902556691,0.7957316930849969,0.7681598137054055,0.7553270420308799,0.7343493222522204,0.6635517205401571,0.6596389548917405,0.5920836493400525,0.43390770139443,0.332945199499339,0.2577491215673443,0.22414228459894148,0.7410557094066783
0.05,2.5520016391304354,0.6687201594374,0.9135383080603939,0.9307540461860662,0.9564411551741642,0.856840999495944,0.804898315236278,0.7777623137462182,0.7650283837834412,0.7442496894720924,0.6739125381546553,0.6701650016213945,0.6026629655983868,0.4433431754931443,0.3407695767467883,0.2641597735688088,0.22975245037503333,0.7491393182511131
0.051,2.59626879679098,0.6788166963904982,0.91867819782531,0.935004203753346,0.9595162313096715,0.86397729121265,0.8135716526433965,0.7868832105037249,0.7742611026923079,0.7536957149842227,0.683864776851651,0.6802771641956296,0.6128798008649673,0.45254412957149626,0.34843758234905364,0.27046443530653763,0.23527502078963336,0.7568378522074326
0.052,2.6403061941176476,0.6885203038652838,0.9234612275588976,0.9389505489865234,0.9623440168012334,0.8706898029809922,0.8217823353452263,0.7955505337932972,0.7830516145437396,0.762711894473528,0.6934277704214646,0.6899947550223109,0.622749152638606,0.4615178827103049,0.3559534421237538,0.2766655875426738,0.24071204678988467,0.7641748402530502
0.053,2.684115615271786,0.6978493212964034,0.9279160942296284,0.9426182972184969,0.9649471449957479,0.8770078542599201,0.8295589048670323,0.8037905215747523,0.791424690233087,0.7713212616802494,0.7026198442209499,0.6993361144381114,0.6322853621658007,0.47027154377188884,0.36332127753195387,0.28276566246104473,0.24606553465523628,0.7711720901315838
0.054,2.7276988259896733,0.7068211413545213,0.9320688524960151,0.9460302488664145,0.9673458984113299,0.8829584635804147,0.836927958131342,0.8116277341743585,0.799403558639995,0.7795454752838631,0.7114583635901544,0.7083186523936132,0.6415021339075189,0.4788120069216856,0.3705451017789786,0.288767040133311,0.25133744386925194,0.7778498322854562
0.055,2.7710575738197427,0.7154522554915921,0.935943188997097,0.9492070535255803,0.9695584841055781,0.8885665464051539,0.8439142834022104,0.8190851631640441,0.8070100046823883,0.787404902191798,0.7199597817869527,0.7169588907233799,0.6504125569234094,0.4871459496756896,0.3776288174455821,0.2946720459934685,0.25652968570082957,0.7842268505788879
0.056,2.814193588356165,0.7237582989065456,0.9395606651369954,0.9521674415295898,0.9716012730001307,0.8938550952450779,0.8505409880992668,0.8261843345828328,0.8142644623058332,0.7949186969402118,0.7281396869462142,0.7252725053401471,0.6590291274959523,0.4952798329602479,0.3845762153526294,0.30048294913746565,0.2616441223631285,0.7903206010824696
0.057,2.8571085814688306,0.7317540945028118,0.942940932283662,0.9549284274260759,0.9734890083771028,0.8988453435448173,0.856829618516591,0.8329454063694199,0.8211861023150513,0.8021048770529764,0.7360128477069519,0.7332743678561419,0.6673637724628332,0.5032199027632575,0.39139097441504567,0.3062019612960831,0.26668256664116685,0.7961473200710205
0.058,2.8998042475298127,0.7394536955309872,0.94610192278661,0.9575054891513082,0.9752349879376142,0.9035569147601683,0.8628002716222856,0.8393872600098693,0.8277929150649137,0.80898039430915,0.7435932572581603,0.7409785862642526,0.6754278728430536,0.5109721930319542,0.3980766622841184,0.3118312363552006,0.2716467818978322,0.801722122276112
0.059,2.9422822636363635,0.7468704267048786,0.9490600197722492,0.959912726128521,0.9768512231286816,0.9080079579541712,0.8684716992115196,0.8455275865017975,0.8341017881081356,0.8155612019461849,0.7508941756375894,0.7483985444140725,0.6832322874363834,0.5185425295351331,0.4046367366129222,0.317372870319088,0.27653848238356715,0.8070590903333846
0.06,2.9845442898305086,0.7540169236528317,0.95183020828956,0.9621629990456521,0.9783485788762486,0.9122152711390404,0.8738614047496267,0.8513829668049746,0.8401285789532333,0.8218623178820302,0.7579281701824698,0.7555469400982713,0.6907873761512076,0.5259365344591882,0.4110745468090836,0.3228289016301953,0.2813593337878858,0.8121713562724163
0.061,3.0265919693153003,0.7609051706230735,0.954426210045213,0.9642680536728981,0.9797368963881128,0.9161944134927275,0.8789857332808562,0.8569689469948145,0.845888183124601,0.8278978840788971,0.7647071540810204,0.7624358216276709,0.6981030228762166,0.5331596315498679,0.4173933361633907,0.32820131177372724,0.2861109539815696,0.8170711758129572
0.062,3.0684269286677908,0.7675465364053133,0.9568606036788084,0.9662386307466809,0.9810251012941233,0.919959807483625,0.8838599547989823,0.862300108365049,0.85139459774112,0.8336812221984663,0.7712424230115245,0.7690766228223319,0.7051886577595825,0.5402170516465875,0.42359624426281095,0.33349202610756645,0.2907949139072469,0.8217699961553211
0.063,3.1100507780487803,0.7739518084638363,0.9591449322795026,0.968084563664006,0.9822212990585963,0.9235248318463218,0.8884983414831212,0.867390132743149,0.8566609808438947,0.8392248857157364,0.7775446898843569,0.7754801963837745,0.7120532787976737,0.5471138384849883,0.4296863096130562,0.3387029148683528,0.29541273858344663,0.8262785178840635
0.064,3.1514651114093963,0.7801312253020601,0.961289799629498,0.9698148654913793,0.9833328593203247,0.9269019062662682,0.8929142391994915,0.872251863289935,0.8616997067101267,0.8445407086687852,0.7836241177235411,0.7816568456423778,0.7187054726658197,0.553854854667164,0.43566647240954404,0.3438357943130008,0.29996590819333613,0.8306067515421748
0.065,3.192671506694561,0.7860945070967255,0.9633049564730632,0.9714378065884359,0.9843664905798158,0.9301025685521294,0.8971201336603819,0.8768973610557916,0.8665224173908023,0.8496398512262819,0.7894903507397834,0.7876163546958934,0.725153434747715,0.5604447877185436,0.44153957740692307,0.34889242796204223,0.3044558592344545,0.8347640693773155
0.066,3.233671526043406,0.7918508846529911,0.9651993779478694,0.9729609839725065,0.9853283064540757,0.9331375450016267,0.9011277116173999,0.8813379575618725,0.8711400707063633,0.8545328422550372,0.7951525436577429,0.7933680169712868,0.7314049883389628,0.5668881561665284,0.4473083768467123,0.35387452791704943,0.30888398570998266,0.8387592527115402
0.067,3.2744667159866783,0.7974091267408197,0.9669813331750419,0.9743913834017134,0.9862238845503133,0.9360168145997123,0.9049479174488095,0.8855843036671137,0.8755629849280493,0.8592296190673101,0.8006193893675453,0.7989206622540069,0.737467603015034,0.5731893155892562,0.4529755334103611,0.3587837562293321,0.31325164034564035,0.8426005353409978
0.068,3.3150586076411965,0.8027775658790403,0.9686584478824277,0.9757354350269006,0.9870583188663911,0.9387496676267606,0.9085910054816467,0.8896464149718818,0.8798008803640684,0.8637395645228618,0.8058991449750246,0.8042826822371568,0.7433484121653259,0.5793524645937651,0.4585436231714354,0.3636217263011786,0.3175601358192198,0.8462956433317151
0.069,3.3554487169014093,0.8079641226370804,0.9702377608296338,0.9769990633534446,0.9878362665035698,0.9413447591988114,0.9120665883692343,0.8935337139975174,0.8838629180598966,0.8680715416545026,0.8109996563275353,0.8094620546487012,0.7490542297037621,0.5853816506918164,0.4640151385259633,0.3683900043043369,0.3218107459922266,0.8498518315413714
0.07,3.3956385446281,0.8129763285261035,0.9717257747111847,0.9781877321600237,0.9885619893727124,0.9438101582113867,0.9153836818243478,0.8972550693685352,0.8877577358113202,0.8722339259786246,0.8159283810928912,0.8144663660183626,0.7545915659729331,0.5912807760489818,0.4693924910843297,0.37309011060327446,0.3260047071351262,0.8532759171644734
0.071,3.435629576834295,0.8178213475516597,0.9731285021338257,0.9793064849404383,0.9892393914857864,0.9461533921126748,0.9185507459881294,0.9008188322112956,0.8914934816777835,0.8762346356443607,0.8206924104684932,0.8193028331477196,0.7599666428636597,0.5970536030886582,0.47467801451174474,0.3777235211731367,0.33014321913939726,0.856574310569215
0.072,3.475423284868421,0.8225059964992332,0.9744515071939022,0.9803599813646164,0.9898720523479027,0.9483814878905379,0.9215757236951849,0.9042328699699107,0.8950778451724124,0.8800811595668072,0.8252984895962774,0.8239783233476192,0.7651854081753346,0.6027037599375789,0.4798739673072979,0.3822916690042968,0.3342274467109928,0.8597530436681565
0.073,3.51502112559475,0.8270367640225965,0.9756999431195383,0.9813525301944226,0.9904632568993008,0.9505010096204825,0.924466075876416,0.9075045978272598,0.8985180862940403,0.8837805836814545,0.8297530367570399,0.8284993735066347,0.7702535492447797,0.6082347457034478,0.48498253551405135,0.3867959454870443,0.33825852054099614,0.8628177960414118
0.074,3.5544245415711946,0.8314198286028345,0.9768785863887908,0.9822881190373993,0.9910160223999946,0.95251809288809,0.9272288143231436,0.9106410079064405,0.9018210625557732,0.8873396154487311,0.834062161415136,0.8328722080532027,0.7751765058729012,0.6136499355785676,0.4900058353546657,0.39123770177133277,0.3422375384502129,0.8657739190099921
0.075,3.59363496122449,0.83566107544344,0.9779918676880566,0.9831704412759878,0.9915331226008666,0.9544384763690765,0.9298705320190702,0.9136486964159004,0.9049932541542284,0.8907646067294902,0.8382316811816765,0.8371027558724343,0.7799594825792403,0.6189525857659934,0.49494591578868896,0.3956182500976452,0.346165566505254,0.8686264578380392
0.076,3.632653799022801,0.8397661123642044,0.9790439000338997,0.9840029204701067,0.9920171095027029,0.9562675308228559,0.9323974312306658,0.9165338888899733,0.908040787413641,0.8940615751444717,0.8422671377612876,0.8411966662365915,0.784607460214854,0.6241458382268807,0.49980476098900906,0.39993886509598664,0.3500436401043443,0.8713801722257317
0.077,3.6714824556458163,0.8437402847537296,0.9800385043453418,0.9847887324963736,0.9924703329680082,0.9580102857308826,0.9348153495316188,0.9193024636656053,0.9109694566295808,0.8972362240232618,0.8461738119443079,0.8451593238059282,0.7891252069638336,0.6292327252493856,0.504584292736055,0.4042007850508006,0.35387276503160725,0.8740395552393795
0.078,3.7101223181523504,0.8475886896374684,0.9809792327219208,0.9855308256570579,0.9928949584186338,0.9596714537889357,0.9371297839231056,0.9219599737257698,0.9137847444281035,0.9002939610411428,0.8499567377030997,0.8489958627541648,0.7935172887633739,0.6342161738408503,0.5092863727292427,0.4084052131302579,0.3576539184790679,0.8766088508115083
0.079,3.7485747601455137,0.8513161889152093,0.9818693896548664,0.9862319389654215,0.9932929828245988,0.9612554534425715,0.9393459131987154,0.9245116670303901,0.91649184074777,0.9032399156354436,0.8536207154479443,0.8527111800703173,0.7977880791716302,0.6390990099460498,0.5139128048158588,0.41255331857888966,0.3613880500359513,0.8790920699314099
0.08,3.7868411419354837,0.8549274218189993,0.9827120513741003,0.9868946187909525,0.9936662491653849,0.9627664296370523,0.9414686186909353,0.9269625054465612,0.919095660544105,0.9060789552866193,0.8571703244948607,0.856309948086024,0.8019417687117811,0.6438839624951094,0.5184653371381652,0.4166462378729936,0.36507608264517744,0.8814930056355056
0.081,3.8249228106999196,0.8584268166395999,0.983510083512024,0.9875212340276688,0.9940164595239751,0.9642082729369074,0.9435025035250671,0.9293171823814288,0.9216008603087297,0.908815700743278,0.860609934794631,0.8597966262749457,0.8059823737197632,0.6485736672853262,0.5229456641999544,0.4206850758385964,0.36871891352719344,0.8838152468968883
0.082,3.8628211006420545,0.8618186017667833,0.9842661572458291,0.9881139899308033,0.99434518695552,0.9655846371557448,0.9454519104962669,0.9315801392132501,0.9240118534885551,0.9114545402647448,0.8639437179693668,0.8631754723682684,0.8099137447220894,0.6531706707015884,0.5273554288541402,0.4246709067320382,0.37231741507146887,0.8860621915043618
0.083,3.900537333146518,0.8651068160860673,0.9849827640630651,0.9886749407514495,0.9946538862564429,0.9668989556238345,0.9473209386760464,0.9337555806088867,0.926332824884063,0.9139996429494874,0.8671756577001284,0.8664505528278716,0.8137395743690813,0.6576774332804183,0.5316962242132373,0.42860477528349816,0.37587243569615636,0.8882370580131884
0.084,3.9380728169329076,0.8682953187719111,0.9856622292801205,0.9892060012848695,0.9949439037456792,0.9681544562091786,0.9491134588459519,0.9358474888092405,0.9285677440997981,0.9164549712128203,0.8703095595064083,0.8696257527163187,0.8174634049477179,0.662096333122886,0.5359695954847951,0.43248769770395856,0.3793848006765219,0.8903428968423825
0.085,3.9754288482071716,0.8713877985149118,0.9863067244299127,0.9897089574359182,0.9952164861573635,0.9693541751971391,0.9508331278482227,0.9378596369579065,0.9307203781147102,0.9188242924727241,0.8733490599557201,0.872704785000521,0.8210886354971637,0.6664296691617738,0.5401770417339866,0.436320662656253,0.3828553129428617,0.8923826005867734
0.086,4.012606710810811,0.8743877822182198,0.9869182786232046,0.9901854758942001,0.9954727887333801,0.9705009701240968,0.9524834019359729,0.939795601542558,0.9327943030349279,0.9211111900983734,0.8762976353391174,0.8756911993237256,0.8246185285489278,0.670679664288439,0.544320017575673,0.44010463219097873,0.3862847538486831,0.8943589136060494
0.087,4.049607676367962,0.8772986431961463,0.9874987889774094,0.9906371130019731,0.9957138825945933,0.9715975316519452,0.9540675491987615,0.9416587740132467,0.9347929150868393,0.9233190736720018,0.8791586098461568,0.878588390278356,0.8280562165124767,0.6748484683448158,0.548399934798304,0.44384054264811235,0.38967388390998836,0.8962744409475784
0.088,4.086433004430379,0.8801236089058598,0.9880500301973498,0.9910653228893118,0.9959407614611092,0.9726463945624035,0.9555886611333075,0.9434523716369002,0.9367194409040289,0.9254511886110783,0.8819351632706717,0.8813996052102482,0.8314047077260568,0.6789381609859755,0.5524181639220727,0.44752930552527137,0.3930234435165285,0.8981316566548715
0.089,4.123083942620363,0.882865768241081,0.9885736633840537,0.9914714649434723,0.9961543477844359,0.9736499479430578,0.9570496634234968,0.9451794476427617,0.9385769471576075,0.9275106251943566,0.8846303382766765,0.8841279515829198,0.8346668921914142,0.6829507544185646,0.5563760356937348,0.45117180831357784,0.3963341536159253,0.8999329115091225
0.09,4.159561726771654,0.8855280784148307,0.9890712441402004,0.9918568106726853,0.9963554983477974,0.9746104446306518,0.9584533259886809,0.9468429007093442,0.9403683495757703,0.9295003270322162,0.8872470472518216,0.8867764039287245,0.8378455470100988,0.6868881960203552,0.5602748425204935,0.4547689153021365,0.3996067163715713,0.9016804402472027
0.091,4.195867581068343,0.8881133714565447,0.9895442300341509,0.9922225500186176,0.9965450093849901,0.9755300099713653,0.9598022723545645,0.9484454838396239,0.9420964213950083,0.9314230990187917,0.8897880787740264,0.8893478104120524,0.8409433415380551,0.6907523708460068,0.5641158398453325,0.4583214683521464,0.40284181579521616,0.9033763682958362
0.092,4.2320027181818185,0.8906243603472247,0.9899939874785252,0.9925697971664024,0.9967236212629754,0.9764106499525836,0.9610989883966502,0.9499898126676514,0.9437638012822344,0.9332816148006821,0.8922561037152392,0.8918448990281497,0.8439628422742704,0.694545104023994,0.5679002474661278,0.4618302876416801,0.40604011835515674,0.9050227180583518
0.093,4.267968339405786,0.893063644814768,0.990421798073942,0.992899595896379,0.9968920227687805,0.9772542587559203,0.9623458305022513,0.9514783732364918,0.9453730007641852,0.93507842379453,0.8946536810047053,0.894270283459632,0.8469065174983603,0.6982681630495063,0.5716292508008208,0.46529617238215726,0.40920227356092187,0.9066214147873815
0.094,4.303765634789392,0.8954337168101819,0.9908288644637494,0.9932129245174224,0.9970508550371772,0.9780626257769598,0.9635450331934561,0.9529135292844015,0.9469264111977685,0.9368159577834506,0.896983263072666,0.8966264686113705,0.8497767416711233,0.7019232599779602,0.575304002100889,0.4687199015075373,0.4123289145253505,0.908174292074129
0.095,4.339395783268483,0.8977369656840475,0.9912163157412713,0.9935107004179367,0.9972007151519505,0.9788374421532883,0.964698716250093,0.9542975290733733,0.9484263103125523,0.9384965371201403,0.8992472009940294,0.8989158558431064,0.8525757996112922,0.7055120535235986,0.5789256216152676,0.47210223433724685,0.41542065850492293,0.9096830969823274
0.096,4.374859952795031,0.8999756830813408,0.9915852124472398,0.99379378426717,0.997342159450312,0.9795803068388435,0.9658088913686986,0.9556325117916304,0.9498748683543006,0.9401223765625155,0.9014477493502878,0.9011407479179216,0.8553058904609407,0.7090361510674779,0.5824951987068272,0.47544391121382545,0.4184781074192069,0.9111494948527216
0.097,4.410159300464756,0.9021520675715522,0.9919365511916081,0.9940629838964525,0.9974757065571012,0.9802927322594024,0.9668774683906879,0.9569205135593029,0.9512741538563579,0.9416955907659005,0.903587070826755,0.9033033536835384,0.85796913145129,0.7124971105789796,0.586013792923427,0.4787456541162691,0.4215018483502345,0.9125750738018413
0.098,4.445294972642968,0.9042682290299491,0.9922712689308205,0.9943190578872076,0.9976018401728255,0.9809761495811066,0.9679062611303549,0.9581634730643437,0.9526261390637307,0.9432181994540797,0.9056672405610899,0.9054057925023375,0.8605675614799655,0.7158964424548075,0.5894824350255015,0.4820081672500166,0.4244924540226257,0.9139613489369228
0.099,4.480268105088666,0.9063261927848039,0.9925902469288015,0.9945627188901199,0.9977210116372615,0.9816319136212698,0.9688969928309816,0.959363236853758,0.953932705032921,0.9446921322899663,0.9076902502580313,0.9074500984449795,0.8631031445101226,0.7192356112792653,0.5929021279720638,0.48523213761450124,0.42745048326523405,0.9153097663071199
0.1,4.515079823076923,0.9083279035444602,0.9928943144273874,0.9947946366976194,0.9978336422882597,0.9822613074282939,0.969851301275159,0.9605215643033658,0.9551956464289071,0.9461192334651782,0.9096580120843029,0.9094382242615626,0.8655777728012382,0.7225160375094475,0.5962738478669316,0.48841823554916297,0.4303764814550637,0.9166217066095516
0.101,4.54973124151957,0.9102752291172188,0.9931842520496404,0.9950154410898417,0.9979401256335322,0.9828655465553253,0.9707707435734422,0.96164013228763,0.956416676039131,0.947501266026473,0.9115723623567437,0.9113720451433746,0.8679932699808022,0.7257390990888107,0.5995985448669159,0.4915671152587866,0.433270980944196,0.9178984886672968
0.102,4.584223465084227,0.9121699639361952,0.9934607949574119,0.9952257244724199,0.9980408293515258,0.9834457830502704,0.9716568006536361,0.9627205395695156,0.9575974290229434,0.9488399159557427,0.913435065035882,0.913253362287464,0.8703513939655976,0.7289061329924411,0.6028771440536369,0.4946794153190044,0.4361345014704201,0.9191413726951229
0.103,4.618557588311688,0.9140138324005298,0.9937246357826574,0.9954260443228314,0.9981360971359834,0.984003109182968,0.9725108814713243,0.963764310928898,0.95873946691364,0.9501367960191192,0.915247815036381,0.9150839062754927,0.8726538397407537,0.7320184367071794,0.6061105462705672,0.4977557591627745,0.43896755055224534,0.9203515633675174
0.104,4.6527346957317075,0.9158084920436034,0.9939764273503107,0.9956169254605607,0.9982262503974412,0.984538560928644,0.9733343269607146,0.9647729010467121,0.9598442813890228,0.9513934493996686,0.9170122413650565,0.9168653402776021,0.8749022420042725,0.7350772696496163,0.6092996289268245,0.5007967555486029,0.44177062386894583,0.9215302127024962
0.105,4.686755861977187,0.9175555365382451,0.9942167852089946,0.9957988621549985,0.9983115898336975,0.9850531212252526,0.9741284137434568,0.9657476981607996,0.9609132978252972,0.9526113531271676,0.9187299100964881,0.9185992630913634,0.8770981776842872,0.738083854524836,0.6124452467691848,0.5038029990112751,0.4445442056262633,0.9226784227736297
0.106,4.720622151896814,0.9192564985482876,0.9944462899844545,0.9959723200838025,0.9983923968801879,0.9855477230209146,0.9748943576117766,0.9666900275082819,0.961947878648085,0.9537919213175328,0.920402327195605,0.9202872120252475,0.8792431683358862,0.7410393786286451,0.6155482326237071,0.506775070295804,0.44728876890836433,0.9237972482618101
0.107,4.754334620666163,0.9209128524352339,0.9946654895693453,0.9961377381533508,0.9984689350502177,0.9860232521263927,0.9756333168010725,0.9676011545682286,0.9629493264933743,0.9549365082336241,0.9220309411960366,0.9219306656354603,0.8813386824239335,0.743944995095892,0.6186093981083081,0.5097135367752939,0.45000477601662914,0.9248876988574164
0.108,4.787894313897281,0.9225260168282627,0.9948749011618515,0.9962955301919276,0.9985414511741101,0.9864805498863795,0.9763463950660138,0.9684822881174338,0.9639188871903472,0.9560464111783581,0.9236171457424691,0.92353104632445,0.883386137497952,0.7468018240973651,0.621629534317566,0.5126189528533828,0.4526926787958232,0.9259507415227524
0.109,4.821302267746798,0.924097357065279,0.9950750131645879,0.9964460865253917,0.9986101765455211,0.9869204156823055,0.9770346445731555,0.9693345831112062,0.9648577525772025,0.9571228732303296,0.9251622820047279,0.9250897228088725,0.8853869022647811,0.74961095398763,0.6246094124809657,0.5154918603519025,0.45535291894817886,0.926987302623909
0.11,4.854559509022557,0.9256281875122458,0.9952662869542749,0.9965897754442536,0.9986753279824465,0.9873436092784045,0.9776990686221473,0.9701591434002581,0.9657670631603334,0.9581670858314658,0.9266676409708284,0.9266080124643253,0.8873422985643902,0.7523734424060566,0.6275497845957538,0.5183327888843675,0.45798592833589313,0.927998269940537
0.111,4.887667055288823,0.9271197737675851,0.9954491585318282,0.9967269445703535,0.9987371088097874,0.9877508530218692,0.9783406242067497,0.9709570242940058,0.9666479106265198,0.9591801912356019,0.9281344656257895,0.9280871835537147,0.8892536032539228,0.7550903173331742,0.630451384035511,0.5211422562158727,0.4605921292725256,0.9289844945614034
0.112,4.920625914970061,0.9285733347580213,0.995624040061715,0.9968579221306545,0.9987957097697405,0.9881428339071201,0.9789602244260628,0.9717292349798915,0.9675013402171391,0.9601632848262897,0.9295639530225834,0.929528457345699,0.8911220500047548,0.7577625781043978,0.6333149261354994,0.5239207686099728,0.46317193480375995,0.9299467926730455
0.113,4.953437087453324,0.9299900447318508,0.9957913213087125,0.9969830181450543,0.9988513098657448,0.9885202055134482,0.9795587407556415,0.9724767408076729,0.9683283529727991,0.9611174173115946,0.9309572562512028,0.930933010129263,0.8929488310170746,0.7603911963830542,0.6361411087557949,0.5266688211630691,0.46572574897797026,0.9308859472483095
0.114,4.986101563189271,0.9313710351552614,0.9959513709795573,0.9971025255345561,0.9989040771452192,0.9888835898246058,0.9801370051874874,0.9732004654470245,0.9691299078562343,0.962043596803145,0.9323154863114669,0.9323019751301124,0.8947350986562425,0.762977117094557,0.6389306128231691,0.5293868981268229,0.46825396710702116,0.9318027096410904
0.115,5.018620323791823,0.932717396516983,0.9961045379763737,0.9972167211556338,0.9989541694258859,0.989233578938283,0.9806958122472742,0.9739012929262272,0.9699069237607879,0.962942790786218,0.9336397138948399,0.9336364443342342,0.8964819670149401,0.765521259323485,0.6416841028526371,0.5320754732190893,0.4707569760176985,0.9326978010931403
0.116,5.050994342136499,0.9340301800462346,0.9962511525682264,0.9973258667661558,0.9990017349700652,0.9895707366728211,0.9812359208965867,0.9745800695592012,0.9706602814113178,0.9638159279872123,0.9349309710802219,0.934937470223652,0.8981905134048971,0.7680245171752251,0.6444022274495468,0.5347350099238355,0.4732351542941643,0.9335719141584116
0.117,5.083224582457439,0.9353103993486387,0.9963915274866492,0.9974302099278131,0.9990469131109643,0.9898956000779788,0.9817580563274103,0.9752376057676543,0.9713908251639204,0.9646639001444536,0.9361902529483709,0.9362060674291021,0.8998617797817697,0.7704877606037739,0.6470856197930451,0.5373659617805023,0.47568887251180636,0.9344257140500155
0.118,5.115312000443132,0.9365590319644929,0.9965259589505389,0.9975299848496021,0.9990898348346434,0.9902086808560708,0.9822629116556119,0.9758746778046666,0.9720993647104447,0.9654875636878988,0.937418519119338,0.93744321430408,0.9014967741065459,0.7729118362072036,0.6497348981017173,0.5399687726632307,0.4781184934628311,0.9352598399145399
0.119,5.147257543330877,0.9377770208535338,0.9966547276253938,0.9976254131765624,0.9991306233210414,0.9905104666993434,0.9827511495196922,0.976492029385615,0.9727866766933854,0.9662877413329515,0.9386166952170383,0.9386498544244437,0.9030964716466622,0.7752975679922287,0.6523506660821549,0.5425438770503725,0.4805243723739422,0.9360749060381373
0.12,5.17906215,0.9389652758100795,0.9967780995214913,0.9977167047276408,0.999169394447163,0.9908014225490298,0.9832234035906627,0.9770903732319538,0.9734535062363842,0.9670652235932757,0.9397856742648302,0.9398268980175136,0.9046618162198445,0.7776457581092401,0.654933513361182,0.5450917002846727,0.4829068571164258,0.9368715029885014
0.121,5.210726751063831,0.9401246748122163,0.9968963268352483,0.9978040581862584,0.9992062572552797,0.9910819917811439,0.9836802799985023,0.9776703925330116,0.974100568395231,0.9678207702171895,0.9409263180157595,0.9409752233243808,0.9061937213835145,0.7799571875591085,0.657484015902422,0.5476126588245032,0.48526628840895547,0.9376501986965748
0.122,5.242252268960469,0.941256065308477,0.9970096487376888,0.9978876617468807,0.9992413143887612,0.9913525973237093,0.9841223586802862,0.9782327423306223,0.9747285495339488,0.9685551115519311,0.9420394582208982,0.9420956778989196,0.9076930715724526,0.7822326168729933,0.6600027364078703,0.5501071604865073,0.4876030000134023,0.9384115394815715
0.123,5.273639618042367,0.9423602654452623,0.9971182921136476,0.9979676937206438,0.9992746624979479,0.991613642709794,0.9845501946547373,0.9787780508311051,0.9753381086302539,0.9692689498398308,0.943125897839016,0.9431890798467983,0.9091607231872554,0.7844727867663328,0.6624902247050941,0.552575604679997,0.4899173189239442,0.9391560510226648
0.124,5.304889704664723,0.9434380652380658,0.997222472255068,0.9980443231028566,0.9993063926182795,0.9918655130704155,0.9849643192276353,0.9793069206488146,0.9759298785144123,0.9699629604501687,0.944186412190635,0.9442562190075926,0.9105975056359923,0.7866784187681412,0.6649470181206595,0.5550183826334347,0.4922095655497336,0.9398842392804673
0.125,5.336003427272728,0.9444902276893955,0.9973223935115033,0.9981177101049905,0.9993365905227183,0.9921085760710967,0.9853652411322261,0.9798199299852143,0.9765044670452648,0.9706377930502714,0.9452217500593391,0.9452978580829302,0.9120042223313347,0.788850215826676,0.6673736418403602,0.5574358776133108,0.49448005389138816,0.9405965913712303
0.126,5.366981676487664,0.9455174898561103,0.9974182499007,0.9981880066535723,0.9993653370503485,0.9923431827955984,0.9857534476085034,0.9803176337471768,0.9770624582269568,0.9712940727191808,0.9462326347430474,0.9463147337134273,0.9133816516453078,0.790988862892495,0.6697706092567854,0.5598284651357188,0.49672909171154556,0.9412935763964958
0.127,5.397825335191891,0.9465205638687443,0.9975102256819366,0.9982553568582189,0.999392708412881,0.9925696685801058,0.9861294054249805,0.9808005646079808,0.9776044132696884,0.9719324010070306,0.9472197650578079,0.9473075575070228,0.9147305478236983,0.7930950274798674,0.6721384223047517,0.5621965131709165,0.49895698069972116,0.9419756462307626
0.128,5.428535278612717,0.9475001379052429,0.9975984958945885,0.9983198974508865,0.999418776480659,0.9927883538009304,0.9864935618463371,0.981269234014255,0.9781308715976005,0.9725533569430761,0.9481838162965203,0.9482770170211681,0.9160516418620489,0.7951693602074651,0.6744775717850934,0.564540382341145,0.5011640166316906,0.9426432362695603
0.129,5.459112374405192,0.9484568771214021,0.9976832268642207,0.9983817581982585,0.9994436090496407,0.9929995446185769,0.9868463455501076,0.9817241331419222,0.9786423518067202,0.9731574979951458,0.9491254411448632,0.9492237767011955,0.9173456423450619,0.7972124953192092,0.6767885376772811,0.5668604261119745,0.5033504895236154,0.9432967661401797
0.13,5.489557482733813,0.9493914245401687,0.9977645766783372,0.9984410622890539,0.9994672700907132,0.9932035336808358,0.9871881674953735,0.9821657338040014,0.9791393525757092,0.9737453609831206,0.9500452705565743,0.9501484787770555,0.9186132362511388,0.7992250511861101,0.679071789441324,0.5691569909774175,0.5055166837811118,0.9439366403771551
0.131,5.519871456353195,0.9503044019018492,0.9978426956337682,0.9984979266979136,0.999489819982597,0.9934006007873862,0.9875194217462356,0.9825944893129559,0.9796223535319977,0.9743174629488918,0.9509439145901097,0.951051744120496,0.9198550897236977,0.8012076307898981,0.6813277863093856,0.5714304166390614,0.5076628783434679,0.9445632490644784
0.132,5.55005514068768,0.9511964104771543,0.9979177266575365,0.9985524625273983,0.9995113157294974,0.9935910135182235,0.987840486252665,0.9830108353001047,0.9800918160757269,0.974874301985106,0.9518219632085996,0.951934173064638,0.9210718488108163,0.8031608221892053,0.6835569775675219,0.5736810361794438,0.5097893468231864,0.945176968446387
0.133,5.580109373909936,0.952068031844903,0.9979898057029113,0.9986047753295295,0.9995318111645766,0.993775027828082,0.9881517235911674,0.9834151904944681,0.9805481841637814,0.9754163580248679,0.9526799870449096,0.9527963461878011,0.9222641401746747,0.8050851989690235,0.6857598028279388,0.5759091762298905,0.5118963576410431,0.9457781615084635
0.134,5.610034987018546,0.9529198286361135,0.9980590621222409,0.9986549654081971,0.9995513571402362,0.9939528886088727,0.9884534816675467,0.983807957463269,0.9809918850560535,0.9759440935944483,0.95351853813352,0.9536388250633231,0.9234325717721923,0.8069813206741274,0.6879366922921408,0.5781151571330297,0.5139841741568243,0.9463671785306699
0.135,5.639832803914591,0.9537523452461119,0.9981256190180466,0.9987031281036695,0.9995700017061275,0.9941248302220295,0.9887460943839049,0.9841895233161799,0.9814233300259617,0.9764579545309268,0.9543381506108406,0.9544621529770347,0.9245777335081824,0.8088497332271267,0.6900880670053305,0.5802992931001818,0.5160530547959137,0.9469443576138551
0.136,5.669503641477274,0.9545661085162005,0.9981895935737526,0.998749354060353,0.9995877902757376,0.994291077002535,0.9890298822718914,0.9845602603752842,0.9818429150371183,0.9769583706665831,0.9551393413854908,0.955266855613947,0.9257001978622803,0.8106909693317695,0.6922143391024032,0.5824618923638178,0.5181032531718831,0.9475100251811605
0.137,5.699048309638555,0.955361628386351,0.9982510973653367,0.9987937294788695,0.9996047657823384,0.99445184373628,0.9893051530940828,0.9849205268125951,0.9822510213879382,0.9774457564817559,0.9559226107799954,0.9560534417156407,0.9268005204908382,0.8125055488621024,0.6943159120458603,0.5846032573252713,0.5201350182052397,0.9480644964556807
0.138,5.7284676114568605,0.9561393985203014,0.9983102366550983,0.9988363363534446,0.9996209688250243,0.9946073361123069,0.9895722024152677,0.9852706672568754,0.9826480163258702,0.9779205117277805,0.9566884431452637,0.9568224037097528,0.9278792408049154,0.8142939792380574,0.6963931808559582,0.5867236846978813,0.5221485942384705,0.948608075915645
0.139,5.757762343189838,0.9568998969043709,0.9983671126686566,0.9988772526955374,0.9996364378055166,0.9947577511513905,0.9898313141452929,0.985611013371392,0.9830342536328417,0.9783830220215338,0.9574373074491522,0.9575742183128952,0.9289368825254423,0.8160567557880125,0.698446532333389,0.5888234656457332,0.5241442211475275,0.9491410577283163
0.14,5.786933294366198,0.9576435864212299,0.9984218218562195,0.9989165527445686,0.9996512090563562,0.9949032776123146,0.9900827610550388,0.9859418844041478,0.9834100741834094,0.9788336594130254,0.9581696578403386,0.9583093471082573,0.9299739542165747,0.8177943620988469,0.70047634527478,0.5909028859181619,0.526122134449879,0.9496637261637246
0.141,5.815981247856641,0.9583709153998048,0.9984744561390915,0.9989543071665576,0.999665316961068,0.9950440963771188,0.9903268052669876,0.98626358771204,0.9837758064770296,0.9792727829273921,0.9588859341886707,0.9590282370990892,0.9309909497982126,0.8195072703539905,0.702482990681286,0.5929622259801725,0.5280825654092607,0.9501763559893007
0.142,5.844906979943899,0.95908231814243,0.9985251031423273,0.9989905832414165,0.9996787940668335,0.9951803808165128,0.9905636987217656,0.9865764192603155,0.9841317671457758,0.9797007390825818,0.9595865626030959,0.9597313212391936,0.9319883490386014,0.8211959416599434,0.7044668319605352,0.5950017611389242,0.5300257411372427,0.9506792128463976
0.143,5.873711260391883,0.9597782154303043,0.9985738464143749,0.9990254450396003,0.9996916711901735,0.9953122971365765,0.9907936836219592,0.9868806640986076,0.9844782614387625,0.9801178623839388,0.9602719559282131,0.9604190189414968,0.9329666180278938,0.8228608263617179,0.7064282251221814,0.5970217616664258,0.5319518846917305,0.9511725536096413
0.144,5.902394852513967,0.9604590150082551,0.998620765634496,0.9990589535887695,0.9997039775161026,0.9954400047077987,0.9910169928544216,0.9871765968147727,0.9848155836844558,0.9805244757968341,0.9609425142204426,0.9610917365657163,0.9339262096335043,0.8245023643476406,0.708367518967296,0.5990224929185702,0.5338612151725086,0.9516566267299955
0.145,5.930958513240419,0.9611251120497613,0.9986659368087049,0.9990911670310736,0.9997157406911887,0.995563656377442,0.9912338503922257,0.9874644819676697,0.9851440177319926,0.9809208911984276,0.9615986252047526,0.9617498678860881,0.9348675639380517,0.826120985343928,0.7102850552718386,0.6010042154506519,0.5357539478139444,0.9521316725623722
0.146,5.95940299318498,0.9617768896031352,0.9987094324549104,0.9991221407716268,0.9997269869109181,0.9956833987661612,0.9914444716773387,0.987744574499965,0.9854638373725633,0.981307409809585,0.9622406647128333,0.9623937945400669,0.9357911086606382,0.8277171091994314,0.7121811689644162,0.6029671851294779,0.5376302940749327,0.9525979236785702
0.147,5.987729036710618,0.962414719019725,0.9987513217779092,0.9991519276187071,0.9997377410017384,0.9957993725497434,0.9916490639850436,0.9880171201319815,0.9857753067418563,0.9816843226079167,0.9628689971035684,0.96302388645887,0.9366972595621896,0.829291146160934,0.7140561882985483,0.6049116532422072,0.5394904617262046,0.9530556051662931
0.148,6.01593738199446,0.9630389603649447,0.9987916708348314,0.9991805779161788,0.9997480264981259,0.995911712726792,0.9918478267710623,0.9882823557375551,0.9860786807045069,0.9820519107228598,0.963483975666605,0.9636405022806857,0.9375864208355323,0.8308434971393597,0.7159104350196354,0.6068378666020213,0.5413346549350759,0.9535049349149328
0.149,6.044028761091915,0.9636499628129103,0.9988305426916042,0.9992081396686028,0.9997578657150007,0.9960205488731202,0.99204095200229,0.9885405097028067,0.9863742052214424,0.982410445813666,0.9640859430097873,0.9642439897473305,0.9384589854808641,0.8323745539672418,0.7177442245268257,0.6087460676507468,0.5431630743477334,0.953946123888792
0.15,6.0720039,0.9642480650254119,0.9988679975709595,0.9992346586594709,0.9997672798157896,0.9961260053835792,0.9922286244719909,0.9887918022686907,0.9866621177009666,0.982760190431121,0.9646752314311766,0.9648346860850994,0.9393153356672336,0.8338846996477868,0.7195578660299622,0.6106364945585298,0.5449759171691431,0.9543793763883585
0.151,6.09986351871989,0.9648335955159224,0.9989040929924824,0.9992601785629718,0.9997762888764159,0.9962282017020004,0.9924110221002603,0.9890364458581282,0.9869426473343798,0.9831013983637714,0.9652521632763498,0.9654129183705132,0.9401558430806201,0.8353743085958445,0.7213516627017932,0.6125093813206678,0.5467733772406658,0.9548048903002313
0.152,6.127608331318681,0.9654068729993023,0.9989388839051645,0.9992847410496702,0.9997849119454766,0.9963272525398923,0.9925883162205136,0.9892746453884945,0.98721601541689,0.9834343149693976,0.9658170512816269,0.9659790038816364,0.9409808692591765,0.8368437468710969,0.723125911825609,0.6143649578516945,0.5485556451154563,0.9552228573362441
0.153,6.155239045990405,0.9659682067278348,0.9989724228128927,0.9993083858864581,0.9997931671008513,0.9964232680844944,0.9927606718527152,0.9895065985701837,0.9874824356545283,0.9837591774924289,0.966370198903854,0.9665332504356023,0.9417907659161703,0.8382933724037496,0.7248809049384709,0.6162034500768132,0.5503229081317255,0.955633463262323
0.154,6.18275636511628,0.9665178968141881,0.9990047598932847,0.9993311510311095,0.9998010715029659,0.9965163541967559,0.9929282479640276,0.9897324961919373,0.9877421144577441,0.9840762153679657,0.966911900637329,0.9670759567129545,0.9425858752511342,0.839723535213011,0.7266169279701905,0.6180250800207686,0.5520753504839371,0.9560368881175711
0.155,6.210160985324232,0.9670562345418766,0.9990359431102519,0.9993530727217577,0.9998086414449256,0.9966066125997721,0.9930911977175136,0.9899525223935852,0.9879952512223208,0.9843856505130347,0.9674424423184372,0.9676074125693789,0.9433665302497133,0.8411345776186218,0.7283342613782064,0.619830065894245,0.5538131532920103,0.9564333064240514
0.156,6.237453597547685,0.9675835026637624,0.9990660183206452,0.9993741855615839,0.999815892399711,0.9966941410581845,0.9932496687095008,0.9901668549268123,0.9882420385982179,0.9846876976056723,0.9679621014185283,0.9681278993353785,0.9441330549726731,0.842526834445693,0.7300331802785015,0.6216186221778695,0.5555364946685959,0.956822887387715
0.157,6.264634887083618,0.9680999756891158,0.999095029375325,0.9993945225989974,0.9998228390646224,0.9967790335490162,0.9934038031961713,0.9903756654045318,0.9884826627469133,0.9849825643524024,0.9684711473255464,0.9686376901044125,0.9448857648345129,0.8439006332230978,0.7317139545727025,0.6233909597039068,0.5572455497844894,0.957205795090897
0.158,6.291705533649933,0.9686059201597246,0.9991230182149657,0.9994141154035633,0.9998294954031445,0.9968613804243928,0.9935537383099202,0.9905791195394154,0.9887173035877909,0.9852704517446429,0.9689698416148977,0.9691370500099971,0.9456249668721068,0.8452562943756522,0.7333768490714908,0.6251472857357193,0.5589404909322473,0.9575821886767784
0.159,6.318666211442113,0.9691015949155213,0.9991500249608948,0.9994329941379214,0.9998358746843878,0.9969412685665685,0.9936996062659895,0.9907773773721004,0.9889461350340889,0.9855515543045502,0.969458438310017,0.9696262364922419,0.946350960003776,0.8465941314103079,0.7350221236144503,0.6268878040450643,0.5606214875880631,0.957952222526194
0.16,6.34551758918919,0.9695872513501747,0.9991760880012425,0.9994511876259258,0.9998419895202624,0.9970187815356574,0.9938415345598577,0.990970593489569,0.9891693252188992,0.985826060320785,0.9699371841330727,0.9701054995542742,0.947064035279178,0.8479144510965775,0.7366500331864809,0.6286127149873024,0.562288706471959,0.9583160464271443
0.161,6.372260330209036,0.9700631336570704,0.9992012440726652,0.9994687234172163,0.9998478519005161,0.9970939997104433,0.9939796461558426,0.991158917234165,0.9893870367116797,0.9860941520746571,0.9704063187462303,0.9705750820089794,0.9477644761203827,0.8492175536413947,0.7382608280308878,0.630322215574587,0.5639423116063595,0.9586738057373506
0.162,6.398895092462989,0.9705294790660854,0.999225528337888,0.9994856278484247,0.9998534732257746,0.9971670004226257,0.9941140596673458,0.9913424929036931,0.9895994267257233,0.9863560060570855,0.9708660749838707,0.9710352197164681,0.9484525585544833,0.8505037328586116,0.7398547537592617,0.6320164995470956,0.5655824643730819,0.9590256415401782
0.163,6.425422528609807,0.9709865180715432,0.9992489744592957,0.9995019261012047,0.9998588643387006,0.9972378580848332,0.9942448895291479,0.9915214599430188,0.9898066473169981,0.9866117931767874,0.9713166790761476,0.9714861418126614,0.9491285514380826,0.8517732763333223,0.74143205145826,0.633695757442369,0.5672093235688138,0.9593716907942309
0.164,6.451843286058982,0.9714344746517165,0.9992716146687929,0.999517642257262,0.9998640355533885,0.9973066443127233,0.9943722461621396,0.9916959531275699,0.9900088455747579,0.9868616789600897,0.9717583508642432,0.9719280709293633,0.949792716673972,0.8530264655811963,0.7429929577933906,0.6353601766628207,0.5688230454591161,0.9597120864769093
0.165,6.478158007023413,0.9718735664802302,0.9992934798341346,0.9995327993505515,0.9998689966831005,0.9973734280414669,0.9944962361308535,0.9918661027391161,0.9902061638042986,0.9871058237427365,0.972191304007669,0.972361223406179,0.9504453094203126,0.8542635762029966,0.7445377051098978,0.637009941541473,0.5704237838309976,0.9600469577222036
0.166,6.50436732857143,0.9723040051296982,0.9993145995219224,0.9995474194167997,0.9998737570664431,0.9974382756368979,0.9946169622941446,0.9920320347341851,0.9903987397022188,0.9873443828540491,0.9726157461839419,0.9727858094946146,0.9510865782926097,0.855484878034452,0.7460665215308492,0.6386452334059751,0.5720116900441183,0.9603764299529901
0.167,6.530471882678215,0.9727259962679147,0.999335002057444,0.9995615235404983,0.999878325592081,0.9975012510015976,0.9947345239493451,0.9921938709054561,0.990586706524524,0.9875775067937751,0.9730318792809501,0.9732020335546828,0.9517167655587644,0.8566906352916452,0.747579631052514,0.6402662306409626,0.5735869130806506,0.9607006250080702
0.168,6.556472296276597,0.9731397398469033,0.9993547145815309,0.9995751318995091,0.9998827107220699,0.9975624156761641,0.9948490169702052,0.9923517290364543,0.990770193247897,0.9878053414019504,0.973439899582308,0.9736100942443223,0.952336107327467,0.8578811067120724,0.7490772536371206,0.6418731087488022,0.5751495995938529,0.9610196612641956
0.169,6.582369191307234,0.9735454302851173,0.9993737631045913,0.9995882638074092,0.9998869205138962,0.9976218289359068,0.9949605339389157,0.9925057230498526,0.9909493247244433,0.9880280280220782,0.9738399979459869,0.9740101847019238,0.952944833730192,0.859056545691522,0.7505596053030816,0.6434660404087813,0.5766998939553898,0.9613336537532985
0.17,6.608163184768213,0.9739432566430662,0.9993921725579704,0.999600937753702,0.9998909626412963,0.9976795478831906,0.9950691642724891,0.9926559631496721,0.9911242218302017,0.9882457036579183,0.9742323599764957,0.9744024927222456,0.9535431690970384,0.8602172004169198,0.7520268982127665,0.6450451955347851,0.5782379383014378,0.9616427142751415
0.171,6.633854888764047,0.9743334027926377,0.9994099668427829,0.9996131714420072,0.9998948444139292,0.9977356275356447,0.995174994343767,0.9928025559576577,0.9912950016076965,0.9884585011241623,0.9746171661908726,0.974787200925985,0.9541313321266522,0.8613633139952737,0.753479340757902,0.646610741331508,0.5797638725776202,0.9619469515055888
0.172,6.65944491055409,0.9747160475803636,0.9994271688763484,0.9996249818263405,0.9998985727959693,0.9977901209104378,0.9952781075973025,0.9929456046440938,0.9914617774027994,0.9886665491912606,0.9749945921787351,0.9751644869232623,0.954709536050454,0.8624951245788541,0.7549171376426758,0.648162842349248,0.5812778345828016,0.9622464711006931
0.173,6.684933852600396,0.9750913649848775,0.9994438006363597,0.9996363851455852,0.9999021544236825,0.9978430791048104,0.9953785846603578,0.9930852090533081,0.9916246589961475,0.9888699727246513,0.9753648087566296,0.975534523471261,0.9552779887913896,0.8636128654867363,0.7563404899646171,0.6497016605373229,0.5827799600117785,0.9625413757967769
0.174,6.710322312614981,0.9754595242687916,0.999459883202902,0.9996473969562523,0.9999055956220453,0.9978945513730474,0.9954765034492434,0.9932214658241026,0.9917837527293596,0.9890688928186318,0.9757279821169061,0.9758974786262602,0.9558368931174085,0.8647167653228264,0.7577495952933266,0.6512273552961555,0.5842703824969026,0.9628317655066867
0.175,6.735610883606557,0.9758206901252147,0.9994754367984352,0.9996580321636218,0.9999089024204622,0.9979445852000617,0.9955719392712125,0.9933544685053368,0.9919391616262766,0.9892634269251007,0.9760842739713362,0.9762535158902791,0.9563864467898691,0.8658070480904902,0.7591446477471187,0.6527400835280617,0.585749233648666,0.9631177374123828
0.176,6.760800153926701,0.9761750228191246,0.9994904808258477,0.9996683050513488,0.9999120805676333,0.997993226371751,0.9956649649221153,0.9934843076668797,0.9920909855094439,0.9894536889773891,0.9764338416896822,0.9766027943525507,0.9569268427070577,0.8668839333038967,0.7605258380676477,0.6542399996867869,0.5872166430952817,0.9633993860540235
0.177,6.78589070731548,0.9765226783237958,0.9995050339046799,0.9996782293096178,0.9999151355456212,0.9980405190422845,0.9957556507800083,0.993611071006134,0.99223932111204,0.9896397895093862,0.9767768384334158,0.9769454688260252,0.9574582690430077,0.8679476360961869,0.761893353692579,0.6557272558258223,0.5886727385212893,0.9636768034156922
0.178,6.810883122946545,0.9768638084524754,0.9995191139056139,0.9996878180619204,0.9999180725831641,0.9980865057984626,0.9958440648949005,0.9937348434503277,0.9923842621854511,0.989821835770161,0.9771134132847782,0.9772816899791016,0.9579809093817863,0.8689983673245708,0.7632473788263618,0.6572020016455437,0.5901176457052156,0.9639500790079147
0.179,6.835777975471699,0.9771985609854935,0.9995327379833177,0.99969708389053,0.9999208966682763,0.9981312277212911,0.9959302730748136,0.9938557072547585,0.9925258996026737,0.9899999318342643,0.97744371137136,0.9776116044627715,0.9584949428474221,0.870036333672456,0.7645880945091698,0.6586643845392006,0.5915514885563151,0.9642192999470961
0.18,6.860575835064935,0.9775270797929848,0.9995459226077293,0.9997060388607399,0.9999236125601787,0.9981747244449009,0.9960143389683209,0.9939737420971673,0.9926643214577302,0.9901741787078949,0.9777678739863785,0.9779353550333553,0.9590005442296287,0.8710617377487027,0.7659156786840592,0.6601145496377957,0.5929743891504258,0.9644845510320127
0.181,6.885277267465976,0.977849504953391,0.9995586835938609,0.9997146945439309,0.9999262248005955,0.9982170342129358,0.9960963241437246,0.9940890251684087,0.9927996131612608,0.9903446744311004,0.9780860387048171,0.9782530806710009,0.959497884105481,0.8720747781840996,0.7672303062624044,0.6615526398538829,0.5943864677649536,0.9647459148174803
0.182,6.909882834023286,0.9781659728679044,0.9995710361301966,0.9997230620395275,0.9999287377244549,0.9982581939325311,0.9961762881650204,0.9942016312595799,0.9929318575324583,0.9905115141761753,0.9783983394955855,0.978564916694109,0.9599871289571887,0.873075649725152,0.7685321491876582,0.6629787959243186,0.5957878429130258,0.9650034716853152
0.183,6.934393091736604,0.9784766163710121,0.999582994805758,0.9997311519959025,0.9999311554700254,0.9982982392259911,0.9962542886647935,0.9943116328457577,0.9930611348874986,0.9906747903424156,0.9787049068298551,0.978870994869841,0.9604684412861105,0.8740645433252657,0.7698213764974937,0.6643931564519937,0.5971786313768253,0.9652572999127053
0.184,6.958808593298969,0.9787815648372844,0.9995945736359029,0.9997389746302806,0.9999334819885207,0.9983372044802757,0.9963303814141826,0.9944191001664923,0.9931875231246143,0.9908345926473762,0.9790058677857139,0.979171443520859,0.9609419797231425,0.875041646233415,0.7710981543843703,0.6657958579465774,0.5985589482401357,0.9655074757380913
0.185,6.983129887138263,0.9790809442845542,0.9996057860869222,0.999746539747697,0.9999357210532025,0.998375122894395,0.9964046203900392,0.9945241013031932,0.993311097805952,0.9909910082147773,0.9793013461492817,0.979466387628444,0.9614078991356124,0.876007142080369,0.7723626462545764,0.6671870348643013,0.5999289069201211,0.9657540734246661
0.186,7.0073575174582805,0.9793748774736204,0.9996166450994943,0.9997538567590543,0.9999378762680087,0.9984120265248101,0.9964770578394083,0.9946267022535427,0.9934319322363472,0.9911441216591925,0.9795914625124191,0.9797559489321248,0.9618663507308032,0.8769612109625609,0.7736150127857901,0.6685668196468091,0.6012886191983564,0.965997165321589
0.187,7.031492024279308,0.9796634840046099,0.9996271631110547,0.9997609346983275,0.9999399510757347,0.9984479463289302,0.9965477443414457,0.9947269670030582,0.9935500975391461,0.9912940151676519,0.9798763343671594,0.9800402460259554,0.9623174821562271,0.8779040295236685,0.7748554119832063,0.6699353427591022,0.602638195251137,0.9662368219230032
0.188,7.0555339434782605,0.9799468804101183,0.9996373520771356,0.999767782238959,0.9999419487657909,0.9984829122067937,0.9966167288668847,0.9948249575939294,0.993665662729195,0.9914407685782827,0.9801560761969851,0.9803193944515617,0.9627614375967639,0.8788357710339831,0.7760839992342677,0.6712927327266018,0.6039777436790837,0.9664731119249522
0.189,7.079483806828335,0.9802251802452553,0.9996472234917244,0.9997744077094836,0.9999438724815602,0.9985169530410164,0.9966840588351591,0.9949207341912385,0.9937786947831131,0.9915844594561064,0.9804307995650674,0.9805935067880819,0.963198357868775,0.8797566054676329,0.7773009273620459,0.6726391161713569,0.605307371536062,0.9667061022802761
0.19,7.103342142038217,0.9804984941747044,0.999656788406693,0.9997808191084228,0.999945725227379,0.9985500967350831,0.9967497801692818,0.9950143551466782,0.9938892587069638,0.9917251631661081,0.9807006131995832,0.980862692739115,0.9636283805112985,0.8806666995777293,0.7785063466773068,0.6739746178474182,0.60662718435744,0.9669358582515682
0.191,7.1271094727908455,0.9807669300569112,0.9996660574503398,0.9997870241184872,0.9999475098751593,0.998582370250061,0.9968139373485793,0.995105877059868,0.9939974176014262,0.9918629529436838,0.980965623076215,0.9811270592167889,0.9640516398744293,0.8815662169695008,0.779700405029304,0.6752993606754055,0.607937286187699,0.9671624434622714
0.192,7.150786318781726,0.9810305930255048,0.9996750408450908,0.9997930301201177,0.9999492291706749,0.9986137996398021,0.996876573459369,0.9951953548373699,0.9941032327245723,0.991997899962571,0.9812259324979399,0.9813867104230546,0.9644682672049785,0.8824553181714764,0.7808832478553328,0.6766134657762843,0.6092377796074159,0.967385919945989
0.193,7.174373195756809,0.9812895855680532,0.9996837484244002,0.9997988442044011,0.9999508857395268,0.9986444100847052,0.9969377302436734,0.9952828417494991,0.9942067635523443,0.9921300734003639,0.981481642172206,0.9816417479283088,0.9648783907295113,0.8833341607047788,0.782055018229083,0.6779170525043818,0.610528765759635,0.9676063481940772
0.194,7.197870615549938,0.9815440076022511,0.9996921896488884,0.9998044731853915,0.9999524820928076,0.9986742259240994,0.9969974481460486,0.995368389485019,0.9943080678368257,0.992259540501704,0.9817328502855938,0.9818922707474433,0.9652821357348493,0.8842028991505853,0.7832158569078239,0.6792102384796546,0.6118103443756476,0.9678237872015887
0.195,7.221279086119875,0.9817939565496329,0.999700373621756,0.9998099236118638,0.9999540206324797,0.9987032706873125,0.9970557663586123,0.9954520482038078,0.9944072016623963,0.992386366639241,0.9819796525760507,0.9821383754134134,0.9656796246461276,0.8850616852158126,0.7843659023784559,0.6804931396192355,0.613082613800193,0.9680382945116356
0.196,7.244599111586903,0.982039527406901,0.9997083091035077,0.9998152017785319,0.9999555036564829,0.9987315671234812,0.9971127228643424,0.9955338665875793,0.994504219499853,0.9925106153724491,0.98222214240279,0.9823801560484188,0.9660709771024885,0.8859106677970789,0.7855052909024589,0.6817658701682735,0.6143456710160968,0.9682499262582263
0.197,7.267831192269014,0.9822808128149563,0.9997160045260196,0.9998203137367527,0.9999569333635865,0.9987591372301585,0.9971683544787241,0.9956138918887377,0.99459917425858,0.9926323485043831,0.9824604108139379,0.9826177044327804,0.9664563100304935,0.8867499930429967,0.7866341565597722,0.6830285427300897,0.6155996116683662,0.9684587372076403
0.198,7.290975824717692,0.982517903125711,0.9997234680059818,0.9998252653047459,0.9999583118579992,0.9987860022807716,0.9972226968898102,0.9956921699774416,0.9946921173368449,0.9927516261364526,0.9826945466120076,0.9828511100715984,0.9668357377153308,0.8875798044148462,0.7877526312916318,0.6842812682956667,0.6168445300877488,0.9686647807983989
0.199,7.314033501753288,0.9827508864667661,0.9997307073577459,0.9998300620773497,0.9999596411537492,0.9988121828509807,0.9972757846967635,0.9957687453869479,0.9947830986702944,0.9928685067212923,0.9829246364172821,0.9830804602592697,0.9672093718698923,0.8884002427456754,0.7888608449423978,0.6855241562724868,0.6180805193137795,0.9688681091798798
0.2,7.337004712500001,0.9829798488040284,0.9997377301056052,0.9998347094353368,0.9999609231788474,0.9988376988439864,0.9973276514469426,0.9958436613573076,0.9948721667787215,0.9929830471138015,0.9831507647291765,0.9833058401419433,0.9675773217017928,0.8892114462978796,0.789958925300399,0.686757314512739,0.6193076711173189,0.9690687732496331
0.201,7.3598899424204625,0.9832048740023397,0.9997445434955354,0.9998392125543109,0.9999621597792447,0.9988625695148308,0.9973783296715938,0.9959169598774765,0.9949593688111715,0.9930953026204201,0.9833730139856542,0.9835273327779855,0.9679396939783991,0.8900135508192996,0.7910469981378202,0.687980849340913,0.620526076022605,0.9692668226894472
0.202,7.3826896733499385,0.9834260438841892,0.9997511545064215,0.999843576413205,0.9999633527225948,0.998886813493737,0.997427850920204,0.9959886817259066,0.9950447505894525,0.9932053270467138,0.983591464620766,0.9837450191965258,0.9682965930899375,0.8908066895978856,0.792125187249662,0.6891948655807887,0.6217358233288253,0.9694623060002081
0.203,7.4054043835301435,0.9836434382865776,0.9997575698607936,0.9998478058024,0.9999645037018318,0.9989104488085272,0.9974762457935707,0.9960588665096756,0.9951283566501106,0.9933131727433262,0.9838061951203755,0.983958978454153,0.968648121110742,0.8915909935149695,0.7931936144917954,0.6903994665818483,0.6229370011312254,0.9696552705356035
0.204,7.42803454764268,0.9838571351160963,0.9997637960350962,0.9998519053314816,0.9999656143385726,0.9989334929061604,0.9975235439756424,0.9961275527022162,0.9952102302849324,0.993418890650365,0.9840172820761386,0.9841692876898255,0.9689943778587048,0.8923665910971851,0.794252399818139,0.6915947542451155,0.6241296963417662,0.9698457625347121
0.205,7.450580636842105,0.9840672104022842,0.9997698392695129,0.9998558794366532,0.9999666861863546,0.998955962673425,0.9975697742641778,0.9961947776796959,0.9952904135800291,0.9935225303402784,0.9842248002377952,0.9843760221780571,0.9693354609529895,0.8931336085670755,0.7953016613169802,0.6927808290484427,0.6253139947093386,0.9700338271535167
0.206,7.4730431187886275,0.9842737383493236,0.9997757055773652,0.9998597323878211,0.9999677207337149,0.9989778744568258,0.9976149646002741,0.996260577756104,0.9953689474535584,0.9936241400592783,0.9844288225638332,0.9845792553804427,0.9696714658700644,0.8938921698924281,0.7963415152464641,0.6939577900712599,0.6264899808395483,0.9702195084953911
0.207,7.495422457680443,0.984476791386132,0.9997814007541079,0.9998634682953673,0.9999687194071203,0.9989992440816958,0.9976591420968067,0.9963249882170944,0.9954458716921356,0.9937237667673673,0.9846294202705806,0.9847790589955775,0.9700024859981082,0.8946423968343725,0.7973720760692753,0.6951257350187957,0.627657738214086,0.9704028496405852
0.208,7.517719114285714,0.9846764402149041,0.9997869303859382,0.9998670911166253,0.9999696835737574,0.9990200868705685,0.9977023330658288,0.9963880433526329,0.9955212249859847,0.993821456177018,0.9848266628797818,0.9849755030074275,0.9703286126898458,0.8953844089942764,0.7983934564865294,0.6962847602457887,0.6288173492096865,0.9705838926747578
0.209,7.539933545974185,0.9848727538581599,0.9997922998580363,0.9998706046620714,0.9999706145441865,0.9990404176608406,0.9977445630449678,0.9964497764884963,0.995595044962877,0.993917252790557,0.9850206182647078,0.9851686557322057,0.9706499353138599,0.8961183238594763,0.7994057674709008,0.6974349607796981,0.6299688951166919,0.9707626787165837
0.21,7.562066206748466,0.9850657997043484,0.9997975143624552,0.9998740126012472,0.9999715135748691,0.9990602508217548,0.9977858568228627,0.9965102200166666,0.9956673682209038,0.994011199936301,0.9852113526948527,0.9853585838638024,0.9709665413044329,0.8968442568478746,0.8004091182990024,0.6985764303434285,0.6311124561572288,0.9709392479444752
0.211,7.584117547274954,0.9852556435520561,0.9998025789056754,0.9998773184684233,0.9999723818705758,0.9990796002707315,0.9978262384636778,0.9965694054246631,0.9957382303601262,0.9941033398034905,0.9853989308792649,0.985545352517824,0.9712785162099626,0.8975623213514364,0.8014036165830407,0.69970926137758,0.6322481115030085,0.9711136396224436
0.212,7.606088014914425,0.9854423496528697,0.9998074983158393,0.9998805256680184,0.9999732205866769,0.9990984794890774,0.9978657313307321,0.996627363323854,0.9958076660131456,0.9941937134760661,0.985583416008557,0.9857290252742825,0.97158594374,0.8982726287786165,0.8023893683017628,0.7008335450622372,0.6333759392927566,0.9712858921251378
0.213,7.627978053752288,0.9856259807529364,0.9998122772496812,0.999883637479784,0.9999740308313265,0.9991169015370942,0.9979043581092757,0.996684123476786,0.9958757088746348,0.994282360965328,0.985764869795643,0.9859096642189861,0.971888905810951,0.8989752885957477,0.8033664778307154,0.7019493713383052,0.6344960166492879,0.9714560429620895
0.214,7.649788104628502,0.9858065981332675,0.9998169201991653,0.9998866570637654,0.9999748136675425,0.999134879068616,0.9979421408284513,0.9967397148235685,0.9959423917298684,0.9943693212415224,0.9859433525152427,0.9860873299836723,0.9721874825904885,0.8996704083674195,0.8043350479718345,0.703056828928408,0.6356084196962297,0.9716241288011849
0.215,7.671518605167173,0.9859842616488274,0.9998214314978456,0.9998895874650507,0.9999755701151879,0.9991524243449953,0.9979791008824694,0.9967941655073495,0.99600774648229,0.9944546322643908,0.9861189230421964,0.9862620817849278,0.9724817525407106,0.9003580937958752,0.805295179982381,0.7041560053573576,0.6367132235744055,0.9717901854914062
0.216,7.693169989805825,0.9861590297664472,0.9998258153269602,0.9998924316183155,0.99997630115286,0.9991695492485635,0.9980152590510288,0.9968475028989172,0.9960718041801522,0.9945383310127206,0.9862916388886305,0.9864339774619346,0.972771792460089,0.9010384487594552,0.8062469736032406,0.7052469869722043,0.6378105024578848,0.9719542480848523
0.217,7.714742689824349,0.9863309596016053,0.9998300757212721,0.9998951923521749,0.99997700771969,0.9991862652955846,0.998050635519013,0.9968997536204609,0.9961345950422632,0.9946204535129348,0.9864615562400096,0.9866030735130823,0.9730576775242443,0.9017115753501129,0.8071905270866051,0.7063298589618796,0.6389003295697104,0.9721163508580779
0.218,7.736237133373639,0.9865001069541095,0.9998342165746671,0.9998978723933497,0.9999776907170594,0.9992025836487249,0.9980852498954895,0.9969509435685201,0.9961961484828741,0.9947010348667527,0.9866287299901164,0.9867694251314854,0.9733394813255838,0.9023775739100299,0.8081259372230494,0.7074047053764403,0.6399827771973075,0.9722765273327636
0.219,7.757653745503922,0.9866665263427192,0.9998382416455208,0.9999004743706564,0.9999783510102362,0.9992185151290572,0.9981191212320393,0.997001097936156,0.9962564931357359,0.9947801092779557,0.9867932137749907,0.9869330862394402,0.9736172759118393,0.9030365430673529,0.8090532993680208,0.7084716091459254,0.6410579167075865,0.9724348102957532
0.22,7.778992948192771,0.9868302710387421,0.9998421545618441,0.9999030008188287,0.9999789894299345,0.9992340702276192,0.9981522680404421,0.9970502412343721,0.9963156568773602,0.9948577100782924,0.9869550600058656,0.9870941095218589,0.9738911318235389,0.9036885797710802,0.8099727074677562,0.7095306520988334,0.6421258185617436,0.9725912318184666
0.221,7.80025516037282,0.9869913930986391,0.9998459588262166,0.999905454182178,0.999979606773803,0.9992492591165432,0.998184708309743,0.9970983973128119,0.9963736668495098,0.9949338697525492,0.987114319901131,0.9872525464587125,0.9741611181304441,0.9043337793251173,0.8108842540846388,0.7105819149802293,0.6431865523297662,0.9727458232757218
0.222,7.821440797959183,0.9871499433956706,0.9998496578205195,0.9999078368181005,0.9999802038078441,0.9992640916597746,0.9982164595227233,0.9971455893797609,0.9964305494809476,0.99500861996282,0.9872710435173591,0.9874084473565166,0.9744273024669872,0.9049722354215278,0.8117880304220136,0.711625477469491,0.6442401867046543,0.9728986153639797
0.223,7.842550273876573,0.9873059716506141,0.9998532548104733,0.999910151000437,0.9999807812677681,0.9992785774233975,0.9982475386717988,0.9971918400214792,0.996486330508473,0.9950819915720011,0.9874252797794201,0.9875618613788907,0.9746897510667369,0.9056040401729987,0.8126841263484692,0.712661418197704,0.6452867895163606,0.9730496381190333
0.224,7.863583998086124,0.9874595264615853,0.9998567529499924,0.9999123989226933,0.9999813398602853,0.9992927256855794,0.9982779622743666,0.9972371712208874,0.9965410349972681,0.9951540146665393,0.9875770765097197,0.9877128365762227,0.974948528795925,0.9062292841445426,0.8135726304216045,0.7136898147647102,0.6463264277454563,0.9731989209331638
0.225,7.8845423776119405,0.9876106553329915,0.9998601552853625,0.9999145827011268,0.9999818802643382,0.9993065454461538,0.9983077463876229,0.9972816043756322,0.9965946873605809,0.9952247185784596,0.9877264804565856,0.987861419914466,0.9752036991860591,0.9068480563844586,0.8144536299112909,0.7147107437558227,0.6473591675365329,0.9733464925717741
0.226,7.905425816567343,0.9877594047036433,0.999863464759249,0.9999167043777037,0.9999824031322799,0.9993200454358532,0.9983369066228701,0.9973251603155521,0.9966473113787685,0.9952941319066964,0.9878735373218319,0.9880076573030984,0.9754553244656543,0.9074604444545697,0.815327210822442,0.7157242807582116,0.6483850742113405,0.973492381189528
0.227,7.926234716180845,0.9879058199740548,0.9998666842145436,0.9999187659229364,0.9999829090909959,0.9993332341252068,0.9983654581593331,0.9973678593195654,0.9966989302177235,0.9953622825377535,0.9880182917875259,0.9881515936222702,0.9757034655911048,0.9080665344597565,0.8161934579173049,0.71673050037697,0.6494042122816747,0.9736366143460029
0.228,7.946969474821853,0.988049945532956,0.9998698163980569,0.9999207692386016,0.9999833987429775,0.999346119733116,0.9983934157575034,0.9974097211320034,0.9967495664467048,0.9954291976657175,0.988160787541986,0.9882932727491672,0.975948182276727,0.9086664110768081,0.8170524547372822,0.7177294762508657,0.6504166454620122,0.9737792190208773
0.229,7.9676304880260815,0.9881918247830447,0.9998728639640632,0.9999227161603491,0.9999838726673456,0.9993587102351211,0.9984207937720286,0.9974507649784057,0.9967992420555949,0.9954949038116434,0.9883010673050321,0.9884327375836137,0.9761895330239956,0.9092601575826066,0.8179042836243006,0.7187212810677901,0.6514224366819067,0.9739202216286668
0.23,7.988218148520711,0.9883315001660002,0.9998758294777023,0.9999246084602018,0.9999843314208291,0.9993710133713691,0.9984476061641643,0.9974910095807995,0.9968479784716033,0.9955594268423376,0.9884391728525144,0.9885700300729402,0.9764275751499978,0.9098478558816612,0.8187490257417311,0.7197059865799055,0.6524216480981453,0.9740596480330259
0.231,8.008732846249263,0.988469013186784,0.9998787154182484,0.999926447848955,0.999984775538699,0.9993830366542983,0.9984738665138035,0.997530473172481,0.9968957965754361,0.9956227919885564,0.9885751450401437,0.9887051912361396,0.97666236481513,0.9104295865330141,0.8195867610948788,0.7206836636185029,0.6534143411066758,0.9741975235606288
0.232,8.029174968396227,0.9886044044372487,0.9998815241822467,0.9999282359784776,0.9999852055356607,0.9993947873760457,0.9984995880311021,0.9975691735123152,0.9969427167169501,0.9956850238626427,0.9887090238266434,0.9888382611873343,0.9768939570500585,0.9110054287765292,0.8204175685510458,0.7216543821085744,0.6544005763543056,0.9743338730146414
0.233,8.04954489941142,0.988737713619078,0.9998842580865281,0.9999299744439201,0.9999856219067066,0.999406272615593,0.9985247835677107,0.9976071278985735,0.996988758730309,0.9957461464756169,0.9888408482962473,0.9889692791585748,0.977122405781967,0.911575460558584,0.8212415258591833,0.7226182110831059,0.6553804137501807,0.9744687206878027
0.234,8.069843021034078,0.9888689795660792,0.9998869193711032,0.9999316647858333,0.9999860251279314,0.9994174992456566,0.9985494656276331,0.9976443531823233,0.9970339419486609,0.9958061832537427,0.9889706566805614,0.9890982835219941,0.9773477638601109,0.9121397585571768,0.8220587096691392,0.7235752186971001,0.6563539124770494,0.9746020903751238
0.235,8.090069712316716,0.9889982402658467,0.9998895102019439,0.9999333084922016,0.9999864156573103,0.9994284739393356,0.9985736463777197,0.9976808657803876,0.9970782852183513,0.9958651570545861,0.9890984863798117,0.9892253118113344,0.9775700830807008,0.9126983982064683,0.8228691955505125,0.7245254722413306,0.6573211310023136,0.9747340053862206
0.236,8.110225349648713,0.9891255328808187,0.9998920326736555,0.9999349070003946,0.9999867939354434,0.9994392031765246,0.998597337657812,0.9977166816878884,0.9971218069126899,0.9959230901825816,0.9892243739834953,0.9893504007428686,0.9777894142111327,0.9132514537207684,0.8236730580111234,0.7254690381558393,0.6582821270888742,0.9748644885572898
0.237,8.130310306779661,0.9892508937687438,0.9998944888120439,0.9999364616990402,0.9999871603862677,0.9994496932500998,0.998620550990551,0.9977518164903889,0.9971645249452851,0.9959800044041267,0.9893483552904557,0.989473586235735,0.9780058070135866,0.9137989981179861,0.8244703705151091,0.7264059820431779,0.6592369578057766,0.9749935622627419
0.238,8.150324954842475,0.9893743585025767,0.999896880576584,0.9999379739298236,0.9999875154177365,0.9994599502718907,0.9986432975908609,0.9977862853756483,0.9972064567829617,0.9960359209622158,0.9894704653283974,0.9895949034317015,0.9782193102680088,0.9143411032425521,0.825261205500651,0.7273363686813987,0.6601856795386554,0.975121248426501
0.239,8.170269662376237,0.9894959618898225,0.999899209862791,0.9999394449892144,0.9999878594224708,0.999469980178441,0.998665588375119,0.9978201031450038,0.9972476194582768,0.9960908605906329,0.9895907383728598,0.9897143867143811,0.9784299717945,0.9148778397878331,0.8260456343973492,0.7282602620368093,0.6611283479999904,0.9752475685329817
0.24,8.190144795348838,0.9896157379913425,0.9999014785045008,0.9999408761301241,0.9999881927783814,0.9994797887365695,0.9986874339700259,0.9978532842243915,0.9972880295816451,0.9961448435277156,0.9897092079656655,0.9898320697279109,0.9786378384751222,0.915409277318045,0.8268237276432426,0.7291777252764817,0.6620650182391712,0.975372543637756
0.241,8.209950717179337,0.9897337201396427,0.9999036882760619,0.9999422685634997,0.9999885158492632,0.9994893815487382,0.9987088447211835,0.9978858426750191,0.9973277033530915,0.9961978895297047,0.9898259069328599,0.9899479853951154,0.9788429562751451,0.9159354842896834,0.8275955547014926,0.7300888207805358,0.6629957446523798,0.9754961943779182
0.242,8.22968778876014,0.9898499409566572,0.9999058408944428,0.9999436234598533,0.9999888289853653,0.9994987640582339,0.9987298307013934,0.9979177922037039,0.9973666565736384,0.9962500178836944,0.9899408674021569,0.9900621659351672,0.9790453702637447,0.916456528072478,0.8283611840767308,0.730993610154191,0.6639205809922899,0.9756185409821576
0.243,8.249356368478889,0.9899644323710447,0.9999079380212597,0.9999449419507318,0.9999891325239355,0.9995079415541716,0.9987504017186855,0.9979491461728845,0.9974049046563439,0.996301247420195,0.9900541208199076,0.9901746428807614,0.9792451246341732,0.9169724749698884,0.8291206833310842,0.7318921542395997,0.6648395803775945,0.9757396032805478
0.244,8.268956812240186,0.9900772256350108,0.9999099812647246,0.9999462251301287,0.9999894267897413,0.999516919176325,0.998770567324085,0.9979799176103212,0.9974424626370013,0.9963515965253213,0.9901656979676038,0.9902854470948199,0.9794422627234125,0.9174833902391486,0.8298741190998806,0.7327845131274602,0.6657527953023554,0.9758594007140657
0.245,8.288489473487031,0.9901883513406718,0.9999119721815218,0.9999474740558412,0.9999897120955688,0.9995257019197924,0.998790336819129,0.9980101192184928,0.9974793451845112,0.9964010831526197,0.990275628977933,0.9903946087867372,0.9796368270313278,0.9179893381108738,0.8306215571070464,0.7336707461684195,0.6666602776451908,0.9759779523438429
0.246,8.307954703222096,0.9902978394359744,0.9999139122786104,0.9999486897507739,0.9999899887427,0.9995342946395018,0.9988097192631401,0.9980397633837016,0.9975155666109375,0.996449724834544,0.9903839433503974,0.9905021575281839,0.9798288592393357,0.9184903818082399,0.8313630621801982,0.7345509119842659,0.6675620786782908,0.9760952768601593
0.247,8.327352850028719,0.9904057192401821,0.9999158030149601,0.999949873204192,0.99999025702137,0.9995427020545632,0.9988287234802662,0.9980688621848965,0.9975511408812578,0.9964975386935939,0.9904906699665093,0.990608122268481,0.9800184002285992,0.9189865835657468,0.8320986982654417,0.7354250684789219,0.6684582490762765,0.9762113925911936
0.248,8.346684260091743,0.9905120194589446,0.999917645803221,0.9999510253729261,0.9999905172112046,0.9995509287524725,0.998847358066295,0.9980974274022233,0.9975860816228188,0.9965445414531244,0.9905958371045775,0.9907125313495565,0.9802054900977639,0.9194780046475746,0.8328285284418787,0.7362932728492331,0.6693488389249,0.9763263175115283
0.249,8.365949277218087,0.9906167681989613,0.9999194420113304,0.9999521471825294,0.9999907695816389,0.9995589791931737,0.9988656313952498,0.9981254705253116,0.9976204021345049,0.9965907494478394,0.9906994724540955,0.990815412520499,0.9803901681802494,0.9199647053655442,0.8335526149358334,0.7371555815955659,0.6702338977295885,0.9764400692504234
0.25,8.385148242857143,0.9907199929822496,0.9999211929640595,0.9999532395283924,0.9999910143923191,0.9995668577129826,0.9988835516257764,0.9981530027613078,0.9976541153956324,0.9966361786339772,0.9908016031297433,0.9909167929517183,0.9805724730611051,0.9204467450966917,0.8342710191348008,0.7380120505322146,0.6711134744238378,0.9765526650998646
0.251,8.404281496120936,0.9908217207600329,0.9999228999445017,0.9999543032768122,0.999991251893486,0.9995745685283797,0.9989011267073259,0.9981800350426614,0.9976872340745758,0.9966808445992003,0.9909022556850159,0.9910166992487272,0.9807524425934477,0.9209241823004652,0.8349838016011264,0.7388627347976201,0.671987617377459,0.9766641220223925
0.252,8.423349373804102,0.990921977926257,0.9999245641955053,0.9999553392660229,0.9999914823263442,0.9995821157396746,0.9989183643861428,0.9982065780346747,0.9977197705371353,0.9967247625721967,0.9910014561254877,0.9911151574655525,0.9809301139144869,0.921397074535555,0.8356910220854215,0.7397076888644063,0.672856374404678,0.9767744566587201
0.253,8.442352210403637,0.9910207903307469,0.9999261869210543,0.9999563483071852,0.9999917059234131,0.9995895033345488,0.9989352722110634,0.9982326421428218,0.9977517368546563,0.9967679474320038,0.9910992299217247,0.9912121931177901,0.9811055234611543,0.9218654784763639,0.8363927395397203,0.7405469665492395,0.6737197927720949,0.9768836853351427
0.254,8.46129033813848,0.9911181832920141,0.9999277692875951,0.9999573311853395,0.9999919229088668,0.9995967351914788,0.9989518575391316,0.9982582375198467,0.9977831448119059,0.9968104137170624,0.9911956020218552,0.9913078311953112,0.9812787069853448,0.9223294499291292,0.8370890121303851,0.7413806210225118,0.6745779192065039,0.9769918240707527
0.255,8.480164086968838,0.9912141816097269,0.9999293124253169,0.9999582886603215,0.9999921334988564,0.9996038150830471,0.9989681275410394,0.9982833740726452,0.9978140059147163,0.9968521756340099,0.9912905968638072,0.9914020961746325,0.9814496995687828,0.9227890438477022,0.837779897250766,0.7422087048178516,0.6754307999025772,0.9770988885844568
0.256,8.498973784615385,0.9913088095768496,0.9999308174293836,0.9999592214676448,0.9999923379018206,0.9996107466791412,0.9989840892063957,0.9983080614689418,0.9978443313974023,0.9968932470662216,0.991384238387225,0.9914950120309585,0.9816185356375215,0.9232443143489947,0.8384654515336165,0.7430312698414703,0.6762784805304154,0.9772048943018103
0.257,8.517719756578204,0.9914020909914644,0.99993228536112,0.9999601303193478,0.9999925363187836,0.9996175335500489,0.9989997493488324,0.9983323091437634,0.9978741322299604,0.9969336415821068,0.9914765500450723,0.9915866022499074,0.9817852489760872,0.9236953147281012,0.8391457308632777,0.7438483673813399,0.6771210062429684,0.9773098563616648
0.258,8.536402326155581,0.9914940491682819,0.9999337172491551,0.9999610159048113,0.9999927289436398,0.9996241791694499,0.9990151146109507,0.9983561263057199,0.9979034191250551,0.9969733724431685,0.9915675548149314,0.9916768898389275,0.981949872741277,0.9241420974731029,0.839820790387628,0.7446600481162144,0.6779584216833279,0.9774137896226455
0.259,8.555021814462577,0.9915847069498521,0.9999351140905233,0.9999618788915433,0.9999929159634272,0.9996306869173095,0.9990301914691142,0.9983795219430985,0.9979322025448024,0.9970124526118334,0.9916572752100079,0.9917658973384155,0.9821124394756211,0.9245847142795637,0.8404906845298104,0.7454663621244908,0.6787907709918943,0.9775167086694531
0.26,8.57357854044944,0.9916740867174828,0.9999364768517258,0.9999627199259357,0.99999309755859,0.999637060082678,0.9990449862380942,0.9984025048297741,0.9979604927073529,0.9970508947590598,0.991745733289849,0.9918536468325435,0.9822729811205166,0.9250232160647208,0.8411554669997364,0.7462673588929161,0.6796180978134232,0.9776186278190023
0.261,8.592072820919798,0.9917622104018735,0.9999378064697526,0.9999635396339921,0.9999932739032291,0.9996433018663975,0.9990595050755714,0.9984250835309458,0.9979882995932847,0.9970887112717309,0.9918329506707839,0.9919401599598047,0.9824315290290438,0.9254576529813852,0.8418151908053784,0.7470630873251453,0.6804404453039488,0.9777195611264002
0.262,8.610504970548714,0.9918490994934757,0.9999391038530683,0.9999643386220289,0.9999934451653439,0.9996494153837209,0.9990737539864994,0.9984472664087032,0.9980156329518104,0.9971259142598382,0.9919189485360939,0.9920254579232843,0.9825881139784727,0.9258880744315487,0.8424699082638458,0.7478535957501482,0.6812578561375933,0.9778195223907664
0.263,8.628875301900502,0.9919347750525837,0.9999403698825614,0.9999651174773498,0.9999936115070633,0.9996554036668465,0.999087738827335,0.998469061627428,0.9980425023068034,0.9971625155634638,0.9920037476459203,0.992109561500666,0.9827427661824673,0.9263145290797152,0.8431196710122604,0.7486389319304754,0.6820703725132573,0.9779185251609048
0.264,8.64718412544643,0.9920192577191665,0.9999416054124604,0.9999658767688959,0.9999937730848676,0.9996612696673688,0.9991014653101383,0.9984904771590367,0.9980689169626509,0.9971985267595673,0.9920873683469179,0.9921924910539777,0.9828955153029977,0.9267370648659524,0.8437645300184244,0.7494191430703765,0.6828780361612008,0.9780165827408246
0.265,8.665431749582172,0.992102567722448,0.9999428112712155,0.9999666170478717,0.9999939300498009,0.999667016258652,0.9991149390065488,0.9985115207880702,0.9980948860099387,0.9972339591685816,0.9921698305816607,0.9922742665390886,0.9830463904619666,0.9271557290186794,0.8444045355912962,0.7501942758237861,0.6836808883495125,0.9781137081951247
0.266,8.683618480645164,0.9921847248902398,0.9999439882623503,0.9999673388483475,0.9999940825476761,0.9996726462381249,0.9991281653516404,0.9985322001166325,0.9981204183309718,0.9972688238608258,0.9922511538978072,0.9923549075149612,0.9831954202525577,0.9275705680671901,0.8450397373912681,0.7509643763021672,0.6844789698904681,0.9782099143542339
0.267,8.701744622931704,0.992265748658038,0.9999451371652818,0.9999680426878406,0.9999942307192705,0.9996781623295045,0.9991411496476599,0.9985525225691878,0.9981455226051377,0.9973031316627395,0.9923313574570317,0.9924344331526676,0.9833426327503141,0.9279816278539226,0.845670184440259,0.7517294900822263,0.6852723211467882,0.9783052138195204
0.268,8.71981047871397,0.9923456580778871,0.9999462587361114,0.999968729067874,0.999994374700514,0.9996835671849458,0.9991538970676517,0.998572495397216,0.9981702073141162,0.9973368931629444,0.9924104600437301,0.9925128622441737,0.9834880555239534,0.9283889535464775,0.846295925131618,0.7524896622134923,0.6860609820377851,0.9783996189682699
0.269,8.73781634825678,0.9924244718270195,0.9999473537083887,0.9999693984745164,0.9999945146226693,0.9996888633871247,0.9991664126589751,0.9985921256837341,0.9981944807469414,0.9973701187181376,0.992488480073503,0.9925902132109024,0.9836317156459274,0.9287925896493934,0.8469170072398509,0.7532449372257718,0.6868449920454144,0.9784931419585366
0.27,8.755762529834255,0.992502208216276,0.9999484227938465,0.9999700513789004,0.9999946506125059,0.9996940534512538,0.9991787013467142,0.9986114203476864,0.9982183510049195,0.9974028184588242,0.9925654356014262,0.9926665041120776,0.9837736397027319,0.9291925800156835,0.8475334779301663,0.7539953591364756,0.687624390220221,0.9785857947338734
0.271,8.773649319746276,0.992578885198314,0.9999494666831115,0.9999706882377238,0.9999947827924659,0.9996991398270346,0.9991907679369867,0.9986303861482082,0.9982418260064073,0.9974350022948901,0.9926413443301116,0.9927417526528581,0.9839138538049735,0.92958896785814,0.8481453837678498,0.7547409714578246,0.6883992151871914,0.97867758902794
0.272,8.791477012334804,0.9926545203756095,0.9999504860463889,0.999971309493732,0.9999949112808245,0.9997041249005467,0.9992026171201545,0.998649029688767,0.9982649134914569,0.997466679921024,0.992716223617567,0.9928159761922661,0.9840523835972007,0.929981795760411,0.848752770727467,0.7554818172039306,0.6891695051515062,0.9787685363689969
0.273,8.809245899999999,0.9927291310082573,0.9999514815341232,0.9999719155761824,0.9999950361918429,0.9997090109960791,0.9992142534739369,0.998667357421185,0.9982876210263278,0.99749786082199,0.9927900904848568,0.9928891917509155,0.9841892542675051,0.9303711056878546,0.8493556842019025,0.756217938897765,0.6899352979042028,0.9788586480842864
0.274,8.826956273216247,0.9928027340215773,0.999952453777636,0.9999725069012928,0.9999951576359157,0.9997138003779021,0.9992256814664332,0.9986853756495454,0.998309956007875,0.997528554277757,0.9928629616235739,0.9929614160185476,0.9843244905568974,0.9307569389981774,0.8499541690112324,0.7569493785780046,0.6906966308277396,0.9789479353043048
0.275,8.844608420547946,0.99287534601353,0.9999534033897409,0.9999730838726738,0.9999952757197133,0.9997184952519846,0.9992369054590554,0.9987030905339891,0.9983319256678114,0.9975587693684888,0.9929348534031238,0.9930326653613776,0.9844581167684661,0.9311393364518589,0.8505482694114421,0.7576761778057691,0.691453540901477,0.9790364089669664
0.276,8.86220262866521,0.992946983261948,0.9999543309653381,0.9999736468817452,0.9999953905463167,0.9997230977676571,0.9992479297093735,0.998720508094402,0.9983535370768536,0.9975885149793983,0.9930057818778277,0.9931029558292576,0.9845901567763237,0.9315183382223711,0.8511380291029826,0.7583983776712426,0.692206064707063,0.9791240798216668
0.277,8.879739182359366,0.993017661731588,0.9999552370819872,0.9999741963081377,0.9999955022153493,0.9997276100192228,0.9992587583738782,0.9987376342139986,0.998374797148751,0.9976177998054718,0.9930757627938511,0.9931723031626618,0.9847206340343448,0.9318939839061934,0.8517234912391793,0.7591160188001909,0.6929542384337364,0.9792109584332447
0.278,8.897218364558345,0.9930873970810083,0.9999561223004599,0.9999747325200802,0.9999956108231018,0.9997320340475191,0.999269395510662,0.9987544746428036,0.9983957126442036,0.9976466323560648,0.9931448115959595,0.9932407227994993,0.984849571584704,0.93226631253263,0.8523046984344869,0.7598291413603641,0.6936980978835412,0.9792970551858448
0.279,8.91464045634186,0.9931562046692769,0.9999569871652756,0.9999752558747739,0.9999957164626533,0.9997363718414292,0.9992798450820217,0.9987710350010355,0.9984162901746714,0.9976750209593744,0.9932129434341088,0.9933082298817558,0.984976992066216,0.9326353625734355,0.8528816927726002,0.7605377850678023,0.6944376784764597,0.9793823802866892
0.28,8.932005736956524,0.9932240995625132,0.9999578322052157,0.9999757667187523,0.9999958192239867,0.9997406253393484,0.9992901109569855,0.9987873207823953,0.9984365362060783,0.9977029737667931,0.9932801731698736,0.9933748392619752,0.9851029177224853,0.9330011719522481,0.8534545158144196,0.7612419891930314,0.6951730152554618,0.9794669437697536
0.281,8.949314483830712,0.9932910965402718,0.9999586579338229,0.9999762653882293,0.9999959191941011,0.9997447964306042,0.9993001969137658,0.9988033373572628,0.9984564570624146,0.9977304987571439,0.9933465153827178,0.993440565509578,0.9852273704098681,0.9333637780538413,0.854023208605878,0.7619417925671614,0.6959041428914755,0.9795507554993558
0.282,8.966566972589384,0.9933572101017671,0.9999594648498806,0.9999767522094337,0.9999960164571182,0.9997488869568327,0.9993101066421417,0.9988190899758034,0.9984760589292403,0.9977576037408056,0.9934119843761126,0.9935054229170277,0.9853503716052544,0.9337232177331926,0.8545878116856283,0.7626372335878844,0.6966310956882749,0.9796338251736559
0.283,8.983763477068685,0.9934224544719485,0.9999602534378792,0.9999772274989345,0.9999961110943855,0.9997528987133132,0.999319843745772,0.9988345837709883,0.9984953478570926,0.9977842963637253,0.9934765941835043,0.9935694255058445,0.985471942413671,0.9340795273243756,0.8551483650925956,0.7633283502253744,0.6973539075872952,0.9797161623280723
0.284,9.000904269330453,0.9934868436074262,0.9999610241684631,0.9999776915639512,0.9999962031845756,0.9997568334502608,0.9993294117444412,0.9988498237615311,0.9985143297648003,0.9978105841113274,0.9935403585741387,0.9936325870324733,0.985592103575713,0.934432742649281,0.855704908373399,0.7640151800280928,0.6980726121723679,0.9797977763386168
0.285,9.01798961967655,0.9935503912022537,0.9999617774988647,0.9999781447026569,0.9999962928037814,0.9997606928740812,0.999338814076242,0.9988648148547417,0.998533010442708,0.9978364743123166,0.9936032910587428,0.9936949209940085,0.9857108754748073,0.9347828990261663,0.8562574805896424,0.7646977601284995,0.6987872426743826,0.9798786764251468
0.286,9.035019796663079,0.9936131106935708,0.9999625138733232,0.9999785872044681,0.9999963800256078,0.9997644786485855,0.9993480540996937,0.998879561849303,0.9985513955558135,0.9978619741423831,0.9936654048950706,0.99375644063378,0.985828278144311,0.9351300312780416,0.8568061203250785,0.7653761272486725,0.6994978319758757,0.9799588716545427
0.287,9.051995067114454,0.9936750152671093,0.9999632337234889,0.999979019350326,0.9999964649212592,0.9997681923961694,0.9993571350958008,0.99889406943797,0.9985694906468185,0.9978870906278086,0.9937267130933144,0.9938171589468042,0.9859443312744508,0.9354741737408936,0.8573508656926497,0.7660503177058368,0.7002044126155474,0.9800383709438071
0.288,9.068915696137339,0.9937361178625674,0.9999639374688138,0.9999794414129669,0.9999965475596254,0.9997718356989554,0.9993660602700533,0.9989083422101943,0.9985873011390992,0.9979118306489788,0.9937872284213863,0.9938770886851036,0.9860590542191072,0.9358153602717513,0.8578917543414052,0.7667203674178045,0.700907016792707,0.9801171830630906
0.289,9.08578194713444,0.9937964311788544,0.9999646255169294,0.999979853657185,0.9999966280073621,0.9997754100999021,0.9993748327543687,0.9989223846546773,0.9986048323395952,0.9979362009438036,0.9938469634100733,0.9939362423628976,0.9861724660024453,0.9361536242565972,0.8584288234633,0.7673863119083291,0.7016056763716496,0.980195316638648
0.29,9.102594081818182,0.9938559676792095,0.9999652982640116,0.9999802563400836,0.9999967063289701,0.9997789171038781,0.9993834556089802,0.9989362011618537,0.9986220894416212,0.9979602081110481,0.993905930358069,0.9939946322616696,0.9862845853253984,0.9364889986181274,0.858962109799877,0.768048186312374,0.7023004228859655,0.9802727801557243
0.291,9.119352360224239,0.9939147395961996,0.9999659560951335,0.9999806497113201,0.9999967825868704,0.9997823581787053,0.9993919318242708,0.998949796026306,0.9986390775276045,0.9979838586135771,0.993964141336885,0.9940522704351128,0.9863954305720074,0.9368215158233635,0.8594916496488326,0.7687060253812972,0.7029912875427815,0.9803495819613685
0.292,9.136057040724946,0.9939727589365968,0.9999665993846066,0.9999810340133407,0.999996856841477,0.9997857347561699,0.9994002643225555,0.9989631734491149,0.9986558015717473,0.9980071587815157,0.994021608195647,0.9941091687139575,0.9865050198156189,0.9371512078911195,0.860017478870473,0.7693598634879533,0.7036783012269372,0.980425730267187
0.293,9.152708380042576,0.9940300374861405,0.9999672284963097,0.9999814094816091,0.9999969291512668,0.9997890482330039,0.999408455959814,0.9989763375401447,0.9986722664426205,0.9980301148153274,0.9940783425657749,0.9941653387106836,0.9866133708249462,0.9374781063993286,0.8605396328940568,0.7700097346317165,0.7043614945050976,0.9805012331520311
0.294,9.169306633262487,0.9940865868141872,0.9999678437840084,0.9999817763448247,0.9999969995728469,0.999792299971836,0.9994165095273737,0.9989892923202675,0.9986884769056864,0.9980527327888139,0.9941343558655545,0.9942207918241213,0.9867205010699963,0.9378022424922292,0.8610581467240322,0.7706556724434237,0.7050408976298016,0.9805760985646208
0.295,9.185852053846155,0.9941424182782498,0.9999684455916622,0.9999821348251361,0.9999970681610196,0.9997954913021161,0.9994244277535468,0.9990020417235266,0.9987044376257561,0.9980750186520364,0.9941896593046,0.9942755392439431,0.9868264277278666,0.9381236468874171,0.8615730549461671,0.7712977101902393,0.7057165405434491,0.9806503343261064
0.296,9.202344893644069,0.99419754302843,0.9999690342537234,0.9999824851383454,0.9999971349688445,0.9997986235210105,0.9994322133052205,0.9990145895992428,0.9987201531693813,0.9980969782341632,0.9942442638882114,0.9943295919550492,0.9869311676884138,0.9384423498827648,0.8620843917335754,0.7719358807804444,0.7063884528822268,0.9807239481325756
0.297,9.218785402908514,0.9942519720117472,0.9999696100954245,0.9999828274941068,0.9999972000476987,0.9998016978942722,0.9994398687894036,0.9990269397140633,0.9987356280071833,0.9981186172462434,0.9942981804216312,0.9943829607418503,0.9870347375597989,0.9387583813632098,0.8625921908526417,0.7725702167681516,0.7070566639799749,0.9807969475574972
0.298,9.23517383030623,0.9943057159763649,0.999970173433057,0.9999831620961176,0.9999972634473344,0.9998047156570841,0.9994473967547303,0.9990390957539556,0.9987508665161199,0.9981399412839106,0.9943514195141997,0.994435656192449,0.9871371536739105,0.9390717708074177,0.8630964856688463,0.7732007503579458,0.7077212028719944,0.9808693400541136
0.299,9.251510422930943,0.9943587854757192,0.9999707245742412,0.9999834891423032,0.9999973252159354,0.9998076780148785,0.9994547996929214,0.9990510613261486,0.9987658729816948,0.9981609558300167,0.9944039915834144,0.994487688702724,0.9872384320916706,0.9393825472943196,0.8635973091524924,0.773827513409453,0.7083820982987967,0.9809411329577757
0.3,9.267795426315791,0.9944111908725509,0.9999712638181859,0.9999838088249959,0.9999973854001698,0.9998105861441318,0.9994620800402062,0.9990628399610224,0.9987806516001072,0.9981816662572008,0.9944559068588951,0.994539068480318,0.9873385886082243,0.9396907395095285,0.8640946938843367,0.7744505374418376,0.7090393787097976,0.981012333488224
0.301,9.284029084445613,0.9944629423428432,0.9999717914559417,0.9999841213311081,0.9999974440452419,0.9998134411931364,0.9994692401787045,0.9990744351139463,0.9987952064803465,0.9982020778303902,0.9945071753862554,0.994589805548534,0.9874376387580172,0.9399963757516362,0.8645886720611264,0.7750698536382321,0.7096930722669543,0.9810829487518196
0.302,9.30021163976915,0.9945140498796686,0.9999723077706442,0.9999844268422984,0.9999975011949425,0.9998162442827495,0.9994762824377709,0.99908585016707,0.9988095416462319,0.9982221957092409,0.994557807030887,0.9946399097501395,0.9875355978197632,0.940299483938394,0.8650792755010444,0.7756854928500965,0.7103432068483491,0.9811529857437249
0.303,9.316343333211105,0.9945645232969471,0.9999728130377502,0.9999847255351337,0.9999975568916963,0.999818996507121,0.999483209095302,0.9990970884310661,0.9988236610383999,0.9982420249505151,0.9946078114816544,0.9946893907510831,0.9876324808213045,0.9406000916127792,0.8655665356490623,0.7762974856015112,0.710989810051718,0.9812224513500332
0.304,9.332424404184101,0.9946143722331168,0.9999733075252664,0.9999850175812448,0.9999976111766083,0.999821698934399,0.9994900223790084,0.9991081531468272,0.9988375685162396,0.998261570510399,0.9946571982545056,0.9947382580441261,0.9877283025443682,0.9408982259489491,0.8660504835822066,0.7769058620934051,0.7116329091979285,0.9812913523498502
0.305,9.348455090600522,0.994663606154721,0.9999737914939698,0.9999853031474776,0.9999976640895085,0.9998243526074158,0.9994967244676513,0.9991190474871187,0.998851267859778,0.9982808372467636,0.9947059766959998,0.9947865209523887,0.9878230775292186,0.9411939137580874,0.8665311500147368,0.7775106522077174,0.7122725313344035,0.981359695417333
0.306,9.364435628884255,0.9947122343599121,0.999974265197622,0.9999855823960386,0.9999977156689943,0.999826958544354,0.9995033174922457,0.9991297745581869,0.9988647627715174,0.9982998299213676,0.9947541559867538,0.9948341886328157,0.9879168200792129,0.9414871814941412,0.8670085653032373,0.7781118855114977,0.712908703238496,0.9814274871236762
0.307,9.3803662539823,0.994760265981876,0.9999747288831764,0.9999858554846365,0.9999977659524727,0.999829517739393,0.9995098035372316,0.999140337401327,0.9988780568782253,0.9983185532020059,0.9948017451448102,0.9948812700795624,0.9880095442652566,0.9417780552594556,0.8674827594516281,0.7787095912609415,0.7135414514208136,0.9814947339390622
0.308,9.3962471993763,0.9948077099921774,0.9999751827909781,0.9999861225666179,0.9999978149761992,0.9998320311633367,0.9995161846416124,0.9991507389944088,0.9988911537326784,0.9983370116646053,0.9948487530289286,0.994927774127303,0.9881012639301662,0.9420665608103032,0.8679537621160897,0.7793037984053668,0.7141708021284927,0.9815614422345597
0.309,9.412078697093929,0.9948545752040301,0.999975627154958,0.9999863837910997,0.9999978627753171,0.9998344997642242,0.9995224628000632,0.9991609822533628,0.9989040568153622,0.9983552097952674,0.9948951883418014,0.9949737094544636,0.9881919926929379,0.9423527235623148,0.8684216026099101,0.7798945355911282,0.7147967813484257,0.9816276182839874
0.31,9.427860977720208,0.9949008702754921,0.9999760622028212,0.9999866393030966,0.9999979093838938,0.9998369244679222,0.9995286399640093,0.9991710700336283,0.9989167695361266,0.9983731519922606,0.9949410596331973,0.9950190845863811,0.9882817439529267,0.942636568595811,0.8688863099082523,0.7804818311654746,0.7154194148104407,0.9816932682657319
0.311,9.443594270408692,0.9949466037125883,0.9999764881562279,0.9999868892436448,0.999997954834957,0.9998393061787001,0.9995347180426757,0.9991810051315636,0.998929295235801,0.9983908425679648,0.9949863753030345,0.995063907898391,0.9883705308939362,0.9429181206610372,0.8693479126528421,0.7810657131803456,0.7160387279904341,0.9817583982645269
0.312,9.459278802892563,0.994991783872363,0.9999769052309699,0.9999871337499204,0.9999979991605291,0.9998416457797903,0.9995406989041081,0.9991907902858199,0.9989416371877665,0.9984082857507656,0.9950311436043819,0.9951081876188451,0.9884583664882235,0.9431974041833042,0.8698064391565828,0.7816462093961134,0.7166547461134571,0.981823014273195
0.313,9.474914801495617,0.9950364189658634,0.9999773136371417,0.9999873729553564,0.9999980423916602,0.9998439441339306,0.9995465843761672,0.9992004281786798,0.9989537985994899,0.9984254856869041,0.9950753726463958,0.9951519318320603,0.988545263500418,0.9434744432680369,0.8702619174080929,0.7822233472852677,0.717267494156759,0.981887122194348
0.314,9.490502491143152,0.9950805170610559,0.9999777135793042,0.9999876069897535,0.9999980845584605,0.9998462020838931,0.9995523762474959,0.999209921437361,0.9989657826140182,0.9984424464422806,0.9951190703971886,0.9951951484812022,0.9886312344913601,0.9437492617057314,0.8707143750761708,0.7827971540360448,0.7178769968527843,0.9819507278420542
0.315,9.506042095372752,0.9951240860856774,0.9999781052566462,0.9999878359793885,0.9999981256901307,0.9998484204529965,0.9995580762684618,0.9992192726352878,0.998977592311436,0.998459172004214,0.995162244686634,0.9952378453711026,0.9887162918218579,0.9440218829768239,0.8711638395141884,0.7833676565560042,0.7184832786921271,0.9820138369434654
0.316,9.52153383634497,0.9951671338300215,0.9999784888631379,0.9999880600471187,0.999998165814992,0.9998506000456053,0.999563686152073,0.9992284842933282,0.9989892307102854,0.9984756662831584,0.9952049032091098,0.9952800301710147,0.988800447656366,0.9442923302564725,0.871610337764413,0.7839348814755501,0.7190863639264434,0.9820764551404131
0.317,9.536977934853923,0.9952096679496649,0.999978864587682,0.9999882793124841,0.9999982049605153,0.9998527416476144,0.9995692075748716,0.9992375588810019,0.9990007007689518,0.9984919331143787,0.9952470535261787,0.9953217104173063,0.9888837139665883,0.9445606264192543,0.8720538965622606,0.7844988551514025,0.7196862765713194,0.9821385879909649
0.318,9.55237461033777,0.99525169596813,0.9999792326142586,0.9999884938918044,0.9999982431533483,0.9998548460269194,0.9995746421778022,0.9992464988176544,0.9990120053870134,0.9985079762595842,0.9952887030692107,0.9953628935160928,0.9889661025350045,0.9448267940437777,0.8724945423404807,0.7850596036700155,0.7202830404091021,0.9822002409709527
0.319,9.567724080889116,0.9952932252794912,0.9999795931220657,0.9999887038982747,0.9999982804193426,0.9998569139338754,0.9995799915670582,0.9992553064736049,0.999023147406559,0.9985237994085245,0.9953298591419458,0.9954035867458118,0.9890476249583259,0.9450908554172143,0.8729323012332744,0.7856171528509455,0.7208766789916852,0.9822614194754649
0.32,9.583026563265307,0.9953342631509214,0.9999799462856567,0.9999889094420568,0.9999983167835794,0.9998589461017415,0.9995852573149061,0.9992639841712622,0.999034129613471,0.9985394061805448,0.9953705289230019,0.9954437972597405,0.9891282926508767,0.9453528325397499,0.8733671990803464,0.7861715282501698,0.7214672156432586,0.9823221288203074
0.321,9.598282272898626,0.9953748167251838,0.999980292275071,0.9999891106303683,0.9999983522703947,0.9998609432471137,0.9995904409604872,0.9992725341862138,0.9990449547386784,0.9985548001261055,0.9954107194683256,0.9954835320884573,0.9892081168479082,0.9456127471289575,0.8737992614308946,0.7867227551633571,0.722054673463016,0.9823823742434339
0.322,9.61349142390641,0.9954148930230672,0.999980631255964,0.9999893075675694,0.9999983869034028,0.9998629060703454,0.9995955440105998,0.9992809587482877,0.9990556254593778,0.9985699847282643,0.99545043771359,0.9955227981422492,0.9892871086088437,0.9458706206240926,0.874228513547533,0.7872708586290895,0.722639075327826,0.9824421609063457
0.323,9.628654229101068,0.9954544989457689,0.9999809633897299,0.9999895003552454,0.9999984207055203,0.9998648352559565,0.9996005679404595,0.9992892600425869,0.9990661444002242,0.9985849634041233,0.9954896904765398,0.9955616022134652,0.9893652788204564,0.9461264741903136,0.8746549804101561,0.7878158634320362,0.7232204438948638,0.9825014938954607
0.324,9.643770900000002,0.9954936412772248,0.9999812888336224,0.9999896890922876,0.9999984536989877,0.9998667314730311,0.9996055141944413,0.9992974402104982,0.9990765141344936,0.9985997395062413,0.9955284844592849,0.9955999509788199,0.9894426381999838,0.9463803287228285,0.8750786867197404,0.7883577941060833,0.7237988016042065,0.9825603782234561
0.325,9.658841646835445,0.995532326686389,0.9999816077408716,0.9999898738749721,0.9999984859053916,0.9998685953756044,0.9996103841868009,0.9993055013506759,0.9990867371852155,0.9986143163240124,0.9955668262505437,0.9956378510016444,0.9895191972981762,0.9466322048509684,0.8754996569020863,0.7888966749374161,0.724374170681392,0.9826188188305792
0.326,9.673866678564208,0.9955705617294626,0.9999819202607971,0.999990054797035,0.9999985173456857,0.9998704276030383,0.9996151793023786,0.9993134455200011,0.9990968160262791,0.9986286970850121,0.9956047223278378,0.9956753087340893,0.9895949665022855,0.9468821229421909,0.8759179151115012,0.7894325299675574,0.7249465731399398,0.9826768205859352
0.327,9.688846202877334,0.9956083528520748,0.9999822265389173,0.999990231949746,0.9999985480402103,0.9998722287803883,0.9996199008972848,0.9993212747345168,0.9991067530835114,0.9986428849563114,0.9956421790596389,0.9957123305192792,0.9896699560389917,0.9471301031060129,0.876333485234426,0.7899653829963622,0.7255160307838402,0.9827343882887432
0.328,9.703780426209677,0.9956457063914168,0.999982526717056,0.9999904054219795,0.9999985780087123,0.9998739995187579,0.9996245502995666,0.9993289909703398,0.9991165507357299,0.9986568830457588,0.9956792027074691,0.9957489225934208,0.9897441759772706,0.947376165197876,0.8767463908930038,0.7904952575849675,0.7260825652100038,0.9827915266695701
0.329,9.718669553749372,0.9956826285783286,0.9999828209334451,0.9999905753002832,0.9999986072703642,0.9998757404156456,0.9996291288098597,0.9993365961645503,0.9991262113157693,0.9986706944032344,0.9957157994279555,0.995785091087864,0.9898176362312034,0.9476203288229452,0.8771566554485926,0.7910221770587025,0.7266461978106807,0.9828482403915363
0.33,9.733513789447237,0.9957191255393413,0.9999831093228253,0.9999907416689451,0.9999986358437816,0.9998774520552816,0.9996336377020207,0.9993440922160595,0.999135737111483,0.9986843220218716,0.995751975274841,0.9958208420311194,0.9898903465627299,0.9478626133398407,0.8775643020052252,0.7915461645099526,0.7272069497758444,0.9829045340514967
0.331,9.748313336026092,0.9957552032986748,0.9999833920165418,0.9999909046100579,0.9999986637470414,0.9998791350089545,0.9996380782237463,0.9993514809864557,0.9991451303667209,0.9986977688392525,0.9957877362009514,0.9958561813508323,0.9899623165843456,0.9481030378643067,0.8779693534130135,0.7920672428009874,0.7277648420955425,0.9829604121812001
0.332,9.76306839498998,0.9957908677801938,0.9999836691426397,0.999991064203582,0.9999986909976984,0.9998807898353312,0.999642451597174,0.9993587643008295,0.9991543932822837,0.9987110377385737,0.9958230880601202,0.9958911148757134,0.9900335557617458,0.9483416212728172,0.8783718322715018,0.7925854345667437,0.7283198955622144,0.9830158792484202
0.333,9.777779166633318,0.9958261248093195,0.999983940825954,0.9999912205274057,0.9999987176128018,0.9998824170807658,0.9996467590194694,0.999365943948579,0.9991635280168535,0.9987241315497858,0.9958580366090726,0.9959256483374278,0.9901040734164155,0.9485783822061187,0.8787717609329665,0.793100762217572,0.7288721307729782,0.9830709396580662
0.334,9.792445850049951,0.9958609801149031,0.9999842071881985,0.9999913736574045,0.9999987436089112,0.9998840172796015,0.9996510016633977,0.9993730216841954,0.9991725366879028,0.9987370530507056,0.9958925875092683,0.9959597873724453,0.9901738787281682,0.9488133390727138,0.8791691615056664,0.7936132479419415,0.7294215681318839,0.9831255977532715
0.335,9.807068643142145,0.9958954393310566,0.9999844683480517,0.9999915236674978,0.9999987690021113,0.9998855909544652,0.9996551806778808,0.9993799992280291,0.9991814213725814,0.9987498049681033,0.9959267463287065,0.9959935375238483,0.9902429807376342,0.9490465100522849,0.8795640558570431,0.7941229137091084,0.7299682278521387,0.983179857816457
0.336,9.821647742629482,0.9959295079989472,0.9999847244212398,0.9999916706297038,0.9999987938080275,0.9998871386165515,0.9996592971885409,0.9993868782670372,0.9991901841085821,0.9987623899787633,0.9959605185436906,0.9960269042431036,0.9903113883486991,0.949277913099059,0.8799564656168708,0.7946297812717453,0.7305121299582981,0.983233724070376
0.337,9.836183344057684,0.9959631915685508,0.9999849755206175,0.9999918146141943,0.9999988180418395,0.9998886607659023,0.9996633522982298,0.9993936604555134,0.9991988268949857,0.9987748107105219,0.9959939095405571,0.9960598928917945,0.9903791103308942,0.949507565945116,0.88034641218036,0.7951338721685339,0.7310532942884295,0.983287200679135
0.338,9.85067564180735,0.995996495400371,0.9999852217562463,0.9999919556893452,0.9999988417182957,0.9998901578916763,0.9996673470875452,0.9994003474157991,0.9992073516930866,0.9987870697432795,0.996026924617367,0.996092508743318,0.990446155321739,0.9497354861036413,0.880733916711212,0.7956352077267205,0.7315917404962453,0.9833402917491973
0.339,9.86512482910263,0.9960294247671195,0.9999854632354707,0.9999920939217876,0.999998864851726,0.9998916304724131,0.9996712826153341,0.999406940738979,0.9992157604271974,0.9987991696099907,0.9960595689855617,0.9961247569845442,0.9905125318290381,0.9499616908721225,0.8811190001446285,0.7961338090646358,0.7321274880532076,0.9833930013303639
0.34,9.879531098019802,0.9960619848553623,0.9999857000629914,0.9999922293764566,0.9999988874560548,0.9998930789762892,0.9996751599191832,0.999413441985558,0.9992240549854357,0.9988111127976309,0.9960918477715839,0.9961566427174415,0.9905782482331328,0.9501861973354925,0.8815016831902738,0.7966296970941809,0.7326605562506017,0.9834453334167327
0.341,9.8938946394958,0.996094180767131,0.9999859323409377,0.9999923621166384,0.9999989095448141,0.9998945038613677,0.9996789800158978,0.9994198526861233,0.999232237220492,0.9988229017481411,0.9961237660184644,0.9961881709606679,0.990643312789108,0.9504090223692208,0.8818819863351939,0.7971228925232745,0.7331909642015856,0.9834972919476453
0.342,9.908215643336623,0.9961260175214997,0.9999861601689363,0.9999924922040165,0.9999989311311546,0.9998959055758416,0.9996827439019683,0.9994261743419902,0.9992403089503795,0.9988345388593508,0.9961553286873761,0.9962193466511275,0.9907077336289561,0.9506301826423512,0.8822599298466896,0.7976134158582702,0.7337187308432083,0.9835488808086076
0.343,9.922494298225729,0.9961575000561294,0.9999863836441789,0.9999926196987158,0.9999989522278578,0.9998972845582701,0.999686452554025,0.9994324084258318,0.9992482719591659,0.9988460264858801,0.9961865406591546,0.9962501746454958,0.9907715187636987,0.9508496946204895,0.8826355337751479,0.7981012874063368,0.7342438749384018,0.9836001038321956
0.344,9.936730791732284,0.9961886332287803,0.999986602861488,0.999992744659346,0.9999989728473477,0.9998986412378089,0.9996901069292822,0.9994385563822948,0.9992561279976883,0.9988573669400214,0.9962174067357876,0.9962806597217116,0.9908346760854666,0.9510675745687419,0.8830088179568303,0.7985865272778077,0.7347664150779476,0.983650964798944
0.345,9.95092531031941,0.9962194218187915,0.99998681791338,0.9999928671430434,0.999998993001701,0.9998999760344348,0.9996937079659706,0.9994446196285997,0.9992638787842518,0.9988685624926001,0.9962479316418735,0.9963108065804394,0.9908972133695395,0.9512838385546032,0.8833798020166179,0.7990691553884962,0.7352863696824137,0.9837014674382134
0.346,9.965078039352306,0.996249870528531,0.9999870288901268,0.9999929872055119,0.9999990127026581,0.999901289359164,0.9996972565837596,0.999450599555127,0.9992715260053113,0.9988796153738178,0.996278120026049,0.996340619846499,0.9909591382763457,0.9514985024507976,0.883748505370718,0.7995491914619794,0.7358037570040694,0.9837516154290458
0.347,9.979189163106323,0.9962799839848151,0.9999872358798163,0.9999931049010617,0.9999990319616329,0.9999025816142647,0.9997007536841696,0.9994564975259902,0.9992790713161376,0.9988905277740733,0.9963079764623877,0.9963701040702679,0.9910204583534241,0.9517115819380728,0.8841149472293273,0.8000266550318499,0.736318595128771,0.9838014124009976
0.348,9.99325886477495,0.996309766740298,0.9999874389684101,0.9999932202826483,0.9999990507897231,0.9999038531934645,0.9997042001509725,0.9994623148795936,0.9992865163414674,0.9989013018447688,0.9963375054517692,0.9963992637290529,0.9910811810373465,0.9519230925079468,0.8844791465992577,0.8005015654439372,0.7368309019778254,0.9838508619349613
0.349,10.007287326477773,0.9963392232748338,0.9999876382398,0.9999933334019087,0.9999990691977195,0.9999051044821522,0.9997075968505846,0.9994680529291791,0.9992938626761396,0.9989119396990948,0.9963667114232209,0.9964281032284331,0.9911413136556046,0.9521330494654104,0.8848411222865218,0.800973941858498,0.7373406953098248,0.9838999675639676
0.35,10.021274729268294,0.9963683579968089,0.9999878337758628,0.9999934443091981,0.9999990871961154,0.999906335857574,0.9997109446324486,0.999473712963358,0.9993011118857161,0.9989224434127991,0.9963955987352306,0.9964566269035771,0.9912008634284596,0.9523414679315844,0.8852008928988804,0.801443803252376,0.7378479927224622,0.9839487327739724
0.351,10.035221253141746,0.9963971752444484,0.9999880256565138,0.9999935530536249,0.9999991047951152,0.9999075476890258,0.9997142443294061,0.999479296246632,0.9993082655070875,0.9989328150249384,0.9964241716770341,0.9964848390205302,0.9912598374707564,0.9525483628463333,0.8855584768483521,0.8019111684211333,0.7383528116543181,0.9839971610046316
0.352,10.049127077042801,0.9964256792870946,0.9999882139597581,0.9999936596830837,0.9999991220046435,0.9999087403380384,0.9997174967580621,0.9994848040199013,0.9993153250490665,0.9989430565386122,0.9964524344698744,0.9965127437774779,0.9913182427937034,0.9527537489708368,0.8859138923536859,0.8023760559811514,0.7388551693866268,0.9840452556500561
0.353,10.062992378873242,0.9964538743264598,0.9999883987617416,0.9999937642442892,0.999999138834353,0.9999099141585607,0.9997207027191397,0.99949023750096,0.9993222919929663,0.9989531699216813,0.9964803912682368,0.9965403453059817,0.9913760863066179,0.9529576408901177,0.886267157442797,0.8028384843717038,0.7393550830450164,0.984093020059555
0.354,10.076817335499515,0.9964817644978538,0.9999885801367987,0.9999938667828076,0.9999991552936329,0.9999110694971356,0.9997238629978269,0.9994955978849819,0.9993291677931664,0.9989631571074701,0.9965080461610578,0.9965676476721896,0.9914333748186388,0.9531600530155306,0.8866182899551681,0.8032984718570009,0.7398525696012301,0.9841404575383648
0.355,10.090602122760291,0.9965093538713852,0.9999887581575007,0.9999939673430873,0.999999171391617,0.9999122066930729,0.9997269783641145,0.9995008863449929,0.9993359538776657,0.9989730199954528,0.9965354031729099,0.9965946548780236,0.9914901150404056,0.953360999587208,0.8869673075442124,0.8037560365282068,0.7403476458748197,0.9841875713483635
0.356,10.104346915473888,0.9965366464531401,0.9999889328947013,0.99999406596849,0.9999991871371903,0.9999133260786178,0.9997300495731263,0.9995061040323342,0.9993426516486222,0.9989827604519254,0.9965624662651615,0.9966213708623402,0.9915463135857067,0.9535604946764678,0.8873142276796062,0.8042111963054284,0.7408403285348213,0.9842343647087711
0.357,10.118051887445679,0.9965636461863349,0.9999891044175814,0.9999941627013188,0.9999992025389974,0.9999144279791139,0.9997330773654409,0.9995112520771134,0.9993492624828811,0.9989923803106611,0.9965892393371151,0.99664779950207,0.9916019769730955,0.9537585521881814,0.8876590676495834,0.8046639689396776,0.7413306341014054,0.9842808407968371
0.358,10.13171721147541,0.9965903569524468,0.9999892727936929,0.9999942575828469,0.9999992176054493,0.9999155127131635,0.9997360624674064,0.9995163315886462,0.9993557877324905,0.9990018813735537,0.9966157262271199,0.9966739446133329,0.9916571116274772,0.9539551858631043,0.888001844563199,0.8051143720148077,0.7418185789475095,0.9843270027485149
0.359,10.14534305936447,0.996616782572322,0.9999894380890006,0.9999943506533455,0.99999923234473,0.9999165805927827,0.9997390055914471,0.9995213436558865,0.9993622287252057,0.9990112654112447,0.9966419307136644,0.9966998099525304,0.9917117238816637,0.9541504092801671,0.8883425753525588,0.8055624229494229,0.7423041793004459,0.9843728536591223
0.36,10.158929601923075,0.9966429268072599,0.9999896003679234,0.9999944419521101,0.9999992467648031,0.9999176319235533,0.999741907436363,0.9995262893478493,0.9993685867649823,0.9990205341637377,0.9966678565164455,0.9967253992174162,0.9917658199779017,0.9543442358587317,0.8886812767750167,0.8060081389987626,0.74278745124349,0.984418396583992
0.361,10.172477008977438,0.9966687933600771,0.9999897596933742,0.9999945315174863,0.9999992608734188,0.9999186670047707,0.9997447686876225,0.9995311697140202,0.9993748631324573,0.999029689340999,0.9966935072974167,0.996750716048146,0.9918194060693696,0.9545366788608098,0.8890179654153405,0.8064515372565599,0.7432684107174478,0.9844636345391071
0.362,10.185985449376798,0.9966943858761491,0.9999899161267986,0.9999946193868957,0.99999927467812,0.9999196861295875,0.9997475900176471,0.9995359857847591,0.9993810590854204,0.9990387326235454,0.996718886661815,0.996775764028305,0.9918724882216483,0.9547277513932468,0.8893526576878455,0.8068926346568762,0.7437470735222036,0.984508570501726
0.363,10.19945509100048,0.9967197079444315,0.9999900697282124,0.9999947055968597,0.9999992881862476,0.9999206895851541,0.9997503720860912,0.9995407385716921,0.9993871758592742,0.9990476656630186,0.9967439981591676,0.9968005466859151,0.9919250724141638,0.9549174664098697,0.8896853698384987,0.8073314479759094,0.744223455318247,0.9845532074109954
0.364,10.212886100764816,0.9967447630984608,0.9999902205562389,0.9999947901830234,0.9999993014049476,0.999921677652756,0.9997531155401133,0.9995454290680958,0.999393214667484,0.999056490082748,0.9967688452842784,0.9968250674944226,0.9919771645416022,0.955105836713602,0.8900161179469911,0.8077679938337807,0.7446975716281807,0.9845975481685514
0.365,10.226278644630073,0.9967695548173348,0.9999903686681438,0.9999948731801791,0.9999993143411756,0.9999226506079467,0.9997558210146421,0.9995500582492725,0.9993991767020184,0.9990652074783002,0.9967934314781949,0.9968493298736651,0.9920287704152999,0.9552928749585433,0.8903449179287815,0.8082022886962948,0.7451694378382085,0.984641595639111
0.366,10.239632887607245,0.9967940865266742,0.9999905141198702,0.999994954622288,0.9999993270017031,0.9999236087206782,0.9997584891326362,0.9995546270729164,0.9994050631337783,0.9990738194180175,0.9968177601291549,0.9968733371908204,0.9920798957646063,0.9554785936520174,0.8906717855371109,0.8086343488766787,0.7456390691996045,0.984685352651049
0.367,10.252948993764875,0.9968183615995646,0.999990656966072,0.9999950345425028,0.9999993393931226,0.9999245522554276,0.999761120505337,0.9995591364794731,0.9994108751130187,0.9990823274435445,0.9968418345735168,0.9968970927613351,0.9921305462382224,0.9556630051565864,0.8909967363649863,0.8090641905372964,0.7461064808301635,0.9847288219969684
0.368,10.26622712623574,0.9968423833574801,0.9999907972601472,0.9999951129731882,0.9999993515218524,0.9999254814713212,0.9997637157325164,0.9995635873924886,0.999416613769759,0.9990907330703431,0.9968656580966689,0.9969205998498358,0.9921807274055144,0.9558461216920345,0.8913197858471392,0.8094918296913415,0.7465716877156328,0.9847720064342583
0.369,10.27946744722354,0.9968661550711883,0.9999909350542685,0.9999951899459418,0.9999993633941421,0.9999263966222547,0.9997662754027183,0.9995679807189524,0.9994222802141857,0.9990990377881964,0.9968892339339226,0.9969438616710224,0.9922304447578028,0.9560279553373193,0.8916409492619533,0.809917282204507,0.7470347047111252,0.9848149086856397
0.37,10.292670118009479,0.9968896799616376,0.9999910703994159,0.999995265491614,0.9999993750160772,0.9999272979570111,0.999768800093495,0.999572317349632,0.9994278755370453,0.9991072430617024,0.9969125652713865,0.9969668813905426,0.9922797037096277,0.9562085180324922,0.8919602417333665,0.8103405637966338,0.7474955465425157,0.9848575314397063
0.371,10.305835298958828,0.9969129612008277,0.9999912033454055,0.9999953396403274,0.999999386393584,0.9999281857193755,0.999771290371637,0.9995765981594004,0.9994334008100291,0.9991153503307566,0.996935655246825,0.9969896621258499,0.9923285095999916,0.9563878215805895,0.8922776782327453,0.8107616900433362,0.747954227807818,0.9848998773514489
0.372,10.31896314952741,0.9969360019126619,0.9999913339409191,0.9999954124214955,0.9999993975324337,0.9999290601482469,0.9997737467933991,0.9995808240075553,0.9994388570861492,0.9991233610110243,0.9969585069504988,0.9970122069470456,0.9923768676935787,0.9565658776494937,0.8925932735807329,0.8111806763776083,0.7484107629785453,0.9849419490427741
0.373,10.332053828268053,0.9969588051737833,0.9999914622335331,0.9999954838638416,0.9999994084382474,0.9999299214777473,0.9997761699047197,0.9995849957381324,0.9994442454001067,0.9991312764944029,0.9969811234259893,0.9970345188777021,0.9924247831819515,0.9567426977737643,0.8929070424490709,0.8115975380914061,0.748865166401054,0.9849837491030157
0.374,10.345107492836945,0.9969813740143947,0.9999915882697454,0.9999955539954158,0.9999994191164998,0.9999307699373283,0.9997785602414361,0.9995891141802108,0.9994495667686508,0.9991390981494745,0.9970035076710072,0.9970566008956724,0.9924722611847272,0.9569182933564416,0.8932189993623958,0.8120122903372126,0.7493174522978692,0.9850252800894299
0.375,10.3581243,0.9970037114190623,0.9999917120950031,0.9999956228436131,0.9999994295725237,0.9999316057518751,0.9997809183294939,0.9995931801482123,0.9994548221909315,0.9991468273219488,0.9970256626381848,0.997078455933882,0.9925193067507307,0.957092675670822,0.8935291587000088,0.8124249481295793,0.7497676347689946,0.9850665445276883
0.376,10.371104405639098,0.9970258203275038,0.9999918337537284,0.9999956904351898,0.9999994398115142,0.9999324291418074,0.9997832446851528,0.9995971944421931,0.9994600126488437,0.9991544653350966,0.9970475912358536,0.9971000868811067,0.9925659248591283,0.9572658558622045,0.8938375346976235,0.8128355263466508,0.7502157277932056,0.9851075449123589
0.377,10.38404796475833,0.9970477036353614,0.9999919532893436,0.9999957567962795,0.9999994498385318,0.9999332403231784,0.9997855398151866,0.9996011578481303,0.9994651391073633,0.9991620134901741,0.9970692963288061,0.997121496582734,0.9926121204205396,0.9574378449496117,0.8941441414490857,0.8132440397316654,0.7506617452293254,0.9851482837073776
0.378,10.396955131490158,0.9970693641949595,0.999992070744297,0.9999958219524101,0.9999994596585072,0.9999340395077718,0.9997878042170789,0.9996050711382012,0.9994702025148782,0.9991694730668382,0.9970907807390436,0.9971426878415109,0.9926578982781299,0.9576086538274832,0.8944489929080724,0.8136505028944412,0.7511057008174873,0.9851887633465137
0.379,10.409826059101546,0.9970908048160477,0.9999921861600858,0.9999958859285183,0.9999994692762442,0.9999348269031952,0.9997900383792149,0.9996089350710561,0.9994752038035087,0.9991768453235538,0.9971120472465088,0.9971636634182766,0.9927032632086831,0.9577782932673427,0.8947521028897643,0.8140549303128384,0.7515476081803785,0.9852289862338252
0.38,10.422660899999999,0.9971120282665302,0.9999922995772802,0.9999959487489649,0.9999994786964235,0.9999356027129721,0.9997922427810678,0.9996127503920866,0.9994801438894247,0.9991841314979908,0.9971330985898048,0.9971844260326806,0.9927482199236545,0.9579467739194396,0.8950534850724967,0.8144573363342067,0.7519874808244704,0.9852689547441058
0.381,10.435459805739619,0.9971330372731801,0.9999924110355465,0.9999960104375496,0.999999487923606,0.9999363671366316,0.9997944178933821,0.9996165178336864,0.9994850236731532,0.9991913328074148,0.9971539374669002,0.9972049783638886,0.9927927730702055,0.9581141063143663,0.8953531529993874,0.8148577351768101,0.7524253321412326,0.9853086712233269
0.382,10.448222927027027,0.9971538345223406,0.9999925205736687,0.999996071017525,0.9999994969622367,0.9999371203697958,0.9997965641783518,0.9996202381155075,0.9994898440398804,0.9991984504490685,0.9971745665358204,0.9972253230512721,0.9928369272322192,0.9582803008646483,0.8956511200799411,0.8152561409312377,0.7528611754083331,0.9853481379890654
0.383,10.460950413727316,0.997174422660613,0.9999926282295706,0.9999961305116105,0.9999995058166472,0.9999378626042653,0.999798682089795,0.9996239119447096,0.9994946058597476,0.9992054856005455,0.9971949884153264,0.9972454626950878,0.9928806869312978,0.9584453678663121,0.8959473995916323,0.8156525675617918,0.7532950237908211,0.9853873573309327
0.384,10.473642414869888,0.9971948042955303,0.9999927340403364,0.9999961889420059,0.9999995144910592,0.9999385940281021,0.9998007720733247,0.9996275400162059,0.9994993099881399,0.9992124394201555,0.9972152056855792,0.9972653998571419,0.9929240566277429,0.9586093175004282,0.8962420046814659,0.8160470289078626,0.753726890342298,0.9854263315109877
0.385,10.486299078654293,0.9972149819962198,0.9999928380422319,0.9999962463304043,0.9999995229895876,0.9999393148257115,0.9998028345665153,0.9996311230129015,0.9995039572659692,0.9992193130472837,0.9972352208887934,0.9972851370614422,0.9929670407215168,0.9587721598346306,0.8965349483675168,0.8164395386852819,0.7541567880060726,0.9854650627641479
0.386,10.498920552455978,0.9972349582940518,0.9999929402707236,0.9999963026980045,0.9999995313162432,0.9999400251779205,0.9998048699990655,0.9996346616059283,0.9995085485199513,0.9992261076027408,0.9972550365298767,0.9973046767948378,0.9930096435531887,0.9589339048246128,0.8968262435404479,0.8168301104876615,0.7545847296163022,0.9855035532985907
0.387,10.511506982832023,0.9972547356832756,0.9999930407604989,0.9999963580655244,0.9999995394749358,0.999940725262056,0.9998068787929582,0.9996381564548735,0.999513084562877,0.9992328241891071,0.9972746550770585,0.9973240215076474,0.9930518694048626,0.9590945623156022,0.8971159029650078,0.8172187577877139,0.7550107278991194,0.9855418052961492
0.388,10.524058515526802,0.997274316621645,0.9999931395454843,0.9999964124532118,0.999999547469477,0.9999414152520204,0.9998088613626153,0.9996416082080045,0.9995175661938771,0.9992394638910687,0.9972940789625054,0.9973431736142743,0.9930937225010894,0.9592541420438101,0.8974039392815063,0.8176054939385566,0.7554347954737459,0.9855798209126997
0.389,10.53657529547762,0.9972937035310306,0.9999932366588643,0.9999964658808568,0.9999995553035825,0.9999420953183651,0.9998108181150512,0.9996450175024876,0.999521994198682,0.9992460277757473,0.9973133105829266,0.9973621354938101,0.9931352070097623,0.9594126536378622,0.8976903650072725,0.8179903321749986,0.7558569448535919,0.985617602278543
0.39,10.549057466820276,0.9973128987980209,0.999993332133099,0.9999965183678032,0.9999995629808754,0.9999427656283625,0.9998127494500209,0.9996483849646025,0.9995263693498764,0.9992525168930233,0.9973323523001665,0.9973809094906285,0.9931763270429976,0.9595701066202051,0.8979751925380905,0.8183732856148129,0.7562771884473424,0.9856551514987798
0.391,10.561505172894616,0.9973319047745123,0.9999934259999422,0.9999965699329593,0.9999995705048882,0.9999434263460766,0.9998146557601653,0.9996517112099531,0.9995306924071474,0.999258932275851,0.9973512064417863,0.9973994979149652,0.9932170866579985,0.9597265104084937,0.8982584341496168,0.8187543672599904,0.7566955385600305,0.9856924706536792
0.392,10.57391855625,0.997350723778288,0.9999935182904571,0.9999966205948088,0.9999995778790651,0.9999440776324316,0.9998165374311545,0.9996549968436722,0.9995349641175286,0.99926527494057,0.997369875301636,0.9974179030434893,0.9932574898579046,0.9598818743169556,0.8985401019987782,0.8191335899979802,0.7571120073940973,0.9857295617990378
0.393,10.586297758650758,0.9973693580935855,0.9999936090350343,0.9999966703714215,0.9999995851067653,0.999944719645279,0.9998183948418262,0.9996582424606232,0.9995391852156381,0.9992715458872068,0.9973883611404138,0.9974361271198628,0.9932975405926269,0.9600362075577371,0.8988202081251501,0.8195109666029123,0.757526607050439,0.9857664269665394
0.394,10.598642921081577,0.9973878099716542,0.9999936982634068,0.999996719280463,0.9999995921912642,0.9999453525394629,0.9998202283643222,0.9996614486455964,0.9995433564239126,0.9992777460997733,0.9974066661862167,0.9974541723552895,0.9933372427596666,0.9601895192422272,0.8990987644523178,0.8198865097368072,0.7579393495294416,0.9858030681641011
0.395,10.610954183752861,0.9974060816313022,0.9999937860046662,0.9999967673392053,0.9999995991357565,0.9999459764668843,0.9998220383642213,0.9996646159735019,0.999547478452835,0.9992838765465576,0.9974247926350793,0.9974720409290542,0.993376600204922,0.9603418183823629,0.8993757827892173,0.8202602319507675,0.7583502467320022,0.9858394873762183
0.396,10.623231686106033,0.9974241752594324,0.9999938722872781,0.9999968145645359,0.9999996059433581,0.9999465915765632,0.9998238252006697,0.9996677450095581,0.999551552001159,0.999289938180409,0.997442742651504,0.9974897349890511,0.9934156167234788,0.9604931138919148,0.8996512748314592,0.8206321456861577,0.7587593104605397,0.9858756865643019
0.397,10.635475566818807,0.9974420930115699,0.9999939571390964,0.9999968609729676,0.9999996126171079,0.9999471980146998,0.9998255892265079,0.9996708363094762,0.9995555777561279,0.999295931939018,0.9974605183689805,0.9975072566523038,0.9934542960603883,0.9606434145877532,0.8999252521626351,0.8210022632757668,0.7591665524199915,0.9859116676670099
0.398,10.64768596381039,0.9974598370123786,0.9999940405873787,0.9999969065806473,0.9999996191599704,0.999947795924734,0.9998273307883957,0.9996738904196408,0.9995595563936893,0.9993018587451901,0.9974781218904958,0.997524608005473,0.9934926419114318,0.9607927291910956,0.9001977262556053,0.8213705969449575,0.7595719842187995,0.9859474326005735
0.399,10.659863014246701,0.9974774093561681,0.9999941226587995,0.9999969514033652,0.9999996255748373,0.9999483854474037,0.999829050226934,0.9996769078772869,0.999563488578705,0.9993077195071134,0.9974955552890346,0.9975417911053583,0.9935306579238715,0.9609410663287355,0.90046870847377,0.8217371588128015,0.7599756173698831,0.985982983259119
0.4,10.672006854545455,0.9974948121073921,0.9999942033794643,0.9999969954565635,0.99999963186453,0.9999489667208017,0.9998307478767834,0.9996798892106726,0.9995673749651569,0.9993135151186228,0.9975128206080711,0.9975588079793871,0.9935683476971884,0.9610884345342536,0.900738210072324,0.8221019608931993,0.7603774632916018,0.9860183215149797
