Beta,R0,mean_infected_ratio,std_infected_ratio,sd_infected_ratio,ci95_low,ci95_high,mean_R_all,R_age1,R_age1_sd,R_age1_ci95_low,R_age1_ci95_high,R_age2,R_age2_sd,R_age2_ci95_low,R_age2_ci95_high,R_age3,R_age3_sd,R_age3_ci95_low,R_age3_ci95_high,R_age4,R_age4_sd,R_age4_ci95_low,R_age4_ci95_high,R_age5,R_age5_sd,R_age5_ci95_low,R_age5_ci95_high,R_age6,R_age6_sd,R_age6_ci95_low,R_age6_ci95_high,R_age7,R_age7_sd,R_age7_ci95_low,R_age7_ci95_high,R_age8,R_age8_sd,R_age8_ci95_low,R_age8_ci95_high,R_age9,R_age9_sd,R_age9_ci95_low,R_age9_ci95_high,R_age10,R_age10_sd,R_age10_ci95_low,R_age10_ci95_high,R_age11,R_age11_sd,R_age11_ci95_low,R_age11_ci95_high,R_age12,R_age12_sd,R_age12_ci95_low,R_age12_ci95_high,R_age13,R_age13_sd,R_age13_ci95_low,R_age13_ci95_high,R_age14,R_age14_sd,R_age14_ci95_low,R_age14_ci95_high,R_age15,R_age15_sd,R_age15_ci95_low,R_age15_ci95_high,R_age16,R_age16_sd,R_age16_ci95_low,R_age16_ci95_high
0.0,0.0,0.0010000000000000002,2.205473771126446e-19,2.205473771126446e-19,0.0010000000000000002,0.0010000000000000002,0.0010000000000000002,0.0011019283746556475,0.0012991946794005298,0.000637017529423384,0.001566839219887911,0.0011228070175438593,0.001202834660470244,0.0006923781622379609,0.0015532358728497578,0.0008830022075055189,0.0012433594878036337,0.0004380717289808807,0.0013279326860301571,0.0009180790960451978,0.0014383698176363615,0.00040336506721123325,0.0014327931248791623,0.0012109623964308475,0.001701564028038669,0.0006020655289827078,0.001819859263878987,0.0012979351032448377,0.0012238793049265855,0.0008599755186364418,0.0017358946878532336,0.0007612833061446438,0.0011913486840786647,0.0003349646547036433,0.0011876019575856444,0.0007530120481927713,0.0008619751076390648,0.00044455821735768985,0.0010614658790278528,0.0012111637704054765,0.0017932443450404453,0.0005694595228592868,0.0018528680179516663,0.0008431703204047218,0.0011505703865447102,0.0004314439953288441,0.0012548966454805997,0.0006842619745845551,0.0008377514130841143,0.00038447648151959646,0.0009840474676495138,0.0008964955175224124,0.000959554098734598,0.0005531234931737397,0.001239867541871085,0.0012719298245614033,0.0013596735161639057,0.0007853769055397836,0.0017584827435830229,0.0012759170653907493,0.0013507193693457627,0.0007925683466568628,0.0017592657841246358,0.0006693440428380187,0.0012178281824560694,0.00023354982459617058,0.0011051382610798668,0.0010526315789473684,0.0009040064059294923,0.0007291370411849551,0.0013761261167097817
0.004,0.012,0.00106,6.746646676632054e-05,6.746646676632054e-05,0.0010358574349275836,0.0010841425650724163,0.00106,0.0006198347107438017,0.0015489929516693296,6.553470179387812e-05,0.0011741347196937253,0.0007719298245614035,0.0011706387721421797,0.00035302211992902107,0.001190837529193786,0.001030169242089772,0.0015042944535564235,0.0004918643852658352,0.001568474098913709,0.0013418079096045197,0.0017133832157659465,0.0007286816001463631,0.001954934219062676,0.0014021669853409814,0.0016603154319514521,0.0008080307384338687,0.001996303232248094,0.0010619469026548673,0.0015132841512475999,0.0005204251238266655,0.001603468681483069,0.0008156606851549757,0.001113031385352387,0.00041736751913540706,0.0012139538511745443,0.000853413654618474,0.0010224556535005462,0.00048753259797746306,0.001219294711259485,0.0011058451816745654,0.00125493963492857,0.0006567708007208838,0.001554919562628247,0.001461495222034851,0.0015169525973315469,0.0009186607066348187,0.002004329737434883,0.0013685239491691102,0.001150902130153814,0.0009566789111673298,0.0017803689871708907,0.0012224938875305621,0.0011575356393007318,0.0008082750787665949,0.0016367126962945292,0.0008771929824561404,0.000997497425761715,0.0005202431129093634,0.0012341428520029174,0.0008506113769271664,0.0009112383791441242,0.0005245289107863342,0.0011766938430679986,0.0006693440428380187,0.0010977354891376183,0.00027652444298258675,0.0010621636426934506,0.0012280701754385963,0.0010706265846644374,0.0008449513724627841,0.0016111889784144085
0.008,0.024,0.0011600000000000002,0.0001673320053068151,0.0001673320053068151,0.001100121010919244,0.0012198789890807565,0.0011600000000000004,0.0010330578512396695,0.001510502639435323,0.0004925314236303211,0.001573584278849018,0.001263157894736842,0.0015241551764222966,0.0007177459695105334,0.0018085698199631504,0.0009565857247976454,0.0013820360167313304,0.00046203048772073207,0.0014511409618745588,0.00211864406779661,0.002668320042044079,0.001163798003718436,0.0030734901318747844,0.0011472275334608029,0.0014725279119291756,0.0006202901875666708,0.001674164879354935,0.0006489675516224188,0.0009841653394115674,0.0002967885079049291,0.0010011465953399085,0.001141924959216966,0.0017741387699270219,0.000507057553920414,0.001776792364513518,0.001506024096385542,0.0012506849375563248,0.0010584722393329365,0.001953575953438148,0.0011058451816745654,0.00125493963492857,0.0006567708007208838,0.001554919562628247,0.0014052838673412028,0.0012590893475596032,0.000954724530793603,0.0018558432038888026,0.0010263929618768328,0.0010296381962724434,0.0006579416653141649,0.0013948442584395008,0.0011817440912795436,0.0011343001221990816,0.0007758400055254654,0.0015876481770336218,0.0011403508771929824,0.0010211567792912644,0.0007749346167184445,0.0015057671376675203,0.0007974481658692185,0.0011660020374588455,0.0003801996954339322,0.0012146966363045049,0.0012717536813922354,0.001342721155540907,0.0007912670867105192,0.0017522402760739516,0.0010526315789473684,0.0010656584530561177,0.0006712905990352365,0.0014339725588595003
0.012,0.036000000000000004,0.0011933333333333336,0.00016595249285580936,0.00016595249285580936,0.001133947996443257,0.00125271867022341,0.0011933333333333336,0.0006887052341597796,0.0011294881685754833,0.0002845230838953062,0.0010928873844242531,0.0014035087719298245,0.001777225798134644,0.0007675366877764259,0.002039480856083223,0.0011037527593818985,0.0017148329643097832,0.000490107664070031,0.001717397854693766,0.001765536723163842,0.001766753915120326,0.0011333119542208214,0.0023977614921068626,0.0009560229445506691,0.0019284586012012482,0.000265932896850051,0.0016461129922512871,0.0015339233038348082,0.0015227719191223939,0.0009890063708761468,0.0020788402367934696,0.0010875475802066342,0.001078131406608918,0.0007017432111883747,0.0014733519492248935,0.0010542168674698797,0.0013785929666989365,0.0005608937100236156,0.0015475400249161438,0.001369141653501843,0.001076532997568815,0.000983909267812675,0.001754374039191011,0.001011804384485666,0.0013721352518464966,0.0005207920906212186,0.0015028166783501134,0.0012218963831867055,0.0012819374106262716,0.000763160972274988,0.001680631794098423,0.0011409942950285248,0.0010118361696756324,0.0007789133718696254,0.0015030752181874243,0.0008771929824561404,0.0008695980950674563,0.0005660113006032548,0.001188374664309026,0.0011695906432748538,0.0013849202087888508,0.0006740033113252208,0.001665177975224487,0.0008701472556894243,0.0012571532441351253,0.0004202807448544009,0.0013200137665244477,0.0015789473684210524,0.0012490643487751772,0.001131975431615938,0.0020259193052261665
0.016,0.048,0.0012833333333333334,0.00022141135586447938,0.00022141135586447938,0.001204102297191411,0.0013625643694752556,0.0012833333333333334,0.001721763085399449,0.0017229500990429626,0.001105213310727743,0.0023383128600711553,0.0018245614035087717,0.002048850971038435,0.00109138949955675,0.0025577333074607933,0.0008830022075055189,0.0018874294601653292,0.00020759424936438414,0.0015584101656466536,0.0012711864406779662,0.0014293742958966218,0.000759691417957279,0.0017826814633986536,0.0014659018483110262,0.0022277355412385204,0.0006687169230240453,0.002263086773598007,0.0019469026548672567,0.0019360532164626237,0.0012540949089984094,0.002639710400736104,0.0014681892332789562,0.0015055285760613186,0.0009294427513883776,0.0020069357151695348,0.0012048192771084338,0.0013353660946925775,0.0007269646571491737,0.001682673897067694,0.0014218009478672987,0.0018249575780544048,0.0007687482656335757,0.002074853630101022,0.0011242270938729624,0.0014235788433624883,0.0006148059472070868,0.001633648240538838,0.0013685239491691102,0.0016755028261682286,0.0007689529630391929,0.0019680949352990276,0.0013039934800325999,0.0013210946201246436,0.0008312458416591559,0.0017767411184060437,0.0012280701754385965,0.001421914999028893,0.0007192444278208633,0.0017368959230563297,0.0009569377990430622,0.0015446066925406774,0.00040420739276411817,0.0015096682053220064,0.0011378848728246316,0.0016409641649736478,0.0005506733878716838,0.0017250963577775794,0.0007894736842105262,0.0007760846224806215,0.0005117553687570549,0.0010671919996639975
0.02,0.060000000000000005,0.0014366666666666664,0.0003643447905992092,0.0003643447905992092,0.0013062875577931534,0.0015670457755401794,0.0014366666666666666,0.0013774104683195593,0.0018266252990433564,0.0007237609997943908,0.0020310599368447277,0.0017543859649122803,0.001666268618688248,0.0011581193974908423,0.0023506525323337183,0.0016188373804267842,0.001526471980758324,0.0010725963974163126,0.002165078363437256,0.003319209039548022,0.0038419994995832103,0.0019443671755424363,0.004694050903553608,0.0012109623964308475,0.0013736049756866882,0.0007194241686446903,0.0017025006242170045,0.0014749262536873156,0.001681228541560694,0.0008733063466182372,0.002076546160756394,0.0012506797172376293,0.001584716127544172,0.0006835963339761538,0.0018177631004991047,0.0014558232931726907,0.0013973757529500733,0.0009557788019876967,0.0019558677843576847,0.0007898894154818326,0.0010778645169368293,0.0004041805517061684,0.0011755982792574968,0.0016301292861157952,0.0015646838110604533,0.0010702143752442336,0.002190044196987357,0.0021016617790811337,0.001951449506246238,0.0014033445416709233,0.002799979016491344,0.0011817440912795438,0.0011343001221990816,0.0007758400055254656,0.001587648177033622,0.0010087719298245616,0.0010182294246416672,0.0006444032097579532,0.00137314064989117,0.0012759170653907496,0.0013507193693457625,0.0007925683466568632,0.001759265784124636,0.001405622489959839,0.0016800402139238464,0.0008044278204743339,0.0020068171594453442,0.0010818713450292396,0.0009122845796992051,0.0007554145008278619,0.0014083281892306174
0.024,0.07200000000000001,0.00139,0.0002746157189664282,0.0002746157189664282,0.001291730027036704,0.0014882699729632958,0.0013900000000000002,0.002410468319559229,0.0027174606373504434,0.001438037519289216,0.003382899119829242,0.0014035087719298242,0.0019416127889575327,0.0007087115585941529,0.0020983059852654955,0.0012509197939661516,0.001606913999546592,0.0006758930042247754,0.0018259465837075278,0.0014124293785310737,0.0016997787226393096,0.0008041713744152539,0.0020206873826468935,0.0013384321223709368,0.0019544322776129824,0.0006390475139352482,0.0020378167308066253,0.000943952802359882,0.0012925606076818078,0.0004814159292035398,0.001406489675516224,0.0014681892332789562,0.0016228615654698593,0.0008874556803631768,0.0020489227861947355,0.0018072289156626504,0.0016016582074118184,0.0012340828869823262,0.0023803749443429747,0.0012111637704054763,0.001149971630007277,0.0007996517076047755,0.001622675833206177,0.0013490725126475548,0.0020002136616845906,0.0006333052463222456,0.0020648397789728642,0.0012707722385141738,0.001478026196462554,0.0007418673567685864,0.0017996771202597613,0.0013039934800326,0.001359543806277593,0.0008174869770976815,0.0017904999829675187,0.001403508771929824,0.001618283946995732,0.0008244132987473602,0.001982604245112288,0.0015948963317384368,0.0014509053465624946,0.0010756965214885792,0.0021140961419882946,0.0013386880856760372,0.001695145088582241,0.0007320882062124541,0.0019452879651396203,0.001111111111111111,0.0008598816102694052,0.0008034064286885438,0.001418815793533678
0.028,0.084,0.001626666666666667,0.0005545630981998869,0.0005545630981998869,0.0014282188106165671,0.001825114522716767,0.001626666666666667,0.0029614325068870527,0.0030055358064198234,0.0018859153312908493,0.004036949682483256,0.0016140350877192982,0.002514390081275453,0.0007142721526765133,0.0025137980227620833,0.0019131714495952907,0.002441254099879783,0.0010395798893792876,0.0027867630098112935,0.002259887005649717,0.0029927692674855,0.0011889382773391704,0.003330835733960264,0.0020395156150414275,0.0022973835366098577,0.001217407474696514,0.002861623755386341,0.0018289085545722713,0.0018289413668753423,0.0011744302918175263,0.0024833868173270166,0.001794453507340946,0.001678455046866109,0.0011938260826019997,0.0023950809320798924,0.0013554216867469877,0.0013324344422107055,0.0008786161451551846,0.0018322272283387909,0.002211690363349131,0.001789240668813087,0.001571418812940953,0.0028519619137573086,0.0015739179314221469,0.001822353118485596,0.0009217972430756424,0.0022260386197686514,0.0013685239491691105,0.0013847993775686933,0.0008729798561162991,0.0018640680422219217,0.0012632436837815809,0.0013034225065890212,0.0007968199300200087,0.001729667437543153,0.0014035087719298245,0.001503543325587805,0.0008654727027974514,0.0019415448410621977,0.0015948963317384368,0.00156715688816752,0.0010340964415897884,0.0021556962218870854,0.0012717536813922354,0.0014425610487633293,0.0007555398397613917,0.0017879675230230792,0.0009064327485380116,0.0008139100876832006,0.0006151787641986818,0.0011976867328773414
0.032,0.096,0.0019933333333333335,0.0008854896690662114,0.0008854896690662114,0.0016764649247589059,0.0023102017419077614,0.0019933333333333335,0.0023415977961432502,0.0031977453005275504,0.001197299336429934,0.0034858962558565664,0.0016140350877192982,0.0019689699698227678,0.00090944823293813,0.0023186219425004664,0.003605592347314202,0.0034042576102945293,0.002387394406632465,0.004823790287995939,0.0036723163841807906,0.004378609628324442,0.0021054510517382868,0.005239181716623294,0.0021669853409815166,0.0022863824349114957,0.0013488138943209024,0.002985156787642131,0.00247787610619469,0.0022579979980823467,0.0016698618998052341,0.003285890312584146,0.00190320826536161,0.0019198770742923066,0.0012161890776266901,0.00259022745309653,0.0018574297188755017,0.0018416663060719309,0.0011983978951100658,0.0025164615426409376,0.0024223275408109526,0.0018890647921938584,0.0017463343866190076,0.0030983206950028976,0.0024732996065205174,0.002016489061481808,0.0017517082631756586,0.003194890949865376,0.0018084066471163245,0.001833939740895852,0.0011521397391896838,0.0024646735550429653,0.002037489812550937,0.0016158791008588425,0.0014592549025064555,0.0026157247225954187,0.0012719298245614035,0.0011709447192950315,0.0008529126381464339,0.0016909470109763732,0.001488569909622541,0.0017235333321562341,0.0008718114276616523,0.00210532839158343,0.0017402945113788486,0.0019542253237816395,0.0010409839604205951,0.002439605062337102,0.0009356725146198831,0.0007957781923857335,0.0006509069456828531,0.001220438083556913
0.036000000000000004,0.10800000000000001,0.0024300000000000003,0.0012879146469898673,0.0012879146469898673,0.0019691256625255335,0.002890874337474467,0.0024300000000000003,0.003099173553719008,0.0028062898819081116,0.0020949556165222147,0.004103391490915801,0.002596491228070175,0.0027467826361386206,0.0016135676852907783,0.0035794147708495716,0.002869757174392936,0.006139279925281811,0.0006728440678081564,0.005066670280977716,0.005861581920903956,0.0067385178875882705,0.00345023426346364,0.008272929578344272,0.002868068833652008,0.003205369620869451,0.0017210420459439146,0.004015095621360102,0.0025958702064896753,0.003244745284928984,0.0014347530183591091,0.0037569873946202417,0.0020119630233822734,0.0019948881357777525,0.0012981014720278698,0.002725824574736677,0.0021586345381526106,0.0021907821239566185,0.0013746732234107997,0.0029425958528944214,0.0026329647182727752,0.0032490812582077746,0.0014702959220315006,0.00379563351451405,0.00326025857223159,0.002833347624604824,0.002246358146161759,0.004274158998301421,0.002639296187683284,0.002417017167663943,0.001774377702273516,0.003504214673093052,0.0016299918500407495,0.0012974783141937224,0.0011656951982097338,0.002094288501871765,0.0017982456140350875,0.0018114948731076544,0.0011500104988951538,0.002446480729175021,0.0016480595427963846,0.0014193269324788258,0.0011401599228994517,0.0021559591626933174,0.001874163319946452,0.0018964521596422665,0.0011955266302636862,0.0025528000096292176,0.0015789473684210524,0.0008111888828487227,0.0012886671547257273,0.0018692275821163775
0.04,0.12000000000000001,0.002416666666666667,0.0012227959294409969,0.0012227959294409969,0.0019790947629968513,0.0028542385703364823,0.0024166666666666664,0.0029614325068870527,0.0037467433136431304,0.001620677631245242,0.0043021873825288635,0.0024561403508771926,0.0029815663595678214,0.0013892005316790742,0.003523080170075311,0.0033112582781456945,0.004806778922248265,0.001591174531637274,0.005031342024654115,0.004378531073446327,0.0060164895295073744,0.0022255579456738365,0.006531504201218817,0.003632887189292542,0.004300454619166092,0.002093989267695432,0.005171785110889652,0.002300884955752212,0.0020340046442566036,0.0015730257416088655,0.003028744169895559,0.002827623708537249,0.0028395701498549484,0.0018114965804039138,0.003843750836670584,0.0027610441767068274,0.0028542848026314135,0.0017396514777024954,0.003782436875711159,0.00268562401263823,0.002528667331979141,0.0017807520290459952,0.003590495996230465,0.0023608768971332206,0.0027868198705889437,0.0013636262140074285,0.0033581275802590125,0.0023460410557184746,0.001870628840053557,0.0016766451222726643,0.003015436989164285,0.0024449877750611247,0.001952826038597162,0.001746177951875353,0.0031437975982468963,0.0015350877192982458,0.0014281989653135022,0.0010240132832251868,0.002046162155371305,0.0016480595427963843,0.001593979461106906,0.0010776613181915726,0.002218457767401196,0.002409638554216867,0.00255090676078251,0.0014968082932344969,0.0033224688151992365,0.0009941520467836257,0.0007547071353545199,0.0007240835668523593,0.0012642205267148921
0.044,0.132,0.0027166666666666663,0.0024970442296958764,0.0024970442296958764,0.001823110864894205,0.0036102224684391275,0.0027166666666666663,0.002134986225895317,0.003409396746703986,0.0009149492688677102,0.0033550231829229237,0.002245614035087719,0.002869243736678147,0.0012188683502824837,0.0032723597198929546,0.005150846210448859,0.00850694115174936,0.002106676415183218,0.0081950160057145,0.00501412429378531,0.009882395045310877,0.0014777546439691943,0.008550493943601425,0.0031230082855321856,0.004983054990032836,0.0013398449582901378,0.004906171612774233,0.002654867256637168,0.0028177095425056587,0.0016465628463775996,0.0036631716668967364,0.0019575856443719416,0.00232289291615612,0.0011263490897914681,0.002788822198952415,0.0028614457831325304,0.0033872556714214857,0.0016493319081396253,0.004073559658125435,0.0031595576619273297,0.00315955766192733,0.0020289244731857546,0.004290190850668904,0.0033164699269252387,0.00355619072711619,0.0020439034186375115,0.004589036435212966,0.0031280547409579668,0.004334879735269141,0.0015768379497730649,0.0046792715321428684,0.0026079869600651997,0.00209867930724346,0.0018569842150014484,0.003358989705128951,0.0018421052631578947,0.0017483258916576832,0.0012164748777201472,0.002467735648595642,0.002073365231259968,0.001459945342724233,0.0015509304999293148,0.002595799962590621,0.003279785809906292,0.005016155045728663,0.0014847777798535136,0.00507479383995907,0.0013742690058479534,0.0009957225179040368,0.0010179542789209902,0.0017305837327749166
0.048,0.14400000000000002,0.003843333333333333,0.004394642767901763,0.004394642767901763,0.002270730615577599,0.005415936051089067,0.003843333333333333,0.004820936639118458,0.0077939090651575615,0.0020319220991130036,0.007609951179123913,0.0032280701754385964,0.003656189351202566,0.0019197196190915652,0.004536420731785628,0.005960264900662254,0.008698688369424144,0.0028474792447765163,0.009073050556547991,0.009110169491525424,0.01697789424532321,0.0030347080622196527,0.015185630920831195,0.006309751434034417,0.01263477800262617,0.0017884541922435822,0.010831048675825251,0.0038348082595870206,0.005990051791006648,0.0016912957550354268,0.005978320764138614,0.0037520391517128883,0.0034044126988109933,0.002533785713318285,0.004970292590107492,0.004116465863453815,0.004385132781895218,0.002547266250484879,0.005685665476422751,0.004476040021063718,0.0062380171256699556,0.0022437942610928426,0.006708285781034594,0.005340078695896571,0.008226655246258414,0.00239620792378319,0.008283949468009952,0.004203323558162267,0.005772518998742003,0.0021376541635933556,0.00626899295273118,0.0027709861450692748,0.002797556895111539,0.0017698932670628948,0.0037720790230756545,0.0021929824561403508,0.0018392943725690685,0.0015347994178780693,0.0028511654944026322,0.001967038809144072,0.0017612886027980471,0.0013367697770982974,0.0025973078411898466,0.0024765729585006693,0.00267246699449786,0.0015202429265453211,0.0034329029904560174,0.0015789473684210526,0.0010902727478348515,0.0011887982762438232,0.0019690964605982818
0.052000000000000005,0.15600000000000003,0.005446666666666667,0.006833574988718332,0.006833574988718332,0.003001303262446895,0.00789203007088644,0.005446666666666667,0.005509641873278236,0.007698896463694841,0.00275462715605079,0.008264656590505683,0.007017543859649123,0.008427100066923224,0.004001944829657789,0.010033142889640457,0.008241353936718177,0.012962054529692018,0.0036029422938022772,0.012879765579634076,0.016172316384180794,0.025114297393656483,0.007185280481226875,0.025159352287134715,0.008094327597195665,0.012449159433228222,0.0036394531074048784,0.012549202086986452,0.004129793510324484,0.007796113389286947,0.0013399901630598804,0.006919596857589087,0.003969548667754215,0.0050450753873235,0.002164191626372768,0.005774905709135661,0.006224899598393575,0.008876633001033933,0.00304843727387768,0.00940136192290947,0.007214323328067403,0.008943156626999509,0.004014055829726566,0.01041459082640824,0.00831928049465992,0.013410043480203188,0.0035205580646547737,0.013118002924665067,0.0052297165200391,0.007200606711390023,0.002653012500652181,0.007806420539426019,0.004319478402607988,0.004292056918583252,0.0027835855595706024,0.005855371245645373,0.0025877192982456136,0.003119153875110268,0.0014715444189302839,0.0037038941775609435,0.003615098351940457,0.0036256508909469566,0.002317675843248361,0.004912520860632553,0.0030120481927710845,0.004649827642456406,0.0013481287404252505,0.004675967645116919,0.001432748538011696,0.0010922989022453858,0.0010418743957903828,0.001823622680233009
0.056,0.168,0.006943333333333333,0.008410735477017916,0.008410735477017916,0.003933590296631831,0.009953076370034834,0.0069433333333333335,0.006473829201101929,0.00787657215178832,0.0036552340554456366,0.009292424346758222,0.005964912280701755,0.008145835397133337,0.0030499625201688874,0.008879862041234624,0.011479028697571746,0.016111609580145042,0.005713563254460718,0.017244494140682774,0.019420903954802258,0.02680521943335454,0.009828779371019827,0.029013028538584687,0.011472275334608031,0.017837910783653644,0.00508906093949315,0.017855489729722913,0.00808259587020649,0.009198883042132858,0.004790817849468254,0.011374373890944726,0.006634040239260468,0.008768554043431766,0.0034962534730172026,0.009771827005503733,0.008032128514056224,0.010000266955423498,0.004453578942917704,0.011610678085194745,0.008741442864665614,0.013071595228532644,0.004063832586092719,0.013419053143238508,0.009612141652613827,0.0134699933742802,0.004791966428528744,0.01443231687669891,0.006549364613880743,0.008211264078012316,0.003611001500590062,0.009487727727171425,0.004930725346373268,0.006691897127306808,0.002536060713741695,0.0073253899790048415,0.0037719298245614042,0.005706522274741776,0.0017298770543706524,0.005813982594752156,0.004093567251461988,0.0046202343760467866,0.0024402376134971884,0.005746896889426787,0.004953145917001338,0.0049953227858052455,0.003165592615422019,0.006740699218580656,0.0013157894736842105,0.0011460372904097177,0.000905685296227203,0.001725893651141218
0.06,0.18,0.013013333333333333,0.01643830122386242,0.01643830122386242,0.007130962786915504,0.01889570387975116,0.013013333333333333,0.015771349862258952,0.018194794241765597,0.009260426361810604,0.0222822733627073,0.016140350877192986,0.019790348927112428,0.009058465465384928,0.023222236289001046,0.024135393671817516,0.03177863343902596,0.012763555742739088,0.035507231600895944,0.038206214689265536,0.06273694383496256,0.01575608766206768,0.06065634171646339,0.019949012109623965,0.03357385918293674,0.00793476089851964,0.03196326332072829,0.01079646017699115,0.013353239205346005,0.0060180648956846446,0.015574855458297655,0.011473626971179988,0.014314680085748007,0.006351184489376331,0.016596069452983645,0.0142570281124498,0.017588620812209986,0.007963020987938333,0.020551035236961265,0.017482885729331227,0.023857504188796466,0.008945587498812389,0.026020183959850066,0.01731309724564362,0.02555902459159423,0.008166917758768608,0.026459276732518633,0.01378299120234604,0.015879349649224023,0.008100638908103435,0.019465343496588648,0.009290953545232275,0.010650682770205719,0.005479655663931063,0.013102251426533488,0.005833333333333334,0.005546839141305199,0.0038484224385769775,0.00781824422808969,0.006645401382243486,0.007133617953932265,0.004092668981848353,0.00919813378263862,0.0067603748326639885,0.007466649985683964,0.004088468450242896,0.00943228121508508,0.0022222222222222227,0.0019236734910419752,0.0015338445042008667,0.0029105999402435786
0.064,0.192,0.01968333333333333,0.030017099532896517,0.030017099532896517,0.008941852216970463,0.0304248144496962,0.01968333333333333,0.02803030303030303,0.04247357275150203,0.012831330219664538,0.04322927584094152,0.02007017543859649,0.02937881196182622,0.00955710259612254,0.030583248281070445,0.03325974981604121,0.05334972117016603,0.014168797277987463,0.05235070235409496,0.059745762711864416,0.10001659116049248,0.023955285217660376,0.09553624020606846,0.03263224984066285,0.04935416999320941,0.014971086928675596,0.0502934127526501,0.01887905604719764,0.02816303531623243,0.008801043289927748,0.02895706880446753,0.016150081566068515,0.023536415559903205,0.007727683425751796,0.024572479706385236,0.022289156626506025,0.036017554808156015,0.00940044016656363,0.035177873086448416,0.025697735650342286,0.04385069253643516,0.01000596685358203,0.04138950444710254,0.02726250702641934,0.045437594971901626,0.011002872486155366,0.04352214156668331,0.01911045943304008,0.030330839810482086,0.008256707800219264,0.029964211065860894,0.013080684596577016,0.019842797631912868,0.005980030656797953,0.020181338536356078,0.009824561403508772,0.0136335676981144,0.004945851859388493,0.014703270947629053,0.00956937799043062,0.011927759811040328,0.005301083959210528,0.013837672021650711,0.011311914323962518,0.01754119168588011,0.005034879494335159,0.017588949153589876,0.0024269005847953216,0.002808938896779911,0.0014217347098009004,0.003432066459789743
0.068,0.20400000000000001,0.03116,0.039205933752167035,0.039205933752167035,0.017130336787978172,0.04518966321202183,0.031159999999999997,0.04269972451790634,0.052707482603551695,0.023838594099339097,0.06156085493647358,0.035508771929824566,0.046229033855126146,0.018965924622464467,0.05205161923718467,0.05459896983075791,0.0731341484093416,0.02842825092970963,0.08076968873180619,0.09117231638418079,0.11782126203358317,0.04901051924409406,0.13333411352426752,0.04741873804971319,0.06316920031394006,0.02481393002806169,0.07002354607136468,0.028967551622418874,0.04033203535487777,0.014534918127163421,0.04340018511767433,0.027188689505165852,0.033281750076919886,0.015278968195185351,0.03909841081514635,0.03488955823293173,0.04348371515289101,0.019329110606331558,0.0504500058595319,0.04196945760926805,0.05352900761726538,0.02281434824007787,0.06112456697845822,0.04086565486228219,0.051985344241171134,0.02226293833791586,0.059468371386648525,0.03201368523949169,0.04127019396983899,0.017245335995427286,0.0467820344835561,0.02204563977180114,0.02899262561428157,0.011670761938975002,0.032420517604627275,0.01644736842105263,0.02141741029513418,0.008783246576286898,0.024111490265818363,0.014832535885167464,0.017671635999735022,0.008508822157318314,0.021156249613016615,0.01639892904953146,0.019752787382484503,0.009330484863844536,0.02346737323521838,0.004093567251461989,0.004305575027576343,0.002552837015247455,0.005634297487676522
0.07200000000000001,0.21600000000000003,0.042063333333333335,0.05451480332541974,0.05451480332541974,0.022555461500463846,0.06157120516620282,0.042063333333333335,0.057162534435261696,0.07375879057149885,0.03076829020719296,0.08355677866333043,0.045122807017543856,0.05900355977049582,0.02400865432006599,0.06623695971502172,0.07924944812362031,0.10871453653364767,0.04034645085133075,0.11815244539590987,0.11793785310734463,0.15816588783438806,0.06133891703879014,0.17453678917589913,0.06105799872530274,0.08137404891274096,0.03193866929774526,0.09017732815286021,0.038289085545722704,0.048563382591400174,0.020910902271201175,0.05566726882024423,0.03539967373572594,0.04692590617598737,0.01860745387100588,0.052191893600445995,0.05200803212851405,0.06748802231981504,0.027857753500343828,0.07615831075668428,0.0569246972090574,0.07664494344953654,0.02949765643765833,0.08435173798045648,0.056211354693648116,0.07643746507196601,0.028858559106141154,0.08356415028115508,0.045601173020527845,0.05911981476383292,0.024445419007964726,0.06675692703309097,0.028810105949470255,0.036591371969942686,0.01571605165531035,0.04190416024363016,0.01951754385964912,0.024761454656485615,0.010656771108610097,0.028378316610688147,0.01988304093567251,0.024696428324599683,0.011045537558653238,0.028720544312691783,0.025033467202141897,0.03157734778563683,0.013733658419067553,0.03633327598521624,0.0055847953216374285,0.00561669691383176,0.003574886144032229,0.007594704499242628
0.076,0.228,0.13773,0.06196435655083187,0.06196435655083187,0.11555633978180002,0.15990366021819996,0.13773,0.17417355371900825,0.08075852556872735,0.14527448649130645,0.20307262094671005,0.1557894736842105,0.07287185066638155,0.12971261682502214,0.18186633054339887,0.24775570272259015,0.11337876417225637,0.20718363302551063,0.28832777241966967,0.36857344632768363,0.16579890770263966,0.3092430691788278,0.42790382347653944,0.207138304652645,0.09736533945515266,0.17229656539667154,0.24198004390861844,0.13587020648967554,0.0674678009990792,0.11172716396819823,0.16001324901115285,0.12653616095704184,0.05820440902987546,0.10570798067938733,0.14736434123469636,0.17023092369477913,0.07805264407134638,0.14230014372532426,0.198161703664234,0.1953659820958399,0.08547367536481712,0.16477962018331974,0.2259523440083601,0.1807757166947724,0.08606594633515521,0.14997741333745393,0.2115740200520909,0.14056695992179863,0.06594220563228256,0.11696984469105431,0.16416407515254294,0.09706601466992665,0.04689156949845026,0.08028608202746,0.1138459473123933,0.06978070175438597,0.03303234978127454,0.05796022719401743,0.08160117631475451,0.06507177033492824,0.031153385154050982,0.05392367463113499,0.07621986603872148,0.08219544846050869,0.03966574075170563,0.06800124542686611,0.09638965149415127,0.014210526315789474,0.007120389744759583,0.011662527569253067,0.01675852506232588
0.08,0.24000000000000002,0.1353,0.09050844121425627,0.09050844121425627,0.10291197026685009,0.16768802973314992,0.13529999999999998,0.17837465564738292,0.12249329931935611,0.1345409914361598,0.22220831985860603,0.15768421052631573,0.1061283499787586,0.11970666822719199,0.19566175282543946,0.23583517292126563,0.15744272874849685,0.17949501600812934,0.2921753298344019,0.34830508474576266,0.2351754807815637,0.26414861975892173,0.4324615497326036,0.2,0.13532937113942092,0.15157300647951438,0.24842699352048564,0.13828908554572272,0.092517379923475,0.10518216632808566,0.17139600476335978,0.12903752039151714,0.08792906198985123,0.09757250965960423,0.16050253112343005,0.16370481927710845,0.11151674578567444,0.12379906430227151,0.2036105742519454,0.18262243285939966,0.12379522372254048,0.13832288098383339,0.22692198473496594,0.1765036537380551,0.118974997587946,0.13392899763213514,0.21907830984397506,0.1395405669599218,0.09496315384688185,0.10555843878399163,0.173522695135852,0.09857375713121436,0.06717427241115406,0.07453575246593816,0.12261176179649055,0.07302631578947369,0.05159685001725515,0.0545626201377082,0.09149001144123918,0.06613503455608719,0.04622777621037315,0.04959263729112211,0.08267743182105226,0.08025435073627844,0.05426296678715187,0.06083659745124699,0.0996721040213099,0.014912280701754384,0.010046537365921784,0.011317173476866907,0.01850738792664186
0.084,0.25200000000000006,0.16036000000000003,0.11498586899687073,0.11498586899687073,0.11921283522730561,0.20150716477269445,0.16036000000000003,0.20833333333333337,0.15467208544124966,0.15298463839447468,0.26368202827219206,0.18203508771929827,0.13383401393714708,0.13414320090133858,0.22992697453725797,0.2726269315673289,0.1973105702423678,0.20202025079877334,0.3432336123358845,0.39625706214689266,0.28562703867128486,0.29404673903263273,0.4984673852611526,0.23556405353728488,0.16996148801579827,0.17474411615359906,0.2963839909209707,0.1591740412979351,0.11753684159649908,0.11711402270412993,0.20123405989174029,0.15106035889070143,0.1089723685889831,0.11206509760234518,0.1900556201790577,0.19412650602409637,0.13824190678171996,0.14465727500933842,0.24359573703885432,0.22369668246445498,0.16179173661659718,0.1658002530727297,0.2815931118561803,0.2124789207419899,0.15282660065729733,0.1577906240516573,0.26716721743232247,0.16695992179863148,0.12040881137714465,0.12387218201771556,0.2100476615795474,0.12273838630806845,0.08814803876729828,0.09119501574271155,0.15428175687342535,0.08701754385964912,0.06268323348942914,0.06458663683276036,0.10944845088653787,0.0835725677830941,0.06156183007617581,0.061542949813933406,0.1056021857522548,0.09805890227576973,0.07206971596736915,0.07226908563220175,0.12384871891933771,0.01921052631578947,0.013405316405571173,0.014413495447716872,0.024007557183862067
0.088,0.264,0.21533666666666665,0.10958439822042797,0.10958439822042797,0.17612239338744118,0.2545509399458921,0.21533666666666665,0.2872589531680441,0.1487964271511597,0.23401283554515942,0.34050507079092884,0.25157894736842107,0.12857121327195956,0.20557032958191263,0.2975875651549295,0.3554819720382635,0.18215044293571975,0.29030027315403534,0.42066367092249163,0.5060028248587571,0.258894062341382,0.41335877446572167,0.5986468752517926,0.3123645634161886,0.16102221884855766,0.2547435024212348,0.36998562441114247,0.21528023598820056,0.11237098149246673,0.17506879669155312,0.255491675284848,0.21555193039695492,0.11109578413878175,0.17579681461281843,0.2553070461810914,0.26034136546184733,0.13352942485020944,0.21255847444882894,0.30812425647486574,0.2866245392311743,0.14750471274067292,0.23384065567366863,0.33940842278868,0.27684092186621706,0.14083761600695602,0.22644282823447354,0.3272390154979606,0.2282991202346041,0.11817487365008791,0.18601078480266645,0.27058745566654174,0.16625916870415652,0.0859141491342199,0.13551518527756873,0.19700315213074432,0.12530701754385964,0.06566838523838726,0.10180788768265706,0.14880614740506223,0.11658692185007974,0.06059498794581533,0.09490328389389097,0.1382705598062685,0.14016064257028113,0.07501589303560884,0.113316550002776,0.16700473513778627,0.025906432748538006,0.0133326434480462,0.02113540756432801,0.030677457932748002
0.092,0.276,0.2283833333333333,0.1391748170921869,0.1391748170921869,0.1785802646514097,0.2781864020152569,0.22838333333333333,0.3004132231404959,0.18684563330048937,0.23355137196221848,0.3672750743187733,0.2657543859649123,0.16389441707131314,0.20710552203588856,0.32440324989393604,0.3772626931567329,0.23241783109354305,0.29409304043724493,0.46043234587622084,0.5092514124293784,0.30967834700174984,0.39843443916318155,0.6200683856955753,0.34181007010834924,0.21024692312013965,0.2665741749148987,0.41704596530179977,0.23646017699115046,0.14534887187374435,0.18444775118014087,0.28847260280216,0.2253942359978249,0.13951445973215248,0.17546962775810682,0.275318844237543,0.27374497991967867,0.16884046700641903,0.213326194752252,0.3341637650871053,0.3152185360716166,0.19412502462839412,0.2457517881610079,0.3846852839822253,0.2890387858347386,0.17688463531064683,0.2257414320087374,0.35233613966073973,0.2438905180840665,0.14850268974640707,0.19074951304152496,0.2970315231266081,0.1790953545232274,0.1097546786858653,0.13982014716201385,0.21837056188444093,0.13364035087719298,0.0821809671040486,0.10423226948328106,0.16304843227110488,0.12706007442849548,0.07819125017668972,0.09907969490124434,0.15504045395574662,0.14484605087014726,0.08920030303468032,0.11292613237266519,0.17676596936762934,0.02763157894736842,0.01664954385177527,0.021673616197373093,0.03358954169736375
0.096,0.28800000000000003,0.3235866666666667,0.06356226777780566,0.06356226777780566,0.3008412012595159,0.34633213207381747,0.3235866666666667,0.43133608815426994,0.08773454652309132,0.39994068388819004,0.46273149242034983,0.38182456140350873,0.0772385830223118,0.354185089439219,0.40946403336779846,0.5278145695364239,0.1084948287760651,0.4889901936754604,0.5666389453973875,0.7016242937853107,0.1392704848801003,0.6517869908251488,0.7514615967454725,0.46647546207775653,0.09518400393557495,0.4324143037125623,0.5005366204429508,0.3269026548672566,0.06791058974245257,0.3026011624289154,0.35120414730559785,0.32947253942359983,0.06575227028426643,0.30594339168424517,0.3530016871629545,0.3946787148594378,0.07824224727262848,0.36668008625577553,0.42267734346310004,0.4370721432332806,0.08930156329632248,0.4051159892165381,0.4690282972500231,0.41382799325463737,0.0849918913499446,0.38341403553767406,0.4442419509716007,0.3434506353861193,0.06957040798214845,0.31855518461883464,0.368346086153404,0.25215973920130397,0.051997938137247096,0.23355251600910543,0.2707669623935025,0.1957894736842105,0.04295645966194511,0.1804177020119039,0.21116124535651712,0.1906432748538012,0.04441037219445304,0.17475122726357448,0.20653532244402792,0.2131191432396252,0.045085555291806814,0.19698548448099212,0.22925280199825826,0.04011695906432748,0.010480676755255727,0.03636649705416872,0.04386742107448624
0.1,0.30000000000000004,0.35425999999999996,0.02120482378432176,0.02120482378432176,0.34667195126113115,0.3618480487388688,0.35425999999999996,0.4729338842975207,0.0459356581934826,0.45649602012239465,0.48937174847264675,0.4181052631578947,0.04165494215276634,0.4031992335447813,0.4330112927710081,0.5673289183222958,0.04549966016598769,0.551047074037565,0.5836107626070266,0.7498587570621467,0.04126598263597063,0.7350919148245527,0.7646255992997406,0.508540471637986,0.039051485074911935,0.4945660771753103,0.5225148661006617,0.36330383480825945,0.03252260307696559,0.3516657707633527,0.3749418988531662,0.36035889070146815,0.03678146648012349,0.3471968119604694,0.3735209694424669,0.43007028112449797,0.03383486108219018,0.41796263158324876,0.4421779306657472,0.46819378620326485,0.03603282035141333,0.45529960703882466,0.48108796536770504,0.45806632939853853,0.032000609748634015,0.4466150582672174,0.46951760052985964,0.38128054740957956,0.024336713582459944,0.3725717662998712,0.3899893285192879,0.28533007334963323,0.02428406807221518,0.27664013119381964,0.2940200155054468,0.22057017543859644,0.022820203619886844,0.21240407044947404,0.22873628042771885,0.20191387559808613,0.025302946196318368,0.1928593325880849,0.21096841860808735,0.23500669344042838,0.02310355595294292,0.2267391921211421,0.24327419475971465,0.04716374269005848,0.008840276188224925,0.04400029048391898,0.050327194896197976
0.10400000000000001,0.31200000000000006,0.3475566666666667,0.11776139137616612,0.11776139137616612,0.3054162939661853,0.38969703936714806,0.3475566666666666,0.4570936639118457,0.15712570752497634,0.4008669515865917,0.5133203762370997,0.40771929824561404,0.13932230481867997,0.3578634517585836,0.4575751447326445,0.5509197939661515,0.18958390180277124,0.4830780659887664,0.6187615219435366,0.7029661016949155,0.2393155383872724,0.6173281361205964,0.7886040672692345,0.49662205226258765,0.17087399188088134,0.4354755795644336,0.5577685249607417,0.36241887905604714,0.12370942584673453,0.31815002955603133,0.40668772855606294,0.35655247417074504,0.12221941587005988,0.3128168178931491,0.400288130448341,0.41360441767068273,0.14160243779684864,0.36293263607636606,0.4642761992649994,0.4672985781990521,0.15811803991334852,0.41071676428914383,0.5238803921089603,0.4436762225969645,0.15256673876607652,0.3890809162901415,0.49827152890378745,0.37746823069403707,0.13016701231507796,0.33088856355386337,0.42404789783421076,0.2874898125509373,0.09949839831445739,0.25188476798519527,0.32309485711667935,0.21973684210526317,0.07600616205393528,0.19253838632059192,0.24693529788993443,0.20744284954811273,0.0708706165371459,0.182082125124873,0.23280357397135246,0.24143239625167331,0.08639879980537492,0.21051498280975248,0.2723498096935942,0.04631578947368421,0.015960623796617727,0.04060435359931351,0.052027225348054915
0.108,0.324,0.3961933333333333,0.0763206029639547,0.0763206029639547,0.3688823563141076,0.423504310352559,0.3961933333333333,0.5313360881542699,0.10675915495910622,0.4931328151919592,0.5695393611165807,0.47164912280701754,0.09629369430431377,0.4371908668432444,0.5061073787707907,0.6108903605592346,0.12019349872267503,0.5678796694221947,0.6539010516962745,0.7786016949152542,0.14905229441174445,0.7252640163690747,0.8319393734614338,0.5607393244104525,0.11144289959524352,0.5208599949554816,0.6006186538654233,0.42241887905604725,0.08581768700974825,0.3917094141573846,0.4531283439547099,0.4175638934203372,0.08213502787286611,0.3881722511691781,0.44695553567149626,0.4738955823293172,0.09285553072989912,0.44066765739966235,0.507123507258972,0.5250658241179569,0.10323559321993905,0.48812344153055137,0.5620082067053623,0.5083192804946599,0.10030018067435825,0.47242732179622926,0.5442112391930906,0.42243401759530774,0.08218485334395464,0.3930245455283057,0.4518434896623098,0.32885085574572126,0.06557054889261539,0.3053867361712205,0.35231497532022205,0.25513157894736843,0.05169117896329451,0.23663412811577628,0.2736290297789606,0.23843700159489636,0.052104389385814326,0.21979168531262278,0.25708231787716995,0.2721552878179384,0.058450361082390906,0.25123909472862865,0.29307148090724816,0.056228070175438606,0.012533797613424241,0.051742908301841715,0.0607132320490355
0.112,0.336,0.41707333333333335,0.08067685192656943,0.08067685192656943,0.38820349264312504,0.44594317402354167,0.41707333333333335,0.5581955922865014,0.11073471395092173,0.5185696838096975,0.5978215007633053,0.49529824561403507,0.09958390203937567,0.4596626039332859,0.5309338872947842,0.6336276674025019,0.12380433476551132,0.5893248551820807,0.6779304796229231,0.8061440677966101,0.1547393079024777,0.7507713176089394,0.8615168179842807,0.5841937539834291,0.11412641799105216,0.5433541398033335,0.6250333681635247,0.44460176991150446,0.08897326065712255,0.4127630974853984,0.4764404423376105,0.4336595976073954,0.08750194325667862,0.4023474293512117,0.46497176586357913,0.5068775100401607,0.09901893365023974,0.4714440397010028,0.5423109803793186,0.5476566614007372,0.1077819272291458,0.509087394082012,0.5862259287194624,0.5240584598088813,0.10261211462602454,0.4873391861709481,0.5607777334468146,0.4476539589442815,0.09041776781743965,0.41529837626946897,0.48000954161909404,0.3507742461287693,0.07016227205017725,0.3256669995248077,0.37588149273273086,0.2749122807017544,0.057348659300222274,0.2543903265320331,0.2954342348714757,0.2653907496012759,0.05507487118276267,0.24568246005959554,0.28509903914295626,0.28681392235609093,0.06162849117656202,0.26476045001851567,0.3088673946936662,0.06210526315789474,0.013456778817696939,0.057289816702152004,0.06692070961363748
0.116,0.34800000000000003,0.44509000000000004,0.08448349093982392,0.08448349093982392,0.41485797103331046,0.4753220289666896,0.44508999999999993,0.6008264462809918,0.11682600896988873,0.5590207958758007,0.6426320966861829,0.5317192982456139,0.10336389422127043,0.49473100373452306,0.5687075927567048,0.6667402501839587,0.13047611854255498,0.6200499708008613,0.713430529567056,0.8225282485875706,0.15625225566067738,0.7666140969977779,0.8784424001773632,0.615615041427661,0.12006052606207056,0.5726519339461075,0.6585781489092145,0.4782890855457227,0.09253133129623686,0.44517717389346,0.5114009971979854,0.47585644371941277,0.09280518509796018,0.44264653474277066,0.5090663526960549,0.5338855421686747,0.10431698334235871,0.4965561890957743,0.571214895241575,0.5819378620326486,0.11085072382332548,0.542270439956159,0.6216052841091383,0.5553119730185496,0.1064714826630872,0.5172116422652955,0.5934123037718038,0.47952101661779084,0.09279973480514497,0.4463130580033844,0.5127289752321973,0.3757131214343928,0.07363456261051503,0.34936333161123984,0.40206291125754573,0.3066666666666666,0.05971296537197615,0.2852986564349592,0.32803467689837396,0.28378522062732586,0.0574650311015967,0.26322162334329996,0.30434881791135177,0.3232262382864793,0.06527778450796022,0.2998668831015515,0.34658559347140705,0.06567251461988304,0.014925145394491687,0.06033161993289951,0.07101340930686656
0.12,0.36,0.47189000000000003,0.015250875610814995,0.015250875610814995,0.4664325442520842,0.47734745574791587,0.47189,0.634435261707989,0.040176964372379484,0.6200581196511511,0.648812403764827,0.5660350877192981,0.02960165804493284,0.5554422704301323,0.576627905008464,0.6950699043414275,0.03275149255467583,0.683349933248844,0.706789875434011,0.8584745762711865,0.019460690167554216,0.8515106577314527,0.8654384948109203,0.6594008922880816,0.03277988651654751,0.6476707605467342,0.671131024029429,0.5128613569321534,0.028252453045118132,0.5027513464515445,0.5229713674127623,0.5026644915715062,0.033235948342624715,0.49077116020164924,0.5145578229413631,0.5727409638554216,0.028225468089449132,0.5626406098171823,0.5828413178936609,0.6154291732490783,0.020849792542688098,0.6079681708083886,0.622890175689768,0.5796514896008993,0.023852295424311738,0.5711160553028131,0.5881869238989855,0.5097262952101662,0.028252918107858755,0.4996161183089929,0.5198364721113395,0.4011002444987775,0.026972070743765158,0.39144841294037375,0.4107520760571813,0.321140350877193,0.022192737362022343,0.313198781804761,0.329081919949625,0.30728335991493877,0.02594557029723634,0.2979988568237723,0.31656786300610523,0.34337349397590355,0.022141794324047455,0.3354501546354887,0.3512968333163184,0.0728654970760234,0.008572857042357511,0.06979773958223746,0.07593325456980933
0.124,0.372,0.48838333333333334,0.010105651656489002,0.010105651656489002,0.48476707233124167,0.491999594335425,0.48838333333333334,0.643732782369146,0.03169239018656815,0.6323918061916061,0.6550737585466859,0.5894736842105263,0.029788312906655463,0.5788140733369146,0.6001332950841379,0.7197203826342897,0.02447544156748857,0.7109619583526998,0.7284788069158796,0.872598870056497,0.021228285191973634,0.8650024257607231,0.8801953143522708,0.667049075844487,0.022166162716165762,0.659117016386944,0.6749811353020301,0.5244837758112094,0.018973545455278094,0.5176941797679618,0.531273371854457,0.5180532898314302,0.02938154049096184,0.5075392405973447,0.5285673390655157,0.5916164658634538,0.021077226430613955,0.5840740772512022,0.5991588544757055,0.6370194839389154,0.023573551402976657,0.6285837969078224,0.6454551709700084,0.6044969083754919,0.02074212383064472,0.5970744346885869,0.6119193820623968,0.5279081133919844,0.028331529849820833,0.5177698056402309,0.5380464211437379,0.421882640586797,0.01682444075132023,0.4158620917850842,0.42790318938850974,0.34381578947368424,0.024749557491912197,0.3349592740683113,0.3526723048790572,0.32222222222222224,0.028315844771564142,0.312089527303638,0.3323549171408065,0.36398929049531464,0.03026523557635063,0.35315901503617625,0.37481956595445304,0.07660818713450293,0.0084995001695809,0.07356668006050929,0.07964969420849657
0.128,0.384,0.47433000000000003,0.12892832050246447,0.12892832050246447,0.4281935930322357,0.5204664069677644,0.47433000000000003,0.6256887052341598,0.17305435369408084,0.5637620000815791,0.6876154103867405,0.5708771929824562,0.15681624004640948,0.5147612221721681,0.6269931637927443,0.6974981604120677,0.19145356251915965,0.628987382939841,0.7660089378842944,0.8233050847457627,0.22373703228621286,0.7432418159845814,0.903368353506944,0.6336520076481836,0.17349196650324572,0.5715687047630081,0.6957353105333591,0.5146312684365781,0.14179470160981295,0.46389068612039114,0.5653718507527651,0.5089178901576943,0.13946340887738806,0.459011550231736,0.5588242300836526,0.5710843373493976,0.156728039858646,0.5149999285709534,0.6271687461278417,0.6116377040547658,0.16640128714009395,0.5520917681926103,0.6711836399169213,0.5791455874086566,0.1581181751605544,0.5225637251011573,0.6357274497161559,0.5212121212121211,0.14245230108497559,0.47023621994591874,0.5721880224783236,0.4149144254278729,0.11478726234444253,0.37383833113300075,0.455990519722745,0.33653508771929824,0.09385280419545661,0.3029502930632264,0.3701198823753701,0.3211057947900053,0.0891965950330257,0.2891872031838742,0.35302438639613637,0.363855421686747,0.1006718423888126,0.3278304655518681,0.3998803778216259,0.07687134502923976,0.021802392405602066,0.06906945910552974,0.08467323095294978
0.132,0.396,0.50428,0.0953449288020913,0.0953449288020913,0.4701612554108954,0.5383987445891045,0.50428,0.665426997245179,0.12767090883824248,0.6197405492626901,0.7111134452276678,0.6101052631578948,0.11721009398678456,0.5681621696945713,0.6520483566212183,0.7325974981604122,0.13980582495419708,0.682568626215031,0.7826263701057934,0.8628531073446327,0.16339860667524342,0.8043816668872154,0.9213245478020501,0.6850223072020395,0.13125139207976066,0.6380545997466268,0.7319900146574522,0.5433038348082596,0.10480474087327249,0.50579993994454,0.5808077296719792,0.5398042414355628,0.10452170925988222,0.5024016281339485,0.5772068547371771,0.61214859437751,0.11729180022295178,0.5701762627130765,0.6541209260419435,0.6458135860979463,0.12380898731299761,0.6015091089847892,0.6901180632111034,0.6195615514333895,0.11883501964503557,0.5770369857910346,0.6620861170757445,0.5466275659824048,0.10459004599700036,0.5092004986934723,0.5840546332713373,0.447718011409943,0.08728503822589073,0.4164834616221826,0.4789525611977034,0.3569736842105263,0.06920460009269525,0.332209136115316,0.38173823230573656,0.34444444444444444,0.06798061013312579,0.320117895531098,0.3687709933577909,0.38748326639892905,0.0760066815941087,0.3602846246991944,0.4146819080986637,0.08222222222222222,0.0168494346154626,0.07619272948109201,0.08825171496335243
0.136,0.40800000000000003,0.5366833333333333,0.012725892241148883,0.012725892241148883,0.5321294312800265,0.54123723538664,0.5366833333333332,0.7028925619834712,0.0321659388785327,0.6913821285828293,0.714402995384113,0.6412631578947369,0.030481097995134872,0.6303556370610891,0.6521706787283846,0.7669610007358351,0.024096272656630762,0.758338260306425,0.7755837411652451,0.9035310734463277,0.014193043280236725,0.8984521581363623,0.9086099887562931,0.7225621414913957,0.026784414534282545,0.7129774618451319,0.7321468211376596,0.5808259587020649,0.021213917381602172,0.5732346558612014,0.5884172615429284,0.5836867862969005,0.03137441365509805,0.5724595965598023,0.5949139760339988,0.6404618473895581,0.026308814904523418,0.6310473588850602,0.649876335894056,0.6764612954186414,0.02536279313428735,0.6673853364569303,0.6855372543803525,0.6604272062956718,0.01683712165235389,0.6544021196918025,0.666452292899541,0.5907624633431087,0.021729114193086912,0.5829867996909779,0.5985381269952395,0.4835370823145884,0.02369793325806038,0.47505688580828326,0.4920172788208936,0.39442982456140346,0.02465175187758337,0.3856083084456266,0.4032513406771803,0.37166400850611375,0.026735279632732343,0.3620969115585572,0.3812311054536703,0.4160642570281125,0.03484164714565941,0.40359633372100123,0.4285321803352238,0.08836257309941521,0.010829308699190068,0.08448735475034944,0.09223779144848099
0.14,0.42000000000000004,0.5372366666666667,0.10163221211914009,0.10163221211914009,0.5008680466374221,0.5736052866959113,0.5372366666666667,0.7032369146005509,0.13432490166687003,0.6551693658645137,0.7513044633365882,0.6404912280701754,0.12311204362597643,0.5964361490524306,0.6845463070879203,0.7643119941133187,0.14635896876516585,0.7119381097718802,0.8166858784547573,0.8840395480225989,0.16712989165368908,0.8242328843837472,0.9438462116614506,0.7153601019757807,0.13698958232114888,0.6663390095138513,0.7643811944377101,0.5893805309734514,0.11291616397245416,0.5489740006318701,0.6297870613150328,0.5814573137574769,0.11321894186024233,0.540942435740246,0.6219721917747077,0.6457329317269076,0.12356911702991093,0.601514291092166,0.6899515723616492,0.6802001053185888,0.1302294046673439,0.6335981113618971,0.7268020992752804,0.6508712759977515,0.12437714431548855,0.606363486512368,0.695379065483135,0.5896383186705768,0.11252320191412614,0.5493724079956076,0.629904229345546,0.4850040749796251,0.09415033120850455,0.4513128116492978,0.5186953383099524,0.39285087719298245,0.07527109229728114,0.3659154627425233,0.4197862916434416,0.38527379053694844,0.0779939601354882,0.3573640103442429,0.41318357072965395,0.4303212851405623,0.08685698491619692,0.3992399122624441,0.46140265801868047,0.08956140350877194,0.019317965506211558,0.08264855833317088,0.096474248684373
0.14400000000000002,0.43200000000000005,0.56596,0.009916882157419132,0.009916882157419132,0.5624112892956106,0.5695087107043895,0.5659600000000001,0.7360192837465563,0.02556901240095484,0.7268695301680033,0.7451690373251094,0.6820350877192983,0.02307183039523481,0.6737789392450347,0.6902912361935619,0.7963208241353937,0.021228601775018563,0.7887242665518321,0.8039173817189553,0.923093220338983,0.016078896622637152,0.9173394610773752,0.9288469796005908,0.750223072020395,0.023751673493199062,0.7417236448179229,0.758722499222867,0.6213569321533924,0.030855727569132633,0.6103153518483984,0.6323985124583864,0.6163675910821098,0.0252071811826725,0.6073473171421284,0.6253878650220912,0.6769578313253013,0.02021607535414536,0.6697236016681174,0.6841920609824852,0.7179041600842547,0.021484044106078796,0.7102161936364757,0.7255921265320338,0.6817313097245642,0.01986406366695389,0.6746230458318794,0.688839573617249,0.6245356793743893,0.023683504598562895,0.6160606460975746,0.6330107126512039,0.5117766911165444,0.02158754035212696,0.5040516890127613,0.5195016932203276,0.41907894736842105,0.025017307028725715,0.41012661902181285,0.42803127571502925,0.40340244550770876,0.021987852345240384,0.39553419359692915,0.4112706974184884,0.4524096385542169,0.025175210497870266,0.4434008051768623,0.4614184719315715,0.09842105263157895,0.008887323282593224,0.09524076483893706,0.10160134042422084
0.148,0.444,0.5615066666666666,0.10604494796314319,0.10604494796314319,0.5235589693955349,0.5994543639377983,0.5615066666666666,0.7202479338842974,0.1373227237527252,0.6711076282921176,0.7693882394764773,0.6745263157894736,0.12942052528881595,0.6282137756009701,0.7208388559779771,0.7828550404709346,0.1489241165926268,0.7295632297682513,0.8361468511736179,0.901412429378531,0.16987257478117773,0.84062430918723,0.9622005495698321,0.7407903123008286,0.14152585772365997,0.6901459345337586,0.7914346900678986,0.6150442477876107,0.1177322646685044,0.5729142979456066,0.6571741976296148,0.6188145731375748,0.11789288379690831,0.5766271464786389,0.6610019997965108,0.6730421686746987,0.1279153878814831,0.6272682349901539,0.7188161023592434,0.70463401790416,0.13463832827116393,0.6564543108982107,0.7528137249101093,0.6774592467678472,0.12844538638098804,0.6314956555560023,0.7234228379796921,0.61911045943304,0.11791268617013159,0.5769159465858531,0.6613049722802269,0.5054197229013855,0.09716071802964402,0.47065120648213865,0.5401882393206323,0.42267543859649126,0.0831501433168933,0.39292054194891735,0.4524303352440652,0.4076023391812865,0.08000363140667995,0.3789734073601585,0.43623127100241454,0.4608433734939759,0.09080236791150738,0.42835016344303223,0.4933365835449196,0.10093567251461989,0.020406152551030902,0.0936334246060803,0.10823792042315948
0.152,0.456,0.57006,0.10768414092565605,0.10768414092565605,0.5315257250605759,0.6085942749394241,0.5700599999999999,0.7368457300275483,0.14135393692805742,0.6862628733270774,0.7874285867280192,0.6841403508771929,0.12997069651682178,0.6376309344432043,0.7306497673111816,0.7925680647534953,0.15162457743139057,0.7383099065503392,0.8468262229566513,0.9022598870056497,0.17109731483489984,0.8410334992147396,0.9634862747965599,0.7481198215423834,0.14240254946688363,0.6971617236640686,0.7990779194206983,0.6214159292035398,0.11818062258820063,0.5791255365405192,0.6637063218665604,0.6189777052746057,0.11910740516876685,0.5763556677244029,0.6615997428248085,0.6902108433734939,0.13158973859475998,0.6431220601726493,0.7372996265743386,0.7141126908899421,0.1358156709792246,0.6655116772067017,0.7627137045731825,0.6838111298482291,0.13091789335273668,0.6369627633796008,0.7306594963168574,0.6268817204301077,0.12016597745355787,0.5838808776527401,0.6698825632074753,0.5193154034229829,0.1000331928118315,0.4835189851041444,0.5551118217418213,0.4325877192982456,0.08313003747067305,0.40284001743533987,0.4623354211611513,0.4222753854332802,0.08286444149806285,0.3926227258685568,0.4519280449980036,0.4697456492637216,0.09001523689807855,0.4375341104284656,0.5019571880989776,0.10233918128654969,0.02241073815679325,0.09431960163158898,0.1103587609415104
0.156,0.468,0.6023366666666666,0.008314900763848216,0.008314900763848216,0.5993612176416393,0.605312115691694,0.6023366666666666,0.7745179063360881,0.018620619289242864,0.7678546032993911,0.781181209372785,0.7183859649122807,0.02035642538635261,0.7111015116410869,0.7256704181834744,0.8284032376747611,0.028215920066976027,0.8183063003524834,0.8385001749970388,0.9409604519774012,0.010770482597979709,0.9371062842783027,0.9448146196764997,0.7907584448693434,0.023800454021001113,0.7822415617791811,0.7992753279595057,0.6621828908554571,0.024069958759289935,0.6535695667332782,0.6707962149776361,0.6545405111473629,0.02115598397870321,0.6469699395084785,0.6621110827862473,0.7246987951807228,0.017591585003344876,0.7184037273340365,0.7309938630274091,0.758820431806214,0.019117072081297964,0.7519794754194595,0.7656613881929684,0.7243957279370433,0.02195453624189755,0.7165393980407321,0.7322520578333546,0.664076246334311,0.013912177530623153,0.6590978375420522,0.6690546551265697,0.5563569682151589,0.0174558346528156,0.550110478007533,0.5626034584227848,0.4600438596491228,0.020534351274358095,0.4526957364166116,0.467391982881634,0.44619883040935676,0.02080200314805118,0.4387549291839091,0.4536427316348044,0.4952476572958501,0.03130649059948113,0.48404477351204606,0.5064505410796541,0.10859649122807016,0.008821397120359837,0.10543979480960246,0.11175318764653787
0.16,0.48000000000000004,0.6142033333333333,0.008109742261023452,0.008109742261023452,0.6113012993356819,0.6171053673309848,0.6142033333333333,0.7915977961432505,0.020415563238865904,0.7842921806633185,0.7989034116231826,0.7254035087719298,0.023816301679357613,0.7168809546700567,0.7339260628738029,0.8332597498160411,0.022133843720995697,0.8253392555623893,0.8411802440696929,0.945268361581921,0.011321862483551527,0.9412168851247821,0.9493198380390598,0.7997450605481197,0.017042291240105405,0.7936465549501844,0.8058435661460549,0.6825958702064895,0.018009684908986398,0.6761511872300575,0.6890405531829215,0.6712887438825448,0.022094080556656404,0.6633824786945096,0.67919500907058,0.7376506024096385,0.018408450880366797,0.7310632228629821,0.744237981956295,0.7654555028962612,0.020386697434998782,0.7581602169115825,0.7727507888809398,0.7332771219786396,0.01944572795904303,0.7263185575964588,0.7402356863608204,0.6812316715542523,0.01394012621884793,0.676243261452358,0.6862200816561467,0.5691931540342298,0.015831015079220988,0.5635280980437285,0.574858210024731,0.47640350877192983,0.019885806066104458,0.4692874644616319,0.48351955308222777,0.46677299308878245,0.026842838157583385,0.45716740681742146,0.47637857936014344,0.50475234270415,0.02019413344995835,0.49752596485653966,0.5119787205517604,0.11385964912280702,0.009524298483233976,0.11045142268200309,0.11726787556361096
0.164,0.49200000000000005,0.6241599999999999,0.008228738538259344,0.008228738538259344,0.6212153837314184,0.6271046162685815,0.6241599999999999,0.7974517906336087,0.019821075432599086,0.790358909883024,0.8045446713841934,0.7354385964912281,0.02233025818205607,0.7274478162253601,0.7434293767570961,0.8381898454746136,0.023442104425108516,0.8298011961404516,0.8465784948087757,0.9494350282485876,0.011720200123449492,0.9452410084976767,0.9536290479994985,0.808604206500956,0.01714125044403196,0.8024702888066887,0.8147381241952233,0.6904424778761061,0.023325211756140607,0.6820956580463232,0.698789297705889,0.6843393148450244,0.016750345113223413,0.6783452808268786,0.6903333488631702,0.7446787148594378,0.016834299788806288,0.7386546380464705,0.7507027916724052,0.7768299104791995,0.020517979742702436,0.7694876457240515,0.7841721752343475,0.7421023046655423,0.01687464493410572,0.7360637905277463,0.7481408188033383,0.6956989247311828,0.020717431200351775,0.6882852871885466,0.7031125622738189,0.5814995925020375,0.02012180154065721,0.5742990982957502,0.5887000867083249,0.49491228070175436,0.026583783618989564,0.48539939590647585,0.5044251654970329,0.4781499202551834,0.024638349400097195,0.46933320015438035,0.4869666403559864,0.521954484605087,0.029478612238903378,0.5114056986921194,0.5325032705180546,0.11728070175438596,0.009697535700403265,0.11381048317157524,0.12075092033719667
0.168,0.5040000000000001,0.60928,0.11503212564772713,0.11503212564772713,0.5681162824973813,0.6504437175026188,0.60928,0.7731404958677685,0.1471099596006761,0.7204978729072187,0.8257831188283182,0.7197894736842105,0.1378822399125193,0.6704489478056522,0.7691299995627688,0.8212656364974247,0.15592347374073318,0.7654691380066803,0.8770621349881691,0.921186440677966,0.17392773461503963,0.8589472001766721,0.9834256811792598,0.7852772466539196,0.14965612905558726,0.731723488655522,0.8388310046523173,0.6692035398230088,0.12814060663514276,0.6233490126425191,0.7150580670034986,0.6698749320282762,0.12763082238584214,0.6242028287985509,0.7155470352580015,0.7256024096385543,0.13774260583741638,0.6763118511720464,0.7748929681050621,0.7606108478146392,0.14407454714188386,0.709054433252431,0.8121672623768473,0.7271500843170321,0.13860108477848032,0.6775523231068306,0.7767478455272336,0.6754154447702835,0.12878178475229485,0.6293314749472737,0.7214994145932933,0.5703341483292586,0.10966636185653614,0.5310905447395372,0.6095777519189799,0.4832017543859648,0.09309212263172696,0.4498891661315612,0.5165143426403683,0.47044125465178094,0.09043215290827174,0.4380805243383246,0.5028019849652373,0.5071619812583668,0.098436217486571,0.4719370332203522,0.5423869292963813,0.11757309941520466,0.023444353929034052,0.10918364510640101,0.12596255372400833
0.17200000000000001,0.5160000000000001,0.6392566666666666,0.00895027194090168,0.00895027194090168,0.6360538529859462,0.642459480347387,0.6392566666666666,0.8079889807162536,0.01824690200190273,0.801459410693315,0.8145185507391921,0.7526315789473685,0.02444375939165368,0.7438844919867974,0.7613786659079397,0.8568800588668138,0.01675261874307585,0.8508852112406744,0.8628749064929533,0.9570621468926555,0.009635768717578111,0.9536140313407823,0.9605102624445286,0.824282982791587,0.02315974556184321,0.8159953742789898,0.8325705913041841,0.703952802359882,0.02443606844084929,0.6952084675707104,0.7126971371490536,0.7032626427406199,0.018358333456751898,0.6966931974836762,0.7098320879975636,0.7610441767068274,0.018744981681338056,0.7543363711596593,0.7677519822539955,0.7945760926803581,0.01669038691719301,0.7886035144271081,0.8005486709336082,0.7574480044969083,0.018027415981035754,0.7509969765378313,0.7638990324559853,0.7110948191593353,0.01941604105202667,0.7041468781003962,0.7180427602182743,0.6010594947025264,0.02193765156865981,0.5932092069089353,0.6089097824961175,0.5095175438596492,0.020309841259557156,0.5022497605041396,0.5167853272151588,0.4932482721956406,0.025469944390276122,0.48413396964941574,0.5023625747418654,0.5419678714859438,0.028928306257267236,0.5316160100394287,0.552319732932459,0.12602339181286548,0.00798108765961008,0.12316739627306371,0.12887938735266727
0.176,0.528,0.6471866666666667,0.00846899958808528,0.00846899958808528,0.6441560740855878,0.6502172592477455,0.6471866666666667,0.8229338842975208,0.01890631151265571,0.8161683476116494,0.8296994209833922,0.7607719298245613,0.016274306689853947,0.7549482439684584,0.7665956156806643,0.8599705665930831,0.018933702616940485,0.8531952281264265,0.8667459050597398,0.9579096045197741,0.00948683646111533,0.9545147836914187,0.9613044253481295,0.8302103250478012,0.020056220879678566,0.8230332985796519,0.8373873515159506,0.7178171091445428,0.027291740662057386,0.7080508851750055,0.7275833331140801,0.7111473626971179,0.020536396315577105,0.7037985076560049,0.7184962177382308,0.7730923694779116,0.018484485894741894,0.7664777811507999,0.7797069578050233,0.8031068983675619,0.01464723086548832,0.7978654541175528,0.8083483426175709,0.7655986509274871,0.020347235992416966,0.758317486038681,0.7728798158162933,0.7133919843597263,0.01647121075584036,0.7074978372885345,0.719286131430918,0.6107579462102689,0.01918911263949026,0.6038912104408468,0.617624681979691,0.5200877192982456,0.020987118270840075,0.5125775754768532,0.527597863119638,0.5045188729399256,0.02128406657398133,0.49690246753295825,0.512135278346893,0.5494645247657296,0.025110693546181406,0.5404787784830322,0.558450271048427,0.12959064327485378,0.01050343685576632,0.12583203666732734,0.13334924988238023
0.18,0.54,0.6542333333333333,0.006695769808866897,0.006695769808866897,0.6518372828794035,0.6566293837872632,0.6542333333333333,0.8272727272727274,0.02036406521923164,0.8199855401224487,0.834559914423006,0.7671578947368421,0.018810556682285817,0.7604266234769521,0.7738891659967322,0.8696100073583517,0.015326241814128262,0.8641255821609455,0.8750944325557579,0.9622881355932204,0.008297387862198764,0.9593189534795631,0.9652573177068776,0.8371574251115362,0.019940756536537287,0.8300217170279333,0.8442931331951392,0.7224188790560471,0.015339037423539282,0.7169298750086186,0.7279078831034755,0.7188689505165853,0.023745957750010722,0.7103715686665449,0.7273663323666256,0.7772088353413654,0.016544691420358287,0.7712883935520757,0.7831292771306552,0.8131121642969982,0.017126404544235647,0.8069835591397447,0.8192407694542516,0.7739179314221473,0.015378817930835698,0.7684146921030046,0.7794211707412899,0.7247311827956989,0.01574494335105833,0.7190969271775554,0.7303654384138425,0.6178076609616953,0.018737680499856163,0.6111024681087659,0.6245128538146246,0.5304824561403508,0.015565115526251644,0.5249125510828683,0.5360523611978334,0.51632110579479,0.020204142759559313,0.5090911461617393,0.5235510654278406,0.5595716198125836,0.02603953316679614,0.5502534925403763,0.568889747084791,0.12967836257309942,0.01046585614751438,0.12593320404930888,0.13342352109688996
0.184,0.552,0.6611633333333333,0.008697303717476061,0.008697303717476061,0.6580510431687837,0.6642756234978829,0.6611633333333333,0.831198347107438,0.022750900953646402,0.8230570417589311,0.8393396524559449,0.7767017543859649,0.02397141184794955,0.7681236948231107,0.7852798139488191,0.8759381898454746,0.019282967994559107,0.869037868368578,0.8828385113223711,0.9621468926553672,0.007562173437176961,0.9594408036448325,0.9648529816659019,0.8404079031230084,0.018899850381041947,0.8336446785233911,0.8471711277226257,0.7316814159292038,0.022352073235447873,0.7236828292467364,0.7396800026116711,0.7251767264817836,0.0229696462482969,0.7169571441348875,0.7333963088286796,0.7869477911646585,0.018256287632349284,0.7804148625369989,0.7934807197923182,0.8097946287519748,0.019234952385183638,0.802911489440225,0.8166777680637247,0.7808319280494658,0.014711067715846435,0.7755676400759351,0.7860962160229964,0.7337732160312807,0.018194712160066483,0.7272623219033911,0.7402841101591702,0.6306438467807661,0.022584460537518714,0.6225621013702497,0.6387255921912826,0.533640350877193,0.017365682473054707,0.5274261212127764,0.5398545805416095,0.525465178096757,0.024760275876474298,0.5166048271667276,0.5343255290267863,0.5811244979919679,0.020597143567048226,0.573753904826096,0.5884950911578397,0.13429824561403508,0.00957417408089351,0.13087217141982513,0.13772431980824504
0.188,0.5640000000000001,0.6729866666666666,0.007436291870388709,0.007436291870388709,0.6703256237962852,0.675647709537048,0.6729866666666666,0.8453168044077136,0.019089044077741323,0.8384858777132219,0.8521477311022053,0.7926315789473685,0.02245595129986967,0.7845958199769467,0.8006673379177902,0.887785136129507,0.0131442121164512,0.8830815402313226,0.8924887320276915,0.9660310734463275,0.009531598094706785,0.9626202348731053,0.9694419120195498,0.8435946462715105,0.018465747428772106,0.8369867634183286,0.8502025291246924,0.7429498525073746,0.020386109012056088,0.7356547770871418,0.7502449279276073,0.7368134855899946,0.01938901919608518,0.7298752141780182,0.743751757001971,0.7985441767068273,0.017427581441058656,0.7923077967811836,0.8047805566324711,0.8214323328067404,0.019149231937778097,0.8145798681631438,0.8282847974503371,0.7971894322653176,0.0156505979136997,0.7915889377283435,0.8027899268022917,0.74227761485826,0.016162016546322412,0.7364941115139609,0.7480611182025592,0.6480440097799512,0.016282748875238777,0.6422173029266066,0.6538707166332959,0.5484210526315789,0.01935474049318918,0.5414950476958971,0.5553470575672608,0.54508240297714,0.019008536690813715,0.5382802854810674,0.5518845204732125,0.5904283801874163,0.028292317016286556,0.5803041045679301,0.6005526558069024,0.14175438596491224,0.010331942035531172,0.13805714799065735,0.14545162393916714
0.192,0.5760000000000001,0.6762966666666667,0.006881182904190208,0.006881182904190208,0.67383426698869,0.6787590663446433,0.6762966666666667,0.8444903581267219,0.018003259763818547,0.8380479743589598,0.850932741894484,0.7955087719298245,0.015477704413331248,0.7899701465373797,0.8010473973222693,0.890139808682855,0.015389155813917239,0.8846328699997621,0.895646747365948,0.9669491525423729,0.007224416658761872,0.9643639282427439,0.9695343768420019,0.855385595920969,0.018052060725868704,0.8489257489532148,0.8618454428887231,0.7494395280235988,0.020178400891563586,0.7422187799997069,0.7566602760474908,0.7480152256661229,0.019964515399857954,0.7408710155824707,0.7551594357497751,0.7957831325301205,0.017273946746868652,0.7896017300737239,0.801964534986517,0.822432859399684,0.01885538486201674,0.8156855465816969,0.8291801722176712,0.7925238898257447,0.017865681214070114,0.7861307379097316,0.7989170417417578,0.7545943304007819,0.020234982700609517,0.7473533348365595,0.7618353259650044,0.6503667481662593,0.023998875566500003,0.6417788608379387,0.6589546354945799,0.5562719298245614,0.02093228799582029,0.5487814067650979,0.5637624528840249,0.5436469962785753,0.01909623929380982,0.536813494809081,0.5504804977480695,0.5951137884872825,0.022050447345907626,0.5872231372431859,0.6030044397313791,0.14192982456140352,0.01021260708534757,0.13827529005063663,0.1455843590721704
0.196,0.5880000000000001,0.6849466666666667,0.007723976701929778,0.007723976701929778,0.6821826771014498,0.6877106562318837,0.6849466666666667,0.852823691460055,0.015572228812340497,0.8472512409458365,0.8583961419742735,0.8052631578947369,0.020824535665907175,0.7978111935113286,0.8127151222781452,0.8935982339955849,0.0209052938885734,0.8861173706533412,0.9010790973378286,0.9728107344632767,0.0066086363720350575,0.9704458643092724,0.975175604617281,0.8594646271510518,0.013803950330508621,0.8545249469649675,0.864404307337136,0.7576991150442478,0.017504884822583767,0.7514350724587933,0.7639631576297023,0.7572593800978794,0.01893922708472184,0.7504820647258164,0.7640366954699425,0.8074799196787148,0.017933632913210824,0.8010624515594541,0.8138973877979755,0.8347551342812006,0.016941748567654052,0.8286926074165318,0.8408176611458694,0.8035413153457,0.018476916979504883,0.796929435520121,0.8101531951712789,0.7617790811339198,0.01739501282889579,0.7555543557364608,0.7680038065313788,0.6603504482477589,0.017995816029840232,0.6539107281859913,0.6667901683095265,0.5671929824561402,0.015864662678103953,0.5615158858270152,0.5728700790852653,0.5527379053694843,0.018384576425927463,0.5461590691866276,0.559316741552341,0.6051539491298528,0.03240208334970585,0.5935590125154657,0.6167488857442398,0.147953216374269,0.010918129681060058,0.14404621384504127,0.15186021890349674
0.2,0.6000000000000001,0.6908700000000001,0.005706810812982364,0.005706810812982364,0.688827843977726,0.6929121560222742,0.6908700000000001,0.858815426997245,0.020412678937845305,0.8515108436511776,0.8661200103433124,0.810315789473684,0.019565243140185814,0.8033144571331947,0.8173171218141733,0.8988226637233261,0.01813959664323838,0.8923314924298356,0.9053138350168166,0.9707627118644067,0.006823354236211009,0.9683210059094994,0.9732044178193139,0.8731676226896111,0.0139183946805852,0.8681869891188111,0.8781482562604112,0.7611799410029497,0.01919204494233306,0.7543121559224315,0.7680477260834679,0.7630777596519847,0.01587811119111779,0.7573958505342837,0.7687596687696856,0.8150100401606426,0.01376937282689534,0.8100827333753163,0.8199373469459689,0.8437072143233281,0.016051422213494683,0.837963286652766,0.8494511419938902,0.8070826306913996,0.016744360871414912,0.8010907381066829,0.8130745232761164,0.7629521016617791,0.01747834746112364,0.7566975553491636,0.7692066479743945,0.669763651181744,0.017314687158743076,0.6635676699561914,0.6759596324072965,0.5778508771929826,0.020721313445280713,0.5704358504068405,0.5852659039791246,0.5603934077618289,0.01825914723871867,0.553859455837172,0.5669273596864858,0.6141900937081661,0.027475793512626898,0.6043580072719158,0.6240221801444165,0.1489766081871345,0.008616540607635618,0.14589321873027314,0.1520599976439959
0.20400000000000001,0.6120000000000001,0.6979266666666668,0.0056442789670135335,0.0056442789670135335,0.6959068873780911,0.6999464459552425,0.6979266666666667,0.8694214876033058,0.017801536200600127,0.8630512896855677,0.875791685521044,0.8126315789473684,0.02084837391292804,0.8051710841568186,0.8200920737379181,0.9044150110375277,0.014804425068470187,0.899117315564409,0.9097127065106465,0.9740112994350282,0.007708133063475221,0.9712529794430186,0.9767696194270378,0.8758444869343531,0.014254889964500325,0.8707434400726567,0.8809455337960496,0.7703244837758111,0.01714533928524219,0.7641891029085081,0.7764598646431141,0.7678085916258837,0.014236578100116184,0.7627140975807001,0.7729030856710672,0.818524096385542,0.013992867428481697,0.8135168130841663,0.8235313796869177,0.8501316482359136,0.015230503956861877,0.8446814823907416,0.8555818140810856,0.8143901068015739,0.014157044203754644,0.8093240735956844,0.8194561400074634,0.772629521016618,0.014319644839063488,0.7675053019206572,0.7777537401125787,0.6768948655256726,0.01512022141850223,0.6714841637800201,0.6823055672713251,0.5902631578947368,0.017337871169033115,0.5840588803776502,0.5964674354118235,0.5745879851143008,0.024486699512207437,0.5658255322289321,0.5833504379996695,0.6224230254350737,0.026963706733159627,0.6127741868994261,0.6320718639707212,0.15353801169590645,0.009267556946125593,0.15022165903423343,0.15685436435757946
0.20800000000000002,0.6240000000000001,0.70383,0.006235944194747096,0.006235944194747096,0.7015984960288332,0.7060615039711667,0.70383,0.8670110192837465,0.017975029179698815,0.8605787377007705,0.8734433008667224,0.8190175438596491,0.01528644155179126,0.8135473610032076,0.8244877267160906,0.9085356880058867,0.01621850577675007,0.9027319702500902,0.9143394057616832,0.9762005649717516,0.00703078463800775,0.9736846310008624,0.9787164989426407,0.8792861695347355,0.016959239607900425,0.8732173835816992,0.8853549554877718,0.7810619469026547,0.019097348243705774,0.7742280486005366,0.7878958452047728,0.780152256661229,0.014795106632026787,0.7748578957477662,0.7854466175746918,0.8259538152610444,0.014807197674816726,0.8206551276234868,0.831252502898602,0.8522380200105318,0.012199819044899553,0.8478723708327951,0.8566036691882686,0.8257448004496907,0.016375648442074172,0.8198848499132985,0.8316047509860829,0.7816715542521994,0.013401902252102388,0.776875745123255,0.7864673633811438,0.6841075794621025,0.019240071279558426,0.6772226083775259,0.6909925505466792,0.5925,0.02297057032301882,0.5842800869772116,0.6007199130227885,0.5792131844763424,0.02237204511497204,0.5712074509485734,0.5872189180041114,0.6325301204819278,0.02636147970813185,0.6230967861194936,0.641963454844362,0.15716374269005845,0.009534554212907552,0.15375184628352373,0.16057563909659317
0.212,0.636,0.7085866666666666,0.0056916595563813455,0.0056916595563813455,0.7065499324519355,0.7106234008813976,0.7085866666666667,0.8729338842975206,0.019288622855080154,0.866031539254775,0.8798362293402662,0.8303157894736841,0.019598413522261184,0.8233025872644124,0.8373289916829558,0.9061810154525388,0.013216456956072558,0.901451567070516,0.9109104638345616,0.9771186440677968,0.008241235257723275,0.974169555905587,0.9800677322300066,0.8789674952198853,0.012290854906036135,0.87456926927762,0.8833657211621505,0.7840707964601771,0.019158620748370277,0.7772149720738587,0.7909266208464955,0.7849374660141382,0.01802914047003814,0.778485820954597,0.7913891110736794,0.8299698795180723,0.015139746515625368,0.8245521908061471,0.8353875682299976,0.8542390731964191,0.016417193737850323,0.8483642558668657,0.8601138905259725,0.8266441821247893,0.012769277221036641,0.8220747549558168,0.8312136092937618,0.7890518084066471,0.01775358302933644,0.7826987703108642,0.79540484650243,0.6938875305623472,0.014829250332050053,0.6885809514827474,0.699194109641947,0.5997368421052632,0.022088836693377738,0.5918324534096029,0.6076412308009236,0.5872408293460923,0.025526589438604468,0.5781062566296504,0.5963754020625343,0.6447121820615798,0.024558947898595865,0.6359238754231784,0.6535004886999811,0.15839181286549706,0.010522996384602447,0.15462620697046758,0.16215741876052653
0.216,0.648,0.7124866666666667,0.007988471578526111,0.007988471578526111,0.7096280288254155,0.7153453045079179,0.7124866666666667,0.8747245179063359,0.016903034502029964,0.8686758446921299,0.8807731911205419,0.8341754385964912,0.020160277319749238,0.8269611760094814,0.8413897011835011,0.9100809418690213,0.014175689087311566,0.9050082366772384,0.9151536470608043,0.9794491525423729,0.0063474032001374905,0.9771777634783663,0.9817205416063794,0.8855321861058,0.01367534238064459,0.8806385276835228,0.8904258445280772,0.7879646017699116,0.017566792516533352,0.7816784058006903,0.7942507977391329,0.789505165851006,0.01825373147724489,0.782973151931703,0.7960371797703091,0.839206827309237,0.018494426425384857,0.8325886818089191,0.8458249728095549,0.8591363875724064,0.014802692078334677,0.8538393122418432,0.8644334629029696,0.8285553681843734,0.015406848165450657,0.8230420983745941,0.8340686379941527,0.7888563049853373,0.011435783289495852,0.7847640624913442,0.7929485474793304,0.6937245313773431,0.02106130959336335,0.6861878385321516,0.7012612242225347,0.6106140350877194,0.01993378250704986,0.6034808226285175,0.6177472475469212,0.592769803296119,0.019673608339234126,0.585729692967171,0.5998099136250669,0.6486613119143239,0.020837966364128997,0.6412045414172812,0.6561180824113665,0.15944444444444447,0.011831027807939067,0.1552107655159768,0.16367812337291215
0.22,0.66,0.7203533333333334,0.007414651540784935,0.007414651540784935,0.7177000343554469,0.7230066323112199,0.7203533333333333,0.8814049586776859,0.014954197610094987,0.8760536677888658,0.8867562495665059,0.8394385964912281,0.016995070635108203,0.8333569885697764,0.8455202044126798,0.9139072847682119,0.015577092385712966,0.9083330938466139,0.91948147568981,0.9817090395480226,0.006355526319919125,0.979434743662934,0.9839833354331111,0.8924155513065646,0.01599679827080558,0.8866911705628551,0.8981399320502741,0.794985250737463,0.021461972729178772,0.7873051824304728,0.8026653190444532,0.8,0.012197162898958802,0.7956353013118811,0.804364698688119,0.8446787148594378,0.012844560694434537,0.840082347845495,0.8492750818733806,0.8661927330173776,0.013971644843487768,0.861193044120508,0.8711924219142473,0.8405283867341204,0.016365764979282514,0.8346719729494662,0.8463848005187747,0.7950146627565983,0.016096364199299776,0.7892546528029586,0.800774672710238,0.7101059494702526,0.01863080168262766,0.7034390027108788,0.7167728962296265,0.6166228070175439,0.018042795642792483,0.6101662755171885,0.6230793385178993,0.6055289739500265,0.026527286890233332,0.5960363062494878,0.6150216416505652,0.6528781793842034,0.022252873558622002,0.6449150908501899,0.660841267918217,0.167046783625731,0.01076972881712417,0.16319288566364748,0.17090068158781452
0.224,0.672,0.7227633333333332,0.006496125281901574,0.006496125281901574,0.7204387247558588,0.7250879419108076,0.7227633333333332,0.8869146005509643,0.01633122480375211,0.881070546809385,0.8927586542925435,0.8392280701754387,0.017232173808941008,0.833061615972901,0.8453945243779764,0.9162619573215599,0.014503801150238903,0.9110718387359839,0.921452075907136,0.9808615819209038,0.006132426478590401,0.9786671212887207,0.9830560425530869,0.8889738687061822,0.012899246516818234,0.8843579326220224,0.893589804790342,0.8034808259587021,0.02191224158793145,0.7956396310099363,0.8113220209074679,0.7943447525829257,0.016985275131280075,0.7882666499375011,0.8004228552283503,0.8449799196787147,0.017446643956081358,0.8387367183196768,0.8512231210377526,0.8670879410215905,0.016952581754640785,0.8610215375507452,0.8731543444924358,0.8365373805508711,0.015321323637247189,0.8310547153004589,0.8420200458012833,0.8043499511241448,0.01656971287950841,0.7984205555206909,0.8102793467275986,0.7146291768541156,0.016229913888752834,0.7088213767578679,0.7204369769503634,0.6238157894736843,0.01974848416468824,0.6167488851747093,0.6308826937726594,0.6133971291866028,0.021342779838221485,0.6057597135078594,0.6210345448653463,0.6607095046854085,0.018914233153309663,0.653941133276835,0.6674778760939819,0.16578947368421054,0.009972313909721423,0.16222092698201093,0.16935802038641015
0.228,0.684,0.7291166666666665,0.006353499352560652,0.006353499352560652,0.7268430961225318,0.7313902372108012,0.7291166666666665,0.8890495867768595,0.01495961053821483,0.8836963588965883,0.8944028146571308,0.8465263157894736,0.01701678920124618,0.8404369359789428,0.8526156956000044,0.9255334805003679,0.01082901677558005,0.9216583666148244,0.9294085943859114,0.9813559322033897,0.005574948459173448,0.979360962518418,0.9833509018883614,0.8956022944550669,0.016072797969598644,0.8898507175684209,0.9013538713417129,0.8111504424778759,0.019063380265710965,0.8043286994605745,0.8179721854951774,0.8076128330614464,0.015971750212708493,0.801897415650212,0.8133282504726808,0.8510542168674698,0.013616679690458426,0.846181550619276,0.8559268831156637,0.8733017377567142,0.011492729534327744,0.8691891173107195,0.8774143582027089,0.8395165823496346,0.011523445901992696,0.8353929701926361,0.843640194506633,0.810117302052786,0.017037671504057227,0.8040204496061644,0.8162141544994076,0.7188671556642218,0.01959802407365718,0.7118540928173431,0.7258802185111004,0.6310526315789473,0.02011465369205267,0.6238546951974333,0.6382505679604613,0.6198298777246146,0.02396734073821049,0.6112532749896707,0.6284064804595585,0.6710843373493975,0.02096380766819292,0.6635825351200324,0.6785861395787627,0.17178362573099418,0.011472135937071477,0.16767837460913437,0.17588887685285398
0.232,0.6960000000000001,0.73156,0.007080015585410476,0.007080015585410476,0.7290264489608366,0.7340935510391634,0.73156,0.8921487603305784,0.015822760810726817,0.8864866580921231,0.8978108625690338,0.8529824561403508,0.01596713917843386,0.8472686887665404,0.8586962235141613,0.923914643119941,0.012657722095468575,0.9193851354399721,0.9284441507999098,0.9815677966101695,0.005812806555077901,0.9794877104987179,0.9836478827216211,0.8993626513702996,0.011433566190104738,0.8952712022551343,0.9034541004854648,0.8105604719764011,0.02149416042556765,0.8028688854501852,0.8182520585026171,0.8116911364872214,0.01829490838046103,0.8051443876023417,0.818237885372101,0.8548192771084336,0.01550849322569843,0.8492696340809813,0.860368920135886,0.874091627172196,0.012895392576479998,0.8694770702028745,0.8787061841415176,0.8487914558740866,0.013057332749277858,0.844118949358168,0.8534639623900051,0.8093841642228738,0.013894314223851751,0.8044121477328477,0.8143561807129,0.7204563977180116,0.016480882870086724,0.7145587895251876,0.7263540059108357,0.6333333333333333,0.021469148009067206,0.6256506973854109,0.6410159692812557,0.6263689526847422,0.02402381677012448,0.6177721402613284,0.634965765108156,0.6736278447121821,0.02890129767767413,0.6632856481617493,0.6839700412626148,0.1717543859649123,0.010259266277347348,0.1680831546767229,0.17542561725310168
0.23600000000000002,0.7080000000000001,0.7380333333333333,0.005739658366220029,0.005739658366220029,0.7359794229650927,0.740087243701574,0.7380333333333333,0.9019972451790633,0.014423911919593234,0.8968357145875218,0.9071587757706049,0.8619649122807017,0.015876910553550505,0.8562834328056363,0.8676463917557671,0.9278881530537161,0.011050207124241925,0.9239338872184424,0.9318424188889898,0.9848870056497177,0.005801701110378751,0.9828108935706136,0.9869631177288217,0.904206500956023,0.014089585794983192,0.8991646074316894,0.9092483944803565,0.8177581120943953,0.016449531329501877,0.8118717229062853,0.8236445012825053,0.8120174007612833,0.015568790439945373,0.8064461806528244,0.8175886208697422,0.8621987951807228,0.016591032209389543,0.8562617705530496,0.868135819808396,0.8837282780410742,0.01207122711135179,0.8794086448957794,0.888047911186369,0.8547498594716134,0.014832218624578149,0.849442218202174,0.8600575007410528,0.8162267839687193,0.013517479578934214,0.8113896160245341,0.8210639519129045,0.7288508557457212,0.014416207994170028,0.7236920819684869,0.7340096295229555,0.6426754385964913,0.014030431585499136,0.6376547131341629,0.6476961640588198,0.6338649654439129,0.02010295257902626,0.6266712162519199,0.6410587146359059,0.675368139223561,0.01907417923658217,0.6685425318441628,0.6821937466029592,0.17771929824561405,0.012652315438586052,0.17319172531296287,0.18224687117826524
0.24,0.72,0.7430233333333331,0.005912213153110778,0.005912213153110778,0.7409076750276247,0.7451389916390416,0.7430233333333331,0.9057851239669421,0.014675992651986363,0.9005333874438171,0.9110368604900672,0.861122807017544,0.014517247316227897,0.8559278767832641,0.8663177372518238,0.9280353200883003,0.0133032644478461,0.923274808044293,0.9327958321323075,0.9852401129943504,0.0056599058242677676,0.9832147417067236,0.9872654842819772,0.9087316762268961,0.013923828134223177,0.9037490983196825,0.9137142541341097,0.8233628318584071,0.015092815033690518,0.8179619373616063,0.8287637263552079,0.8253398586188145,0.015611465032774783,0.819753367603434,0.8309263496341951,0.8668172690763054,0.010150472450726063,0.8631849691589818,0.870449568993629,0.8877830437072145,0.012614261558217316,0.8832690881807667,0.8922969992336623,0.8554243957279369,0.015340512344163868,0.8499348638869414,0.8609139275689325,0.8219452590420332,0.014467725757281995,0.8167680498700328,0.8271224682140336,0.7365933170334149,0.016770393124472517,0.7305921089265796,0.7425945251402503,0.6468859649122807,0.01659141399362997,0.6409488036648716,0.6528231261596897,0.643912812333865,0.023855274496287555,0.6353763119885634,0.6524493126791666,0.6884203480589022,0.01864473171872462,0.6817484165001302,0.6950922796176742,0.17970760233918126,0.010533203366073721,0.17593834392274116,0.18347686075562136
0.244,0.732,0.7448933333333334,0.007173607438253146,0.007173607438253146,0.7423262908797562,0.7474603757869106,0.7448933333333334,0.9037190082644627,0.012731768718784679,0.8991630033406409,0.9082750131882845,0.8602105263157894,0.016729204160695288,0.854224057490347,0.8661969951412318,0.9301692420897719,0.011986086028395853,0.9258800762897247,0.9344584078898192,0.9843220338983051,0.004540577730886717,0.9826972090247277,0.9859468587718825,0.9096876991714468,0.012926094721196442,0.9050621555807382,0.9143132427621553,0.8265486725663714,0.014989399019111385,0.8211847850151122,0.8319125601176307,0.8231103860793909,0.018896945204379692,0.8163482010838907,0.8298725710748911,0.867570281124498,0.011871189762134493,0.8633222304252963,0.8718183318236996,0.886571879936809,0.014457498906942826,0.8813983303962022,0.8917454294774158,0.8632939853850478,0.014653964805994348,0.8580501314253762,0.8685378393447193,0.8269794721407623,0.016300488769024093,0.8211464171479549,0.8328125271335697,0.736715566422168,0.01562750060349312,0.7311233371515016,0.7423077956928343,0.6559210526315788,0.023643214165628267,0.6474604371010245,0.6643816681621332,0.6433280170122277,0.025581794745472057,0.6341736893304338,0.6524823446940217,0.686813922356091,0.023919649914183667,0.6782543855633494,0.6953734591488325,0.18412280701754388,0.012779080153443867,0.17954987191426147,0.1886957421208263
0.248,0.744,0.7509733333333334,0.0059015447033007795,0.0059015447033007795,0.7488614926833597,0.7530851739833071,0.7509733333333334,0.9107438016528928,0.01449229579896708,0.9055578002043935,0.9159298031013922,0.864701754385965,0.01444812680585869,0.8595315586086593,0.8698719501632707,0.9353936718175129,0.01071984527171022,0.9315576244529028,0.939229719182123,0.9861581920903953,0.005500413709702807,0.9841898943229777,0.988126489857813,0.9150414276609307,0.01356380455742778,0.9101876825360902,0.9198951727857712,0.8358702064896756,0.01587100434025092,0.830190840525896,0.8415495724534552,0.8353452963567156,0.018190530234528327,0.8288358987116607,0.8418546940017705,0.8707329317269076,0.013022046845225831,0.8660730521095884,0.8753928113442268,0.8909426013691415,0.013756457604967506,0.8860199162366268,0.8958652865016562,0.866610455311973,0.013221643408244731,0.8618791509818761,0.87134175964207,0.8338709677419355,0.013250582910764233,0.829129307543861,0.8386126279400099,0.7471475142624288,0.011708523204554401,0.7429576730432801,0.7513373554815774,0.6591666666666669,0.017066769941251128,0.653059401478025,0.6652739318553088,0.6495481127060075,0.017680485402535518,0.643221232260036,0.6558749931519791,0.702342704149933,0.019946119428272444,0.6952050769801692,0.7094803313196969,0.18614035087719297,0.012689589184921938,0.18159943970571682,0.19068126204866911
0.252,0.756,0.7534966666666668,0.006579879641144967,0.006579879641144967,0.7511420869766524,0.7558512463566812,0.7534966666666668,0.9108815426997245,0.013474707549747217,0.9060596805296138,0.9157034048698353,0.8737543859649122,0.015951817156541353,0.8680461015062195,0.8794626704236048,0.9352465047829285,0.014049475831255211,0.9302189644247791,0.9402740451410778,0.9854519774011298,0.005959623251466106,0.9833193536096104,0.9875846011926491,0.9148502230720204,0.014463838995857943,0.9096744047597329,0.9200260413843078,0.8352212389380532,0.0192112656356063,0.8283465758207809,0.8420959020553256,0.8354540511147363,0.015878400158129385,0.8297720385915183,0.8411360636379542,0.8751506024096385,0.011593991033624108,0.8710017460014945,0.8792994588177825,0.8930489731437599,0.010439160972153994,0.8893133673657874,0.8967845789217324,0.8691961776278807,0.01734319689304447,0.8629899943249324,0.875402360930829,0.8365102639296186,0.015583156356990008,0.8309339030437677,0.8420866248154695,0.7526894865525671,0.018016041306716198,0.7462425289684199,0.7591364441367142,0.6617982456140351,0.015616426708357998,0.6562099790858498,0.6673865121422204,0.6555023923444979,0.019902628053299145,0.6483803283633922,0.6626244563256036,0.7103748326639894,0.019054852282631367,0.7035561413462403,0.7171935239817384,0.18596491228070178,0.013645920338687757,0.18108178240092213,0.19084804216048143
0.256,0.768,0.7587100000000001,0.004864817393886634,0.004864817393886634,0.756969147453147,0.7604508525468532,0.7587100000000001,0.9132231404958677,0.012229325187304258,0.9088469326806746,0.9175993483110608,0.8774736842105265,0.014839157396047225,0.8721635599336058,0.8827838084874472,0.9373804267844001,0.011901672618960647,0.9331214679349752,0.9416393856338251,0.9843220338983052,0.005325026054904674,0.9824164977971168,0.9862275699994936,0.9204588910133844,0.012519005000754906,0.9159790226082479,0.9249387594185209,0.843716814159292,0.01771832951528761,0.8373763913714947,0.8500572369470893,0.8378466557911908,0.01560362559016296,0.8322629700843207,0.8434303414980608,0.8802710843373494,0.014258631083438868,0.8751686987334341,0.8853734699412646,0.9,0.013476260285113855,0.8951775821906743,0.9048224178093257,0.8731309724564361,0.01320927655859136,0.8684040935466525,0.8778578513662197,0.84208211143695,0.014719024406440446,0.8368149761982573,0.8473492466756427,0.7524857375713122,0.012796411546316316,0.7479066005087414,0.7570648746338831,0.6761842105263158,0.015722597331995596,0.6705579513283969,0.6818104697242348,0.6696969696969699,0.020546027051886986,0.662344668341129,0.6770492710528108,0.7099732262382865,0.019551855990827892,0.7029766844276708,0.7169697680489022,0.1914035087719298,0.011007840949974547,0.18746440347741275,0.19534261406644685
0.26,0.78,0.7610633333333333,0.006291893160268206,0.006291893160268206,0.7588118082819829,0.7633148583846837,0.7610633333333333,0.9139118457300276,0.012100252178695684,0.9095818260977762,0.918241865362279,0.8785263157894737,0.011664753833427433,0.8743521372386291,0.8827004943403183,0.9393671817512879,0.010606382327069924,0.9355717365799684,0.9431626269226073,0.987994350282486,0.004497191783942647,0.986385050870631,0.9896036496943409,0.9198215423836837,0.011976915892548779,0.9155356580746056,0.9241074266927619,0.8427138643067844,0.013070210271195752,0.8380367496288296,0.8473909789847393,0.839695486677542,0.014362359729538181,0.8345559822543324,0.8448349911007517,0.8846385542168675,0.010272380267835777,0.8809626301474507,0.8883144782862844,0.9003159557661926,0.010701320457743645,0.8964865374211248,0.9041453741112604,0.8740865654862282,0.01151706191743835,0.8699652378087632,0.8782078931636932,0.8453079178885631,0.017762002375980867,0.8389518669682768,0.8516639688088493,0.7612469437652813,0.018936480800320718,0.7544706111384699,0.7680232763920928,0.6797368421052631,0.016541382845803077,0.6738175842741725,0.6856560999363537,0.6709728867623604,0.017957212928043746,0.66454698064316,0.6773987928815609,0.7159973226238289,0.01858946508124864,0.7093451679772853,0.7226494772703724,0.19166666666666662,0.013002204531445223,0.18701388753014325,0.19631944580319
0.264,0.792,0.7638266666666665,0.005751097846218721,0.005751097846218721,0.7617686627330815,0.7658846706002516,0.7638266666666665,0.9156336088154269,0.010757539572286905,0.9117840727185895,0.9194831449122642,0.8769122807017543,0.014329163533295271,0.8717846553848083,0.8820399060187003,0.9416482707873436,0.010234687501930125,0.937985834900979,0.9453107066737082,0.9880649717514125,0.005436730258705093,0.9861194628142602,0.9900104806885648,0.922880815806246,0.010808391886533864,0.9190130824424606,0.9267485491700315,0.8475516224188788,0.017843375064827652,0.8411664526558583,0.8539367921818993,0.8479608482871126,0.014022690393970123,0.8429428929745961,0.8529788035996291,0.8883534136546185,0.011697303484071352,0.8841675873608815,0.8925392399483555,0.901843075302791,0.013613392552340101,0.8969715853418658,0.9067145652637161,0.8776840921866217,0.013633406479861743,0.8728054403337122,0.8825627440395312,0.8463831867057673,0.013398213875031515,0.8415886974456067,0.8511776759659279,0.7586797066014668,0.01893498395826332,0.7519039096127065,0.7654555035902271,0.6804824561403506,0.02062312358375456,0.6731025661448984,0.6878623461358029,0.6762892078681554,0.016619482324407794,0.6703420024975728,0.682236413238738,0.725970548862115,0.021988881871195534,0.7181019285402038,0.7338391691840261,0.19520467836257308,0.009390566950592824,0.19184430713612632,0.19856504958901983
0.268,0.804,0.76671,0.006482674522565297,0.006482674522565297,0.7643902047149376,0.7690297952850624,0.76671,0.9212809917355371,0.011229748316138035,0.9172624779098723,0.925299505561202,0.8775438596491228,0.012848510298642524,0.8729460792874656,0.8821416400107801,0.9403973509933773,0.011029912879153508,0.936450347360441,0.9443443546263136,0.9887005649717512,0.003947315559775734,0.9872880362396134,0.990113093703889,0.9251752708731674,0.01477428184747592,0.9198883620131504,0.9304621797331845,0.8463716814159292,0.01582647510979584,0.8407082500326222,0.8520351127992363,0.8452419793365961,0.01735828571044731,0.8390303965696848,0.8514535621035073,0.8873995983935743,0.011302506510452753,0.8833550483824533,0.8914441484046953,0.9062137967351238,0.012338350854891407,0.9017985745858409,0.9106290188844067,0.8826869027543564,0.013164659708211261,0.8779759897794328,0.8873978157292799,0.8420821114369501,0.013400795845574293,0.837286698230497,0.8468775246434033,0.7695191524042378,0.014334951574324233,0.7643894558634101,0.7746488489450656,0.6874999999999999,0.016301989070215617,0.6816664081313062,0.6933335918686936,0.6849016480595427,0.017404229704759692,0.6786736244454145,0.6911296716736709,0.7259705488621152,0.019258442393070438,0.7190790037589976,0.7328620939652328,0.19997076023391813,0.010640346596417884,0.19616316110490428,0.20377835936293198
0.272,0.8160000000000001,0.76896,0.005604960856856766,0.005604960856856766,0.7669542905164471,0.7709657094835528,0.76896,0.9227961432506887,0.011731504276827983,0.9185980783604425,0.9269942081409349,0.8898947368421053,0.010948345621609894,0.8859769216774172,0.8938125520067934,0.9428991905813099,0.008375557049714316,0.9399020359831473,0.9458963451794725,0.9885593220338984,0.00499506933777001,0.9867718594275338,0.990346784640263,0.9278521351179094,0.010650951192580858,0.9240407411828949,0.9316635290529239,0.8496755162241886,0.015554771531810752,0.8441093127175782,0.855241719730799,0.8508972267536704,0.013047758036277626,0.8462281465047958,0.855566307002545,0.894226907630522,0.009076589769343394,0.8909788916954205,0.8974749235656235,0.9045286993154292,0.010895248858291124,0.9006298845834745,0.908427514047384,0.883080382237212,0.015520990184208622,0.8775262672305898,0.8886344972438341,0.851368523949169,0.014970396587292704,0.8460114363308053,0.8567256115675326,0.771882640586797,0.012286330967648347,0.7674860335150929,0.7762792476585011,0.687543859649123,0.020815168634046536,0.6800952472150174,0.6949924720832287,0.6827751196172248,0.019597742895008145,0.6757621573888335,0.6897880818456161,0.7272423025435073,0.019710507748670673,0.7201889879304735,0.7342956171565411,0.19716374269005849,0.010979562707098817,0.19323475663479442,0.20109272874532255
0.276,0.8280000000000001,0.7725733333333333,0.0046760529578232755,0.0046760529578232755,0.7709000292724089,0.7742466373942578,0.7725733333333333,0.9236914600550963,0.012143967689896536,0.9193457970280677,0.9280371230821248,0.8871578947368418,0.014091116236363372,0.8821154535510939,0.8922003359225897,0.9459161147902871,0.010414799710397247,0.9421892265778757,0.9496430030026985,0.9898305084745763,0.005019797554931495,0.9880341969893455,0.9916268199598072,0.9297641810070109,0.013397814909952252,0.9249698345146704,0.9345585274993513,0.8533923303834808,0.015562755666682748,0.8478232697908996,0.8589613909760621,0.8524197933659597,0.013257994236479918,0.8476754810590387,0.8571641056728808,0.8906124497991967,0.010667421203205433,0.8867951621465725,0.894429737451821,0.9085834649815692,0.011306514563033943,0.904537480707252,0.9126294492558863,0.8861720067453625,0.010524208059086188,0.8824059672581875,0.8899380462325374,0.8569403714565005,0.013601406209216594,0.8520731707533757,0.8618075721596252,0.7746943765281173,0.014557610397119593,0.7694850025508396,0.7799037505053951,0.6927192982456141,0.01678904034471597,0.6867114173167128,0.6987271791745153,0.6939393939393939,0.02011894468997397,0.6867399220439941,0.7011388658347936,0.7414323962516733,0.016797781182410248,0.735421387454174,0.7474434050491727,0.20146198830409354,0.010128952091046067,0.1978373893485789,0.20508658725960818
0.28,0.8400000000000001,0.7759700000000002,0.006050656846645822,0.006050656846645822,0.7738048002548146,0.7781351997451857,0.7759700000000002,0.925413223140496,0.013557658652145496,0.9205616772996157,0.9302647689813763,0.889122807017544,0.015718736486375676,0.8834979294054865,0.8947476846296014,0.9478292862398823,0.010837547938286285,0.9439511195169715,0.951707452962793,0.9907485875706213,0.003314257179741069,0.9895625958703925,0.9919345792708502,0.9307202039515615,0.014411010985034039,0.9255632899001623,0.9358771180029607,0.8564011799410031,0.014725726313020791,0.851131646455841,0.8616707134261651,0.8581294181620446,0.01666649766371775,0.8521653885683613,0.8640934477557278,0.8954317269076305,0.012065599010715206,0.8911141077522831,0.899749346062978,0.9161137440758295,0.008705852187481369,0.9129983948805751,0.9192290932710838,0.8865654862282181,0.010756296707783308,0.8827163948847314,0.8904145775717047,0.8615347018572825,0.016658957137947017,0.8555733706060918,0.8674960331084732,0.7780358598207009,0.013451966850388115,0.773222135305345,0.7828495843360568,0.7003070175438597,0.017070967060716456,0.6941982504353061,0.7064157846524133,0.698936735778841,0.01999796113970648,0.6917805572908927,0.7060929142667892,0.7421017402945115,0.021708555953935036,0.7343334333137804,0.7498700472752425,0.20312865497076027,0.013684139430324975,0.19823184856468415,0.2080254613768364
0.28400000000000003,0.8520000000000001,0.7793800000000001,0.005177231319723989,0.005177231319723989,0.7775273515655665,0.7812326484344336,0.7793800000000001,0.9321625344352616,0.009932236468449202,0.9286083292612348,0.9357167396092885,0.8983157894736842,0.015051349684606441,0.8929297331614882,0.9037018457858802,0.9481972038263431,0.009730539359793027,0.9447151750356968,0.9516792326169894,0.9898305084745762,0.003402591410581509,0.9886129067758043,0.9910481101733482,0.9321223709369024,0.01104395933946883,0.9281703408426965,0.9360744010311084,0.8593510324483778,0.009668914638448114,0.8558910557810522,0.8628110091157035,0.8612289287656336,0.011510761928078674,0.8571098555104077,0.8653480020208595,0.9001506024096386,0.010192506756309033,0.8965032607092418,0.9037979441100354,0.9153238546603476,0.009502249555028541,0.9119235183271703,0.9187241909935249,0.8925238898257447,0.010020006650562718,0.8889382764954196,0.8961095031560699,0.8668132942326491,0.012864115645157274,0.86220992956946,0.8714166588958382,0.7831295843520781,0.014366791899454378,0.7779884938972332,0.788270674806923,0.7084210526315791,0.014316503398446895,0.7032979576857056,0.7135441475774525,0.7001063264221157,0.019409455807284922,0.6931607418627432,0.7070519109814881,0.7400937081659973,0.01752691808791893,0.7338217810778023,0.7463656352541923,0.20540935672514624,0.01123610980822124,0.20138856646877526,0.2094301469815172
0.28800000000000003,0.8640000000000001,0.7820300000000001,0.004945855108939271,0.004945855108939271,0.7802601484792455,0.7837998515207547,0.7820300000000001,0.931611570247934,0.010526078328056535,0.9278448614936033,0.9353782790022646,0.8987368421052631,0.014693740443288398,0.8934787546165852,0.9039949295939409,0.9534216335540838,0.011555916778320527,0.94928640184322,0.9575568652649477,0.9893361581920904,0.003583528174677944,0.9880538091038291,0.9906185072803517,0.9357552581261949,0.010776463860631514,0.9318989500597449,0.9396115661926449,0.8623598820058996,0.011306084295574448,0.8583140517008155,0.8664057123109837,0.8630777596519847,0.012430665396728742,0.8586295031681611,0.8675260161358084,0.9011546184738956,0.012135403962186207,0.8968120199374713,0.9054972170103198,0.9156398104265401,0.009198525697765182,0.9123481602798416,0.9189314605732386,0.8943788645306352,0.014007680734161964,0.8893662803559003,0.8993914487053701,0.8684261974584555,0.016686748085787163,0.8624549213443009,0.8743974735726101,0.7952322738386309,0.01434938423444645,0.7900974126367076,0.8003671350405542,0.7118421052631577,0.015861150077002974,0.7061662656021935,0.7175179449241219,0.7006911217437533,0.02045610746848268,0.6933709976975845,0.708011245789922,0.747590361445783,0.01857050717947736,0.7409449907972622,0.7542357320943037,0.20543859649122806,0.010292833039976638,0.20175535349129667,0.20912183949115945
0.292,0.876,0.7832633333333331,0.003830952284001831,0.003830952284001831,0.7818924446646529,0.7846342220020133,0.7832633333333331,0.93030303030303,0.013378228689122142,0.9255156926497999,0.93509036795626,0.8957192982456141,0.012628352078252695,0.8912003004913284,0.9002382959998999,0.9495217071376013,0.013241649530176671,0.9447832437087145,0.9542601705664882,0.9920197740112994,0.005527081971473163,0.9900419331289682,0.9939976148936306,0.9353728489483747,0.01106277796557708,0.9314140846953018,0.9393316132014475,0.8637758112094395,0.011753904725492297,0.8595697304215859,0.867981891997293,0.8685154975530178,0.0129205425376479,0.8638919407856757,0.87313905432036,0.9002510040160644,0.010356421465358123,0.8965450061903476,0.9039570018417812,0.9203264876250657,0.010808013561839015,0.9164588896430337,0.9241940856070978,0.896008993816751,0.012906259410231831,0.8913905482009128,0.9006274394325893,0.8689638318670577,0.012831801911184935,0.8643720305250644,0.873555633209051,0.7911165444172779,0.015505838018843775,0.7855678515433958,0.7966652372911599,0.7134649122807019,0.019487791443539647,0.7064912956739078,0.7204385288874959,0.7075491759702285,0.013780312529811283,0.70261795446249,0.712480397477967,0.7518072289156627,0.017786129407694123,0.74544254424796,0.7581719135833653,0.2080701754385965,0.009788088031044027,0.20456755312042305,0.21157279775676993
0.296,0.888,0.7893633333333333,0.004028474797662546,0.004028474797662546,0.7879217621409064,0.7908049045257602,0.7893633333333333,0.9360192837465564,0.011516221282285926,0.9318982568865174,0.9401403106065954,0.9015438596491229,0.00963458179498136,0.8980961688320461,0.9049915504661996,0.9554083885209714,0.009173497757649878,0.9521256945076206,0.9586910825343222,0.9900423728813561,0.004490877515767176,0.9884353330013489,0.9916494127613633,0.9387507966857871,0.00797867302605034,0.9358956652115076,0.9416059281600666,0.871504424778761,0.013069108276314051,0.8668277044446101,0.8761811451129119,0.8713431212615552,0.012414413900839342,0.8669006803008475,0.8757855622222629,0.9079819277108432,0.011919952637137634,0.9037164274409243,0.9122474279807621,0.9209583991574511,0.009141120868483236,0.9176872910650922,0.9242295072498101,0.8960652051714447,0.012123898597710835,0.891726723776822,0.9004036865660674,0.8741446725317694,0.015267551934252398,0.8686812492381519,0.8796080958253869,0.7983292583537084,0.014991292604829,0.7929646931915025,0.8036938235159142,0.7192543859649123,0.018246788289962613,0.712724856633269,0.7257839152965556,0.7238702817650184,0.015146352326732759,0.7184502291939472,0.7292903343360897,0.7655957161981258,0.016098265253070714,0.759835025961131,0.7713564064351207,0.2162865497076024,0.012398286214331802,0.21184987996539242,0.22072321944981235
0.3,0.9,0.7877966666666668,0.0037515498712907495,0.0037515498712907495,0.7864541917864606,0.789139141546873,0.7877966666666668,0.9369146005509641,0.012250171098642466,0.9325309331222016,0.9412982679797266,0.8979649122807019,0.014092562294783359,0.8929219536295941,0.9030078709318096,0.9534216335540839,0.009043436056442287,0.9501854815227775,0.9566577855853904,0.9913841807909606,0.0031440983844384313,0.9902590796336213,0.9925092819482999,0.9428298279158699,0.009304281380669544,0.9395003335840721,0.9461593222476676,0.8699115044247787,0.012979119850725942,0.865266986035159,0.8745560228143985,0.8694399129961936,0.012382958565938566,0.865008728182519,0.8738710978098683,0.9056224899598394,0.010658986380191067,0.9018082206698663,0.9094367592498125,0.9228014744602421,0.008866324929357851,0.919628700831802,0.9259742480886821,0.8976953344575603,0.01003369830803194,0.8941048216305335,0.9012858472845872,0.8729227761485827,0.012807802531069008,0.8683395628744683,0.8775059894226971,0.7989405052974734,0.00897618945929997,0.7957284171519049,0.8021525934430419,0.7181578947368422,0.01377586921205052,0.7132282632499439,0.7230875262237405,0.7132908027644869,0.02024642683999965,0.7060457119675783,0.7205358935613955,0.7572289156626507,0.021042916032944566,0.7496988048685226,0.7647590264567788,0.2138304093567251,0.01120442187230768,0.20982095848259052,0.21783986023085966
0.304,0.912,0.7912199999999999,0.003850517206638697,0.003850517206638697,0.7898421101136699,0.79259788988633,0.7912199999999999,0.9394628099173553,0.007160319092407664,0.9369005226372689,0.9420250971974418,0.9045614035087719,0.011836222239705348,0.900325865776769,0.9087969412407748,0.955261221486387,0.010023167067643292,0.9516744772153342,0.9588479657574399,0.9925847457627118,0.003372893837956977,0.9913777712038206,0.993791720321603,0.9412364563416188,0.010387292668890115,0.9375194113975948,0.9449535012856428,0.8707964601769913,0.014265697229543224,0.865691545985167,0.8759013743688157,0.8778684067427948,0.013104835524865315,0.8731789015769438,0.8825579119086457,0.9095883534136548,0.01098528158509967,0.9056573208841808,0.9135193859431289,0.9261716692996314,0.011519157087947287,0.9220495918750287,0.930293746724234,0.90415964024733,0.011412284661337287,0.9000758066294293,0.9082434738652306,0.8742913000977516,0.010040718480435893,0.870698275134293,0.8778843250612102,0.7987367563162183,0.01581109115781214,0.7930788300094276,0.8043946826230091,0.7257017543859648,0.016447761640792542,0.7198159984728264,0.7315875102991033,0.7164805954279638,0.0184939848549849,0.7098626079415842,0.7230985829143435,0.7626506024096386,0.02386679153118623,0.754109980746328,0.7711912240729492,0.21719298245614035,0.009899142206213882,0.2136506199117611,0.2207353450005196
0.308,0.924,0.7943966666666668,0.00400650189957079,0.00400650189957079,0.7929629583748397,0.7958303749584938,0.7943966666666668,0.9386363636363636,0.009162359440455226,0.9353576554186319,0.9419150718540953,0.9051929824561405,0.012306566833433992,0.9007891340728643,0.9095968308394168,0.9573215599705666,0.010294440260603676,0.9536377418341202,0.9610053781070129,0.9919491525423729,0.004359715863258144,0.9903890482569281,0.9935092568278178,0.9432122370936901,0.009502694944389418,0.9398117413799769,0.9466127328074032,0.8745722713864306,0.011820345581356653,0.8703424150436524,0.8788021277292087,0.8784665579119085,0.011612489163710318,0.8743110820329262,0.8826220337908909,0.9137048192771087,0.0090114431801164,0.9104801157495638,0.9169295228046536,0.9253291205897841,0.012362390811485935,0.9209052958525158,0.9297529453270524,0.901742551995503,0.012078925837459682,0.8974201638964521,0.906064940094554,0.8792766373411534,0.012807802531069007,0.874693424067039,0.8838598506152677,0.8058679706601468,0.01222240931590165,0.8014942376577515,0.8102417036625421,0.7246491228070175,0.015641064989317822,0.7190520395832225,0.7302462060308126,0.727432216905901,0.014898885850230656,0.7221007190761486,0.7327637147356534,0.7771084337349399,0.016965115902862832,0.7710375449767574,0.7831793224931224,0.22108187134502927,0.011422069062777401,0.2169945364240401,0.22516920626601844
0.312,0.936,0.7951233333333334,0.004421084539538586,0.004421084539538586,0.7935412685491176,0.7967053981175493,0.7951233333333333,0.9393939393939393,0.00960448177264888,0.9359570197315217,0.942830859056357,0.9025263157894735,0.0159006371183639,0.8968363458722314,0.9082162857067156,0.9584988962472406,0.012012926417824638,0.9542001257371883,0.962797666757293,0.9918079096045198,0.003923717978642587,0.9904038251583416,0.993211994050698,0.9420012746972594,0.010059280676693034,0.9384016073371776,0.9456009420573411,0.8727433628318585,0.013425846768625075,0.8679389852677197,0.8775477403959973,0.8765089722675368,0.011106791669041192,0.8725344579129558,0.8804834866221177,0.9109939759036145,0.010585479906996344,0.9072060105672559,0.9147819412399731,0.928067403896788,0.00901074234279408,0.9248429511606581,0.9312918566329179,0.9064080944350758,0.013313292097851096,0.9016439940425989,0.9111721948275526,0.8813782991202345,0.014424960204976845,0.8762163934045861,0.8865402048358828,0.8057864710676447,0.013305786998871798,0.8010250563403458,0.8105478857949435,0.7330263157894737,0.014460685468012754,0.7278516259526329,0.7382010056263146,0.7299840510366825,0.018286348605347887,0.7234403652279884,0.7365277368453766,0.7767068273092369,0.01948572662762397,0.7697339495873288,0.783679705031145,0.2199707602339181,0.012415395074716765,0.21552796816464764,0.22441355230318855
0.316,0.9480000000000001,0.7977500000000001,0.0042416449314078486,0.0042416449314078486,0.7962321468548919,0.7992678531451083,0.79775,0.9387052341597797,0.010525845251689939,0.9349386088107556,0.9424718595088037,0.9072280701754384,0.012212445350587237,0.9028579027322388,0.911598237618638,0.9560706401766004,0.01095884262043877,0.952149068709123,0.9599922116440778,0.9931497175141243,0.0036773239098517392,0.9918338040530941,0.9944656309751545,0.9440407903123007,0.010277483037521372,0.940363040240203,0.9477185403843984,0.8856637168141591,0.011362472508784232,0.8815977082461247,0.8897297253821935,0.8856987493202827,0.013519812184004916,0.8808607466640931,0.8905367519764723,0.9160140562248995,0.009709402619109955,0.9125395911197671,0.9194885213300319,0.927962085308057,0.009996565239273336,0.9243848603790307,0.9315393102370834,0.9078695896571108,0.01192820310584017,0.9036011369948839,0.9121380423193378,0.8847996089931572,0.011575500033122509,0.8806573695045625,0.888941848481752,0.8098207008964955,0.011335502367271037,0.8057643434696532,0.8138770583233378,0.7344298245614034,0.017152605618893736,0.7282918434699975,0.7405678056528092,0.729452418926103,0.019236962893696304,0.7225685601631217,0.7363362776890844,0.7707496653279787,0.020260123782008303,0.7634996731433202,0.7779996575126372,0.22286549707602338,0.010427376659545212,0.21913410826016,0.22659688589188676
0.32,0.9600000000000001,0.7990133333333334,0.0035920154109696633,0.0035920154109696633,0.7977279471265705,0.8002987195400962,0.7990133333333334,0.9404958677685952,0.007832844313675357,0.9376929204288448,0.9432988151083456,0.9181754385964912,0.010844319310642446,0.9142948487691024,0.92205602842388,0.9579838116261956,0.008084608457367994,0.9550907716446733,0.960876851607718,0.994138418079096,0.0035921562646343977,0.9928529814684964,0.9954238546896955,0.947100063734863,0.009920467306216424,0.943550070101453,0.950650057368273,0.8777581120943952,0.014858632235091164,0.8724410188358245,0.883075205352966,0.8846655791190866,0.011702229094114464,0.8804779902184326,0.8888531680197406,0.9168172690763051,0.011219162091849403,0.9128025434823501,0.9208319946702601,0.9295418641390205,0.008262065693017505,0.9265853219012724,0.9324984063767686,0.9050590219224283,0.010051437061397864,0.9014621613640326,0.908655882480824,0.8842619745845551,0.011285254376137418,0.8802235981704122,0.8883003509986981,0.8118581907090464,0.01491846761003432,0.8065196856365414,0.8171966957815514,0.7347368421052631,0.00970355323878933,0.7312644701739961,0.7382092140365302,0.7322169059011163,0.01746292822551484,0.7259678772911003,0.7384659345111323,0.7793842034805891,0.021111412462334035,0.7718295815539973,0.786938825407181,0.2240058479532164,0.009108728880261159,0.22074633118497677,0.22726536472145603
0.324,0.9720000000000001,0.8014066666666668,0.0035970230347668842,0.0035970230347668842,0.8001194885047419,0.8026938448285917,0.8014066666666668,0.9459366391184572,0.012504086617961447,0.941462109188042,0.9504111690488724,0.9138245614035088,0.012727204084932808,0.9092701899129328,0.9183789328940847,0.9602649006622516,0.008579062945239791,0.9571949224146401,0.963334878909863,0.9930084745762712,0.003612208329380936,0.9917158624264566,0.9943010867260857,0.9467813894200126,0.009554733481013671,0.9433622719551252,0.9502005068848999,0.8826548672566372,0.012865434379917157,0.8780510306902749,0.8872587038229995,0.8869494290375204,0.01162354717521415,0.8827899960999415,0.8911088619750993,0.9178714859437751,0.011690615360927959,0.913688052964168,0.9220549189233822,0.9318062137967352,0.008732829800302794,0.9286812107867155,0.934931216806755,0.9068015739179313,0.015179865308361134,0.901369528880402,0.9122336189554605,0.884995112414467,0.010902674632506782,0.8810936404033364,0.8888965844255977,0.8174816625916871,0.014354411294789909,0.8123450024793231,0.8226183227040511,0.7448684210526315,0.01658013564145377,0.738935295711716,0.750801546393547,0.7373737373737372,0.018525497743776636,0.7307444731449293,0.7440030016025452,0.7769076305220884,0.019284536144594796,0.7700067478899085,0.7838085131542684,0.2247953216374269,0.007746930323614844,0.22202311822417933,0.22756752505067449
0.328,0.9840000000000001,0.8052333333333334,0.0046241743593583365,0.0046241743593583365,0.8035785937904477,0.806888072876219,0.8052333333333334,0.9442148760330576,0.011535591135941341,0.9400869177599074,0.9483428343062079,0.9168421052631579,0.01127297433375701,0.9128081232057446,0.9208760873205712,0.963428991905813,0.007595945940725826,0.9607108175600938,0.9661471662515322,0.9943502824858758,0.003114420860850989,0.9932358012939613,0.9954647636777902,0.950031867431485,0.010517550982635872,0.9462682101485235,0.9537955247144466,0.8851917404129793,0.011104120603176806,0.8812181818870424,0.8891652989389163,0.892767808591626,0.01120372421052066,0.8887586073725556,0.8967770098106963,0.9208333333333333,0.009033403314057997,0.917600771472781,0.9240658951938856,0.9339652448657189,0.008804637493191016,0.9308145458028102,0.9371159439286275,0.911017425519955,0.014002079248731793,0.9060068458110382,0.9160280052288718,0.8894428152492667,0.012289478670151174,0.8850450817866881,0.8938405487118454,0.8209046454767727,0.012780359650860124,0.8163312525112201,0.8254780384423253,0.7439473684210526,0.01577661303226078,0.7383017799530371,0.749592956889068,0.7443381180223285,0.016092136340932036,0.7385796209883755,0.7500966150562816,0.7868808567603748,0.015371915330144812,0.7813800875051666,0.7923816260155829,0.2323391812865497,0.010943374693571414,0.2284231449456149,0.23625521762748453
0.332,0.9960000000000001,0.80531,0.004600101198287125,0.004600101198287125,0.8036638749271692,0.8069561250728308,0.8053100000000001,0.9463498622589531,0.012174837873641271,0.9419931524785435,0.9507065720393627,0.9144561403508774,0.012343766858330149,0.9100389801096546,0.9188733005921003,0.964459161147903,0.009567125845190172,0.9610356091324475,0.9678827131633585,0.9934322033898307,0.003663266809815809,0.9921213201974453,0.9947430865822162,0.9509241555130656,0.007864888858300268,0.9481097411802903,0.9537385698458409,0.8857227138643069,0.014331296829341299,0.880594325157175,0.8908511025714388,0.8935290918977706,0.008705535590103413,0.890413855995433,0.8966443278001083,0.9241967871485944,0.010600123603179079,0.9204035816328557,0.9279899926643331,0.9310163243812535,0.00856617482859211,0.9279509580869536,0.9340816906755534,0.9102866779089375,0.009995183595757863,0.9067099473946933,0.9138634084231816,0.8899315738025415,0.011602687747669671,0.8857796053152444,0.8940835422898387,0.8195191524042379,0.013648968953579357,0.81463493159163,0.8244033732168458,0.7478508771929826,0.012972759863945615,0.7432086346954032,0.752493119690562,0.7421052631578946,0.013867029905504771,0.7371430102357968,0.7470675160799924,0.7870816599732262,0.023444082142610553,0.7786923029219451,0.7954710170245073,0.23128654970760235,0.012076632487384362,0.2269649822733361,0.23560811714186858
0.336,1.0080000000000002,0.80864,0.003735163754892418,0.003735163754892418,0.8073033888162402,0.8099766111837599,0.80864,0.9488292011019283,0.010888109120652823,0.9449329412922749,0.9527254609115816,0.9175438596491229,0.009448780873371705,0.9141626568379471,0.9209250624602987,0.9637233259749816,0.008414588594646534,0.9607122041178446,0.9667344478321185,0.994632768361582,0.0034177208378438767,0.9934097526667955,0.9958557840563684,0.953027405991077,0.010765735088368663,0.9491749371664745,0.9568798748156796,0.8925663716814157,0.012245998871005482,0.8881841972651385,0.8969485460976929,0.8948341489940186,0.011045344171139383,0.8908816233441637,0.8987866746438735,0.9245983935742971,0.010059529855695947,0.9209986370466543,0.9281981501019398,0.9374934175882045,0.009283117688131119,0.9341714965865182,0.9408153385898907,0.9128724002248455,0.010732567540571026,0.9090318002547921,0.9167130001948989,0.8925708699902248,0.010965392975131539,0.8886469545084246,0.8964947854720251,0.8262021189894051,0.011548984996978356,0.8220693677846377,0.8303348701941725,0.7501754385964912,0.012937045545687979,0.7455459763035658,0.7548049008894165,0.753003721424774,0.01677314634013902,0.7470015280923655,0.7590059147571825,0.7936412315930389,0.013888881936830196,0.788671159021958,0.7986113041641199,0.2309356725146199,0.010556352922823286,0.22715813013568686,0.23471321489355296
0.34,1.0200000000000002,0.8096800000000002,0.0026871854266576744,0.0026871854266576744,0.8087184030447389,0.8106415969552615,0.80968,0.947038567493113,0.010803963422941152,0.943172418834672,0.950904716151554,0.9192982456140352,0.009371635629219732,0.9159446488739379,0.9226518423541324,0.9650478292862398,0.008117796077092787,0.9621429132675213,0.9679527453049582,0.9941384180790961,0.0028740481583367076,0.9931099531540803,0.9951668830041118,0.9549394518801785,0.008029075094084666,0.9520662842574888,0.9578126195028681,0.8906194690265488,0.010366220477208843,0.8869099646694751,0.8943289733836224,0.8943447525829256,0.010394327458558391,0.890625190271749,0.8980643148941021,0.9243975903614459,0.010270857418480765,0.920722211236672,0.9280729694862198,0.9380726698262243,0.010424724288476976,0.934342230149158,0.9418031095032906,0.9165823496346263,0.009567439283794043,0.9131586854566068,0.9200060138126457,0.8965298142717498,0.009852518674680167,0.8930041357438592,0.9000554927996405,0.8297473512632437,0.011817392458717203,0.8255185516818302,0.8339761508446573,0.7510087719298244,0.01426672414971804,0.7459034902593349,0.7561140536003139,0.7528442317916002,0.01333388679464254,0.7480727616815248,0.7576157019016756,0.7927041499330656,0.016789501790531593,0.7866961038778999,0.7987121959882313,0.23301169590643273,0.011370848416042923,0.2289426900584795,0.23708070175438595
0.34400000000000003,1.0320000000000003,0.8120466666666667,0.003476594978377285,0.003476594978377285,0.810802583131262,0.8132907502020714,0.8120466666666667,0.9514462809917356,0.009010074828349904,0.9482220671225817,0.9546704948608894,0.9185263157894739,0.010976228884954633,0.9145985227271426,0.9224541088518051,0.9676968359087563,0.0062298480252968545,0.9654675134238108,0.9699261583937019,0.9944209039548023,0.002518107789661057,0.9935198106548995,0.9953219972547052,0.9550031867431484,0.007289217823069872,0.9523947736446826,0.9576115998416143,0.8915044247787611,0.010631160281919492,0.8877001129301724,0.8953087366273499,0.8983686786296902,0.01305162565350641,0.893698214371765,0.9030391428876153,0.9295682730923694,0.008778733295678038,0.9264268437274913,0.9327097024572476,0.9416008425487098,0.008547568902917468,0.9385421342994041,0.9446595507980154,0.9168071950534008,0.010492324693956155,0.9130525648819092,0.9205618252248924,0.9012707722385139,0.009371620868311625,0.8979171807805398,0.904624363696488,0.832681336593317,0.014774008054875996,0.8273945257087235,0.8379681474779105,0.7538596491228072,0.01706834398199691,0.7477518206709184,0.7599674775746961,0.7544922913343968,0.016484084079246376,0.7485935376035869,0.7603910450652066,0.7910977242302546,0.017469707074245427,0.7848462698403743,0.7973491786201349,0.23628654970760232,0.011012861483706877,0.23234564783816236,0.24022745157704228
0.34800000000000003,1.0440000000000003,0.8142033333333333,0.0034658415242570305,0.0034658415242570305,0.8129630978720651,0.8154435687946014,0.8142033333333332,0.9508953168044076,0.010347426178363175,0.9471925379008018,0.9545980957080135,0.9247017543859648,0.010441521752523513,0.9209653038135867,0.928438204958343,0.9696100073583517,0.0070211488806659166,0.9670975214989437,0.9721224932177597,0.9937853107344633,0.004086040166664403,0.9923231400392959,0.9952474814296307,0.9553855959209688,0.008526322126829832,0.952334490732841,0.9584367011090966,0.8950442477876105,0.012957462980542248,0.8904074792094562,0.8996810163657648,0.8977705274605763,0.01202084074750976,0.8934689248440185,0.902072130077134,0.9303212851405622,0.006722746627023407,0.9279155811562341,0.9327269891248904,0.9420221169036336,0.009014720911855557,0.9387962404548496,0.9452479933524176,0.9170882518268689,0.008846940389532428,0.9139224148669186,0.9202540887868192,0.9003910068426196,0.011615459946613605,0.8962344678826284,0.9045475458026109,0.8320700896495516,0.015404973047661917,0.8265574908420554,0.8375826884570479,0.7586403508771931,0.008948725031491425,0.7554380907508959,0.7618426110034903,0.7617224880382776,0.014027085958260545,0.7567029597932807,0.7667420162832744,0.8038821954484605,0.012052038962011078,0.7995694286942231,0.8081949622026979,0.23815789473684212,0.012344811488301279,0.23374036067958498,0.24257542879409927
0.352,1.056,0.8149200000000001,0.0033703985234533503,0.0033703985234533503,0.8137139183779362,0.816126081622064,0.8149200000000001,0.9521349862258953,0.009031831756685097,0.9489029867399263,0.9553669857118643,0.9193684210526316,0.008726756035035204,0.9162455915115993,0.9224912505936639,0.9662987490802059,0.008135371933457087,0.9633875436220619,0.9692099545383498,0.9949152542372882,0.0030777597337595403,0.9938138920612176,0.9960166164133588,0.9560229445506693,0.007762708184581342,0.9532450951023862,0.9588007939989523,0.8936873156342181,0.013071863089328409,0.8890096095028904,0.8983650217655458,0.9014138118542688,0.011962298896821946,0.8971331581699352,0.9056944655386024,0.930722891566265,0.008992763892912165,0.9275048723358006,0.9339409107967294,0.9414428646656134,0.009604343266334104,0.938005994567044,0.9448797347641829,0.9189432265317592,0.009256970815172072,0.9156306620683965,0.9222557909951219,0.9002932551319646,0.012134063083955,0.895951136422653,0.9046353738412761,0.8355338223308884,0.016054485296390635,0.8297887985501892,0.8412788461115875,0.7654824561403508,0.015234042468274008,0.7600310240551321,0.7709338882255695,0.7618288144603935,0.020166772443369056,0.7546122276232464,0.7690454012975406,0.7989290495314592,0.01746373681522764,0.7926797315713305,0.8051783674915878,0.23964912280701753,0.011683700022819876,0.2354681644493711,0.24383008116466395
0.356,1.068,0.8168266666666665,0.0039139831844064,0.0039139831844064,0.8154260657718669,0.818227267561466,0.8168266666666665,0.9517906336088156,0.008017346614270242,0.9489216629687263,0.9546596042489048,0.92540350877193,0.009279038249334723,0.922083047578669,0.928723969965191,0.9671817512877117,0.009573856354975168,0.9637557907902614,0.9706077117851619,0.9951271186440679,0.003612208329380936,0.9938345064942533,0.9964197307938825,0.958572339069471,0.009276916785669187,0.955252637032233,0.9618920411067091,0.8985250737463126,0.009334683745733144,0.895184700067899,0.9018654474247263,0.9032626427406197,0.014261158272035696,0.8981593527938795,0.90836593268736,0.9289156626506025,0.007591152747246966,0.9261992035271414,0.9316321217740637,0.9437072143233282,0.011281750319466837,0.9396700918197609,0.9477443368268954,0.9232715008431704,0.011130993542844326,0.9192883259592751,0.9272546757270658,0.9037145650048874,0.009894941583912907,0.9001737056338935,0.9072554243758814,0.8348410757946212,0.009476741032490745,0.831449867569003,0.8382322840202394,0.7658333333333335,0.016087193659974876,0.7600766050150456,0.7715900616516214,0.7667198298777247,0.018174644718270513,0.7602161167916566,0.7732235429637928,0.8029451137884872,0.01867937642040869,0.7962607847824364,0.809629442794538,0.24032163742690066,0.007231623201432345,0.23773383429909653,0.2429094405547048
0.36,1.08,0.81808,0.004466688968892678,0.004466688968892678,0.816481615880327,0.8196783841196731,0.81808,0.9558539944903582,0.007834410224871016,0.9530504867964831,0.9586575021842334,0.923859649122807,0.00992216661134639,0.9203090474008658,0.9274102508447483,0.9681383370125093,0.007045041244000941,0.9656173013806855,0.9706593726443331,0.9950564971751413,0.0029088431174048453,0.9940155810339324,0.9960974133163503,0.9583811344805608,0.007934308577187098,0.9555418786204185,0.9612203903407032,0.9002949852507377,0.01402386665912781,0.8952766090171405,0.9053133614843349,0.9027188689505166,0.011175430724439286,0.8987197924254102,0.9067179454756229,0.9341867469879517,0.007175379066006979,0.9316190705655248,0.9367544234103785,0.9453923117430225,0.007802245050115238,0.9426003142091102,0.9481843092769349,0.9224283305227657,0.011775273752114231,0.9182146029269426,0.9266420581185889,0.9045454545454544,0.011738734385311832,0.9003448023941152,0.9087461066967937,0.8411572942135288,0.012148540187816335,0.8368099949391338,0.8455045934879238,0.7642543859649124,0.01302603316588918,0.759593079861064,0.7689156920687608,0.7652312599681023,0.015735245191020694,0.7596004747919577,0.7708620451442468,0.8064926372155287,0.019343088434172262,0.7995708019156159,0.8134144725154414,0.24111111111111114,0.010467503917956296,0.23736536294024074,0.24485685928198153
0.364,1.092,0.8200233333333333,0.0034989341562660227,0.0034989341562660227,0.8187712558257867,0.82127541084088,0.8200233333333333,0.9570936639118456,0.00962515004016055,0.9536493482048853,0.9605379796188058,0.9273684210526316,0.011122843276957542,0.9233881627039272,0.931348679401336,0.9705665930831493,0.008930939889714027,0.9673706972881009,0.9737624888781977,0.9951977401129943,0.00309447772601788,0.9940903954802259,0.9963050847457627,0.9567877629063095,0.009495395642003832,0.9533898792144092,0.9601856465982098,0.9005309734513272,0.011753138854106962,0.8963251667270291,0.9047367801756252,0.9037520391517131,0.009016902786781408,0.9005253819290142,0.906978696374412,0.9322791164658635,0.008944656414035327,0.9290783122756245,0.9354799206561024,0.9451290152711954,0.006790873842500282,0.9426989322759054,0.9475590982664854,0.9237774030354131,0.00864871627014336,0.920682499665595,0.9268723064052312,0.9083088954056695,0.009701240636658165,0.904837351028447,0.911780439782892,0.845232273838631,0.012658202146216843,0.8407025943747081,0.8497619533025539,0.7685964912280702,0.015708858532064794,0.7629751483965662,0.7742178340595741,0.7707070707070708,0.017373964672857446,0.7644898772955179,0.7769242641186237,0.8082329317269077,0.014800652498917261,0.8029365862504656,0.8135292772033498,0.2439181286549707,0.0084607018461265,0.2408905053827173,0.2469457519272241
0.368,1.104,0.8209633333333334,0.003905476555612235,0.003905476555612235,0.8195657764965534,0.8223608901701134,0.8209633333333334,0.9545454545454547,0.00797439075499185,0.9516918554621931,0.9573990536287162,0.9276491228070174,0.008888708460188955,0.9244683393349388,0.930829906279096,0.9719646799116999,0.008582000477579,0.968893650481641,0.9750357093417588,0.9955508474576273,0.002962446608258884,0.9944907495535653,0.9966109453616894,0.9625239005736137,0.006859147304734493,0.9600693862336318,0.9649784149135956,0.9,0.010927779586241675,0.8960895442965517,0.9039104557034483,0.9069603045133224,0.010731405902405181,0.9031201202301481,0.9108004887964968,0.9364457831325301,0.009585502628313139,0.9330156550696894,0.9398759111953708,0.9462348604528702,0.007542009412247523,0.9435359870459874,0.948933733859753,0.9247329960652052,0.00902688914499878,0.9215027652701132,0.9279632268602972,0.9054252199413491,0.009287521244927304,0.902101723147101,0.9087487167355971,0.8425835370823144,0.01468286018031722,0.8373293430457377,0.847837731118891,0.7690789473684209,0.01476868966049114,0.7637940396468159,0.7743638550900258,0.7712918660287083,0.0161109303217875,0.7655266436550787,0.7770570884023378,0.8139892904953147,0.01885533233742598,0.807241996473011,0.8207365845176183,0.24526315789473685,0.010179297096833038,0.24162054321027507,0.24890577257919863
0.372,1.116,0.8235433333333334,0.004913154989823036,0.004913154989823036,0.8217851833999226,0.8253014832667442,0.8235433333333333,0.9581955922865013,0.009266728614362355,0.9548795360395429,0.9615116485334597,0.928140350877193,0.011828472357083543,0.9239075864050698,0.9323731153493163,0.9700515084621045,0.00833432679443055,0.9670691079213107,0.9730339090028983,0.9949858757062149,0.002455871451469748,0.9941070533939103,0.9958646980185195,0.961504142766093,0.01125856788711993,0.9574753159894002,0.9655329695427858,0.9057817109144541,0.010986273561773743,0.9018503234106862,0.9097130984182221,0.90821098423056,0.010828873922075639,0.9043359214644865,0.9120860469966335,0.93785140562249,0.008582773177027653,0.9347800996854846,0.9409227115594955,0.9479199578725644,0.009573380010219224,0.944494167832896,0.9513457479122329,0.9286677908937606,0.009322592095498093,0.9253317441568132,0.932003837630708,0.909286412512219,0.010112818940855507,0.9056675867303559,0.9129052382940821,0.8491035044824774,0.010241628685673482,0.8454385847254103,0.8527684242395445,0.7721491228070178,0.015453485608995909,0.7666191640024005,0.777679081611635,0.775438596491228,0.013728764581588329,0.7705258211798589,0.7803513718025972,0.8095716198125836,0.015284380489103121,0.8041021744979528,0.8150410651272144,0.25087719298245614,0.012745087233769138,0.24631642208925592,0.25543796387565637
0.376,1.1280000000000001,0.8250633333333334,0.0033135545382807375,0.0033135545382807375,0.8238775930701219,0.8262490735965449,0.8250633333333334,0.9553719008264462,0.011007997449900237,0.95143273952915,0.9593110621237424,0.9353684210526317,0.008221780178853583,0.9324262948009845,0.938310547304279,0.9711552612214864,0.007776310794156402,0.9683725441418812,0.9739379783010916,0.9963276836158194,0.0029405961358537624,0.9952754048028879,0.9973799624287508,0.9629063097514339,0.008012047394821975,0.9600392354126701,0.9657733840901976,0.9052507374631269,0.011249093356158979,0.9012253011037957,0.9092761738224581,0.910331702011963,0.012537616527986604,0.9058451735573408,0.9148182304665852,0.9385040160642569,0.00913157040389486,0.9352363255617592,0.9417717065667547,0.9497630331753554,0.00827039439038739,0.9468035105515302,0.9527225557991805,0.9278246205733559,0.010083093675327616,0.9242164318411517,0.9314328093055602,0.909921798631476,0.010936621102788532,0.906008179031965,0.9138354182309871,0.8501222493887531,0.011197900424273901,0.8461151321848265,0.8541293665926798,0.778201754385965,0.01299207370088611,0.7735526005205983,0.7828509082513316,0.7774587985114303,0.017644729759179124,0.7711447130581094,0.7837728839647512,0.8210843373493976,0.018117240868473085,0.814601165967165,0.8275675087316301,0.24763157894736848,0.011055343966627142,0.24367547491665492,0.25158768297808204
0.38,1.1400000000000001,0.8263700000000002,0.003611585763087727,0.003611585763087727,0.8250776106326725,0.8276623893673278,0.8263699999999999,0.9606749311294766,0.009311100138882793,0.9573429967363896,0.9640068655225635,0.9326315789473684,0.010519053756329557,0.9288673839037469,0.9363957739909898,0.9707873436350257,0.00950250617882704,0.9673869154702015,0.9741877717998499,0.9960451977401131,0.0022759631778816883,0.9952307547766962,0.9968596407035301,0.9635436583811343,0.008234488501169398,0.9605969845147508,0.9664903322475178,0.9074336283185841,0.013898653935704101,0.9024600588826159,0.9124071977545523,0.9091897770527458,0.01032923450410334,0.9054935079561692,0.9128860461493224,0.9398594377510039,0.007719202037194841,0.9370971567776191,0.9426217187243887,0.9520273828330701,0.008667545327388707,0.9489257415716507,0.9551290240944895,0.9283867341202922,0.009422855716621627,0.9250148085073135,0.9317586597332708,0.9127077223851416,0.010564579081844588,0.9089272363130083,0.916488208457275,0.8482070089649552,0.013636125588004477,0.8433273840916932,0.8530866338382171,0.7780701754385965,0.018422132886828767,0.7714778998488069,0.784662451028386,0.7840510366826158,0.01710387056351677,0.7779304952068018,0.7901715781584298,0.8171352074966534,0.021309383401368717,0.8095097425793556,0.8247606724139511,0.25304093567251457,0.011643510383991435,0.24887435899242083,0.2572075123526083
0.384,1.1520000000000001,0.8277199999999999,0.0034282196042803867,0.0034282196042803867,0.826493227369894,0.8289467726301059,0.82772,0.9609504132231405,0.007060951651026629,0.958423684125283,0.9634771423209979,0.9362105263157895,0.008968588054305997,0.9330011582980638,0.9394198943335151,0.9737306843267107,0.009209147975450478,0.9704352330467599,0.9770261356066615,0.9951271186440678,0.003612208329380936,0.9938345064942532,0.9964197307938824,0.9650095602294454,0.006413688290077843,0.9627144513506343,0.9673046691082565,0.9074336283185842,0.01372660522518681,0.9025216257229796,0.9123456309141889,0.9114192495921697,0.008697274482561483,0.9083069698891999,0.9145315292951395,0.9415160642570279,0.00818299110988584,0.9385878184954455,0.9444443100186104,0.9517640863612427,0.007037321258896095,0.9492458132906094,0.9542823594318759,0.9286677908937605,0.0083222529313759,0.9256897109293721,0.9316458708581489,0.9108993157380254,0.011401263929806,0.9068194258382546,0.9149792056377962,0.8506519967400163,0.013647458596728817,0.8457683164016662,0.8555356770783665,0.7889912280701755,0.015201873859120297,0.7835513073739032,0.7944311487664478,0.7841573631047317,0.01652872095350824,0.7782426362736078,0.7900720899358556,0.8232262382864792,0.019016870606594734,0.8164211385369452,0.8300313380360133,0.2489766081871345,0.011271475702583342,0.24494316240799932,0.2530100539662697
0.388,1.1640000000000001,0.8274966666666667,0.003287015555845121,0.003287015555845121,0.8263204232563529,0.8286729100769804,0.8274966666666667,0.9590909090909091,0.008146059784763057,0.9561758790342941,0.9620059391475241,0.9313684210526315,0.008976253151615944,0.9281563101150605,0.9345805319902025,0.9721118469462839,0.006596669596930616,0.9697512590477543,0.9744724348448136,0.9956214689265538,0.0029927692674854922,0.9945505201982432,0.9966924176548644,0.964308476736775,0.009070788244533438,0.9610625368506643,0.9675544166228857,0.9090855457227137,0.011446612641801242,0.9049894279947673,0.9131816634506601,0.9119086460032626,0.008790155790741343,0.9087631291510211,0.9150541628555041,0.9400100401606426,0.007791308763766821,0.9372219561265395,0.9427981241947457,0.9511848341232229,0.01046550797762827,0.947439800190426,0.9549298680560198,0.9298482293423272,0.007203710072194111,0.9272704147995389,0.9324260438851156,0.9109970674486804,0.010071804560741861,0.9073929184742485,0.9146012164231122,0.8538712306438468,0.012585253014448782,0.8493676556914702,0.8583748055962235,0.7824561403508772,0.018415650404819305,0.7758661844874827,0.7890460962142717,0.7855396065922382,0.01560838209095156,0.7799542187934206,0.7911249943910558,0.8260374832663989,0.01730979548413268,0.8198432525041247,0.8322317140286731,0.25008771929824564,0.012032647346230774,0.24578189174459592,0.25439354685189536
0.392,1.1760000000000002,0.8288066666666665,0.004169258044745872,0.004169258044745872,0.8273147168362772,0.8302986164970557,0.8288066666666666,0.9601928374655647,0.011315714562391574,0.9561435610137585,0.9642421139173709,0.9342456140350877,0.007533709177263673,0.931549710829148,0.9369415172410274,0.9740250183958792,0.00806796345361006,0.9711379347524551,0.9769121020393032,0.996045197740113,0.0032790439098629876,0.9948718069466782,0.9972185885335478,0.961631612492033,0.009526323912210371,0.9582226612607783,0.9650405637232877,0.9082595870206489,0.009180075407088612,0.9049745392256758,0.911544634815622,0.9111473626971179,0.011556908060990956,0.9070117762603062,0.9152829491339297,0.9407128514056227,0.007694338694900346,0.9379594676650119,0.9434662351462334,0.9488151658767773,0.008447475439091886,0.9457922756134958,0.9518380561400588,0.9317594154019113,0.008742690043035668,0.928630883949345,0.9348879468544776,0.9168621700879764,0.009810793957892135,0.9133514225582314,0.9203729176177214,0.8551752241238793,0.01258934715557394,0.8506701841019166,0.8596802641458419,0.7873245614035088,0.011907378754366933,0.7830635606397528,0.7915855621672648,0.7869218500797449,0.013459053467425798,0.7821055896510505,0.7917381105084393,0.8240294511378851,0.015797917890833953,0.8183762388241412,0.8296826634516289,0.25336257309941523,0.00898141669789922,0.25014861441053715,0.2565765317882933
0.396,1.1880000000000002,0.8304000000000001,0.0032105429769583443,0.0032105429769583443,0.8292511219505911,0.8315488780494091,0.8304000000000001,0.9595730027548212,0.009896603236550951,0.9560315487690673,0.963114456740575,0.9380350877192982,0.005519931206636298,0.9360598057053007,0.9400103697332958,0.973289183222958,0.0074994714341681395,0.9706055318360365,0.9759728346098795,0.9965395480225989,0.002578842588169984,0.9956167210541724,0.9974623749910254,0.963097514340344,0.008419442861297803,0.960084655406195,0.9661103732744929,0.9113274336283187,0.013067041785420506,0.906651452778437,0.9160034144782004,0.913920609026645,0.009952335947698926,0.9103592113463411,0.9174820067069488,0.940863453815261,0.009257884967347483,0.9375505622267436,0.9441763454037785,0.950763559768299,0.009685983845995807,0.9472974749634984,0.9542296445730996,0.9331646992692525,0.009676992713426645,0.9297018318999206,0.9366275666385844,0.9158357771260996,0.010457842051724939,0.9120934864096565,0.9195780678425428,0.8599429502852486,0.01007932390726256,0.8563361105472215,0.8635497900232757,0.7846052631578947,0.016879177382071238,0.7785651271044243,0.7906453992113651,0.7918660287081342,0.014977567358356285,0.7865063750623006,0.7972256823539677,0.8225568942436414,0.01727763556135537,0.8163741717619337,0.8287396167253491,0.2574561403508772,0.009649810237845695,0.2540030001055078,0.26090928059624663
0.4,1.2000000000000002,0.8326733333333334,0.0034701618101330295,0.0034701618101330295,0.8314315518776195,0.8339151147890472,0.8326733333333333,0.9632920110192837,0.008590795236924999,0.9602178344250115,0.966366187613556,0.9381052631578949,0.009027187472791702,0.9348749256075732,0.9413356007082165,0.9730684326710819,0.006334611141076811,0.9708016211866209,0.9753352441555428,0.9961864406779661,0.002573836094245701,0.9952654052603818,0.9971074760955505,0.9639260675589547,0.008029860116176004,0.9610526190197175,0.9667995160981919,0.9143362831858405,0.010716674431178023,0.9105013704919424,0.9181711958797386,0.918868950516585,0.010146380590824983,0.9152381148525217,0.9224997861806483,0.9439257028112452,0.007716668631651042,0.9411643284053913,0.9466870772170991,0.9551869404949973,0.007519153631386613,0.9524962459242559,0.9578776350657388,0.9370432827431141,0.007839071126411563,0.934238107167043,0.9398484583191852,0.9189638318670575,0.008575180573547853,0.9158952429083136,0.9220324208258015,0.8634066829665852,0.010252944062970776,0.8597377140537551,0.8670756518794153,0.7885964912280702,0.013640572143170283,0.7837152751754775,0.7934777072806629,0.7931951089845829,0.013849202087888503,0.7882392356650866,0.7981509823040792,0.8276439089692101,0.013579091418512648,0.8227846935113853,0.832503124427035,0.25526315789473686,0.009326111948727319,0.2519258515944877,0.258600464194986
