Beta,R_0,R1,R2,R3,R4,R5,R6,R7,R8,R9,R10,R11,R12,R13,R14,R15,R16,R_all
0.0,0.0,0.0,0.0,0.0,0.0,0.0,0.0,0.0,0.0,0.0,0.0,0.0,0.0,0.0,0.0,0.0,0.0,0.0
0.001,0.06323046580259223,0.0,0.0,0.0,0.0,0.0,0.0,0.0,0.0,0.0,0.0,0.0,0.0,0.0,0.0,0.0,0.0,0.0
0.002,0.1260838115308151,0.0,0.0,0.0,0.0,0.0,0.0,0.0,0.0,0.0,0.0,0.0,0.0,0.0,0.0,0.0,0.0,0.0
0.003,0.18856340099108027,0.0,0.0,0.0,0.0,0.0,0.0,0.0,0.0,0.0,0.0,0.0,0.0,0.0,0.0,0.0,0.0,0.0
0.004,0.2506725581027668,1.887379141862766e-15,2.55351295663786e-15,2.7755575615628914e-15,2.7755575615628914e-15,1.9984014443252818e-15,1.887379141862766e-15,1.9984014443252818e-15,1.887379141862766e-15,1.887379141862766e-15,1.6653345369377348e-15,1.5543122344752192e-15,1.3322676295501878e-15,1.2212453270876722e-15,3.3306690738754696e-16,3.3306690738754696e-16,0.0,2.0638203234849015e-15
0.005,0.3124145674876847,0.0,0.0,0.0,0.0,0.0,0.0,0.0,0.0,0.0,0.0,0.0,0.0,0.0,0.0,0.0,0.0,0.0
0.006,0.37379267504911595,0.0,0.0,0.0,0.0,0.0,0.0,0.0,0.0,0.0,0.0,0.0,0.0,0.0,0.0,0.0,0.0,0.0
0.007,0.4348100885406464,0.0,0.0,0.0,0.0,0.0,0.0,0.0,0.0,0.0,0.0,0.0,0.0,0.0,0.0,0.0,0.0,0.0
0.008,0.49546997812499993,0.0,0.0,0.0,0.0,0.0,0.0,0.0,0.0,0.0,0.0,0.0,0.0,0.0,0.0,0.0,0.0,0.0
0.009,0.5557754769230768,1.1102230246251565e-16,1.7763568394002505e-15,2.220446049250313e-15,1.7763568394002505e-15,4.440892098500626e-16,3.3306690738754696e-16,4.440892098500626e-16,4.440892098500626e-16,3.3306690738754696e-16,2.220446049250313e-16,2.220446049250313e-16,2.220446049250313e-16,3.3306690738754696e-16,2.220446049250313e-16,2.220446049250313e-16,0.0,8.440574712678138e-16
0.01,0.615729681553398,0.0,0.0,0.0,0.0,0.0,0.0,0.0,0.0,0.0,0.0,0.0,0.0,0.0,0.0,0.0,0.0,0.0
0.011,0.675335652662149,0.0,0.0,0.0,0.0,0.0,0.0,0.0,0.0,0.0,0.0,0.0,0.0,0.0,0.0,0.0,0.0,0.0
0.012,0.7345964154440154,2.220446049250313e-15,4.3298697960381105e-15,4.884981308350689e-15,4.773959005888173e-15,2.55351295663786e-15,2.220446049250313e-15,2.4424906541753444e-15,2.4424906541753444e-15,2.4424906541753444e-15,2.1094237467877974e-15,1.887379141862766e-15,1.5543122344752192e-15,1.4432899320127035e-15,5.551115123125783e-16,5.551115123125783e-16,3.3306690738754696e-16,2.990138979967562e-15
0.013,0.7935149601539941,6.439293542825908e-15,1.176836406102666e-14,1.3988810110276972e-14,1.2323475573339238e-14,7.105427357601002e-15,6.217248937900877e-15,6.661338147750939e-15,7.105427357601002e-15,6.994405055138486e-15,5.88418203051333e-15,5.773159728050814e-15,4.218847493575595e-15,3.1086244689504383e-15,1.887379141862766e-15,2.1094237467877974e-15,1.1102230246251565e-15,8.299913705184727e-15
0.014,0.8520942426103646,2.220446049250313e-15,4.3298697960381105e-15,4.884981308350689e-15,4.773959005888173e-15,2.55351295663786e-15,2.220446049250313e-15,2.4424906541753444e-15,2.4424906541753444e-15,2.4424906541753444e-15,2.1094237467877974e-15,1.887379141862766e-15,1.5543122344752192e-15,1.4432899320127035e-15,5.551115123125783e-16,5.551115123125783e-16,3.3306690738754696e-16,2.990138979967562e-15
0.015,0.910337184688995,4.440892098500626e-15,8.881784197001252e-15,9.992007221626409e-15,9.43689570931383e-15,4.9960036108132044e-15,4.3298697960381105e-15,4.773959005888173e-15,4.773959005888173e-15,4.884981308350689e-15,4.107825191113079e-15,3.774758283725532e-15,2.886579864025407e-15,2.1094237467877974e-15,9.992007221626409e-16,1.2212453270876722e-15,6.661338147750939e-16,5.9557698768436825e-15
0.016,0.9682466748091603,4.118927421359331e-14,7.960299086562372e-14,9.725553695716371e-14,9.015010959956271e-14,4.884981308350689e-14,4.3298697960381105e-14,4.340972026284362e-14,4.5852210917018965e-14,4.6074255521943996e-14,3.8413716652030416e-14,3.597122599785507e-14,2.653433028854124e-14,2.0761170560490427e-14,1.2323475573339238e-14,1.2656542480726785e-14,7.993605777301127e-15,5.638748232669604e-14
0.017,1.0258255684110371,0.027381100942156844,0.0516917555850247,0.06353682799442262,0.05899789638976327,0.03214132222528998,0.028317039267048538,0.028568812535139543,0.030258798853890823,0.030243983097596794,0.025175775102302733,0.023556643482505524,0.017638219708186353,0.013615414932675596,0.008235503371144204,0.008460542071639376,0.005461654342157507,0.03695984783990501
0.018,1.0830766884250473,0.08647353635200294,0.15603638490403182,0.1865297796322407,0.17538442703575896,0.10058573239479862,0.08981244047219838,0.09030351822786842,0.09526309592330107,0.09508927666206124,0.07974898383272833,0.07490065940146362,0.05649299501390037,0.04372086918150209,0.026241952088879583,0.026940731043208488,0.017427775551975833,0.11315119220771121
0.019,1.140002825733207,0.1426462973645718,0.24703162506284992,0.2886611514701658,0.27414432188422055,0.1645583376088774,0.1486471420389025,0.14905091502590795,0.1566787371104823,0.1562345406849669,0.13197032106618423,0.1243738807573409,0.09448312048653418,0.07333227554158805,0.04375894975843053,0.04489926847723347,0.02911156726750186,0.18172279518676407
0.02,1.1966067396226414,0.19565106364524343,0.32640605418581825,0.37429424681646006,0.358360455662745,0.22400272473800742,0.20439189665886281,0.20449624837234393,0.21428026577912562,0.21351029954320677,0.18158448232813518,0.17167218171639798,0.13133595562918787,0.10225206421588917,0.0607571695445277,0.06231177997357551,0.04049946711985475,0.24352879660305585
0.021,1.2528911582314204,0.24540032786485833,0.39574663999398985,0.4467173195554509,0.4305347521750864,0.27900905138644094,0.25682636003283643,0.2565047288916146,0.2680127315376767,0.2668991431458243,0.2284678480601533,0.21662230544765104,0.16687145251775326,0.13034499973213887,0.07722411342928381,0.07916941807611877,0.051585523523058896,0.29932628255982263
0.022,1.3088587789868666,0.29191743431419004,0.4564576755266909,0.5084450763807304,0.49269524307903634,0.32976264996452986,0.3058832331108612,0.30507081941121494,0.3179402428589051,0.31648937385159437,0.2725942393892634,0.25915045314015117,0.2009820119969301,0.15752484517859544,0.09315926609247271,0.09547443805207789,0.06236945623821444,0.3497858490511518
0.023,1.3645122690364826,0.33529874714593144,0.5097560454041192,0.5614260592403542,0.5464882279839436,0.376505473359367,0.3516022177268996,0.3502773195087484,0.3642053539556357,0.3624383263915819,0.31400637884211713,0.2992553007196773,0.23361487112655,0.18374280605102578,0.10857040792924477,0.11123678756026456,0.07285507715801443,0.39550058779273073
0.024,1.4198542656716417,0.3756859259564965,0.5566837611427469,0.6071881716797654,0.5932541482915052,0.41950833754147243,0.39409405340225556,0.39226394715293555,0.4069984825687514,0.40494471302673185,0.3527933158716626,0.3369861350874983,0.26475752271379094,0.2089779763359808,0.1234708602379948,0.12647153219875795,0.0830490417850327,0.4369941680262656
0.025,1.474887376744186,0.41324618670848756,0.5981273977751043,0.6469425674433987,0.6340887226486943,0.45905176371117484,0.4335136010153029,0.4312041636457846,0.44653579131993415,0.4442286264052403,0.3890733009956133,0.3724259053335618,0.2944261295690703,0.2332297213930573,0.13787746433657755,0.14119695306355562,0.09295989001387228,0.47472830990789167
0.026,1.5296141810760666,0.4481586246357905,0.6348390783144038,0.6816589424415425,0.6698916707723308,0.495413336933187,0.47004039435370326,0.4672886583631979,0.4830437659089174,0.4805176235933779,0.4229812313026151,0.4056785290495585,0.3226565977437118,0.25651176954189947,0.15180912514619815,0.15543316931510365,0.102597327593277,0.5091097274341716
0.027,1.5840372288621645,0.4806050010648101,0.6674564356006814,0.7121208458181241,0.701405343628035,0.5288598039687935,0.503865023000645,0.5007139547064801,0.5167488536509058,0.5140374150163798,0.4546597203774275,0.43685965209605027,0.34949786030746643,0.2788477241909919,0.16528577979619563,0.169201160541809,0.11197169979176325,0.540496530527232
0.028,1.6381590420664207,0.5107637398295468,0.6965204745537479,0.7389668178382259,0.7292452979795372,0.5596425015891191,0.5351798943171717,0.5316748158989221,0.5478707957807869,0.5450059179306145,0.48425293073177744,0.4660900928676379,0.3750069212343742,0.3002677109924189,0.1783276806421754,0.18252208724316588,0.121093613856192,0.5692040596343785
0.029,1.6919821148114074,0.5388061863638336,0.7224910278163387,0.7627213373491686,0.7539245079279345,0.58799505466068,0.564173189941777,0.560359394076123,0.5766185824148571,0.573629698580562,0.5119024518972659,0.49349131093862686,0.3992452601016865,0.3208059075972246,0.1909549075511079,0.1954168298910406,0.1299736740027525,0.595510140158898
0.03,1.7455089137614679,0.5648944339786812,0.7457598713607998,0.7838183514172197,0.775872576896916,0.6141325742729872,0.5910250994447548,0.5869463155831911,0.6031882251026746,0.600102067883538,0.5377446597183068,0.5191823682876859,0.4222762672864723,0.3404987468385756,0.20318704538196708,0.2079056860415781,0.13862230001779619,0.6196597652606366
0.031,1.7987418784995424,0.5891802165963635,0.7666617285215901,0.8026193434080096,0.7954510293236905,0.6382518127122501,0.61590564477656,0.6116031048380912,0.6277617594024609,0.6246022933870039,0.5619091279774862,0.5432779714801559,0.4441634477595908,0.3593836268350852,0.21504297925242133,0.2200081803558228,0.14704960710851367,0.6418692339745212
0.032,1.8516834218978104,0.6118045128613906,0.7854834434667769,0.8194273368152205,0.8129655278391822,0.6605319005618235,0.6389735942649135,0.6344855140074611,0.6505070579471776,0.6472955436701708,0.5845177744407695,0.5658872846130638,0.4649691914579309,0.3774979988784066,0.22654077293969577,0.231742954350165,0.1552653300851493,0.6623297841284761
0.033,1.9043359304822567,0.6328976129124619,0.8024716040958745,0.8344978442718812,0.8286756752251322,0.6811354126653724,0.660376106646381,0.6557374504624287,0.6715781596690966,0.6683332959345444,0.6056845098396906,0.5871132835984887,0.48475395725772297,0.3948787346739189,0.2376976053175448,0.24312771175204184,0.16327877926618095,0.6812107663184634
0.034,1.9567017647912885,0.6525794755048222,0.8178388695001094,0.8480474987461022,0.8428029139159823,0.7002095953037403,0.680248850974254,0.6754912858592551,0.6911159118730767,0.6878540209425826,0.6255152235569865,0.6070524844238597,0.5035757561743405,0.41156169878002824,0.2485297467771267,0.25417920206430844,0.17109881881174915,0.6986624074573816
0.035,2.008783259728507,0.6709602574117123,0.8317692238616181,0.8602609104121332,0.8555369218130315,0.7178876462546018,0.6987164250001251,0.6938683971408384,0.7092487868719605,0.7059840191018809,0.644107988020557,0.6257949246184082,0.5214898490456978,0.42758147082583386,0.2590525627216994,0.26491322987854493,0.17873386068968977,0.7148182115571137
0.036,2.060582724909747,0.6881409351951724,0.8444223446246849,0.8712961537840532,0.867040814948435,0.7342899799110206,0.715892949746737,0.7109798371772043,0.7260937807335985,0.7228383235471438,0.6615533989560836,0.6434243115829884,0.5385485963311856,0.4429711763181666,0.26928053495101756,0.2753446810688346,0.18619186933859078,0.7297970426198698
0.037,2.1121024450045005,0.7042139660918574,0.8559372414076705,0.8812891890011292,0.877455399411053,0.749525436923835,0.7318827571450579,0.7269270662552456,0.741757333648877,0.7385216153927765,0.6779349939838967,0.6600182766009605,0.5548014143697151,0.45776239554918885,0.2792272944379537,0.28548755959430105,0.1934803734645174,0.743704930696066
0.038,2.163344680071813,0.7192639532557915,0.8664352947356945,0.8903574474641132,0.8869026623590296,0.7636924159548415,0.7467811151777728,0.7418026990746102,0.7563362334946842,0.753129116559874,0.6933297101589664,0.6756486915869108,0.5702948048307244,0.4719851281072954,0.28890566093039294,0.29535503050815104,0.20060648241423762,0.7566366379229349
0.039,2.214311665890779,0.7333682933484449,0.8760228004781135,0.8986027576131563,0.8954886513046272,0.7768799169596514,0.7606749542290575,0.7556912381855605,0.7699184792458736,0.7667474393930342,0.7078083539131991,0.6903820187684854,0.5850724332326585,0.48566779643721536,0.2983276861950537,0.30495946611232017,0.20757690530232287,0.7686770170834989
0.04,2.2650056142857142,0.7465977931854666,0.8847931065884753,0.9061137461226995,0.9033058593827096,0.7891684929743138,0.7736435716852723,0.7686697760087234,0.7825840910793833,0.7794553815976508,0.7214360659304517,0.704279672910139,0.5991752391232155,0.4988372763032416,0.30750469870920694,0.31431249315640397,0.21439797160402985,0.7799021911529506
0.041,2.3154287134461264,0.7590172480547066,0.8928284128892489,0.9129678193733983,0.910435209867978,0.8006311120537414,0.7857593009960726,0.7808086552097216,0.7944058608004507,0.7913246612160219,0.7342727698392704,0.7173983823976544,0.6126415654429471,0.5115189452734312,0.31644734831193544,0.3234250396638708,0.22107565231369553,0.7903805785538145
0.042,2.365583128241563,0.770685978268347,0.9002012916977356,0.9192328070508485,0.9169477141541486,0.8113339337623876,0.7970881376313586,0.7921720823353584,0.8054500406559473,0.802420590387366,0.7463735980245588,0.7297905402593196,0.6255072981992069,0.5237367427570763,0.3251656498285118,0.33230738045492814,0.22761558104909274,0.8001737854769205
0.043,2.4154710005314435,0.7816583231038404,0.906975976560067,0.9249683321835805,0.9229058625048914,0.8213370061040016,0.807690318538598,0.8028186930110264,0.8157769714198249,0.8128026891806861,0.7577892908975782,0.7415045395502174,0.6378060102100332,0.5355132369122473,0.33366902503695717,0.3409691807793527,0.23402307468464878,0.8093373836522778
0.044,2.4650944494699645,0.7919840929452018,0.9132094578122023,0.9302269584722676,0.9283647951820988,0.8306948894431437,0.8176208544423074,0.812802069186786,0.8254416523552357,0.8225252423242282,0.768566568026273,0.7525850898670556,0.6495691045954893,0.5468696950583268,0.3419663425963727,0.3494195377144007,0.24030315324194162,0.8179215893573408
0.045,2.514455571806167,0.8017089814520892,0.9189524167506649,0.9350551553607203,0.9333732923275431,0.8394572141170479,0.826930016073479,0.8221712102781961,0.834494256634826,0.8316378025103967,0.7787484709023745,0.7630735133789337,0.6608259550872078,0.5578261552010005,0.35006595573174726,0.35766701915136834,0.24646055886991702,0.825971857200782
0.046,2.563556442179262,0.8108749401644572,0.9242500245645515,0.9394941132099202,0.9379746136655792,0.8476691782638064,0.8356637764814526,0.830970960841089,0.8429805962829158,0.8401856443585837,0.7883746780132194,0.7730080198613276,0.6716040412350622,0.5684014969938023,0.3579757375910362,0.3657197003102918,0.25249977382107835,0.833529400282701
0.047,2.6123991134092903,0.8195205182383233,0.9291426276029862,0.9435804346063005,0.9422072132831638,0.8553719920356017,0.8438642121816691,0.8392423978313233,0.8509425408618915,0.8482101732278328,0.7974817934408527,0.7824239609553986,0.6819290773157142,0.5786135109872124,0.36570311427279045,0.37358519780069654,0.2584250373818344,0.8406316466707717
0.048,2.6609856167832167,0.8276811701025488,0.933666336824917,0.9473467228528795,0.9461053501030696,0.8626032739114966,0.8515698661818223,0.847023180659191,0.8584183940774286,0.8557492929943693,0.8061036105324608,0.7913540643496121,0.6918251342665984,0.5884789654025415,0.3732550955774465,0.38127070129789076,0.26424036175114873,0.8473126407107893
0.049,2.70931796233653,0.8353895337961604,0.9378535362367375,0.9508220847477468,0.949699610945514,0.8693974043298078,0.8588160760121429,0.8543478672425687,0.8654432323031922,0.8628377367192641,0.814271352348123,0.7998286488726988,0.7013147543361422,0.5980136699496776,0.38063830357060835,0.3887830029369429,0.26994954688609685,0.8536033964768557
0.05,2.757398139130435,0.8426756826378643,0.9417333226355378,0.9540325616154931,0.9530173600780054,0.875785841360941,0.8656352698363338,0.861248199154294,0.872049208779487,0.8695073638783545,0.822013890646326,0.8078758216514206,0.710419058397439,0.6072325364121998,0.3878589990679966,0.3961285245456929,0.2755561943490664,0.8595322096316934
0.051,2.805228115524718,0.8495673527261924,0.9453318869358609,0.9570015000461629,0.9560831267320071,0.8817974026593836,0.8720572335886115,0.8677533587895163,0.8782658269579899,0.875787427542959,0.8293579451512478,0.8155216585630395,0.7191578460481602,0.6161496358703646,0.39492310616331716,0.40331334284801246,0.28106372020150017,0.8651249330853694
0.052,2.852809839446367,0.8560901485920003,0.9486728456806011,0.9597498717776625,0.95891894010028,0.8874585174806321,0.8781093519040158,0.8738902012762766,0.8841201861698536,0.8817048146073971,0.8363282647842236,0.8227903692290971,0.7275496887362506,0.6247782525368953,0.40183623492511866,0.41034321277190966,0.2864753669949559,0.8704052210885699
0.053,2.900145238654012,0.8622677291392362,0.9517775299538395,0.9622965505270253,0.9615446197283046,0.8927934521313972,0.8838168254069362,0.8796834636362225,0.8896372025022372,0.8872842618715301,0.842947792452903,0.8297044477742404,0.735612016225174,0.6331309342534275,0.408603702388885,0.41722358899607814,0.29179421491312774,0.8753947457549706
0.054,2.947236220998279,0.8681219758244985,0.9546652377701423,0.9646585522529284,0.9639780279046215,0.897824511841845,0.8892028667122303,0.8851559534845382,0.8948398074879933,0.8925485505118047,0.8492378148877782,0.8362848105256628,0.7433611967561216,0.6412195397451761,0.4152305519677325,0.4239596458646002,0.2970231921192409,0.8801133894596409
0.055,2.9940846746781116,0.8736731448467501,0.9573534550669502,0.9668512442536681,0.9662352895811009,0.902572221706699,0.8942888772843816,0.8903287193466433,0.8997491269501299,0.8975186812172571,0.8552180989053415,0.8425509217652772,0.7508126112864073,0.6490552827639741,0.4217215714001705,0.4305562957937896,0.3021650843625282,0.8845794160925059
0.056,3.040692468493151,0.8789400049492675,0.9598580496386103,0.968888527622485,0.9683309844698602,0.9070554890362352,0.899094607099187,0.8952212044687393,0.9043846420995199,0.902214032029959,0.8609070153657987,0.8485209085750349,0.7579807221897941,0.6566487732699231,0.4280813093473045,0.4370182062883522,0.30722254389586523,0.888809623745703
0.057,3.0870614520922293,0.8839399622783063,0.9621934416935352,0.9707829968571609,0.9702783152328137,0.9112917491860825,0.903638298863154,0.8998513858123953,0.9087643347620649,0.9066525007131244,0.8663216519845978,0.8542116657406401,0.7648791368003693,0.6640100558129067,0.4343140907450971,0.44334981567669385,0.31219809775435026,0.8928194810708895
0.058,3.133193456218058,0.8886891735979257,0.9643727541666571,0.9725460798228693,0.972089255074001,0.9152970966935526,0.907936818370089,0.9042358997512856,0.9129048184100442,0.9108506332742765,0.8714779160533808,0.8596389516035792,0.7715206661703671,0.6711486452796962,0.4404240310102827,0.4495553476676528,0.31709415544199004,0.8966232492486433
0.059,3.179090292948173,0.8932026490280027,0.9664079454588357,0.9741881607722257,0.9737746775409009,0.9190864033349944,0.9120057724130188,0.9083901558311108,0.9168214564908141,0.914823740094562,0.8763906280285746,0.8648174756779811,0.7779173793964643,0.6780735601722123,0.44641504919148833,0.45563882482346496,0.32191301607083456,0.9002340912596178
0.06,3.2247537559322033,0.8974943453523241,0.9683099268877969,0.9757186887151982,0.9753444709204581,0.9226734245305601,0.9158596155226398,0.9123284398113246,0.9205284693831773,0.9185860009572498,0.8810736068554129,0.8697609787787467,0.784080653850423,0.6847933535791395,0.4522908801502362,0.46160408103649786,0.3266568749939762,0.9036641699299681
0.061,3.270185620625528,0.90157725083517,0.9700886668089684,0.9771462730886629,0.9768076392636319,0.9260708953570428,0.9195117466704392,0.9160640070788162,0.9240390311661828,0.9221505601272281,0.885539747811939,0.874482306341405,0.7900212216298124,0.691316141997536,0.4580550858499187,0.4674547730903885,0.3313278299710035,0.9069247360364929
0.062,3.3153876445193924,0.9054634623871659,0.9717532830889307,0.9784787683885761,0.9781723917768584,0.9292906172835416,0.922974596954719,0.9196091674082387,0.9273653572553207,0.9255296125074122,0.8898010935813709,0.878993475552676,0.7957492125238198,0.6976496321541277,0.46371106582456945,0.4731943913796536,0.3359278869016681,0.9100262075954998
0.063,3.3603615673675353,0.9091642558335685,0.9733121253807329,0.9797233491870799,0.9794462220701344,0.9323435366163524,0.9262597091800522,0.9229753619402072,0.930518783845582,0.9287344817859595,0.8938688991918973,0.8833057368539033,0.8012741937685393,0.7038011459681736,0.46926206689341565,0.47882626985576127,0.3404589651608584,0.912978241319895
0.064,3.405109111409396,0.91269014995967,0.9747728484520496,0.9808865767542954,0.9806359785414921,0.9352398155265562,0.9293778101442289,0.9261732331560781,0.9335098399982051,0.9317756913886188,0.8977536914001054,0.8874296303273188,0.8066052068460038,0.709777643789586,0.47471119218170466,0.4843535952619429,0.34492290256545155,0.9157897971082153
0.065,3.449631981589958,0.9160509649378048,0.9761424776483953,0.9819744583335488,0.9817479269999294,0.9379888964344285,0.9323388763604832,0.9292126885454142,0.9363483131167819,0.9346630289621294,0.9014653230373989,0.8913750374273556,0.8117508015619274,0.7155857460376084,0.48006140950326526,0.4897794157137978,0.3493214600012081,0.9184691963246003
0.066,3.4939318657762937,0.9192558756777253,0.9774274674296201,0.9829924999740093,0.9827878064780461,0.9405995604373683,0.9351521938657915,0.9321029585885819,0.939043308477518,0.9374056050361159,0.9050130227874762,0.8951512284757295,0.8167190676187981,0.721231753357095,0.48531555915556623,0.49510664867787824,0.353656325735656,0.9210241745377404
0.067,3.538010434970858,0.9223134605861096,0.9786337537947727,0.9839457537018083,0.9837608790573176,0.9430799803910758,0.9378264126973486,0.9348526496112848,0.9416033034066869,0.9400119064412934,0.9084054408167461,0.8987669062994788,0.8215176638837374,0.7267216654013606,0.4904763611737679,0.5003380883960309,0.3579291194408465,0.9234619293077196
0.068,3.581869343521595,0.9252317461709666,0.9797668013048771,0.9848388597060878,0.9846719744194883,0.9454377691859045,0.9403695965581053,0.9374697920093613,0.9440361966346573,0.9424898450000041,0.9116506906379884,0.9022302463553024,0.8261538455344285,0.7320611983428206,0.49554642208629274,0.5054764127991695,0.3621413959479377,0.9257891635407217
0.069,3.625510229328915,0.9280182478821016,0.9808316453225121,0.9856760841271468,0.9855255297439903,0.9476800237005465,0.9427892681377225,0.9399618842901181,0.9463493532994082,0.9448468019502819,0.914756387550211,0.905548933651096,0.8306344892514584,0.7372558012052796,0.500528241210862,0.510524189950456,0.36629464875379014,0.9280121248714047
0.07,3.668934714049587,0.9306800075389855,0.981832930009046,0.9864613529574564,0.9863256254910988,0.9498133648624861,0.9450924505067029,0.9423359333300897,0.9485496460223195,0.9470896685159569,0.9177296839640902,0.908730196746238,0.8349661166115512,0.7423106711047487,0.5054242165266246,0.515483884054456,0.37039031329813954,0.9301366414801506
0.071,3.7121444032976085,0.9332236276618372,0.9827749425530699,0.9871982825008112,0.9870760175416557,0.9518439741981058,0.9472857049581908,0.9445984912078266,0.9506434924345404,0.9492248829920797,0.92057730189223,0.9117808390856751,0.8391549158233925,0.7472307674791467,0.5102366501550123,0.520357861065729,0.37442977002840094,0.9321681547063567
0.072,3.755140886842105,0.9356553029899946,0.983661644045383,0.98789020677856,0.9877801661049035,0.9537776272141943,0.9493751656333687,0.9467556889335198,0.9526368894927092,0.9512584646765345,0.9233055628564157,0.9147072678989263,0.8432067619359688,0.7520208253811271,0.514967753479187,0.5251483939274999,0.37841434726778733,0.934111748778554
0.073,3.797925738802297,0.9379808494433094,0.9844966973655054,0.9885402022233415,0.9884412617548202,0.9556197239162191,0.9513665712320154,0.9488132673644813,0.9545354448876789,0.9531960449445488,0.9259204154397195,0.9175155208735245,0.847127235638538,0.7566853679025825,0.5196196519294632,0.5298576674684626,0.3823453239011625,0.9359721779466952
0.074,3.8405005178396068,0.9402057307569736,0.9852834924009606,0.989151109958851,0.9890622489111389,0.9573753167365165,0.9532652940791527,0.9507766055662614,0.9563444058186641,0.9550428957324252,0.9284274606894923,0.9202112907929321,0.850921640761433,0.7612287177941094,0.5241943894597825,0.5344877829834338,0.38622393189188975,0.9377538912707618
0.075,3.882866767346939,0.9423350829975277,0.9860251688825681,0.9897255559279097,0.989645847042935,0.9590491361169949,0.9550763667913775,0.9526507468530968,0.9580686853774194,0.9568039556697556,0.9308319755576538,0.9227999483113739,0.8545950205778131,0.7656550083378122,0.5286939327382443,0.5390407625214162,0.39005135864187557,0.9394610552923774
0.076,3.925026015635179,0.9443737371475527,0.9867246370858765,0.9902659690996718,0.9901945698394304,0.9606456139656286,0.9568045067620857,0.9544404227181059,0.9597128867623096,0.9584838540752816,0.9331389345470747,0.925286563022178,0.8581521729981769,0.7699681935273224,0.5331201750728048,0.5435185529027067,0.39382874920604116,0.9410975747919028
0.077,3.9669797761169776,0.946326239928383,0.9873845966199852,0.9907745979594922,0.9907107425637656,0.9621689051835175,0.9584541386630083,0.9561500748428337,0.9612813255200497,0.9600869330100531,0.9353530297169882,0.9276759229618804,0.8615976647418329,0.774172057604722,0.5374749400915045,0.5479230294848759,0.39755720837156117,0.9426671118120622
0.078,4.008729547487844,0.9481968730139432,0.9880075534997564,0.9912535254611959,0.991196517780315,0.9636229074392986,0.9600294151400158,0.9577838753571623,0.9627780499932157,0.9616172675623618,0.9374786891861202,0.9299725526794331,0.8649358445625945,0.7782702240002295,0.5417599851950334,0.5522559996958553,0.4012378026113983,0.944173103110255
0.079,4.050276813904608,0.9499896707742164,0.9885958356753192,0.9917046826007592,0.9916538896241501,0.9650112793498947,0.9615342358637355,0.9593457455039596,0.9642068601340389,0.9630786845217743,0.9395200942593884,0.9321807299881721,0.8681708555995988,0.7822661637169532,0.5459770047979791,0.5565192063508696,0.40487156192090856,0.945618776184912
0.08,4.09162304516129,0.951708436673787,0.9891516071733799,0.9921298607522824,0.9920847067620486,0.9663374572107367,0.9629722650799467,0.9608393728479493,0.9655713248292956,0.9644747795842792,0.9414811952924709,0.934304501507655,0.8713066469183588,0.7861632031997631,0.5501276333738054,0.5607143307686182,0.40845948154562317,0.947007164006398
0.081,4.13276969686243,0.9533567584391465,0.9896768809878335,0.9925307228912829,0.9924906841776275,0.9676046704044533,0.9643469477907637,0.9622682271549315,0.9668747978670502,0.9658089332168387,0.9433657263981277,0.9363476970929451,0.8743469843018538,0.7899645317243279,0.5542134483174044,0.5648429957008736,0.4120025236076762,0.9483411185697594
0.082,4.173718210593901,0.9549380220978961,0.9901735308421852,0.9929088138164177,0.9928734138984224,0.9688159556044047,0.9656615246851094,0.963635575055522,0.9681204326634327,0.9670843252973624,0.9451772190887708,0.9383139432402918,0.8772954603466202,0.7936732083396125,0.5582359726379643,0.5689067680885418,0.41550161863777346,0.949623323374851
0.083,4.214470014091273,0.9564554249834865,0.9906433019330996,0.993265569468538,0.9932343747697714,0.969974169878152,0.9669190459257583,0.9649444935968279,0.9693111958563628,0.9683039486351082,0.9469190149413018,0.9402066755503524,0.8801555039143801,0.7972921683945854,0.5621966774939096,0.5729071616562097,0.41895766701908577,0.9508563049289327
0.084,4.2550265214057506,0.9579119877905833,0.9910878207527445,0.9936023254352208,0.9935749413689565,0.9710820027858686,0.968122383890157,0.9661978827758344,0.970449879863027,0.9694706214666379,0.9485942773625857,0.9420291503230395,0.882930388985701,0.8008242296775597,0.5660969845807399,0.5768456393562621,0.4223715403489461,0.9520424433574974
0.085,4.295389133067729,0.9593105657584468,0.991508604077305,0.9939203247194626,0.9938963921429962,0.972141987559655,0.9692742449531745,0.9673984771395958,0.971539114488839,0.9705869990135841,0.9502060025270147,0.9437844553516683,0.885623242958478,0.8042720981944451,0.5699382683817622,0.5807236156727926,0.4257440827238115,0.9531839822007601
0.086,4.335559236248012,0.9606538590527669,0.991907067199935,0.9942207248428496,0.9941999168446127,0.9731565114416252,0.9703771803917952,0.968548856529522,0.9725813776674705,0.971655584180511,0.9517570295513602,0.9454755199782848,0.8882370544306605,0.8076383736102144,0.5737218582909568,0.5845424587947576,0.4290761119525277,0.9542830374658063
0.087,4.375538204916732,0.9619444224101287,0.9922845314783401,0.9945046043461417,0.994486623333047,0.9741278252513574,0.9714335964844413,0.9696514560400197,0.9735790054041987,0.9726787374639764,0.9532500499664532,0.9471051244667785,0.8907746805035299,0.8109255543760785,0.5774490406164902,0.5883034926670889,0.43236842070256787,0.9553416059977362
0.088,4.415327399999999,0.9631846741036185,0.9926422312600206,0.9947729687436597,0.994757543799455,0.9750580522467723,0.9724457638710067,0.9707085752554092,0.974534200988232,0.9736586861374438,0.9546876165401067,0.9486759087456152,0.8932388536390298,0.8141360425631928,0.5811210604727777,0.5920079989278421,0.43562177758357645,0.9563615732271749
0.089,4.454928169534332,0.9643769042829635,0.9929813202418384,0.995026755982072,0.9950136404704567,0.975949196336631,0.9734158262337372,0.9717223868233261,0.975449043533721,0.9745975327708679,0.956072151501045,0.950190380567675,0.8956321881020323,0.8172721484221839,0.584739123568379,0.595657218738832,0.4388369281722273,0.9573447203461746
0.09,4.494341848818897,0.9655232827379676,0.9933028773149046,0.9952668414490297,0.9952558108379486,0.9768031496975592,0.974345808353719,0.9726949444176485,0.9763254959038115,0.9754972631385261,0.9574059542093949,0.9516509231307384,0.897957186016069,0.8203360946863729,0.5883043978964919,0.5992523545166728,0.442014595982126,0.9582927309597272
0.091,4.533569760565593,0.9666258661298094,0.9936079119407405,0.9954940425725226,0.9954848924584304,0.9776216998437425,0.97523762359289,0.973628190139334,0.9771654120672527,0.9763597535639235,0.9586912083154618,0.9530598021985716,0.9002162430588653,0.8233300206352722,0.591818015334299,0.6027945715706207,0.44515548338220556,0.9592071972557916
0.092,4.572613215047022,0.9676866047309703,0.9938973691001571,0.9957091230477608,0.9957016673607737,0.9784065361931423,0.9760930808471028,0.9745239613993274,0.977970543932713,0.9771867777463156,0.9599299884450421,0.954419172759295,0.9024116538220268,0.8262559859337347,0.5952810731569727,0.6062849996531545,0.4482602724668371,0.9600896257328518
0.093,4.6114735102423765,0.9687073487111116,0.9941721338522835,0.995912796724751,0.9959068660975083,0.9791592561702085,0.9769138910118041,0.9753839973238827,0.9787425477019969,0.9779800131095124,0.9611242664463604,0.9557310852547386,0.9045456168573938,0.8291159742610283,0.5986946354717209,0.6097247344287964,0.45132962588062886,0.9609414425205242
0.094,4.650151931981279,0.9696898540030893,0.994433035537573,0.9961057311865051,0.9961011714712644,0.9798813708815607,0.977701672998305,0.9762099447191868,0.9794829897797931,0.9787410467101216,0.9622759172308473,0.9569974914117783,0.9066202394308974,0.8319118967430943,0.6020597345768736,0.6131148388662874,0.4543641876007014,0.9617639983255765
0.095,4.688649754085603,0.9706357877804549,0.9946808516553994,0.99628855104492,0.9962852219649373,0.980574310397943,0.9784579593353637,0.9770033636290307,0.9801933522743402,0.9794713807392058,0.9633867242373501,0.9582202497041682,0.9086375420032102,0.8346455952003082,0.6053773722506524,0.6164563445588593,0.45736458367901334,0.9625585730328765
0.096,4.726968238509317,0.971546733575203,0.9949163114439715,0.99646184097878,0.996459614901396,0.9812394286728929,0.9791842013878523,0.9777657325164357,0.9808750381204668,0.9801724376484473,0.9644583845469893,0.959401130471126,0.9105994624550617,0.8373188452221996,0.6086485209739363,0.6197502529770225,0.4603314229471498,0.9633263799882033
0.097,4.765108635476374,0.972424196062173,0.9951400991877017,0.9966261485360179,0.9966249093560972,0.9818780081259648,0.9798817742216013,0.9784984530975483,0.9815293758538002,0.9808455649292976,0.9654925136736939,0.9605418207168621,0.9125078600737846,0.8399333590797815,0.6118741250910439,0.6229975366579628,0.46326529768581537,0.9640685699875408
0.098,4.803072183616692,0.9732696055343747,0.9953528572748434,0.996781986720287,0.9967816288437633,0.9824912639159955,0.980551981141085,0.9792028548537788,0.9821576240625244,0.9814920395712085,0.9664906500534622,0.961643928613359,0.9143645193164611,0.8424907884854093,0.6150551019122601,0.6261991403353757,0.4661667842611116,0.9647862349953539
0.099,4.84086011010023,0.9740843220915503,0.9955551890261167,0.9969298363800342,0.9969302637983033,0.9830803479277611,0.9811960579244003,0.9798801992460122,0.9827609755408718,0.9821130722228862,0.9674542592535851,0.9627089877269767,0.9161711533639296,0.8449927272094037,0.6181923427615923,0.6293559820132901,0.4690364437295669,0.9654804116124467
0.1,4.87847363076923,0.9748696395625075,0.9957476613131638,0.9970701484165877,0.9970712738633798,0.9836463524934346,0.9818151767779789,0.9805316836527848,0.9833405611665379,0.9827098110785402,0.9683847379214078,0.9637384609878847,0.9179294074788947,0.8474407135620439,0.6212867139729976,0.6324689539871945,0.47187482241372025,0.9661520843122634
0.101,4.91591395026861,0.9756267891801319,0.9959308069839757,0.997203345826261,0.9972050900094263,0.9841903138684864,0.9824104500316446,0.981158445052538,0.9838974535223897,0.9832833455093103,0.9692834174906931,0.96473374441987,0.9196408621804477,0.8498362327489509,0.624339057838099,0.6355389238155587,0.4746824524499669,0.9668021884629249
0.102,4.953182262174579,0.9763569430265027,0.9961051271109049,0.9973298255901191,0.9973321164914829,0.9847132154800662,0.9829829335929577,0.9817615634684557,0.9844326702811893,0.9838347094584265,0.9701515676622595,0.9656961706467441,0.9213070362464384,0.8521807191073467,0.6273501935082171,0.6385667352446294,0.477459852310256,0.9674316131508646
0.103,4.990279749121466,0.9770612172641792,0.9962710930754967,0.997449960423829,0.9974527326609179,0.9852159909644406,0.9835336301782686,0.9823420651929083,0.9849471773705416,0.984364884617166,0.9709903996742976,0.9666270121903565,0.9229293895543395,0.8544755582301715,0.6303209178533455,0.6415532090891949,0.48020752729911576,0.9680412038206226
0.104,5.027207582926829,0.9777406751684818,0.9964291485031233,0.9975641003989096,0.9975672946429391,0.9856995270087312,0.9840634923365128,0.9829009258071885,0.9854418919339006,0.9848748033973166,0.9718010693766045,0.9675274845741045,0.9245093257705104,0.8567220889845797,0.6332520062805311,0.6444991440718255,0.48292597002740334,0.9686317647441838
0.105,5.063966924714829,0.9783963299744587,0.9965797110592759,0.9976725744456972,0.9976761368907366,0.9861646660109781,0.9845734252805168,0.9834390730109889,0.9859176851022167,0.9853653517146186,0.9725846801219079,0.9683987492448006,0.9260481948970859,0.8589216054309085,0.636144213513956,0.6474053176229464,0.48561566086407315,0.9692040613321621
0.106,5.100558925037936,0.9790291475511825,0.9967231741183494,0.9977756917474462,0.9977795736261527,0.9866122085714482,0.9850642895394205,0.9839573892749511,0.9863753845896556,0.9858373715965197,0.973342285486468,0.9692419163248205,0.9275472956850848,0.8610753586478127,0.6389982743388699,0.6502724866439324,0.4882770683671851,0.9697588222981468
0.107,5.136984723996972,0.9796400489150737,0.9968599083148244,0.9978737430341593,0.9978779001759025,0.9870429158270925,0.9855369034447671,0.9844567143285834,0.9868157771257742,0.9862916636265469,0.97407489183125,0.9700580472055829,0.9290078779217525,0.863184558468892,0.6418149043113864,0.6531013882352841,0.49091064969528597,0.9702967416866436
0.108,5.1732454513595165,0.9802299125930651,0.9969902629859163,0.9979670017840103,0.997971394211597,0.98745751164013,0.9859920454618406,0.9849378474949049,0.9872396107355801,0.9867289892366465,0.9747834607141287,0.9708481569926171,0.9304311445996151,0.8652503751357943,0.6445948004360214,0.6558927403918033,0.4935168510002421,0.9708184807742096
0.109,5.209342226676714,0.9807995768456232,0.9971145675139931,0.9980557253395463,0.9980603169011039,0.9878566846508893,0.9864304563769446,0.9854015498823095,0.9876475968780193,0.9871500728579813,0.9754689111628264,0.9716132168117376,0.9318182539742192,0.8672739408724619,0.6473386418127387,0.6586472426665777,0.496096107802514,0.9713246698526437
0.11,5.245276159398496,0.9813498417589006,0.9972331325763745,0.9981401559452505,0.9981449139781455,0.988241090204261,0.9868528413505004,0.985848546443352,0.9880404124526367,0.9875556039398699,0.9761321218175868,0.9723541559851704,0.9331703215170771,0.8692563513848879,0.6500470902551553,0.6613655768054538,0.49864884534982545,0.9718159099024051
0.111,5.281048348987247,0.9818814712146156,0.9973462513094931,0.9982205217124939,0.9982254167364482,0.9886113521584063,0.9872598718450998,0.9862795279094301,0.9884187016834151,0.987946238845832,0.9767739329519406,0.9730718640858468,0.9344884217698995,0.8711986672904821,0.6527207908814554,0.6640484073535893,0.501175478960098,0.9722927741638078
0.112,5.3166598850299405,0.982395194745632,0.9974542003938254,0.9982970375174006,0.9983020429542265,0.9889680645837117,0.9876521874369618,0.9866951526096739,0.9887830778881183,0.9883226026350266,0.9773951483793258,0.9737671928775105,0.9357735901058124,0.8731019154808837,0.6553603726794653,0.6666963822355649,0.5036764143494907,0.9727558096129644
0.113,5.352111847348768,0.9828917092846366,0.9975572410654769,0.998369905836698,0.9983749977543076,0.9893117933593832,0.9880303975186148,0.9870960481817347,0.9891341251408498,0.9886852907367596,0.9779965372527777,0.9744409581477462,0.937026824402874,0.8749670904218224,0.6579664490472548,0.6693101333104513,0.506152047946314,0.9732055383489245
0.114,5.387405306110284,0.9833716808127806,0.997655620059833,0.998439317526202,0.9984444744047605,0.9896430776745274,0.9883950829000462,0.9874828131816086,0.9894723998349605,0.9890348705251687,0.9785788357643953,0.9750939414405517,0.9382490866348782,0.8767951553934117,0.6605396183105445,0.6718902769031414,0.5086027671915605,0.973642458897978
0.115,5.422541321933086,0.9838357459146668,0.9977495704922478,0.9985054525462136,0.9985106550644963,0.9899624314400552,0.9887467973150357,0.9878560185991064,0.98979843215292,0.9893718828006768,0.9791427487508321,0.9757268916946185,0.9394413043841012,0.8785870436740464,0.663080464218126,0.6744374143131768,0.5110289508267299,0.9740670474406427
0.116,5.457520945994066,0.9842845132456136,0.9978393126803519,0.9985684806377564,0.9985737114779453,0.9902703446172874,0.989086068838894,0.9882162092851089,0.9901127274492802,0.9896968431843228,0.9796889512106162,0.9763405267930659,0.9406043722803641,0.8803436596708855,0.665589556416422,0.6769521323022245,0.5134309691696105,0.974479758966449
0.117,5.492345220133235,0.984718564916708,0.9979250549121942,0.9986285619532655,0.9986338056225783,0.99056728446871,0.9894134012233831,0.9885639052963009,0.9904157675524184,0.9900102434306429,0.9802180897387202,0.9769355350299908,0.9417391533704992,0.8820658799997276,0.6680674509042557,0.6794350035612917,0.5158091843786113,0.9748810283612699
0.118,5.527015176957164,0.9851384578027833,0.9980069941641038,0.9986858476450572,0.9986910903127464,0.9908536967359385,0.9897292751541787,0.9888996031626801,0.9907080119903352,0.9903125526643646,0.98073078388342,0.9775125764988253,0.9428464804220611,0.8837545545169094,0.670514690468823,0.6818865871587046,0.5181639507062346,0.9752712714315865
0.119,5.561531839941046,0.9855447247780974,0.9980853167718541,0.9987404804146391,0.9987457097630289,0.9911300067495815,0.9900341494358553,0.9892237770827552,0.9909898991454098,0.9906042185458064,0.9812276274301519,0.9780722844071738,0.9439271571648807,0.8854105073057095,0.672931805103823,0.6843074289698088,0.5204956147422181,0.9756508858697754
0.12,5.595896223529412,0.9859378758841619,0.998160199058434,0.9987925950256856,0.9987978001140303,0.9913966204753704,0.9903284621090178,0.9895368800510097,0.9912618473426633,0.9908856683695274,0.9817091896167522,0.9786152663224814,0.9449819594738401,0.88703453761959,0.6753193124106196,0.6866980620893046,0.5228045156468684,0.9760202521642027
0.121,5.63010933323551,0.9863183994338713,0.998231807921479,0.9988423187832786,0.9988474899233376,0.9916539255006044,0.9906126315038852,0.9898393449218834,0.9915242558757643,0.9911573101004553,0.9821760162841806,0.9791421053526078,0.9460116364960396,0.8886274207844747,0.6776777179832831,0.6890590072270693,0.5250909853750567,0.9763797344576474
0.122,5.664172165739384,0.9866867630557996,0.9983003013831774,0.9988897719818144,0.9988949006241338,0.9919022919646842,0.9908870572343268,0.9901315854142345,0.9917775059747108,0.9914195333514232,0.9826286309665488,0.9796533612651085,0.9470169117253385,0.8901899090621315,0.680007515778295,0.691390773088274,0.5273553488913398,0.9767296813573255
0.123,5.698085708984659,0.9870434146822713,0.99836582910526,0.9989350683237948,0.9989401469537738,0.99214207343724,0.991152121136076,0.9904139970599701,0.9920219617188538,0.9916727103057802,0.9830675359240316,0.9801495715487836,0.9479984840270667,0.8917227324766105,0.6823091884696589,0.6936938567385528,0.5295979243766283,0.9770704266995588
0.124,5.731850942274052,0.9873887834845773,0.9984285328714779,0.9989783153115448,0.998983337354449,0.9923736077471211,0.9914081881525916,0.9906869581002818,0.9922579708986713,0.9919171965884819,0.9834932131219998,0.9806312524208228,0.9489570286155405,0.8932265996055784,0.6845832077901244,0.695968743954945,0.5318190234268119,0.9774022902719167
0.125,5.765468836363636,0.9877232807584775,0.9984885470398007,0.9990196146137528,0.999024574347906,0.9925972177652869,0.9916556071717966,0.9909508303326916,0.9924858658294693,0.9921533320888412,0.9839061251595008,0.981098899782664,0.9498931979868613,0.8947021983382824,0.6868300348591825,0.6982159095632863,0.5340189512437212,0.977725578495475
0.126,5.798940353555878,0.9880473007629322,0.9985459989663938,0.9990590624085767,0.9990639548860338,0.992813212144436,0.9918947118167096,0.9912059599118964,0.9927059641199728,0.9923814417378991,0.984306716150011,0.9815529901274819,0.950807622809322,0.8961501966017811,0.6890501204984602,0.7004358177626897,0.5361980068187903,0.9780405850696401
0.127,5.832266447791456,0.9883612215148057,0.9986010094032896,0.9990967497049386,0.9991015706789977,0.9930218860180151,0.9921258211927764,0.9914526781071998,0.9929185693985626,0.992601836243181,0.9846954125571947,0.9819939814020443,0.9517009127736189,0.8975712430569883,0.6912439055351041,0.702628922437716,0.5383564831097567,0.9783475915818329
0.128,5.865448064739884,0.9886654055421125,0.9986536928715187,0.9991327626434999,0.9991375085024735,0.9932235216610736,0.9923492405945237,0.9916913020191352,0.9931239719997381,0.9928148127834145,0.9850726239882359,0.9824223138254968,0.9525736574049352,0.8989659677659897,0.6934118210937159,0.7047956674588136,0.5404946672107291,0.9786468680841648
0.129,5.898486141888969,0.9889602005982093,0.9987041580113473,0.999167182778708,0.9991718504854175,0.9934183891152641,0.9925652621739824,0.9919221352577132,0.9933224496132057,0.993020655665617,0.9854387439471417,0.9828384106674806,0.9534264268388382,0.9003349828320107,0.6955542888773633,0.7069364869715618,0.5426128405159226,0.978938673639099
0.13,5.931381608633094,0.9892459403391816,0.9987525079111386,0.9992000873431943,0.9992046743797023,0.9936067467801379,0.9927741655731664,0.9921454685845641,0.9935142678978377,0.9932196369468015,0.98579415055027,0.9832426789878389,0.9542597725628302,0.9016788830133389,0.6976717214381705,0.709051805675228,0.5447112788773538,0.9792232568359552
0.131,5.964135386360374,0.9895229449665308,0.9987988404162554,0.9992315494957172,0.9992360538128529,0.9937888419727425,0.9929762185227403,0.9923615805211019,0.9936996810625991,0.9934120170224009,0.9861392072061921,0.983635510340028,0.9550742281252802,0.9029982463124357,0.6997645224379595,0.7111420390911298,0.5467902527567687,0.9795008562799926
0.132,5.996748388538682,0.9897915218371379,0.9988432484193138,0.9992616385537522,0.999266058525021,0.9939649114573963,0.993171677408874,0.9925707379246971,0.9938789324163996,0.9935980451833755,0.9864742632618709,0.9840172814402206,0.9558703098133695,0.9042936345414017,0.7018330868993921,0.7132075938212523,0.5488500273720658,0.979771701055696
0.133,6.029221520800571,0.9900519660423501,0.9988858201330058,0.999290420211754,0.9992947545912623,0.9941351819473936,0.9933607878101499,0.9927731965347161,0.9940522548887035,0.9937779601438402,0.9867996546170132,0.984388354803968,0.9566485173015918,0.9055655938648983,0.7038778014480342,0.7152488677975595,0.5508908628384557,0.9800360111657774
0.134,6.061555681027104,0.9903045609579262,0.9989266393466271,0.999317956746041,0.9993222046300924,0.9942998705802829,0.9935437850062695,0.9929692014901711,0.9942198715226109,0.9939519905409309,0.9871157043083414,0.9847490793521761,0.9574093342722618,0.9068146553215739,0.7058990445457499,0.7172662505224098,0.552913014304594,0.9802939979473163
0.135,6.093751759430605,0.9905495787664689,0.9989657856673596,0.9993443072071851,0.99934846799924,0.9944591853682506,0.9937208944601941,0.993158987820608,0.9943819959420118,0.9941203554085182,0.9874227230654252,0.9850997909880446,0.9581532290094055,0.9080413353249802,0.7078971867158004,0.7192601233004656,0.5549167320839101,0.980545864466357
0.136,6.125810638636364,0.9907872809538684,0.9990033347472904,0.9993695276007268,0.9993736009794386,0.9946133256250494,0.993892332275249,0.9933427809117608,0.9945388327943168,0.9942832646262761,0.9877210098396124,0.9854408131465193,0.9588806549673311,0.9092461361449183,0.7098725907600144,0.7212308594624659,0.5569022617813346,0.9807918058922153
0.137,6.157733193763288,0.9910179187811925,0.9990393584970783,0.9993936710569773,0.9993976569470461,0.9947624823708174,0.994058305628628,0.9935207969474059,0.9946905781701678,0.9944409193455173,0.9880108523075094,0.9857724573177196,0.9595920513151065,0.9104295463701038,0.7118256119683731,0.7231788245812174,0.5588698444156353,0.9810320098526456
0.138,6.189520292503536,0.9912417337333687,0.9990739252871166,0.9994167879906183,0.9994206865362223,0.9949068387160491,0.9942190131826384,0.9936932433287564,0.9948374200014471,0.994593512393117,0.9882925273503711,0.9860950235457122,0.9602878434581029,0.9115920413529898,0.7137565983213298,0.7251043766801286,0.5608197165375399,0.98126665677097
0.139,6.221172795201129,0.991458957945923,0.999107100136983,0.999438926250756,0.9994427377913437,0.995046570225901,0.9943746454749492,0.993860319072657,0.9949795384388194,0.9947412286547676,0.988566301510684,0.9864088009039264,0.960968443537702,0.9127340836375519,0.7156658906851815,0.7270078664346142,0.5627521103438334,0.9814959201861767
0.14,6.252691554929578,0.9916698146109653,0.9991389448939136,0.9994601312620454,0.9994638563102878,0.9951818452659412,0.9945253852890235,0.9940222151897627,0.9951171062099627,0.9948842454387266,0.9888324314271486,0.9867140679484282,0.9616342509102058,0.9138561233707889,0.7175538230007815,0.7288896373666591,0.5646672537875963,0.981719967056959
0.141,6.284077417568517,0.9918745183635387,0.9991695184009869,0.9994804461574543,0.9994840853791747,0.9953128253303825,0.9946714080058423,0.9941791150438081,0.9952502889595783,0.9950227328211502,0.9890911642491952,0.9870110931502031,0.96228565260593,0.9149585986986616,0.7194207224658716,0.7307500260328389,0.5665653706847467,0.9819389580505793
0.142,6.315331221879383,0.9920732756493837,0.9991988766556583,0.9994999119032008,0.9995034660991142,0.9954396653537765,0.9948128819379632,0.9943311946930123,0.9953792455721937,0.9951568539740372,0.9893427380321056,0.9873001353075274,0.9629230237694131,0.9160419361471517,0.7212669097113023,0.7325893622060571,0.5684466808170412,0.982153047817413
0.143,6.346453799580126,0.9922662850751093,0.9992270729592444,0.9995185674163573,0.9995220375054672,0.9955625140070857,0.9949499686468892,0.9944786232145979,0.9955041284787194,0.9952867654767467,0.9895873821137466,0.9875814439394506,0.9635467280816215,0.917106550989091,0.7230926989713908,0.734407969051267,0.5703114000316818,0.9823623852519532
0.144,6.377445975418994,0.9924537377416993,0.9992541580579115,0.9995364496755864,0.9995398366800968,0.9956815139789935,0.9950828232446662,0.9946215630133421,0.9956250839476566,0.9954126176119927,0.9898253174738674,0.9878552596613512,0.9641571181649868,0.9181528475973754,0.7248983982486583,0.7362061632954169,0.5721597403376633,0.9825671137410261
0.145,6.408308567247387,0.9926358175622346,0.9992801802756918,0.9995535938254371,0.9995568988570517,0.9957968022432623,0.9952115946805731,0.9947601701150293,0.9957422523617996,0.9955345546471662,0.9900567570768548,0.9881218145434743,0.9647545359720667,0.919181219785153,0.7266843094731754,0.7379842553918564,0.5739919099990044,0.9827673713999103
0.146,6.439042386091795,0.9928127015646554,0.9993051856400121,0.9995700332746028,0.9995732575220941,0.9959085103129008,0.9953364260137131,0.9948945944456152,0.9958557684812275,0.995652715101784,0.9902819061987949,0.9883813324533072,0.9653393131585788,0.9201920511335405,0.7284507286567299,0.7397425496794254,0.575808113624976,0.982963291297019
0.147,6.4696482362248435,0.992984560180343,0.9993292180001899,0.9995857997885194,0.9995889445064585,0.9960167644818546,0.995457454672272,0.9950249800968717,0.9959657616933303,0.9957672320018142,0.9905009627396341,0.9886340293826069,0.9659117714415224,0.9211857153074005,0.7301979460420293,0.7414813445364363,0.5776085522574572,0.9831550016677606
0.148,6.500126915235457,0.9931515575192568,0.999352319139321,0.9996009235766482,0.9996039900751978,0.9961216860548934,0.9955748127001586,0.99515146557923,0.9960723562505716,0.9958782331215871,0.990714117521197,0.988880113759839,0.9664722229430611,0.9221625763596821,0.7319262462471291,0.743200932529753,0.5793934234555282,0.9833426261181574
0.149,6.530479214098134,0.9933138516323166,0.9993745288799565,0.9996154333747768,0.999618423010454,0.9962233915663278,0.9956886269917037,0.9952741840625043,0.996175671496648,0.9959858412139561,0.9909215545717697,0.9891197867487563,0.9670209705208088,0.9231229890248065,0.7336359084052825,0.7449016005591595,0.5811629213774133,0.9835262838187693
0.15,6.560705917241379,0.9934715947616857,0.99939588518394,0.9996293565226367,0.9996322706899659,0.9963219929881526,0.9957990195150529,0.9953932636051323,0.9962758220816662,0.9960901742293337,0.9911234513979195,0.9893532425337963,0.9675583080851278,0.9240672990015526,0.735327206300382,0.7465836299971993,0.5829172368598715,0.9837060896894367
0.151,6.590807802615278,0.9936249335795694,0.9994164242467529,0.999642719037129,0.9996455591611058,0.9964175979281763,0.9959061075248525,0.9955088273725364,0.996372918166923,0.9961913455241944,0.9913199792441874,0.9895806685929465,0.9680845209040173,0.9249958432258805,0.7370004084981707,0.7482472968246632,0.5846565574951436,0.9838821545753229
0.152,6.620785641758241,0.993774009416113,0.9994361805866931,0.9996555456814199,0.999658313210718,0.9965103098186661,0.996010003764792,0.9956209938451749,0.9964670656198389,0.9962894640595995,0.9915113033412516,0.9898022459586872,0.9685998858961418,0.9259089501341042,0.738655778473384,0.7498928717618909,0.586381067705541,0.9840545854147187
0.153,6.65064019986292,0.9939189584769461,0.9994551871291913,0.9996678600301592,0.9996705564310148,0.9966002280960065,0.9961108166605345,0.9957298770168139,0.9965583661995655,0.9963846345902658,0.99169758314313,0.990018149467591,0.9691046719125203,0.926806939916812,0.740293574732976,0.7515206203960462,0.5880909488157744,0.9842234853990294
0.154,6.680372235841313,0.9940599120508954,0.9994734752865514,0.9996796845310519,0.9996823112817687,0.996687448371842,0.9962086505035372,0.9958355865835317,0.9966469177337544,0.9964769578446759,0.9918789725539573,0.9902285479991256,0.9695991400073753,0.927690124763908,0.7419140509355802,0.7531308033045185,0.5897863791231017,0.9843889541253575
0.155,6.709982502389078,0.9941969967083535,0.9994910750333801,0.9996910405630046,0.9996935991490232,0.9967720625961448,0.9963036056262335,0.9959382281239246,0.996732814286949,0.9965665306966902,0.9920556201448447,0.9904336047041783,0.9700835436986104,0.9285588091011374,0.7435174560073488,0.7547236761745941,0.5914675339653843,0.9845510877420584
0.156,6.7394717460490465,0.9943303344907706,0.999508014977959,0.9997019484910468,0.9997044404005322,0.9968541592126262,0.9963957785690217,0.9960379032709713,0.996816146321036,0.996653446329105,0.9922276693613021,0.9906334772237938,0.9705581292183676,0.9294132898184337,0.7451040342542992,0.7562994899195392,0.5931345857871242,0.9847099790876291
0.157,6.768840707273964,0.9944600430917039,0.9995243224297928,0.9997124277182224,0.9997148544381216,0.9969338233068857,0.9964852622394834,0.996134709875973,0.9968970008481638,0.9967377943895673,0.9923952587216779,0.9908283178985889,0.971023135754091,0.9302538564904188,0.7466740254713073,0.7578584907912234,0.594787704203563,0.9848657178232713
0.158,6.798090120488467,0.9945862360298429,0.9995400234635526,0.9997224967346288,0.9997248597471583,0.9970111367476697,0.996572146064226,0.9962287421649767,0.9969754615765184,0.9968196611392397,0.9925585220070454,0.9910182739692855,0.9714787956805024,0.9310807915893655,0.7482276650478601,0.7594009204894134,0.5964270560629077,0.9850183905594496
0.159,6.827220714150305,0.9947090228143997,0.9995551429796241,0.9997321731637695,0.9997344739432957,0.9970861783215907,0.9966565161337255,0.9963200908880558,0.9970516090493189,0.9968991295945827,0.9927175884429461,0.99120348776878,0.971925334782877,0.9318943706909205,0.749765184070695,0.7609270162678589,0.5980528055067589,0.9851680809767444
0.16,6.856233210810811,0.9948285091032382,0.9995697047614519,0.9997414738063822,0.999743713816658,0.9971590238616379,0.9967384553405234,0.9964088434618081,0.9971255207773806,0.9969762796626059,0.992872582873374,0.991384096906143,0.9723629724719879,0.9326948626728724,0.7512868094234342,0.7624370110372807,0.5996651140288042,0.9853148699412893
0.161,6.8851283271746455,0.9949447968540915,0.9995837315298634,0.999750414681885,0.999752595373612,0.9972297463697942,0.9968180435111115,0.9964950841054087,0.9971972713655699,0.9970511882699149,0.9930236259273683,0.9915602344429282,0.9727919219910685,0.9334825299072369,0.7527927638833236,0.7639311334653816,0.601264140531836,0.9854588356150642
0.162,6.913906774158816,0.9950579844692028,0.9995972449945429,0.9997590110675817,0.9997611338762686,0.997298416134054,0.9968953575318223,0.996578893970538,0.9972669326334593,0.9971239294858661,0.9931708341785616,0.9917320290621428,0.9732123906151301,0.9342576284459172,0.7542832662151799,0.7654096080739768,0.6028500413831612,0.9856000535612917
0.163,6.942569256950974,0.995168166933701,0.9996102659028179,0.999767277535756,0.9997693438798456,0.9973651008401223,0.9969704714690216,0.9966603512654877,0.9973345737304743,0.9971945746401255,0.9933143202980125,0.9918996052302219,0.9736245798429514,0.9350204082001894,0.7557585312626456,0.7668726553333529,0.6044229704684531,0.9857385968451877
0.164,6.971116475067024,0.9952754359480147,0.9996228140859043,0.9997752279887739,0.9997772392680158,0.9974298656780589,0.9970434566838883,0.9967395313737287,0.9974002612458057,0.9972631924349068,0.9934541932006353,0.9920630833523237,0.9740286855820443,0.9357711131142474,0.7572187700368445,0.7683204917539471,0.6059830792441057,0.9858745361302884
0.165,6.999549122408028,0.9953798800546034,0.9996349085027588,0.999782875692312,0.9997848332863568,0.9974927734441194,0.9971143819420456,0.9968165069672161,0.9974640593133491,0.9973298490521548,0.9935905581855231,0.9922225799212531,0.9744248983268864,0.9365099813330373,0.7586641898025326,0.7697533299754449,0.6075305167881391,0.9860079397705735
0.166,7.027867887316423,0.9954815847592771,0.9996465672816662,0.999790233306815,0.999792138574011,0.9975538846380281,0.9971833135183009,0.9968913481146825,0.9975260297119175,0.9973946082559217,0.9937235170704453,0.9923782076603022,0.974813403330696,0.937237245364595,0.7600949941618281,0.7711713788533818,0.6090654298497102,0.986138873898584
0.167,7.056073452631579,0.9955806326473561,0.9996578077596899,0.9997973129172874,0.9997991671936591,0.9976132575559078,0.9972503152967286,0.9969641223851666,0.997586231960958,0.997457531490172,0.993853168320787,0.9925300756602821,0.9751943807710137,0.9379531322370963,0.7615113831356061,0.7725748435433375,0.6105879628972755,0.9862674025097379
0.168,7.0841664957446815,0.9956771034949154,0.9996686465201027,0.9998041260615096,0.9998059306599031,0.9976709483790784,0.9973154488663257,0.9970348949470047,0.9976447234119954,0.9975186779722396,0.9939796071731845,0.9926782895110088,0.9755680059093415,0.9386578636508176,0.762913553242636,0.7739639255828034,0.612098258165449,0.9863935875430158
0.169,7.112147688652953,0.9957710743753402,0.9996790994279091,0.9998106837567705,0.9998124399661478,0.997727011258924,0.9973787736124551,0.9971037286625033,0.9977015593360095,0.9975781047821488,0.9941029257540954,0.9928229514274896,0.975934449245081,0.9393516561251966,0.7643016975765415,0.7753388229708017,0.6135964557006082,0.9865174889581962
0.17,7.140017698013246,0.9958626197614106,0.9996891816635639,0.9998169965251987,0.9998187056100677,0.9977814983980209,0.9974403468042765,0.9971706841785002,0.997756793006945,0.9976358669479981,0.9942232131935357,0.992964160371048,0.9762938766639991,0.940034721141175,0.7656760058806549,0.7766997302453345,0.6150826934052784,0.9866391648098087
0.171,7.167777185194978,0.9959518116231222,0.9996989077549844,0.9998230744177707,0.9998247376177375,0.9978344601277039,0.9975002236783613,0.9972358200130078,0.9978104757815393,0.9976920175275971,0.9943405557341979,0.9931020121656101,0.9766464495814399,0.9407072652789991,0.7670366646208342,0.7780468385587317,0.6165571070813519,0.9867586713179476
0.172,7.195426806332453,0.9960387195214385,0.9997082916079497,0.9998289270370705,0.9998305455665017,0.9978859449822441,0.997558457518671,0.9972991926381265,0.9978626571756471,0.9977466076865358,0.9944550368361599,0.9932365996093677,0.9769923250804932,0.9413694903516422,0.7683838570563175,0.7793803357509701,0.6180198304721634,0.986876062936108
0.173,7.222967212376563,0.9961234106981595,0.9997173465349746,0.9998345635588698,0.9998361386066541,0.9979359997697979,0.9976150997330739,0.9973608565594021,0.9979133849372294,0.9977996867728577,0.994566737277379,0.9933680125820195,0.9773316560453187,0.9420215935340116,0.769717763308672,0.7807004064210304,0.6194709953034757,0.9869913924161765
0.174,7.2503990491458605,0.9962059501620857,0.9997260852827389,0.9998399927525939,0.999841525481992,0.9979846696402818,0.9976701999265631,0.9974208643917947,0.9979627051161646,0.9978513023884962,0.9946757352501602,0.9934963381477852,0.9776645912898176,0.9426637674880917,0.7710385604289066,0.7820072319963551,0.6209107313234006,0.9871047108707093
0.175,7.2777229573770486,0.9962864007716435,0.9997345200581513,0.9998452230007346,0.9998467145493095,0.9980319981503192,0.9977238059713319,0.9974792669324188,0.998010662131035,0.9979015004576289,0.9947821064537735,0.9936216606543762,0.977991275681833,0.9432962004841697,0.7723464224628027,0.7833009908004696,0.6223391663412956,0.9872160678326263
0.176,7.304939572774868,0.9963648233141328,0.9997426625531194,0.9998502623172691,0.9998517137968873,0.9980780273253942,0.9977759640738532,0.9975361132302022,0.9980572988330303,0.9979503252920944,0.994885924183394,0.9937440618280986,0.9783118502630557,0.9439190765182879,0.773641520514527,0.7845818581188271,0.6237564262656665,0.9873255113124402
0.177,7.332049526061398,0.996441276581747,0.9997505239680952,0.9998551183651375,0.999856530862034,0.9981227977193469,0.9978267188391047,0.9975914506526087,0.998102656567104,0.9979978196540095,0.9949872594155212,0.9938636208652537,0.9786264523648006,0.944532575426053,0.7749240228085758,0.785850006262933,0.6251626351411108,0.9874330878531307
0.178,7.359053443024771,0.9965158174445116,0.9997581150344618,0.9998597984728317,0.9998611730477311,0.9981663484713318,0.9978761133320706,0.9976453249495589,0.9981467752305117,0.9980440248157177,0.9950861808900342,0.9939804145199983,0.9789352157198151,0.9451368729929357,0.7761940947501086,0.7871056046328032,0.6265579151843297,0.9875388425827781
0.179,7.3859519445673385,0.9965885009202775,0.9997654460358211,0.9998643096501436,0.9998656473384323,0.9982087173603592,0.9979241891366476,0.9976977803146787,0.9981896933288543,0.9980889806171933,0.9951827551890272,0.9940945171888123,0.9792382705702701,0.9457321410611839,0.7774518989837201,0.7883488197778108,0.6279423868192393,0.9876428192650499
0.18,7.412745646753247,0.9966593802418993,0.9997725268282411,0.9998686586031177,0.9998699604150594,0.9982499408575295,0.9979709864120739,0.9977488594439959,0.9982314480297411,0.9981327255210173,0.995277046812566,0.9942060009917222,0.9795357437720833,0.9463185476334675,0.7786975954507003,0.7895798154559703,0.6293161687112125,0.9877450603476444
0.181,7.439435160855476,0.9967285069217235,0.9997793668595175,0.9998728517482515,0.999874118669242,0.9982900541760685,0.9980165439469966,0.9977986035922037,0.9982720752141825,0.9981752966650398,0.995369118251495,0.9943149358504143,0.9798277588957112,0.9468962569733717,0.779931341444831,0.79079875269171,0.6306793778004735,0.9878456070087831
0.182,7.466021093402328,0.9967959308135049,0.9997859751875006,0.9998768952259838,0.9998781282168404,0.9983290913192642,0.9980608992112824,0.9978470526265986,0.99831160952582,0.9982167299128335,0.9954590300574249,0.9944213895633724,0.9801144363235464,0.9474654297028466,0.7811532916667641,0.7920057898321775,0.6320321293346753,0.9879444992018324
0.183,7.492504046223369,0.9968617001718628,0.999792360497536,0.9998807949135089,0.9998819949107891,0.9983670851264,0.9981040884056789,0.9978942450788001,0.9983500844180886,0.998257059902039,0.995546840910018,0.9945254278781614,0.9803958933440481,0.9480262228967204,0.7823635982770236,0.7932010826021252,0.633374536900684,0.9880417756981494
0.184,7.518884616494845,0.9969258617093851,0.9997985311190658,0.9998845564369537,0.9998857243532996,0.9984040673167777,0.9981461465094192,0.9979402181943509,0.9983875321994097,0.9982963200906988,0.9956326076816886,0.9946271145609805,0.9806722442427275,0.9485787901743762,0.7835624109476789,0.7943847841574181,0.6347067124555948,0.9881374741282208
0.185,7.545163396784565,0.9969884606514826,0.999804495041433,0.9998881851829499,0.9998893219074548,0.9984400685319144,0.9981871073258671,0.9979850079802919,0.9984239840765021,0.9983345428016712,0.9957163854998248,0.9947265114635954,0.9809436003901082,0.949123281788691,0.7847498769127229,0.7955570451372079,0.6360287663570012,0.988231631021176
0.186,7.571340975096278,0.9970495407890893,0.99981025992893,0.999891686309634,0.9998927927082285,0.9984751183759982,0.998227003526287,0.9980286492508036,0.9984594701958974,0.9983717592652105,0.9957982278066396,0.9948236785877624,0.9812100703267721,0.9496598447123302,0.7859261410172017,0.7967180137148113,0.6373408073925447,0.9883242818427443
0.187,7.5974179349135165,0.9971091445293033,0.9998158331351306,0.999895064757107,0.9998961416729594,0.9985092454546796,0.9982658666918262,0.9980711756709987,0.9984940196837409,0.9984079996597952,0.9958781864167483,0.9949186741472453,0.981471759845601,0.9501886227214879,0.7870913457651276,0.7978678356473335,0.6386429428087601,0.9884154610317251
0.188,7.623394855242966,0.9971673129440549,0.9998212217165406,0.9998983252573789,0.9998993735113101,0.9985424774122724,0.9983037273537867,0.9981126197989485,0.9985276606839545,0.9984432931512854,0.9959563115725671,0.9950115546275246,0.981728772071316,0.9507097564771582,0.7882456313662167,0.7990066543240735,0.6399352783392451,0.9885052020350339
0.189,7.649272310657306,0.9972240858168869,0.9998264324456044,0.9999014723438273,0.999902492734736,0.9985748409674388,0.9983406150322641,0.9981530131260207,0.9985604203948361,0.9984776679304805,0.9960326519976255,0.9951023748432954,0.9819812075374164,0.9512233836040228,0.7893891357814814,0.8001346108137475,0.6412179182321647,0.9885935373413912
0.19,7.67505087133758,0.9972795016879278,0.9998314718230971,0.9999045103601962,0.9999055036654918,0.9986063619474198,0.9983765582732249,0.9981923861156012,0.9985923251041642,0.998511151249151,0.996107254947877,0.9951911879938421,0.9822291642606099,0.9517296387670339,0.7905219947677182,0.8012518439105665,0.6424909652771218,0.9886804985137051
0.191,7.700731103115066,0.9973335978971332,0.9998363460899347,0.9999074434691556,0.9999084104451986,0.9986370653208828,0.9984115846840914,0.9982307682402742,0.9986234002228749,0.9985437694546109,0.9961801662610914,0.9952780457163767,0.98247273781283,0.9522286537457681,0.7916443419209163,0.8023584901791996,0.6437545208314006,0.9887661162202133
0.192,7.72631356751269,0.9973864106258695,0.9998410612384325,0.9999102756604482,0.9999112170429948,0.998666975229441,0.9984457209679001,0.9982681880175227,0.9986536703173737,0.9985755480228945,0.9962514304044083,0.9953629981374251,0.9827120213909244,0.9527205575066287,0.7927563087186232,0.8034546839986578,0.6450086848456109,0.988850420264427
0.193,7.751798821785941,0.9974379749369094,0.9998456230230375,0.9999130107586425,0.9999139272632922,0.9986961150179063,0.9984789929560955,0.9983046730440186,0.9986831591405444,0.9986065115906007,0.996321090520125,0.9954460939223373,0.9829471058841018,0.9532054762729636,0.7938580245612985,0.8045405576051288,0.6462535558887443,0.9889334396139388
0.194,7.777187418963337,0.9974883248129047,0.9998500369705622,0.9999156524305135,0.999916544753158,0.9987245072633306,0.9985114256400189,0.9983402500285589,0.998711889661509,0.9986366839854611,0.9963891884697932,0.9955273803229981,0.9831780799392154,0.9536835335931712,0.7949496168126806,0.8056162411337916,0.6474892311726612,0.9890152024281339
0.195,7.802479907886435,0.9975374931934009,0.9998543083899446,0.9999182041920692,0.9999190730093426,0.9987521738028883,0.9985430432011491,0.9983749448237097,0.9987398840941968,0.9986660882556894,0.9964557648766915,0.9956069032238122,0.9834050300239618,0.954154850406857,0.7960312108391988,0.8066818626596437,0.648715806576027,0.9890957360848572
0.196,7.82767683324937,0.9975855120104541,0.9998584423815579,0.9999206694152423,0.9999215153849688,0.9987791357606489,0.998573869040148,0.9984087824562115,0.9987671639247713,0.9986947466981628,0.9965208591667406,0.9956847071860276,0.9836280404880711,0.9546195451091075,0.7971029300484573,0.8077375482373652,0.6499333766677087,0.9891750672060767
0.197,7.852778735637964,0.9976324122229072,0.9998624438460908,0.9999230513342621,0.9999238750959039,0.9988054135732911,0.9986039258047646,0.9984417871561988,0.9987937499379685,0.998722680885489,0.9965845096079222,0.9957608354904699,0.9838471936225567,0.9550777336129405,0.7981648959268164,0.8087834219402499,0.6511420347296515,0.989253221682585
0.198,7.8777861515683805,0.9976782238493819,0.9998663174930227,0.9999253530517259,0.9999261552268264,0.9988310270147994,0.9986332354166434,0.998473982385285,0.9988196622423894,0.9987499116920037,0.9966467533482638,0.9958353301787436,0.9840625697170968,0.955529529409991,0.799217228076098,0.8098196058982292,0.6523418727792476,0.9893302246977831
0.199,7.9026996135253595,0.9977229760000368,0.9998700678487099,0.9999275775443824,0.9999283587370066,0.9988559952201914,0.9986618190970871,0.9985053908635605,0.9988449202947944,0.9987764593187463,0.9967076264524452,0.9959082320929662,0.9842742471156107,0.9559750436294916,0.8002600442494385,0.8108462203350123,0.65353298159121,0.9894061007505807
0.2,7.927519649999999,0.9977666969071456,0.9998736992641049,0.999929727668642,0.9999304884658129,0.9988803367083142,0.998689697391816,0.99853603459555,0.998869542923443,0.9988023433174579,0.9967671639370819,0.9959795809140891,0.9844823022700959,0.9564143850955984,0.8012934603863143,0.8118633836043706,0.6547154507189703,0.9894808736774492
0.201,7.952246785527136,0.9978094139545404,0.9998772159221242,0.9999318061658296,0.9999325471379589,0.9989040694037513,0.9987168901947674,0.9985659348951715,0.9988935483505168,0.9988275826136417,0.9968253998047386,0.9960494151988626,0.9846868097927844,0.9568476603831195,0.8023175906467627,0.8128712122255877,0.6558893685156064,0.9895545666736677
0.202,7.976881540722291,0.997851153705967,0.9998806218446844,0.9999338156671906,0.9999345373685048,0.998927210657876,0.9987434167709756,0.9985951124097414,0.9989169542136684,0.9988521955287267,0.9968823670767223,0.9961177724154967,0.9848878425066796,0.9572749738716932,0.8033325474448194,0.8138698209180986,0.6570548221543182,0.9896272023137878
0.203,8.00142443231821,0.9978919419323975,0.99988392089942,0.9999357586986642,0.9999364616676233,0.9989497772690901,0.998769295778571,0.9986235871430629,0.9989397775867305,0.9988761998013727,0.9969380978247023,0.9961846889780687,0.9850854714945272,0.9576964277984675,0.804338441481196,0.8148593226353404,0.658211897648463,0.9896988025713533
0.204,8.025875973200991,0.99793180363834,0.9998871168060999,0.9999376376854336,0.999938322445145,0.9989717855022792,0.9987945452899357,0.9986513784776369,0.9989620349996218,0.9988996126079521,0.9969926232012059,0.9962502002797262,0.9852797661462761,0.9581121223093264,0.8053353817752174,0.8158398285978377,0.6593606798711595,0.9897693888379078
0.205,8.050236672445818,0.9979707630871871,0.9998902131427567,0.999939454956266,0.9999401220148908,0.99899325110752,0.9988191828120503,0.9986785051960324,0.9989837424574847,0.9989224505822443,0.9970459734690295,0.9963143407247312,0.9854707942050812,0.9585221555087099,0.8063234756960372,0.8168114483255386,0.6605012525744753,0.98983898194131
0.206,8.074507035352285,0.9980088438256418,0.9998932133515424,0.9999412127476525,0.9999418625988048,0.9990141893380695,0.9988432253060653,0.99870498550145,0.999004915459085,0.9989447298343732,0.9970981780296116,0.9963771437593909,0.9856586218118976,0.9589266235080713,0.807302828993157,0.8177742896694287,0.6616336984082063,0.9899076021633945
0.207,8.098687563479332,0.9980460687072562,0.9998961207443232,0.9999429132077561,0.9999435463308954,0.9990346149676665,0.9988666892061306,0.9987308370375121,0.9990255690145059,0.9989664659690234,0.9971492654504058,0.9964386419019161,0.9858433135487136,0.9593256204730133,0.8082735458262584,0.8187284588424361,0.6627580989382611,0.9899752692570007
0.208,8.122778754679802,0.9980824599151193,0.9998989385080275,0.9999445584001802,0.999945175260996,0.9990545423071737,0.9988895904375126,0.9987560769073117,0.9990457176621654,0.9989876741029606,0.9971992634912908,0.9964988667712501,0.986024932480472,0.9597192386691455,0.8092357287943774,0.8196740604496501,0.6638745346646602,0.9900420024623905
0.209,8.146781103134602,0.9981180389837274,0.9999016697097562,0.9999461503075627,0.9999467513583518,0.9990739852205882,0.998911944434028,0.9987807216917495,0.9990653754851851,0.9990083688818885,0.9972481991300591,0.996557849114905,0.9862035401957192,0.9601075685067015,0.8101894789644298,0.8206111975178704,0.6649830850391587,0.9901078205230874
0.21,8.170695099386503,0.9981528268200689,0.9999043173016692,0.9999476908350085,0.9999482765150435,0.9990929571404464,0.9989337661548235,0.9988047874671894,0.9990845561271373,0.9990285644966671,0.9972960985870154,0.9966156188358444,0.9863791968460307,0.9604906985839534,0.811134895899108,0.8215399715245048,0.6660838284825026,0.9901727417011524
0.211,8.194521230373544,0.9981868437239547,0.999906884125656,0.9999491818133632,0.9999497525492552,0.9991114710826475,0.9989550701005281,0.9988282898224581,0.9991032728071964,0.9990482746989209,0.9973429873487201,0.9966722050184482,0.9865519611842491,0.960868715729463,0.8120720776841693,0.8224604824258319,0.6671768424013312,0.9902367837919263
0.212,8.2182599794621,0.9982201094076237,0.9999093729178034,0.9999506250023413,0.9999511812083928,0.9991295396607199,0.9989758703288009,0.998851243875218,0.9991215383347182,0.99906751281606,0.9973888901909121,0.9967276359535933,0.9867218906015784,0.9612417050432012,0.8130011209551238,0.8233728286846485,0.6682622032047312,0.9902999641382509
0.213,8.24191182647956,0.9982526430146512,0.9999117863126675,0.9999520220935111,0.9999525641720616,0.9991471750995542,0.9989961804693035,0.9988736642877352,0.9991393651232725,0.9990862917657393,0.9974338312006394,0.9967819391628832,0.9868890411635701,0.9616097499365737,0.8139221209233458,0.8242771072973119,0.66933998632045,0.9903622996441973
0.214,8.26547724774665,0.9982844631381875,0.9999141268473603,0.9999533747131457,0.9999539030549098,0.9991643892486219,0.9990160137381164,0.9988955652820706,0.9991567652041483,0.9991046240697782,0.9974778337976293,0.9968351414220601,0.9870534676450392,0.9619729321713845,0.8148351714016193,0.8251734138201986,0.6704102662107851,0.990423806788315
0.215,8.288956716109421,0.9983155878385538,0.9999163969654586,0.9999546844249468,0.9999551994093437,0.9991811935947043,0.9990353829516236,0.9989169606547142,0.9991737502393558,0.9991225218675628,0.997520920754926,0.9968872687836268,0.9872152235639464,0.962331331897768,0.8157403648291313,0.8260618423955923,0.6714731163881464,0.9904845016364251
0.216,8.312350700970873,0.9983460346602173,0.9999185990207455,0.9999559527326455,0.9999564547281209,0.9991975992741475,0.9990543005398862,0.998937863790686,0.9991903315341448,0.9991399969289513,0.9975631142188242,0.99693834659871,0.9873743612142782,0.9626850276911235,0.8166377922959308,0.8269424857770142,0.6725286094303087,0.9905443998539711
0.217,8.335659668322227,0.9983758206481732,0.9999207352807888,0.9999571810824877,0.9999576704468279,0.9992136170846664,0.9990727785595257,0.998958287677125,0.9992065200490582,0.9991570606667032,0.9976044357281225,0.9969883995381923,0.9875309316979607,0.9630340965880791,0.8175275435668642,0.8278154353540116,0.6735768169953573,0.9906035167179449
0.218,8.35888408077388,0.9984049623637521,0.9999228079303678,0.9999583708656089,0.9999588479462471,0.9992292574967119,0.999090828706137,0.9989782449163855,0.9992223264115401,0.9991737241484507,0.9976449062327261,0.997037451613139,0.9876849849558362,0.9633786141215156,0.8184097071050018,0.8286807811764194,0.6746178098363365,0.9906618671284081
0.219,8.382024397585997,0.9984334758998792,0.9999248190747517,0.9999595234203041,0.9999599885546187,0.9992445306644224,0.9991084623262486,0.9989977477386615,0.9992377609271166,0.999189998108231,0.9976845461116183,0.9970855261945468,0.9878365697977359,0.9637186543546776,0.8192843700945682,0.8295386119781061,0.6756516578156069,0.9907194656196199
0.22,8.405081074698794,0.9984613768958017,0.9999267707428399,0.9999606400341964,0.9999610935498021,0.9992594464361745,0.9991256904288495,0.9990168080141562,0.9992528335901659,0.9992058929575964,0.9977233751902281,0.9971326460324383,0.987985733931676,0.9640542899143998,0.8201516184633884,0.8303890152002172,0.6766784299189204,0.990776326370788
0.221,8.428054564762476,0.9984886805513086,0.9999286648901673,0.9999617219463113,0.9999621641613421,0.999274014364747,0.9991425236964975,0.9990354372648157,0.9992675540942941,0.9992214187963208,0.9977614127572139,0.9971788332743258,0.9881325239922056,0.9643855920234716,0.8210115369048622,0.8312320770139306,0.6776981942692177,0.9908324632164569
0.222,8.450945317166866,0.9985154016404585,0.9999305034017831,0.9999627703490587,0.9999632015724442,0.9992882437171181,0.9991589724960294,0.9990536466756436,0.9992819318423329,0.9992365854227157,0.9977986775806847,0.9972241094830683,0.988276985567937,0.9647126305321705,0.8218642088994795,0.832067882342734,0.6787110181401566,0.9908878896565482
0.223,8.473753778070702,0.998541554524837,0.9999322880950077,0.9999637863901294,0.999964206921863,0.9993021434839053,0.9991750468888837,0.9990714471056112,0.999295975955973,0.9992514023435737,0.9978351879238823,0.9972684956541426,0.9884191632282792,0.9650354739489817,0.8227097167358872,0.8328965148842373,0.6797169679693771,0.9909426188660627
0.224,8.496480390430621,0.998567153166359,0.9999340207220736,0.9999647711743077,0.9999651813057084,0.9993157223884662,0.9991907566410553,0.9990888490981829,0.9993096952850494,0.999265878783753,0.9978709615603394,0.9973120122323503,0.9885591005494058,0.9653541894705351,0.8235481415315171,0.8337180571315317,0.6807161093715093,0.9909966637044632
0.225,8.51912559402985,0.9985922111396347,0.9999357029726551,0.9999657257652058,0.999966125779172,0.9993289888956698,0.999206111232694,0.9991058628914662,0.9993230984164907,0.9992800236954167,0.9979060157885371,0.9973546791279809,0.9886968401394787,0.9656688430107753,0.8243795632527896,0.8345325903941053,0.6817085071509317,0.9910500367247413
0.226,8.541689825506555,0.9986167416439136,0.9999373364762925,0.9999666511869227,0.9999670413581796,0.9993419512203544,0.9992211198673613,0.9991224984280064,0.9993361936829461,0.9992938457669414,0.9979403674460781,0.9973965157324487,0.988832423663151,0.9659794992293923,0.8252040607348999,0.8353401948183281,0.6826942253142818,0.9911027501821876
0.227,8.564173518381915,0.9986407575146249,0.9999389228047149,0.9999675484256315,0.999967929020972,0.9993546173354826,0.9992357914809594,0.9991387653642348,0.9993489891711033,0.9993073534315063,0.997974032923392,0.9974375409334254,0.9889658918653743,0.9662862215595311,0.8260217117011996,0.8361409494075154,0.6836733270827327,0.991154816042874
0.228,8.586577103087885,0.9986642712345262,0.9999404634740664,0.9999684184310978,0.999968789709616,0.9993669949800049,0.9992501347503436,0.9991546730795873,0.9993614927297076,0.9993205548753782,0.9980070281769922,0.997477773129484,0.9890972845945297,0.9665890722348013,0.8268325927821802,0.8369349320415792,0.68464587490403,0.9912062459918544
0.229,8.608901006994664,0.9986872949444769,0.9999419599470404,0.999969262118134,0.9999696243314524,0.9993790916664449,0.9992641581016322,0.9991702306853032,0.9993737119772972,0.9993334580458997,0.9980393687422981,0.9975172302442713,0.9892266408249067,0.9668881123156078,0.8276367795340724,0.837722219496281,0.6856119304643076,0.9912570514411032
0.23,8.63114565443787,0.9987098404538506,0.9999434136349244,0.9999700803679897,0.9999704337604804,0.9993909146882141,0.999277869718223,0.9991854470329191,0.9993856543096609,0.9993460706591972,0.99807106974604,0.9975559297402268,0.989353998678548,0.9671834017148208,0.8284343464570673,0.8385028874620898,0.686571554699674,0.9913072435371885
0.231,8.653311466745421,0.9987319192505967,0.9999448258995625,0.9999708740296839,0.9999712188386831,0.9994024711266701,0.9992912775485305,0.9992003307224665,0.9993973269070334,0.9993584002076148,0.9981021459182595,0.9975938886318636,0.9894793954464808,0.9674749992228044,0.8292253670131688,0.8392770105626621,0.6875248078075877,0.9913568331687057
0.232,8.675398862264151,0.9987535425109685,0.9999461980552349,0.9999716439212799,0.9999719803772963,0.9994137678579249,0.9993043893134523,0.9992148901103863,0.999408736741036,0.9993704539668878,0.9981326116039225,0.9976311234986256,0.9896028676093551,0.9677629625318219,0.8300099136436894,0.8400446623729464,0.6884717492580149,0.9914058309734631
0.233,8.69740825638611,0.9987747211089254,0.9999475313704626,0.9999723908311065,0.9999727191580235,0.9994248115594148,0.9993172125135752,0.9992291333171712,0.9994198905813723,0.9993822390030646,0.9981624807741563,0.9976676504973371,0.9897244508575056,0.9680473482598345,0.8307880577863915,0.840805915436923,0.6894124378043827,0.9914542473454427
0.234,8.719340061574618,0.9987954656252246,0.9999488270697366,0.9999731155189264,0.9999734359341996,0.9994356087162403,0.9993297544361323,0.9992430682347434,0.999430795002289,0.9993937621791856,0.9981917670371244,0.9977034853742581,0.989844180110456,0.9683282119737123,0.8315598698922895,0.8415608412849915,0.6903469314943285,0.9915020924415355
0.235,8.741194687390028,0.9988157863562115,0.9999500863351786,0.9999738187170572,0.9999741314319044,0.9994461656272846,0.9993420221617182,0.9992567025335813,0.9994414563888119,0.9994050301617311,0.9982204836485538,0.9977386434767604,0.9899620895358834,0.9686056082118719,0.8323254194421164,0.8423095104510088,0.6912752876802504,0.9915493761880623
0.236,8.762972540515221,0.9988356933223201,0.9999513103081316,0.9999745011314428,0.9999748063510301,0.9994564884111199,0.9993540225707744,0.9992700436696018,0.999451880942762,0.9994160494268431,0.998248643521923,0.9977731397646348,0.9900782125680571,0.968879590506358,0.833084774962463,0.8430519924889885,0.6921975630296657,0.9915961082870902
0.237,8.784674024780829,0.9988551962762949,0.9999525000906888,0.9999751634426823,0.9999754613663037,0.9994665830117079,0.9993657623498501,0.9992830988908079,0.9994620746885648,0.9994268262663336,0.9982762592383282,0.9978069888210452,0.9901925819257722,0.9691502114043835,0.8338380040416009,0.843788355989471,0.6931138135353789,0.9916422982225459
0.238,8.8062995411902,0.9988743047111425,0.9999536567471593,0.9999758063070139,0.9999760971282659,0.9994764552039042,0.9993772479976494,0.999295875243711,0.9994720434788563,0.9994373667934837,0.9983033430560324,0.9978402048631403,0.9903052296297888,0.9694175224893444,0.8345851733449903,0.8445186685955676,0.6940240945254627,0.9916879552661391
0.239,8.827849487944087,0.9988930278678231,0.999954781305475,0.9999764303572586,0.9999767142642102,0.9994861105987726,0.9993884858308715,0.9993083795795361,0.9994817929998958,0.9994476769486443,0.9983299069197143,0.997872801752334,0.9904161870197954,0.9696815744013229,0.8353263486304872,0.8452429970186914,0.6949284606730624,0.9917330884830996
0.24,8.849324260465115,0.9989113747426936,0.9999558747585411,0.9999770362037247,0.9999773133790816,0.9994955546487168,0.9993994819898528,0.9993206185602168,0.9994913287767933,0.9994577625046439,0.9983559624694239,0.9979047930042674,0.9905254847709083,0.9699424168570915,0.8360615947632515,0.845961407053979,0.6958269660060187,0.9917777067377351
0.241,8.870724251421937,0.9989293540947063,0.9999569380655333,0.9999776244350745,0.9999778950563388,0.9995047926524362,0.9994102424440167,0.9993325986641888,0.9995006561785551,0.9994676290720118,0.9983815210492556,0.9979361917984617,0.9906331529097238,0.970200098669636,0.8367909757303658,0.8466739635954096,0.69671966391632,0.9918218186988167
0.242,8.892049850753187,0.9989469744523763,0.9999579721531419,0.9999781956191557,0.9999784598587809,0.9995138297597131,0.9994207729971385,0.9993443261919895,0.999509780422959,0.9994772821040229,0.9984065937157491,0.9979670109876739,0.990739220829934,0.9704546677672052,0.8375145546551683,0.8473807306506309,0.6976066071693845,0.9918654328447966
0.243,8.913301445691149,0.9989642441205245,0.9999589779167675,0.9999787503037975,0.9999790083293384,0.9995226709760359,0.9994310792924345,0.9993558072716701,0.9995187065812609,0.9994867269015709,0.9984311912460286,0.9979972631069635,0.9908437173075219,0.9707061712119051,0.8382323938113129,0.8480817713554977,0.6984878479131769,0.9919085574688664
0.244,8.93447942078522,0.9989811711868015,0.9999599562216689,0.9999792890175746,0.999979540991834,0.999531321167066,0.9994411668174776,0.9993670478640264,0.9995274395827426,0.9994959686178765,0.998455324145685,0.9980269603824823,0.9909466705155452,0.9709546552178444,0.8389445546365528,0.848777147988327,0.6993634376871621,0.9919512006838576
0.245,8.95558415792507,0.9989977635280046,0.9999609079040657,0.9999798122705408,0.9999800583517097,0.9995397850629536,0.99945104090895,0.9993780537676575,0.9995359842191046,0.999505012263036,0.9984790026564158,0.9980561147399947,0.9910481080385255,0.9712001651688511,0.8396510977462646,0.849466921983882,0.7002334274311031,0.991993370426995
0.246,8.976616036363637,0.9990140288161915,0.9999618337721972,0.9999803205549302,0.9999805608967262,0.9995480672625077,0.9994607067572355,0.9993888306238554,0.9995443451487105,0.9995138627084174,0.9985022367634255,0.9980847378131381,0.99114805688645,0.9714427456357628,0.840352082946709,0.8501511539470821,0.7010978674936983,0.9920350744645033
0.247,8.997575432739803,0.9990299745245992,0.9999627346073401,0.9999808143458327,0.9999810490976319,0.9995561722372255,0.99947016941086,0.9993993839213331,0.999552526900688,0.9995225246909079,0.9985250362025988,0.9981128409514329,0.9912465435084011,0.9716824403933099,0.8410475692480437,0.850829903666457,0.701956807641075,0.9920763203960745
0.248,9.018462721100917,0.9990456079333753,0.999963611164786,0.9999812941018398,0.9999815234088063,0.9995641043351872,0.9994794337807827,0.9994097190007978,0.999560533878892,0.9995310028170195,0.9985474104674514,0.9981404352280487,0.9913435938058219,0.9719192924365969,0.8417376148770827,0.8515032301273375,0.702810297065126,0.9921171156591989
0.249,9.039278272925014,0.9990609361351268,0.9999644641747808,0.9999817602656648,0.9999819842688766,0.9995718677848198,0.9994885046445475,0.9994198410593731,0.9995683703657348,0.9995393015668578,0.9985693688158677,0.9981675314473365,0.9914392331454308,0.9721533439971977,0.8424222772898194,0.8521711915247998,0.7036583843917066,0.9921574675333679
0.25,9.060022457142857,0.9990759660402945,0.9999652943434273,0.9999822132647394,0.9999824321013087,0.9995794666985366,0.9994973866502949,0.9994297551548769,0.9995760405258882,0.9995474252979578,0.9985909202766308,0.9981941401521341,0.9915334863717941,0.9723846365588692,0.8431016131837106,0.8528338452763622,0.7045011176886854,0.9921973831441491
0.251,9.080695640159725,0.9990907043823573,0.9999661023535532,0.9999826535117836,0.9999828673149749,0.9995869050762541,0.9995060843206426,0.999439466209959,0.9995835484098626,0.9995553782489933,0.9986120736557548,0.9982202716308517,0.9916263778195663,0.972613210872899,0.8437756785097288,0.8534912480344429,0.7053385444738605,0.9922368694671388
0.252,9.101298185876994,0.9991051577228733,0.9999668888655447,0.9999830814053556,0.9999832903046997,0.9995941868087936,0.9995146020564397,0.999448979016105,0.9995908979574661,0.9995631645433626,0.9986328375426221,0.9982459359243447,0.9917179313254103,0.9728391069730931,0.8444445284841904,0.8541434556985816,0.7061707117227332,0.9922759333318009
0.253,9.121830455713472,0.9991193324563633,0.9999676545181491,0.9999834973303771,0.999983701451782,0.9996013156811699,0.9995229441403961,0.9994582982375085,0.9995980930011499,0.9995707881926563,0.9986532203159353,0.9982711428325832,0.9918081702396027,0.973062364190415,0.8451082176003606,0.8547905234274341,0.7069976658761528,0.9923145814251849
0.254,9.14229280862656,0.9991332348150413,0.999968399929245,0.9999839016586392,0.999984101124497,0.9996082953757712,0.9995311147405948,0.9994674284148203,0.9996051372692425,0.9995782531000112,0.9986732301494881,0.9982959019211204,0.9918971174373378,0.9732830211672842,0.8457667996398438,0.855432505650539,0.707819452847829,0.9923528202955412
0.255,9.162685601133143,0.9991468708733977,0.9999691256965844,0.9999842947492876,0.999984489678579,0.9996151294754352,0.9995391179138886,0.9994763739687745,0.999612034389078,0.9995855630633534,0.9986928750177625,0.998320222527371,0.9919847953297362,0.9735011158715435,0.8464203276837611,0.856069456079868,0.708636118031716,0.9923906563558249
0.256,9.183009187330317,0.9991602465526406,0.9999698323985046,0.999984676949289,0.9999848674576839,0.9996218214664238,0.9995469576091887,0.9994851392036993,0.9996187878900209,0.999592721778536,0.9987121627013568,0.9983441137667024,0.9920712258745665,0.9737166856101043,0.8470688541237212,0.8567014277211583,0.7094477063092706,0.9924280958871006
0.257,9.203263918915866,0.9991733676249992,0.9999705205946152,0.9999850485938782,0.9999852347938333,0.9996283747413012,0.9995546376706436,0.9994937283109141,0.9996254012063922,0.9995997328423735,0.9987311007922504,0.9983675845383473,0.9921564305866912,0.9739297670422771,0.8477124306725897,0.8573284728850381,0.7102542620565889,0.9924651450418438
0.258,9.223450145208568,0.9991862397178951,0.9999711908264568,0.9999854100069877,0.9999855920078419,0.9996347926017174,0.9995621618407188,0.9995021453720191,0.9996318776802999,0.999606599755579,0.9987496966989117,0.9983906435311414,0.9922404305482404,0.9741403961927961,0.8483511083750579,0.8579506431979435,0.7110558291514222,0.9925018098471509
0.259,9.24356821316826,0.9991988683179835,0.999971843618136,0.9999857615016616,0.9999859394097274,0.9996410782611023,0.9995695337631748,0.9995103943620789,0.9996382205643769,0.9996133259256045,0.9987679576512526,0.9984132992290926,0.9923232464185251,0.9743486084645463,0.848984937618021,0.8585679896128354,0.7118524509800731,0.9925380962078507
0.26,9.26361846741573,0.9992112587750727,0.9999724794769353,0.9999861033804518,0.9999862772991044,0.9996472348472712,0.9995767569859509,0.9995184791527052,0.9996444330244307,0.9996199146693902,0.9987858907054359,0.9984355599167885,0.992404898443695,0.9745544386509984,0.8496139681407627,0.8591805624197192,0.7126441704441779,0.9925740099095319
0.261,9.283601250252383,0.9992234163059213,0.9999730988939018,0.9999864359357987,0.9999866059655629,0.9996532654049477,0.9995838349639564,0.9995264035150421,0.9996505181420066,0.9996263692160248,0.9988035027485395,0.9984574336846445,0.9924854064661498,0.9747579209483636,0.8502382490449584,0.8597884112559728,0.7134310299673776,0.9926095566214788
0.262,9.303516901679732,0.9992353459979215,0.9999737023444113,0.9999867594503984,0.9999869256890318,0.9996591728982038,0.9995907710617725,0.9995341711226563,0.999656478916868,0.9996326927093204,0.9988208005030832,0.9984789284340002,0.9925647899337089,0.9749590889674689,0.8508578288044918,0.8603915851164841,0.7142130715018713,0.992644741899525
0.263,9.323365759418667,0.9992470528126688,0.9999742902887128,0.999987074197554,0.9999872367401287,0.9996649602128228,0.9995975685562687,0.9995417855543369,0.9996623182693981,0.999638888210305,0.9988377905314211,0.9985000518820683,0.9926430679085487,0.9751579757453672,0.8514727552750984,0.860990132363605,0.7149903365348698,0.9926795711888252
0.264,9.343148158928571,0.9992585415894244,0.9999748631724523,0.9999873804415144,0.9999875393804954,0.9996706301585856,0.9996042306391354,0.9995492502968062,0.9996680390429227,0.9996449586996344,0.9988544792400047,0.9985208115667388,0.9927202590759125,0.9753546137566836,0.8520830757038308,0.8615841007369245,0.7157628660949347,0.9927140498265494
0.265,9.362864433426182,0.9992698170484721,0.9999754214271775,0.9999876784377993,0.9999878338631212,0.9996761854714845,0.9996107604193377,0.9995565687473468,0.9996736440059597,0.9996509070799285,0.9988708728835217,0.9985412148512465,0.9927963817525998,0.9755490349247067,0.8526888367383569,0.8621735373628652,0.7165307007582182,0.9927481830444983
0.266,9.38251491390434,0.9992808837943742,0.9999759654708221,0.9999879684335121,0.9999881204326525,0.9996816288158666,0.9996171609254905,0.9995637442163448,0.9996791358543969,0.9996567361780322,0.9988869775689124,0.9985612689287028,0.9928714538952413,0.9757412706322308,0.8532900844360879,0.8627584887641055,0.7172938806545983,0.9927819759716461
0.267,9.402099929150472,0.9992917463191299,0.999976495708174,0.9999882506676403,0.9999883993256922,0.9996869627865086,0.9996234351081591,0.9995707799297556,0.9996845172135996,0.9996624487472049,0.9989027992592696,0.9985809808264984,0.9929454931083659,0.975931351732157,0.8538868642731458,0.8633390008688339,0.7180524454737138,0.9928154336366131
0.268,9.421619805764967,0.9993024090052376,0.9999770125313251,0.9999885253713445,0.9999886707710856,0.9996921899106262,0.9996295858420887,0.9995776790314918,0.9996897906404518,0.9996680474692412,0.9989183437776247,0.9986003574105791,0.9930185166522643,0.9761193085578559,0.8544792211531683,0.863915119019835,0.7188064344709014,0.9928485609700676
0.269,9.441074868179301,0.9993128761286671,0.9999775163201047,0.999988792768237,0.9999889349901969,0.9996973126498202,0.9996356159283625,0.9995844445857368,0.9996949586253331,0.9996735349565242,0.9989336168106239,0.9986194053896011,0.9930905414506568,0.9763051709333017,0.85506719941596,0.8644868879834149,0.7195558864730356,0.9928813628070599
0.27,9.460465438674033,0.9993231518617424,0.9999780074424969,0.9999890530746485,0.9999891921971744,0.9997023334019602,0.9996415280964939,0.9995910795791884,0.9997000235940323,0.9996789137540143,0.9989486239120982,0.9986381313189666,0.9931615840981689,0.97648896818298,0.8556508428459861,0.8650543519581668,0.7203008398842747,0.9929138438892938
0.271,9.47979183739658,0.999333240275938,0.999978486255043,0.9999893064998855,0.9999894425992057,0.9997072545030113,0.9996473250064529,0.9995975869232314,0.9997049879096016,0.9996841863411756,0.9989633705065294,0.998656541604746,0.993231660867621,0.9766707291415772,0.8562301946807204,0.86561755458358,0.7210413326917143,0.9929460088673332
0.272,9.499054382378855,0.9993431453445936,0.9999789531032286,0.9999895532464779,0.999989686396763,0.9997120782288011,0.9996530092506299,0.9996039694560447,0.9997098538741519,0.9996893551338425,0.998977861892418,0.9986746425074884,0.9933007877171373,0.976850482163456,0.8568052976188414,0.8661765389484963,0.7217774024709477,0.992977862302749
0.273,9.5182533895547,0.9993528709455476,0.9999794083218572,0.999989793510417,0.9999899237838397,0.9997168067967331,0.9996585833557382,0.9996102299446429,0.9997146237305923,0.9996944224860276,0.9989921032455523,0.9986924401459248,0.9933689802970779,0.9770282551319235,0.8573761938282888,0.8667313475994187,0.72250908639154,0.9930094086702059
0.274,9.537389172777168,0.9993624208636929,0.9999798522354091,0.9999900274813842,0.9999901549481769,0.9997214423674464,0.999664049784659,0.9996163710868562,0.999719299664315,0.9996993906916734,0.9990060996221858,0.9987099405005682,0.9934362539568011,0.9772040754682937,0.8579429249541743,0.8672820225486694,0.7232364212224127,0.9930406523594926
0.275,9.556462043835616,0.9993717987934577,0.9999802851583891,0.9999902553429723,0.9999903800714831,0.9997259870464232,0.9996694109382277,0.9996223955132493,0.9997238838048284,0.9997042619863497,0.9990198559621223,0.9987271494172104,0.9935026237512578,0.9773779701407542,0.8585055321265583,0.8678286052824092,0.7239594433371435,0.9930715976774981
0.276,9.575472312472648,0.9993810083412135,0.9999807073956596,0.9999904772728962,0.9999905993296437,0.9997304428855475,0.999674669156968,0.9996283057889822,0.9997283782273378,0.9997090385488987,0.9990333770917141,0.9987440726103236,0.9935681044474247,0.9775499656730384,0.8590640559680864,0.8683711367685126,0.72467818871918,0.9931022488501301
0.277,9.594420286400872,0.9993900530276121,0.999981119242763,0.9999906934431988,0.999990812892924,0.9997348118846143,0.9996798267227706,0.999634104415615,0.9997327849542798,0.9997137225030295,0.9990466677267752,0.9987607156663648,0.9936327105305801,0.9777200881529086,0.8596185366014982,0.8689096574643069,0.7253926929669737,0.9931326100241871
0.278,9.613306271319521,0.9993989362898553,0.9999815209862317,0.9999909040204459,0.9999910209261642,0.9997390959927941,0.9996848858605214,0.9996397938328568,0.9997371059568062,0.9997183159188625,0.9990597324754106,0.9987770840469902,0.9936964562104255,0.9778883632404562,0.8601690136570006,0.8694442073241752,0.7261029912990304,0.9931626852691742
0.279,9.632130570930864,0.9994076614838978,0.9999819129038877,0.9999911091659165,0.9999912235889665,0.9997432971100506,0.9996898487396811,0.9996453764202639,0.9997413431562249,0.9997228208144278,0.9990725758407676,0.9987931830921783,0.9937593554270591,0.9780548161762216,0.8607155262795185,0.8699748258070281,0.7268091185588826,0.9931924785790752
0.28,9.650893486956523,0.999416231886586,0.9999822952651309,0.9999913090357847,0.9999914210358765,0.9997474170885156,0.9996947174758156,0.999650854498884,0.9997454984253947,0.9997272391571167,0.9990852022237079,0.9988090180232693,0.9938214218568039,0.9782194717891387,0.8612581131358167,0.8705015518836454,0.7275111092199826,0.9932219938740733
0.281,9.669595319153553,0.9994246506977356,0.999982668331217,0.999991503781295,0.9999916134165568,0.9997514577338226,0.9996994941320806,0.9996562303328548,0.9997495735900784,0.9997315728650896,0.9990976159254055,0.9988245939459175,0.9938826689178941,0.9783823545043093,0.8617968124215014,0.8710244240438909,0.7282089973905204,0.993251235002228
0.282,9.688236365330443,0.9994329210421482,0.9999830323555261,0.9999916935489312,0.9999918008759547,0.9997554208063982,0.9997041807206611,0.9996615061309507,0.9997535704302541,0.9997358238086408,0.9991098211498719,0.998839915852965,0.9939431097760248,0.9785434883506099,0.8623316618679008,0.8715434803038018,0.7289028168181648,0.9932802057411073
0.283,9.706816921362897,0.9994410459715712,0.9999833875838212,0.9999918784805794,0.9999919835544632,0.9997593080227163,0.9997087792041686,0.9996666840480872,0.9997574906813868,0.9997399938115213,0.9991218220064102,0.9988549886272352,0.9940027573497677,0.9787028969681358,0.8628626987488286,0.8720587582125576,0.7295926008947325,0.9933089097993754
0.284,9.725337281209502,0.9994490284666,0.9999837342544978,0.9999920587136841,0.9999921615880765,0.9997631210565118,0.9997132914969946,0.9996717661867773,0.9997613360356602,0.9997440846522228,0.9991336225120008,0.9988698170442497,0.9940616243158562,0.9788606036154868,0.8633899598872313,0.872570294859328,0.7302783826607837,0.9933373508183403
0.285,9.743797736927222,0.9994568714385261,0.9999840725988245,0.9999922343814003,0.9999923351085402,0.9997668615399593,0.9997177194666254,0.9996767545985468,0.9997651081431735,0.9997480980652215,0.9991452265936216,0.998884405774872,0.9941197231143444,0.979016631176897,0.8639134816617232,0.8730781268800045,0.7309601948101455,0.9933655323734583
0.286,9.762198578686759,0.9994645777311332,0.9999844028411752,0.9999924056127375,0.9999925042434948,0.9997705310648164,0.999722064934916,0.9996816512853064,0.9997688086131001,0.9997520357421857,0.9991566380905028,0.9988987593878786,0.9941770659536429,0.9791710021692139,0.8644333000130101,0.8735822904638171,0.7316380696943688,0.9933934579758016
0.287,9.780540094787748,0.9994721501224406,0.9999847251992533,0.9999925725327008,0.9999926691166151,0.9997741311835311,0.9997263296793273,0.9996864582006845,0.9997724390148114,0.9997558993331467,0.9991678607563199,0.9989128823524596,0.9942336648154337,0.9793237387487297,0.8649494504502049,0.8740828213598366,0.7323120393271138,0.9934211310734858
0.288,9.798822571673819,0.9994795913263991,0.9999850398843075,0.9999927352624259,0.9999928298477436,0.9997776634103172,0.9997305154341262,0.9996911772513195,0.9997760008789679,0.9997596904476336,0.9991788982613267,0.9989267790406529,0.9942895314594692,0.9794748627178673,0.8654619680570352,0.8745797548833698,0.7329821353884687,0.9934485550530621
0.289,9.817046293947508,0.9994869039945361,0.9999853471013411,0.9999928939193087,0.99999298655302,0.9997811292221972,0.9997346238915491,0.999695810298115,0.9997794956985766,0.9997634106557765,0.9991897541944281,0.9989404537297117,0.9943446774282564,0.9796243955317271,0.865970887497949,0.8750731259222428,0.7336483892292034,0.9934757332408704
0.29,9.835211544385025,0.9994940907175573,0.9999856470493124,0.9999930486171309,0.9999931393450054,0.9997845300600143,0.9997386567029333,0.9997003591574583,0.9997829249300176,0.9997670614893739,0.999200432065198,0.9989539106044087,0.9943991140516314,0.9797723583044946,0.8664762430241147,0.8755629689429806,0.7343108318749578,0.9935026689043593
0.291,9.85331860395088,0.9995011540269004,0.9999859399213297,0.9999931994661815,0.9999932883328018,0.9997878673294133,0.9997426154798125,0.9997048256024016,0.9997862899940393,0.9997706444429315,0.9992109353058404,0.9989671537592777,0.9944528524512247,0.9799187718157147,0.8669780684793236,0.8760493179968813,0.7349694940303664,0.9935293652533755
0.292,9.871367751812366,0.9995080963962468,0.9999862259048387,0.9999933465733724,0.9999934336221677,0.9997911424017936,0.9997465017949819,0.9997092113638121,0.9997895922767238,0.9997741609746674,0.9992212672730976,0.9989801872007957,0.9945059035448225,0.9800636565164351,0.8674763973057914,0.876532206725989,0.7356244060831197,0.9935558254414115
0.293,9.88935926535391,0.9995149202429907,0.9999865051818031,0.999993490042351,0.9999935753156302,0.9997943566152333,0.9997503171835314,0.999713518131485,0.9997928331304254,0.9997776125074896,0.9992314312501068,0.998993014849507,0.9945582780506251,0.9802070325352203,0.8679712625498655,0.8770116683689658,0.7362755981079665,0.9935820525668301
0.294,9.907293420191285,0.9995216279296661,0.9999867779288805,0.9999936299736094,0.9999937135125908,0.999797511275386,0.9997540631438483,0.9997177475552269,0.9997960138746788,0.9997810004299434,0.999241430448206,0.9990056405420891,0.9946099864914059,0.9803489196840423,0.8684626968676354,0.8774877357668667,0.7369230998706524,0.9936080496740537
0.295,9.925170490185677,0.9995282217653355,0.9999870443175898,0.9999937664645873,0.9999938483094306,0.9998006076563515,0.9997577411385915,0.9997219012459065,0.9997991357970821,0.9997843260971317,0.99925126800869,0.9990180680333659,0.9946610391985724,0.9804893374640469,0.8689507325304514,0.8779604413688163,0.7375669408318024,0.9936338197547233
0.296,9.942990747457626,0.9995347040069383,0.9999873045144753,0.9999938996097739,0.9999939797996089,0.9998036470015205,0.9997613525956369,0.9997259807764758,0.9998022001541542,0.9997875908316083,0.9992609470045211,0.9990303009982653,0.9947114463161342,0.9806283050712036,0.8694354014303516,0.8784298172375936,0.7382071501507432,0.9936593657488291
0.297,9.960754462400846,0.9995410768606035,0.9999875586812635,0.9999940295008047,0.9999941080737603,0.9998066305243951,0.9997648989089952,0.9997299876829606,0.9998052081721651,0.9997907959242441,0.9992704704419918,0.9990423430337265,0.9947612178045773,0.9807658414018361,0.8699167350853996,0.8788958950551219,0.7388437566892692,0.9936846905458132
0.298,9.978461903695882,0.999547342482924,0.9999878069750155,0.9999941562265551,0.9999942332197866,0.9998095594093845,0.9997683814397037,0.9997339234654249,0.9998081610479437,0.9997939426350696,0.9992798412623437,0.9990541976605566,0.9948103634446495,0.9809019650580408,0.8703947646449345,0.8793587061278686,0.7394767890153522,0.9937097969856417
0.299,9.996113338323667,0.9995535029821977,0.9999880495482736,0.9999942798732308,0.9999943553229476,0.9998124348125782,0.9997718015166915,0.9997377895889051,0.9998110599496609,0.9997970321940912,0.9992890623433428,0.9990658683252374,0.9948588928410577,0.9810366943529929,0.8708695208947345,0.8798182813921565,0.740106275406796,0.9937346878598549
0.3,10.013709031578948,0.9995595604196335,0.9999882865492028,0.9999944005244549,0.999994474465946,0.9998152578624964,0.999775160437621,0.9997415874843195,0.9998139060175909,0.9998000658020854,0.9992981365008131,0.9990773584016863,0.9949068154260808,0.9811700473161451,0.871341034262097,0.880274651419387,0.7407322438548367,0.9937593659125863
0.301,10.031249247083553,0.9995655168105233,0.9999885181217286,0.9999945182613525,0.9999945907290123,0.9998180296608187,0.9997784594697041,0.9997453185493508,0.9998167003648492,0.9998030446313687,0.9993070664901283,0.9990886711929702,0.9949541404630989,0.9813020416983186,0.8718093348208341,0.8807278464211765,0.7413547220676899,0.9937838338415599
0.302,10.04873424679958,0.9995713741253841,0.9999887444056689,0.9999946331626313,0.9999947041899838,0.9998207512830918,0.9997816998504958,0.999748984149304,0.9998194440781097,0.999805969826546,0.999315855007665,0.9990998099329741,0.9950008770500411,0.9814326949766916,0.872274452296189,0.8811778962544116,0.7419737374740456,0.9938080942990604
0.303,10.06616429104243,0.9995771342910661,0.999988965536862,0.9999947453046599,0.9999948149243834,0.9998234237794162,0.9997848827886642,0.9997525856179399,0.999822138218302,0.999808842505237,0.9993245046922165,0.9991107777880276,0.9950470341227556,0.9815620243596858,0.8727364160696703,0.8816248304262174,0.7425893172265112,0.9938321498928815
0.304,10.083539638493724,0.9995827991918329,0.9999891816472902,0.9999948547615441,0.9999949230054935,0.9998260481751144,0.99978800946474,0.999756124258285,0.9998247838212864,0.9998116637587826,0.9993330181263697,0.999121577858488,0.9950926204583019,0.9816900467917536,0.8731952551838099,0.8820686780988488,0.7432014882050049,0.9938560031872488
0.305,10.100860546214099,0.9995883706704114,0.9999893928651994,0.999994961605199,0.999995028504429,0.9998286254713783,0.9997910810318432,0.9997596013434187,0.9998273818985115,0.9998144346529294,0.9993413978378453,0.9991322131802827,0.9951376446781686,0.9818167789580701,0.8736509983468428,0.8825094680944997,0.7438102770200983,0.9938796567037226
0.306,10.118127269655892,0.9995938505290125,0.9999895993152143,0.9999950659054199,0.9999951314902067,0.999831156645899,0.9997940986163903,0.9997630181172383,0.9998299334376524,0.9998171562284968,0.9993496463008029,0.9991426867264117,0.9951821152514178,0.9819422372891271,0.8741036739373125,0.8829472289000349,0.7444157100163119,0.9939031129220763
0.307,10.13534006267569,0.9995992405303258,0.99998980111845,0.9999951677299501,0.9999952320298127,0.999833642653479,0.9997970633187807,0.9997663757952027,0.9998324394032297,0.9998198295020226,0.9993577659371121,0.9991530014084119,0.9952260404977582,0.9820664379652388,0.8745533100086014,0.883381988671646,0.7450178132753609,0.9939263742811549
0.308,10.152499177546778,0.9996045423984856,0.9999899983926207,0.9999952671445468,0.9999953301882674,0.9998360844266254,0.9997999762140641,0.9997696755650544,0.9998349007372126,0.9998224554663933,0.9993657591175894,0.999163160077782,0.9952694285905493,0.9821893969209536,0.8749999342933892,0.8838137752394306,0.7456166126193539,0.9939494431797115
0.309,10.169604864971458,0.9996097578200126,0.9999901912521426,0.999995364213044,0.9999954260286882,0.9998384828761284,0.9998028383525898,0.9997729185875233,0.9998373183596023,0.9998250350914527,0.9993736281632036,0.9991731655273737,0.9953122875597376,0.9823111298493796,0.8754435742080399,0.8842426161118996,0.746212133613948,0.9939723219772252
0.31,10.186657374093263,0.999614888444729,0.999990379808236,0.9999954589974143,0.9999955196123504,0.9998408388916212,0.9998056507606358,0.9997761059970087,0.9998396931690017,0.9998275693245972,0.99938137534625,0.9991830204927438,0.9953546252947258,0.9824316522064226,0.8758842568569185,0.8846685384804104,0.7468044015714541,0.9939950129946985
0.311,10.203656952509052,0.9996199358866499,0.999990564169022,0.9999955515578273,0.9999956109987455,0.9998431533421255,0.999808414441023,0.9997792389022441,0.9998420260431665,0.9998300590913513,0.9993890028914929,0.9991927276534748,0.9953964495471799,0.9825509792149404,0.8763220090366395,0.8850915692235297,0.7473934415539011,0.9940175185154347
0.312,10.22060384628099,0.99962490172485,0.9999907444396171,0.9999956419527071,0.9999957002456374,0.9998454270765812,0.9998111303737098,0.9997823183869422,0.9998443178395428,0.9998325052959285,0.9993965129772796,0.9992022896344602,0.9954377679337708,0.982669125868814,0.8767568572402472,0.8855117349113271,0.7479792783760542,0.9940398407857983
0.313,10.237498299948427,0.9996297875043085,0.9999909207222245,0.9999957302387874,0.9999957874091177,0.9998476609243611,0.9998137995163717,0.9997853455104235,0.999846569395787,0.999834908821776,0.9994039077366251,0.9992117090071577,0.9954785879388574,0.9827861069369381,0.8771888276613307,0.8859290618095987,0.7485619366083898,0.9940619820159567
0.314,10.254340556539649,0.9996345947367301,0.9999910931162223,0.9999958164711646,0.9999958725436577,0.9998498556957711,0.9998164228049639,0.9997883213082263,0.9998487815302741,0.9998372705321036,0.9994111892582688,0.9992209882908101,0.9955189169171069,0.9829019369671332,0.8776179461980728,0.8863435758840251,0.7491414405800298,0.9940839443806037
0.315,10.271130857583547,0.9996393249013452,0.999991261718248,0.9999959007033494,0.9999959557021602,0.9998520121825367,0.9998190011542688,0.9997912467927007,0.9998509550425893,0.9998395912703993,0.9994183595877038,0.9992301299536361,0.9955587620960604,0.9830166302899797,0.8780442384572364,0.8867553028042621,0.749717814381632,0.9941057300196655
0.316,10.28786944312115,0.9996439794456885,0.9999914266222825,0.9999959829873161,0.9999960369360072,0.9998541311582754,0.9998215354584286,0.999794122953586,0.9998530907140069,0.9998418718609288,0.9994254207281807,0.9992391364139906,0.9955981305786387,0.9831302010225766,0.8784677297580871,0.8871642679479669,0.7502910818682388,0.9941273410389936
0.317,10.304556551717068,0.999648559786357,0.9999915879197286,0.9999960633735511,0.9999961162951096,0.9998562133789565,0.9998240265914621,0.9997969507585728,0.9998551893079557,0.9998441131092218,0.9994323746416846,0.9992480100414957,0.9956370293455938,0.9832426630722276,0.878888445136254,0.8875704964047612,0.7508612666620893,0.994148779511036
0.318,10.321192420470828,0.9996530673097486,0.999991745699489,0.999996141911099,0.9999961938279511,0.9998582595833476,0.9998264754077686,0.9997997311538488,0.9998572515704716,0.9998463158025456,0.9994392232498869,0.9992567531581433,0.9956754652579075,0.9833540301400534,0.8793064093475319,0.8879740129801311,0.751428392155387,0.9941700474754971
0.319,10.337777285028103,0.99965750337278,0.9999919000480405,0.9999962186476076,0.9999962695816338,0.9998602704934493,0.9998288827426169,0.9998024650646304,0.9998592782306368,0.9998484807103639,0.9994459684350746,0.9992653680393712,0.9957134450591346,0.9834643157245336,0.8797216468716219,0.888374842199266,0.7519924815130319,0.9941911469399793
0.32,10.354311379591836,0.9996618693035878,0.999992051049507,0.9999962936293708,0.9999963436019206,0.9998622468149172,0.9998312494126221,0.9998051533956805,0.9998612700010086,0.999850608584785,0.9994526120410543,0.99927385691511,0.9957509753776977,0.9835735331249812,0.8801341819158149,0.8887730083108366,0.7525535576753108,0.9942120798806129
0.321,10.370794936933265,0.9996661664022087,0.9999921987857284,0.9999963669013714,0.9999964159332767,0.9998641892374726,0.9998335762162079,0.9998077970318108,0.9998632275780336,0.9998527001609957,0.9994591558740334,0.9992822219708063,0.9957880627291291,0.9836816954449468,0.8805440384186184,0.8891685352907153,0.7531116433605545,0.9942328482426673
0.322,10.387228188402847,0.9996703959412448,0.9999923433363298,0.9999964385073203,0.9999964866189099,0.9998660984353018,0.9998358639340577,0.9998103968383713,0.9998651516424536,0.9998547561576843,0.9994656017034803,0.9992904653484193,0.9958247135182655,0.9837888155955593,0.8809512400533249,0.8895614468456359,0.7536667610677521,0.9942534539411512
0.323,10.403611363941087,0.9996745591665092,0.9999924847787857,0.9999965084896968,0.9999965557008095,0.9998679750674451,0.9998381133295521,0.9998129536617272,0.9998670428596977,0.9998567772774521,0.999471951262961,0.9992985891473923,0.9958609340413944,0.9838949062988002,0.8813558102315278,0.8899517664167989,0.7542189330791333,0.9942738988613993
0.324,10.41994469208925,0.9996786572976557,0.9999926231884843,0.9999965768897857,0.9999966232197828,0.9998698197781735,0.9998403251491959,0.9998154683297221,0.9998689018802654,0.9998587642072134,0.9994782062509562,0.9993065954256015,0.9958967304883535,0.9839999800907155,0.8817577721065808,0.8903395171834189,0.7547681814627125,0.9942941848596409
0.325,10.4362284,0.9996826915287931,0.9999927586387883,0.9999966437477144,0.9999966892154925,0.999871633197357,0.9998425001230328,0.9998179416521288,0.9998707293400981,0.9998607176185844,0.9994843683316571,0.9993144862002799,0.9959321089445846,0.9841040493245654,0.882157148577006,0.8907247220662178,0.7553145280747982,0.9943143137635633
0.326,10.452462713447927,0.9996866630290819,0.9999928912010951,0.9999967091024873,0.9999967537264909,0.9998734159408215,0.9998446389650487,0.9998203744210886,0.9998725258609411,0.9998626381682615,0.9994904391357415,0.9993222634489193,0.9959670753931438,0.9842071261739131,0.8825539622898471,0.8911074037308632,0.7558579945624664,0.9943342873728543
0.327,10.46864785683998,0.9996905729433171,0.9999930209448938,0.9999967729920215,0.9999968167902542,0.9998751686106968,0.9998467423735649,0.9998227674115386,0.9998742920506957,0.9998645264983902,0.9994964202611304,0.9993299291101505,0.9960016357166676,0.9843092226356556,0.8829482356439738,0.8914875845913547,0.7563986023660021,0.9943541074597386
0.328,10.484784053225805,0.9996944223924953,0.9999931479378212,0.9999968354531786,0.999996878443215,0.9998768917957547,0.9998488110316197,0.9998251213816275,0.999876028503761,0.9998663832369226,0.9995023132737253,0.9993374850846009,0.9960357956992966,0.9844103505329944,0.8833399907933344,0.8918652868133566,0.7569363727213043,0.9943737757694976
0.329,10.500871524308002,0.9996982124743672,0.9999932722457157,0.9999968965217972,0.9999969387207941,0.9998785860717379,0.999850845607341,0.9998274370731205,0.9998777358013677,0.9998682089979666,0.9995081197081283,0.9993449332357313,0.9960695610285587,0.9845105215183518,0.8837292496501581,0.8922405323174809,0.7574713266622601,0.9943932940209813
0.33,10.516910490452261,0.9997019442639763,0.9999933939326695,0.9999969562327239,0.999996997657431,0.9998802520016804,0.999852846754308,0.9998297152117934,0.9998794145119015,0.9998700043821247,0.9995138410683432,0.9993522753906536,0.9961029372972108,0.9846097470762302,0.8841160338881102,0.8926133427825186,0.7580034850230846,0.994412663907105
0.331,10.532901170697441,0.9997056188141838,0.9999935130610796,0.999997014619843,0.9999970552866136,0.9998818901362193,0.9998548151119034,0.9998319565078164,0.999881065191219,0.9998717699768244,0.9995194788284597,0.9993595133409271,0.9961359300050422,0.984708038526017,0.8845003649453981,0.8929837396486217,0.7585328684406296,0.9944318870953378
0.332,10.548843782765532,0.9997092371561801,0.9999936296916965,0.9999970717161057,0.999997111640907,0.9998835010138971,0.9998567513056571,0.9998341616561277,0.9998826883829539,0.999873506356639,0.9995250344333207,0.9993666488433359,0.9961685445606389,0.9848054070247371,0.8848822640278302,0.8933517441204378,0.7590594973566607,0.9944509652281796
0.333,10.564738543071535,0.9997128002999826,0.9999937438836717,0.9999971275535579,0.9999971667519807,0.999885085161458,0.9998586559475793,0.9998363313367971,0.9998842846188163,0.9998752140836006,0.9995305092991729,0.9993736836206479,0.9962007862831102,0.984901863569753,0.8852617521118298,0.8937173771701953,0.7595833920201019,0.9944698999236257
0.334,10.580585666733267,0.9997163092349222,0.9999938556946042,0.9999971821633673,0.9999972206506363,0.999886643094134,0.9998605296364859,0.9998384662153803,0.9998858544188826,0.9998768937075041,0.9995359048143018,0.999380619362355,0.9962326604037794,0.9849974190014135,0.8856388499474016,0.8940806595407423,0.7601045724892523,0.9944886927756229
0.335,10.596385367581046,0.9997197649301168,0.9999939651805844,0.99999723557585,0.9999972733668329,0.999888175315925,0.9998623729583153,0.9998405669432644,0.9998873982918788,0.9998785457662039,0.9995412223396507,0.9993874577253955,0.9962641720678383,0.9850920840056534,0.8860135780610554,0.8944416117485399,0.7606230586339698,0.9945073453545151
0.336,10.61213785816733,0.9997231683349325,0.9999940723962378,0.9999972878204954,0.9999973249297117,0.9998896823198705,0.9998641864864358,0.9998426341580026,0.9998889167354557,0.9998801707859015,0.9995464632094252,0.9993942003348597,0.9962953263359661,0.9851858691165436,0.8863859567586848,0.8948002540866089,0.7611388701378267,0.9945258592074803
0.337,10.627843349776231,0.9997265203794338,0.9999941773947668,0.9999973389259911,0.9999973753676218,0.9998911645883147,0.9998659707819466,0.9998446684836427,0.9998904102364564,0.9998817692814267,0.9995516287316818,0.9994008487846777,0.996326128185915,0.9852787847187933,0.8867560061284023,0.8951566066274338,0.7616520265002366,0.9945442358589538
0.338,10.64350205243297,0.999729821974822,0.9999942802279911,0.9999973889202466,0.9999974247081422,0.9998926225931642,0.9998677263939693,0.9998466705310451,0.9998918792711781,0.9998833417565105,0.9995567201889033,0.9994074046382913,0.9963565825140628,0.9853708410502062,0.887123746043334,0.8955106892258204,0.7621625470385509,0.9945624768110481
0.339,10.659114174913238,0.9997330740138634,0.999994380946387,0.9999974378304162,0.9999974729781056,0.9998940567961391,0.9998694538599323,0.9998486408981934,0.9998933243056247,0.9998848887040517,0.9995617388385599,0.9994138694293098,0.9963866941369314,0.9854620482040904,0.8874891961643698,0.8958625215217135,0.7626704508901287,0.9945805835439592
0.34,10.674679924752475,0.9997362773713058,0.999994479599126,0.9999974856829213,0.9999975202036198,0.9998954676490168,0.9998711537058487,0.9998505801704963,0.9998947457957554,0.9998864106063754,0.999566685913656,0.9994202446621498,0.9964164677926748,0.9855524161316233,0.8878523759428751,0.8962121229429696,0.7631757570143781,0.9945985575163654
0.341,10.690199508255068,0.999739432904285,0.9999945762341109,0.9999975325034723,0.9999975664100894,0.999896855593871,0.9998728264465856,0.9998524889210831,0.9998961441877243,0.9998879079354852,0.999571562623265,0.999426531812661,0.9964459081425359,0.9856419546441724,0.8882133046233611,0.8965595127080892,0.7636784841947694,0.9946164001658171
0.342,10.705673130503454,0.999742541452722,0.9999946708980124,0.9999975783170889,0.9999976116222364,0.9998982210633023,0.9998744725861272,0.99985436771109,0.9998975199181156,0.9998893811533096,0.9995763701530497,0.9994327323287348,0.9964750197722719,0.985730673415574,0.8885720012461148,0.8969047098289091,0.7641786510408238,0.9946341129091208
0.343,10.721100995367177,0.9997456038397089,0.9999947636363032,0.9999976231481208,0.9999976558641204,0.9998995644806646,0.9998760926178305,0.9998562170899401,0.999898873414171,0.9998908307119403,0.9995811096657721,0.9994388476309014,0.9965038071935519,0.9858185819843684,0.8889284846497916,0.8972477331132525,0.7646762759900722,0.9946516971427111
0.344,10.73648330551181,0.9997486208718861,0.9999948544932922,0.9999976670202672,0.9999976991591573,0.9999008862602843,0.9998776870246755,0.9998580375956153,0.9999002050940131,0.9998922570538658,0.9995857823017886,0.9994448791129104,0.9965322748453234,0.9859056897559955,0.889282773473969,0.897588601167541,0.7651713773099906,0.9946691542430155
0.345,10.751820262407863,0.9997515933398102,0.9999949435121566,0.9999977099565955,0.999997741530139,0.9999021868076747,0.9998792562795077,0.9998598297549224,0.9999015153668606,0.999893660612198,0.9995903891795357,0.9994508281422994,0.9965604270951521,0.9859920060049481,0.8896348861616618,0.8979273323993682,0.7656639730999085,0.9946864855668139
0.346,10.767112066339548,0.9997545220183128,0.9999950307349738,0.9999977519795601,0.9999977829992508,0.9999034665197442,0.9998808008452748,0.9998615940837516,0.9999028046332398,0.9998950418108935,0.9995949313960019,0.9994566960609478,0.9965882682405334,0.9860775398768871,0.8899848409618021,0.8982639450200336,0.7661540812928928,0.9947036924515889
0.347,10.782358916413523,0.99975740766685,0.999995116202752,0.9999977931110198,0.9999978235880894,0.9999047257849992,0.9998823211752575,0.9998633310873286,0.99990407328519,0.9998964010649688,0.9995994100271903,0.9994624841856191,0.9966158025101765,0.9861623003907173,0.8903326559316806,0.8985984570470407,0.7666417196576049,0.9947207762158663
0.348,10.797561010567511,0.999760251029844,0.9999951999554605,0.9999978333722551,0.9999978633176799,0.9999059649837423,0.999883817713295,0.9998650412604602,0.9999053217064634,0.9998977387807101,0.9996038261285688,0.9994681938084895,0.9966430340652633,0.9862462964406256,0.8906783489393555,0.8989308863065565,0.7671269058001361,0.9947377381595534
0.349,10.812718545578896,0.9997630528370157,0.9999952820320571,0.9999978727839852,0.9999979022084923,0.9999071844882647,0.9998852908940029,0.9998667250877739,0.9999065502727195,0.9998990553558773,0.99960818073551,0.9994738261976643,0.99666996700068,0.9863295367980813,0.8910219376660214,0.8992612504358364,0.7676096571658165,0.9947545795642655
0.35,10.82783171707317,0.99976581380371,0.999995362470518,0.9999979113663838,0.9999979402804573,0.9999083846630333,0.999886741142987,0.9998683830439514,0.9999077593517157,0.9999003511799041,0.9996124748637214,0.9994793825976827,0.9966966053462245,0.9864120301138011,0.8913634396083494,0.8995895668856124,0.7680899910410015,0.9947713016936477
0.351,10.842900719532391,0.999768534631212,0.9999954413078633,0.999997949139095,0.999997977552982,0.9999095658648751,0.9998881688770519,0.9998700155939564,0.9999089493034916,0.9999016266340904,0.9996167095096636,0.9994848642300102,0.9967229530677888,0.9864937849196765,0.8917028720807876,0.8999158529224469,0.7685679245548334,0.9947879057936916
0.352,10.8579257463035,0.9997712160070568,0.9999955185801842,0.9999979861212482,0.9999980140449652,0.9999107284431535,0.9998895745044033,0.9998716231932556,0.9999101204805495,0.9999028820917931,0.9996208856509613,0.9994902722935207,0.9967490140685171,0.986574809630669,0.8920402522178328,0.9002401256310513,0.7690434746809816,0.9948043930930404
0.353,10.872906989606605,0.9997738586053306,0.9999955943226685,0.9999980223314734,0.9999980497748111,0.9999118727399435,0.9998909584248453,0.999873206288036,0.9999112732280296,0.9999041179186091,0.9996250042468019,0.9994956079649661,0.996774792189941,0.9866551125466685,0.8923755969762661,0.900562401916571,0.7695166582393587,0.9948207648032923
0.354,10.88784464054316,0.9997764630869659,0.9999956685696249,0.9999980577879145,0.9999980847604445,0.9999129990901997,0.9998923210299739,0.9998747653154149,0.9999124078838816,0.9999053344725551,0.9996290662383268,0.9995008723994359,0.9968002912130911,0.9867347018543192,0.8927089231373582,0.9008826985068381,0.769987491897816,0.9948370221192977
0.355,10.902738889104116,0.9997790301000278,0.9999957413545076,0.9999980925082442,0.9999981190193233,0.999914107821922,0.9998936627033641,0.9998763007036459,0.9999135247790307,0.9999065321042427,0.9996330725490123,0.9995060667308064,0.9968255148595858,0.9868135856288132,0.8930402473090411,0.9012010319545894,0.7704559921738142,0.9948531662194449
0.356,10.917589924177948,0.999781560279995,0.9999958127099395,0.9999981265096767,0.999998152568453,0.9999151992563157,0.9998949838207528,0.9998778128723192,0.9999146242375411,0.9999077111570491,0.9996370240850422,0.9995111920721789,0.9968504667926993,0.9868917718356504,0.8933695859280506,0.9015174186396543,0.7709221754360749,0.9948691982659468
0.357,10.932397933558667,0.999784054250033,0.9999958826677344,0.9999981598089807,0.9999981854243984,0.9999162737079484,0.9998962847502181,0.9998793022325577,0.999915706576773,0.9999088719672826,0.9996409217356713,0.9995162495163078,0.9968751506184066,0.9869692683323681,0.8936969552620364,0.9018318747711087,0.7713860579062095,0.9948851194051169
0.358,10.947163103953711,0.9997865126212617,0.9999959512589196,0.9999981924224922,0.9999982176032969,0.9999173314849027,0.9998975658523521,0.9998807691872061,0.9999167721075379,0.9999100148643456,0.999644766373581,0.9995212401360204,0.9968995698864089,0.9870460828702392,0.8940223714116423,0.9021444163894001,0.7718476556603273,0.994900930767642
0.359,10.961885620991817,0.9997889359930155,0.9999960185137567,0.999998224366127,0.9999982491208699,0.9999183728889248,0.9998988274804319,0.9998822141310184,0.9999178211342489,0.9999111401708914,0.9996485588552262,0.999526164984625,0.9969237280911373,0.98712222309594,0.8943458503125574,0.9024550593684405,0.7723069846306234,0.9949166334688476
0.36,10.976565669230768,0.9997913249530981,0.9999960844617629,0.9999982556553915,0.9999982799924348,0.9999193982155695,0.999900069980584,0.9998836374508383,0.9999188539550667,0.9999122482029793,0.9996523000211741,0.9995310250963112,0.9969476286727366,0.9871976965531883,0.8946674077375371,0.9027638194176694,0.7727640606069446,0.9949322286089604
0.361,10.991203432165147,0.9997936800780303,0.9999961491317302,0.9999982863053954,0.9999983102329167,0.9999204077543417,0.9999012936919457,0.9998850395257762,0.9999198708620434,0.9999133392702239,0.9996559906964356,0.9995358214865406,0.9969712750180306,0.9872725106843526,0.8949870592983952,0.9030707120840876,0.7732188992383366,0.9949477172733625
0.362,11.00579909223394,0.9997960019332933,0.9999962125517459,0.9999983163308621,0.9999983398568588,0.9999214017888342,0.9999024989468231,0.9998864207273819,0.9999208721412609,0.9999144136759416,0.9996596316907886,0.9995405551524289,0.9969946704614663,0.9873466728320324,0.8953048204479696,0.9033757527542617,0.7736715160345723,0.9949631005328426
0.363,11.020352830828148,0.999798291073565,0.9999962747492106,0.9999983457461394,0.9999983688784333,0.9999223805968622,0.9999036860708438,0.9998877814198124,0.999921858072968,0.9999154717172938,0.9996632237990941,0.9995452270731184,0.9970178182860406,0.9874201902406106,0.8956207064820568,0.9036789566562993,0.7741219263676564,0.9949783794438417
0.364,11.034864828298277,0.9998005480429509,0.9999963357508577,0.9999983745652106,0.9999983973114516,0.9999233444505942,0.9999048553831067,0.9998891219599965,0.9999228289317112,0.9999165136854253,0.999666767801605,0.9995498382101441,0.9970407217242087,0.9874930700577791,0.8959347325413224,0.9039803388617969,0.7745701454733167,0.994993555048693
0.365,11.049335263961815,0.9998027733752103,0.9999963955827698,0.9999984028017036,0.9999984251693748,0.9999242936166799,0.999906007196328,0.9998904426977947,0.9999237849864657,0.9999175398656005,0.9996702644642681,0.9995543895077891,0.9970633839587733,0.9875653193360362,0.8962469136131823,0.9042799142877591,0.7750161884524707,0.9950086283758578
0.366,11.063764316110579,0.9998049675939759,0.9999964542703974,0.999998430468902,0.9999984524653228,0.9999252283563744,0.9999071418169838,0.9998917439761552,0.9999247265007596,0.9999185505373355,0.9996737145390184,0.999558881893434,0.9970858081237574,0.9876369450341591,0.8965572645336579,0.9045776976984921,0.7754600702726782,0.995023600440157
0.367,11.078152162018085,0.9998071312129698,0.999996511838575,0.9999984575797538,0.9999984792120844,0.9999261489256606,0.9999082595454485,0.9998930261312668,0.9999256537327981,0.9999195459745273,0.9996771187640676,0.9995633162778975,0.9971079973052597,0.9877079540186496,0.8968657999892061,0.9048737037074672,0.775901805769572,0.9950384722429969
0.368,11.092498977946766,0.999809264736213,0.9999965683115374,0.9999984841468808,0.9999985054221258,0.9999270555753665,0.9999093606761305,0.9998942894927072,0.9999265669355822,0.9999205264455794,0.9996804778641857,0.9995676935557698,0.9971299545422928,0.9877783530651548,0.8971725345185227,0.9051679467791625,0.7763414096482727,0.9950532447725913
0.369,11.106804939155197,0.9998113686582308,0.9999966237129361,0.9999985101825873,0.9999985311075996,0.9999279485512819,0.9999104454976041,0.9998955343835882,0.9999274663570263,0.9999214922135249,0.9996837925509755,0.9995720146057376,0.9971516828276048,0.9878481488598628,0.8974774825143204,0.9054604412308731,0.7767788964847842,0.9950679190041788
0.37,11.121070219905212,0.9998134434642535,0.9999966780658539,0.99999853569887,0.9999985562803541,0.9999288280942701,0.9999115142927392,0.9998967611206976,0.9999283522400718,0.9999224435361461,0.9996870635231427,0.9995762802909037,0.9971731851084856,0.9879173480008743,0.8977806582250826,0.9057512012345011,0.7772142807273729,0.995082495900237
0.371,11.135294993469001,0.9998154896304117,0.999996731392821,0.9999985607074249,0.9999985809519407,0.9999296944403789,0.9999125673388259,0.9998979700146368,0.9999292248227981,0.9999233806660914,0.9996902914667576,0.9995804914590978,0.9971944642875565,0.9879859569995502,0.8980820757567923,0.9060402408183166,0.7776475766979282,0.9950969764106902
0.372,11.149479432136104,0.9998175076239274,0.9999967837158282,0.9999985852196563,0.9999986051336226,0.9999305478209471,0.9999136049076984,0.9998991613699562,0.9999300843385311,0.999924303850989,0.9996934770555123,0.9995846489431809,0.9972155232235455,0.9880539822818356,0.8983817490746372,0.9063275738686951,0.7780787985933073,0.9951113614731149
0.373,11.163623707220388,0.9998194979033014,0.9999968350563422,0.999998609246685,0.9999986288363827,0.9999313884627096,0.999914627265854,0.9999003354852865,0.9999309310159491,0.9999252133335581,0.9996966209509723,0.9995887535613436,0.9972363647320458,0.9881214301895616,0.8986796920046901,0.9066132141318313,0.7785079604866614,0.9951256520129408
0.374,11.177727989066916,0.9998214609184953,0.9999968854353188,0.9999986327993553,0.9999986520709307,0.9999322165878987,0.9999156346745701,0.9999014926534675,0.9999317650791857,0.9999261093517181,0.9996997238028218,0.999592806117397,0.9972569915862618,0.988188306981723,0.8989759182355682,0.9068971752154277,0.7789350763287475,0.9951398489436484
0.375,11.191792447058823,0.9998233971111097,0.9999969348732162,0.9999986558882432,0.9999986748477113,0.9999330324143447,0.9999166273900187,0.9999026331616732,0.9999325867479304,0.9999269921386932,0.9997027862491029,0.9995968074010577,0.9972774065177386,0.988254618835736,0.8992704413200663,0.9071794705903604,0.7793601599492216,0.995153953166961
0.376,11.20581724962406,0.9998253069145583,0.999996983390008,0.9999986785236632,0.9999986971769106,0.9999338361555726,0.9999176056633774,0.9999037572915344,0.9999333962375273,0.9999278619231169,0.9997058089164514,0.999600758188226,0.9972976122170784,0.9883203718486725,0.8995632746767704,0.9074601135923219,0.7797832250579176,0.9951679655730352
0.377,11.21980256424214,0.9998271907542381,0.9999970310051959,0.9999987007156754,0.9999987190684635,0.9999346280208969,0.9999185697409378,0.999904865319258,0.9999341937590703,0.9999287189291316,0.9997087924203254,0.999604659241259,0.9973176113346434,0.9883855720384743,0.8998544315916471,0.9077391174234393,0.7802042852461089,0.9951818870406456
0.378,11.233748557450795,0.999829049047696,0.9999970777378221,0.9999987224740927,0.9999987405320605,0.999935408215514,0.999919519864212,0.9999059575157442,0.9999349795194967,0.9999295633764882,0.9997117373652299,0.9996085113092363,0.9973374064812441,0.9884502253451456,0.9001439252196122,0.9080164951538724,0.7806233539877552,0.9951957184373688
0.379,11.247655394852597,0.9998308822047901,0.9999971236064806,0.9999987438084873,0.9999987615771544,0.9999361769405927,0.999920456270036,0.9999070341466993,0.9999357537216788,0.9999303954806408,0.9997146443449357,0.9996123151282216,0.9973570002288152,0.988514337631926,0.9004317685860764,0.9082922597233879,0.7810404446407335,0.9952094606197598
0.38,11.261523241121493,0.9998326906278499,0.9999971686293295,0.9999987647281969,0.9999987822129662,0.9999369343933623,0.9999213791906706,0.9999080954727483,0.9999365165645124,0.9999312154528415,0.9997175139426946,0.9996160714215165,0.9973763951110785,0.9885779146864423,0.9007179745884721,0.9085664239429129,0.7814555704480546,0.9952231144335298
0.381,11.275352260009333,0.9998344747118297,0.9999972128241017,0.9999987852423312,0.9999988024484918,0.9999376807671985,0.9999222888539001,0.9999091417495424,0.999937268243004,0.9999320235002308,0.999720346731448,0.9996197808999112,0.9973955936241922,0.9886409622218423,0.9010025559977568,0.9088390004960658,0.7818687445390626,0.9952366807137164
0.382,11.289142614352281,0.9998362348444618,0.999997256208116,0.999998805359778,0.9999988222925077,0.9999384162517073,0.9999231854831288,0.9999101732278656,0.9999380089483556,0.9999328198259276,0.999723143274033,0.9996234442619278,0.9974145982273892,0.9887034858779074,0.9012855254598973,0.9091100019406674,0.7822799799306228,0.9952501602848525
0.383,11.302894466077245,0.9998379714064033,0.9999972987982877,0.9999988250892092,0.9999988417535769,0.999939141032807,0.9999240692974746,0.9999111901537381,0.9999387388680472,0.9999336046291162,0.999725904123382,0.9996270621940594,0.9974334113436023,0.9887654912221476,0.9015668954973336,0.9093794407102301,0.7826892895282915,0.9952635539611332
0.384,11.316607976208177,0.9998396847713815,0.9999973406111391,0.9999988444390863,0.999998860840055,0.9999398552928083,0.9999249405118612,0.9999121927685172,0.9999394581859178,0.9999343781051306,0.9997286298227198,0.9996306353710032,0.9974520353600776,0.9888269837508782,0.901846678510423,0.9096473291154272,0.7830966861274742,0.9952768625465764
0.385,11.33028330487239,0.9998413753063354,0.9999973816628092,0.999998863417666,0.9999988795600948,0.9999405592104919,0.9999257993371077,0.9999131813089964,0.9999401670822442,0.9999351404455387,0.9997313209057546,0.9996341644558896,0.9974704726289768,0.9888879688902765,0.9021248867788634,0.9099136793455423,0.783502182414568,0.9952900868351834
0.386,11.343920611306764,0.9998430433715536,0.9999974219690637,0.9999988820330059,0.9999988979216529,0.999941252961185,0.9999266459800159,0.9999141560075018,0.9999408657338181,0.9999358918382221,0.9997339778968659,0.999637650100506,0.9974887254679669,0.9889484519974228,0.9024015324630992,0.910178503469898,0.7839057909680912,0.995303227611094
0.387,11.357520053863952,0.9998446893208098,0.9999974615453043,0.9999989002929697,0.9999989159324936,0.9999419367168358,0.999927480643456,0.9999151170919859,0.9999415543140208,0.9999366324674561,0.999736601311288,0.9996410929455148,0.9975067961608003,0.9890084383613224,0.9026766276057064,0.910441813439266,0.7843075242597976,0.9953162856487422
0.388,11.371081790018481,0.999846313501495,0.9999975004065783,0.9999989182052319,0.9999989336001951,0.999942610646086,0.9999283035264498,0.99991606478612,0.999942232992897,0.9999373625139868,0.99973919165529,0.9996444936206688,0.997524686957883,0.9890679332039112,0.9029501841327604,0.9107036210872573,0.784707394655779,0.9953292617130035
0.389,11.384605976372866,0.9998479162547461,0.9999975385675871,0.9999989357772834,0.9999989509321535,0.9999432749143418,0.9999291148242525,0.9999169993093843,0.9999429019372262,0.9999380821551059,0.9997417494263505,0.9996478527450193,0.997542400076832,0.989126941681044,0.9032222138551842,0.9109639381316943,0.7851054144175533,0.995342156559346
0.39,11.398092768663593,0.9998494979155731,0.9999975760426951,0.9999989530164355,0.9999989679355882,0.9999439296838425,0.9999299147284324,0.9999179208771548,0.999943561310593,0.9999387915647254,0.9997442751133301,0.9996511709271229,0.9975599377030231,0.9891854688834667,0.9034927284700793,0.9112227761759634,0.7855015957031389,0.995354970933973
0.391,11.411542321767142,0.9998510588129819,0.9999976128459385,0.9999989699298257,0.9999989846175462,0.9999445751137293,0.999930703426948,0.9999188297007902,0.9999442112734548,0.9999394909134486,0.9997467691966393,0.9996544487652406,0.997577301990127,0.9892435198377716,0.9037617395620386,0.9114801467103493,0.7858959505681178,0.9953677055739667
0.392,11.42495478970588,0.999852599270095,0.9999976489910328,0.9999989865244213,0.9999990009849067,0.99994521136011,0.999931481104225,0.9999197259877147,0.9999448519832087,0.9999401803686407,0.9997492321484029,0.9996576868475358,0.997594495060637,0.9893010995073372,0.9040292586044409,0.9117360611133525,0.7862884909666836,0.9953803612074267
0.393,11.43833032565397,0.9998541196042698,0.9999976844913817,0.9999990028070241,0.9999990170443855,0.9999458385761251,0.9999322479412296,0.9999206099415008,0.9999454835942571,0.9999408600944976,0.9997516644326211,0.9996608857522654,0.9976115190063861,0.9893582127932528,0.9042952969607293,0.9119905306529872,0.7866792287526794,0.9953929385536084
0.394,11.451669081943171,0.9998556201272145,0.9999977193600844,0.999999018784275,0.9999990328025393,0.9999464569120086,0.9999330041155413,0.9999214817619483,0.9999461062580702,0.9999415302521125,0.9997540665053266,0.999664046047969,0.9976283758890536,0.9894148645352263,0.904559865885672,0.9122435664880635,0.7870681756806204,0.9954054383230574
0.395,11.464971210068649,0.9998571011450997,0.9999977536099433,0.9999990344626578,0.9999990482657696,0.9999470665151515,0.9999337498014238,0.9999223416451635,0.9999467201232497,0.9999421909995416,0.9997564388147389,0.9996671682936528,0.9976450677406643,0.989471059512479,0.9048229765266056,0.9124951796694503,0.7874553434067069,0.9954178612177411
0.396,11.478236860694697,0.99985856295867,0.9999977872534711,0.9999990498485034,0.9999990634403269,0.9999476675301607,0.9999344851698942,0.9999231897836347,0.9999473253355877,0.999942842491868,0.9997587818014151,0.9996702530389695,0.997661596564076,0.9895268024446235,0.9050846399246634,0.9127453811413235,0.7878407434898237,0.9954302079311783
0.397,11.49146618366043,0.9998600058633512,0.9999978203028989,0.9999990649479938,0.9999990783323147,0.9999482600989184,0.9999352103887905,0.9999240263663073,0.9999479220381272,0.9999434848812642,0.9997610958983972,0.9996733008243962,0.9976779643334605,0.9895820979925289,0.9053448670159856,0.9129941817423961,0.788224387392527,0.995442479148568
0.398,11.504659327985413,0.9998614301493561,0.999997852770182,0.9999990797671661,0.9999990929476931,0.9999488443606384,0.9999359256228374,0.9999248515786566,0.9999485103712195,0.9999441183170528,0.999763381531357,0.9996763121814061,0.9976941729947734,0.9896369507591706,0.9056036686329153,0.9132415922071319,0.7886062864820211,0.9954546755469127
0.399,11.517816441875285,0.9998628361017882,0.9999978846670077,0.9999990943119156,0.9999991072922826,0.9999494204519231,0.9999366310337112,0.9999256656027593,0.9999490904725807,0.9999447429457663,0.9997656391187365,0.9996792876326384,0.9977102244662167,0.989691365290466,0.905861055505177,0.9134876231669429,0.7889864520311227,0.995466797795143
0.4,11.530937672727271,0.9998642240007416,0.9999979160048011,0.9999991085880001,0.9999991213717674,0.9999499885068179,0.9999373267801029,0.9999264686173628,0.9999496624773472,0.9999453589112054,0.9997678690718873,0.9996822276920639,0.997726120638693,0.9897453460760981,0.9061170382610405,0.9137322851513724,0.7893648952192128,0.9954788465542371
