Beta,R_0,R1,R2,R3,R4,R5,R6,R7,R8,R9,R10,R11,R12,R13,R14,R15,R16,R_all
0.0,0.0,0.0,0.0,0.0,0.0,0.0,0.0,0.0,0.0,0.0,0.0,0.0,0.0,0.0,0.0,0.0,0.0,0.0
0.001,0.06513345254237289,0.0,0.0,0.0,0.0,0.0,0.0,0.0,0.0,0.0,0.0,0.0,0.0,0.0,0.0,0.0,0.0,0.0
0.002,0.12987843518886683,0.0,0.0,0.0,0.0,0.0,0.0,0.0,0.0,0.0,0.0,0.0,0.0,0.0,0.0,0.0,0.0,0.0
0.003,0.19423841298315164,0.0,0.0,0.0,0.0,0.0,0.0,0.0,0.0,0.0,0.0,0.0,0.0,0.0,0.0,0.0,0.0,0.0
0.004,0.2582168098814229,4.440892098500626e-16,1.6653345369377348e-15,2.55351295663786e-15,1.887379141862766e-15,5.551115123125783e-16,3.3306690738754696e-16,3.3306690738754696e-16,3.3306690738754696e-16,3.3306690738754696e-16,3.3306690738754696e-16,3.3306690738754696e-16,3.3306690738754696e-16,1.1102230246251565e-16,1.1102230246251565e-16,0.0,0.0,7.839981926264252e-16
0.005,0.32181700935960594,0.0,0.0,0.0,0.0,0.0,0.0,0.0,0.0,0.0,0.0,0.0,0.0,0.0,0.0,0.0,0.0,0.0
0.006,0.38504235500982326,0.0,0.0,0.0,0.0,0.0,0.0,0.0,0.0,0.0,0.0,0.0,0.0,0.0,0.0,0.0,0.0,0.0
0.007,0.4478961511263468,0.0,0.0,0.0,0.0,0.0,0.0,0.0,0.0,0.0,0.0,0.0,0.0,0.0,0.0,0.0,0.0,0.0
0.008,0.51038166328125,0.0,0.0,0.0,0.0,0.0,0.0,0.0,0.0,0.0,0.0,0.0,0.0,0.0,0.0,0.0,0.0,0.0
0.009,0.5725021188899707,4.440892098500626e-16,1.6653345369377348e-15,2.220446049250313e-15,1.887379141862766e-15,5.551115123125783e-16,3.3306690738754696e-16,3.3306690738754696e-16,3.3306690738754696e-16,3.3306690738754696e-16,3.3306690738754696e-16,2.220446049250313e-16,3.3306690738754696e-16,1.1102230246251565e-16,1.1102230246251565e-16,0.0,0.0,7.493227634378648e-16
0.01,0.6342607077669903,0.0,0.0,0.0,0.0,0.0,0.0,0.0,0.0,0.0,0.0,0.0,0.0,0.0,0.0,0.0,0.0,0.0
0.011,0.6956605826718296,0.0,0.0,0.0,0.0,0.0,0.0,0.0,0.0,0.0,0.0,0.0,0.0,0.0,0.0,0.0,0.0,0.0
0.012,0.7567048598455599,1.5543122344752192e-15,5.10702591327572e-15,9.992007221626409e-15,6.994405055138486e-15,2.886579864025407e-15,2.3314683517128287e-15,2.220446049250313e-15,2.3314683517128287e-15,2.1094237467877974e-15,1.6653345369377348e-15,1.6653345369377348e-15,1.3322676295501878e-15,8.881784197001252e-16,6.661338147750939e-16,3.3306690738754696e-16,4.440892098500626e-16,3.3421984994272488e-15
0.013,0.8173966195380173,3.9968028886505635e-15,1.2101430968414206e-14,2.0872192862952943e-14,1.4765966227514582e-14,7.105427357601002e-15,5.662137425588298e-15,5.662137425588298e-15,5.551115123125783e-15,5.329070518200751e-15,3.885780586188048e-15,3.774758283725532e-15,3.1086244689504383e-15,2.4424906541753444e-15,1.887379141862766e-15,1.4432899320127035e-15,1.2212453270876722e-15,7.650316328718414e-15
0.014,0.8777389065259118,1.5543122344752192e-15,5.10702591327572e-15,9.992007221626409e-15,6.994405055138486e-15,2.886579864025407e-15,2.3314683517128287e-15,2.220446049250313e-15,2.3314683517128287e-15,2.3314683517128287e-15,1.6653345369377348e-15,1.6653345369377348e-15,1.3322676295501878e-15,8.881784197001252e-16,6.661338147750939e-16,3.3306690738754696e-16,4.440892098500626e-16,3.357978412945417e-15
0.015,0.9377347306220095,3.3306690738754696e-15,1.1546319456101628e-14,2.2093438190040615e-14,1.432187701766452e-14,6.439293542825908e-15,4.773959005888173e-15,4.6629367034256575e-15,4.6629367034256575e-15,4.440892098500626e-15,3.3306690738754696e-15,3.3306690738754696e-15,2.55351295663786e-15,1.6653345369377348e-15,1.6653345369377348e-15,1.1102230246251565e-15,1.2212453270876722e-15,7.145179366152369e-15
0.016,0.9973870671755726,8.404023500019342e-05,0.000285255344224411,0.000556229314632728,0.0003495509839229749,0.000144603990595904,0.00011133776885974278,0.00011303024170583598,0.00011254914018254958,0.00011156150273805565,8.248441600355871e-05,7.901626157269526e-05,6.359106291464744e-05,4.5965960055793786e-05,4.118633756489132e-05,2.795777915054476e-05,2.8404322250041858e-05,0.0001750371019154067
0.017,1.0566988575642247,0.023664304588877694,0.0767706020547766,0.13943879027612482,0.09312935642951059,0.040679617622928266,0.03165773390341109,0.031744972481989375,0.031522304129985246,0.03119351985179808,0.023172295404200627,0.02224646903380112,0.018005197311094734,0.01307003078326463,0.011587125244621799,0.007858039789599869,0.007947824966225259,0.047008979671228336
0.018,1.1156730096774192,0.04935150855249282,0.15282221847520616,0.2601303140627257,0.18319882918130204,0.08449458028349466,0.06652429390168013,0.06601123594205749,0.06537654243684132,0.06459393767426946,0.04821000159522759,0.04639602170665136,0.03775741768902052,0.02752890465886848,0.024175273589486235,0.016383532184960914,0.016499076538561974,0.09371175727958612
0.019,1.1743123983916746,0.07566616618388788,0.22392577522128176,0.36028940080826066,0.2651638847768014,0.12873059302530776,0.10254199768400019,0.10089416758074121,0.09969352731956194,0.09836727544746127,0.07375203558741028,0.07115171154755784,0.058199424107088005,0.042617601994240584,0.03712646262867225,0.025150720303248497,0.025228083208905128,0.13791678334559052
0.02,1.2326198660377359,0.10231930508131015,0.2897987759291163,0.44400720130366766,0.3390520364566707,0.1726924425120543,0.13914611381526143,0.13598084948330724,0.1340943280234439,0.1321589490348778,0.09953319920229298,0.0962571789636294,0.07910966516969131,0.0581779194782589,0.050337683945842815,0.03409726819516634,0.034079368355324435,0.17968413415735604
0.021,1.2905982228598307,0.1290666740600689,0.3504085924416612,0.5144607423985643,0.40526316262401296,0.21585131192939866,0.17586069873489718,0.17092312618266037,0.16826510155845986,0.16567847660295132,0.12533587842116922,0.12149560515971525,0.10029804884834514,0.07407188441616641,0.06372005571142192,0.04317008684218371,0.043007027814434884,0.21909815572768643
0.022,1.348250247467167,0.15570537060600165,0.4058950503057719,0.5741305158879315,0.46438390677223595,0.2578158323531251,0.2122935330956799,0.20543397822553422,0.2019508132191773,0.19869174209242435,0.1509828590435548,0.14668530270955715,0.1216030301343487,0.09018016720618283,0.07719744325141464,0.05232402507257916,0.05197295021011128,0.2562575839437157
0.023,1.4055786872778298,0.1820695941375019,0.4565082548242859,0.6249668468143301,0.5170727776630233,0.29830633966065945,0.24812881788786856,0.2392823055685912,0.23494852721859238,0.2310136032896808,0.17633111526078438,0.171675591098422,0.14288860064790931,0.10640033269041516,0.09070505355504799,0.0615207237723665,0.060945394400173436,0.29126878285591795
0.024,1.4625862589552239,0.20802624993857133,0.5025618755732534,0.6685150809316753,0.5639934447832473,0.33713311944482804,0.28311898804285374,0.272287057258214,0.2671008808993538,0.2625011978161771,0.2012666649745113,0.19634314199365976,0.1640414819045537,0.12264517235738304,0.10418814718371405,0.07072767675158709,0.06989790553562081,0.32424142113149823
0.025,1.5192756488372092,0.23347068814423255,0.5443997816900451,0.7060093134011558,0.6057785170347703,0.3741782065257918,0.3170762326404417,0.30431113733968396,0.2982898969781945,0.29304789682507715,0.22570025985792241,0.22058869302145945,0.18496853275279146,0.13884114201251618,0.11760087558956989,0.07991745856678067,0.0788084832336563,0.3552857290847162
0.026,1.5756495133580706,0.25832269844439937,0.5823732610794929,0.738442658412462,0.643011790737116,0.40938016487324813,0.34986408537706826,0.335255354118402,0.32843118878949196,0.3225778187894063,0.2495636850260231,0.24433402412455196,0.20559433277988737,0.15492688553243428,0.13090522287949458,0.08906707196628849,0.08765892244389417,0.384510708201786
0.027,1.6317104794634596,0.28252282088062797,0.6168261842957615,0.7666201889219217,0.6762213366758285,0.44272138694009966,0.38138936994586725,0.3650526160006574,0.3574686070446398,0.35104085869255597,0.27280652093775115,0.2675191450673299,0.22585892088920256,0.17085183272998017,0.14407003477420488,0.09815738034784915,0.096434271156557,0.41202291004449865
0.028,1.6874611450184502,0.3060290062362082,0.6480859019644799,0.7911990896681788,0.7058787360591707,0.4742175644981046,0.411594722689404,0.39366252952464653,0.38536937594686305,0.37840822243294003,0.2953932860422548,0.29009968613986514,0.2457156900007209,0.1865748733254562,0.15707012653204122,0.10717260436678366,0.10512237016669568,0.4379255722751218
0.029,1.7429040792088317,0.3288136416086913,0.6764581499643203,0.8127193435885856,0.7324016356625955,0.5039090498741481,0.44045184456674835,0.42106650574899174,0.41211975361028574,0.4046684673199842,0.3173009175847552,0.3120445044542933,0.265129449637621,0.2020631170258741,0.16988546777875269,0.11609987148533396,0.11371345459581472,0.46231799962982223
0.03,1.79804182293578,0.3508609414712135,0.7022246742739932,0.8316273682726651,0.7561579392178701,0.5318538592438606,0.4679555628874278,0.4472634323592588,0.4377212303118071,0.42982404401436236,0.33851656545306674,0.3333335210807694,0.28407466874502096,0.21729075102709472,0.18250044454928294,0.12492881270097866,0.12219980554011067,0.48529512977957007
0.031,1.8528768892040257,0.37216469150586595,0.7256426437203378,0.8482943644332197,0.7774706508373197,0.5581220871944819,0.49411872068096185,0.47226592635196596,0.4621872552894991,0.4538883227215408,0.3590356788127186,0.353955797899247,0.30253390586298534,0.23223800334972677,0.19490319858487837,0.13365120317056767,0.1305754448692863,0.5069472484860161
0.032,1.90741176350365,0.39272632249067374,0.746945192807209,0.8630306673461456,0.79662280963433,0.5827915163614577,0.5189678638575508,0.496097149453544,0.48554046358900993,0.47688307362379123,0.37886036442404103,0.3739078536865602,0.3204964266392325,0.2468902158148628,0.2070850424159676,0.1422606442138583,0.13883586844818485,0.5273598288835721
0.033,1.9616489041856238,0.4125532849146346,0.7663426398966614,0.8760970533658946,0.8138622100262783,0.6059442228379881,0.542539664585257,0.5187881462567243,0.5078103610096685,0.49883636182753877,0.3979979931144205,0.39319221020651574,0.3379570020215529,0.26123702584834063,0.21903994698292617,0.1507522841404727,0.14697781401911658,0.5466134739319064
0.034,2.015590742831216,0.4316576915725534,0.7840240728156209,0.887713708961305,0.829405755034928,0.6276639981487249,0.564878001660015,0.5403756522631586,0.5290314176384721,0.5197808115139771,0.4164600289329662,0.41181615248765024,0.3549148754162589,0.2752716525332779,0.23076409704218814,0.15912257504317662,0.15499906035271604,0.5647839430777093
0.035,2.0692396846153853,0.45005519457191145,0.8001590980514837,0.8980673920098033,0.8434433801218574,0.6480344307730346,0.5860316118954274,0.5609003136088928,0.5492415178360217,0.5397521921891592,0.43426105476505983,0.4297906833869538,0.37137288388933987,0.28899027969206537,0.24225550858413247,0.16736906241549854,0.16289825442518202,0.5819422457035963
0.036,2.12259810866426,0.46776406425903305,0.814899622329251,0.9073171850965319,0.856141537055634,0.667137512893357,0.6060522273994413,0.580405260085832,0.5684807155427227,0.5587882810613238,0.4514179686593752,0.4471296506566814,0.38733671692699945,0.30239152722316553,0.25351370196577716,0.17549020429381246,0.17067476349076016,0.5981547856326339
0.037,2.175668368406841,0.48480443987178656,0.8283815852951644,0.9155991447522958,0.8676462559367943,0.6850526598298514,0.6249931191855613,0.5989349762827594,0.5867902471393786,0.5769279586600846,0.4679493265559258,0.46384902453650756,0.4028142959932083,0.31547600124977404,0.2645394243559235,0.1834852166129768,0.17832854906148243,0.613483542882492
0.038,2.2284527919210055,0.5011977247006387,0.8407265958447757,0.9230300793964628,0.8780858180140171,0.7018560495487745,0.6429079756995746,0.6165344207843952,0.6042117587823108,0.5942104990108447,0.4838748091642343,0.47996630485029246,0.4178152587341639,0.32824591362287714,0.27533441529286307,0.19135394157852992,0.18586005999673716,0.6279862809155403
0.039,2.2809536822739482,0.5169661017805309,0.8520434471442564,0.9297106354853877,0.8875730780066298,0.7176202071894104,0.6598500539899028,0.6332483493299692,0.6207867103703649,0.6106750203453606,0.4992147931226045,0.49550003824165145,0.43235053284621106,0.34070476174508124,0.285901209559167,0.19909673606164813,0.19327014213447768,0.6417167696683566
0.04,2.333173317857143,0.5321321493641874,0.8624295000689689,0.9357278312052673,0.8962074758299587,0.7324137745818128,0.6758715504114621,0.6491208039397207,0.6365559235690372,0.6263600670212253,0.5139900090389597,0.5104694281893445,0.4464319860835996,0.3528570603686675,0.29624297209657346,0.20671437728025388,0.200559962147438,0.6547250165512273
0.041,2.38511395271594,0.54671853846999,0.8719719340853153,0.9411571465520809,0.9040767760748593,0.7463014172995759,0.6910231463384031,0.6641947358372148,0.6515592462944484,0.6413032977607406,0.52822127141031,0.5248940225595717,0.4600721404492042,0.3647081178409338,0.3063633602508615,0.2142079833116659,0.20773094356549737,0.6670574993133276
0.042,2.43677781687389,0.56074779756021,0.8807488702615061,0.9460642553276197,0.9112585706500416,0.7593438321203827,0.705353692066461,0.6785117352921112,0.6658353105727312,0.6555412593497444,0.5419292676434648,0.5387934655204905,0.47328394016192077,0.3762638501313176,0.3162664092065106,0.2215789462677057,0.21478471315690473,0.6787573961394109
0.043,2.4881671166519044,0.5742421318476236,0.8888303743155197,0.9505064666429657,0.9178215764549795,0.7715978261285986,0.7189099987954305,0.6921118461784025,0.6794213646641443,0.6691092284924631,0.5551343954023884,0.5521873025710426,0.48608056445353964,0.38753062681854145,0.3259564370147239,0.22882887623766646,0.22172305609761944,0.6898648095741438
0.044,2.5392840349823325,0.5872232868457876,0.8962793492272063,0.954533929634905,0.9238267562809211,0.7831164453823957,0.7317367142980757,0.7050334470681455,0.6923531637663801,0.6820411075893584,0.5678566392692252,0.5650948291741353,0.49847527757546317,0.3985151440068768,0.3354379661194712,0.23595955435944105,0.2285478785745404,0.7004169818746901
0.045,2.590130731718062,0.5997124475865309,0.9031523275266603,0.9581906442886118,0.9293282876003852,0.7939491363637721,0.7438762626703475,0.7173131840903041,0.7046649065162279,0.6943693628146499,0.5801154792288397,0.5775349750156336,0.5104813095746743,0.40922431985973606,0.34471565873661536,0.24297289360984065,0.235261176662526,0.7104485001942967
0.046,2.6407093439367313,0.6117301664552213,0.9095001733101458,0.9615153127942545,0.9343744006373479,0.8041419275870424,0.7553688325182081,0.7289859436347443,0.7163892069414488,0.7061249950604263,0.5919298247858082,0.5895262172371722,0.5221117624272349,0.41966520907876126,0.35379426383866897,0.24987090611013607,0.24186501048638576,0.7199914906273733
0.047,2.6910219862401408,0.623296313872536,0.9153687035883263,0.9645420592014611,0.9390081041701939,0.8137376219798315,0.7662524011786407,0.7400848553398652,0.7275570935321092,0.7173375361344718,0.6033179696197342,0.6010865171250548,0.5333795370036605,0.42984493321720874,0.36267857384388036,0.25665567592251126,0.24836148282836146,0.7290758006281101
0.048,2.741070751048951,0.634430047113913,0.9207992379120115,0.96730103986356,0.9432678149212352,0.822775993155562,0.7765627852048987,0.7506413177375577,0.7381980287603624,0.7280350640996761,0.6142975626035185,0.612233275697764,0.5442972770958806,0.4397706242017194,0.37137338940657516,0.26332933646884693,0.2547527214705574,0.7377291696762723
0.049,2.790857708892764,0.6451497934362721,0.9258290844607572,0.9698189629721942,0.9471879041185701,0.8312939806209731,0.7863337094689188,0.7606850405064473,0.7483399437344516,0.738244232872348,0.6248855917738552,0.6229833044412236,0.554877327374458,0.4494493788528402,0.37988349096069485,0.269894051837128,0.2610408646723039,0.7459773883289441
0.05,2.8403849086956527,0.6554732444047005,0.9304919699912566,0.9721195321351658,0.9507991728533661,0.8393258804308157,0.7955968889358912,0.7702440985627222,0.7580092837758707,0.747990312198692,0.6350983784764462,0.6333528081145247,0.5651317026820657,0.4588882225493941,0.38821361588517633,0.27635200135522986,0.26722804927666555,0.7538444459856832
0.051,2.8896543780572417,0.665417358905025,0.93481842026976,0.974223826264363,0.9541292661675449,0.8469035289144692,0.8043821185237265,0.7793449942489172,0.7672310616015166,0.7572972349414511,0.6449515794306087,0.6433573771084943,0.5750720665188837,0.46809408048237,0.3963684403431217,0.2827053669091153,0.2733164010202592,0.7613526678235942
0.052,2.9386681235294123,0.6749983728134954,0.9388360968816276,0.9761506258762461,0.9572030343611423,0.8540564779354458,0.8127173675383523,0.7880127247091616,0.7760289155124765,0.7661876492655315,0.6544601948871862,0.6530119873028111,0.5847097169505753,0.47707375519773376,0.4043525650012183,0.28895632256493964,0.2793080266881811,0.768522841441953
0.053,2.987428130888697,0.6842318136909498,0.942570095635239,0.9779166941560243,0.9600428487741537,0.8608121607674037,0.820628876028258,0.7962708522020037,0.784425170569299,0.7746829738402987,0.6636385814055624,0.6623310057497207,0.5940555784813013,0.4858339093410561,0.4121705039657614,0.2951070261242308,0.2852050078129058,0.7753743338043539
0.054,3.0359363654044755,0.6931325191915776,0.9460432111627695,0.9795370197138455,0.9626688782456322,0.867196048128822,0.8281412510729227,0.8041415756301351,0.7924409011964886,0.7828034546007405,0.6725004680633899,0.6713282008271748,0.603120198692969,0.49438105269611576,0.4198266763806192,0.3011596123000827,0.29100939566409234,0.7819251990886928
0.055,3.0841947721030043,0.7017146581388998,0.9492761717676699,0.9810250268009145,0.9650993315572696,0.8732317942513496,0.8352775615459133,0.811645801985889,0.8000959940282844,0.7905682219493081,0.6810589751475795,0.6800167557627703,0.6119137486661734,0.5027215327598265,0.4273254002237793,0.3071161872517906,0.29672320731665947,0.7881922780586222
0.056,3.1322052760273977,0.7099917534347977,0.9522878480760399,0.9823927578035317,0.9673506704068097,0.8789413730941084,0.842059430303998,0.8188032167434167,0.8074092101014745,0.7979953475511234,0.6893266345665728,0.6884092846419216,0.6204460263755602,0.5108615282215987,0.43467088791555775,0.3129788242569982,0.3023484226184703,0.7941912895597876
0.057,3.179969782493596,0.7179767061403488,0.9550954386126514,0.9836510320526026,0.9694377968085331,0.8843452049810782,0.8485071230722896,0.8256323524901102,0.8143982457336755,0.8051019000904942,0.6973154113796812,0.6965178501872913,0.6287264623987809,0.5188070448203783,0.4418672434154589,0.3187495603354432,0.3078869819075143,0.7999369147243872
0.058,3.2274901773424194,0.7256818202073005,0.9577146350375497,0.9848095843427306,0.9713742182665773,0.8894622740490955,0.8546396335413095,0.8321506552951785,0.8210797916091301,0.8119039995271573,0.7050367259658328,0.7043539827384715,0.6367641273991356,0.5265639131405115,0.44891846053814344,0.3244303936678481,0.3133407843524548,0.8054428744415295
0.059,3.2747683271877652,0.7331188274522857,0.9601597694409859,0.985877186022734,0.9731721935973338,0.8943102369637236,0.8604747643802192,0.8383745484735432,0.8274695897383019,0.8184168695250665,0.7125014764566859,0.7119286999767906,0.6445677409417434,0.5341377879809972,0.4558284222636344,0.33002328167823825,0.31871168681053896,0.8107220006208892
0.06,3.3218060796610174,0.740298912457368,0.9624439457979954,0.9868617510776679,0.9748428618771057,0.8989055233999154,0.8660292040135019,0.8443194935275657,0.8335824880702316,0.8246548878319878,0.7197200611421766,0.7192525270346292,0.6521456812853159,0.5415341489940368,0.46260090085424843,0.335530139668788,0.3240015031137772,0.8157863017451046
0.061,3.368605263651733,0.7472327371542528,0.9645791574245433,0.9877704292546468,0.9763963566500014,0.903263428802062,0.8713185991158241,0.8500000481448655,0.8394324926241021,0.8306316344704285,0.7267024006237133,0.7263355167055717,0.6595059958593843,0.5487583023400238,0.46923955862198297,0.34095283991381664,0.32921200370853365,0.82064702317347
0.062,3.415167689544688,0.753930464908793,0.9665763920504423,0.9886096879776077,0.9778419072396887,0.9073981999398448,0.8763576228593732,0.8554299212035514,0.84503281707381,0.8363599376641042,0.7334579595443935,0.733187269534262,0.6666564121926173,0.5558153831489097,0.47574794921618846,0.34629321113427514,0.3343449155855934,0.8253147026267268
0.063,3.461495149453322,0.7604017839700261,0.9684457259262491,0.9893853845388968,0.9791879287595578,0.9113231137669682,0.8811600390057858,0.8606220247912773,0.8503959297707169,0.841851917473039,0.7399957677691609,0.7398169536155781,0.6736043491037875,0.5627103586136258,0.48212951932320924,0.35155303828646467,0.3394019224478264,0.829799221250814
0.064,3.507589417449665,0.7666559301860494,0.970196408208486,0.9901028298394545,0.9804421022026152,0.9150505500728574,0.8857387619757389,0.8655885232854598,0.855533598228418,0.8471190271474913,0.7463244409227728,0.7462333239738379,0.6803569280047097,0.5694480315711252,0.48838761068795244,0.3567340626091995,0.34438466507103915,0.8341098506267302
0.065,3.553452249790795,0.7727017089193742,0.9718369367166307,0.9907668447673516,0.9816114458096332,0.9185920583953637,0.8901059130571418,0.87034087957176,0.8604569311219834,0.8521720922386204,0.7524522002213399,0.7524447414259285,0.6869209841954784,0.5760330444515347,0.49452546238263106,0.36183798188240646,0.34929474182069964,0.8382552960644702
0.066,3.5990853851419033,0.7785475161184903,0.9733751260235711,0.991381810150678,0.9827023787571538,0.9219584196374333,0.8942728729307432,0.8748898984989655,0.865176417874828,0.8570213475241407,0.7583868915554199,0.7584591908589762,0.6933030780577936,0.5824698834967736,0.5005462132607277,0.3668664508575974,0.3541337092932322,0.8422437364915383
0.067,3.644490544796004,0.784201358521362,0.9748181687261471,0.9919517110906027,0.9837207780720129,0.9251597028039574,0.8982503307021857,0.8792457676826434,0.8697019659208542,0.8616764718216899,0.764136003800218,0.7642842988746195,0.6995095060730256,0.5887628831674139,0.5064529045449471,0.3718210818269184,0.3589030830556378,0.8460828612208213
0.068,3.689669432890366,0.7896708729814699,0.9761726906418551,0.9924801763698865,0.9846720295628637,0.9282053172477094,0.9020483296339916,0.8834180957788844,0.8740429357391175,0.8661466207725309,0.769706686342248,0.76992735076907,0.7055463116087304,0.5949162306710953,0.5122484825068823,0.3767034453027638,0.36360433846142826,0.8497799038587268
0.069,3.734623736619719,0.7949633449185758,0.9774448005898607,0.9929705135380725,0.9855610734589706,0.9311040607861163,0.9056763097711166,0.8874159483543609,0.8782081737641356,0.8704404576845285,0.7751057658225926,0.7753953068317552,0.7114192954312621,0.6009339705579867,0.5179358012036506,0.3815150707844258,0.36823891152449706,0.853341673592346
0.07,3.7793551264462817,0.8000857259052675,0.9786401353375379,0.9934257401943293,0.9863924453599874,0.933864164024141,0.9091431476507006,0.8912478814807282,0.8822060432778882,0.8745661825268763,0.7803397621051804,0.7806948179560733,0.7171340259134911,0.6068200093389109,0.5235176252430145,0.3862574475920205,0.37280819983555114,0.8567745840739913
0.071,3.8238652563066773,0.8050446504070599,0.9797639002263684,0.9938486119203082,0.9871703130255532,0.936493331193111,0.9124571932813771,0.8949219731808886,0.8860444533902969,0.8785315591704663,0.7854149034848297,0.7858322405641976,0.7226958489158337,0.6125781200902459,0.5289966325537947,0.3909320257511366,0.3773135635082985,0.8600846801026953
0.072,3.8681557638157895,0.8098464516988158,0.980820905931983,0.9942416472565795,0.9878985094686517,0.9389987777911506,0.9156263045706544,0.8984458528523941,0.889730886214027,0.8823439409675734,0.7903371411545043,0.7908136508543665,0.72810989732628,0.6182119470167668,0.534375417142759,0.39554021691434804,0.38175632614475696,0.8632776622850007
0.073,3.9122282704675966,0.8144971769838307,0.9818156017613069,0.9946071500657038,0.9885805627603743,0.9413872652880807,0.9186578793709941,0.9018267287897753,0.8932724223372757,0.8860102947630981,0.7951121629546568,0.7956448583840597,0.7333811002510897,0.6237250099494858,0.5396564918228648,0.4000833953080284,0.3861377758108627,0.8663589098416109
0.074,3.9560843818330604,0.8190026017444161,0.9827521058442662,0.9949472295815377,0.9892197229047854,0.9436651331363154,0.9215588853066952,0.9050714139232279,0.8966757646951438,0.8895372234272965,0.7997454064299239,0.8003314190061857,0.7385141918526605,0.6291207087604607,0.5448422909008117,0.4045628986948404,0.390459166015102,0.8693335017120262
0.075,3.9997256877551024,0.8233682433543943,0.9836342325375033,0.995263818406879,0.989818986099984,0.9458383283094066,0.92433588753483,0.9081863498861171,0.8999472609364785,0.8929309869969455,0.8042420712200076,0.8048786471781004,0.7435137198348709,0.6344023276805966,0.5499351728144033,0.4089800293438983,0.3947217166841974,0.8722062360961041
0.076,4.043153762540717,0.8275993739848362,0.9844655173223433,0.9955586886891693,0.9903811166643158,0.9479124325714683,0.9269950745845494,0.9111776295184617,0.9030929243789712,0.8961975225085151,0.8086071308125086,0.8092916276651996,0.7483840535792448,0.639573039509879,0.554937422712393,0.4133360550020245,0.39892661513096794,0.8749816485594639
0.077,4.086370165150284,0.8317010328346961,0.9852492394482322,0.9958334666759158,0.9909086668742608,0.9498926876636684,0.9295422824101933,0.9140510179080242,0.9061184536409094,0.899342462603205,0.8128453436858679,0.8135752266620593,0.7531293919376055,0.6446359097122436,0.559851254971232,0.4176322098606421,0.4030750170104155,0.8776640288186639
0.078,4.129376439384117,0.8356780377179497,0.9859884425455079,0.996089645827168,0.9914039949321615,0.9517840185782938,0.9319830167849859,0.9168119720650809,0.9090292510334974,0.9023711529798772,0.8169612638706076,0.8177341023548534,0.7577537706887217,0.6495939003896336,0.5646788156446398,0.4218696955139013,0.4071680472608725,0.880257436312109
0.079,4.17217411406629,0.8395349960384028,0.9866859534072137,0.9963285986412326,0.9918692812571291,0.9535910550764468,0.9343224741537122,0.9194656593213855,0.9118304397931123,0.9052886687679828,0.8209592509567369,0.821772714949089,0.762261069667773,0.6544498741316765,0.5694221848431323,0.42604968190441783,0.411206801027698,0.8827657146535088
0.08,4.214764703225806,0.8432763151827143,0.9873443991183061,0.996551587331403,0.9923065432706857,0.9553181515921995,0.9365655610547481,0.9220169745384262,0.9145268802283828,0.9080998298886711,0.8248434795746743,0.8256953361867158,0.7666550195784837,0.6592065977389867,0.5740833790416506,0.43017330825375644,0.4151923445675615,0.8851925050564321
0.081,4.257149706275141,0.8469062123613179,0.9879662226917205,0.9967597734754184,0.9927176488295755,0.9569694056538774,0.9387169122141713,0.9244705562047976,0.9171231848525722,0.9108092154684089,0.8286179483763182,0.8295060583764212,0.7709392084984537,0.6638667458193731,0.5786643533142719,0.43424168397536655,0.41912571613183147,0.8875412588109349
0.082,4.299330608186196,0.8504287239259677,0.9885536973540161,0.9969542267453421,0.9931043284413638,0.9585486749420473,0.9407809074074535,0.9268308014974382,0.9196237325674805,0.9134211773656655,0.832286488542064,0.8332088029604792,0.7751170880886767,0.6684329042572625,0.5831670034956622,0.43825588956818673,0.4230079268279592,0.8898152488863704
0.083,4.341308879663732,0.8538477141915628,0.9891089396084807,0.9971359328132703,0.9934681863836268,0.9600595930936031,0.94276168717741,0.9291018803766393,0.9220326819609729,0.9159398528675832,0.8358527718386339,0.8368073286409501,0.7791919795184974,0.6729075735574832,0.5875931682694768,0.4422169774895719,0.4268399614580818,0.8920175807282102
0.084,4.383085977316294,0.8571668837887907,0.9896339211903942,0.9973058005175255,0.9938107108344764,0.9615055843520739,0.9446631674906965,0.9312877487801126,0.9243539837763124,0.9183691766100446,0.8393203182516096,0.8403052390873386,0.7831670791173653,0.6772931720652224,0.5919446311843775,0.4461259730065358,0.43062277933434234,0.8941512023110135
0.085,4.424663343824702,0.8603897775729652,0.990130480017439,0.9974646683645412,0.9941332831106328,0.9628898771557832,0.9464890534091388,0.9333921609770369,0.9265913926077269,0.9207128917712072,0.8426925032155212,0.8437059902470492,0.7870454637647236,0.6815920390644817,0.596223122598675,0.4499838750246109,0.4343573150706459,0.8962189135044695
0.086,4.466042408108108,0.8635197921132798,0.9906003302278219,0.997613310433342,0.9944371860990578,0.9642155167477514,0.9482428518466088,0.9354186811388879,0.9287484778731016,0.9229745605853924,0.8459725644633338,0.8470128972791795,0.790830096029265,0.6858064377577817,0.6004303215549099,0.45379165689388423,0.4380444793507636,0.8982233748047125
0.087,4.507224585487708,0.8665601827855192,0.9910450713893889,0.9977524417422124,0.9947236119591393,0.9654853768841598,0.949927883476936,0.9373706941799663,0.9308286341113194,0.9251575742211946,0.8491636085161066,0.8502291411313323,0.7945238290685768,0.6899385581301519,0.604567857585886,0.45755026719195724,0.44168515967283906,0.9001671154787807
0.088,4.548211277848101,0.8695140704901332,0.9914661969547384,0.9978827231307004,0.9949936691644096,0.9667021707117511,0.9515472938535096,0.9392514159169101,0.9328350906486307,0.9272651620648328,0.8522686168326067,0.8533577747782812,0.7981294112999712,0.6939905197006906,0.6086373124538568,0.4612606304837763,0.4452802210704979,0.9020525411661615
0.089,4.589003873796369,0.8723844480164471,0.9918651020299478,0.9980047657044073,0.9952483889456861,0.9678684608786482,0.9531040637967252,0.941063902593061,0.9347709206754427,0.9293004004470722,0.8552904516376232,0.8564017291404571,0.8016494908529812,0.6979643741651251,0.6126402218246796,0.4649236480583945,0.44883050681083636,0.9038819409777683
0.09,4.629603748818897,0.8751741860726924,0.992243090517929,0.99811913488499,0.9954887311912066,0.9689866689377065,0.9546010191012629,0.9428110598103742,0.9366390497721495,0.9312662208495234,0.8582318614467743,0.8593638186993671,0.805086619813691,0.7018621079329133,0.6165780768788443,0.46854019864286867,0.4523368390696756,0.9056574941294222
0.091,4.670012265435978,0.877886039000484,0.9926013816915219,0.9982263541033337,0.9957155898537218,0.9700590840966126,0.9560408396113115,0.9444956509085798,0.9384422639200014,0.9331654176237504,0.8610954863046363,0.8622467468262234,0.8084432582707134,0.7056856445624907,0.6204523258613516,0.47211113909357505,0.45580001958451366,0.9073812761439125
0.092,4.7102307733542315,0.8805226501913566,0.9929411162461483,0.9983269081699156,0.9959297979095045,0.971087871364468,0.9574260677082855,0.9461203048285395,0.9401832170305765,0.9350006552543989,0.8638838627521186,0.8650531108392325,0.811721778172268,0.7094368470982788,0.6242643755724367,0.47563730506530577,0.4592208302856656,0.909055264652992
0.093,4.7502606096168885,0.8830865572219913,0.9932633618771113,0.9984212463528654,0.9961321319097822,0.9720750791405124,0.9587591162522622,0.9476875234941489,0.9418644380251333,0.9367744751954721,0.8665994285381267,0.8677854068042031,0.814924467003439,0.713117520313072,0.6280155928011583,0.47911951165858,0.46260003390611826,0.9106813448281478
0.094,4.79010309875195,0.8855801967238451,0.993569118422372,0.9985097851911146,0.996323316161111,0.9730226462869123,0.9600422760153122,0.9491996887447411,0.943488337492999,0.9384893023069399,0.8692445270897272,0.8704460340923599,0.8180535312923204,0.7167294128593844,0.6317073057038695,0.4825585540456301,0.46593837457066656,0.9122613144667184
0.095,4.829759552918288,0.8880059090019954,0.9938593226078213,0.9985929110672562,0.996504026567662,0.9739324087241334,0.9612777226420657,0.9506590688477071,0.945057213956157,0.9401474509170468,0.871821411754219,0.8730372997085143,0.8211110999533795,0.7202742193332803,0.6353408051295698,0.4859552080755918,0.4692365783648982,0.9137968887578435
0.096,4.8692312720496895,0.8903659424171781,0.9941348524286288,0.9986709825622639,0.9966748941652022,0.9748061055843061,0.9624675231702421,0.9520678246189722,0.9465732597653553,0.9417511305339878,0.8743322498257637,0.8755614224020292,0.8240992274760037,0.7237535822541549,0.6389173458941126,0.4893102308594156,0.4724953538846255,0.9152897047508046
0.097,4.908519543996902,0.8926624575441924,0.9943965311971685,0.9987443326120157,0.9968365083737037,0.9756453849551422,0.9636136421414576,0.9534280151770378,0.9480385666513258,0.9433024512290427,0.876779126368501,0.8780205365723401,0.8270198969658291,0.72716909396384,0.6424381480052045,0.4926243613350749,0.47571539276636143,0.916741325546582
0.098,4.947625644667697,0.8948975311190881,0.9946451312852379,0.9988132704836066,0.9969894199929654,0.976451809244368,0.9647179473303957,0.9547416033545062,0.94945513095311,0.9448034287117757,0.8791640478473935,0.8804166959801482,0.8298750230460974,0.7305222984483318,0.6459043978400962,0.4958983208136266,0.47889737019943956,0.9181532442318507
0.099,4.986550838164996,0.8970731597868378,0.994881377585779,0.9988780835876689,0.997134143963329,0.9772268601922548,0.9657822151183643,0.9560104607893428,0.95082485854399,0.9462559891165436,0.8814889455774005,0.8827518772747833,0.8326664546259435,0.7338146930853312,0.6493172492778156,0.49913281350671224,0.4820419454203825,0.9195268875731514
0.1,5.025296376923078,0.8991912636605102,0.9951059507170559,0.9989390391413527,0.9972711619115213,0.9779719435576502,0.9668081355353636,0.9572363727165835,0.9521495694741346,0.9476619735182638,0.8837556790009589,0.8850279833476536,0.8353959775421808,0.7370477303206957,0.6526778247877383,0.5023285270360685,0.4851497621901074,0.9208636194876464
0.101,5.063863501841904,0.9012536897023301,0.9953194899901943,0.998996385695206,0.9974009244997966,0.9786883935009235,0.9677973169930305,0.9584210424797646,0.9534310023477818,0.9490231421942057,0.8859660388031851,0.8872468465211409,0.8380653170808335,0.740222819276795,0.6559872164762462,0.5054861329256368,0.48822144925456024,0.922164744305621
0.102,5.102253442419602,0.903262214936402,0.9955225961591478,0.9990503545359324,0.9975238535948886,0.9793774766854126,0.9687512907292052,0.9595660957800228,0.9546708184515784,0.9503411786474599,0.888121749873656,0.8894102315817766,0.8406761403843506,0.743341327295653,0.6592464870931605,0.5086062870768351,0.49125762078935575,0.9234315098387615
0.103,5.1404674168831175,0.9052185495023055,0.9957158339704867,0.9991011609758732,0.9976403442717795,0.9800403961172828,0.9696715149833639,0.9606730846795759,0.9558706056495807,0.9516176934066981,0.8902244741231166,0.8915198386660361,0.8432300587501459,0.7464045814196633,0.6624566709995845,0.5116896302275655,0.49425887682898684,0.9246651102671924
0.104,5.178506632317074,0.9071243395582366,0.9958997345288901,0.9991490055390375,0.9977507666659379,0.9806782947421792,0.970559378920782,0.9617434913751521,0.9570318820593778,0.9528542276158786,0.8922758131629795,0.8935773060066198,0.8457286298258175,0.7494138698125425,0.6656187750987337,0.5147367883955143,0.4972258036811592,0.9258666888573046
0.105,5.216372284790875,0.9089811700418652,0.9960747974928617,0.9991940750525922,0.9978554676864587,0.9812922588156466,0.9714162063220085,0.962778731755874,0.958156099522844,0.9540522564266553,0.8942773108550224,0.8955842125466413,0.8481733597061353,0.7523704431231032,0.6687337797312635,0.517748373306282,0.5001589743267878,0.9270373405215165
0.106,5.254065559484067,0.9107905672966043,0.9962414931139357,0.9992365436518997,0.9979547726014304,0.9818833210629975,0.9722432590530548,0.9637801587591144,0.9592446468841181,0.9552131922054099,0.8962304557382639,0.8975420804287308,0.8505657049366195,0.7552755157943052,0.6718026395365722,0.5207249828068977,0.5030589488061801,0.9281781142303074
0.107,5.291587630809993,0.9125540015705358,0.9964002641315269,0.9992765737064468,0.9980489865058594,0.9824524636431263,0.9730417403306024,0.9647490655369272,0.9602988530865799,0.956338387566051,0.8981366833395921,0.8994523773656584,0.8529070744282927,0.7581302673199527,0.6748262842814667,0.5236672012652185,0.5059262745919173,0.9292900152861047
0.108,5.328939662537765,0.9142728893948264,0.996551527534543,0.9993143166733405,0.9981383956815761,0.9830006209296787,0.9738127977955336,0.965686688444807,0.9613199900998157,0.9574291382390016,0.899997378374339,0.901316518898714,0.8551988312879452,0.7609358434513037,0.6778056196575551,0.5265755999557307,0.5087614869489233,0.9303740074679298
0.109,5.366122807912586,0.9159485958480662,0.996695676199957,0.9993499138844428,0.9982232688577327,0.9835286821219841,0.9745575264071418,0.9665942098637416,0.9623092756868412,0.9584866857861178,0.9018138768426451,0.9031358705497291,0.8574422945680369,0.7636933573557654,0.6807415280486546,0.5294507374322508,0.5115651092822023,0.9314310150550669
0.11,5.403138209774436,0.9175824367125907,0.9968330804176847,0.9993834972726715,0.998303858379755,0.9840374936972396,0.9752769711695268,0.9674727608657877,0.9632678760211825,0.9595122201706603,0.9035874680271087,0.904911749872289,0.8596387409401423,0.766403890729745,0.6836348692694605,0.5322931598879949,0.5143376534727035,0.9324619247374315
0.111,5.43998700067517,0.9191756805285064,0.9969640893103463,0.999415190042499,0.9983804012939459,0.9845278617145871,0.9759721297008727,0.9683234237327232,0.9641969081627845,0.9605068821908449,0.9053193963969152,0.9066454284073788,0.861789406295643,0.7690684948676536,0.686486481276667,0.5351034015034852,0.5170796202017632,0.9334675874197844
0.112,5.476670302994013,0.9207295505508031,0.9970890321557883,0.9994451072892384,0.998453120354321,0.985000553980947,0.9766439546555659,0.9691472343366903,0.9650974424011419,0.9614717657849667,0.9070108634233333,0.9083381335484091,0.8638954872771862,0.7716881916889529,0.6892971808536854,0.5378819847827438,0.5197914992645496,0.934448819926429
0.113,5.513189229051531,0.9222452266146324,0.9972082196196012,0.9994733565713012,0.9985222249577059,0.9854563020877547,0.9772933560084303,0.9699451843911636,0.9659705044734985,0.9624079202155704,0.9086630293111888,0.9099910503202865,0.865958142744234,0.7742639747250664,0.6920677642700477,0.5406294208782016,0.5224737698729287,0.9354064066125759
0.114,5.549544881222058,0.9237238469135445,0.9973219449042873,0.9995000384392448,0.998587912012619,0.9858958033270836,0.9779212032097161,0.9707182235800259,0.9668170776654632,0.9633163521396769,0.9102770146506707,0.9116053230769428,0.8679784951758733,0.7767968100678873,0.6947990079165474,0.5433462099047447,0.5251269009481498,0.9363411008881308
0.115,5.5857383520446104,0.9251665096952002,0.9974304848211978,0.9995252469250966,0.9986503667470038,0.9863197224950304,0.9785283272188932,0.9714672615720272,0.9676381048009176,0.9641980275716285,0.9118539019935703,0.9131820571214825,0.8699576320138773,0.7792876372815415,0.6974916689171184,0.5460328412433024,0.5277513514037336,0.9372536266592685
0.116,5.621770724332345,0.926574274878819,0.9975341007908736,0.9995490699951433,0.9987097634594597,0.986728693589678,0.9791155224247542,0.9721931699274317,0.9684344901276521,0.9650538737447053,0.9133947373578264,0.9147223202528801,0.8718966069488617,0.7817373702789883,0.7001464857184129,0.5486897938343631,0.5303475704189369,0.9381446796927905
0.117,5.657643071280533,0.9279481655983886,0.9976330397769786,0.9995715899690968,0.998766266218237,0.9871233214104274,0.9796835484588267,0.9728967839032165,0.9692071011047639,0.9658847808772826,0.9149005316640338,0.9162271442429444,0.8737964411522362,0.7841468981649674,0.7027641786579903,0.5513175364617939,0.532915997703144,0.9390149289079295
0.118,5.693356456573118,0.9292891696754292,0.9977275351586071,0.9995928839083041,0.9988200295119144,0.9875041830650199,0.9802331319086237,0.9735789041627773,0.9699567700974655,0.9666916038489373,0.9163722621073636,0.9176975262470546,0.8756581244565037,0.7865170860467386,0.7053454505120037,0.553916528027328,0.5354570637515339,0.9398650175999498
0.119,5.728911934487841,0.930598241024899,0.9978178075453751,0.9996130239754402,0.9988711988553632,0.9878718293901186,0.9807649679368281,0.9742402983957134,0.9706842959846003,0.9674751637915809,0.9178108734681545,0.9191344301519901,0.8774826164863381,0.7888487758139875,0.7078909870232151,0.5564872178160616,0.5379711900923452,0.9406955645996028
0.12,5.76431055,0.9318763009976243,0.9979040655393633,0.9996320777679186,0.9989199113543101,0.9882267862909194,0.9812797218121021,0.9748817028529149,0.9713904456838328,0.9682362496003823,0.9192172793642542,0.9205387878639834,0.8792708477427407,0.7911427868892134,0.7104014574101468,0.5590300457532997,0.540458789526062,0.9415071653722316
0.121,5.799553338884814,0.9331242396624511,0.9979865064476672,0.9996501086270699,0.9989662962315483,0.9885695560048747,0.9817780303568355,0.9755038238018368,0.9720759555991704,0.9689756193689506,0.9205923634480165,0.921911500539964,0.8810237206424612,0.7933999169498545,0.712877514858135,0.5615454426530702,0.5429202663568142,0.9423003930600644
0.122,5.8346413278184475,0.9343429170311397,0.9980653169490233,0.9996671759249637,0.999010475317604,0.9889006182942722,0.9822605033168025,0.9761073389065454,0.9727415329951861,0.9696940017529804,0.9219369805507045,0.9232534397647948,0.8827421105147576,0.7956209426233468,0.7153197969930203,0.5640338304586151,0.5453560166162987,0.9430757994710144
0.123,5.869575534477721,0.9355331642288547,0.9981406737177166,0.9996833353305983,0.999052563508444,0.9892204315720804,0.9827277246573675,0.9766928985368278,0.9733878573020456,0.970392097266303,0.9232519577768943,0.9245654486771516,0.8844268665574617,0.7978066201562576,0.7177289263381744,0.5664956224751558,0.5477664282804808,0.9438339160170774
0.124,5.904356967638484,0.9366957846129508,0.9982127440077325,0.9996986390570402,0.999092669192609,0.9895294339651765,0.9831802537905834,0.9772611270103928,0.9740155813551885,0.9710705795130511,0.9245380955513387,0.9258483430465545,0.8860788127542218,0.7999576860585877,0.7201055107555363,0.5689312235952184,0.550151881479365,0.94457525460523
0.125,5.938986627272728,0.9378315548426039,0.998281686199896,0.9997131360909645,0.9991308946499718,0.9898280443187962,0.983618626737244,0.97781262377194,0.9746253325732821,0.9717300963594225,0.9257961686206109,0.9271029123039249,0.8876987487546949,0.8020748577242818,0.7224501438712996,0.5713410305167927,0.5525127487000798,0.9453003084835423
0.126,5.973465504644413,0.9389412259017007,0.9983476503145348,0.9997268724059326,0.9991673364241463,0.990116663145783,0.9840433572276917,0.9783479645126406,0.9752177140778432,0.9723712710483193,0.9270269270117276,0.9283299205279156,0.8892874507193755,0.8041588340289387,0.724763405486861,0.5737254319545915,0.554849394983527,0.9460095530450425
0.127,6.007794582404056,0.9400255240772695,0.9984107784920158,0.999739891160632,0.9992020856704235,0.9903956735239802,0.984454937744939,0.978867702233357,0.9757933057577239,0.9729947032599456,0.9282310969498282,0.9295301073891389,0.8908456721306628,0.8062102959056724,0.7270458619756188,0.5760848088446537,0.557162178114834,0.9467034465917166
0.128,6.041974834682081,0.9410851518956119,0.9984712054433335,0.9997522328832086,0.9992352284809619,0.9906654419448874,0.9848538405134376,0.9793723682547251,0.9763526652814634,0.9736009701212642,0.9294093817368817,0.9307041890543106,0.892374144571685,0.8082299069000276,0.7292980666661837,0.5784195345425491,0.5594514488078384,0.9473824310608752
0.129,6.076007227180967,0.9421207890181803,0.9985290588727666,0.9997639356427293,0.9992668461888325,0.9909263191164948,0.9852405184366182,0.9798624731770322,0.9768963290603273,0.9741906271670417,0.9305624625932825,0.9318528590522158,0.89387357847433,0.8102183137048158,0.7315205602125328,0.580729975015402,0.5617175508838175,0.9480469327159822
0.13,6.109892717266188,0.9431330930991343,0.998584459874474,0.9997750352087306,0.9992970156523948,0.9911786407230201,0.9856154059861254,0.9803385077926497,0.9774248131646941,0.9747642092550536,0.9316909994640994,0.9329767891033052,0.8953446638378538,0.8121761466756938,0.7337138709516247,0.583016489027971,0.5639608214446801,0.9486973628039025
0.131,6.143632254055995,0.9441227006064131,0.998637523304768,0.9997855651997337,0.9993258095213722,0.9914227281440979,0.9859789200454957,0.9808009439536086,0.9779386141962847,0.9753222314378687,0.9327956317916523,0.9340766299146367,0.8967880709193745,0.8141040203282776,0.735878515248965,0.5852794283229918,0.5661815910408177,0.9493341181804185
0.132,6.17722677851003,0.9450902276080564,0.998688358131674,0.999795557221539,0.9993532964858922,0.9916588891358014,0.9863314607108489,0.981250235396758,0.9784382101185913,0.9758651897934958,0.9338769792559979,0.9351530119417852,0.898204450897494,0.8160025338175381,0.7380149978325876,0.5875191377959934,0.5683801838338056,0.9499575819057428
0.133,6.210677223516798,0.9460362705254198,0.998737067763275,0.9998050409960451,0.9993795415096612,0.9918874184757261,0.98667341205101,0.981686818528796,0.9789240610477195,0.9763935622170403,0.9349356424848273,0.9362065461192627,0.8995944365102295,0.8178722714002032,0.7401238121159066,0.5897359556647834,0.5705569177541489,0.950568123811652
0.134,6.243984513980029,0.9469614068548463,0.9987837503562289,0.9998140444812855,0.9994046060483611,0.9921085985742271,0.9870051428293279,0.9821111131733296,0.9793966100057304,0.9769078091753987,0.9359722037341994,0.9372378245609079,0.9009586426683766,0.8197138028808484,0.7422054405098637,0.5919302136337969,0.5727121046542365,0.9511661010417709
0.135,6.2771495669039155,0.9478661958592683,0.9988284991057534,0.9998225939833176,0.9994285482542712,0.9923227000537584,0.9873270071893185,0.9825235232819939,0.9798562836384526,0.9774083744269011,0.936987227541459,0.9382474212316336,0.9022976670453765,0.8215276840423347,0.7442603547247854,0.5941022370534874,0.5748460504566917,0.9517518585664407
0.136,6.310173291477273,0.948751179231145,0.9988714025182778,0.9998307142605519,0.999451423168049,0.9925299822981506,0.987639345306132,0.9829244376115401,0.9803034928996126,0.977895685707705,0.9379812613516212,0.9392358925918453,0.9036120906447037,0.823314457061217,0.7462890160623368,0.5962523450749369,0.5769590552982669,0.9523257296735265
0.137,6.343056589156627,0.949616881728063,0.9989125446678797,0.9998384286210642,0.9994732828985352,0.9927306939735404,0.9879424840057227,0.983314230368694,0.9807386337030368,0.9783701553866412,0.9389548361184377,0.9402037782157808,0.9049024783457432,0.8250746509087283,0.7482918756979605,0.5983808507998569,0.579051413669451,0.9528880364364267
0.138,6.375800353748232,0.950463811782262,0.998952005437548,0.9998457590133928,0.9994941767913819,0.9929250735225638,0.9882367373534865,0.9836932618244767,0.9811620875445696,0.9788321810901178,0.9399084668812966,0.9411516013849557,0.9061693794290786,0.8268087817379034,0.7502693749541481,0.6004880614261365,0.5811234145499344,0.9534390901604897
0.139,6.408405471489062,0.9512924620852827,0.998989860746239,0.9998527261112827,0.9995141515872535,0.9931133496333185,0.988522407214026,0.9840618788995894,0.9815742220952638,0.9792821462985981,0.9408426533190529,0.9420798696578412,0.9074133280820733,0.8285173532573966,0.7522219455648959,0.602574278389099,0.583175341540082,0.9539791918089575
0.14,6.440872821126762,0.9521033101488738,0.9990261827626271,0.9998593493928066,0.9995332515702879,0.9932957416845173,0.9887997837836046,0.9844204157223662,0.9819753917673134,0.979720420916084,0.9417578802818278,0.9429890754168416,0.9086348438855774,0.8302008570925126,0.7541500099316762,0.6046397974986115,0.5852074729885461,0.9545086324094986
0.141,6.473203273998594,0.9528968188432365,0.9990610401063932,0.9998656472142579,0.9995515187074632,0.9934724601681556,0.9890691460967591,0.9847691941607147,0.9823659382541094,0.9801473618139579,0.9426546183017661,0.9438796963935913,0.9098344322825609,0.8318597731339523,0.7560539813712379,0.6066849090721963,0.587220082116162,0.9550276934423332
0.142,6.505397694109398,0.9536734369136306,0.99909449803783,0.9998716368791825,0.9995689927794649,0.9936437070909475,0.9893307625084532,0.9851085243293866,0.9827461910457326,0.9805633133504621,0.9435333240836887,0.9447521961735326,0.9110125850294318,0.833494569874752,0.75793426435554,0.6087098980642762,0.5892134371362479,0.9555366472108862
0.143,6.537456938208538,0.9544335994763187,0.9991266186364979,0.9998773347028902,0.9995857115036116,0.9938096763556982,0.9895848911530722,0.9854387050738397,0.9831164679211138,0.9809686078670233,0.9443944409765332,0.9456070246806965,0.9121697806307637,0.8351057047358723,0.7597912547441102,0.6107150441916928,0.5911878013714351,0.9560357571958645
0.144,6.569381855865922,0.9551777284947693,0.999157460969611,0.9998827560727582,0.9996017106493535,0.9939705541237167,0.9898317803814876,0.9857600244318875,0.9834770754180338,0.9813635661625648,0.945238399426431,0.9464446186435553,0.9133064847581223,0.8366936243808752,0.7616253400091049,0.6127006220556168,0.5931434333671477,0.9565252783935897
0.145,6.601173289547039,0.9559062332370021,0.9991870812507897,0.9998879155046182,0.9996170241468243,0.994126519159306,0.9900716691773442,0.9860727600742603,0.9838283092820634,0.9817484979468878,0.9460656174122248,0.947265402042782,0.9144231506536532,0.8382587650201111,0.7634368994533395,0.6146669012599855,0.5950805870018466,0.9570054576393837
0.146,6.632832074687066,0.956619510714909,0.9992155329897721,0.9998928266954981,0.9996316841888957,0.994277743157301,0.9903047875536604,0.9863771797251437,0.984170454895489,0.982123702274145,0.9468765008641975,0.948069786541701,0.915520219519054,0.8398015527048106,0.7652263044215426,0.6166141465265689,0.5969995115941433,0.9574765339167473
0.147,6.6643590397640535,0.957317946106347,0.999242867133641,0.9998975025729675,0.9996457213271492,0.9944243910545736,0.9905313569307644,0.9866735415637,0.9845037876872087,0.9824894679573726,0.9476714440667378,0.9488581719001868,0.9165981208905348,0.8413224036114718,0.7669939185050823,0.6185426178067923,0.5989004520068948,0.957938738653045
0.148,6.695755006371192,0.958001913160759,0.9992691322000812,0.9999019553413189,0.9996591645621541,0.994566621326366,0.990751590496539,0.9869620946075206,0.9848285735245341,0.9828460739649981,0.9484508300456397,0.9496309463727229,0.9176572730003355,0.8428217243169047,0.7687400977403949,0.6204525703904168,0.6007836487483746,0.9583922960023524
0.149,6.727020789288183,0.9586717745890407,0.9992943744031529,0.9999061965248,0.9996720414284131,0.9947045862682626,0.9909656935498832,0.9872430790789088,0.98514506908778,0.9831937898001916,0.9492150309406968,0.9503884870913027,0.9186980831253478,0.8442999120642898,0.770465190801349,0.6223442550111828,0.6026493380706247,0.9588374231161082
0.15,6.758157196551725,0.9593278824383413,0.9993186377720333,0.9999102370080971,0.9996843780743129,0.9948384322645667,0.9911738638282536,0.9875167267548429,0.9854535222284773,0.983532875863881,0.9499644083642186,0.9511311604338217,0.9197209479233626,0.8457573550205821,0.7721695391857524,0.6242179179495184,0.6044977520650734,0.9592743304021513
0.151,6.789165029525121,0.959970578452446,0.999341964263148,0.999914087074255,0.999696199337393,0.9949683000437997,0.9913762918201003,0.9877832613014205,0.985754172312003,0.983863583802212,0.9506993137460702,0.9518593223785784,0.9207262537574407,0.8471944325255907,0.7738534773962185,0.6260738011324117,0.6063291187555173,0.9597032217727207
0.152,6.820045082967033,0.9606001944183644,0.9993643938660902,0.9999177564402043,0.999707528815228,0.9950943249220018,0.9915731610629624,0.9880428985935454,0.9860472505453733,0.9841861568391872,0.9514200886658061,0.9525733188454725,0.9217143770088814,0.8486115153330349,0.775517333115583,0.6279121422305336,0.608143662188549,0.9601242948819387
0.153,6.850798145099384,0.9612170524997123,0.9993859647036955,0.9999212542900584,0.9997183889321947,0.9952166370344747,0.9917646484279485,0.9882958470205769,0.9863329802909133,0.9845008300951883,0.9521270651724407,0.9532734860244605,0.9226856843792435,0.850008965843881,0.7771614273770698,0.6297331747527107,0.609941602521515,0.9605377413532884
0.154,6.881424997674419,0.9618214655574542,0.9994067131266209,0.9999245893063261,0.9997288010023813,0.9953353615565658,0.9919509243912886,0.9885423077786195,0.9866115773664734,0.9848078308920396,0.952820566092376,0.9539601506918057,0.9236405331818532,0.8513871383322386,0.7787860747293838,0.631537128137823,0.6117231561080856,0.9609437469975606
0.155,6.911926416040956,0.9624137374585375,0.999426673802752,0.9999277696991807,0.9997387852888754,0.9954506189140645,0.9921321532936027,0.9887824751501002,0.9868832503328315,0.9851073790452464,0.9535009053259782,0.9546336305146295,0.9245792716232134,0.8527463791640911,0.7803915833969106,0.6333242278442218,0.6134885355815136,0.9613424920217187
0.156,6.9423031692098105,0.9629941633729355,0.9994458798017407,0.9999308032339114,0.9997483610596556,0.9955625249837476,0.9923084935875002,0.9890165367712433,0.9871482007688852,0.9853996871440016,0.9541683881332778,0.9552942343442516,0.9255022390747089,0.8540870270091213,0.7819782554351902,0.6350946954367356,0.6152379499356527,0.9617341512291151
0.157,6.972556019918424,0.9635630300595811,0.9994643626749622,0.9999336972566786,0.9997575466402931,0.9956711912845769,0.9924800980740852,0.9892446738880197,0.987406623535207,0.9856849608195293,0.954823311409239,0.9559422624987839,0.9264097663349901,0.8554094130458822,0.783546386881829,0.6368487486713514,0.6169716046038143,0.9621188942114594
0.158,7.002685724694709,0.9641206161416601,0.9994821525311534,0.9999364587186835,0.9997663594636592,0.995776725160029,0.9926471141289189,0.9894670616011203,0.987658707026506,0.9859633990023006,0.9554659639490309,0.9565780070354174,0.9273021758833947,0.8567138611605528,0.7850962679030057,0.63858660157764,0.6186897015355244,0.9624968855329238
0.159,7.032693033920109,0.9646671923717043,0.9994992781079873,0.9999390941988546,0.9997748161168188,0.9958792299520075,0.9928096839179531,0.9896838691004728,0.9879046334135132,0.9862351941686343,0.9560966267037062,0.9572017520128272,0.9281797821247559,0.8580006881395105,0.7866281829357202,0.6403084645389958,0.6203924392712505,0.9628682849067531
0.16,7.0625786918918925,0.9652030218869085,0.999515766839816,0.9999416099251494,0.9997829323852828,0.9959788051667636,0.9929679446039269,0.9898952598897944,0.9881445788747782,0.9865005325771655,0.9567155730266803,0.9578137737440975,0.9290428916259272,0.859270203855941,0.7881424108259327,0.6420145443707661,0.622080013015164,0.9632332473647199
0.161,7.092343436884693,0.9657283604550755,0.9995316449218028,0.9999440117945587,0.999790723294775,0.996075546633228,0.9931220285436901,0.9901013920016467,0.9883787138188439,0.9867595944956434,0.9573230689113834,0.9584143410405508,0.9298918033443441,0.8605227114506959,0.7896392249627278,0.643705044396329,0.6237526147059966,0.9635919234197535
0.162,7.121988001211307,0.9662434567115707,0.9995469373706501,0.9999463053918999,0.9997982031506669,0.9961695466541339,0.9932720634768911,0.9903024182034376,0.9886072030972386,0.9870125544184947,0.95791937322044,0.9590037154468494,0.9307268088489222,0.8617585075076053,0.7911188934086404,0.6453801645211881,0.6254104330860512,0.96394445922206
0.163,7.151513111282742,0.9667485523876582,0.9995616680821185,0.9999484960074732,0.9998053855752144,0.9962608941502915,0.9934181727064464,0.9904984861947903,0.9888302062087072,0.9872595812755692,0.9585047379067178,0.9595821514677194,0.9315481925335883,0.8629778822234379,0.7925816790262709,0.6470401013051459,0.6270536537684255,0.9642909967090161
0.164,7.180919487667562,0.9672438825305655,0.9995758598855166,0.9999505886536585,0.9998122835427321,0.9963496747983533,0.993560475271185,0.9906897387966771,0.989047877495076,0.987500838632464,0.9590794082265693,0.9601498967866341,0.9323562318237173,0.8641811195726969,0.7940278396013104,0.6486850480326124,0.6286824593025034,0.9646316737491325
0.165,7.210207845150503,0.9677296757156131,0.9995895345953355,0.9999525880805153,0.9998189094128247,0.9964359711623921,0.9936990861110422,0.9908763141326994,0.9892603663291337,0.9877364848827982,0.9596436229455778,0.9607071924767739,0.9331511973757456,0.8653684974674343,0.7954576279620997,0.6503151947811083,0.630297029237765,0.9649666242803361
0.166,7.239378892790389,0.9682061542507302,0.999602713060187,0.9999544987904532,0.9998252749617897,0.9965198628195969,0.993834116225154,0.9910583458028722,0.9894678172948836,0.9879666734328,0.9601976145371024,0.9612542732045726,0.9339333532702154,0.8665402879122533,0.7968712920958307,0.6519307284880177,0.6318975401859704,0.9652959784428403
0.167,7.268433333977349,0.9686735343736594,0.9996154152091968,0.9999563250520286,0.9998313914123007,0.9966014264803735,0.9939656728231914,0.9912359630502547,0.9896703703605136,0.9881915528785434,0.9607416093739085,0.9617913674261401,0.934702957198495,0.8676967571546692,0.7982690752615044,0.6535318330156451,0.6334841658817654,0.9656198627068299
0.168,7.297371866489363,0.969132026442145,0.9996276600959958,0.9999580709129249,0.999837269461471,0.9966807361031227,0.9940938594702489,0.9914092909207535,0.9898681610444051,0.9884112671761589,0.9612758279131518,0.9623186975768425,0.9354602606434081,0.8688381658309842,0.7996512160997488,0.6551186892146224,0.6350570772417523,0.9659383999951996
0.169,7.326195182548109,0.9695818351173827,0.999639465940441,0.9999597402121663,0.9998429193073909,0.9967578630039557,0.9942187762255921,0.9915784504164044,0.9900613205744915,0.9886259558053252,0.9618004848749775,0.9628364802543066,0.936205509054,0.8699647691078347,0.8010179487396007,0.656691474985725,0.6366164424220824,0.9662517098015553
0.17,7.354903968874174,0.9700231595409982,0.9996508501681944,0.999961336591613,0.999848350674229,0.9968328759615896,0.9943405197755489,0.9917435586424286,0.9902499760412612,0.9888357539263369,0.962315789414981,0.9633449263951057,0.9369389420146539,0.8710768168195552,0.8023695029023468,0.6582503653401348,0.6381624268746023,0.9665599083036898
0.171,7.383498906741575,0.9704561935058091,0.9996618294482755,0.9999628635067835,0.9998535728359794,0.9969058413176547,0.9944591835608173,0.9919047289483416,0.9904342505446839,0.9890407925310252,0.9628219452907689,0.963844241445371,0.9376607934087652,0.8721745536015016,0.8037061040025198,0.6597955324582043,0.6396951934016066,0.966863108472727
0.172,7.411980672031662,0.9708811256206156,0.9996724197287001,0.9999643242370451,0.9998585946389336,0.9969768230726351,0.9945748578984462,0.9920620710633783,0.9906142633353263,0.9892411985877982,0.963319151022846,0.9643346255255618,0.938371291577172,0.8732582190194729,0.8050279732461431,0.66132714574676,0.6412149022092333,0.9671614201781241
0.173,7.440349935286373,0.9712981394692509,0.9996826362703092,0.9999657218952106,0.9998634245229486,0.9970458829776487,0.9946876300987365,0.9922156912264888,0.9907901299499117,0.9894370951810547,0.9638076000500468,0.9648162735896226,0.9390706594715316,0.8743280476953584,0.8063353277263045,0.6628453718949949,0.6427217109595434,0.9674549502887052
0.174,7.468607361760841,0.9717074137641186,0.9996924936788878,0.9999670594365816,0.9998680705415826,0.9971130806222648,0.9947975845772934,0.992365692311144,0.9909619623415648,0.9896286016452112,0.9642874808797182,0.965289375578737,0.9397591148028257,0.8753842694291425,0.8076283805161544,0.6643503749289852,0.6442157748213245,0.9677438027698995
0.175,7.49675361147541,0.9721091224944257,0.9997020059356649,0.9999683396674663,0.9998725403811596,0.9971784735185458,0.9949048029624509,0.9925121739451794,0.9911298690049706,0.9898158336935727,0.9647589772328545,0.9657541165698873,0.9404368701851701,0.8764271093173815,0.8089073407593973,0.6658423162648741,0.6456972465196527,0.9680280787773482
0.176,7.5247893392670155,0.9725034350693202,0.9997111864262834,0.9999695652532103,0.9998768413788268,0.9972421171814929,0.9950093641982802,0.9926552326258945,0.9912939550966685,0.9899989035422678,0.965222268184374,0.9662106769194163,0.9411041332750953,0.8774567878682777,0.810172413758366,0.667321354760765,0.6471662763842521,0.9683078767470237
0.177,7.5527151948399744,0.9728905164561278,0.9997200479683215,0.9999707387257654,0.9998809805396596,0.9973040652060601,0.9951113446433801,0.9927949618306147,0.9914543225506874,0.990177920029454,0.9656775282987201,0.9666592324017791,0.9417611069064625,0.8784735211134551,0.8114238010597464,0.6687876467673539,0.6486230123966857,0.9685832924820192
0.178,7.580531822816167,0.9732705273138723,0.999728602837443,0.9999718624908266,0.9998849645528674,0.9973643693409003,0.9952108181656392,0.9929314521229136,0.9916110701897243,0.9903529887299952,0.9661249277609639,0.9670999543436658,0.9424079892211652,0.8794775207165524,0.8126617005380312,0.6702413461773445,0.6500676002364096,0.9688544192361414
0.179,7.608239862784646,0.9736436241222651,0.9997368627922516,0.999972938834563,0.9998887998071535,0.9974230795589938,0.9953078562331513,0.9930647912546822,0.9917642938320523,0.9905242120658003,0.9665646325035726,0.9675330097536692,0.9430449737957703,0.8804689940787325,0.813886306476768,0.6716826044736761,0.6515001833257258,0.9691213477944411
0.18,7.6358399493506495,0.9740099593063296,0.9997448390979156,0.9999739699299675,0.9998924924052724,0.9974802441253015,0.9954025280014557,0.9931950642642247,0.9919140863943422,0.9906916894120036,0.9669968043290084,0.9679585614476622,0.9436722497642379,0.8814481444412114,0.8150978096476748,0.6731115707766018,0.6529209028736624,0.9693841665508102
0.181,7.663332712184057,0.9743696813568296,0.9997525425486294,0.9999749578428468,0.9998960481778325,0.9975359096615835,0.9954949003972638,0.9933223535705512,0.9920605379905673,0.9908555171991617,0.9674216010283095,0.9683767681700457,0.9442900019368592,0.8824151709849043,0.8162963973876838,0.6745283918896465,0.6543298979188155,0.9696429615827618
0.182,7.69071877606727,0.9747229349466574,0.9997599834889743,0.9999759045374751,0.9998994726963837,0.9975901212085099,0.9955850381988299,0.99344673906403,0.9922037360271581,0.9910157890116297,0.9678391764958024,0.9687877847110173,0.9448984109155423,0.8833702689272779,0.8174822536739788,0.6759332123444786,0.6557273053711756,0.9698978167235134
0.183,7.717998760942543,0.9750698610433343,0.9997671718342337,0.99997681188193,0.9999027712858306,0.9976429222851882,0.9956730041131122,0.9935682981935531,0.9923437652945615,0.9911725956822767,0.9682496808400868,0.9691917620200098,0.9454976532055759,0.8843136296165045,0.8186555591970872,0.6773261744447252,0.6571132600529752,0.9701488136314838
0.184,7.745173281958763,0.9754105970177671,0.9997741170897205,0.9999776816531303,0.9999059490362088,0.997694354946226,0.9957588588498657,0.993687106050364,0.992480708055357,0.9913260253836891,0.9686532604914287,0.9695888473154377,0.9460879013239895,0.8852454406230003,0.8198164914320858,0.6787074183087614,0.658487894738579,0.9703960318573026
0.185,7.772242949517684,0.9757452767494006,0.9997808283691666,0.9999785155415934,0.9999090108138572,0.9977444598364379,0.9958426611928006,0.9938032354486888,0.9926146441290703,0.9914761637160063,0.9690500583056937,0.9699791841908874,0.9466693239046287,0.8861658858284317,0.8209652247079745,0.6800770819114974,0.6598513401934447,0.970639548908441
0.186,7.799208369319642,0.9760740307278997,0.9997873144122228,0.9999793151559285,0.9999119612720216,0.997793276243306,0.9959244680679342,0.9939167570033024,0.9927456509738211,0.9916230937915269,0.9694402136649438,0.9703629127178796,0.9472420858000583,0.8870751455122728,0.8221019302752763,0.6814353011252006,0.6612037252121805,0.9708794403115517
0.187,7.826070142408713,0.9763969861514874,0.9997935836011171,0.9999800820270809,0.9999148048609193,0.9978408421472926,0.9960043346092574,0.9940277392041618,0.9928738037649371,0.9917668963162138,0.9698238625748201,0.9707401695453297,0.9478063481804019,0.8879733964359886,0.8232267763719144,0.6827822097593701,0.6625451766557271,0.971115779672617
0.188,7.852828865217391,0.9767142670220642,0.9997996439765134,0.9999808176123426,0.9999175458372938,0.9978871942701014,0.9960823142218318,0.9941362484882247,0.9929991754706566,0.9919076496682272,0.9702011377588241,0.971111087995822,0.9483622686292201,0.8888608119249196,0.8243399282874178,0.6841179395996944,0.6638758194876827,0.9713486387349876
0.189,7.879485129610721,0.9770259942372231,0.9998055032526111,0.9999815232991427,0.9999201882734875,0.9979323681209793,0.9961584586424282,0.9942423493085738,0.9931218369250396,0.9920454299736022,0.9705721687496108,0.971475798158815,0.9489100012365304,0.8897375619479412,0.8254415484255054,0.685442620446116,0.6651957768097974,0.9715780874353964
0.19,7.906039522929937,0.9773322856792768,0.9998111688315268,0.9999822004086303,0.9999227360660593,0.9979763980411455,0.9962328179978115,0.9943461042009557,0.9932418568982,0.9921803111791869,0.9709370819773996,0.9718344269808862,0.9494496966890633,0.8906038131949651,0.8265317963650959,0.68675638015003,0.6665051698966624,0.9718041939580292
0.191,7.932492628035601,0.9776332563014012,0.9998166478169929,0.9999828501990612,0.9999251929439692,0.9980193172464303,0.9963054408607712,0.9944475738478415,0.9933593021639676,0.9923123651229503,0.9712960008556023,0.9721870983531211,0.949981502357848,0.8914597291523518,0.8276108289197891,0.6880593446506336,0.6678041182296088,0.9720270247867275
0.192,7.958845023350255,0.9779290182110046,0.9998219470274076,0.9999834738690015,0.999927562476355,0.9980611578682024,0.9963763743039954,0.9945468171401114,0.9934742375650851,0.9924416616017642,0.9716490458637718,0.9725339331957498,0.9505055623832162,0.8923054701762985,0.8286788001958644,0.6893516380104567,0.669092739529845,0.9722466447553947
0.193,7.985097282900571,0.9782196807504172,0.9998270730082711,0.9999840725603575,0.999929848079922,0.9981019509926595,0.9964456639518771,0.9946438912364588,0.9935867260760366,0.9925682684367598,0.9719963346279599,0.9728750495401248,0.951022017757312,0.8931411935642624,0.8297358616488388,0.6906333824500925,0.6703711497908469,0.9724631170966787
0.194,8.011249976359041,0.9785053505750007,0.9998320320440375,0.9999846473612403,0.9999320530259673,0.9981417266985548,0.9965133540303417,0.9947388516206093,0.9936968288636033,0.9926922515363547,0.9723379819985791,0.973210562608138,0.9515310064041885,0.8939670536244847,0.830782162138626,0.6919046983821485,0.6716394633100251,0.9726765034889963
0.195,8.037303669085174,0.9787861317287676,0.999836830169411,0.9999851993086789,0.9999341804470554,0.9981805140934261,0.9965794874147778,0.9948317521564393,0.9938046053452388,0.9928136749570405,0.9726741001258534,0.9735405848891618,0.9520326632575715,0.8947832017436683,0.8318178479833362,0.6931657044444377,0.6728977927196862,0.9728868641019635
0.196,8.063258922166249,0.9790621257176004,0.9998414731801171,0.9999857293911857,0.9999362333433667,0.9982183413483925,0.9966441056761499,0.9949226451410826,0.9939101132453468,0.9929326009620221,0.9730047985329423,0.9738652262146055,0.9525271203363674,0.8955897864528684,0.832843063011758,0.6944165175324375,0.6741462490173082,0.9730942576402893
0.197,8.089116292457575,0.9793334315801554,0.999845966643172,0.9999862385511855,0.9999382145887341,0.9982552357315811,0.996707249125371,0.9950115813561046,0.9940134086495483,0.9930490900777871,0.9733301841868187,0.9741845938301645,0.9530145068179896,0.8963869534916491,0.833857948614557,0.695657252831024,0.6753849415951446,0.9732987413862014
0.198,8.114876332622334,0.9796001459565309,0.9998503159066775,0.9999867276873159,0.9999401269363845,0.9982912236402428,0.9967689568560033,0.9950986101168191,0.9941145460570145,0.9931632011486923,0.9736503615669776,0.9744987924658483,0.9534949491095732,0.8971748458705591,0.8348626437942291,0.6968880238455122,0.6766139782691813,0.9735003712404457
0.199,8.140539591170945,0.9798623631547814,0.9998545261091629,0.9999871976566034,0.9999419730244001,0.998326330631612,0.996829266785361,0.9951837793198266,0.9942135784309419,0.9932749913896383,0.9739654327320504,0.9748079244038574,0.9539685709171478,0.8979536039319763,0.8358572852138446,0.6981089424320108,0.6778334653074576,0.9736992017619277
0.2,8.1661066125,0.9801201752153512,0.9998586021884981,0.9999876492765273,0.9999437553809162,0.9983605814525649,0.9968882156940757,0.9952671354888407,0.9943105572472442,0.9933845164369094,0.9742754973843969,0.9751120895443887,0.9544354933128347,0.8987233654093705,0.8368420072446147,0.6993201188271172,0.679043507457768,0.9738952862060367
0.201,8.191577936930756,0.9803736719735004,0.9998625488903983,0.9999880833269718,0.9999454764290646,0.9983940000681272,0.9969458392641918,0.9953487238188716,0.9944055325415265,0.9934918303972485,0.9745806529327422,0.9754113854694358,0.9548958348001311,0.8994842654850312,0.8378169420123153,0.7005216616769618,0.6802442079747658,0.9740886765617062
0.202,8.216954100747198,0.9806229411197924,0.9998663707765396,0.9999885005520777,0.9999471384916822,0.9984266096888799,0.9970021721158489,0.9954285882188323,0.9944985529544136,0.9935969858952333,0.9748809945529266,0.9757059075046559,0.9553497113773434,0.9002364368463073,0.8387822194426005,0.7017136780656283,0.6814356686464784,0.9742794235872586
0.203,8.242235636233687,0.9808680682587119,0.9998700722323062,0.9999889016619957,0.99994874379579,0.9984584327973093,0.9970572478426101,0.9955067713526282,0.9945896657752905,0.9937000341190207,0.9751766152468311,0.9759957487793665,0.9557972365992294,0.9009800097403994,0.8397379673052338,0.7028962735429561,0.6826179898202518,0.9744675768450772
0.204,8.267423071712159,0.9811091369654754,0.9998736574741851,0.9999892873345491,0.99995029447686,0.9984894911731463,0.9971110990454911,0.9955833146787909,0.9946789169845213,0.9938010248645197,0.9754676058995406,0.9762810002847359,0.9562385216369061,0.901715112027753,0.8406843112572719,0.7040695521517468,0.6837912704281406,0.9746531847351496
0.205,8.292516931578946,0.9813462288410987,0.999877130556828,0.9999896582168087,0.9999517925828769,0.9985198059177365,0.9971637573657411,0.995658258488711,0.9947663512942002,0.993900006578053,0.9757540553348033,0.97656175093023,0.956673675336077,0.9024418692340876,0.8416213748852237,0.7052336164543886,0.6849556080117518,0.9748362945275264
0.206,8.317517736341161,0.9815794235657785,0.999880495379794,0.9999900149265877,0.9999532400782074,0.9985493974774818,0.9972152535164276,0.9957316419435261,0.9948520121874956,0.9939970263975644,0.9760360503688433,0.9768380875983704,0.957102804273634,0.9031604046011052,0.8425492797462182,0.706388567558912,0.6861110987465648,0.9750169523937294
0.207,8.342426002652683,0.9818087989506482,0.9998837556939891,0.9999903580538574,0.9999546388472854,0.9985782856663925,0.997265617312871,0.9958035031097158,0.994935941956636,0.9940921301924263,0.9763136758625823,0.9771100951978636,0.9575260128126846,0.9038708391359166,0.8434681454082059,0.7075345051444926,0.6872578374657332,0.9751952034371545
0.208,8.367242243349754,0.9820344309879606,0.9998869151078196,0.9999906881620916,0.999955990698124,0.9986064896877863,0.9973148777019774,0.9958738789934515,0.9950181817395924,0.9941853626018994,0.9765870147723202,0.977377856715154,0.957943403156052,0.9045732916592208,0.8443780894892197,0.7086715274864146,0.6883959176833846,0.9753710917225006
0.209,8.391966967486171,0.9822563938997532,0.9998899770930686,0.9999910057895406,0.9999572973656605,0.9986340281551691,0.9973630627905107,0.9959428055737526,0.9950987715555064,0.9942767670722966,0.9768561481989296,0.9776414532644525,0.9583550753982993,0.9052678788522756,0.845279227695722,0.7097997314805082,0.6895254316174323,0.9755446603042622
0.21,8.416600680368099,0.9824747601850451,0.9998929449905133,0.9999913114504411,0.9999585605149462,0.998660919112332,0.9974101998723472,0.9960103178344907,0.9951777503389085,0.9943663858928962,0.9771211554356093,0.9779009641362933,0.9587611275763203,0.9059547153026921,0.8461716738600619,0.7109192126670745,0.6906464702119082,0.9757159512543186
0.211,8.441143883588488,0.9826896006656165,0.9998958220152921,0.9999916056361632,0.9999597817441854,0.9986871800526961,0.9974563154547543,0.9960764497952892,0.9952551559727764,0.9944542602306541,0.9773821140142465,0.9781564668446643,0.9591616557185436,0.9066339135490897,0.8470555399770676,0.7120300652543092,0.6917591231588305,0.9758850056886542
0.212,8.465597075061124,0.9829009845304169,0.9998986112620357,0.9999918888163,0.9999609625876335,0.9987128279379356,0.997501435283728,0.9961412345413575,0.9953310253204712,0.9945404301637564,0.9776390997504318,0.9784080371727599,0.9595567538927927,0.9073055841246401,0.8479309362397952,0.7131323821412402,0.6928634789196163,0.9760518637932349
0.213,8.489960749054301,0.9831089793786486,0.9999013157097715,0.9999921614397014,0.9999621045183601,0.9987378792159091,0.99754558436843,0.9962047042523021,0.9954053942565996,0.9946249347140577,0.9778921867871713,0.978655749217402,0.9599465142528422,0.9079698355995366,0.8487979710744576,0.7142262549401881,0.6939596247460544,0.9762165648490811
0.214,8.514235396224118,0.9833136512615698,0.9999039382266136,0.9999924239354555,0.999963208950884,0.9987623498379266,0.9975887870047574,0.9962668902299523,0.9954782976968355,0.9947078118784427,0.9781414476373381,0.9788996754321694,0.9603310270837112,0.9086267746224148,0.8496567511745565,0.7153117739987631,0.6950476467008417,0.9763791472565542
0.215,8.538421503647417,0.9835150647230584,0.9999064815742474,0.9999926767138214,0.9999642772436866,0.9987862552753797,0.997631066798079,0.9963278229252375,0.9955497696267451,0.9947890986591548,0.9783869532249038,0.9791398866692816,0.9607103808457333,0.9092765059607583,0.8505073815342367,0.7163890284214102,0.6961276296777014,0.9765396485588907
0.216,8.562519554854369,0.9837132828389787,0.9999089484122189,0.9999929201671139,0.99996531070161,0.9988096105357596,0.9976724466851703,0.996387531964152,0.9956198431296484,0.9948688310931235,0.9786287729249887,0.9793764522202736,0.9610846622174383,0.9099191325403135,0.851349965480883,0.717458106090511,0.6971996574210884,0.9766981054650141
0.217,8.58653002986069,0.9839083672553898,0.9999113413020374,0.9999931546705451,0.9999663105781438,0.998832430178088,0.9977129489553792,0.9964460461728413,0.995688550413554,0.9949470442803335,0.9788669746027703,0.9796094398555026,0.9614539561372831,0.9105547554835464,0.8521846047069828,0.7185190936870551,0.6982638125454936,0.9768545538716363
0.218,8.610453405199516,0.9841003782256333,0.9999136627111013,0.9999933805830226,0.9999672780776083,0.9988547283277852,0.9977525952710506,0.9965033936018416,0.9957559228372016,0.9950237724112642,0.9791016246512835,0.979838915862525,0.9618183458442674,0.9111834741471626,0.8530113993012683,0.7195720767108922,0.6993201765543574,0.9770090288846909
0.219,8.634290153952927,0.9842893746463384,0.999915915016453,0.9999935982479096,0.9999682143572389,0.9988765186909958,0.9977914066872399,0.9965596015495063,0.9958219909352436,0.9950990487934365,0.9793327880281513,0.9800649450833767,0.9621779129174657,0.9118053861587225,0.8538304477791641,0.7206171395005709,0.7003688298585989,0.9771615648401081
0.22,8.658040745783133,0.9844754140923769,0.9999181005083749,0.9999938079937463,0.9999691205291734,0.9988978145683957,0.9978294036707399,0.9966146965846462,0.9958867844425976,0.9951729058770982,0.9795605282912772,0.9802875909507952,0.9625327373145097,0.9124205874523708,0.8546418471125499,0.7216543652527802,0.7014098517947736,0.9773121953239579
0.221,8.68170564696332,0.9846585528508056,0.9999202213938276,0.9999940101349354,0.9999699976623515,0.9989186288684988,0.997866606118451,0.9966687045684149,0.9959503323180002,0.9952453752800785,0.9797849076335339,0.9805069155234143,0.962882897409053,0.9130291723037096,0.8554456927588645,0.7226838360413972,0.7024433206428682,0.9774609531919863
0.222,8.705285320408164,0.9848388459538253,0.9999222797997449,0.9999942049723948,0.9999708467843276,0.9989389741204856,0.9979030333751164,0.996721650675467,0.99601266276679,0.995316487811841,0.9800059869164781,0.9807229795199661,0.9632284700272455,0.9136312333638359,0.8562420786895614,0.7237056328361544,0.7034693136437362,0.9776078705885631
0.223,8.728780225704014,0.9850163472107909,0.9999242777761852,0.9999943927941768,0.9999716688830017,0.9989588624865695,0.9979387042504474,0.9967735594144129,0.9960738032629489,0.995386273496764,0.9802238257031237,0.9809358423525198,0.9635695304832513,0.9142268616925671,0.8570310974179361,0.7247198355209338,0.7044879070161889,0.9777529789650582
0.224,8.752190819138756,0.9851911092393015,0.9999262172993516,0.999994573876059,0.9999724649082735,0.9989783057739217,0.9979736370356623,0.9968244546476,0.9961337805704265,0.9954547615966756,0.9804384822898021,0.9811455621587889,0.9639061526138348,0.9148161467908772,0.8578128400263413,0.725726522911696,0.7054991759737468,0.9778963090976728
0.225,8.775517553731344,0.9853631834954005,0.9999281002744823,0.9999947484821038,0.9999732357736216,0.9989973154461699,0.9980078495194605,0.996874359610241,0.9961926207637748,0.9955219806326697,0.980650013737138,0.9813521958335355,0.964238408812044,0.915399176632564,0.8585873961928028,0.7267257727740566,0.70650319474106,0.9780378911047365
0.226,8.798760879261026,0.9855326203029139,0.9999299285386204,0.999994916865193,0.9999739823576125,0.9990159026344886,0.9980413590034527,0.9969232969289156,0.9962503492481173,0.9955879584062276,0.9808584759001675,0.9815557990590994,0.9645663700600177,0.9159760376951698,0.8593548542170554,0.727717661840512,0.7075000365700062,0.9781777544634952
0.227,8.821921242296252,0.9856994688819535,0.9999317038632657,0.9999950792675353,0.9999747055053432,0.999034078148296,0.9980741823170671,0.9969712886394663,0.9963069907784752,0.9956527220196708,0.9810639234576268,0.9817564263350804,0.9648901059609416,0.916546814990174,0.8601153010460096,0.7287022658273288,0.7084897737554701,0.9783159280264001
0.228,8.844999086223279,0.9858637773766133,0.999933427956917,0.9999952359211487,0.9999754060298186,0.9990518524855735,0.9981063358319531,0.9970183562043113,0.9963625694784751,0.9957162978959668,0.9812664099404356,0.9819541310071989,0.9652096847701789,0.9171115920924786,0.8608688222986661,0.7296796594511,0.7094724776508168,0.9784524400369208
0.229,8.867994851274451,0.9860255928818827,0.9999351024675066,0.9999953870483211,0.9999760847132694,0.9990692358428208,0.9981378354758977,0.9970645205291948,0.9964171088584581,0.9957787117979116,0.9814659877593996,0.9821489652953603,0.965525173425599,0.9176704511692042,0.8616155022904908,0.7306499164449798,0.7104482186830643,0.9785873181448927
0.23,8.890908974556213,0.9861849614698014,0.9999367289847344,0.9999955328620478,0.999976742308411,0.9990862381246631,0.9981686967462765,0.9971098019793946,0.9964706318330134,0.9958399888467099,0.9816627082321586,0.9823409803209494,0.9658366375771268,0.9182234730078168,0.8623554240572636,0.7316131095745997,0.7114170663677584,0.9787205894214207
0.231,8.913741890076787,0.9863419282148809,0.9999383090423045,0.9999956735664478,0.9999773795396475,0.9991028689531213,0.998198934723053,0.997154220395407,0.9965231607379544,0.9959001535399749,0.9818566216093989,0.9825302261333753,0.9661441416155373,0.9187707370436009,0.863088669378416,0.7325693106536785,0.7123790893235641,0.9788522803733453
0.232,8.936494028773586,0.9864965372188145,0.9999398441200692,0.999995809357161,0.9999779971042226,0.999119137676559,0.9982285640813445,0.9971977951081273,0.9965747173467585,0.9959592297691645,0.982047777100357,0.9827167517358929,0.9664477487005146,0.9193123213864987,0.863815318799867,0.7335185905593281,0.7133343552865725,0.9789824169572929
0.233,8.959165818540319,0.986648831634498,0.9999413356460846,0.9999959404217261,0.9999785956733213,0.9991350533783188,0.9982575991035709,0.9972405449535426,0.9966253228864884,0.9960172408364788,0.9822362228976325,0.9829006051107212,0.9667475207879986,0.9198483028473293,0.8645354516563726,0.7344610192470655,0.7142829311243336,0.9791110245933233
0.234,8.98175768425382,0.986798853689383,0.9999427849985815,0.99999606693994,0.9999791758931219,0.9991506248850593,0.9982860536911997,0.9972824882869563,0.9966749980532128,0.9960742094712306,0.9824220062013339,0.98308183324348,0.9670435186568384,0.9203787569634078,0.8652491460933993,0.7353966657655375,0.7152248828496235,0.9792381281781803
0.235,9.004270047800587,0.9869466447081828,0.9999441935078556,0.9999961890842015,0.9999797383858047,0.9991658607748043,0.9983139413761036,0.9973236429967582,0.9967237630269444,0.9961301578457132,0.9826051732425745,0.9832604821469664,0.967335801934772,0.9209037580235763,0.8659564790885346,0.7363255982709611,0.7161602756339442,0.979363752098168
0.236,9.026703328103045,0.9870922451349516,0.9999455624580804,0.9999963070198371,0.9999802837505147,0.9991807693847146,0.9983412753315443,0.9973640265177584,0.9967716374861114,0.9961851075905782,0.9827857693063397,0.9834365968842897,0.967624429123754,0.9214233790926644,0.8666575264724439,0.7372478840412907,0.7170891738207718,0.9794879202416575
0.237,9.049057941145529,0.9872356945545555,0.9999468930890456,0.9999964209054129,0.9999808125642845,0.9991953588185936,0.998368068382795,0.9974036558440982,0.9968186406215778,0.9962390798097414,0.9829638387537457,0.9836102215913862,0.967909457624646,0.9219376920353954,0.8673523629493876,0.7381635894901166,0.7180116409385504,0.9796106560112424
0.238,9.071334300000002,0.9873770317135543,0.9999481865978254,0.9999965308930311,0.9999813253829168,0.9992096369541356,0.9983943330174161,0.9974425475417544,0.9968647911502299,0.9962920950948332,0.9831394250437039,0.9837813994989291,0.9681909437612899,0.9224467675397474,0.868041062117305,0.7390727801802965,0.7189277397134424,0.9797319823355461
0.239,9.093532814851486,0.9875162945405123,0.9999494441403791,0.9999966371286129,0.9999818227418292,0.9992236114499274,0.9984200813951953,0.9974807177606505,0.9969101073281419,0.996344173539209,0.9833125707540128,0.9839501729536553,0.968468942803982,0.9229506751397905,0.8687236964874815,0.7399755208373352,0.7198375320818386,0.9798519216807009
0.24,9.115653893023257,0.9876535201657552,0.9999506668330869,0.9999967397521677,0.9999823051568629,0.9992372897522122,0.9984453253577648,0.9975181822463868,0.9969546069633357,0.996395334751532,0.9834833176018913,0.9841165834391242,0.9687435089923627,0.9234494832380068,0.8694003375038024,0.7408718753625074,0.7207410792026347,0.979970496061503
0.241,9.13769793900174,0.9877887449405899,0.9999518557542237,0.9999968388980509,0.999982773125057,0.9992506791014225,0.9984700764379065,0.9975549563516055,0.9969983074281487,0.9964455978689462,0.9836517064639723,0.9842806715959257,0.9690146955577402,0.9239432591271122,0.8700710555616085,0.7417619068457387,0.7216384414692772,0.9800877270522568
0.242,9.159665354461183,0.9879220044560028,0.9999530119453739,0.9999969346952085,0.9999832271253899,0.9992637865384953,0.9984943458685575,0.9975910550470014,0.9970412256712218,0.9964949815698503,0.9838177773957698,0.9844424772413535,0.969282554744862,0.9244320690113887,0.8707359200261608,0.7426456775782431,0.7225296785215858,0.980203635797317
0.243,9.181556538288026,0.988053333560854,0.9999541364127896,0.9999970272674108,0.9999836676194895,0.9992766189109722,0.9985181445915238,0.9976264929319898,0.9970833782291233,0.9965435040862879,0.9839815696506384,0.9846020393885612,0.9695471378331518,0.9249159780275417,0.8713949992507236,0.7435232490649254,0.7234148492573571,0.9803182430213393
0.244,9.203371886605082,0.9881827663795815,0.999955230128694,0.9999971167334759,0.9999840950523129,0.9992891828788951,0.9985414832659165,0.9976612842450451,0.9971247812376167,0.9965911832159653,0.9841431216982357,0.9847593962652138,0.969808495157424,0.9253950502650932,0.8720483605942752,0.744394682036556,0.7242940118437518,0.9804315690392479
0.245,9.225111792795389,0.9883103363294291,0.999956294032534,0.9999972032074824,0.9999845098527979,0.9993014849205061,0.9985643722763168,0.99769544287372,0.9971654504425879,0.9966380363339092,0.9843024712425068,0.9849145853316512,0.9700666761280925,0.9258693487863258,0.8726960704388562,0.7452600364617177,0.7251672237284768,0.9805436337659267
0.246,9.246776647525893,0.9884360761372142,0.999957329032182,0.9999972867989718,0.9999849124344872,0.9993135313377551,0.9985868217406801,0.9977289823643565,0.997205401210641,0.9966840804037782,0.9844596552392006,0.9850676432985774,0.9703217292508867,0.9263389356457822,0.8733381942065623,0.7461193715585318,0.7260345416507537,0.9806544567256488
0.247,9.26836683877082,0.9885600178556476,0.9999583360050903,0.9999973676131432,0.9999853031961264,0.999325328261626,0.9986088415179901,0.9977619159314991,0.9972446485393756,0.9967293319888357,0.9846147099129345,0.9852186061442896,0.9705737021460878,0.9268038719093405,0.8739747963761914,0.7469727458061728,0.7268960216520962,0.9807640570612458
0.248,9.289882751834863,0.9886821928792198,0.999959315799401,0.9999974457510373,0.9999856825222371,0.9993368816572848,0.9986304412156691,0.9977942564670198,0.9972832070673531,0.9967738072625998,0.9847676707738184,0.9853675091314589,0.9708226415672994,0.9272642176728673,0.874605940499551,0.7478202169561663,0.7277517190868834,0.9808724535430283
0.249,9.311324769376073,0.9888026319596653,0.9999602692350106,0.9999975213097139,0.9999860507836654,0.9993481973290592,0.9986516301967546,0.9978260165489659,0.9973210910837665,0.9968175220191763,0.9849185726336526,0.9855143868234789,0.9710685934197644,0.9277200320804643,0.8752316892174374,0.7486618420434861,0.7286016886327442,0.9809796645774648
0.25,9.332693271428573,0.9889213652210191,0.9999611971045943,0.9999975943824192,0.9999864083381095,0.999359280925252,0.9986724175868498,0.9978572084501378,0.9973583145378196,0.996860491683289,0.9850674496217096,0.985659273100391,0.9713116027782414,0.9281713733423181,0.875852104275291,0.7494976773974458,0.7294459843007544,0.981085708215626
0.251,9.353988635424985,0.9890384221742751,0.9999621001745894,0.9999976650587478,0.9999867555306231,0.9993701379427979,0.9986928122808555,0.997887844146408,0.9973948910478275,0.9969027313200144,0.9852143352001141,0.9858022011744011,0.9715517139044508,0.9286182987521611,0.8764672465385372,0.7503277786523939,0.7302846594454464,0.9811906021614044
0.252,9.37521123621868,0.98915383173166,0.9999629791861405,0.9999977334247959,0.9999870926941002,0.9993807737317679,0.9987128229494918,0.9979179353247878,0.9974308339100464,0.9969442556442307,0.9853592621788313,0.9859432036049978,0.9717889702641049,0.9290608647043538,0.877077176007618,0.7511522007582154,0.7311177667746411,0.9812943637795084
0.253,9.396361446105741,0.9892676222205338,0.9999638348560084,0.9999977995633079,0.9999874201497387,0.9993911934997249,0.9987324580456154,0.9979474933912523,0.9974661561072417,0.9969850790297927,0.9855022627302731,0.9860823123136851,0.97202341454353,0.9294991267105999,0.8776819518327252,0.7519709979906448,0.7319453583591038,0.9813970101032485
0.254,9.417439634846767,0.9893798213969258,0.9999646678774425,0.9999978635538171,0.9999877382074851,0.9994014023159389,0.9987517258103407,0.9979765294783295,0.9975008703170043,0.9970252155184379,0.9856433684035375,0.9862195585983392,0.9722550886658942,0.9299331394162994,0.8782816323282385,0.7527842239613922,0.7327674856420239,0.9814985578421139
0.255,9.438446169688385,0.9894904564587196,0.9999654789210218,0.9999979254727791,0.9999880471664616,0.9994114051154651,0.9987706342789713,0.9980050544524625,0.9975349889198204,0.9970646788284347,0.9857826101382867,0.9863549731472007,0.9724840338070497,0.9303629566165539,0.8788762749868768,0.7535919316280896,0.7335841994483305,0.9815990233891474
0.256,9.459381415384618,0.9895995540584945,0.9999662686354607,0.9999979853936999,0.9999883473153753,0.9994212067030896,0.9987891912867475,0.9980330789211525,0.9975685240069058,0.9971034823629806,0.9859200182782767,0.9864885860525122,0.9727102904110011,0.9307886312718254,0.8794659364935691,0.7543941733040586,0.7343955499938387,0.9816984228281277
0.257,9.480245734217956,0.9897071403160359,0.9999670376483858,0.9999980433872585,0.9999886389329109,0.9994308117571482,0.9988074044744162,0.9980606132398889,0.9976014873878098,0.9971416392183576,0.9860556225845479,0.9866204268238125,0.9729338982050084,0.9312102155232654,0.8800506727390518,0.7551910006679042,0.7352015868942343,0.9817967719405607
0.258,9.501039486020295,0.989813240830521,0.9999677865670825,0.9999980995214235,0.9999889222881077,0.9994402248332217,0.998825281293631,0.9980876675188738,0.9976338905977992,0.9971791621918538,0.9861894522482857,0.9867505244008942,0.9731548962143354,0.9316277607077145,0.8806305388331974,0.7559824647729398,0.7360023591739022,0.9818940862124905
0.259,9.521763028193584,0.989917880692393,0.9999685159792124,0.9999981538615648,0.9999891976407207,0.9994494503677133,0.9988428290121849,0.9981142516295479,0.9976657449050242,0.997216063789456,0.9863215359033605,0.9868789071664384,0.9733733227766523,0.9320413173723868,0.8812055891180831,0.7567686160564431,0.736797915274596,0.9819903808411277
0.26,9.542416715730338,0.9900210844949281,0.9999692264535043,0.9999982064705604,0.9999894652415684,0.999458492681311,0.9988600547190843,0.9981403752109236,0.9976970613174806,0.9972523562333254,0.986451901638556,0.9870056029583313,0.9735892155561015,0.932450935289242,0.8817758771808007,0.7575495043487492,0.7375883030639578,0.9820856707413103
0.261,9.563000901233876,0.9901228763455097,0.9999699185404182,0.9999982574088987,0.9999897253328651,0.9994673559823404,0.998876965329468,0.9981660476757326,0.9977278505897669,0.9972880514690566,0.9865805770094946,0.9871306390816743,0.9738026115570365,0.9328566634690563,0.8823414558660204,0.7583251788821876,0.7383735698438889,0.9821799705517936
0.262,9.583515934938411,0.990223279876612,0.9999705927727847,0.9999983067347761,0.9999899781485413,0.9994760443700094,0.9988935675893765,0.9981912782163923,0.997758123229649,0.9973231611727328,0.9867075890502683,0.9872540423204953,0.9740135471374409,0.9332585501751958,0.8829023772883061,0.7590956882998557,0.7391537623587716,0.9822732946413794
0.263,9.603962164728898,0.9903223182565065,0.9999712496664197,0.9999983545041901,0.9999902239145501,0.9994845618375514,0.9989098680803772,0.9982160758107993,0.9977878895044354,0.99735769675778,0.9868329642847824,0.9873758389491692,0.9742220580220371,0.9336566429371039,0.8834586928441954,0.7598610806642456,0.7399289268035534,0.9823656571148873
0.264,9.624339936160716,0.9904200141996956,0.9999718897207168,0.999998400771029,0.9999904628491619,0.9994929122752686,0.9989258732240496,0.9982404492279522,0.9978171594471694,0.9973916693816275,0.986956728737821,0.9874960547435564,0.9744281793150916,0.9340509885635051,0.8840104532240431,0.7606214034657159,0.7406991088316847,0.98245707181897
0.265,9.644649592479109,0.9905163899770828,0.999972513419216,0.999998445587157,0.9999906951632485,0.9995010994734791,0.9989415892863356,0.9982644070334126,0.9978459428626446,0.9974250899521812,0.9870789079458421,0.9876147149918653,0.9746319455129269,0.9344416331553347,0.8845577084236385,0.7613767036308196,0.7414643535629244,0.9825475523477846
0.266,9.66489147463849,0.9906114674258869,0.9999731212301529,0.9999984890024965,0.9999909210605533,0.9995091271253718,0.9989570223817591,0.9982879575946074,0.9978742493332491,0.9974579691341139,0.9871995269675075,0.9877318445052498,0.9748333905161437,0.9348286221183997,0.8851005077555971,0.7621270275304843,0.7422247055910081,0.9826371120485156
0.267,9.685065921321488,0.9907052679593062,0.9999737136069861,0.9999985310651057,0.9999911407379539,0.9995169988297711,0.9989721784775191,0.9983111090859779,0.9979020882246432,0.9974903173549807,0.9873186103939581,0.9878474676281447,0.9750325476415664,0.9352120001757791,0.8856388998605371,0.7628724209880555,0.7429802089911863,0.9827257640267599
0.268,9.705173268957873,0.9907978125759412,0.9999742909889049,0.9999985718212535,0.9999913543857117,0.9995247180938164,0.9989870633974606,0.9983338694939798,0.9979294686912767,0.9975221448111629,0.9874361823588381,0.9879616082483502,0.9752294496339131,0.9355918113799658,0.8861729327180383,0.7636129292871969,0.7437309073276321,0.9828135211517743
0.269,9.725213851743222,0.990889121868981,0.9999748538013197,0.9999986113154917,0.9999915621877137,0.9995322883355566,0.9990016828259279,0.9983562466219419,0.9979563996817504,0.9975534614736455,0.9875522665480776,0.9880742898068694,0.975424128677202,0.9359680991247613,0.8867026536573958,0.7643485971796592,0.7444768436607233,0.9829003960615912
0.27,9.74518800165746,0.9909792160351613,0.9999754024563318,0.999998649590723,0.9999917643217036,0.999539712886465,0.9990160423115025,0.9983782480947824,0.9979828899440257,0.9975842770936364,0.9876668862094383,0.9881855353075065,0.9756166164058974,0.9363409061569247,0.8872281093681665,0.7650794688929115,0.7452180605541997,0.9829864011680058
0.271,9.765096048483176,0.9910681148834994,0.9999759373531882,0.9999986866882673,0.9999919609595043,0.9995469949938762,0.9990301472706311,0.9983998813635937,0.9980089480304886,0.997614601208027,0.9877800641618303,0.9882953673262341,0.9758069439158048,0.936710274587584,0.8877493459105184,0.7658055881376474,0.7459546000822007,0.9830715486614392
0.272,9.78493831982379,0.9911558378438129,0.9999764588787183,0.9999987226479234,0.9999921522672319,0.9995541378233469,0.9990440029911464,0.9984211537100944,0.9980345823028718,0.9976444431447049,0.9878918228044035,0.9884038080203313,0.9759951417747191,0.9370762459034149,0.8882664087253811,0.7665269981151591,0.7466865038361805,0.9831558505156777
0.273,9.804715141121495,0.9912424039750278,0.9999769674077544,0.9999987575080307,0.9999923384055013,0.9995611444609446,0.9990576146356839,0.9984420722509563,0.9980598009370395,0.9976738120277181,0.9880021841254238,0.9885108791373043,0.9761812400328341,0.9374388609775918,0.8887793426444095,0.7672437415245892,0.7474138129317118,0.9832393184924978
0.274,9.824426835675084,0.9913278319732819,0.9999774633035381,0.9999987913055257,0.999992519529623,0.9995680179154662,0.999070987244999,0.9984626439420077,0.9980846119276379,0.9977027167822983,0.9881111697109355,0.9886166020235904,0.976365268232917,0.9377981600805168,0.889288191899755,0.7679558605700579,0.7481365680151681,0.9833219641461736
0.275,9.844073724657534,0.9914121401798288,0.9999779469181103,0.9999988240759976,0.9999926957897941,0.999574761120588,0.9990841257411868,0.9984828755823192,0.9981090230926176,0.9977311661397469,0.9882188007532179,0.9887209976330543,0.976547255420257,0.9381541828903321,0.889793000133659,0.7686633969676722,0.7488548092703012,0.9834037988278747
0.276,9.863656127133481,0.9914953465887484,0.9999784185926883,0.9999988558537414,0.9999928673312802,0.9995813769369497,0.9990970349308076,0.9985027738181737,0.9981330420776309,0.9977591686421865,0.9883250980590419,0.9888240865352821,0.9767272301523908,0.9385069685032205,0.8902938104078624,0.7693663919524134,0.7495685764247026,0.9834848336899549
0.277,9.88317436007646,0.991577468854469,0.9999788786580285,0.999998886671808,0.999993034294591,0.9995878681541768,0.9991097195079218,0.9985223451469252,0.9981566763603062,0.9977867326471841,0.9884300820577303,0.9889258889236758,0.9769052205086118,0.9388565554434979,0.8907906652128442,0.7700648862849147,0.7502779087561616,0.9835650796901368
0.278,9.902628738386044,0.991658524299106,0.9999793274347756,0.9999989165620538,0.9999931968156496,0.9995942374928386,0.9991221840570372,0.9985415959207499,0.9981799332544063,0.9978138663322483,0.9885337728090283,0.9890264246233569,0.9770812540992685,0.9392029816735047,0.8912836064768845,0.7707589202581193,0.7509828450989148,0.9836445475955929
0.279,9.922019574904736,0.9917385299196222,0.9999797652338004,0.9999989455551856,0.9999933550259545,0.9996004876063495,0.99913443305597,0.9985605323502919,0.9982028199138717,0.9978405776992044,0.9886361900107887,0.9891257130988822,0.9772553580748572,0.9395462846032986,0.8917726755749633,0.7714485337038326,0.7516834238497933,0.9837232479869275
0.28,9.941347180434784,0.9918175023948146,0.9999801923565244,0.999998973680807,0.9999935090527361,0.9996066210828111,0.9991464708786238,0.9985791605082076,0.998225343336753,0.9978668745784516,0.9887373530064765,0.9892237734617766,0.9774275591349136,0.9398865011001545,0.8922579133374917,0.7721337659991618,0.7523796829742677,0.9838011912620627
0.281,9.960611863754748,0.9918954580921322,0.9999806090952328,0.9999990009674599,0.9999936590191066,0.9996126404468001,0.9991583017976888,0.9985974863326127,0.9982475103690364,0.9978927646331058,0.9888372807924976,0.9893206244778896,0.9775978835367101,0.9402236674978758,0.892739360058885,0.7728146560728512,0.753071660012395,0.9838783876400312
0.282,9.97981393163597,0.9919724130743297,0.9999810157333769,0.9999990274426657,0.9999938050442053,0.9996185481611013,0.9991699299872635,0.998615515630432,0.9982693277083647,0.9979182553630309,0.9889359920253574,0.9894162845745778,0.9777663571037594,0.9405578196059202,0.8932170555059762,0.7734912424115108,0.7537593920846644,0.9839548471646741
0.283,9.998953688858842,0.9920483831059612,0.9999814125458656,0.999999053132965,0.9999939472433369,0.9996243466283893,0.999181359525401,0.9986332540806585,0.9982908019076575,0.9979433541087616,0.9890335050286515,0.9895107718477192,0.9779330052341358,0.9408889927183464,0.8936910389262771,0.7741635630657437,0.7544429158977508,0.9840305797082534
0.284,10.018031438228942,0.9921233836597179,0.9999817997993451,0.9999990780639549,0.9999940857281059,0.9996300381928597,0.9991925943965828,0.998650707237521,0.9983119393786327,0.9979680680553223,0.9891298377998949,0.9896041040685639,0.9780978529086116,0.9412172216225831,0.8941613490560871,0.7748316556561718,0.7551222677501725,0.9841055949749771
0.285,10.037047480592992,0.9921974299226146,0.9999821777524713,0.9999991022603253,0.9999942206065456,0.999635625141812,0.9992036384941229,0.998667880533567,0.9983327463952336,0.9979924042359442,0.9892250080171927,0.989696298690425,0.9782609246986181,0.9415425406080269,0.8946280241284552,0.7754955573793634,0.7557974835378576,0.9841799025044398
0.286,10.056002114854683,0.9922705368020288,0.9999825466561698,0.9999991257458931,0.9999943519832417,0.9996411097071852,0.9992144956225022,0.9986847792826588,0.9983532290969634,0.9980163695356822,0.9893190330457567,0.9897873728552133,0.9784222447740334,0.9418649834744705,0.8950911018809973,0.7761553050136623,0.7564685987596177,0.9842535116749794
0.287,10.074895637990327,0.992342718931596,0.9999829067538889,0.9999991485436364,0.9999944799594518,0.9996464940670478,0.9992251694996388,0.998701408682889,0.99837339349213,0.9980399706949384,0.9894119299442725,0.9898773433998216,0.9785818369108016,0.9421845835403666,0.8955506195635712,0.7768109349249243,0.7571356485225358,0.9843264317069601
0.288,10.093728345064378,0.9924139906769649,0.9999832582818419,0.999999170675725,0.9999946046332207,0.9996517803470433,0.9992356637590921,0.9987177738194173,0.9983932454610036,0.9980632143128902,0.9895037154711195,0.9899662268623597,0.9787397244983874,0.9425013736509309,0.8960066139458136,0.7774624830721585,0.7577986675472655,0.9843986716659696
0.289,10.112500529244777,0.9924843661414172,0.9999836014692425,0.9999991921635522,0.9999947260994904,0.9996569706217947,0.9992459819522068,0.9987338796672283,0.998412790758891,0.9980861068508298,0.9895944060904488,0.9900540394882474,0.9788959305470705,0.9428153861860874,0.8964591213245416,0.7781099850130775,0.7584576901732456,0.9844702404659489
0.29,10.131212481818181,0.9925538591713542,0.9999839365385306,0.9999992130277636,0.9999948444502074,0.9996620669162658,0.9992561275501952,0.9987497310938166,0.9984320350191266,0.9981086546354141,0.9896840179781229,0.9901407972361665,0.9790504776950828,0.9431266530682593,0.8969081775310199,0.778753475909558,0.7591127503638287,0.9845411468722427
0.291,10.149864492205019,0.9926224833616549,0.9999842637055911,0.9999992332882851,0.999994959774425,0.9996670712070833,0.9992661039461622,0.9987653328617984,0.9984509837559847,0.9981308638618318,0.9897725670275189,0.9902265157838755,0.9792033882155937,0.943435205770009,0.8973538179380987,0.7793929905330134,0.7597638817113317,0.9846113995045825
0.292,10.168456847974413,0.9926902520609074,0.9999845831799647,0.9999992529643505,0.999995072158402,0.9996719854238209,0.9992759144570735,0.9987806896314524,0.9984696423675149,0.9981527405968855,0.9898600688552007,0.9903112105338929,0.9793546840235449,0.9437410753215324,0.8977960774672245,0.7800285632696798,0.7604111174420012,0.9846810068399965
0.293,10.186989834858968,0.9927571783765196,0.9999848951650512,0.9999992720745267,0.999995181685698,0.9996768114502448,0.9992855623256687,0.9987958059631935,0.9984880161383011,0.9981742907819947,0.9899465388064619,0.9903948966190492,0.9795043866823405,0.9440442923180068,0.8982349905953242,0.7806602281258169,0.7610544904209025,0.9847499772156549
0.294,10.205463736769394,0.9928232751797084,0.999985199858306,0.999999290636739,0.9999952884372655,0.9996815511255236,0.9992950507223215,0.9988106863199793,0.9985061102421497,0.9981955202361203,0.9900319919607443,0.9904775889079136,0.979652517410395,0.9443448869267991,0.8986705913615693,0.7812880187328265,0.7616940331567301,0.9848183188316487
0.295,10.22387883580902,0.9928885551103747,0.9999854974514303,0.9999993086682952,0.9999953924915373,0.9996862062454032,0.9993043827468487,0.9988253350696525,0.9985239297447059,0.9982164346586135,0.9901164431369337,0.9905593020100973,0.9797990970875421,0.944642888894536,0.8991029133740175,0.7819119683522878,0.7623297778065412,0.9848860397537015
0.296,10.242235412288137,0.9929530305818646,0.9999857881305532,0.9999993261859081,0.999995493924513,0.9996907785633472,0.999313561430269,0.9988397564872219,0.9985414796060014,0.9982370396319904,0.9901999068985365,0.9906400502814365,0.9799441462613082,0.9449383275540393,0.8995319898161387,0.7825321098809149,0.7629617561804162,0.9849531479158234
0.297,10.260533744738234,0.9930167137856197,0.9999860720764094,0.9999993432057178,0.9999955928098397,0.9996952697916449,0.9993225897365124,0.9988539547570806,0.9985587646829357,0.9982573406246359,0.9902823975587409,0.9907198478290581,0.9800876851530536,0.9452312318311287,0.8999578534532253,0.7831484758554327,0.7635899997460436,0.9850196511228992
0.298,10.278774109926083,0.9930796166957209,0.9999863494645098,0.9999993597433128,0.9999956892188919,0.999699681602487,0.9993314705640849,0.9988679339751675,0.9985757897316931,0.9982773429934378,0.9903639291853638,0.9907987085163322,0.9802297336639849,0.9455216302512958,0.9003805366386896,0.783761098457378,0.764214539633234,0.9850855570532226
0.299,10.296956782867685,0.993141751073327,0.9999866204653056,0.9999993758137502,0.9999957832208475,0.9997040156290103,0.9993402067476853,0.9988816981510708,0.9985925594100962,0.9982970519863525,0.9904445156056882,0.9908766459677126,0.9803703113810409,0.9458095509462522,0.9008000713202504,0.784370009517823,0.7648354066383629,0.9851508732609672
0.3,10.315082036842107,0.993203128471012,0.9999868852443489,0.9999993914315757,0.999995874882761,0.9997082734663136,0.999348801059779,0.9988952512100756,0.9986090782798982,0.9983164727449063,0.9905241704111931,0.9909536735734694,0.9805094375826559,0.9460950216603532,0.9012164890460129,0.7849752405220269,0.7654526312287445,0.9852156071786046
0.301,10.33315014340515,0.9932637602370018,0.9999871439624453,0.9999994066108415,0.9999959642696346,0.9997124566724427,0.9993572562121287,0.9989085969951588,0.9986253508090167,0.9983356103066318,0.9906029069621775,0.9910298044943149,0.9806471312444018,0.9463780697569009,0.9016298209704399,0.7855768226140103,0.7660662435469363,0.9852797661192686
0.302,10.351161372402938,0.9933236575193156,0.999987396775803,0.9999994213651253,0.9999960514444862,0.9997165667693491,0.9993655748572834,0.9989217392689304,0.998641381373709,0.9983544696074428,0.9906807383922828,0.9911050516659278,0.9807834110445144,0.946658722224329,0.9020400978602215,0.7861747866010627,0.7666762734149781,0.9853433572790619
0.303,10.369115991985332,0.9933828312698115,0.9999876438361768,0.9999994357075469,0.9999961364684157,0.9997206052438203,0.9993737595900272,0.9989346817155247,0.9986571742606917,0.9983730554839491,0.9907576776129153,0.9911794278033754,0.9809182953693032,0.9469370056822715,0.9024473501000415,0.7867691629581752,0.7672827503385639,0.9854063877393152
0.304,10.387014268619248,0.9934412922481412,0.999987885291006,0.999999449650785,0.9999962194006679,0.9997245735483846,0.9993818129487887,0.9989474279424424,0.9986727336692063,0.9983913726757119,0.9908337373175711,0.9912529454054392,0.9810518023184506,0.947212946387518,0.902851607698244,0.7873599818324079,0.7678857035111488,0.9854688644687932
0.305,10.404856467101828,0.9934990510256142,0.9999881212835493,0.9999994632070934,0.9999963002986937,0.9997284731021895,0.9993897374170128,0.9989599814823441,0.9986880637130311,0.998409425827443,0.9909089299860656,0.9913256167588431,0.9811839497102008,0.9474865702398585,0.9032529002924028,0.787947273047186,0.7684851618179958,0.9855307943258513
0.306,10.422642850573515,0.9935561179889751,0.9999883519530136,0.9999994763883162,0.9999963792182097,0.9997323052918556,0.9993975354244946,0.9989723457947974,0.9987031684224422,0.9984272194911483,0.9909832678886716,0.9913974539423902,0.9813147550864428,0.9477579027878186,0.9036512571547936,0.7885310661065319,0.7690811538401551,0.9855921840605449
0.307,10.440373680530973,0.9936125033440959,0.9999885774346795,0.9999994892059028,0.9999964562132545,0.9997360714723074,0.9994052093486793,0.9989845242679796,0.9987180517461245,0.9984447581282172,0.9910567630901653,0.991468468831007,0.9814442357176877,0.9480269692342895,0.904046707197774,0.7891113901992303,0.7696737078583877,0.9856530403166922
0.308,10.458049216839918,0.993668217119584,0.9999887978600225,0.9999995016709214,0.9999965313362442,0.9997397729675789,0.9994127615159251,0.9989965202203347,0.9987327175530337,0.9984620461114603,0.9911294274537855,0.9915386730996999,0.9815724086079451,0.948293794442053,0.9044392789790694,0.7896882742029294,0.7702628518570241,0.9857133696338893
0.309,10.475669717747795,0.9937232691703107,0.9999890133568297,0.9999995137940737,0.9999966046380246,0.9997434110715985,0.9994201942027344,0.9990083369021896,0.9987471696342122,0.9984790877270948,0.991201272645106,0.9916080782274244,0.9816992904994996,0.9485584029392048,0.9048290007069691,0.7902617466881795,0.7708486135277673,0.9857731784494839
0.31,10.493235439896374,0.9937776691808602,0.9999892240493131,0.9999995255857074,0.9999966761679232,0.9997469870489513,0.999427509636951,0.9990199774973276,0.9987614117045572,0.9984958871766825,0.9912723101358242,0.99167669550087,0.981824897877589,0.9488208189244781,0.9052159002454346,0.7908318359224084,0.7714310202734369,0.9858324731005021
0.311,10.510746638334195,0.9938314266689007,0.9999894300582186,0.9999995370558287,0.9999967459737978,0.9997505021356193,0.999434709998926,0.9990314451245222,0.9987754474045469,0.9985124485790172,0.9913425512074676,0.9917445360181637,0.9819492469749893,0.94908106627247,0.9056000051191196,0.7913985698738375,0.7720100992116554,0.9858912598255348
0.312,10.528203566528926,0.9938845509884814,0.9999896315009323,0.9999995482141149,0.9999968141020846,0.9997539575397034,0.9994417974226524,0.9990427428390308,0.9987892803019199,0.9985287759719674,0.9914120069550204,0.9918116106924906,0.9820723537765044,0.9493391685387709,0.9059813425183062,0.7919619762153368,0.7725858771784803,0.9859495447665829
0.313,10.545606476379579,0.9939370513332565,0.9999898284915819,0.9999995590699257,0.9999968805978439,0.999757354442122,0.9994487739968703,0.9990538736340515,0.9988029138933159,0.9985448733142719,0.9914806882904725,0.9918779302556389,0.9821942340233668,0.9495951489650014,0.9063599393037557,0.7925220823282213,0.7731583807319788,0.986007333970862
0.314,10.562955618228631,0.9939889367396363,0.9999900211411363,0.9999995696323146,0.9999969455048041,0.9997606939972938,0.9994556417661427,0.9990648404421419,0.9988163516058725,0.9985607444872917,0.9915486059462914,0.9919435052614658,0.9823149032175484,0.9498490304837572,0.9067358220114798,0.7930789153059905,0.7737276361557522,0.9860646333925672
0.315,10.580251240874036,0.9940402160898701,0.9999902095575008,0.9999995799100402,0.9999970088654055,0.9997639773337994,0.9994624027319031,0.9990756461366029,0.998829596798784,0.9985763932967189,0.99161577047882,0.9920083460892907,0.9824343766259853,0.9501008357234643,0.9071090168574297,0.7936325019580104,0.7742936694624033,0.9861214488945993
0.316,10.59749359158111,0.9940908981150606,0.9999903938456097,0.9999995899115754,0.9999970707208404,0.9997672055550254,0.9994690588534753,0.9990862935328259,0.9988426527648208,0.9985918234742429,0.9916821922716028,0.9920724629472139,0.9825526692847167,0.9503505870131449,0.9074795497421062,0.7941828688131399,0.7748565063969541,0.9861777862502563
0.317,10.614682916094312,0.9941409913981113,0.9999905741075159,0.9999995996451186,0.9999971311110938,0.9997703797397915,0.9994756120490668,0.9990967853896077,0.9988555227318102,0.998607038679177,0.9917478815386398,0.9921358658753647,0.9826697960029421,0.9505983063870993,0.907847446255094,0.794730042123303,0.7754161724402125,0.9862336511448843
0.318,10.631819458648925,0.9941905043766102,0.9999907504424769,0.9999996091186028,0.9999971900749817,0.9997735009429594,0.9994820641967366,0.9991071244104315,0.9988682098640825,0.998622042500044,0.991812848327572,0.9921985647490803,0.9827857713669966,0.9508440155895017,0.9082127316795192,0.7952740478670071,0.7759726928120875,0.9862890491774972
0.319,10.648903461982627,0.9942394453456502,0.9999909229470391,0.9999996183397046,0.9999972476501879,0.9997765701960255,0.9994884171353374,0.9991173132447155,0.998880717263879,0.9986368384561238,0.991877102522799,0.992260569282016,0.9829006097442469,0.951087736078914,0.9085754309964326,0.7958149117528069,0.7765260924748553,0.986343985862358
0.32,10.66593516734694,0.9942878224605873,0.9999910917151186,0.9999996273158539,0.9999973038733009,0.9997795885076983,0.9994946726654333,0.9991273544890308,0.9988930479727267,0.9986514299989633,0.9919406538485313,0.9923218890291902,0.9830143252869107,0.951329489032718,0.9089355688891194,0.7963526592227195,0.7770763961363772,0.9863984666305295
0.321,10.682914814518595,0.9943356437397395,0.9999912568380795,0.999999636054242,0.9999973587798472,0.9997825568644584,0.9995008325501941,0.9991372506882884,0.9989052049727798,0.9986658205138496,0.9920035118717774,0.9923825333899633,0.9831269319357995,0.9515692953514698,0.9092931697473391,0.7968873154555856,0.7776236282532706,0.9864524968313879
0.322,10.699842641810784,0.9943829170670261,0.99999141840481,0.9999996445618297,0.9999974124043259,0.9997854762311048,0.999506898516266,0.9991470043368968,0.9989171911881262,0.9986800133212473,0.9920656860052681,0.9924425116109553,0.9832384434239873,0.9518071756631745,0.9096482576714929,0.7974189053703821,0.7781678130340309,0.9865060817341103
0.323,10.716718886084308,0.9944296501945509,0.9999915765017955,0.9999996528453555,0.9999974647802408,0.9997883475512861,0.9995128722546205,0.9991566178798912,0.9989290094860638,0.9986940116782022,0.9921271855103204,0.9925018327889003,0.9833488732804074,0.9520431503274853,0.9100008564767242,0.797947453629485,0.7787089744421098,0.986559226529123
0.324,10.733543782758622,0.9944758507451289,0.9999917312131896,0.9999996609113436,0.9999975159401312,0.9997911717480171,0.9995187554213812,0.9991660937140338,0.9989406626783451,0.9987078187797093,0.9921880194996398,0.9925605058734407,0.9834582348333786,0.9522772394398296,0.9103509896969504,0.7984729846418841,0.7792471361989464,0.9866119363295277
0.325,10.750317565822785,0.9945215262147582,0.9999918826208833,0.9999996687661106,0.9999975659156026,0.9997939497241813,0.9995245496386292,0.9991754341888877,0.9989521535223918,0.9987214377600496,0.9922481969400652,0.9926185396698644,0.9835665412140607,0.9525094628354592,0.9106986805888286,0.7989955225663499,0.7797823217869547,0.9866642161724898
0.326,10.76704046784631,0.9945666839750398,0.9999920308045716,0.999999676415773,0.9999976147373559,0.9997966823630211,0.9995302564951881,0.9991846416078639,0.9989634847224784,0.9987348716940946,0.9923077266552564,0.9926759428417818,0.9836738053598442,0.9527398400934314,0.9110439521356567,0.7995150913145531,0.7803145544524673,0.9867160710206027
0.327,10.783712719989905,0.994611331275544,0.9999921758418169,0.9999996838662543,0.9999976624352153,0.9997993705286131,0.999535877547389,0.9991937182292429,0.9989746589308899,0.9987481235985785,0.9923666173283253,0.9927327239137497,0.9837800400176717,0.9529683905405183,0.91138682705121,0.8000317145541407,0.7808438572086367,0.9867675057632217
0.328,10.80033455201613,0.9946554752461273,0.999992317808113,0.9999996911232908,0.9999977090381552,0.9998020150663325,0.9995414143198162,0.9992026662671704,0.9989856787490485,0.9987611964333413,0.9924248775044132,0.9927888912738376,0.9838852577472971,0.9531951332550477,0.9117273277835158,0.8005454157117629,0.7813702528382921,0.9868185252177709
0.329,10.816906192299951,0.9946991228991996,0.9999924567769444,0.999999698192439,0.9999977545743278,0.999804616803304,0.9995468683060336,0.9992114878926295,0.9989965467286155,0.9987740931025424,0.9924825155932137,0.9928444531761431,0.9839894709244782,0.953420087070677,0.9120654765185657,0.8010562179760594,0.7818937638967579,0.9868691341310212
0.33,10.833427867839196,0.9947422811319422,0.999992592819845,0.9999997050790808,0.9999977990710872,0.9998071765488411,0.9995522409692927,0.9992201852343889,0.9990072653725651,0.998786816455844,0.9925395398714444,0.9928994177432527,0.9840926917441104,0.9536432705801006,0.9124012951839691,0.8015641443005999,0.7824144127146281,0.9869193371803437
0.331,10.849899804264927,0.9947849567284798,0.9999927260064553,0.9999997117884301,0.9999978425550148,0.9998096950948738,0.9995575337432235,0.9992287603799277,0.9990178371362337,0.9987993692895683,0.9925959584852676,0.9929537929686536,0.9841949322232976,0.9538647021386923,0.9127348054525447,0.8020692174067814,0.7829322214005037,0.9869691389749364
0.332,10.866322225851706,0.9948271563620059,0.9999928564045765,0.999999718325538,0.9999978850519425,0.9998121732163648,0.9995627480325069,0.9992372153763377,0.9990282644283426,0.9988117543478254,0.992651779452661,0.9930075867190941,0.9842962042043646,0.9540843998680848,0.9130660287458578,0.802571459786686,0.7834472118436872,0.987018544057025
0.333,10.882695355527764,0.9948688865968632,0.9999929840802244,0.9999997246952985,0.9999979265869764,0.9998146116717151,0.999567885213531,0.9992455522312045,0.9990385496119979,0.9988239743236171,0.9927070106657396,0.993060806736896,0.9843965193578117,0.9543023816596867,0.9133949862376969,0.8030708937058937,0.7839594057168413,0.9870675569030406
0.334,10.899019414885116,0.9949101538905801,0.9999931090976802,0.9999997309024538,0.9999979671845186,0.9998170112031587,0.9995729466350304,0.9992537729134662,0.9990486950056655,0.9988360318599123,0.9927616598930307,0.9931134606422193,0.9844958891852118,0.9545186651781378,0.9137216988574964,0.8035675412062567,0.7844688244786082,0.9871161819247712
0.335,10.915294624189526,0.9949509645958646,0.9999932315195411,0.9999997369515992,0.9999980068682885,0.9998193725371465,0.9995779336187102,0.9992618793542525,0.9990587028841232,0.9988479295506987,0.9928157347817022,0.9931655559352803,0.9845943250220525,0.9547332678647061,0.9140461872937038,0.804061424108633,0.7849754893761905,0.9871644234704916
0.336,10.931521202390439,0.9949913249625557,0.9999933514067679,0.9999997428471883,0.9999980456613443,0.9998216963847212,0.9995828474598536,0.9992698734477024,0.9990685754793905,0.9988596699420094,0.9928692428597449,0.9932170999985246,0.9846918380405232,0.9549462069406249,0.9143684719970926,0.8045525640155807,0.7854794214478968,0.9872122858260692
0.337,10.947699367130783,0.9950312411395346,0.9999934688187325,0.9999997485935377,0.9999980835861021,0.9998239834418816,0.9995876894279151,0.9992777570517636,0.9990783149816358,0.9988712555329258,0.992922191538112,0.9932681000987544,0.9847884392522502,0.9551574994103728,0.914688573184023,0.8050409823140133,0.7859806415256501,0.9872597732160472
0.338,10.963829334756705,0.9950707191765954,0.9999935838132629,0.9999997541948311,0.9999981206643563,0.9998262343899377,0.9995924607670985,0.9992855319889714,0.9990879235400626,0.9988826887765566,0.9929745881128139,0.9933185633892149,0.9848841395109781,0.9553671620648969,0.91500651083965,0.8055267001778164,0.7864791702374596,0.9873068898047059
0.339,10.97991132032722,0.9951097650262776,0.9999936964466869,0.9999997596551244,0.9999981569172981,0.9998284498958562,0.9995971626969209,0.9992932000472102,0.9990974032637754,0.998893972080995,0.9930264397669708,0.9933684969116351,0.9849789495152014,0.955575211484782,0.9153223047210807,0.8060097385704285,0.7869750280098606,0.987353639697105
0.34,10.995945537623763,0.9951483845456588,0.9999938067738756,0.9999997649783495,0.9999981923655331,0.9998306306125979,0.9996017964127624,0.9993007629804557,0.999106756222624,0.9989051078102527,0.9930777535728248,0.9934179075982302,0.9850728798107461,0.955781664043364,0.9156359743604809,0.8064901182473834,0.7874682350703153,0.9874000269400991
0.341,11.011932199159666,0.9951865834981123,0.9999939148482837,0.9999997701683184,0.9999982270290999,0.9998327771794454,0.9996063630864026,0.9993082225095001,0.9991159844480291,0.9989160982851731,0.9931285364937106,0.9934668022736614,0.9851659407933016,0.9559865359097914,0.9159475390681342,0.8069678597588168,0.7879588114495839,0.9874460555233401
0.342,11.027871516189537,0.9952243675550265,0.9999940207219901,0.9999997752287273,0.9999982609274864,0.999834890222323,0.9996108638665439,0.9993155803226607,0.9991250899337878,0.9989269457843231,0.9931787953859869,0.9935151876569563,0.985258142710906,0.9561898430520341,0.9162570179354499,0.8074429834519374,0.7884467769840593,0.9874917293802526
0.343,11.043763698718582,0.9952617422974902,0.9999941244457367,0.9999997801631604,0.9999982940796467,0.9998369703541082,0.9996152998793216,0.9993228380764694,0.9991340746368613,0.9989376525448643,0.9932285370009296,0.9935630703633923,0.9853494956663841,0.9563916012398409,0.9165644298379265,0.8079155094734636,0.7889321513180703,0.9875370523889964
0.344,11.059608955511811,0.9952987132179415,0.9999942260689655,0.9999997849750933,0.9999983265040167,0.9998390181749351,0.9996196722288019,0.9993299973963492,0.9991429404781432,0.9989482207634046,0.9932777679865864,0.9936104569063395,0.9854400096197391,0.9565918260476473,0.916869793438067,0.8083854577720231,0.7894149539061528,0.9875820283734038
0.345,11.075407494103196,0.9953352857217849,0.999994325639856,0.9999997896678973,0.9999983582185296,0.9998410342724902,0.9996239819974677,0.9993370598772722,0.9991516893432107,0.9989586525968298,0.9933264948895951,0.9936573536990694,0.9855296943905004,0.956790532857434,0.9171731271882475,0.8088528481005225,0.7898952040152877,0.9876266611039021
0.346,11.09115952080471,0.9953714651289732,0.9999944232053596,0.9999997942448415,0.9999983892406313,0.9998430192222999,0.9996282302466922,0.9993440270844027,0.9991603230830584,0.9989689501631167,0.9933747241569651,0.9937037670565244,0.9856185596600271,0.9569877368615374,0.917474449333544,0.8093177000184805,0.7903729207271097,0.9876709542984164
0.347,11.106865240715338,0.9954072566755582,0.9999945188112345,0.9999997987090977,0.9999984195872943,0.9998449735880125,0.9996324180172016,0.9993509005537263,0.999168843514814,0.9989791155421273,0.9934224621378245,0.9937497031970552,0.9857066149737681,0.9571834530654121,0.9177737779145114,0.8097800328943285,0.7908481229400827,0.9877149116232555
0.348,11.122524857729939,0.9954426655152093,0.9999946125020786,0.9999998030637423,0.9999984492750319,0.999846897921671,0.9996365463295258,0.9993576817926629,0.99917725242244,0.9989891507763851,0.9934697150851312,0.9937951682441207,0.9857938697434808,0.9573776962903477,0.9180711307699214,0.8102398659076815,0.7913208293716475,0.9877585366939794
0.349,11.138138574548119,0.9954776967207015,0.9999947043213618,0.99999980731176,0.9999984783199116,0.9998487927639799,0.9996406161844391,0.9993643722806659,0.9991855515574162,0.9989990578718339,0.9935164891573518,0.9938401682279561,0.9858803332494086,0.95757048117614,0.9183665255394576,0.8106972180515732,0.7917910585603377,0.9878018330762494
0.35,11.153706592682926,0.9955123552853726,0.9999947943114577,0.9999998114560464,0.9999985067375685,0.9998506586445652,0.9996446285633896,0.9993709734698077,0.9991937426394091,0.999008838798579,0.9935627904201063,0.9938847090872066,0.9859660146424171,0.9577618221837172,0.918659979666368,0.8111521081346639,0.792258828867868,0.9878448042866632
0.351,11.169229112469559,0.9955466461245515,0.9999948825136733,0.9999998154994115,0.999998534543218,0.9998524960822284,0.9996485844289186,0.9993774867853517,0.9992018273569241,0.9990184954916128,0.993608624847781,0.9939287966705297,0.9860509229460923,0.9579517335977221,0.9189515104000773,0.8116045547834141,0.7927241584811919,0.9878874537935726
0.352,11.18470633307393,0.9955805740769565,0.9999949689682787,0.9999998194445817,0.9999985617516676,0.9998543055851925,0.9996524847250693,0.9993839136263097,0.9992098073679446,0.9990280298515222,0.9936539983251093,0.9939724367381657,0.9861350670587988,0.9581402295290529,0.9192411347987576,0.8120545764442308,0.793187065414533,0.987929785017885
0.353,11.200138452501216,0.9956141439060671,0.9999950537145357,0.999999823294203,0.9999985883773292,0.9998560876513435,0.9996563303777871,0.9993902553659889,0.9992176843005548,0.9990374437451816,0.993698916648722,0.9940156349634764,0.986218455755701,0.9583273239173589,0.9195288697318611,0.8125021913855819,0.7936475675113857,0.9879718013338494
0.354,11.215525667604267,0.9956473603014663,0.9999951367907254,0.9999998270508433,0.9999986144342311,0.999857842768465,0.9996601222953087,0.9993965133525231,0.9992254597535494,0.9990467390064303,0.9937433855286673,0.994058396934455,0.9863010976907465,0.9585130305334981,0.9198147318826126,0.8129474177000824,0.7941056824464919,0.9880135060698291
0.355,11.230868174092011,0.9956802278801572,0.999995218234175,0.9999998307169952,0.999998639936028,0.9998595714144672,0.999663861368543,0.999402688909395,0.9992331352970293,0.9990559174367336,0.9937874105899009,0.9941007281552048,0.9863830013986136,0.9586973629819522,0.9200987377504644,0.8133902733065516,0.7945614277277877,0.9880549025090564
0.356,11.246166166537718,0.9957127511878529,0.9999952980812843,0.9999998342950778,0.9999986648960127,0.99986127405761,0.9996675484714425,0.9994087833359437,0.9992407124729838,0.9990649808058307,0.9938309973737474,0.9941426340473904,0.9864641752966236,0.9588803347032016,0.9203809036535129,0.8138307759520415,0.7950148206983247,0.9880959938903748
0.357,11.261419838387253,0.9957449347002398,0.99999537636755,0.9999998377874397,0.9999986893271265,0.9998629511567206,0.999671184461366,0.9994147979078621,0.9992481927958595,0.9990739308523671,0.993874151339333,0.9941841199516601,0.9865446276866168,0.9590619589760626,0.920661245730879,0.8142689432138375,0.7954658785381652,0.9881367834089658
0.358,11.276629381967213,0.9957767828242171,0.9999954531275913,0.9999998411963609,0.999998713241969,0.9998646031614057,0.9996747701794328,0.999420733877683,0.9992555777531165,0.9990827692845127,0.993916877864991,0.9942251911290396,0.9866243667567962,0.9592422489199857,0.9209397799450524,0.8147047925014326,0.7959146182662515,0.9881772742170637
0.359,11.29179498849302,0.9958082998991103,0.9999955283951734,0.9999998445240551,0.9999987366528081,0.9998662305122585,0.9996783064508685,0.9994265924752529,0.999262868805772,0.9990914977805676,0.99395918224964,0.9942658527623003,0.9867034005835364,0.9594212174973153,0.9212165220841986,0.8151383410584728,0.7963610567422496,0.9882174694246543
0.36,11.306916848076922,0.9958394901978616,0.99999560220323,0.9999998477726716,0.9999987595715898,0.9998678336410608,0.999681794085342,0.9994323749081963,0.9992700673889321,0.9991001179895534,0.994001069714135,0.9943061099572997,0.9867817371331605,0.9595988775155144,0.921491487764433,0.8155696059646771,0.7968052106683683,0.9882573721001614
0.361,11.321995149735958,0.9958703579281954,0.9999956745838867,0.9999998509442973,0.999998782009947,0.9998694129709795,0.9996852338772959,0.9994380823623688,0.999277174912311,0.9991086315317913,0.9940425454025933,0.994345967744297,0.9868593842636839,0.9597752416293506,0.9217646924320595,0.815998604137731,0.7972470965911531,0.9882969852711211
0.362,11.337030081399808,0.9959009072337627,0.9999957455684821,0.9999998540409594,0.9999988039792085,0.9998709689167588,0.999688626606268,0.9994437160022999,0.9992841927607399,0.9991170399994683,0.9940836143836945,0.9943854310792418,0.986936349726528,0.9599503223430488,0.9220361513657747,0.8164253523351543,0.7976867309032573,0.9883363119248424
0.363,11.352021829918623,0.9959311421952607,0.9999958151875893,0.9999998570646258,0.9999988254904081,0.9998725018849073,0.9996919730372057,0.9994492769716263,0.9992911222946624,0.9991253449571906,0.9941242816519559,0.99442450484504,0.987012641168202,0.9601241320124074,0.9223058796788401,0.8168498671561435,0.798124129845187,0.988375355009054
0.364,11.366970581070744,0.9959610668315318,0.9999958834710361,0.9999998600172084,0.9999988465542926,0.9998740122738813,0.9996952739207733,0.999454766393515,0.9992979648506216,0.9991335479425245,0.9941645521289832,0.9944631938527932,0.9870882661319549,0.9602966828468814,0.922573892321221,0.8172721650433888,0.7985593095070253,0.988414117432542
0.365,11.381876519570408,0.9959906851006409,0.9999959504479251,0.9999998629005642,0.9999988671813299,0.9998755004742622,0.9996985299936513,0.9994601853710767,0.999304721741734,0.9991416504665258,0.9942044306646977,0.9945015028430163,0.987163232059398,0.9604679869116303,0.9228402040816928,0.8176922622848679,0.7989922858301308,0.9884526020657735
0.366,11.396739829075308,0.9960200009009309,0.9999960161466533,0.999999865716497,0.9999988873817173,0.9998769668689312,0.99970174197883,0.9994655349877706,0.9993113942581543,0.9991496540142584,0.9942439220385401,0.9945394364868301,0.9872375462920985,0.9606380561295345,0.9231048295899167,0.8181101750156132,0.7994230746088166,0.9884908117415079
0.367,11.411560692194193,0.9960490180720579,0.9999960805949305,0.999999868466759,0.9999989071653885,0.9998784118332387,0.9997049105858951,0.999470816307799,0.9993179836675298,0.9991575600452997,0.9942830309606512,0.9945769993871323,0.9873112160731435,0.960806902283178,0.9233677833184831,0.8185259192194577,0.7998516914920024,0.9885287492553997
0.368,11.426339290494296,0.9960777403960064,0.9999961438197976,0.9999998711530527,0.9999989265420219,0.9998798357351691,0.9997080365113071,0.9994760303764947,0.9993244912154442,0.9991653699942369,0.9943217620730308,0.9946141960797462,0.9873842485486787,0.9609745370168006,0.9236290795849268,0.8189395107307562,0.8002781519848501,0.9885664173665868
0.369,11.441075804508781,0.9961061715980842,0.9999962058476446,0.9999998737770321,0.9999989455210471,0.9998812389355038,0.9997111204386752,0.9994811782206983,0.9993309181258526,0.9991730852711521,0.994360119950674,0.9946510310345463,0.9874566507694162,0.9611409718382175,0.9238887325537088,0.819350965236083,0.8007024714503722,0.9886038187982692
0.37,11.455770413744077,0.9961343153478991,0.9999962667042275,0.9999998763403045,0.9999989641116517,0.9998826217879777,0.9997141630390227,0.9994862608491277,0.9993372656015055,0.9991807072620961,0.9943981091026866,0.9946875086565645,0.9875284296921195,0.9613062181207087,0.9241467562381719,0.8197602982759082,0.8011246651110238,0.988640956238278
0.371,11.470423296687176,0.9961621752603147,0.999996326414685,0.9999998788444316,0.9999989823227889,0.9998839846394334,0.9997171649710489,0.9994912792527394,0.9993435348243654,0.9991882373295524,0.9944357339733797,0.9947236332870733,0.9875995921810587,0.9614702871048784,0.9244031645024648,0.82016752524625,0.8015447480502692,0.9886778323396319
0.372,11.485034630812853,0.9961897548963895,0.9999963850035553,0.9999998812909313,0.9999990001631837,0.9998853278299712,0.9997201268813827,0.999496234405082,0.999349726956013,0.999195676812892,0.9944729989433428,0.99475940920465,0.9876701450094432,0.9616331899004849,0.9246579710634404,0.820572661400307,0.8019627352141314,0.9887144497210854
0.373,11.499604592590847,0.9962170577642974,0.9999964424947909,0.9999998836812786,0.9999990176413386,0.999886651693096,0.9997230494048319,0.999501127262641,0.9993558431380443,0.9992030270288175,0.9945099083304982,0.9947948406262207,0.9877400948608257,0.9617949374882407,0.9249111894925226,0.8209757218500663,0.8023786414127189,0.9887508109676647
0.374,11.51413335749293,0.9962440873202295,0.9999964989117749,0.9999998860169071,0.9999990347655408,0.9998879565558598,0.9997259331646265,0.9995059587651773,0.9993618844924608,0.9992102892717976,0.9945464663911343,0.9948299317080838,0.9878094483304852,0.9619555407215851,0.9251628332175491,0.8213767215678927,0.8027924813217335,0.9887869186311965
0.375,11.5286211,0.9962708469692801,0.9999965542773352,0.9999998882992105,0.9999990515438674,0.9998892427390017,0.9997287787726559,0.9995107298360573,0.9993678521220491,0.9992174648144931,0.9945826773209209,0.9948646865469153,0.9878782119267833,0.9621150103284275,0.9254129155245843,0.8217756753880949,0.8032042694839583,0.9888227752308241
0.376,11.543067993609023,0.9962973400663149,0.9999966086137594,0.9999998905295434,0.9999990679841918,0.9998905105570841,0.999731586829701,0.9995154413825759,0.9993737471107544,0.9992245549081735,0.9946185452559043,0.9948991091807546,0.9879463920724968,0.9622733569128646,0.925661449559708,0.8221725980084729,0.8036140203107253,0.988858383253517
0.377,11.557474210839983,0.9963235699168215,0.9999966619428085,0.9999998927092227,0.9999990840941887,0.9998917603186254,0.9997343579256615,0.9995200942962728,0.9993795705240436,0.9992315607831241,0.9946540742734854,0.9949332035899724,0.9880139951061291,0.9624305909568696,0.9259084483307755,0.8225675039918421,0.8040217480833645,0.9888937451545694
0.378,11.571839923242736,0.9963495397777464,0.9999967142857307,0.9999998948395288,0.9999990998813402,0.9998929923262301,0.9997370926397775,0.9995246894532411,0.9993853234092628,0.9992384836490454,0.9946892683933785,0.9949669736982197,0.988081027283196,0.9625867228219543,0.926153924709154,0.8229604077675414,0.8044274669546356,0.9889288633580886
0.379,11.586165301403838,0.9963752528583132,0.999996765663275,0.9999998969217065,0.9999991153529405,0.999894206876716,0.9997397915408464,0.999529227714431,0.9993910067959857,0.9992453246954434,0.9947241315785527,0.9950004233733607,0.9881474947774915,0.9627417627508071,0.9263978914314328,0.8233513236329177,0.8048311909501376,0.988963740257479
0.38,11.60045051495327,0.9964007123208267,0.9999968160957035,0.9999998989569664,0.9999991305161017,0.9998954042612372,0.999742455187434,0.9995337099259437,0.9993966216963552,0.9992520850920118,0.9947586677361565,0.9950335564283865,0.9882134036823301,0.9628957208689034,0.9266403611011084,0.8237402657547933,0.8052329339697035,0.988998378215912
0.381,11.614695732571164,0.9964259212814621,0.9999968656028043,0.9999999009464853,0.9999991453777579,0.9998965847654055,0.9997450841280829,0.9995381369193225,0.9994021691054178,0.9992587659890066,0.9947928807184244,0.9950663766223135,0.9882787600117683,0.9630486071860914,0.9268813461902452,0.8241272481709124,0.805632709788775,0.9890327795667904
0.382,11.628901121994408,0.9964508828110377,0.9999969142039037,0.9999999028914079,0.9999991599446711,0.9998977486694083,0.9997476789015141,0.999542509511835,0.9994076500014496,0.999265368517612,0.9948267743235679,0.9950988876610637,0.9883435697018047,0.9632004315981539,0.9271208590411131,0.824512284791371,0.8060305320597605,0.9890669466142046
0.383,11.643066850023267,0.9964755999357743,0.9999969619178779,0.9999999047928476,0.9999991742234352,0.9998988962481239,0.999750240036825,0.9995468285067503,0.9994130653462774,0.9992718937902991,0.9948603522966493,0.9951310931983308,0.98840783861156,0.9633512038883449,0.9273589118678002,0.824895389400025,0.8064264143133743,0.9891008816333794
0.384,11.657193082527881,0.9965000756380404,0.9999970087631647,0.999999906651887,0.9999991882204805,0.9999000277712337,0.9997527680536832,0.9995510946936101,0.999418416085591,0.9992783429011769,0.9948936183304398,0.995162996836428,0.988471572524436,0.9635009337289027,0.9275955167578025,0.8252765756558841,0.8068203699599601,0.9891345868711136
0.385,11.671279984454756,0.9965243128570821,0.9999970547577743,0.9999999084695794,0.9999992019420786,0.9999011435033329,0.9997552634625155,0.9995553088484939,0.9994237031492506,0.9992847169263362,0.9949265760662622,0.9951946021271217,0.9885347771492548,0.9636496306825396,0.9278306856735913,0.8256558570944823,0.8072124122907964,0.9891680645462108
0.386,11.685327719833179,0.9965483144897406,0.9999970999193009,0.9999999102469491,0.9999992153943461,0.999902243704037,0.999757726764693,0.9995594717342782,0.9994289274515861,0.9992910169241866,0.9949592290948185,0.9952259125724501,0.9885974581213789,0.9637973042039084,0.9280644304541573,0.826033247129237,0.8076025544793858,0.9892013168499036
0.387,11.699336451781583,0.9965720833911553,0.9999971442649324,0.9999999119849928,0.9999992285832496,0.9999033286280872,0.9997601584527118,0.9995635841008909,0.9994340898916914,0.9992972439357849,0.9949915809570009,0.9952569316255253,0.9886596210038122,0.9639439636410466,0.9282967628165332,0.8264087590527841,0.8079908095827271,0.9892343459462709
0.388,11.713306342513862,0.9965956223754547,0.9999971878114613,0.9999999136846802,0.999999241514609,0.9999043985254527,0.9997625590103703,0.9995676466855593,0.9994391913537118,0.9993033989851591,0.9950236351446905,0.995287662691323,0.9887212712882814,0.964089618236798,0.9285276943572939,0.8267824060383013,0.8083771905425721,0.9892671539726459
0.389,11.727237553345642,0.9966189342164337,0.9999972305752948,0.9999999153469544,0.9999992541941014,0.9999054536414306,0.9997649289129416,0.9995716602130538,0.9994442327071253,0.9993094830796235,0.9950553951015393,0.9953181091274556,0.9887824143962998,0.9642342771302124,0.928757236554036,0.8271542011408104,0.8087617101866656,0.9892997430400171
0.39,11.74113024470046,0.9966420216482179,0.9999972725724637,0.9999999169727335,0.9999992666272658,0.9999064942167438,0.9997672686273431,0.9995756253959255,0.9994492148070185,0.9993154972100888,0.9950868642237396,0.9953482742449328,0.9888430556802127,0.9643779493579244,0.9289854007668354,0.8275241572984657,0.8091443812299702,0.9893321152334248
0.391,11.75498457611597,0.9966648873659173,0.9999973138186331,0.9999999185629105,0.9999992788195058,0.9999075204876364,0.9997695786123018,0.9995795429347393,0.9994541384943564,0.9993214423513649,0.9951180458607789,0.9953781613089077,0.9889032004242255,0.9645206438555107,0.9292121982396847,0.8278922873338237,0.8095252162758747,0.989364272612347
0.392,11.76880070625,0.9966875340262655,0.9999973543291105,0.9999999201183546,0.9999992907760938,0.9999085326859672,0.999771859318516,0.9995834135183018,0.999459004596246,0.9993273194624575,0.9951489433161812,0.9954077735394097,0.9889628538454137,0.9646623694588262,0.9294376401019099,0.828258603955098,0.8099042278173888,0.9893962172110827
0.393,11.782578792886646,0.9967099642482492,0.9999973941188555,0.9999999216399117,0.9999993025021742,0.9999095310393004,0.9997741111888139,0.9995872378238848,0.9994638139261963,0.9993331294868593,0.995179559848235,0.9954371141120637,0.9890220210947164,0.964803134905321,0.9296617373695674,0.8286231197573978,0.8102814282383207,0.989427951039123
0.394,11.796318992942256,0.9967321806137246,0.9999974332024877,0.999999923128405,0.9999993140027668,0.9999105157709948,0.999776334658308,0.9995910165174436,0.9994685672843703,0.9993388733528348,0.9952098986707089,0.9954661861587972,0.9890807072579126,0.9649429488353357,0.9298845009468207,0.8289858472239503,0.8106568298144416,0.9894594760815218
0.395,11.810021462471397,0.9967541856680234,0.9999974715942961,0.9999999245846359,0.9999993252827704,0.9999114871002913,0.9997785301545465,0.9995947502538307,0.9994732654578335,0.9993445519736988,0.9952399629535531,0.9954949927685337,0.9891389173565819,0.965081819793379,0.9301059416272983,0.8293467987273077,0.8110304447146338,0.9894907942992553
0.396,11.823686356672761,0.996775981920547,0.999997509308247,0.9999999260093841,0.9999993363469658,0.9999124452423972,0.9997806980976622,0.9995984396770053,0.9994779092207976,0.9993501662480899,0.99526975582359,0.9955235369878742,0.9891966563490482,0.9652197562293842,0.9303260700954318,0.8297059865305392,0.8114022850020273,0.9895219076295787
0.397,11.837313829895027,0.9967975718453499,0.9999975463579918,0.9999999274034092,0.9999993472000186,0.9999133904085697,0.9997828389005164,0.9996020854202385,0.999482499334857,0.9993557170602383,0.9952992803651912,0.9955518218217669,0.9892539291313079,0.9653567664999473,0.9305448969277754,0.8300634227884074,0.8117723626351177,0.9895528179863734
0.398,11.85090403564266,0.9968189578817133,0.9999975827568747,0.99999992876745,0.999999357846483,0.9999143228061972,0.9997849529688413,0.9996056881063137,0.9994870365492228,0.9993612052802279,0.9953285396209429,0.9955798502341636,0.9893107405379432,0.9654928588695472,0.9307624325943078,0.8304191195485302,0.8121406894688746,0.9895835272604911
0.399,11.864457126581703,0.9968401424347066,0.9999976185179409,0.9999999301022263,0.9999993682908039,0.9999152426388781,0.9997870407013782,0.999609248347723,0.9994915216009508,0.999366631764253,0.9953575365923,0.9956076251486661,0.9893670953430186,0.9656280415117462,0.9309786874597141,0.8307730887525279,0.8125072772558335,0.989614037320091
0.4,11.877973254545454,0.9968611278757402,0.9999976536539436,0.9999999314084387,0.9999993785373202,0.999916150106499,0.9997891024900141,0.9996127667468603,0.9994959552151649,0.9993719973548705,0.9953862742402279,0.9956351494491595,0.9894229982609647,0.9657623225103733,0.9311936717846513,0.8311253422371554,0.8128721376471748,0.9896443500109714
