Beta,R_0,R1,R2,R3,R4,R5,R6,R7,R8,R9,R10,R11,R12,R13,R14,R15,R16,R_all
0.0,0.0,0.0,0.0,0.0,0.0,0.0,0.0,0.0,0.0,0.0,0.0,0.0,0.0,0.0,0.0,0.0,0.0,0.0
0.001,0.06334527816550349,0.0,0.0,0.0,0.0,0.0,0.0,0.0,0.0,0.0,0.0,0.0,0.0,0.0,0.0,0.0,0.0,0.0
0.002,0.1263127514910537,0.0,0.0,0.0,0.0,0.0,0.0,0.0,0.0,0.0,0.0,0.0,0.0,0.0,0.0,0.0,0.0,0.0
0.003,0.18890578989098117,0.0,0.0,0.0,0.0,0.0,0.0,0.0,0.0,0.0,0.0,0.0,0.0,0.0,0.0,0.0,0.0,0.0
0.004,0.25112772332015815,2.220446049250313e-16,3.3306690738754696e-16,1.6653345369377348e-15,2.55351295663786e-15,1.3322676295501878e-15,4.440892098500626e-16,3.3306690738754696e-16,3.3306690738754696e-16,3.3306690738754696e-16,3.3306690738754696e-16,3.3306690738754696e-16,2.220446049250313e-16,0.0,0.0,0.0,0.0,5.954508926360886e-16
0.005,0.312981842364532,0.0,0.0,0.0,0.0,0.0,0.0,0.0,0.0,0.0,0.0,0.0,0.0,0.0,0.0,0.0,0.0,0.0
0.006,0.3744713988212181,0.0,0.0,0.0,0.0,0.0,0.0,0.0,0.0,0.0,0.0,0.0,0.0,0.0,0.0,0.0,0.0,0.0
0.007,0.43559960626836436,0.0,0.0,0.0,0.0,0.0,0.0,0.0,0.0,0.0,0.0,0.0,0.0,0.0,0.0,0.0,0.0,0.0
0.008,0.496369640625,0.0,0.0,0.0,0.0,0.0,0.0,0.0,0.0,0.0,0.0,0.0,0.0,0.0,0.0,0.0,0.0,0.0
0.009,0.556784640701071,0.0,1.1102230246251565e-16,3.3306690738754696e-16,1.7763568394002505e-15,4.440892098500626e-16,0.0,1.1102230246251565e-16,1.1102230246251565e-16,1.1102230246251565e-16,1.1102230246251565e-16,1.1102230246251565e-16,1.1102230246251565e-16,0.0,0.0,0.0,0.0,2.3361299554735303e-16
0.01,0.6168477087378641,0.0,0.0,0.0,0.0,0.0,0.0,0.0,0.0,0.0,0.0,0.0,0.0,0.0,0.0,0.0,0.0,0.0
0.011,0.6765619109390125,0.0,0.0,0.0,0.0,0.0,0.0,0.0,0.0,0.0,0.0,0.0,0.0,0.0,0.0,0.0,0.0,0.0
0.012,0.735930277992278,1.4432899320127035e-15,2.1094237467877974e-15,4.551914400963142e-15,7.882583474838611e-15,3.885780586188048e-15,2.6645352591003757e-15,2.220446049250313e-15,2.1094237467877974e-15,2.1094237467877974e-15,1.4432899320127035e-15,1.4432899320127035e-15,1.1102230246251565e-15,5.551115123125783e-16,2.220446049250313e-16,2.220446049250313e-16,2.220446049250313e-16,2.408431626909989e-15
0.013,0.7949558055822907,3.9968028886505635e-15,5.662137425588298e-15,1.176836406102666e-14,2.0761170560490427e-14,9.43689570931383e-15,6.217248937900877e-15,5.662137425588298e-15,5.440092820663267e-15,5.88418203051333e-15,4.884981308350689e-15,3.552713678800501e-15,2.3314683517128287e-15,1.7763568394002505e-15,1.2212453270876722e-15,1.1102230246251565e-15,9.992007221626409e-16,6.2989015351686265e-15
0.014,0.8536414548944338,1.1102230246251565e-15,1.9984014443252818e-15,4.773959005888173e-15,9.658940314238862e-15,4.218847493575595e-15,2.55351295663786e-15,2.1094237467877974e-15,1.9984014443252818e-15,2.1094237467877974e-15,1.5543122344752192e-15,1.4432899320127035e-15,9.992007221626409e-16,5.551115123125783e-16,2.220446049250313e-16,2.220446049250313e-16,2.220446049250313e-16,2.5178943124694794e-15
0.015,0.9119901531100477,2.6645352591003757e-15,4.107825191113079e-15,9.325873406851315e-15,1.6764367671839864e-14,6.994405055138486e-15,4.107825191113079e-15,3.6637359812630166e-15,3.774758283725532e-15,3.885780586188048e-15,3.219646771412954e-15,2.55351295663786e-15,1.887379141862766e-15,9.992007221626409e-16,7.771561172376096e-16,6.661338147750939e-16,5.551115123125783e-16,4.578347813197119e-15
0.016,0.9700047938931298,2.275957200481571e-14,3.26405569239796e-14,7.771561172376096e-14,1.5021317523178368e-13,6.328271240363392e-14,3.68594044175552e-14,3.141931159689193e-14,3.241851231905457e-14,3.375077994860476e-14,2.90878432451791e-14,2.1316282072803006e-14,1.4654943925052066e-14,9.769962616701378e-15,6.8833827526759706e-15,6.994405055138486e-15,6.661338147750939e-15,3.998233707806978e-14
0.017,1.0276882378686965,0.011464270793983822,0.0164501704273885,0.03907392100371143,0.07417240203435949,0.03182727592952683,0.01865617345934023,0.01590555973133334,0.016371539361661913,0.017080902617409466,0.014714956527696277,0.010784460791374184,0.0074018083409493896,0.0048471843298473205,0.003559277471975264,0.0034691301381442052,0.0034502673444104515,0.02006299442757946
0.018,1.085043313092979,0.0371037258481145,0.05271696684520144,0.11831326791039265,0.2092218863939913,0.09691911564876832,0.059028408549285705,0.050893942351262766,0.052037917191923966,0.05384835248565234,0.046167192397285506,0.034162777542534495,0.023676292786089292,0.015614084779609239,0.011502636210907746,0.011099879691715553,0.010958331219907524,0.0612535630321057
0.019,1.1420728155156101,0.06481072286928402,0.09111847077338753,0.19373569171784666,0.32210126934012184,0.15996527864079257,0.10094275017768983,0.08791702491933673,0.0893848412157543,0.09183336178235468,0.07846058186057325,0.05858971824983783,0.04098489011624362,0.027212994971689386,0.020102597344248463,0.019230795335498985,0.01885683922169401,0.1015820486636967
0.02,1.1987795094339624,0.09410762415655849,0.1308722709445198,0.26442614946338017,0.416697332727067,0.2203855522583551,0.1436843470769198,0.12629011559474612,0.1277847400390134,0.13047318522055074,0.11121812399063224,0.08376826246930302,0.05912084181292143,0.03951314923603433,0.029258911405591226,0.027780372395723396,0.027071409539647817,0.1408529602134254
0.021,1.2551661279397932,0.12450164139116326,0.17123735000962015,0.32987335059222334,0.49620092692772144,0.2777265284136219,0.18657044396814093,0.1653432709527528,0.16662962623706867,0.16923231894268276,0.1440738157757253,0.10940132340549669,0.0778683376393976,0.05237342246693977,0.038865337518472876,0.03666343417652662,0.035526964263460914,0.17886626315081616
0.022,1.3112353733583488,0.1555248799582315,0.2115632340565412,0.3899028042361552,0.5632347388777037,0.3316832637932623,0.22900041894323786,0.20447137496847512,0.2053749869553234,0.20763904130816124,0.1766990812056951,0.13521372263221076,0.09701978052082527,0.06565424705720335,0.04881806557610746,0.04579770235892966,0.044153006857458266,0.21544959835451621
0.023,1.3669899176800748,0.18676062063944265,0.25131418037125397,0.4445890984283509,0.6199524492166328,0.38209526654447057,0.270482420054025,0.24316295208368122,0.24356412691979645,0.2453042541674615,0.20881737483366014,0.1609654527567087,0.11638723588724653,0.07922595255647691,0.059021372739255895,0.05510804122803492,0.05288671455623961,0.25047398573554513
0.024,1.4224324029850746,0.21785655299685502,0.2900738232732394,0.49417226048788643,0.6681199385746894,0.4289264988169531,0.3106401502553928,0.2810104374104735,0.2808359708286341,0.2819259798841398,0.24020893446438008,0.18645733656754215,0.13580842976804353,0.09297357876098256,0.06939072707582783,0.0645286552472788,0.0616742711785242,0.2838577136953263
0.025,1.4775654418604651,0.24852787599355253,0.3275370734383104,0.5389895493817245,0.7091834465729571,0.4722384415353177,0.34920599174957234,0.31770718526618713,0.3169212976074073,0.3172842107320417,0.27070869505623574,0.21153114722585475,0.15514851605222968,0.10679883574110416,0.07985390980789286,0.07400375247421842,0.07047097559579352,0.3155629960701266
0.026,1.5323916178107606,0.27855373049191035,0.3634952958561126,0.5794251825227501,0.7443270191293769,0.5121627053150193,0.38600660612380566,0.3530366648070842,0.35163232025015545,0.3512304870465057,0.30020027639040003,0.23606632319820597,0.17429903556607385,0.12062008009374559,0.09035080337282231,0.08348720781315722,0.07924061282688943,0.3455890414480156
0.027,1.5869134856614244,0.3077699847551201,0.3978191583287959,0.6158760647147126,0.7745206245839116,0.5488768583504346,0.42094573516616074,0.38685819427516366,0.3848494476244573,0.3836754948295905,0.32860829636575417,0.2599750056917468,0.19317530204632272,0.13437110146683806,0.10083240509808034,0.09294166874397336,0.08795445931078671,0.3739640117931872
0.028,1.6411335719557196,0.3360605764078354,0.430441883154817,0.6487300573846304,0.8005600563876232,0.5825849516093256,0.4539872317463951,0.4190921327764009,0.41650775905298343,0.4145767804087711,0.3558904882397601,0.2831965869563018,0.21171311752793798,0.14799932372753977,0.11125947907419798,0.10233742003380775,0.09659017093759426,0.4007373173965186
0.029,1.6950543753449863,0.36334880808837,0.46134432910745005,0.6783533094158984,0.823099698723486,0.6135028539986277,0.48513993219788465,0.4497061945730543,0.44658461012650574,0.44392770717728747,0.3820304494554746,0.30569247768640706,0.22986539406592044,0.16146382426445827,0.12160111509071414,0.11165120802085093,0.10513070096004007,0.42597294566711436
0.03,1.7486783669724772,0.3895893634233988,0.4905424544595889,0.7050837600253461,0.8426792113146687,0.6418478214552269,0.5144450041859185,0.4787036491938702,0.47508900076196636,0.4717481124703362,0.40703139221988405,0.32744144924401075,0.24759900429370163,0.17473341064175107,0.13183335026148857,0.12086513676466504,0.11356332278810521,0.44974404875699014
0.031,1.8020079908508693,0.41476138172665356,0.5180771963427735,0.7292286402896939,0.85974513107686,0.667831480475368,0.5419658232722662,0.5061136071963133,0.5020528505295887,0.4980767235878272,0.43091098471339495,0.3484356796601946,0.2648920100719556,0.18778487758520235,0.14193793067181393,0.1299656888548385,0.1218787867948129,0.4721287550723419
0.032,1.855045664233577,0.43886266985054045,0.5440065402978347,0.7510644374525284,0.8746682910097188,0.6916554077274766,0.5677801368520337,0.5319832833705048,0.5275240642451882,0.522965185461291,0.45369722027336656,0.3686775026034318,0.28173131251944183,0.2006014931971859,0.15190124138539984,0.13894288733920757,0.1300706139091775,0.49320704995912945
0.033,1.907793777979982,0.46190498901563026,0.5683994507115948,0.7708382839283601,0.8877578381399219,0.7135085979792266,0.591974159142762,0.5563719887084546,0.5515611541288403,0.5464734675013889,0.4754251840940521,0.38817679388033455,0.29811070849315235,0.2131717203193102,0.16171340525421274,0.1477895951517897,0.138134515360811,0.5130585331756133
0.034,1.9602546969147008,0.48391029005362274,0.5913313181644828,0.7887700942331032,0.8992725095027562,0.7335662551479868,0.6146382258945741,0.5793465605649801,0.57422915279658,0.568666400970198,0.4961345678073119,0.4069489049483339,0.314029310927221,0.22548815662285793,0.17136753684647243,0.15650093871129622,0.14606792238007327,0.5317608657400867
0.035,2.012430760180996,0.5049077506815048,0.6128806085621896,0.8050550233525674,0.9094297096427951,0.7519894776908991,0.6358636709616923,0.6009779504125252,0.5955965633567466,0.5896111163937701,0.5158677884066195,0.4250130496594269,0.32949028078065123,0.2375466673098937,0.18085913199229475,0.16507383877542992,0.15386960847921483,0.549388742441235
0.036,2.0643242815884477,0.524931472339166,0.6331264448745137,0.8198659877690382,0.9184128309597719,0.7689255246658658,0.6557406387549103,0.6213387218674674,0.6157331242713642,0.6093751826951557,0.534668585247082,0.4423910579128407,0.34449981840378274,0.24934568179933148,0.19018557228468713,0.17350663138659494,0.16153938797282652,0.5660132555389188
0.037,2.1159375499549955,0.5440187090745168,0.6521469011744869,0.8333560998252868,0.9263771714773984,0.7845084394253216,0.6743566009613388,0.6405012521972928,0.6347082036816147,0.6280252848578176,0.5525809894626097,0.45910642162714743,0.35906636685517,0.26088562700846984,0.19934572508472537,0.1817987631264565,0.1690778763719598,0.5817015434436479
0.038,2.167272829443447,0.562208519732134,0.6700178336742668,0.8456609358681952,0.933454732940605,0.7988598761949729,0.6917953953475546,0.6585364701172527,0.652589673645854,0.6456263096753891,0.5696485801320993,0.47518357098884123,0.37319998619084227,0.27216847277469824,0.20833962182407506,0.18995054692941304,0.1764863005138847,0.5965166427160715
0.039,2.2183323598925697,0.5795407534989852,0.6868121119626442,0.8569006019809032,0.939758124022395,0.812090024711658,0.7081366462409626,0.6755129977345518,0.6694431461898276,0.6622407373662178,0.5859139591775346,0.490647330617364,0.38691186446571213,0.28319736844795973,0.21716819993519354,0.19796296686045978,0.1837663484226033,0.6105174818388813
0.04,2.2691183571428573,0.596055295904464,0.7025991451968082,0.8671815872611713,0.9453837468697494,0.8242985637739859,0.7234554600945264,0.6914965938605859,0.6853314793302617,0.6779282600702137,0.6014183917664873,0.5055225154296278,0.4002139373895529,0.29397635312473125,0.2258330961908972,0.20583752228151442,0.19092005078419838,0.6237589710933154
0.041,2.3196330133570795,0.6117915170052948,0.7174446231340037,0.8765984097100105,0.9504144082375421,0.835575599597227,0.7378223161450732,0.7065498196861416,0.7003144824588002,0.6927455668360363,0.6162015709901993,0.5198336344404414,0.4131185939723774,0.30451012511048303,0.2343364814299126,0.21357610360360568,0.19794968752132802,0.6362921551076388
0.042,2.369878497335702,0.6267878756378005,0.7314104115370983,0.8852350679395997,0.9549214672293188,0.8460025621488287,0.7513030927153754,0.7207318666372506,0.7144487672642443,0.7067462492952427,0.6303014751211121,0.5336046776018385,0.4256384500173137,0.3148038588887533,0.2426809285272551,0.22118089332321933,0.2048577142705842,0.6481644039106184
0.043,2.419856954827281,0.6410816434948066,0.7445545566467477,0.893166315752069,0.9589666086222026,0.8556530443796388,0.7639591853551737,0.7340985009038732,0.7277877034588535,0.7199807935169806,0.6437542932209421,0.5468589662688345,0.43778617502800343,0.32486306013199695,0.25086930703963517,0.22865428728181325,0.21164670463549806,0.6594196252499838
0.044,2.4695705088339226,0.6547087206929554,0.7569313649970579,0.900458777892949,0.9626033126083255,0.8645935770934537,0.7758476848156204,0.746702090450359,0.7403814486702607,0.7324966322034128,0.656594400663745,0.5596190522111768,0.44957436109418636,0.33469345114723825,0.2589046992456543,0.23599883209797912,0.21831930494463858,0.6700984860624432
0.045,2.5190212599118946,0.6677035207668174,0.7685915336414325,0.9071719250338609,0.9658780774927369,0.8728843372994501,0.7870215916832626,0.7585916889750222,0.7522770295894687,0.7443382379894088,0.6688543706029233,0.5719066534867203,0.46101542471643187,0.3443008806600871,0.26679033334699276,0.24321717553647637,0.2248781989257126,0.6802386347434003
0.046,2.568211286467487,0.6800989079637145,0.779582312488127,0.9133589249717773,0.9688314406163825,0.8805797911157083,0.7975300510695582,0.7698131578714424,0.7635184573489525,0.7555472436156419,0.6805650108354946,0.5837426181411746,0.4721215344365318,0.3536912530589178,0.27452953043972816,0.2503120272312236,0.2313260802463496,0.6898749186027873
0.047,2.6171426450482036,0.6919261735823437,0.789947685427624,0.9190673855687145,0.9714988338670967,0.8877292742359962,0.8074185956132022,0.780409312229321,0.7741468645638592,0.7661625785233546,0.6917554181346575,0.5951469087587578,0.48290455864847837,0.3628704731984237,0.28212566254079574,0.25728612770042647,0.23766563129867058,0.6990395928708506
0.048,2.665817370629371,0.7032150411198981,0.799728560661834,0.9243400033501319,0.9739113030881373,0.8943775140553104,0.816729388631285,0.7904200806719875,0.784200654836139,0.7762206142623786,0.702453044117771,0.6061386024866073,0.4933760291558946,0.37184440364339977,0.2895821194950743,0.2641422240070216,0.2438995069412555,0.7077625190330359
0.049,2.714237476896251,0.7139936923465409,0.8089629634235705,0.9292151300806604,0.9760961150918823,0.900565098063486,0.8255014618760242,0.7998826716524764,0.7937156580551535,0.7857553132364216,0.7126837682358803,0.6167359023945218,0.5035471169808836,0.3806188318575675,0.29690228302007093,0.2708830507477966,0.2500303221776402,0.7160713512754922
0.05,2.7624049565217397,0.7242888082570906,0.817686226337154,0.9337272681234103,0.9780772715236251,0.9063288932611779,0.8337709442616184,0.8088317409454413,0.802725286728818,0.7947983769036983,0.722471974624955,0.6269561569910863,0.5134286176693292,0.3891994453399964,0.3040895064896306,0.27751131531726947,0.2560606429600846,0.7239917105231344
0.051,2.8103217814397223,0.7341256202719983,0.8259311741948517,0.9379075040042698,0.9798759452538015,0.9117024212658515,0.8415712793047442,0.8172995566502744,0.8112606899997284,0.8033793907382383,0.7318406304341416,0.6368158854601373,0.523030943920904,0.39759181310868197,0.3111470993330552,0.2840296866015184,0.2619929794730179,0.7315473460329909
0.052,2.8579899031141873,0.7435279681633038,0.8337283010436265,0.941783888360705,0.9815108521169617,0.9167161935500685,0.8489334300101149,0.8253161591930678,0.8193509030579846,0.8115259641376338,0.7408113639087572,0.646330806756714,0.5323641238319338,0.4058013722477025,0.31807831514574025,0.29044078642381865,0.2678297813816747,0.738760284827382
0.053,2.9054112528041416,0.752518362036678,0.841105938293807,0.9453817693564633,0.9829985685145244,0.9213980109525127,0.855886070632007,0.8329095146812718,0.8270229904453515,0.8192638641123478,0.7494045410059041,0.6555158711468818,0.541437803402043,0.4138334184874587,0.32488634278315787,0.29674718319689675,0.27357343463534645,0.7456509694589728
0.054,2.952587741824441,0.7611180463631145,0.8480904131523943,0.9487240856820947,0.9843538035402701,0.9257732312648945,0.8624557652302923,0.8401056606008194,0.8343021823215955,0.8266171420673636,0.757639339697178,0.6643852931204871,0.5502612522420796,0.42169309998993443,0.3315742998508395,0.3029513873429228,0.27922625949722957,0.7522383847256956
0.055,2.9995212618025753,0.7693470645660692,0.8547061971062475,0.9518316244250389,0.9855896327820631,0.9298650083515336,0.8686671332719862,0.8469288433083144,0.841212003184324,0.8336082533321598,0.7655338213952855,0.6729525848725202,0.5588433716472312,0.42938541367299254,0.3381452281159363,0.3090558481274309,0.2847905095384998,0.7585401740218112
0.056,3.0462136849315073,0.7772243230653999,0.8609760444777225,0.9547232483693553,0.9867176997293493,0.9336945059196045,0.8745430027488471,0.8534016471040093,0.8477743928372763,0.8402581693425366,0.7731049991520851,0.6812305897549684,0.5671927043784402,0.4369152035377357,0.3446020904567493,0.31506295162162,0.2902683713866048,0.7645727460394786
0.057,3.092666864218617,0.7847676539841727,0.8669211212798815,0.9574160966608574,0.9877483897174854,0.9372810887365373,0.8801045514193082,0.8595451149074069,0.8540098196179954,0.8465864825523474,0.7803689024316396,0.6892315152602457,0.5753174456370603,0.44428716056735296,0.35094776903970015,0.32097501956233654,0.29566196505955855,0.770351372535747
0.058,3.1388826337308346,0.791993875958564,0.8725611247345963,0.959925762236014,0.9886909805226674,0.9406424937922815,0.8853714368620748,0.8653788607211643,0.8599373860463657,0.8526115042733611,0.7873406383765092,0.6969669652200914,0.5832254548301166,0.45150582384988736,0.3571850644721778,0.3267943089231806,0.3009733447514875,0.7758902778620713
0.059,3.184862808836024,0.7989188526703419,0.8779143939029446,0.9622664489509741,0.9895537730500253,0.9437949836304417,0.8903619160660952,0.8709211741791572,0.8655749271573651,0.8583503557213505,0.7940344495686334,0.7044479709982683,0.5909242678126371,0.4585755826449971,0.3633166957273256,0.33252301204580414,0.30620449996146715,0.7812027209238186
0.06,3.2306091864406783,0.8055575488580109,0.8829980119269636,0.9644511109501758,0.990344205004452,0.9467534838242065,0.89509295528982,0.8761891175451593,0.870939101847184,0.863819052596627,0.8004637683454191,0.7116850215278152,0.5984211093641957,0.4655006791693753,0.3693453006753793,0.3381632572092276,0.3113573568792378,0.7863010702005094
0.061,3.2761235452240065,0.811924083666168,0.8878279004052729,0.9664915764730914,0.991068949976659,0.949531706349867,0.8995803309109325,0.8811986155701854,0.8760454776012134,0.8690325835556657,0.8066412677729221,0.7186880920989107,0.6057229057128632,0.4722852119195886,0.37527343708742833,0.3437171095383085,0.31643377995867084,0.791196872417024
0.062,3.321407645868465,0.8180317812703333,0.8924189064299064,0.9683986580047841,0.9917340039980015,0.9521422604111608,0.9038387219626905,0.8859645386370663,0.8809086089924019,0.8740049829430874,0.8125789094056692,0.7254666718453577,0.6128362969641923,0.47893313938673954,0.3811035840028345,0.34918657217133886,0.3214355736238007,0.7959009154139959
0.063,3.3664632312867955,0.8238932187723047,0.8967848828035958,0.9701822504242191,0.9923447613024753,0.9545967520900022,0.9078817950196124,0.8905007796262704,0.8855421103446368,0.8787493981546707,0.8182879879802097,0.7320297899093112,0.6197676493280747,0.4854482840462355,0.3868381433721749,0.3545735876220968,0.3263644840634572,0.8004232857237359
0.064,3.411292026845638,0.8295202714034121,0.9009387619398743,0.9718514185877505,0.9929060807714445,0.9569058740414325,0.9117222820568954,0.894820324931812,0.8899587229520953,0.8832781519955677,0.8237791731994456,0.7383860402874334,0.6265230670641775,0.4918343365293314,0.39247944190436934,0.35988003928412005,0.3312222010796081,0.8047734213172665
0.065,3.4558957405857744,0.8349241551034565,0.9048926239258206,0.9734144755987844,0.9934223443168092,0.9590794863109562,0.9153720518672286,0.8989353200436045,0.8941703772350142,0.8876028003860214,0.8290625487691871,0.7445436053789586,0.6331084040886652,0.49809485990208513,0.3980297330603345,0.36510775303508924,0.3360103599618126,0.8089601599491422
0.066,3.500276063439065,0.8401154665643408,0.9086577592012834,0.9748790528539657,0.9938975082739013,0.9611266892289485,0.9188421755772512,0.9028571300953315,0.8981882501972922,0.8917341857514866,0.8341476488487112,0.7505102782686306,0.6395292752022618,0.5042332939927414,0.4034911991466773,0.37025849890748486,0.3407305433661042,0.8129917834900237
0.067,3.5444346694421323,0.8451042208415868,0.9122447262806597,0.9762521628176088,0.9943351487202975,0.9630558892277877,0.922142986765069,0.9065963957566177,0.9020228185334389,0.8956824864165278,0.8390434920745435,0.7562934837862163,0.6457910669133385,0.5102529597210533,0.40886595347205434,0.3753339927983872,0.34538428318139625,0.8168760586027307
0.068,3.588373215946844,0.8498998866457439,0.9156634049148823,0.9775402553563317,0.9947385015059328,0.9648748583311428,0.9252841366407246,0.9101630848263167,0.9056839077128341,0.8994572623031748,0.8437586133120615,0.7619002983901415,0.651898947840343,0.516157063393166,0.41415604253626137,0.38033589819677904,0.34997306237033954,0.820620274085715
0.069,3.6320933438276723,0.8545114194304476,0.9189230450630768,0.9787492683622536,0.9951104976693137,0.9665907879799946,0.9282746447138985,0.9135665398610834,0.9091807373489853,0.9030674972153319,0.8483010932835552,0.7673374689264729,0.6578578786861928,0.5219487009339197,0.4193634482282179,0.3852658279111959,0.35449831677468746,0.8242312751786791
0.07,3.675596677685951,0.8589472923955747,0.9220323120158687,0.9798846733033699,0.9954537948208918,0.968210337785115,0.9311229453376378,0.9168155221507159,0.9125219631410625,0.9065216379718288,0.8526785862145118,0.7726114303164334,0.6636726217836202,0.5276308620350509,0.4244900900139691,0.39012534578420177,0.3589614368777164,0.8277154950981866
0.071,3.7188848260511125,0.8632155255233829,0.9249993279859975,0.9809515162618676,0.9957708049950221,0.9697396797297306,0.9338369304837765,0.919918252329547,0.9157157156549549,0.9098276306321678,0.8568983456325333,0.7777283222263558,0.66934775021535,0.5332064342032032,0.42953782709989874,0.39491596838315535,0.36336376951827254,0.831078984046606
0.072,3.761959381578947,0.8673237127633026,0.9278317104569129,0.9819544549535162,0.9960637194041043,0.9711845382878589,0.9364239890749376,0.9228824478917466,0.9187696361916866,0.9129929540411735,0.8609672484456949,0.782694004773751,0.6748876565166669,0.5386782066959626,0.43450846055966397,0.39963916665915533,0.3677066195526363,0.834327435915347
0.073,3.8048219212469236,0.8712790474776498,0.9305366075565367,0.9828977921624303,0.9963345304706063,0.9725502268724106,0.938891043169587,0.925715357857974,0.9216909099724915,0.9160246509017699,0.864891817419517,0.7875140733222344,0.6802965609706523,0.5440488743376783,0.43940373541606126,0.404296367568025,0.37199125146168877,0.8374662128830063
0.074,3.8474740065466446,0.8750883462563401,0.9331207307014375,0.9837855059742464,0.9965850514631429,0.9738416809817774,0.9412445812704597,0.9284237948215328,0.9244862968522861,0.9189293565690614,0.8686782421642114,0.7921938724166367,0.6855785195083344,0.5493210412096317,0.4442253426712621,0.40888895564880456,0.3762188909019025,0.8405003680905659
0.075,3.8899171836734694,0.8787580712039254,0.9355903847362608,0.9846212771460241,0.9968169340203152,0.9750634883735199,0.9434906890026966,0.9310141645840637,0.9271621597567552,0.9217133257438405,0.8723323987365377,0.7967385089078254,0.6907374312273562,0.5544972242113604,0.44897492128061167,0.4134182745565165,0.38039072619949676,0.8434346665590083
0.076,3.932152983713355,0.8822943507972569,0.9379514957743983,0.9854085139121146,0.9970316838095311,0.9762199165583219,0.9456350773861002,0.9334924935739339,0.92972449102283,0.924382457229596,0.875859867953599,0.8011528643147876,0.6957770455436709,0.5595798564917782,0.4536540600666842,0.4178856285470297,0.3845079097877464,0.8462736044995505
0.077,3.97418292282697,0.8857029994068456,0.9402096369284599,0.9861503744910323,0.9972306745366207,0.9773149378760071,0.947683108905882,0.9358644542247644,0.9321789368079476,0.9269423169040161,0.8792659525091844,0.8054416064693332,0.7007009689912721,0.5645712907501046,0.45826429957142634,0.42229228391268625,0.38857155958793466,0.8490214271529108
0.078,4.016008502431118,0.8889895355697766,0.9423700521031076,0.986849787528413,0.9974151604949635,0.9783522523876318,0.9496398215680296,0.9381353884770165,0.9345308197201513,0.9293981590438793,0.8825556929769285,0.8096092004865774,0.7055126716852274,0.5694738024077772,0.4628071338452021,0.4266394703680473,0.39258276033484796,0.851682145281602
0.079,4.057631209377527,0.8921591990968438,0.9444376780081004,0.9875094706848356,0.997586287819428,0.9793353087930451,0.9515099511087922,0.9403103295521261,0.9367851598087432,0.931754946131019,0.8857338827785657,0.8136599191020847,0.7102154934632563,0.5742895926533538,0.467284012172279,0.43092838238564624,0.39654256484797556,0.8542595504279435
0.08,4.099052516129032,0.8952169670915225,0.9464171645359357,0.9881319475541849,0.9977451045901476,0.9802673235614633,0.9532979515126788,0.9423940221363186,0.9389466940438249,0.9340173672567244,0.8888050821899399,0.8175978524143324,0.714812649720963,0.5790207913630889,0.4716963407329312,0.43516018048207594,0.40045199524983865,0.856757229040319
0.081,4.140273880933226,0.8981675689535071,0.9483128936361375,0.9887195630778933,0.9978925699135662,0.9811512984432109,0.9550080139796155,0.9443909410998638,0.9410198944025693,0.9361898552324281,0.8917736314521705,0.8214269170689458,0.719307236955518,0.5836694599003631,0.47604548420279114,0.4393359924550685,0.40431204413300226,0.859178575560955
0.082,4.18129674799358,0.9010155004348521,0.9501289968069739,0.989274497602482,0.9980295620929034,0.9819900365135414,0.9566440844694313,0.9463053088670922,0.9430089846704273,0.9382766025057799,0.8946436630504706,0.8251508649190257,0.723702238032208,0.5882375937975004,0.4803327672904666,0.44345691457249015,0.40812367567746033,0.8615268045601651
0.083,4.222122547638111,0.9037650368122913,0.9518693713150891,0.9897987797120077,0.9981568859868803,0.9827861568841118,0.9582098799405072,0.948141111542922,0.9449179560566127,0.9402815759731713,0.8974191132185442,0.8287732911938339,0.7280005271878107,0.5927271253237705,0.48455947621471973,0.44752401271437126,0.4118878267201336,0.863804961994429
0.084,4.262752696485623,0.9064202452350617,0.9535376952441353,0.9902942979530536,0.9982752796439489,0.9835421082040336,0.9597089033891288,0.9499021138928705,0.9467505817150845,0.9422085307724,0.9001037327222425,0.8322976422061295,0.7322048747842508,0.5971399259435318,0.4887268601227297,0.45153832346924017,0.41560540777828636,0.8660159356588512
0.085,4.303188597609562,0.908984996303564,0.9551374414649165,0.9907628115575342,0.9983854202891296,0.984260181060246,0.9611444577867385,0.9515918732654916,0.9485104302547867,0.9440610231323945,0.9027010969722222,0.835727222626573,0.7363179518254528,0.6014778086685652,0.49283613245110514,0.45550085518613415,0.4192773040286575,0.868162464898327
0.086,4.343431640699523,0.9114629749304171,0.9566718906117299,0.9912059602576418,0.9984879297317033,0.9849425193760964,0.9625196590038004,0.9532137525388344,0.9502008783160835,0.9458424223507168,0.9052146155116938,0.8390652023518361,0.7403423342497644,0.6057425303086996,0.49688847223145005,0.45941258898373827,0.4229043762441208,0.8702471496361464
0.087,4.38348320222046,0.9138576905319232,0.9581441431424552,0.9916252732775399,0.9985833792542367,0.9855911308973164,0.9638374478012829,0.9547709321657859,0.9518251222840631,0.9475559219638712,0.9076475409219651,0.8423146229913634,0.7442805070097518,0.6099357936248071,0.500885025342334,0.46327447971814273,0.42648746168965157,0.8722724587736576
0.088,4.423344645569619,0.9161724865946516,0.9595571305534395,0.992022177577788,0.9986722940366035,0.9862078968459059,0.9651006009637687,0.9562664213870145,0.9533861892036604,0.9492045501702406,0.9100029771853592,0.8454784039961469,0.7481348679506263,0.6140592493882191,0.5048269057095809,0.46708745691073705,0.4300273749793624,0.87424073801001
0.089,4.463017321231255,0.9184105496587404,0.9609136258142829,0.9923980054208056,0.9987551571626839,0.9867945808146807,0.9663117416418429,0.9577030686746079,0.9548869469562935,0.9507911795606919,0.9122838875421847,0.848559348451376,0.7519077314979908,0.6181144983505396,0.5087151964567982,0.4708524256377635,0.4335249088963067,0.8761542171267968
0.09,4.502502566929134,0.920574917756631,0.9622162530822238,0.9927540013188569,0.9988324132521499,0.9873528369682875,0.9674733489656291,0.9590835714643504,0.9563301137529157,0.9523185362075185,0.9144931018757662,0.8515601485534152,0.7556013321650731,0.6221030931277461,0.5125509510080746,0.47457026738304153,0.4369808351767289,0.8780150167786144
0.091,4.541801707776904,0.9226684883432482,0.9634674967508834,0.9930913284199461,0.9989044717551089,0.9878842176102594,0.9685877669860982,0.9604104852298874,0.9577182669939759,0.9537892081583823,0.9166333236570643,0.8544833907902507,0.7592178278890773,0.6260265400023626,0.5163351941447537,0.47824184085536625,0.44039590526036276,0.8798251548271042
0.092,4.580916056426332,0.9246940257511279,0.9646697098836198,0.9934110743815824,0.9989717099432786,0.9883901801700916,0.9696572129959883,0.9616862319477196,0.9590538515427602,0.955205653378237,0.9187071364781347,0.8573315608433024,0.7627593032057842,0.6298863006473767,0.5200689230181642,0.48186798277204024,0.44377085100834424,0.881586552252901
0.093,4.619846913213448,0.9266541682016565,0.9658251220776353,0.9937142567775191,0.9990344756277496,0.9888720936592927,0.9706837852778334,0.962913107998037,0.9603391874548949,0.9565702071788518,0.9207170102015566,0.8601070482273422,0.766227772271031,0.6336837937754405,0.5237531081201423,0.4854495086099765,0.4471063853902275,0.8833010386770431
0.094,4.658595566302652,0.9285514344014182,0.9669358468012224,0.994001828078228,0.9990930896301939,0.9893312446408514,0.9716694703226407,0.9640932915428029,0.9615764772034144,0.9578850891724654,0.9226653067510168,0.8628121506841848,0.7696251817372539,0.6374203967167779,0.5273886942131462,0.488987213325766,0.4504032031415506,0.8849703575208187
0.095,4.697163291828794,0.9303882297506203,0.9680038882431081,0.9942746802419853,0.9991478480315399,0.9897688427524921,0.9726161495591502,0.9652288494192043,0.9627678124357031,0.9591524097832702,0.9245542855664325,0.8654490783447966,0.7729534134928076,0.6410974469290857,0.5309766012217049,0.49248187204606164,0.4536619813933278,0.8865961708306361
0.096,4.735551354037267,0.9321668521886969,0.9690311477097205,0.9945336489499574,0.9991990242196235,0.9901860258204315,0.9735256056303316,0.9663217435835694,0.9639151802957803,0.9603741763478267,0.9263861087453249,0.8680199576735299,0.7762142872713639,0.6447162434425722,0.5345177250868858,0.49593424072958536,0.45688338027479136,0.8881800637923604
0.097,4.773761005422153,0.9338894977004475,0.9700194296033415,0.9947795175155523,0.9992468707550952,0.9905838645970446,0.974399528250774,0.967373837138092,0.9650204693428013,0.961552298833128,0.9281628458906231,0.8705268352073062,0.7794095631382802,0.6482780482431612,0.5380129385854131,0.499345056802012,0.4600680434906419,0.8897235489575805
0.098,4.811793486862443,0.9355582655044535,0.97097044701149,0.9950130204954862,0.9992916210728754,0.9909633671528733,0.9752395196759002,0.9683868999701761,0.9660854750942582,0.9626885951988436,0.9298864786836537,0.8729716811017502,0.7825409438604454,0.651784087596749,0.5414630921150083,0.5027150397649516,0.463216598874017,0.8912280702024857
0.099,4.84965002775636,0.9371751629440126,0.9718858269354854,0.9952348470274989,0.9993334910346912,0.9913254829507127,0.9760470998114388,0.9693626140318892,0.9671119052201812,0.9637847964282673,0.9315589051997527,0.8753563924955088,0.785610077165746,0.6552355533172743,0.5448690144474606,0.5060448917801823,0.4663296589163226,0.8926950064383827
0.1,4.887331846153846,0.9387421100994411,0.9727671151839477,0.995445643917368,0.9993726803466539,0.991671106627085,0.9768237109893175,0.9703025782848983,0.9681013844126286,0.9648425512506408,0.9331819439827262,0.8776827967032734,0.7886185578979504,0.6586336039812348,0.5482315134508777,0.5093352982302584,0.469407821275028,0.8941256750913874
0.101,4.924840148887183,0.9402609441393046,0.9736157809549862,0.995646018495833,0.9994093738544346,0.9920010815042024,0.9775707224340572,0.9712083133343051,0.9690554589529148,0.9658634305758369,0.9347573378932561,0.8799526542473552,0.7915679300724798,0.6619793660911687,0.5515513767825069,0.5125869282565567,0.47245166926046067,0.8955213353674638
0.102,4.962176131699847,0.9417334234269336,0.9744332211289892,0.9958365412641851,0.999443742727346,0.9923162028535308,0.9782894344418489,0.9720812657730135,0.969975600997328,0.9668489316608209,0.9362867577453106,0.8821676617370411,0.7944596888382311,0.6652739351904895,0.5548293725534565,0.5158004352757846,0.4754617723026001,0.8968831913177153
0.103,4.999340979373568,0.9431612313974753,0.9752207642922374,0.9960177483456175,0.999475945541522,0.9926172209302604,0.9789810822927558,0.9729228122566209,0.9708632126005394,0.9678004820258759,0.9377718057436516,0.8843294546043781,0.7972952823503247,0.6685183769319614,0.5580662499665932,0.518976457475928,0.47843868639880927,0.898212394717702
0.104,5.036335865853659,0.9445459802196955,0.9759796745100258,0.9961901437579208,0.9995061292713832,0.9929048437963435,0.97964683991489,0.9737342633273169,0.9717196294944674,0.9687194431372568,0.9392140187346434,0.8864396097044882,0.8000761135583675,0.6717137281019806,0.5612627399288221,0.5221156182925684,0.4813829545434042,0.8995100477734939
0.105,5.073161954372624,0.945889214255788,0.9767111548665554,0.9963542015217456,0.9995344301976878,0.993179739948282,0.9802878233179592,0.9745168670038868,0.9725461246390535,0.9696071138717238,0.9406148712817368,0.8884996477880152,0.8028035419145796,0.6748609976027338,0.564419555638924,0.5252185268664622,0.4842951071399135,0.9007772056662158
0.106,5.109820397572079,0.947192413331563,0.9774163507875542,0.9965103676174248,0.9995609747396609,0.9934425407644859,0.9809050938122403,0.97527181215365,0.9733439115601908,0.970464733777285,0.9419757785762426,0.8905110358528302,0.8054788850058726,0.6779611673941963,0.5675373931520501,0.5282857784832304,0.4871756623968386,0.9020148789459513
0.107,5.146312337623013,0.9484569958285543,0.9780963531603953,0.9966590618022261,0.9995858802179766,0.9936938427858,0.9814996610278145,0.9760002316609832,0.974114147488931,0.9712934861434446,0.9432980991932912,0.8924751893816819,0.8081034201137468,0.6810151933978372,0.5706169319219292,0.5313179549959659,0.4900251267076823,0.9032240357850629
0.108,5.182638906344411,0.9496843216088228,0.9787522012653758,0.9968006792988938,0.9996092555547278,0.9939342098416764,0.9820724857477725,0.9767032054060115,0.9748579363150754,0.9720945008933047,0.9445831377022244,0.8943934744720693,0.8106783857056581,0.6840240063638099,0.5736588353218006,0.5343156252315295,0.4928439950159831,0.9044056041002431
0.109,5.218801225320272,0.95087569478252,0.9793848855308143,0.9969355923654243,0.9996312019159301,0.994164175033451,0.9826244825680732,0.9773817630660516,0.9755763313673028,0.9728688573089895,0.9458321471400509,0.8962672098642293,0.8132049828612984,0.6869885127033135,0.5766637511450305,0.5372793453812721,0.4956327511660392,0.9055604735519235
0.11,5.254800406015038,0.9520323663276135,0.9799953501236941,0.997064151755175,0.9996518133015915,0.9943842425852544,0.9831565223957841,0.9780368867514792,0.9762703380311186,0.9736175866010477,0.9470463313560321,0.8980976688727734,0.8156843766370437,0.6899095952877352,0.5796323120863234,0.5402096593768764,0.4983918682399937,0.9066894974290419
0.111,5.290637549887473,0.95315553657056,0.9805844953867219,0.9971866880756586,0.9996711770879078,0.9945948895722402,0.9836694347965689,0.9786695134868548,0.9769409162151075,0.9743416743317462,0.9482268472349357,0.8998860812271747,0.8181176973716471,0.6927881142160898,0.5825651362044033,0.5431070992519875,0.501121808881897,0.9077934944265874
0.112,5.3263137485029945,0.954246357536143,0.9811531801318859,0.9973035130536745,0.9996893745257226,0.9947965675350418,0.9841640102014833,0.9792805375473626,0.9775889826752248,0.9750420627014744,0.9493748068060124,0.901633634825992,0.8205060419360761,0.695624907552213,0.5854628273669953,0.5459721854902679,0.5038230256093466,0.9088732503228111
0.113,5.361830083644511,0.9553059351741551,0.9817022237998722,0.9974149207138086,0.999706481199007,0.9949897039886615,0.9846410019824051,0.9798708126598998,0.9782154132061792,0.9757196527068357,0.9504912792442889,0.9033414774094266,0.8228504749302422,0.6984207920330792,0.5883259756788879,0.548805427360471,0.5064959611132676,0.9099295195624953
0.114,5.39718762742176,0.9563353314701162,0.9822324084940256,0.9975211884767538,0.9997225674467741,0.9951747038333527,0.9851011284047471,0.9804411540775007,0.9788210447083296,0.9763753061784218,0.9515772927703549,0.905010718154535,0.8251520298292163,0.7011765637495562,0.5911551578938392,0.5516073232391164,0.5091410485463697,0.9109630267522287
0.115,5.432387442379183,0.9573355664467534,0.9827444808969289,0.9976225781833854,0.9997376987515324,0.9953519506744621,0.9855450744654759,0.980992340535159,0.9794066771379267,0.9770098477057082,0.9526338364544258,0.9066424291971652,0.827411710081384,0.7038929988008376,0.593950937811036,0.5543783609213087,0.5117587118007894,0.9119744680732074
0.116,5.4674305816023745,0.9583076200625429,0.9832391540770993,0.9977193370500482,0.9997519360970989,0.9955218080576634,0.985973493623888,0.9815251160945597,0.9799730753479959,0.9776240664560107,0.9536618619300979,0.9082376470844422,0.8296304901608568,0.7065708539237336,0.5967138666567834,0.5571190179202165,0.5143493657754028,0.9129645126167065
0.117,5.5023180888230945,0.9592524340132139,0.983717109192779,0.9978116985600752,0.9997653362983454,0.9956846206255144,0.9863870094320587,0.9820401918847018,0.9805209708266556,0.9782187178939712,0.9546622850228743,0.9097973741614128,0.8318093165763403,0.7092108670979456,0.5994444834520813,0.5598297617557113,0.5169134166332664,0.9139338036470019
0.118,5.537050998522895,0.9601709134417438,0.9841789970993107,0.9978998832961631,0.9997779523052155,0.9958407152008206,0.9867862170713941,0.9825382477449177,0.9810510633391983,0.9787945254076073,0.9556359872982199,0.9113225798952402,0.8339491088385286,0.7118137581283865,0.6021433153666957,0.5625110502326335,0.5194512620496251,0.9148829597961977
0.119,5.571630336035372,0.9610639285620263,0.9846254398661359,0.9979840997178656,0.9997898334831492,0.9959904018018675,0.9871716848012638,0.9830199337763464,0.9815640224798414,0.9793521818465589,0.9565838175336138,0.9128142021401517,0.8360507603879961,0.7143802292055701,0.6048108780603176,0.5651633317091311,0.5219632914508994,0.9158125761951128
0.12,5.606057117647059,0.9619323162010721,0.9850570322090436,0.9980645448881308,0.9998010258718582,0.9961339745942067,0.9875439553252735,0.9834858718075069,0.9820604891386464,0.9798923509777899,0.9575065931187869,0.9142731483461547,0.8381151394854447,0.7169109654450211,0.6074476760113638,0.5677870453555012,0.5244498862450457,0.9167232255440916
0.121,5.640332350696992,0.9627768812643017,0.9854743428429099,0.9981414051525075,0.9998115724242285,0.996271712783329,0.9879035470803529,0.9839366567792354,0.9825410768887485,0.9804156688636592,0.9584051013880805,0.9157002967143653,0.8401430900660697,0.7194066354066375,0.6100542028339542,0.5703826214039369,0.5269114200436704,0.9176154591273494
0.122,5.674457033674963,0.9635983981282066,0.9858779157598127,0.9982148567743643,0.999821513226971,0.9964038814522317,0.9882509554534759,0.9843728580538961,0.9830063732986881,0.9809227451669507,0.959280100888619,0.917096497301636,0.8421354325597143,0.7218678915948649,0.6126309415835718,0.5729504813895689,0.5293482588762453,0.9184898077742222
0.123,5.70843215631848,0.9643976119643958,0.9862682714370784,0.9982850665292098,0.9998308857045003,0.9965307323475993,0.9885866539305012,0.9847950206534485,0.9834569411743244,0.9814141643871586,0.9601323225877698,0.9184625730770093,0.8440929646783929,0.7242953709405195,0.6151783650518818,0.5754910383831608,0.531760761396768,0.9193467827704607
0.124,5.742258699708454,0.9651752399987984,0.9866459079795118,0.9983521922609688,0.9998397248073951,0.9966525046180361,0.9889110951813186,0.9852036664306483,0.9838933197345135,0.9818904870320391,0.9609624710231517,0.9197993209323923,0.8460164621726842,0.7266896952650472,0.6176969360511779,0.5780046972158203,0.5341492790831921,0.9201868767225084
0.125,5.775937636363637,0.9659319727095653,0.9870113021997742,0.9984163834028522,0.9998480631866783,0.9967694255075439,0.9892247120851971,0.9855992951773784,0.9843160257244667,0.9823522507281901,0.9617712253982622,0.92110751264971,0.8479066795584164,0.7290514717279696,0.6201871076888843,0.5804918546960472,0.5365141564299263,0.9210105643775094
0.126,5.809469930333818,0.9666684749669997,0.9873649106406174,0.9984777814652614,0.9998559313550466,0.996881711007204,0.989527918699978,0.9859823856738434,0.9847255544704405,0.9827999712741748,0.962559240626607,0.9223878958266671,0.8497643508149924,0.7313812932582321,0.6226493236325332,0.5829528998194462,0.5388557311336999,0.9218183034016093
0.127,5.842856537291818,0.9673853871186455,0.9877071705424335,0.9985365204929867,0.9998633578360899,0.9969895664678126,0.9898211111785045,0.986353396682118,0.9851223808791867,0.9832341436394846,0.9633271483270514,0.9236411947631367,0.8515901900566321,0.7336797389701343,0.6250840183656148,0.5853882139713966,0.5411743342730722,0.9226105351189521
0.128,5.876098404624278,0.9680833260224799,0.9880385007593568,0.9985927274937899,0.999870369302446,0.9970931871760189,0.9901046686354622,0.9867127678873141,0.9855069603853619,0.9836552429124279,0.9640755577729468,0.9248681113100806,0.8533848921777507,0.7359473745644906,0.6274916174346767,0.5877981711229764,0.5434702904818456,0.9233876852136188
0.129,5.90919647152127,0.9687628860309764,0.9883593026269412,0.9986465228403107,0.9998769907037615,0.9971927588963373,0.9903789539675896,0.9870609207894212,0.9858797298498962,0.9840637251998394,0.9648050567974449,0.9260693256828035,0.8551491334736212,0.738184752715639,0.6298725376880312,0.5901831380204088,0.5457439181166392,0.9241501643966148
0.13,5.9421516690647485,0.9694246399286482,0.9886699607842443,0.9986980206470911,0.9998832453852573,0.9972884583812363,0.9906443146300271,0.9873982595486782,0.9862411084121315,0.9844600284813219,0.9655162126572635,0.9272454972402452,0.8568835722374173,0.740392413444884,0.6322271875064163,0.5925434743682934,0.5479955294188579,0.9248983690398701
0.131,5.974964920315866,0.9700691398255236,0.9889708439529684,0.9987473291243839,0.9998891551976292,0.9973804538513521,0.9909010833713942,0.9877251717871544,0.9865914982983603,0.9848445734205673,0.9662095728570471,0.928397265231926,0.8585888493346763,0.742570884480937,0.6345559670259345,0.5948795330068772,0.5502254306712908,0.9256326817791087
0.132,6.007637140401147,0.9706969180088648,0.9892623056761332,0.9987945509102912,0.9998947405989539,0.9974689054477336,0.9911495789300118,0.9880420293490475,0.9869312855892349,0.9852177641361453,0.9668856659363347,0.9295252495140707,0.86026558875617,0.7447206816078817,0.6368592683535861,0.597191660083594,0.5524339223495507,0.9263534720873104
0.133,6.04016923659757,0.9713084877553099,0.9895446850186073,0.9988397833826668,0.9999000207492177,0.9975539656578911,0.9913901066935387,0.9883491890220496,0.9872608409483602,0.9855799889340012,0.9675450022210385,0.9306300512363596,0.8619143981501207,0.7468423090011832,0.639137475775686,0.5994801952191087,0.5546212992685648,0.9270610968203946
0.134,6.072562108416549,0.9719043441054858,0.989818307231673,0.9988831189521122,0.9999050135980331,0.9976357797173024,0.9916229593241384,0.988646993221983,0.9875805203142427,0.9859316210037716,0.9681880745412268,0.9317122535006744,0.863535869334657,0.7489362595522151,0.6413909659594584,0.6017454716680743,0.556787850724316,0.9277559007366503
0.135,6.104816647686833,0.9724849646030316,0.9900834843836638,0.9989246453373083,0.9999097359660636,0.9977144859879132,0.9918484173511661,0.988935770642775,0.987890665557634,0.986273019080894,0.9688153589169056,0.9327724219931413,0.8651305787913568,0.7510030151817751,0.6436201081480705,0.6039878164748171,0.5589338606310195,0.9284382169913403
0.136,6.136933738636364,0.9730508099998532,0.9903405159585884,0.9989644458238279,0.9999142036206341,0.997790216315067,0.9920667497332322,0.9892158368737087,0.9881916051061811,0.9866045280763724,0.9694273152133959,0.933811105590697,0.866699088140684,0.7530430471430267,0.6458252643493692,0.6062075506241368,0.5610596076539163,0.9291083676078288
0.137,6.16891425797307,0.9736023249293321,0.9905896894245362,0.9990025995075013,0.9999184313459674,0.9978630963642011,0.9922782143913891,0.9894874949857712,0.9884836545381841,0.9869264796759477,0.9700243877678192,0.9348288369433504,0.868241944600091,0.7550568163142901,0.6480067895185673,0.6084049891874208,0.5631653653378599,0.9297666639264914
0.138,6.2007590749646395,0.9741399385491133,0.9908312807735475,0.9990391815233296,0.9999224330084497,0.9979332459385565,0.992483058715074,0.9897510360888081,0.9887671171471473,0.9872391929103155,0.9706070059881166,0.9358261330332427,0.8697596814255119,0.7570447734820817,0.6501650317351094,0.6105804414642432,0.5652514022318476,0.9304134070325969
0.139,6.23246905151729,0.9746640651550041,0.9910655550345314,0.9990742632608703,0.9999262216172998,0.9980007792790653,0.9926815200423432,0.99000673986109,0.9890422844787141,0.987542974697943,0.9711755849259509,0.93680349571156,0.8712528183369497,0.7590073596147896,0.6523003323739506,0.6127342111196263,0.5673179820096673,0.9310488881642792
0.14,6.264045042253522,0.9751751047674336,0.9912927667607148,0.9991079125669586,0.9999298093809822,0.998065805347502,0.9928738261158345,0.9902548750527986,0.989309436841477,0.9878381203619379,0.971730525824767,0.9377614122142913,0.8727218619288143,0.7609450061273468,0.654413026271454,0.6148665963171264,0.5693653635868002,0.9316733891016445
0.141,6.295487894588897,0.97567344369184,0.9915131604930197,0.9991401939365665,0.9999332077596814,0.9981284280939143,0.9930601955158116,0.9904956999648521,0.9895688437930679,0.9881249141223437,0.9722722166442163,0.9387003556577845,0.8741673060656483,0.7628581351372575,0.6565034418861204,0.6169778898478979,0.5713938012337224,0.9322871825380097
0.142,6.326798448807854,0.9761594550542781,0.9917269712006801,0.9991711686925477,0.9999364275141286,0.9981887467092816,0.9932408380715554,0.9907294629044024,0.9898207646028511,0.988403629565153,0.9728010325620856,0.9396207855149934,0.8755896322638377,0.7647471597123057,0.6585719014543392,0.6190683792558936,0.5734035446857471,0.9328905324341986
0.143,6.3579775381385595,0.9766334993134708,0.9919344247003297,0.9992008951549672,0.9999394787510482,0.9982468558642856,0.9934159552522979,0.9909564026182589,0.9900654486924615,0.9886745300892558,0.9733173364548132,0.9405231480732749,0.8769893100598853,0.7666124841102699,0.6606187211413537,0.6211383469593356,0.57539483924953,0.9334836943567721
0.144,6.389025988826816,0.9770959247504564,0.9921357380547244,0.999229428800663,0.9999423709654724,0.9983028459350253,0.9935857405388148,0.9911767487054196,0.9903031360553607,0.9889378693324695,0.9738214793576105,0.9414078768745441,0.8783667973657903,0.7684545040109437,0.6626442111876154,0.6231880703685964,0.577367925906368,0.9340669158010212
0.145,6.419944620209059,0.9775470679369285,0.9923311199521883,0.9992568224136501,0.9999451130801519,0.9983568032164477,0.9937503797767324,0.9913907220098216,0.9905340576565146,0.9891938915777365,0.9743138009051606,0.9422753931385639,0.8797225408120598,0.7702736067407626,0.6646486760507024,0.6252178220006268,0.5793230414124106,0.9346404364995016
0.146,6.450734244784424,0.9779872541832993,0.9925207710678098,0.9992831262269302,0.9999477134822731,0.998408810124223,0.9939100515125378,0.9915985349943552,0.9907584358132319,0.9894428321405047,0.9747946297538099,0.9431261061700968,0.8810569760788457,0.7720701714903068,0.6666324145429627,0.6272278695900495,0.5812604183958905,0.9352044887168439
0.147,6.481395668285913,0.9784167979674665,0.9927048844073593,0.9993083880562367,0.9999501800576777,0.9984589453857406,0.9940649273132233,0.9918003920971312,0.9909764845581441,0.9896849177382577,0.9752642839861222,0.9439604137506229,0.8823705282156848,0.7738445695249545,0.668595719965043,0.6292184761970384,0.5831802854514925,0.9357592975315284
0.148,6.511929689750692,0.9788360033452094,0.9928836456348348,0.9993326534262097,0.9999525202227626,0.998507284220864,0.994215172070443,0.9919964900709262,0.9911884099852515,0.9899203668431025,0.9757230714986186,0.9447787025152836,0.8836636119502943,0.775597164388937,0.670538880235449,0.6311899003121061,0.5850828672319563,0.9363050811052867
0.149,6.542337101589496,0.9792451643430915,0.9930572333844983,0.9993559656894602,0.9999547409542285,0.9985538985130382,0.9943609442900064,0.9921870183066851,0.9913944105799061,0.9901493900182718,0.9761712903734857,0.9455813483156863,0.8849366319868566,0.7773283121030419,0.6724621780162844,0.6331423959578995,0.5869683845370192,0.9368420509407392
0.15,6.572618689655172,0.9796445653347009,0.9932258195582081,0.9993783661389557,0.9999568488168287,0.9985988569713108,0.994502396367485,0.992372159141905,0.9915946775335557,0.9903721902393532,0.9766092292349915,0.9463687165691688,0.8861899832942037,0.7790383613561972,0.6743658908353033,0.6350762127881164,0.5888370543997885,0.9373704121278568
0.151,6.602775233310393,0.9800344814010162,0.9933895696088149,0.9993998941141307,0.9999588499892608,0.9986422252837861,0.9946396748506656,0.9925520881546793,0.9917893950440244,0.9905889632010088,0.9770371675913134,0.9471411625950996,0.8874240513843017,0.7807276536911621,0.6762502912044106,0.6369915961836421,0.5906890901706412,0.9378903635797917
0.152,6.6328075054945055,0.9804151786756424,0.9935486428103358,0.9994205871010973,0.9999607502883336,0.9986840662630072,0.9947729206895398,0.9927269744441379,0.9919787406020628,0.9907998976099102,0.9774553761624447,0.9478990319387562,0.8886392125814052,0.7823965236845383,0.6781156467347361,0.638888787346,0.5925247015987317,0.9384020982586077
0.153,6.662716272789583,0.9807869146756267,0.9937031925155906,0.999440480827311,0.9999625551915298,0.9987244399837235,0.9949022694744792,0.9928969808979757,0.9921628852648606,0.9910051754645722,0.9778641171948127,0.9486426606833054,0.8898358342822495,0.7840452991213052,0.6799622202483995,0.6407680233882136,0.5943440949111984,0.9389058033913881
0.154,6.692502295485636,0.9811499386185238,0.9938533664019364,0.9994596093510186,0.9999642698580765,0.9987634039134765,0.9950278516632116,0.9930622644477265,0.9923419939171756,0.9912049723227321,0.9782636447632114,0.9493723757503766,0.8910142752076202,0.7856743011640814,0.6817902698870895,0.642629537423166,0.596147472890143,0.9394016606772005
0.155,6.722166327645051,0.9815044917263477,0.9939993067057099,0.9994780051458005,0.9999658991486299,0.9988010130364106,0.9951497927971741,0.9932229763123988,0.9925162255206975,0.9913994575568856,0.9786542050606178,0.9500884951897054,0.8921748856456329,0.7872838445172968,0.6836000492175601,0.6444735586495423,0.5979350349474686,0.9398898464853486
0.156,6.751709117166214,0.9818508075170128,0.9941411504459442,0.9994956991804939,0.9999674476436673,0.9988373199706873,0.9952682137077913,0.9933792622310591,0.9926857333522299,0.9915887945985595,0.9790360366764366,0.9507913284582936,0.8933180076870352,0.7888742375864547,0.685391807334159,0.6463003124354378,0.5997069771976365,0.9403705320453296
0.157,6.781131405846364,0.982189112083841,0.9942790296379038,0.9995127209947693,0.9999689196606802,0.9988723750798635,0.9953832307131925,0.9935312626849149,0.9928506652312442,0.9917731411718673,0.9794093708636866,0.9514811766895175,0.8944439754528373,0.7904457826326655,0.6871657889584819,0.6481100203997114,0.6014634925284283,0.9408438836288969
0.158,6.8104339294436915,0.982519624363674,0.994413071496945,0.9995290987706147,0.9999703192702468,0.9989062265785674,0.995494955805855,0.9936791131094184,0.993011163737328,0.9919526495168673,0.9797744317956236,0.9521583329525947,0.8955531153145546,0.791998775922609,0.6889222345362581,0.6499029004911561,0.6032047706697714,0.9413100627245938
0.159,6.83961741773866,0.9828425563941121,0.9945433986331856,0.9995448593999648,0.9999716503110644,0.9989389206327897,0.9956034968316325,0.9938229440968867,0.9931673664180212,0.9921274666032143,0.9801314368122599,0.9528230825027987,0.8966457461073426,0.793533507874091,0.6906613803315571,0.6516791670655617,0.6049309982606943,0.9417692262051168
0.16,6.868682594594595,0.9831581135603682,0.9946701292374376,0.999560028548698,0.9999729164040115,0.9989705014550857,0.9957089576606023,0.9939628815901028,0.9933194059875092,0.9922977343345681,0.9804805966572294,0.9534757030227965,0.8977221793362865,0.795050263197346,0.6923834585184083,0.6534390309607419,0.6066423589144792,0.9422215264878404
0.161,6.897630178017533,0.9834664948322044,0.9947933772588358,0.9995746307172121,0.9999741209653051,0.9990010113949696,0.9958114383501436,0.9940990470673412,0.9934674105166161,0.9924635897442038,0.9808221157054174,0.9541164648554648,0.8987827193760999,0.7965493210322312,0.694088697269921,0.6551826995695849,0.6083390332820657,0.9426671116888246
0.162,6.926460880215344,0.9837678929913936,0.9949132525745696,0.999588689297774,0.9999752672188166,0.9990304910247617,0.9959110353006311,0.9942315577192353,0.9936115036145163,0.9926251651822353,0.9811561921817571,0.9547456312285244,0.8998276636644753,0.798030955081457,0.6957773208449859,0.6569103769111996,0.610021199113769,0.9431061257706035
0.163,6.955175407656146,0.9840624948501293,0.9950298611521035,0.9996022266288282,0.9999763582076008,0.9990589792211377,0.9960078414041134,0.994360526617883,0.9937518046025635,0.9927825884948551,0.9814830183715748,0.9553634584713208,0.9008573028893182,0.7994954337399843,0.6974495496726407,0.6586222637002148,0.6116890313193644,0.943538708684039
0.164,6.983774461126006,0.9843504814607826,0.9951433052042506,0.9996152640464374,0.9999773968046934,0.9990865132426111,0.9961019461863221,0.994486062878564,0.9938884286806119,0.9929359831959591,0.9818027808228488,0.9559701962240575,0.9018719211700872,0.8009430202207227,0.6991056004341765,0.6603185574142909,0.6133427020265925,0.9439649965045168
0.165,7.012258735785954,0.9846320283173888,0.9952536833374483,0.9996278219330171,0.9999783857232244,0.9991131288031702,0.9961934359423393,0.9946082718144252,0.9940214870861886,0.9930854686315178,0.9821156605407266,0.9565660876397828,0.9028717962334563,0.8023739726766542,0.7007456861430543,0.6619994523599024,0.6149823806381378,0.9443851215627339
0.166,7.040628921228305,0.9849073055492256,0.9953610906935596,0.9996399197635174,0.999979327525894,0.9991388601422733,0.996282393866234,0.9947272550844706,0.9941510872468537,0.9932311601370287,0.9824218331746327,0.9571513695794117,0.903857199583501,0.8037885443195005,0.7023700162227113,0.6636651397364464,0.6166082338871277,0.944799212570328
0.167,7.068885701532312,0.9851764781068292,0.9954656190855132,0.999651576149196,0.999980224633853,0.9991637400914004,0.996368900174961,0.9948431108351725,0.994277332926069,0.9933731691883716,0.98272146919828,0.9577262728000552,0.9048283966666069,0.8051869835350525,0.7039787965823173,0.6653158076987263,0.6182204258912007,0.9452073947405757
0.168,7.09702975531915,0.985439705940775,0.9955673571270753,0.9996628088791161,0.999981079335028,0.9991878001373409,0.9964530322268028,0.9949559338360094,0.9944003243628807,0.9935116035463718,0.9830147340828843,0.9582910221369157,0.9057856470312873,0.8065695339952685,0.7055722296905507,0.6669516414178674,0.6198191182051896,0.9456097899043849
0.169,7.125061755806238,0.9856971441735375,0.9956663903570327,0.9996736349594968,0.9999818937919264,0.9992110704823923,0.9965348646346138,0.9950658156092134,0.9945201584057037,0.9936465673953585,0.9833017884638703,0.9588458366789985,0.9067292044830934,0.807936434767254,0.7071505146474566,0.6685728231407069,0.6214044698724618,0.9460065166217841
0.17,7.152982370860928,0.9859489432647258,0.9957628013580497,0.9996840706510349,0.999982670048958,0.9992335801016334,0.996614469374121,0.9951728445540017,0.9946369286404824,0.9937781614759948,0.9835827883013376,0.9593909299388738,0.907659317234786,0.8092879204192185,0.7087138472544479,0.6701795322477094,0.6229766374749616,0.946397690289114
0.171,7.1807922630535375,0.9861952491699799,0.9958566698704517,0.9996941315043107,0.9999834100393031,0.9992553567974237,0.9966919158875142,0.9952771060655499,0.9947507255134861,0.9939064832126392,0.9838578850345501,0.9599265100167208,0.9085762280519405,0.8106242211235156,0.7102624200825083,0.6717719453094528,0.6245357751819929,0.9467834232421046
0.172,7.208492089709762,0.9864362034937967,0.9959480729011717,0.9997038323933823,0.9999841155913565,0.9992764272512759,0.9967672711825526,0.9953786826489488,0.994861636448989,0.9940316268354852,0.9841272257306942,0.9604527797588677,0.9094801743941413,0.8119455627568555,0.7117964225386515,0.6733502361417261,0.6260820347977821,0.9471638248550218
0.173,7.236082502962476,0.9866719436365439,0.996037084828086,0.999713187547669,0.9999847884347759,0.9992968170732368,0.9968405999273988,0.9954776540283807,0.9949697459620658,0.9941536834977177,0.9843909532281448,0.9609699369110376,0.9103713885519196,0.8132521669977824,0.7133160409306947,0.6749145758592823,0.6276155658078582,0.9475390016360498
0.174,7.263564149802891,0.9869026029359084,0.9961237774999524,0.9997222105822164,0.9999854302061615,0.999316550848908,0.9969119645413823,0.995574097251734,0.9950751357667283,0.9942727413879061,0.9846492062744621,0.9614781742665005,0.9112500977795838,0.8145442514215088,0.7148214585303939,0.6764651329282891,0.629136515424289,0.9479090573190796
0.175,7.290937672131148,0.9871283108030107,0.9962082203321556,0.9997309145264317,0.9999860424543874,0.9993356521842255,0.9969814252818839,0.9956680867908636,0.9951778848796131,0.9943888858378499,0.9849021196593363,0.9619776798093207,0.9121165244240824,0.8158220295921863,0.7163128556349951,0.6780020732175114,0.6306450286298042,0.9482740929520472
0.176,7.318203706806282,0.9873491928534119,0.9962904803984516,0.9997393118513715,0.9999866266456101,0.9993541437481156,0.9970490403275227,0.9957596946377003,0.9952780697194219,0.9945021994260785,0.9851498243426869,0.9624686368528842,0.912970886050036,0.8170857111526963,0.7177904096272487,0.6795255600482681,0.6321412482208426,0.9486342069819793
0.177,7.345362885695624,0.9875653710332234,0.9963706225188942,0.9997474144956611,0.9999871841679742,0.9993720473131356,0.997114865857817,0.995848990396394,0.9953757642023059,0.9946127620771968,0.9853924475781105,0.9629512241738811,0.9138133955610683,0.8183355019120415,0.7192542950339327,0.6810357542431968,0.6336253148495543,0.9489894953368815
0.178,7.372415835723598,0.9877769637405243,0.9964487093441191,0.9997552338901179,0.9999877163360331,0.9993893837942007,0.9971789561294837,0.9959360413716722,0.9954710398333761,0.994720651157261,0.9856301130318669,0.9634256161419106,0.9146442613175653,0.8195716039304088,0.7207046835829305,0.6825328141738614,0.6350973670647879,0.9493400515046015
0.179,7.399363178919974,0.9879840859422789,0.9965248014361502,0.9997627809811498,0.9999882243949056,0.9994061732854969,0.9972413635495317,0.9960209126535848,0.9955639657945111,0.9948259415653593,0.9858629408975819,0.9638919828448708,0.915463687250977,0.8207942156019824,0.7221417442589081,0.684016895807238,0.6365575413520963,0.9496859666087993
0.18,7.426205532467533,0.988186849286942,0.9965989573458849,0.9997700662529914,0.9999887095241823,0.9994224350956679,0.9973021387452943,0.9961036671987962,0.9956546090286289,0.9949287058215621,0.9860910480068392,0.9643504902102864,0.9162718729747851,0.8220035317355716,0.7235656433576296,0.6854881527511101,0.6380059721727869,0.9500273294821401
0.181,7.45294350874919,0.9883853622129243,0.9966712336874092,0.999777099748843,0.9999891728415994,0.9994381877813683,0.9973613306315439,0.9961843659085797,0.9957430343205776,0.9950290141514011,0.986314547935824,0.9648013001227255,0.9170690138922432,0.8231997436331268,0.7249765445389542,0.6869467362984043,0.6394427920020461,0.9503642267368303
0.182,7.479577715394567,0.9885797300530914,0.9967416852092837,0.9997838910909681,0.9999896154064946,0.999453449179259,0.9974189864748201,0.9962630677036621,0.9958293043747946,0.9951269345670275,0.9865335511081742,0.9652445705374424,0.9178553013009998,0.8243830391662024,0.7263746088785512,0.6883927954704983,0.6408681313661635,0.9506967428326042
0.183,7.506108755326016,0.9887700551354544,0.9968103648629366,0.9997904494998048,0.9999900382230574,0.9994682364365282,0.9974751519550982,0.9963398295960556,0.9959134798898752,0.9952225329451933,0.9867481648941929,0.9656804555903895,0.9186309224947057,0.8255536028504371,0.7277599949183737,0.6898264770595297,0.6422821188788836,0.9510249601422648
0.184,7.5325372268041235,0.9889564368802065,0.9968773238682914,0.9997967838121438,0.9999904422433888,0.9994825660400073,0.9975298712249185,0.9964147067580124,0.9959956196301882,0.9953158731021903,0.9869584937065602,0.9661091057047232,0.9193960608617074,0.8267116159181047,0.7291328587159236,0.6912479256697339,0.6436848812769109,0.9513489590148857
0.185,7.558863723472668,0.9891389718932543,0.9969426117767523,0.9998029024984207,0.9999908283703792,0.9994964538439546,0.9975831869660899,0.996487752588227,0.9960757804946624,0.9954070168658803,0.9871646390926846,0.9665306676939331,0.9201508959809208,0.8278572563887998,0.7304933538923446,0.6926572837578364,0.6450765434545884,0.9516688178367597
0.186,7.585088834403082,0.9893177540563814,0.9970062765316644,0.9998088136791705,0.9999911974604195,0.9995099150965697,0.9976351404440783,0.9965590187754078,0.996154017582871,0.9954960241449381,0.9873666998238249,0.9669452848617143,0.920895603714977,0.8289906991383112,0.7318416316793788,0.6940546916725312,0.6464572284977785,0.9519846130901949
0.187,7.6112131441383735,0.9894928746141826,0.9970683645263583,0.9998145251406847,0.9999915503259528,0.999522964465304,0.9976857715601808,0.996628555359331,0.9962303842585285,0.9955829529954267,0.9875647719811061,0.9673530970986965,0.9216303563007315,0.8301121159657413,0.733177840965216,0.695440287693065,0.6478270577169651,0.95229641941024
0.188,7.637237232736573,0.9896644222578925,0.9971289206598853,0.9998200443499166,0.9999918877378775,0.9995356160610234,0.9977351189015867,0.996696410789489,0.9963049322105102,0.9956678596848175,0.9877589490385525,0.9677542409761459,0.92235532243722,0.8312216756589178,0.7345021283392694,0.696814208066954,0.6491861506796006,0.9526043096394218
0.189,7.663161675813656,0.9898324832062361,0.9971879883905452,0.9998253784686694,0.999992210427812,0.9995478834610821,0.9977832197894166,0.9967626319814326,0.9963777115115031,0.9957507987535634,0.9879493219432495,0.9681488498367404,0.9230706673711434,0.8323195440581567,0.7358146381359085,0.6981765870468599,0.6505346252417195,0.9529083548805772
0.19,7.688987044585988,0.9899971412834142,0.9972456097872989,0.999830534367107,0.9999925190902273,0.9995597797313583,0.9978301103248307,0.9968272643709122,0.9964487706743863,0.9958318230743263,0.9881359791927464,0.9685370538825262,0.9237765529799633,0.8334058841184179,0.7371155124771771,0.6995275569266417,0.6518725975788356,0.9532086245478568
0.191,7.714713905912269,0.9901584779943404,0.9973018255791618,0.9998355186366208,0.9999928143844579,0.9995713174473034,0.9978758254332892,0.9968903519659073,0.9965181567064388,0.9959109839089594,0.9883190069098058,0.9689189802601516,0.9244731378526821,0.8344808559699068,0.7384048913145252,0.7008672480766137,0.653200182216148,0.9535051864159632
0.192,7.740342822335026,0.9903165725972338,0.9973566752026608,0.9998403376020846,0.9999930969365961,0.9995825087140512,0.9979203989070475,0.9969519373966372,0.9965859151614669,0.9959883309633354,0.9884984889145989,0.9692947531434726,0.9251605773683831,0.835544616977163,0.7396829124695843,0.7021957889780234,0.6545174920580699,0.9537981066677066
0.193,7.765874352121596,0.9904715021736716,0.9974101968474406,0.9998449973335314,0.9999933673412791,0.9995933651856341,0.9979638634459626,0.9970120619636383,0.9966520901899366,0.996063912440111,0.9886745067944448,0.9696644938136236,0.9258390237726007,0.8365973217966833,0.7409497116740088,0.7035133062567769,0.6558246384171027,0.9540874499399342
0.194,7.791309049304679,0.9906233416962013,0.9974624275000967,0.9998495036572779,0.9999936261633732,0.9996038980833477,0.9980062506966824,0.9970707656839892,0.9967167245871982,0.9961377750895138,0.9888471399711863,0.9700283207366377,0.9265086262515903,0.8376391224331218,0.7422054226084134,0.7048199247164255,0.6571217310420702,0.9543732793679012
0.195,7.816647463722398,0.9907721640936036,0.9975134029863122,0.9998538621665279,0.9999938739395632,0.9996141182133038,0.9980475912902906,0.9971280873357624,0.9967798598398783,0.9962099642582304,0.9890164657662907,0.9703863496387027,0.9271695310045618,0.8386701682941033,0.7434501769404276,0.7061157673704396,0.6584088781457309,0.9546556566281404
0.196,7.841890141057935,0.9909180403139005,0.9975631580113674,0.9998580782314784,0.9999941111798514,0.999624035983213,0.9980879148784718,0.9971840645007778,0.9968415361705203,0.9962805239364767,0.9891825594637604,0.9707386935791346,0.9278218813139439,0.8396906062436988,0.7446841043618955,0.7074009554737823,0.6596861864317888,0.9549346419798942
0.197,7.867037622878693,0.9910610393851912,0.9976117261990943,0.9998621570089539,0.9999943383689718,0.9996336614184309,0.9981272501682604,0.997238733605727,0.996901792580542,0.9963494968033226,0.989345494370937,0.971085463021143,0.9284658176137371,0.8407005806545925,0.7459073326252388,0.7086756085538082,0.6609537611213121,0.955210294305157
0.198,7.892090446675032,0.9912012284744004,0.9976591401293391,0.9998661034515937,0.999994555967725,0.9996430041773041,0.9981656249554345,0.9972921299617385,0.9969606668915816,0.9964169242703425,0.9895053418772743,0.9714267659004678,0.929101477556017,0.8417002334589843,0.7471199875790109,0.7099398444404967,0.6622117059785817,0.9554826711473872
0.199,7.91704914589856,0.9913386729440192,0.9977054313739956,0.9998699223166128,0.9999947644142387,0.9996520735658478,0.9982030661566125,0.9973442878024482,0.9970181957852986,0.9964828465236591,0.9896621715111573,0.9717627076919556,0.9297289960756436,0.8426897041982597,0.7483221932026609,0.7111937792960457,0.663460123336381,0.9557518287489365
0.2,7.94191425,0.9914734364069128,0.997750630531669,0.9998736181741584,0.999994964125157,0.9996608785517882,0.9982395998401068,0.9973952403206351,0.9970744148416921,0.9965473025644471,0.9898160509948388,0.9720933914741466,0.9303485054532337,0.8436691300714637,0.7495140716405276,0.7124375276438344,0.6646991141207444,0.9560178220872455
0.201,7.9666862844666255,0.9916055807792681,0.9977947672610284,0.9998771954152826,0.9999951554967637,0.9996694277779969,0.9982752512555877,0.9974450197034844,0.9971293585759969,0.9966103302479559,0.9899670462975624,0.9724189179919396,0.9309601353764472,0.8446386459826122,0.750695743235088,0.7136712023967773,0.6659287778751747,0.9562807049098522
0.202,7.991365770859278,0.9917351663317534,0.9978378703128998,0.9998806582595475,0.9999953389060441,0.9996777295753482,0.9983100448626065,0.9974936571665323,0.9971830604742167,0.9966719663211131,0.9901152216869386,0.9727393857173974,0.9315640129996413,0.8455983845868734,0.7518673265594756,0.7148949148850822,0.6671492127843471,0.9565405297682587
0.203,8.015953226848975,0.9918622517389538,0.9978799675611539,0.9998840107622853,0.999995514711687,0.9996857919750238,0.9983440043580282,0.997541182986346,0.9972355530273471,0.996732246458764,0.9902606397786373,0.9730548909087563,0.9321602630019398,0.8465484763356504,0.7530289384492904,0.7161087748834274,0.6683605156973139,0.9567973480506973
0.204,8.0404491662531,0.9919868941271488,0.997921086032436,0.9998872568215251,0.9999956832550316,0.9996936227202924,0.9983771527024153,0.9975876265319936,0.9972868677643439,0.9967912052986021,0.9904033615844589,0.9733655276676985,0.9327490076437679,0.8474890495205967,0.7541806940337192,0.7173128906375734,0.6695627821502161,0.9570512100138389
0.205,8.064854099071207,0.9921091491204923,0.9979612519347884,0.9998904001846077,0.9999958448609636,0.999701229277786,0.9984095121454112,0.9976330162953484,0.9973370352838853,0.9968488764748419,0.9905434465588397,0.9736713879949438,0.9333303668218969,0.8484202303165916,0.7553227067659807,0.718507368890424,0.6707561063885237,0.9573021648134801
0.206,8.089168531520395,0.992229070885656,0.9980004906852064,0.9998934444544991,0.9999959998387602,0.9997086188482994,0.99844110425016,0.997677379920279,0.9973860852849771,0.9969052926506838,0.9906809526438529,0.9739725618442183,0.9339044581230438,0.849342142823708,0.7564550884531188,0.7196923149075469,0.6719405813888079,0.9575502605342494
0.207,8.113392966070325,0.9923467121749904,0.9980388269361754,0.9998963930958201,0.9999961484828909,0.9997157983771312,0.9984719499168062,0.9977207442307676,0.9974340465964463,0.9969604855496195,0.9908159363127538,0.9742691371746511,0.934471396876071,0.850254909108196,0.7575779492851555,0.7208678325021749,0.673116298880065,0.9577955442183674
0.208,8.137527901477831,0.9924621243682594,0.9980762846012273,0.9998992494406052,0.9999962910737737,0.9997227745639892,0.9985020694051097,0.9977631352580001,0.9974809472053692,0.9970144859856205,0.9909484526121256,0.9745612000016506,0.9350312962028241,0.8511586492425126,0.7586913978636224,0.7220340240596905,0.6742833493645977,0.9580380618934946
0.209,8.161573832821142,0.9925753575130004,0.9981128868795571,0.9999020166938026,0.9999964278784906,0.99972955387248,0.9985314823562139,0.9978045782664696,0.9975268142844732,0.997067323892258,0.9910785552026731,0.9748488344463115,0.9355842670676526,0.8520534813444213,0.7597955412294866,0.7231909905616156,0.675441822138467,0.9582778585997005
0.21,8.185531251533742,0.9926864603635596,0.9981486562797371,0.99990469793853,0.999996559151464,0.9997361425392005,0.9985602078136012,0.9978450977791326,0.9975716742185559,0.9971190283507906,0.9912062963987126,0.9751321227833984,0.9361304183256487,0.8529395216151877,0.7608904848904854,0.7243388316091133,0.6765918053115259,0.958514978415588
0.211,8.209400645437844,0.9927954804188509,0.9981836146425653,0.9999072961410946,0.9999966851350978,0.9997425465824507,0.9985882642432676,0.9978847176016542,0.9976155526299575,0.9971696276172638,0.9913317272064065,0.975411145487952,0.9366698567696441,0.8538168843768961,0.7619763328478868,0.725477645446015,0.6777333858270447,0.9587494644835985
0.212,8.233182498777506,0.9929024639588846,0.9982177831630819,0.9999098141557925,0.9999968060603824,0.9997487718105829,0.9986156695531507,0.9979234608457809,0.9976584744031255,0.9972191491486568,0.9914548973607822,0.9756859812805639,0.9372026871760003,0.8546856821089079,0.7630531876226868,0.7266075289813849,0.6788666494809366,0.9589813590345326
0.213,8.256877292251373,0.9930074560801099,0.9982511824117867,0.9999122547294943,0.9999969221474689,0.999754823830006,0.9986424411118386,0.9979613499518726,0.9977004637083068,0.9972676196281156,0.9915758553615834,0.9759567071713601,0.9377290123492282,0.8555460254834888,0.7641211502812595,0.727728577811632,0.6799916809405971,0.9592107034113103
0.214,8.280485503045067,0.993110500729614,0.9982838323550909,0.9999146205060292,0.9999970336062121,0.9997607080528589,0.9986685957665912,0.9979984067106283,0.997741544024399,0.9973150649893044,0.9916946485079902,0.9762233985027369,0.9382489331654712,0.8563980234006234,0.765180320460477,0.728840886242182,0.6811085637633633,0.959437538092
0.215,8.304007604863221,0.9932116407382189,0.9983157523750311,0.9999169140303767,0.9999971406366835,0.9997664297043662,0.9986941498606983,0.9980346522840382,0.9977817381609977,0.997361510439913,0.9918113229322494,0.9764861289908874,0.9387625486148832,0.8572417830220413,0.7662307963923054,0.7299445473087187,0.6822173804146037,0.9596619027121411
0.216,8.327444067961165,0.9933109178525145,0.9983469612882758,0.9999191377526749,0.9999972434296597,0.999771993829895,0.9987191192502054,0.9980701072255889,0.9978210682796661,0.9974069804843474,0.991925923632254,0.9767449707661574,0.9392699558429358,0.8580774098044736,0.7672726749278945,0.7310396527980034,0.6833182122854465,0.9598838360863844
0.217,8.350795359176256,0.9934083727658671,0.9983774773644525,0.9999212940320529,0.9999973421670821,0.9997774053017198,0.9987435193200276,0.9981047914997545,0.9978595559144611,0.99745149894564,0.992038494503105,0.9769999944122669,0.9397712501906841,0.85890500753216,0.7683060515611737,0.7321262932682868,0.6844111397101575,0.9601033762294775
0.218,8.374061941958887,0.9935040451484376,0.9984073183438205,0.999923385140297,0.9999974370224944,0.9997826688255138,0.9987673649994797,0.9981387245007998,0.9978972219917402,0.9974950889866041,0.9921490783676944,0.9772512690044348,0.9402665252340198,0.8597246783486295,0.7693310204519628,0.7332045580693185,0.685496241983173,0.960320560376613
0.219,8.397244276403137,0.9935979736762464,0.9984365014543165,0.9999254132653592,0.9999975281614563,0.9997877889465758,0.9987906707772438,0.9981719250709203,0.9979340868492816,0.9975377731302639,0.9922577170063392,0.977498862146439,0.9407558728219443,0.8605365227877682,0.7703476744486145,0.7342745353619655,0.6865735973757987,0.9605354250031649
0.22,8.420342819277108,0.9936901960593164,0.9984650434279967,0.9999273805147116,0.9999976157419358,0.9997927700558042,0.9988134507157966,0.9982044115177484,0.9979701702547386,0.9975795732795874,0.992364451185503,0.9777428400066459,0.941239383113885,0.8613406398041974,0.7713561051101951,0.7353363121374494,0.6876432831525798,0.9607480058438356
0.221,8.443358024052916,0.993780749068929,0.9984929605168973,0.9999292889185583,0.9999976999146806,0.9997976163954302,0.9988357184653185,0.998236201631246,0.9980054914234566,0.997620510736545,0.9924693206856325,0.977983267353043,0.9417171446160852,0.8621371268029767,0.772356402728217,0.7363899742362107,0.6887053755873529,0.9609583379112289
0.222,8.466290340936375,0.9938696685640209,0.9985202685083389,0.9999311404329079,0.9999977808235712,0.9998023320645206,0.9988574872771037,0.9982673127000106,0.9980400690356779,0.9976606062205247,0.9925723643281417,0.9782202075873022,0.9421892442170934,0.8629260796686523,0.7733486563479344,0.7374356063664065,0.689759949978985,0.9611664555138737
0.223,8.489140216896345,0.9939569895167544,0.9985469827396928,0.9999329369425157,0.999997858605954,0.9998069210242595,0.9988787700164921,0.9982977615270134,0.9980739212531523,0.9976998798861213,0.9926736200015711,0.9784537227779073,0.9426557672223747,0.8637075927936643,0.77433295378921,0.7384732921220549,0.6908070806668085,0.9613723922737147
0.224,8.51190809569378,0.9940427460372875,0.9985731181126324,0.9999346802636996,0.9999979333929595,0.9998113871030185,0.9988995791753404,0.9983275644447955,0.9981070657351824,0.9977383513403278,0.992773124686951,0.9786838736923718,0.9431167973880729,0.8644817591061313,0.7753093816669665,0.7395031140008304,0.6918468410457579,0.9615761811430877
0.225,8.534594417910448,0.9941269713977737,0.9985986891068875,0.999936372147036,0.9999980053098017,0.9998157340012258,0.998919926884051,0.9983567373301381,0.9981395196541191,0.9977760396591489,0.9928709144823948,0.9789107198285758,0.943572416953944,0.8652486700970287,0.7762780254112291,0.7405251534215177,0.6928793035812153,0.9617778544211985
0.226,8.557199620977354,0.9942096980556163,0.9986237097935222,0.9999380142799417,0.9999980744760637,0.9998199652960402,0.998939824923175,0.9983852956182294,0.9981712997103317,0.9978129634036567,0.9929670246269477,0.9791343194452511,0.9440227066754856,0.866008415846773,0.7772389692867718,0.741539490741137,0.6939045398235748,0.9619774437701212
0.227,8.579724139202856,0.9942909576760027,0.9986481938477516,0.999939608289147,0.9999981410059684,0.9998240844458416,0.9989592847346072,0.998413254316347,0.9982024221466702,0.9978491406355132,0.993061489523718,0.9793547295916354,0.9444677458552834,0.8667610850512314,0.7781922964123738,0.742546205271741,0.6949226204225261,0.962174980230332
0.228,8.602168403800475,0.9943707811537451,0.9986721545613185,0.9999411557430635,0.9999982050086347,0.9998280947945434,0.9989783174323869,0.9984406280170723,0.9982329027624383,0.9978845889319737,0.9931543427623114,0.9795720061363267,0.9449076123735978,0.8675067650471675,0.7791380887796979,0.7435453752968957,0.6959336151410679,0.9623704942357953
0.229,8.62453284291642,0.9944491986344486,0.9986956048544438,0.9999426581540535,0.9999982665883216,0.999831999575735,0.9989969338131212,0.9984674309110556,0.9982627569268973,0.9979193254003941,0.9932456171405951,0.9797862037953576,0.9453423827182109,0.8682455418371389,0.7800764272717988,0.7445370780878522,0.696937592869259,0.962564015628613
0.23,8.646817881656805,0.9945262395350325,0.9987185572873664,0.9999441169806035,0.9999983258446595,0.9998358019166628,0.9990151443660439,0.9984936767993484,0.9982919995923158,0.9979533666922583,0.9933353446858108,0.9799973761595157,0.9457721320135535,0.8689775001138602,0.7810073916812676,0.7455213899194135,0.6979346216377071,0.9627555736732581
0.231,8.66902394211459,0.9946019325636237,0.9987410240714913,0.9999455336294073,0.9999983828728695,0.9998395048420539,0.9990329592827253,0.9985193791053192,0.9983206453065834,0.9979867290167437,0.99342355667506,0.9802055757209311,0.9461969340491326,0.8697027232840455,0.7819310607280254,0.7464983860855066,0.6989247686308069,0.9629451970703995
0.232,8.691151443396226,0.9946763057388455,0.9987630170801562,0.9999469094573628,0.999998437763972,0.9998431112777921,0.9990503884664443,0.9985445508861669,0.998348708225403,0.9980194281538403,0.9935102836551821,0.9804108538989548,0.9466168613072791,0.8704212934917409,0.78284751207677,0.7474681409144612,0.69990810019973,0.9631329139703348
0.233,8.713200801648028,0.9947493864085211,0.9987845478590333,0.9999482457734846,0.9999984906049849,0.9998466240544507,0.9990674415412373,0.998569204844049,0.9983762021240794,0.9980514794670415,0.9935955554620437,0.9806132610653459,0.9470319849902317,0.8711332916411615,0.7837568223540852,0.7484307277840097,0.7008846818751727,0.9633187519860464
0.234,8.735172430082256,0.9948212012678118,0.9988056276361797,0.9999495438407391,0.9999985414791117,0.9998500459106877,0.9990841278606347,0.9985933533368355,0.9984031404089155,0.9980828979156204,0.99367940123926,0.9808128465687932,0.9474423750465784,0.8718387974190465,0.7846590671652217,0.7493862191360059,0.7018545783798695,0.9635027382058857
0.235,8.757066739002932,0.9948917763768089,0.9988262673317487,0.9999508048778023,0.9999985904659201,0.999853379496511,0.9991004565160981,0.9986170083885059,0.9984295361282337,0.9981136980665057,0.9937618494563668,0.9810096587587862,0.9478481001970699,0.8725378893165394,0.7855543211105541,0.750334686490874,0.7028178536408736,0.9636848992059053
0.236,8.778884135831381,0.9949611371775965,0.9988464775673741,0.999952030060747,0.9999986376415119,0.9998566273764168,0.9991164363451681,0.9986401816991983,0.9984554019830333,0.9981438941057744,0.9938429279264585,0.9812037450088563,0.9482492279598234,0.8732306446506106,0.786442657801724,0.7512762004617919,0.7037745708016103,0.9638652610618454
0.237,8.8006250251315,0.9950293085108038,0.998866268675241,0.9999532205246587,0.9999986830786844,0.9998597920324085,0.9991320759393336,0.9986628846549278,0.9984807503372991,0.9981734998497712,0.9939226638233134,0.9813951517392088,0.9486458246749326,0.8739171395850294,0.7873241498774761,0.7522108307686164,0.7047247922337155,0.9640438493607899
0.238,8.822289808634773,0.9950963146316637,0.9988856507068528,0.999954377365188,0.999998726847084,0.9998628758668991,0.9991473836516348,0.9986851283369809,0.9985055932279724,0.998202528755871,0.9940010836980189,0.9815839244387599,0.9490379555285001,0.874597449150897,0.7881988690191903,0.7531386462515508,0.7056685795486479,0.9642206892124958
0.239,8.843878885264997,0.9951621792255935,0.9989046334415068,0.9999555016400372,0.9999987690133515,0.9998658812055037,0.9991623676040066,0.9987069235310028,0.9985299423745966,0.9982309939328947,0.9940782134951154,0.9817701076866,0.9494256845761074,0.875271647266755,0.7890668859661238,0.7540597148845688,0.7066059936091016,0.9643958052604157
0.24,8.865392651162791,0.9952269254233129,0.9989232263944887,0.999956594370388,0.9999988096412613,0.9998688102997251,0.999177035694375,0.9987282807357851,0.9985538091886493,0.9982589081511921,0.9941540785682725,0.981953745172896,0.9498090747657364,0.8759398067582724,0.7899282705303627,0.7549741037885913,0.7075370945402013,0.9645692216924142
0.241,8.886831499709807,0.9952905758155163,0.998941438824995,0.9999576565422711,0.9999988487918532,0.9998716653295383,0.9991913956035139,0.9987492101717658,0.9985772047825732,0.9982862838524027,0.9942287036955144,0.9821348797192533,0.9501881879601594,0.8766019993775288,0.7907830916114934,0.7558818792444273,0.7084619417405035,0.964740962251194
0.242,8.908195821552724,0.9953531524671115,0.9989592797437945,0.9999586891078803,0.9999988865235573,0.9998744484058766,0.9992054548016711,0.9987697217892519,0.9986001399785127,0.9983131331589058,0.9943021130940062,0.9823135532985486,0.9505630849588087,0.8772582958218968,0.7916314172109977,0.7567831067054807,0.7093805938927936,0.9649110502444379
0.243,8.92948600462695,0.9954146769310412,0.9989767579206386,0.9999596929868337,0.9999989228923141,0.9998771615730241,0.9992192205549734,0.9987898252763753,0.9986226253167722,0.9983394678829709,0.9943743304344177,0.9824898070542533,0.9509338255191417,0.8779087657525393,0.7924733144463822,0.7576778508102312,0.710293108974694,0.9650795085546764
0.244,8.950702434180139,0.9954751702616991,0.9989938818914275,0.9999606690673842,0.9999989579516873,0.9998798068109189,0.9992326999316162,0.9988095300667891,0.9986446710639998,0.9983652995356186,0.9944453788548766,0.9826636813192577,0.951300468377513,0.8785534778125248,0.7933088495650402,0.7585661753944888,0.711199544269079,0.9652463596488889
0.245,8.971845492795389,0.995534653027954,0.9990106599651428,0.9999616182075814,0.999998991752972,0.9998823860373692,0.9992458998078492,0.9988288453471166,0.9986662872211122,0.9983906393352024,0.9945152809745242,0.9828352156342153,0.9516630712695682,0.8791924996445762,0.7941380879578608,0.7594481435034338,0.7120999563743079,0.9654116255878483
0.246,8.992915560414271,0.995593145325796,0.9990271002305542,0.999962541236388,0.999999024345298,0.9998849011101872,0.9992588268737609,0.9988477800641591,0.9986874835309636,0.9984154982157206,0.9945840589066861,0.9830044487654148,0.9520216909501688,0.8798258979084539,0.7949610941725814,0.7603238174034381,0.7129944012142722,0.9655753280352148
0.247,9.013913014359563,0.995650666790615,0.9990432105627077,0.9999634389547502,0.9999990557757266,0.9998873538292434,0.9992714876388742,0.9988663429318725,0.9987082694857732,0.998439886834867,0.9946517342716708,0.9831714187222005,0.9523763832128656,0.8804537382979906,0.7957779319268998,0.7611932585936838,0.7138829340482695,0.9657374882663888
0.248,9.0348382293578,0.9957072366091239,0.9990589986292049,0.9999643121366271,0.9999990860893447,0.9998897459384439,0.9992838884375557,0.9988845424381205,0.9987286543343153,0.9984638155818314,0.9947183282092057,0.9833361627739469,0.9527272029089254,0.8810760855577778,0.7965886641213391,0.7620565278175684,0.7147656094807004,0.9658981271771284
0.249,9.055691577561534,0.9957628735309384,0.999074471896278,0.9999651615299786,0.9999991153293529,0.9998920791276362,0.9992960354342473,0.9989023868512119,0.9987486470888836,0.9984872945848561,0.9947838613905257,0.9834987174666053,0.9530742039659289,0.8816930034995186,0.797393352851882,0.7629136850739173,0.7156424814705973,0.9660572652919391
0.25,9.076473428571429,0.9958175958798242,0.9990896376346703,0.9999659878577145,0.9999991435371501,0.9998943550344425,0.9993079346285276,0.9989198842262295,0.9987682565320343,0.998510333718558,0.9948483540301196,0.983659118638832,0.9534174394059459,0.8823045550180497,0.7981920594223718,0.763764789627994,0.7165136033409832,0.9662149227722447
0.251,9.097184149458071,0.9958714215646208,0.9991045029253278,0.999966791818606,0.9999991707524141,0.9998965752460274,0.9993195918600061,0.998937042411158,0.9987874912231187,0.9985329426110243,0.9949118258971509,0.9838174014377105,0.9537569613633026,0.8829108021070436,0.7989848443566883,0.7646099000223209,0.7173790277880718,0.9663711194243423
0.252,9.117824104783601,0.9959243680898544,0.9991190746649083,0.9999675740881622,0.9999991970131775,0.9998987413007994,0.9993310128130584,0.9989538690528195,0.9988063595046108,0.9985551306506885,0.9949742963265582,0.9839736003340787,0.9540928211019477,0.8835118058743966,0.7997717674107019,0.7654490740873091,0.718238806890304,0.9665258747071527
0.253,9.13839365662308,0.9959764525660475,0.9991333595711147,0.999968335319471,0.9999992223559019,0.9999008546900513,0.9993422030214086,0.9989703716026187,0.9988248695082362,0.9985769069929952,0.9950357842298477,0.9841277491374736,0.954425069032431,0.8841076265573101,0.8005528875840136,0.7662823689517065,0.7190929921172298,0.9666792077397653
0.254,9.158893164585699,0.9960276917197364,0.9991473641878592,0.9999690761440091,0.999999246815546,0.9999029168595396,0.999353167872562,0.9989865573221105,0.9988430291609117,0.9985982805668608,0.9950963081055869,0.9842798810107022,0.954753754728501,0.8846983235370731,0.8013282631314806,0.7671098410528606,0.7199416343382354,0.9668311373087938
0.255,9.179322985835693,0.9960781019032046,0.9991610948902633,0.9999697971724182,0.999999270425633,0.9999049292110072,0.9993639126120948,0.9990024332883906,0.9988608461904986,0.9986192600809353,0.995155886049608,0.9844300284840497,0.9550789269433344,0.885283955353552,0.8020979515745378,0.7679315461468096,0.7207847838311225,0.9669816818755368
0.256,9.199683475113124,0.9961276991039416,0.9991745578894994,0.9999704989952533,0.9999992932183129,0.9999068931036504,0.9993744423478059,0.9990180063993187,0.9988783281313802,0.9986398540296744,0.9952145357649296,0.9845782234691365,0.9554006336254033,0.8858645797193928,0.8028620097123123,0.7687475393181928,0.7216224902905373,0.9671308595829587
0.257,9.219974984754375,0.9961764989538356,0.9991877592374804,0.9999711821837004,0.9999993152244236,0.9999088098555341,0.9993847620537358,0.9990332833785786,0.9988954823298645,0.9986600706992258,0.9952722745714069,0.9847244972724315,0.9557189219339928,0.8864402535339471,0.8036204936325436,0.769557874989999,0.7224548028362578,0.9672786882624913
0.258,9.240197864712515,0.9962245167381074,0.9992007048314011,0.9999718472902676,0.9999993364735473,0.9999106807449536,0.999394876574056,0.9990482707805806,0.9989123159494228,0.9986799181731382,0.9953291194151167,0.9848688806084323,0.9560338382543746,0.8870110328969218,0.8043734587223066,0.7703626069331386,0.7232817700213395,0.9674251854406615
0.259,9.260352462577377,0.996271767403996,0.9992134004181382,0.999972494849449,0.999999356994066,0.9999125070117497,0.9994047906268343,0.9990629749952123,0.9989288359757658,0.9986994043378962,0.995385086877487,0.9850114036125217,0.9563454282126475,0.8875769731217639,0.8051209596785448,0.771161788275862,0.7241034398401219,0.9675703683455524
0.26,9.280439123595507,0.9963182655691998,0.9992258515985117,0.9999731253783636,0.9999993768132127,0.9999142898585757,0.999414508807681,0.9990774022524427,0.998945049221766,0.9987185368882896,0.9954401931841762,0.985152095853509,0.956653736690251,0.8881381287487823,0.8058630505184169,0.7719554715130093,0.7249198597360998,0.9677142539131012
0.261,9.300458190689849,0.9963640255300846,0.9992380638314141,0.9999737393773691,0.9999993959571227,0.999916030452119,0.9994240355932787,0.9990915586267838,0.9989609623322284,0.9987373233326208,0.9954944542137135,0.9852909863458645,0.9569588078381629,0.8886945535580179,0.8065997845894624,0.7727437085151092,0.7257310766096623,0.9678568587932372
0.262,9.320410004479285,0.9964090612696634,0.9992500424378115,0.9999743373306536,0.9999994144508796,0.9999177299242792,0.9994333753448009,0.9991054500416156,0.998976581788517,0.9987557709977554,0.9955478855059035,0.9854281035616558,0.9572606850907851,0.8892463005818596,0.8073312145795843,0.7735265505373202,0.7265371368257012,0.9679981993558698
0.263,9.34029490329793,0.9964533864653555,0.9992617926046196,0.9999749197068027,0.9999994323185611,0.9999193893733049,0.9994425323112218,0.9991190822733781,0.9989919139130404,0.9987738870340234,0.9956005022700044,0.9855634754421941,0.9575594111795287,0.889793422117421,0.8080573925268623,0.774304048228222,0.7273380862210919,0.9681382916967235
0.264,9.360113223214286,0.9964970144965312,0.9992733193884615,0.9999754869593478,0.9999994495832826,0.9999210098648895,0.999451510632523,0.9991324609556363,0.9990069648736026,0.9987916784199727,0.9956523193926873,0.9856971294093987,0.9578550281461038,0.8903359697386753,0.8087783698291879,0.77507625163846,0.728133970112048,0.9682771516430302
0.265,9.379865298050138,0.9965399584518501,0.9992846277193087,0.9999760395272911,0.9999994662672378,0.9999225924332285,0.9994603143427994,0.9991455915830199,0.9990217406876211,0.9988091519669826,0.995703351445779,0.985829092376886,0.9581475773555217,0.8908739943083591,0.8094941972537378,0.7758432102292434,0.7289248333013569,0.9684147947590798
0.266,9.399551459399335,0.9965822311363972,0.9992957224040103,0.9999765778356123,0.9999994823917383,0.9999241380820393,0.999468947373267,0.999158479515044,0.9990362472262193,0.9988263143237395,0.995753612693801,0.985959390760792,0.9584370995088165,0.8914075459896467,0.8102049249462764,0.7766049728807014,0.7297107200854906,0.9685512363516358
0.267,9.419172036646307,0.9966238450786249,0.9993066081297144,0.9999771022957563,0.9999994979772515,0.9999256477855462,0.9994774135551782,0.9991711299798148,0.9990504902181964,0.9988431719805813,0.9958031171013042,0.9860880504903347,0.9587236346554935,0.8919366742576026,0.8109106024403027,0.7773615879001013,0.7304916742616026,0.968686491475215
0.268,9.43872735698448,0.9966648125371045,0.9993172894671847,0.9999776133061016,0.9999995130434358,0.9999271224894294,0.9994857166226456,0.9991835480776218,0.9990644752538769,0.998859731273713,0.9958518783400104,0.9862150970181227,0.9590072222057096,0.8924614279104149,0.811611278666034,0.7781131030299273,0.7312677391344053,0.9688205749372407
0.269,9.458217745434421,0.9967051455070957,0.999327770874016,0.9999781112524122,0.9999995276091753,0.9999285631117419,0.9994938602153784,0.9991957387844234,0.9990782077888477,0.9988759983892993,0.9958999097957631,0.986340555330219,0.9592879009421944,0.8929818550804163,0.8123070019592384,0.7788595654558282,0.7320389575229399,0.968953501303071
0.27,9.47764352486188,0.9967448557269365,0.9993380566977532,0.9999785965082723,0.9999995416926125,0.999929970543794,0.9995018478813342,0.9992077069552265,0.999091693147582,0.9988919793674361,0.9959472245752952,0.9864644499559633,0.9595657090319158,0.8934980032448947,0.8129978200699126,0.7796010218144309,0.7328053717672284,0.9690852849009021
0.271,9.497005015995587,0.996783954684262,0.9993481511789136,0.9999790694355044,0.9999995553111792,0.9999313456510068,0.9995096830792889,0.9992194573273663,0.9991049365269564,0.9989076801060074,0.9959938355128172,0.9865868049775619,0.9598406840374986,0.8940099192367026,0.8136837801708139,0.7803375182010281,0.7335670237348229,0.9692159398265563
0.272,9.516302537444934,0.996822453622054,0.9993580584539198,0.9999795303845729,0.9999995684816267,0.9999326892737375,0.9995173691813275,0.9992309945236864,0.9991179429996649,0.9989231063644283,0.9960397551764326,0.9867076440394507,0.9601128629283991,0.8945176492546626,0.8143649288658428,0.7810691001771357,0.7343239548272431,0.9693454799481525
0.273,9.535536405717426,0.9968603635445296,0.9993677825579436,0.9999799796949717,0.999999581220054,0.9999340022280735,0.9995249094752592,0.9992423230556257,0.9991307175175311,0.9989382637672807,0.996084995874385,0.986826990357436,0.9603822820918461,0.8950212388737819,0.8150413121982856,0.7817958127779301,0.7350762059863138,0.9694739189106673
0.274,9.554706935236005,0.9968976952228704,0.9993773274276643,0.9999804176955979,0.9999995935419349,0.9999352853066025,0.9995323071669574,0.999253447326213,0.9991432649147232,0.9989531578078426,0.9961295696611409,0.9869448667276207,0.9606489773435478,0.8955207330552718,0.8157129756589151,0.7825177005195596,0.7358238177003944,0.9696012701403847
0.275,9.573814438356164,0.9969344592008003,0.9993866969039448,0.9999808447051127,0.9999996054621448,0.9999365392791534,0.9995395653826294,0.9992643716329735,0.9991555899108753,0.9989677938515157,0.9961734883433143,0.9870612955351203,0.9609129839381764,0.8960161761563827,0.8163799641939551,0.7832348074063421,0.7365668300105128,0.9697275468492416
0.276,9.592859225382934,0.9969706658000128,0.9993958947344271,0.9999812610322873,0.9999996169949845,0.9999377648935128,0.9995466871710168,0.999275100170748,0.9991676971141169,0.9989821771391549,0.9962167634854378,0.9871762987625753,0.9611743365796303,0.896507611940054,0.8170423222129086,0.7839471769378383,0.737305282516397,0.9698527620390694
0.277,9.611841604587656,0.9970063251254562,0.9994049245760515,0.9999816669763376,0.9999996281542047,0.9999389628761177,0.9995536755055285,0.9992856370344309,0.9991795910240144,0.998996312790301,0.9962594064155819,0.9872898979984638,0.961433069431084,0.8969950835843866,0.8177000935962564,0.7846548521158183,0.7380392143824106,0.9699769285057375
0.278,9.630761882224647,0.9970414470704763,0.9994137899974997,0.9999820628272458,0.9999996389530285,0.9999401339327233,0.9995605332863103,0.9992959862216263,0.9991912760344266,0.9990102058063216,0.996301428230831,0.9874021144452211,0.9616892161248256,0.8974786336919384,0.8183533217030233,0.7853578754511071,0.7387686643433939,0.9701000588431947
0.279,9.649620362547632,0.9970760413218256,0.9994224944815667,0.9999824488660709,0.9999996494041726,0.9999412787490488,0.9995672633422515,0.9993061516352281,0.9992027564362779,0.9990238610734621,0.9963428398026167,0.9875129689271704,0.9619428097718926,0.897958304298849,0.8190020493782201,0.7860562889703275,0.7394936707104112,0.9702221654474233
0.28,9.66841734782609,0.9971101173645388,0.9994310414274618,0.999982825365248,0.9999996595198692,0.9999423979914015,0.9995738684329304,0.9993161370859222,0.9992140364202512,0.9990372833658095,0.9963836517819142,0.9876224818982695,0.9621938829715045,0.8984341368837965,0.8196463189601587,0.7867501342225274,0.7402142713764062,0.9703432605202936
0.281,9.687153138361367,0.9971436844866809,0.9994394341530423,0.9999831925888758,0.9999996693118848,0.9999434923072793,0.9995803512505032,0.9993259462946185,0.999225120079403,0.9990504773481721,0.996423874604305,0.9877306734496787,0.9624424678203036,0.8989061723767885,0.8202861722876481,0.7874394522857064,0.740930503821768,0.9704633560733337
0.282,9.705828032502708,0.9971767517839707,0.999447675896981,0.9999835507929952,0.9999996787915396,0.9999445623259532,0.9995867144215346,0.9993355828948102,0.999236011411703,0.9990634475788779,0.9964635184949107,0.987837563317154,0.9626885959214019,0.8993744511677941,0.8209216507070669,0.7881242837732332,0.7416424051198081,0.9705824639314095
0.283,9.72444232666306,0.9972093281642832,0.9994557698208711,0.9999839002258564,0.9999996879697257,0.9999456086590299,0.999592960508775,0.9993450504348663,0.9992467143225019,0.9990761985124932,0.9965025934731992,0.9879431708882704,0.9629322983932436,0.8998390131152161,0.821552795079322,0.7888046688401638,0.7423500119421522,0.970700595736321
0.284,9.742996315334773,0.9972414223520355,0.9994637190112687,0.9999842411281776,0.9999996968569245,0.9999466319009963,0.9995990920128842,0.9993543523802567,0.999257232626927,0.9990887345024652,0.9965411093576714,0.9880475152094799,0.9631736058782858,0.9002998975542101,0.8221796457866896,0.7894806471894571,0.7430533605640466,0.9708177629503166
0.285,9.76149029110512,0.9972730428924571,0.9994715264816761,0.9999845737333939,0.9999997054632228,0.9999476326297446,0.9996051113741042,0.9993634921157137,0.9992675700522112,0.9991010598036904,0.9965790757704249,0.9881506149930074,0.9634125485515004,0.9007571433048525,0.8228022427395445,0.7901522580780926,0.7437524868695795,0.9709339768595239
0.286,9.77992454467169,0.9973041981557514,0.9994791951744673,0.9999848982678969,0.9999997137983297,0.9999486114070809,0.9996110209738825,0.9993724729473318,0.9992777302399544,0.9991131785750098,0.9966165021416058,0.9882524886235904,0.9636491561287027,0.9012107886801592,0.8234206253829788,0.7908195403230904,0.7444474263568233,0.9710492485773061
0.287,9.798299364857604,0.9973348963411485,0.9994867279627583,0.9999852149512669,0.9999997218715909,0.9999495687792164,0.9996168231364474,0.9993812981046064,0.9992877167483212,0.9991250948816365,0.9966533977137454,0.9883531541650639,0.9638834578747112,0.9016608714939616,0.8240348327033109,0.7914825323074368,0.7451382141428948,0.9711635890475395
0.288,9.816615038626608,0.9973651454808526,0.9994941276522222,0.9999855239964959,0.9999997296920038,0.9999505052772425,0.9996225201303367,0.9993899707424153,0.9992975330541769,0.9991368126975131,0.9966897715459893,0.9884526293667973,0.9641154826113402,0.9021074290686374,0.8246449032344885,0.7921412719859154,0.7458248849689366,0.9712770090478183
0.289,9.834871851098017,0.9973949534438907,0.9995013969828535,0.9999858256102029,0.999999737268231,0.99995142141759,0.9996281141698822,0.9993984939429427,0.9993071825551625,0.9991483359076054,0.996725632518219,0.9885509316699853,0.9643452587252321,0.9025504982427056,0.8252508750643873,0.7927957968908473,0.7465074732050223,0.9713895191925858
0.29,9.853070085561496,0.9974243279398592,0.9995085386306797,0.9999861199928418,0.9999997446086142,0.9999523177024732,0.9996336074166502,0.9994068707175495,0.9993166685717114,0.9991596683101318,0.9967609893350713,0.9886480782137962,0.9645728141755302,0.9029901153782842,0.8258527858410063,0.7934461441377412,0.747186012854983,0.9715011299361964
0.291,9.871210023491724,0.9974532765225775,0.9995155552094257,0.9999864073389022,0.9999997517211864,0.9999531946203196,0.9996390019808401,0.9994151040085898,0.99932599434901,0.999170813618731,0.9967958505298562,0.9887440858413822,0.9647981765013971,0.9034263163684129,0.8264506727785632,0.7940923504308534,0.7478605375611636,0.9716118515759085
0.292,9.889291944562899,0.9974818065936463,0.9995224492721294,0.9999866878371022,0.9999997586136848,0.9999540526461854,0.9996442999226419,0.9994231966911766,0.9993351630589028,0.9991817754645694,0.9968302244683777,0.9888389711057554,0.9650213728293824,0.9038591366442476,0.8270445726634901,0.7947344520686637,0.7485310806091008,0.9717216942548097
0.293,9.907316126663119,0.9975099254059165,0.9995292233127119,0.9999869616705758,0.9999997652935619,0.9999548922421568,0.9996495032535553,0.9994311515748974,0.9993441778017447,0.9991925573983924,0.9968641193526593,0.9889327502755311,0.9652424298806425,0.9042886111821252,0.8276345218603329,0.7953724849492637,0.7491976749321332,0.9718306679646795
0.294,9.925282845908608,0.9975376400668705,0.999535879767502,0.9999872290170522,0.999999771767997,0.9999557138577394,0.9996546139376693,0.9994389714054812,0.9993530416082015,0.9992031628925166,0.9968975432245776,0.9890254393405439,0.9654613739780156,0.9047147745105046,0.8282205563175564,0.796006484575662,0.7498603531159386,0.9719387825487859
0.295,9.943192376657825,0.9975649575419161,0.999542421016719,0.9999874900490308,0.9999997780439072,0.9999565179302334,0.9996596338929057,0.9994466588664204,0.9993617574410008,0.99921359534277,0.9969305039694051,0.9891170540173378,0.9656782310529561,0.9051376607167823,0.8288027115732527,0.7966364860610075,0.7505191474030017,0.9720460477046213
0.296,9.961044991525425,0.9975918846575993,0.9995488493859118,0.9999877449339476,0.9999997841279569,0.9999573048850986,0.9996645649922268,0.9994542165805446,0.9993703281966334,0.9992238580703771,0.9969630093192666,0.9892076097545354,0.9658930266523312,0.9055573034539907,0.8293810227607628,0.7972625241337317,0.751174089697016,0.9721524729865798
0.297,9.978840961396086,0.9976184281047348,0.9995551671473591,0.9999879938343387,0.9999997900265686,0.9999580751363054,0.9996694090648073,0.999461647111553,0.9993787567070093,0.9992339543237948,0.9969950668565101,0.9892971217380861,0.9661057859450817,0.9059737359473761,0.829955524614204,0.7978846331426113,0.7518252115672159,0.9722580678085729
0.298,9.996580555438227,0.9976445944414586,0.9995613765214284,0.9999882369079955,0.999999795745932,0.9999588290866758,0.9996741678971746,0.9994689529655035,0.9993870457410661,0.999243887280497,0.997026684016994,0.9893856048964015,0.9663165337287518,0.9063869910008623,0.8305262514739113,0.7985028470617535,0.7524725442526448,0.9723628414465894
0.299,10.014264041117555,0.997670390096204,0.9995674796778984,0.9999884743081165,0.9999998012920128,0.9999595671282134,0.999678843234314,0.9994761365922589,0.999395198006335,0.9992536600487107,0.997057868093296,0.9894730739053743,0.96652529443589,0.9067971010034004,0.8310932372917919,0.7991171994955035,0.7531161186663579,0.9724668030412009
0.3,10.031891684210526,0.9976958213706028,0.9995734787372432,0.9999887061834528,0.999999806670562,0.999960289642422,0.9996834367807451,0.9994832003868953,0.9994032161504632,0.9992632756691064,0.9970886262378416,0.9895595431932892,0.9667320921403229,0.9072040979352086,0.8316565156365928,0.7997277236832795,0.7537559653995622,0.9725699616000122
0.301,10.049463748817656,0.9977208944423153,0.9995793757718817,0.9999889326784486,0.9999998118871233,0.9999609970006149,0.9996879502015651,0.9994901466910707,0.9994111027626935,0.999272737116442,0.9971189654659569,0.9896450269456243,0.9669369505633075,0.9076080133739011,0.8322161196990885,0.8003344525043296,0.7543921147256935,0.9726723260000563
0.302,10.066980497376706,0.9977456153677886,0.9995851728073907,0.9999891539333778,0.9999998169470421,0.9999616895642137,0.999692385123464,0.9994969777943553,0.9994188603753059,0.9992820473011627,0.9971488926588485,0.9897295391097494,0.9671398930795615,0.9080088785005134,0.8327720822971826,0.8009374184824203,0.7550245966044328,0.9727739049901417
0.303,10.084442190675746,0.9977699900849478,0.999590871823686,0.9999893700844752,0.9999998218554725,0.9999623676850377,0.9996967431357111,0.9995036959355263,0.9994264914650179,0.9992912090709579,0.997178414566509,0.9898130933995196,0.9673409427231762,0.9084067241054203,0.8333244358809322,0.8015366537904516,0.7556534406856626,0.9728747071931486
0.304,10.101849087866109,0.9977940244158197,0.9995964747561693,0.9999895812640632,0.9999998266173848,0.9999630317055841,0.9997010257911124,0.9995103033038265,0.9994339984543479,0.9993002252122775,0.9972075378105543,0.9898957032997708,0.9675401221934139,0.9088015805941534,0.8338732125374904,0.8021321902550015,0.7562786763133625,0.9729747411082722
0.305,10.119201446475195,0.997817724069092,0.9996019834968445,0.9999897876006744,0.9999998312375727,0.9999636819592996,0.9997052346069427,0.999516802040189,0.9994413837129413,0.9993090984518055,0.9972362688869908,0.9899773820707168,0.9677374538603936,0.909193477993117,0.8344184439959743,0.8027240593608036,0.7569003325294494,0.9730740151132233
0.306,10.136499522419188,0.9978410946426106,0.9996073998954023,0.99998998921917,0.9999998357206598,0.9999643187708432,0.9997093710658504,0.9995231942384282,0.999448649558861,0.9993178314578973,0.9972646141689179,0.9900581427522502,0.967932959770665,0.9095824459552062,0.834960161632254,0.8033122922551553,0.7575184380775586,0.9731725374663794
0.307,10.153743570015617,0.9978641416258137,0.9996127257602752,0.9999901862408546,0.9999998400711063,0.9999649424563404,0.9997134366167374,0.9995294819463982,0.9994557982598431,0.9993264268419764,0.9972925799091638,0.9901379981681527,0.9681266616526751,0.9099685137653288,0.8354983964736685,0.8038969197522607,0.7581330214067696,0.9732703163088909
0.308,10.170933841995842,0.9978868704021082,0.9996179628596645,0.9999903787835863,0.999999844293215,0.9999655533236294,0.9997174326756141,0.9995356671671211,0.9994628320345188,0.9993348871598952,0.997320172242859,0.9902169609302123,0.9683185809221303,0.9103517103458314,0.8360331792036672,0.8044779723375076,0.758744110675277,0.9733673596667436
0.309,10.188070589517384,0.997909286251187,0.9996231129225377,0.9999905669618837,0.9999998483911374,0.9999661516725006,0.9997213606264309,0.9995417518598826,0.9994697530536035,0.99934321491326,0.9973473971899492,0.9902950434422532,0.9685087386872534,0.910732064261834,0.8365645401663797,0.8050554801716803,0.7593517337540066,0.9734636754527756
0.31,10.205154062176165,0.99793139435129,0.9996281776395993,0.9999907508870294,0.9999998523688796,0.9999667377949275,0.9997252218218871,0.9995477379413,0.9994765634410546,0.9993514125507208,0.997374260657647,0.9903722579040796,0.9686971557539411,0.9111096037264731,0.8370925093711145,0.8056294730951101,0.7599559182301787,0.9735592714686544
0.311,10.222184508018623,0.9979531997814107,0.9996331586642357,0.9999909306671695,0.9999998562303072,0.9999673119752904,0.9997290175842155,0.9995536272863607,0.9994832652751976,0.9993594824692273,0.997400768442826,0.9904486163153339,0.9688838526308223,0.9114843566060559,0.8376171164967878,0.8061999806317625,0.7605566914108193,0.9736541554068135
0.312,10.23916217355372,0.9979747075234489,0.9996380576134337,0.9999911064074102,0.9999998599791513,0.9999678744905939,0.9997327492059482,0.9995594217294326,0.9994898605898233,0.999367427015252,0.9974269262343581,0.9905241304792739,0.9690688495342192,0.9118563504251264,0.8381383908962853,0.806767031993265,0.7611540803262199,0.9737483348523446
0.313,10.256087303764827,0.9979959224643113,0.9996428760686742,0.9999912782099112,0.999999863619013,0.9999684256106768,0.9997364179506584,0.9995651230652476,0.9994963513752548,0.9993752484859811,0.9974527396153963,0.9905988120064687,0.9692521663930149,0.9122256123714465,0.8386563616007545,0.8073306560828735,0.7617481117333458,0.9738418172848545
0.314,10.272960142121525,0.9980168493979621,0.999647615576802,0.9999914461739758,0.9999998671533687,0.9999689655984161,0.9997400250536835,0.9995707330498597,0.9995027395793874,0.9993829491304749,0.9974782140656019,0.9906726723184165,0.9694338228534269,0.9125921693008929,0.839171057323833,0.8078908814993817,0.7623388121191959,0.9739346100802828
0.315,10.28978093059126,0.9980374930274234,0.9996522776508724,0.9999916103961383,0.9999998705855743,0.9999694947099247,0.9997435717228281,0.9995762534015756,0.9995090271086999,0.9993905311507971,0.9975033549633211,0.9907457226510855,0.9696138382836914,0.9129560477422706,0.8396825064658113,0.8084477365409708,0.7629262077041137,0.9740267205126809
0.316,10.306549909650924,0.9980578579667283,0.9996568637709738,0.9999917709702475,0.9999998739188698,0.9999700131947421,0.9997470591390475,0.9995816858018631,0.9995152158292405,0.9993979967031165,0.9975281675877101,0.9908179740583807,0.9697922317786585,0.9133172739020473,0.8401907371177317,0.8090012492090028,0.7635103244450488,0.9741181557559555
0.317,10.32326731829831,0.9980779487428273,0.9996613753850302,0.9999919279875494,0.999999877156384,0.9999705212960205,0.9997504884571123,0.9995870318962331,0.9995213075675857,0.9994053478987776,0.9975526571208095,0.9908894374155366,0.9699690221642999,0.9136758736690062,0.8406957770654249,0.8095514472117595,0.7640911880387735,0.9742089228855773
0.318,10.33993339406346,0.9980977697974484,0.9996658139095804,0.9999920815367656,0.9999998803011383,0.9999710192507043,0.999753860806256,0.9995922932950999,0.9995273041117752,0.9994125868053462,0.9975768286495715,0.9909601234224393,0.9701442280021331,0.9140318726188229,0.8411976537934848,0.8100983579681247,0.7646688239250508,0.9742990288802521
0.319,10.356548373019928,0.998117325488914,0.999670180730537,0.999992231704169,0.9999998833560503,0.9999715072897045,0.9997571772908029,0.9995974715746179,0.9995332072122206,0.9994197154476266,0.9976006871678397,0.9910300426068789,0.970317867593561,0.9143852960185653,0.8416963944891838,0.810642008611212,0.7652432572897581,0.9743884806235621
0.32,10.373112489795918,0.998136620093914,0.9996744772039261,0.9999923785736584,0.9999998863239383,0.9999719856380678,0.9997604389907822,0.9996025682774969,0.9995390185825932,0.9994267358086529,0.9976242375782816,0.9910992053277329,0.970489958984131,0.9147361688311179,0.8421920260463278,0.8111824259919422,0.7658145130679656,0.9744772849055703
0.321,10.389625977585329,0.998155657809237,0.9996787046566057,0.9999925222268299,0.9999998892075249,0.9999724545151398,0.9997636469625218,0.9996075849137955,0.9995447399006858,0.9994336498306551,0.9976474846942787,0.9911676217780852,0.970660519967715,0.9150845157195334,0.8426845750690531,0.8117196366825659,0.7663826159469709,0.9745654484243935
0.322,10.406089068158698,0.9981744427534605,0.9996828643869663,0.999992662743045,0.9999998920094397,0.9999729141347247,0.9997668022392292,0.9996125229616941,0.9995503728092541,0.999440459416,0.9976704332417703,0.9912353019882773,0.970829568090609,0.9154303610513124,0.8431740678755665,0.8122536669801353,0.7669475903692905,0.9746529777877464
0.323,10.422501991874048,0.9981929789686016,0.9996869576656127,0.9999928001994987,0.9999998947322236,0.9999733647052387,0.9997699058315547,0.9996173838682473,0.9995559189168355,0.9994471664281092,0.997693087861057,0.9913022558288989,0.9709971206555599,0.9157737289026114,0.8436605305018285,0.8127845429099264,0.7675094605356065,0.9747398795144496
0.324,10.438864977687627,0.998211270421729,0.9996909857360275,0.9999929346712828,0.9999998973783316,0.9999738064298594,0.9997729587281405,0.9996221690501174,0.999561379798547,0.9994537726923527,0.9977154531085614,0.9913684930137148,0.9711631947257143,0.9161146430623828,0.8441439887051818,0.8133122902288111,0.768068250407675,0.9748261600359135
0.325,10.455178253164558,0.9982293210065359,0.9996949498152177,0.99999306623145,0.999999899950136,0.9999742395066713,0.9997759618961555,0.999626879894288,0.9995667569968627,0.9994602799969201,0.9977375334585484,0.9914340231025314,0.9713278071284964,0.916453127036445,0.8446244679679246,0.8138369344285797,0.7686239837111906,0.9749118256975869
0.326,10.471442044489384,0.9982471345448782,0.9996988510943433,0.999993194951073,0.9999999024499295,0.9999746641288052,0.9997789162818139,0.9996315177587599,0.9995720520223709,0.9994666900936702,0.9977593333048072,0.9914988555040053,0.9714909744594127,0.9167892040514872,0.8451019935008306,0.8143585007392166,0.76917668393861,0.9749968827603809
0.327,10.487656576476526,0.9982647147882749,0.9997026907393312,0.999993320899304,0.9999999048799278,0.9999750804845755,0.9997818228108827,0.9996360839732283,0.9995772663545124,0.9994730046989582,0.9977808569622933,0.9915629994783923,0.9716527130857877,0.9171228970590087,0.8455765902466186,0.8148770141321284,0.7697263743519385,0.9750813374020639
0.328,10.503822072580645,0.9982820654193745,0.9997064698914707,0.9999934441434314,0.9999999072422728,0.9999754887576118,0.9997846823891732,0.9996405798397432,0.9995824014422994,0.9994792254944435,0.997802108668735,0.9916264641402418,0.9718130391504298,0.9174542287391919,0.8460482828833662,0.8153924993233251,0.7702730779854738,0.9751651957186271
0.329,10.519938754906896,0.9982991900533872,0.9997101896679963,0.999993564748934,0.9999999095390347,0.9999758891269874,0.9997874959030213,0.9996450066333518,0.9995874587050162,0.9994853541278755,0.997823092586201,0.9916892584610345,0.9719719685752313,0.9177832215047147,0.8465170958278769,0.815904980776556,0.7708168176485146,0.9752484637256262
0.33,10.536006844221106,0.998316092239484,0.9997138511626525,0.999993682779535,0.9999999117722151,0.9999762817673438,0.999790264219754,0.9996493656027262,0.9995924395329026,0.9994913922138614,0.9978438128026353,0.991751391271767,0.9721295170647006,0.9181098975044993,0.8469830532389953,0.8164144827064012,0.7713576159280278,0.9753311473594937
0.331,10.55202655995986,0.9983327754621633,0.9997174554462461,0.9999937982972533,0.9999999139437493,0.9999766668490109,0.9997929881881441,0.9996536579707728,0.9995973452878191,0.9994973413346131,0.9978642733333546,0.9918128712654839,0.972285700109432,0.9184342786274003,0.8474461790208727,0.8169210290813174,0.7718954951912811,0.9754132524788285
0.332,10.567998120240482,0.9983492431425856,0.9997210035671831,0.9999939113624529,0.9999999160555084,0.9999770445381247,0.9997956686388528,0.9996578849352279,0.9996021773038959,0.9995032030406771,0.9978844781225136,0.9918737069997575,0.9724405329895104,0.918756386505834,0.8479064968261872,0.817424643626642,0.7724304775884373,0.9754947848656578
0.333,10.583921741870936,0.9983654986398783,0.9997244965519922,0.9999940220338913,0.9999999181093019,0.9999774149967411,0.9997983063848607,0.9996620476692375,0.9996069368881656,0.999508978851645,0.9979044310445373,0.9919339068991185,0.9725940307778553,0.9190762425193478,0.8483640300593129,0.817925349827554,0.7729625850551135,0.9755757502266781
0.334,10.599797640359641,0.9983815452524102,0.999727935405835,0.9999941303687668,0.9999999201068798,0.9999777783829457,0.9998009022218876,0.9996661473219216,0.999611625321179,0.9995146702568473,0.9979241359055202,0.9919934792574359,0.9727462083435037,0.9193938677981335,0.8488188018794454,0.818423170931992,0.7734918393149035,0.9756561541944676
0.335,10.615626029925187,0.9983973862190364,0.9997313211130019,0.9999942364227633,0.9999999220499346,0.9999781348509608,0.9998034569288008,0.999670185018926,0.9996162438576068,0.9995202787160288,0.9979435964445948,0.9920524322402503,0.972897080354833,0.9197092832264826,0.8492708352036789,0.8189181299535313,0.7740182618818665,0.975736002328678
0.336,10.631407123505976,0.9984130247203155,0.9997346546373971,0.9999943402500939,0.9999999239401035,0.9999784845512503,0.9998059712680141,0.9996741618629583,0.9996207937268252,0.9995258056600089,0.9979628163352696,0.9921107738870598,0.9730466612827274,0.9200225094461875,0.8497201527100415,0.8194102496742207,0.7745418740629799,0.9758153001172041
0.337,10.647141132769768,0.9984284638796982,0.9997379369230099,0.9999944419035438,0.9999999257789703,0.9999788276306195,0.9998084459858745,0.9996780789343113,0.9996252761334875,0.9995312524913244,0.9979817991867365,0.9921685121135589,0.9731949654036853,0.9203335668598873,0.8501667768404834,0.8198995526473796,0.7750626969605602,0.9758940529773295
0.338,10.662828268123139,0.9984437067646901,0.9997411688943747,0.9999945414345116,0.9999999275680672,0.9999791642323137,0.9998108818130406,0.9996819372913732,0.9996296922580805,0.9995366205848565,0.9980005485451501,0.9922256547138343,0.9733420068028718,0.920642475634361,0.8506107298038221,0.8203860612003533,0.7755807514746486,0.9759722662568506
0.339,10.678468738720875,0.9984587563879864,0.9997443514570182,0.9999946388930484,0.9999999293088765,0.9999794944961128,0.9998132794648501,0.9996857379711247,0.9996340432574686,0.9995419112884438,0.9980190678948783,0.9922822093625152,0.9734877993771165,0.9209492557037672,0.8510520335786462,0.8208697974372339,0.7760960583053643,0.9760499452351792
0.34,10.694062752475247,0.9984736157085831,0.999747485497897,0.9999947343278971,0.9999999310028328,0.9999798185584241,0.9998156396416787,0.999689481989624,0.9996383302654228,0.9995471259234784,0.9980373606597244,0.9923381836168815,0.9736323568378573,0.9212539267728331,0.8514907099161759,0.8213507832415388,0.7766086379552272,0.9761270951244251
0.341,10.70961051606525,0.9984882876328606,0.9997505718858226,0.9999948277865298,0.999999932651324,0.9999801365523718,0.9998179630292888,0.9996931703424792,0.9996425543931373,0.9995522657854887,0.9980554302041234,0.9923935849189301,0.9737756927140322,0.9215565083199933,0.8519267803430817,0.8218290402788533,0.7771185107314459,0.9762037210704583
0.342,10.725112234945705,0.9985027750156453,0.9997536114718765,0.9999949193151836,0.9999999342556938,0.9999804486078838,0.9998202502991699,0.9996968040053092,0.9996467167297339,0.9995573321447077,0.998073279834311,0.9924484205973992,0.9739178203549187,0.9218570196004767,0.852360266164264,0.8223045899994376,0.7776256967481769,0.9762798281539483
0.343,10.740568113356334,0.9985170806612458,0.999756605089814,0.999995008958896,0.999999935817242,0.9999807548517764,0.9998225021088702,0.9997003839341936,0.9996508183427528,0.9995623262466272,0.9980909127994679,0.9925026978697539,0.9740587529329238,0.9221554796493484,0.8527911884655905,0.8227774536407957,0.7781302159287526,0.976355421391389
0.344,10.755978354330708,0.9985312073244662,0.9997595535564594,0.9999950967615392,0.9999999373372275,0.9999810554078365,0.9998247191023196,0.9997039110661101,0.9996548602786322,0.9995672493125393,0.9981083322928374,0.9925564238441312,0.9741985034463232,0.9224519072844996,0.8532195681165968,0.8232476522302092,0.7786320880078765,0.9764305057360992
0.345,10.771343159705161,0.9985451577115972,0.9997624576720893,0.9999951827658526,0.9999999388168684,0.9999813503969013,0.9998269019101442,0.999707386319363,0.9996588435631757,0.9995721025400635,0.9981255414528202,0.9926096055212473,0.9743370847219537,0.9227463211095929,0.8536454257731454,0.8237152065872355,0.7791313325337929,0.9765050860792075
0.346,10.786662730127576,0.9985589344813844,0.999765318220808,0.9999952670134753,0.9999999402573443,0.9999816399369353,0.9998290511499734,0.9997108105939987,0.9996627692020087,0.9995768871036628,0.9981425433640443,0.9926622497962677,0.9744745094178565,0.9230387395169619,0.8540687818800492,0.8241801373261731,0.779627968870424,0.9765791672506192
0.347,10.801937265066146,0.998572540245976,0.9997681359709126,0.9999953495449767,0.9999999416597971,0.9999819241431064,0.9998311674267388,0.9997141847722135,0.9996666381810229,0.9995816041551459,0.9981593410584122,0.9927143634606391,0.9746107900258747,0.9233291806904628,0.8544896566736554,0.8246424648584895,0.7801220161994784,0.976652754019962
0.348,10.817166962818002,0.9985859775718476,0.9997709116752491,0.9999954303998868,0.9999999430253325,0.9999822031278582,0.9998332513329657,0.9997175097187498,0.9996704514668107,0.9995862548241579,0.9981759375161243,0.9927659532038876,0.9747459388742052,0.923617662608284,0.8549080701843945,0.8251022093952194,0.7806134935225336,0.9767258510975187
0.349,10.832352020517831,0.9985992489807095,0.9997736460715603,0.9999955096167252,0.9999999443550212,0.9999824770009815,0.9998353034490569,0.9997207862812825,0.999674210007089,0.9995908402186595,0.9981923356666816,0.9928170256153792,0.9748799681299058,0.9239042030457107,0.855324042239291,0.8255593909493273,0.7811024196630871,0.9767984631351391
0.35,10.847492634146342,0.9986123569503906,0.9997763398828238,0.9999955872330298,0.9999999456499001,0.999982745869683,0.9998373243435698,0.9997240152907969,0.9996779147311122,0.9995953614253944,0.9982085383898655,0.9928675871860486,0.9750128898013579,0.9241888195778467,0.8557375924644406,0.8260140293380388,0.7815888132685823,0.9768705947271366
0.351,10.862588998538724,0.9986253039157055,0.9997789938175833,0.9999956632853836,0.9999999469109737,0.9999830098386524,0.999839314573486,0.9997271975619567,0.9996815665500753,0.9995998195103456,0.9982245485166966,0.992917644310092,0.975144715740687,0.9244715295822937,0.8561487402874496,0.8264661441851388,0.782072692812407,0.9769422504111686
0.352,10.877641307392995,0.9986380922693004,0.9997816085702701,0.9999957378094414,0.9999999481392147,0.9999832690101276,0.999841274684475,0.9997303338934632,0.999685166357508,0.9996042155191806,0.9982403688303735,0.9929672032866284,0.9752754576461402,0.92475235024179,0.8565575049398433,0.8269157549232402,0.7825540765958637,0.9770134346690996
0.353,10.892649753278292,0.9986507243624827,0.9997841848215181,0.9999958108399561,0.9999999493355652,0.999983523483958,0.9998432052111506,0.9997334250684057,0.9996887150296585,0.9996085504776868,0.998256002067191,0.9930162703213281,0.9754051270644235,0.9250312985468068,0.8569639054594363,0.827362880796019,0.7830329827501158,0.9770841519278514
0.354,10.907614527643064,0.9986632025060299,0.9997867232384698,0.9999958824108034,0.9999999505009384,0.999983773357666,0.9998451066773203,0.9997364718546035,0.9996922134258681,0.9996128253921961,0.9982714509174384,0.9930648515280107,0.9755337353929971,0.9253083912981068,0.857367960692674,0.8278075408604221,0.7835094292381064,0.9771544065602334
0.355,10.922535820823246,0.9986755289709829,0.9997892244750758,0.9999959525550054,0.9999999516362184,0.9999840187265068,0.9998469795962303,0.9997394750049395,0.9996956623889379,0.9996170412499988,0.9982867180262787,0.9931129529302104,0.9756612938823324,0.9255836451092607,0.8577696892969362,0.828249753988841,0.7839834338564519,0.9772242028857621
0.356,10.93741382205029,0.9986877059894209,0.9997916891723864,0.9999960213047553,0.999999952742262,0.9999842596835264,0.9998488244708028,0.9997424352576866,0.9996990627454848,0.9996211990197491,0.9983018059946095,0.993160580462713,0.9757878136381288,0.9258570764091276,0.858169109742813,0.8286895388712611,0.7844550142373107,0.9772935451714635
0.357,10.952248719459199,0.99869973575522,0.9997941179588362,0.9999960886914393,0.9999999538199,0.9999844963196184,0.9998506417938681,0.9997453533368241,0.9997024153062909,0.9996252996518599,0.9983167173799048,0.9932077399730626,0.9759133056234934,0.9261287014442954,0.8585662403163454,0.8291269140173767,0.7849241878502268,0.9773624376326617
0.358,10.967040700096431,0.9987116204247941,0.9997965114505224,0.9999961547456594,0.9999999548699368,0.9999847287235785,0.9998524320483905,0.9997482299523489,0.9997057208666438,0.999629344078889,0.9983314546970397,0.9932544372230386,0.9760377806610824,0.9263985362814852,0.8589610991212371,0.8295618977586807,0.7853909720039506,0.977430884433753
0.359,10.981789949927782,0.9987233621178222,0.9997988702514747,0.9999962194972541,0.9999999558931522,0.9999849569821582,0.9998541957076894,0.999751065800578,0.9997089802066682,0.9996333332159163,0.9983460204190966,0.9933006778901069,0.9761612494352055,0.926666596809918,0.8593537040810328,0.8299945082505256,0.7858553838482326,0.9774988896889667
0.36,10.996496653846153,0.9987349629179574,0.999801194953921,0.9999962829753203,0.999999956890302,0.9999851811801167,0.9998559332356541,0.999753861564444,0.9997121940916508,0.9996372679609111,0.9983604169781556,0.9933464675688403,0.9762837224938964,0.9269328987436469,0.8597440729412699,0.8304247634741555,0.7863174403755974,0.9775664574631131
0.361,11.01116099567931,0.9987464248735218,0.9998034861385443,0.9999963452082323,0.999999957862119,0.9999854014002713,0.999857645086954,0.9997566179137833,0.9997153632723569,0.9996411491950928,0.9983746467660672,0.9933918117723141,0.9764052102509444,0.9271974576238519,0.8601322232715953,0.8308526812387118,0.7867771584230906,0.9776335917723151
0.362,11.025783158197507,0.9987577499981869,0.9998057443747355,0.9999964062236625,0.9999999588093134,0.9999856177235462,0.9998593317072431,0.9997593355056179,0.9997184884853393,0.9996449777832812,0.9983887121352092,0.9934367159334744,0.9765257229878948,0.9274602888211011,0.8605181724678589,0.8312782791832127,0.7872345546740063,0.977700296584731
0.363,11.040363323121113,0.9987689402716382,0.9998079702208383,0.9999964660485998,0.9999999597325735,0.9999858302290209,0.9998609935333599,0.9997620149844303,0.9997215704532405,0.9996487545742396,0.9984026153992273,0.9934811854064803,0.9766452708560128,0.9277214075375776,0.8609019377541718,0.8317015747785035,0.7876896456595893,0.9777665758212603
0.364,11.054901671128105,0.9987799976402268,0.9998101642243897,0.9999965247093684,0.9999999606325671,0.9999860389939759,0.9998626309935223,0.9997646569824317,0.9997246098850877,0.9996524804010106,0.9984163588337607,0.9935252254680212,0.9767638638782159,0.9279808288092728,0.8612835361849414,0.8321225853291839,0.7881424477607172,0.9778324333562418
0.365,11.069398381861577,0.9987909240176059,0.9998123269223538,0.9999965822316454,0.9999999615099413,0.9999862440939382,0.9998642445075175,0.9997672621198239,0.99972760747658,0.9996561560812427,0.9984299446771523,0.9935688413186087,0.976881511950972,0.9282385675081459,0.8616629846468753,0.832541327975508,0.7885929772095585,0.9778978730181341
0.366,11.083853633937082,0.9988017212853549,0.9998144588413501,0.999996638640479,0.9999999623653237,0.9999864456027254,0.9998658344868879,0.9997698310050558,0.9997305639103703,0.9996597824175103,0.9984433751311438,0.9936120380838444,0.9769982248461663,0.9284946383442526,0.8620402998609592,0.8329578196952592,0.7890412500912115,0.9779628985901897
0.367,11.098267604950024,0.9988123912935891,0.9998165604978775,0.9999966939603043,0.9999999631993232,0.9999866435924878,0.9998674013351116,0.9997723642350724,0.9997334798563399,0.9996633601976265,0.9984566523615569,0.9936548208156641,0.977114012212937,0.9287490558678392,0.8624154983844063,0.8333720773055999,0.7894872823453201,0.978027513811112
0.368,11.112640471482889,0.9988229358615573,0.9998186323985306,0.9999967482149605,0.9999999640125297,0.9999868381337507,0.9998689454477794,0.9997748623955592,0.999736355971866,0.9996668901949478,0.9984697784989595,0.9936971944935588,0.9772288835794792,0.9290018344714084,0.8627885966125814,0.8337841174648979,0.7899310897676698,0.9780917223757051
0.369,11.126972409112483,0.9988333567782266,0.9998206750402139,0.9999968014277069,0.9999999648055159,0.9999870292954539,0.999870467212767,0.9997773260611802,0.9997391929020848,0.999670373168673,0.9984827556393189,0.9937391640257713,0.9773428483548189,0.9292529883917519,0.8631596107808979,0.8341939566745266,0.790372688011762,0.97815552793551
0.37,11.141263592417062,0.9988436558028538,0.9998226889103478,0.9999968536212376,0.9999999655788372,0.9999872171449921,0.999871967010403,0.9997797557958109,0.9997419912801465,0.9996738098641343,0.9984955858446409,0.993780734250473,0.9774559158305577,0.9295025317119538,0.863528556966689,0.8346016112806435,0.7908120925903699,0.97821893409943
0.371,11.155514194983436,0.9988538346655471,0.9998246744870724,0.9999969048176975,0.9999999663330322,0.9999874017482522,0.9998734452136339,0.999782152152765,0.9997447517274658,0.9996772010130821,0.9985082711435964,0.9938219099369168,0.9775680951825875,0.9297504783633641,0.8638954510910535,0.8350070974759438,0.7912493188770722,0.9782819444343469
0.372,11.169724389413988,0.998863895067813,0.9998266322394449,0.9999969550386963,0.9999999670686237,0.9999875831696511,0.9998749021881832,0.999784515675017,0.9997474748539659,0.9996805473339635,0.9985208135321342,0.993862695786569,0.9776793954727776,0.9299968421275423,0.8642603089206771,0.8354104313013917,0.791684382107769,0.9783445624657244
0.373,11.183894347333649,0.9988738386830943,0.999828562627633,0.9999970043053229,0.9999999677861185,0.9999877614721716,0.9998763382927085,0.9997868468954183,0.9997501612583174,0.9996838495321941,0.9985332149740815,0.9939030964342213,0.9777898256506325,0.9302416366381732,0.8646231460696274,0.8358116286479281,0.7921172973821764,0.9784067916782023
0.374,11.198024239396794,0.9988836671572952,0.9998304661031031,0.9999970526381587,0.9999999684860088,0.9999879367173978,0.9998777538789542,0.9997891463369094,0.9997528115281712,0.9996871083004245,0.998545477401733,0.99394311644908,0.9778993945549236,0.930484875382953,0.8649839780011267,0.8362107052581575,0.7925480796653048,0.9784686355161804
0.375,11.212114235294118,0.9988933821092958,0.9998323431088054,0.9999971000572919,0.9999999691687718,0.9999881089655496,0.9998791492918998,0.9997914145127268,0.9997554262403865,0.9996903243187992,0.9985576027164262,0.9939827603358377,0.9780081109152918,0.9307265717054491,0.8653428200292989,0.8366076767280106,0.7929767437889146,0.9785300973843926
0.376,11.226164503759398,0.9989029851314568,0.999834194079353,0.9999971465823297,0.9999999698348708,0.9999882782755153,0.9998805248699066,0.9997936519266046,0.9997580059612531,0.9996934982552115,0.9985695927891066,0.994022032535723,0.9781159833538262,0.9309667388069315,0.8656996873208943,0.8370025585083875,0.7934033044529571,0.9785911806484708
0.377,11.240175212576258,0.9989124777901123,0.9998360194411982,0.9999971922324111,0.9999999704847555,0.9999884447048851,0.9998818809448585,0.9997958590729725,0.9997605512467092,0.999696630765551,0.99858144946088,0.9940609374275322,0.9782230203866144,0.9312053897481769,0.8660545948969904,0.8373953659067768,0.7938277762269943,0.9786518886354998
0.378,11.254146528584815,0.9989218616260531,0.9998378196128037,0.9999972370262195,0.9999999711188623,0.9999886083099823,0.9998832178423014,0.9997980364371485,0.9997630626425539,0.9996997224939473,0.9985931745435552,0.9940994793286421,0.9783292304252683,0.9314425374512485,0.8664075576346707,0.8377861140888572,0.7942501735516024,0.9787122246345616
0.379,11.26807861768835,0.9989311381550003,0.999839595004811,0.999997280981994,0.9999999717376146,0.9999887691458936,0.9998845358815786,0.9998001844955272,0.9997655406846548,0.9997027740730061,0.9986047698201738,0.9941376624960028,0.9784346217784252,0.9316781947012462,0.8667585902686787,0.8381748180800744,0.7946705107397569,0.9787721918972732
0.38,11.281971644859812,0.998940308868068,0.9998413460202036,0.9999973241175416,0.9999999723414236,0.9999889272665,0.9998858353759623,0.9998023037157643,0.9997679858991513,0.9997057861240422,0.9986162370455305,0.9941754911271143,0.9785392026532233,0.931912374148035,0.8671077073930538,0.8385614927672009,0.7950888019782003,0.9788317936383109
0.381,11.295825774148392,0.9989493752322174,0.999843073054467,0.9999973664502482,0.9999999729306883,0.9999890827245052,0.9998871166327838,0.9998043945569559,0.9997703988026524,0.9997087592573054,0.9986275779466829,0.9942129693609841,0.9786429811567532,0.9321450883079451,0.8674549234627406,0.8389461528998726,0.7955050613287918,0.9788910330359303
0.382,11.309641168685927,0.9989583386907019,0.9998447764957452,0.999997407997089,0.9999999735057965,0.9999892355714642,0.999888379953559,0.9998064574698156,0.9997727799024315,0.9997116940722033,0.9986387942234505,0.9942501012790675,0.9787459652974869,0.9323763495654496,0.8678002527951811,0.8393288130921087,0.7959193027298426,0.9789499132324757
0.383,11.323417990693347,0.9989672006635018,0.9998464567249936,0.9999974487746405,0.9999999740671243,0.9999893858578115,0.9998896256341109,0.9998084928968449,0.9997751296966154,0.999714591157517,0.9986498875489035,0.9942868909061913,0.9788481629866818,0.932606170174816,0.8681437095718828,0.8397094878238088,0.7963315399974301,0.9790084373348801
0.384,11.337156401486988,0.9989759625477503,0.999848114116128,0.9999974887990891,0.9999999746150369,0.999989533632887,0.999890853964691,0.9998105012725024,0.9997774486743698,0.999717451091614,0.9986608595698426,0.9943233422114598,0.9789495820397626,0.9328345622617353,0.868485307839967,0.8400881914422339,0.7967417868267006,0.9790666084151588
0.385,11.35085656148492,0.9989846257181527,0.99984974903617,0.9999975280862424,0.9999999751498891,0.9999896789449633,0.9998920652300963,0.999812483023367,0.9997797373160805,0.9997202744426551,0.9986717119072687,0.9943594591091458,0.9790502301776811,0.9330615378249263,0.8688250615136964,0.840464938163465,0.7971500567931513,0.979124429510892
0.386,11.36451863021316,0.9989931915273942,0.9998513618453901,0.9999975666515385,0.9999999756720255,0.9999898218412702,0.9998932597097837,0.9998144385682992,0.9997819960935305,0.9997230617687973,0.9986824461568428,0.9943952454595641,0.9791501150282536,0.9332871087377173,0.8691629843759834,0.8408397420738464,0.7975563633538998,0.979181903625704
0.387,11.378142766311894,0.9990016613065411,0.9998529528974471,0.9999976045100554,0.9999999761817806,0.9999899623680206,0.9998944376779823,0.9998163683185974,0.9997842254700728,0.9997258136183921,0.9986930638893379,0.9944307050699306,0.979249244127476,0.9335112867496049,0.8694990900798767,0.8412126171314076,0.797960719848935,0.979239033729729
0.388,11.391729127541588,0.9990100363654341,0.9998545225395229,0.9999976416765204,0.9999999766794794,0.999990100570434,0.9998955994038029,0.9998182726781515,0.9997864259008007,0.9997285305301791,0.9987035666510802,0.9944658416952042,0.9793476249208198,0.9337340834877911,0.8698333921500297,0.8415835771672696,0.7983631395023549,0.9792958227600744
0.389,11.405277870789112,0.9990183179930721,0.9998560711124567,0.9999976781653189,0.9999999771654374,0.9999902364927603,0.9998967451513451,0.9998201520435925,0.999788597832712,0.9997312130334765,0.9987139559643834,0.9945006590389162,0.9794452647645038,0.9339555104586967,0.8701659039841496,0.8419526358870306,0.7987636354235869,0.9793522736212712
0.39,11.418789152073733,0.9990265074579899,0.9998575989508742,0.9999977139905033,0.9999999776399615,0.9999903701783028,0.9998978751798012,0.9998220068044394,0.9997907417048718,0.9997338616483656,0.9987242333279731,0.9945351607539816,0.9795421709267489,0.9341755790494548,0.8704966388544265,0.8423198068721366,0.7991622206085938,0.9794083891857228
0.391,11.432263126553153,0.9990346060086273,0.9998591063833153,0.9999977491658013,0.9999999781033495,0.9999905016694406,0.9998989897435591,0.9998238373432423,0.9997928579485706,0.9997364768858734,0.998734400217403,0.994569350443499,0.9796383505890103,0.9343943005293815,0.8708256099089443,0.8426851035812328,0.7995589079410664,0.9794641722941411
0.392,11.44569994852941,0.9990426148736905,0.9998605937323573,0.9999977837046241,0.9999999785558906,0.9999906310076504,0.9999000890923009,0.9998256440357222,0.9997949469874788,0.9997390592481491,0.9987444580854632,0.9946032316615342,0.9797338108471915,0.934611686051427,0.8711528301730741,0.8430485393514988,0.799953710193599,0.9795196257559797
0.393,11.459099771454797,0.9990505352625079,0.9998620613147366,0.9999978176200749,0.9999999789978663,0.9999907582335277,0.9999011734711015,0.9998274272509082,0.9997970092377987,0.9997416092286384,0.9987544083625807,0.9946368079138906,0.9798285587128371,0.9348277466536042,0.871478312550847,0.843410127399966,0.8003466400288506,0.9795747523498569
0.394,11.472462747937673,0.9990583683653761,0.9998635094414682,0.9999978509249556,0.9999999794295495,0.9999908833868075,0.9999022431205233,0.999829187351272,0.9997990451084113,0.9997441273122533,0.9987642524572108,0.9946700826588659,0.9799226011143093,0.9350424932603997,0.8718020698263119,0.8437698808248201,0.8007377100006949,0.9796295548239745
0.395,11.485789029748284,0.9990661153539017,0.9998649384179598,0.9999978836317759,0.999999979851206,0.9999910065063845,0.9999032982767091,0.9998309246928575,0.9998010550010229,0.9997466139755381,0.9987739917562227,0.9947030593079955,0.9800159448979426,0.9352559366841615,0.8721241146648735,0.8441278126066847,0.8011269325553521,0.9796840358965279
0.396,11.499078767824496,0.9990737773813343,0.9998663485441269,0.9999979157527591,0.9999999802630938,0.9999911276303329,0.9999043391714731,0.9998326396254099,0.9998030393103051,0.9997490696868326,0.9987836276252756,0.9947357412267822,0.9801085968291826,0.9354680876264699,0.8724444596146138,0.8444839356098907,0.8015143200325093,0.9797381982561099
0.397,11.5123321122775,0.9990813555828937,0.9998677401145026,0.9999979472998504,0.9999999806654635,0.9999912467959252,0.99990536603239,0.999834332492501,0.999804998424034,0.9997514949064307,0.9987931614091891,0.9947681317354139,0.9802005635937052,0.9356789566794873,0.8727631171075965,0.8448382625837288,0.8018998846664268,0.9797920445621089
0.398,11.525549212397447,0.9990888510760907,0.9998691134183463,0.9999979782847235,0.9999999810585588,0.999991364039651,0.9999063790828815,0.9998360036316507,0.9998069327232261,0.9997538900867361,0.9988025944323049,0.9948002341094676,0.9802918517985189,0.93588855432729,0.8730800994611542,0.8451908061636878,0.8022836385870309,0.9798455774451009
0.399,11.538730216659081,0.9990962649610412,0.9998704687397494,0.9999980087187871,0.9999999814426167,0.9999914793972355,0.9999073785423016,0.9998376533744477,0.9998088425822699,0.999756255672415,0.9988119279988428,0.9948320515806023,0.9803824679730493,0.9360968909471801,0.873395418879159,0.8455415788726737,0.8026655938209923,0.979898799507233
0.4,11.551875272727273,0.9991035983207739,0.9998718063577392,0.9999980386131919,0.9999999818178676,0.9999915929036567,0.9999083646260192,0.9998392820466667,0.9998107283690565,0.9997585921005452,0.9988211633932491,0.9948635873372383,0.9804724185702071,0.9363039768109805,0.8737090874532772,0.845890593122218,0.8030457622927933,0.9799517133226034
