Beta,R_0,R1,R2,R3,R4,R5,R6,R7,R8,R9,R10,R11,R12,R13,R14,R15,R16,R_all
0.0,0.0,0.0,0.0,0.0,0.0,0.0,0.0,0.0,0.0,0.0,0.0,0.0,0.0,0.0,0.0,0.0,0.0,0.0
0.001,0.060279575443669,0.0,0.0,0.0,0.0,0.0,0.0,0.0,0.0,0.0,0.0,0.0,0.0,0.0,0.0,0.0,0.0,0.0
0.002,0.12019963055666005,0.0,0.0,0.0,0.0,0.0,0.0,0.0,0.0,0.0,0.0,0.0,0.0,0.0,0.0,0.0,0.0,0.0
0.003,0.179763372160555,0.0,0.0,0.0,0.0,0.0,0.0,0.0,0.0,0.0,0.0,0.0,0.0,0.0,0.0,0.0,0.0,0.0
0.004,0.2389739690513834,4.440892098500626e-16,1.9984014443252818e-15,2.4424906541753444e-15,2.886579864025407e-15,1.6653345369377348e-15,1.9984014443252818e-15,2.220446049250313e-15,2.1094237467877974e-15,2.3314683517128287e-15,1.887379141862766e-15,1.5543122344752192e-15,7.771561172376096e-16,2.220446049250313e-16,3.3306690738754696e-16,1.1102230246251565e-16,0.0,1.5021121271719247e-15
0.005,0.29783455256157637,0.0,0.0,0.0,0.0,0.0,0.0,0.0,0.0,0.0,0.0,0.0,0.0,0.0,0.0,0.0,0.0,0.0
0.006,0.35634821711198433,0.0,0.0,0.0,0.0,0.0,0.0,0.0,0.0,0.0,0.0,0.0,0.0,0.0,0.0,0.0,0.0,0.0
0.007,0.4145180207541626,0.0,0.0,0.0,0.0,0.0,0.0,0.0,0.0,0.0,0.0,0.0,0.0,0.0,0.0,0.0,0.0,0.0
0.008,0.472346985703125,0.0,0.0,0.0,0.0,0.0,0.0,0.0,0.0,0.0,0.0,0.0,0.0,0.0,0.0,0.0,0.0,0.0
0.009,0.5298380988607595,0.0,0.0,0.0,0.0,0.0,0.0,0.0,0.0,0.0,0.0,0.0,0.0,0.0,0.0,0.0,0.0,0.0
0.01,0.5869943123300971,0.0,0.0,0.0,0.0,0.0,0.0,0.0,0.0,0.0,0.0,0.0,0.0,0.0,0.0,0.0,0.0,0.0
0.011,0.6438185439206195,0.0,0.0,0.0,0.0,0.0,0.0,0.0,0.0,0.0,0.0,0.0,0.0,0.0,0.0,0.0,0.0,0.0
0.012,0.7003136776447877,1.2212453270876722e-15,3.885780586188048e-15,4.6629367034256575e-15,5.10702591327572e-15,2.3314683517128287e-15,2.9976021664879227e-15,3.885780586188048e-15,3.552713678800501e-15,4.107825191113079e-15,3.3306690738754696e-15,2.4424906541753444e-15,1.4432899320127035e-15,7.771561172376096e-16,7.771561172376096e-16,3.3306690738754696e-16,0.0,2.6436311044134738e-15
0.013,0.7564825642059673,2.4424906541753444e-15,6.994405055138486e-15,1.1324274851176597e-14,1.4210854715202004e-14,6.439293542825908e-15,7.327471962526033e-15,8.326672684688674e-15,7.105427357601002e-15,8.548717289613705e-15,6.772360450213455e-15,5.88418203051333e-15,2.9976021664879227e-15,1.5543122344752192e-15,1.5543122344752192e-15,1.2212453270876722e-15,6.661338147750939e-16,5.981213235130396e-15
0.014,0.812328021477927,5.551115123125783e-16,2.3314683517128287e-15,4.107825191113079e-15,4.6629367034256575e-15,1.887379141862766e-15,2.1094237467877974e-15,2.3314683517128287e-15,2.1094237467877974e-15,2.55351295663786e-15,1.9984014443252818e-15,1.7763568394002505e-15,8.881784197001252e-16,2.220446049250313e-16,3.3306690738754696e-16,1.1102230246251565e-16,0.0,1.7846207994513157e-15
0.015,0.8678528349760765,1.2212453270876722e-15,3.885780586188048e-15,4.9960036108132044e-15,6.661338147750939e-15,2.886579864025407e-15,3.774758283725532e-15,4.218847493575595e-15,3.774758283725532e-15,4.3298697960381105e-15,3.1086244689504383e-15,2.7755575615628914e-15,1.4432899320127035e-15,5.551115123125783e-16,5.551115123125783e-16,2.220446049250313e-16,0.0,2.8703386738501554e-15
0.016,0.9230597583206107,7.216449660063518e-15,2.1649348980190553e-14,3.397282455352979e-14,4.574118861455645e-14,2.020605904817785e-14,2.2648549702353193e-14,2.5202062658991053e-14,2.2093438190040615e-14,2.6423307986078726e-14,2.1538326677728037e-14,1.8207657603852567e-14,9.43689570931383e-15,5.440092820663267e-15,5.329070518200751e-15,3.4416913763379853e-15,2.4424906541753444e-15,1.863209470737769e-14
0.017,0.9779515136917222,2.2125634657754745e-12,6.538103392017547e-12,1.0805245587164336e-11,1.4580336937797256e-11,6.247447004170681e-12,6.978195798978959e-12,7.639555654748165e-12,6.715294986747722e-12,8.030243137113757e-12,6.540212815764335e-12,5.592304397339376e-12,2.862488024391041e-12,1.5634160632771454e-12,1.5192291868970642e-12,1.0087486401744172e-12,6.639133687258436e-13,5.720117754043537e-12
0.018,1.0325307922770397,0.015742631530308526,0.04561329097556044,0.07247092228638163,0.09515451012285625,0.04317536043394732,0.04845324029054099,0.05316250447783444,0.04682527891264954,0.0555341624845237,0.04543980775153522,0.03899009880976667,0.02009872798443324,0.011175767481187981,0.0108633901609968,0.0072161639837000635,0.004766603208870346,0.03937243568641672
0.019,1.0868002547114475,0.04255135837859736,0.11937922580367166,0.17946235173340697,0.22731886144980262,0.1118444082669271,0.12607321954249762,0.13848362125450608,0.1224863623564364,0.14348246350721072,0.11840048280847637,0.10221523020981271,0.053413493406840096,0.03047783748786359,0.02963973935206521,0.019722403688049117,0.013098972346721416,0.10135483075135404
0.02,1.140762531509434,0.06922221875547907,0.18826506852178948,0.27059545706385413,0.3334429764938166,0.17536601050481282,0.1979666328705868,0.21726578465061686,0.19307474538732428,0.22371970816744136,0.18625195963675134,0.1617652650187611,0.08579672523923576,0.050048311249866195,0.04869394223146495,0.032476488625712285,0.021683851598152004,0.15801754187952957
0.021,1.1944202234901224,0.09532101458517817,0.251644194163511,0.34852857893433786,0.4201631386263155,0.2336931111737801,0.2637117634454724,0.28884086035275824,0.25794435533318405,0.2959953479260087,0.24860556573107973,0.21719158892152357,0.11697948776373301,0.06957540870452983,0.06772269516914986,0.04529162395544195,0.0303942679889313,0.20951015464584188
0.022,1.2477759021951218,0.1206318981762704,0.30952933880883626,0.41556782854039476,0.4920587181652333,0.2870783910756042,0.3234560273962356,0.35334218688891916,0.31710582339983284,0.3607163943773355,0.30557450284846555,0.26847155140313006,0.14686089105190858,0.08888348286321579,0.08655491223317324,0.058061937395408214,0.039155665434007614,0.25622351678889194
0.023,1.3008321102993452,0.1450574992588547,0.3622170645233257,0.47359817835629425,0.552382618608636,0.33589168903853905,0.37759373637887905,0.4112494306929062,0.370866582694668,0.41854097167707816,0.35749047193150785,0.3157811066825694,0.17542609726160563,0.10787357038885315,0.1050938892996034,0.07072675936298567,0.04792327057023327,0.29861993207902415
0.024,1.3535913620149254,0.16856542383912576,0.4101154322080016,0.5241346273661012,0.6035091260172263,0.3805340517245741,0.42660813064138703,0.46316644903280635,0.4196524811723711,0.4701896062542039,0.40476585431682865,0.359381155680655,0.20270397618865255,0.12649089327035923,0.12328574174164397,0.08325129612477145,0.05666967789766286,0.33715917286392527
0.025,1.406056143488372,0.19115907564172607,0.45366078914690655,0.5683931304161823,0.6472130978121647,0.42139812466736914,0.47099525010224474,0.5097151779166638,0.46392027751301823,0.516360790377641,0.44782734600429297,0.39956067077947144,0.22874486492296342,0.14470673146556,0.1411018232599507,0.09561593539099145,0.06537789014357265,0.37226830839561603
0.026,1.4582289131910946,0.21286137141380013,0.49327835796701613,0.607354211231431,0.6848488661424906,0.458850919198202,0.5112285615453347,0.5514870432461374,0.504115706350359,0.5576962755289745,0.4870848902302587,0.43660844502379625,0.2536086738165956,0.16250802714739543,0.15852865522170978,0.10781015378108028,0.0740372991335867,0.4043315133933906
0.027,1.5101121023034225,0.23370546281185567,0.5293646739078113,0.64181411449937,0.7174682825329094,0.4932274692060279,0.5477440028881897,0.5890229495778154,0.540654598703527,0.5947699837401206,0.5229182442236013,0.47079951800751385,0.2773584548789464,0.1798912561333984,0.17556199599026,0.11982894574977199,0.0826412945633791,0.43368886958085934
0.028,1.561708115092251,0.2537293708267704,0.5622810060118915,0.6724244629094747,0.745900798378055,0.5248297648049781,0.5809352441610158,0.6228073863608659,0.5739157141224004,0.6280879030669362,0.5556723918823121,0.5023892294681125,0.30005692975611586,0.1968587249690399,0.19220326101853857,0.13167067723284898,0.09118580231311724,0.4606390271145257
0.029,1.6130193292824289,0.27297286099715323,0.5923522626076994,0.699722672308257,0.7708091781947111,0.553928166143111,0.6111539668165424,0.6532693345313537,0.6042394669970026,0.6580927927728486,0.5856573407582081,0.5316112526004952,0.3217646568686706,0.21341628706880444,0.20845731679439283,0.14333576853248187,0.09966836991469363,0.4854433100424434
0.03,1.6640480964220183,0.29147562999396626,0.6198685462886522,0.7241552792642061,0.7927291428169877,0.5807638856076902,0.6387124799162556,0.6807862389871803,0.6319295193961584,0.685170676258795,0.6131500018853202,0.5586776786164862,0.3425391209562211,0.22957191106068897,0.2243310990476155,0.1548258729893438,0.10808758324331014,0.5083301381585513
0.031,1.714796742241537,0.30927627289476156,0.6450878822122283,0.7460959201774947,0.8120981470821383,0.6055518247058085,0.6638872849198159,0.7056891423742054,0.6572556525278914,0.7096576645633691,0.6383969559339815,0.5837801168748988,0.3624343459154791,0.2453347728267059,0.23983273700918317,0.1661433591285808,0.11644268880828701,0.5294992585780813
0.032,1.7652675670072997,0.3264117208548112,0.6682393519248839,0.7658592861919573,0.8292766434794663,0.6284834107850896,0.6869228772422116,0.7282680244885951,0.6804570864295235,0.7318464388264649,0.6616174863368263,0.6070912498882366,0.38150080387992236,0.2607146757643065,0.25497099454016936,0.17729098232326412,0.12473334649957679,0.5491255818826445
0.033,1.815462845868972,0.34291696399947735,0.6895262406404675,0.7837120406093473,0.8445640430846802,0.6497292657348588,0.7080354310837393,0.748776888274258,0.7017458220136557,0.7519921153876749,0.6830065662867026,0.6287665404274241,0.3997854891944327,0.27572168015666054,0.2697549129493664,0.18827167678734036,0.13295946669289915,0.5673625630444671
0.034,1.865384829201452,0.3588249471368118,0.7091290072605555,0.7998814295063148,0.8582108656355427,0.669441636618093,0.7274162048972614,0.7674383936872793,0.7213097974869247,0.7703174137963741,0.7027376504522524,0.6489459301839808,0.41733208042672776,0.29036586752769566,0.28419358388074134,0.1990884249760846,0.1411211027851148,0.5843451352363201
0.035,1.9150357429411768,0.3741665691414152,0.7272079945357843,0.8145621273647194,0.8704281057686755,0.6877565688959613,0.7452346060440357,0.7844479756577833,0.7393157685814051,0.7870171424496413,0.7209652100005811,0.6677554486499208,0.4341811452018436,0.30465719299750127,0.29829600691131697,0.20974417725975358,0.14921838063357507,0.6001922338829202
0.036,1.9644177889169674,0.38897074305520796,0.7439058542303348,0.8279217214608495,0.8813945355129567,0.704795828428413,0.7616409057848188,0.7999774502844113,0.7559118846244359,0.8022620583616551,0.7378269958591923,0.6853086950773244,0.4503703613248956,0.3186053953802619,0.3120710026721224,0.22024180443516228,0.15725145281938857,0.6150089584060306
0.037,2.0135331451755176,0.4032644900733021,0.7593496918290137,0.84010513792224,0.8912624563967233,0.7206685904119698,0.7767686218571175,0.8141781453489703,0.7712299648654831,0.8162021724718396,0.7534460387960286,0.7017081808626581,0.46593473882176295,0.332219945275403,0.3255271624577283,0.2305840717164167,0.16522046973180493,0.6288884199693465
0.038,2.0623839663016157,0.41707305064125466,0.7736529497064686,0.8512382384451609,0.9001622727083576,0.7354729181415043,0.7907365975729705,0.8271836040500755,0.7853874952063216,0.8289695734465954,0.7679324060741337,0.7170465329615259,0.48090683425627845,0.34551001811837523,0.3386728217737004,0.24077362672025204,0.173125562098142,0.6419133201997851
0.039,2.110972383733214,0.43042000223323806,0.7869170536789067,0.8614307621615492,0.9082061585304669,0.7492970553954883,0.803650810301064,0.8391119136878185,0.79848937206418,0.8406808382367108,0.7813847388130113,0.7314075657822807,0.49531695275306686,0.3584844835147515,0.3515160494751559,0.2508129964702551,0.18096683130513036,0.654157300916075
0.04,2.1593005060714288,0.4433273774134937,0.7992328493487955,0.8707787466671234,0.9154910211093891,0.762220555234632,0.8156059420773634,0.8500677088946286,0.81062942175322,0.8514390904342192,0.7938915949296655,0.7448672321858867,0.5091933356119933,0.3711519050459713,0.3640646469115011,0.2607045900912661,0.18874434500268844,0.6656860996067272
0.041,2.2073704193855748,0.4558157783604031,0.8106818538056779,0.8793665319327322,0.9221009128047699,0.7743152661104078,0.8266867429801151,0.8601438946253888,0.821891722870747,0.8613357596261821,0.8055326214156071,0.7574944653297362,0.5225623328681118,0.3835205466400575,0.37632615332770536,0.2704507049594582,0.1964581362532929,0.6765585403674957
0.042,2.2551841875133216,0.4679044856820064,0.8213373462801736,0.8872684279779699,0.9281090072583656,0.7856461939667858,0.8369692149452349,0.869423128953097,0.8323517570528813,0.870452087393492,0.8163795777256782,0.7693519230642507,0.5354485610090669,0.39559838287983484,0.388307855004029,0.2800535348080502,0.20410820501726024,0.6868273854845568
0.043,2.3027438523560675,0.47961156040480035,0.8312653189393759,0.8945501098255698,0.9335792284737771,0.7962722567836746,0.846521640502338,0.8779791005228865,0.8420774108590663,0.87886041875734,0.8264972297589824,0.7804966459652687,0.5478750465426907,0.4073931114868591,0.4000167964488689,0.28951517878568,0.21169452112789422,0.6965400689079028
0.044,2.3500514341696115,0.4909539386846301,0.840525306526757,0.9012697899617017,0.938567601443708,0.806246945903696,0.8554054778008348,0.8858776306661791,0.8511298488563359,0.8866253118712115,0.8359441315965848,0.7909806391776053,0.5598633563555389,0.41891216680882026,0.4114597925260026,0.298837650803244,0.2192170281639042,0.705739329487942
0.045,2.3971089318502203,0.5019475192042424,0.8491711111775871,0.9074792082738962,0.9431233778841995,0.8156189065713644,0.8636761404239736,0.8931776258237863,0.8595642754093138,0.8938044935922499,0.8447733099749164,0.8008513872362695,0.5714337159084929,0.43016273354124945,0.42264344078457805,0.3080228887369366,0.2266756478044829,0.7144637589965467
0.046,2.443918323216169,0.5126072434740854,0.8572514365706798,0.9132244714743007,0.9472899791939359,0.8244324484166498,0.8713836779184749,0.8999319021134202,0.8674306003372496,0.9004496841790294,0.8530328644861868,0.8101523100224699,0.5826051163350054,0.44115176019053826,0.43357413352505103,0.31707276321444566,0.23407028437836852,0.7227482775578886
0.047,2.490481565284838,0.5229471693983127,0.8648104436417193,0.9185467677887315,0.9511057899984654,0.8327279951303614,0.878573370710294,0.9061879005863441,0.8747740215104457,0.9066073106645538,0.8607664947300722,0.818923167055259,0.5933954114768223,0.4518859719744488,0.4442580693154512,0.3259890858206229,0.24140082940789298,0.7306245471092853
0.048,2.5368005945454546,0.5329805385441257,0.8718882383846254,0.9234829777915949,0.9546048288802186,0.8405424812919968,0.8852862511189574,0.9119883089053338,0.881635535627141,0.9123191253499517,0.8680139640924943,0.827200416442113,0.6038214058334578,0.46237188298534604,0.4547012637957577,0.33477361663379124,0.24866716601303918,0.7381213318374775
0.049,2.5828773272275503,0.5427198375843645,0.8785213007919336,0.9280661983870137,0.9578173176394446,0.8479097032018577,0.8915595604976564,0.917371602787006,0.8880523868233904,0.9176227432670025,0.8748115084830624,0.8350175340223989,0.6138989343294047,0.47261580752885246,0.46490955969155956,0.3434280710547659,0.2558691730864956,0.7452648131378236
0.05,2.628713659565218,0.5521768543869978,0.8847428627123909,0.9323261938469769,0.9607701663152333,0.854860629617238,0.8974271510832302,0.9223725185299012,0.8940584613999666,0.9225521102864727,0.8811921972029096,0.8424052975369787,0.6236429347256583,0.4826238706091187,0.47488863601381637,0.3519541259248652,0.26300672918366086,0.7520788654767724
0.051,2.6743114680572417,0.5613627292116699,0.8905832413108473,0.9362897853434899,0.9634873879508926,0.8614236774768949,0.9029198399084392,0.9270224662427187,0.8996846357765705,0.927137911734767,0.8871862521178043,0.8493920400405415,0.633067513424862,0.49240201757026014,0.4846440164578014,0.36035342495170763,0.2700797160952011,0.7585852985626905
0.052,2.7196726097231836,0.5702880014499478,0.8960701338793045,0.9399811884203941,0.9659904545137202,0.8676249570000343,0.9080657210794846,0.9313498919473899,0.9049590837797279,0.9314079298643477,0.8928213304567025,0.8560038762337818,0.6421860053452603,0.5019560229278208,0.49418107703715974,0.36862758347590263,0.27708802208666994,0.7648040704140534
0.053,2.764798922355479,0.5789626523169971,0.9012288789473519,0.9434223062395943,0.9682986033249239,0.873488489948892,0.9128904418283827,0.9353805955176566,0.9099075485134143,0.9353873572537442,0.8981227758239961,0.8622649049223925,0.6510110284693345,0.5112914984387098,0.5035050530025449,0.3767781926203553,0.284031544801694,0.7707534752300553
0.054,2.8096922247676424,0.5873961438712236,0.9060826879560581,0.9466329851269756,0.9704291017069552,0.8790364043329906,0.9174174469894453,0.9391380103897935,0.9145535833298322,0.939099072149054,0.9031138413872954,0.8681973904011583,0.6595545336092599,0.520413900465958,0.5126210451014378,0.38480682286852663,0.2909101938336648,0.7764503093943654
0.055,2.8543543170386267,0.595597454706838,0.910652851174723,0.9496312378740213,0.9723974762256571,0.8842891083955471,0.9216681959017055,0.942643450117631,0.9189187657934104,0.9425638808658255,0.9078158886663751,0.8738219252066743,0.6678278498733701,0.5293285366979394,0.5215340252385159,0.3927150271198543,0.29772389297666746,0.7819100184595059
0.056,2.898786980753425,0.6035751126335653,0.9149589210401317,0.9524334393742033,0.9742177118264537,0.8892654463474274,0.9256623551874932,0.9459163261134382,0.9230228879980943,0.9458007316193633,0.9122485648897295,0.8791575763745224,0.6758417262655719,0.5380405722819545,0.5302488415958264,0.40050434327053397,0.3044725821702846,0.7871468275518545
0.057,2.942991979239966,0.6113372246285378,0.9190188756703483,0.9550544984509953,0.975902425285537,0.8939828379921239,0.9294179703868188,0.9489743402979314,0.9268841261426003,0.9488269035189342,0.9164299614915902,0.8842220170698774,0.6836063698027913,0.5465550354302984,0.5387702232699532,0.40817629636657826,0.31115621915537084,0.7921738572929007
0.058,2.986971057802385,0.6188915043181707,0.9228492649389421,0.9575080091372098,0.9774630166783468,0.8984574041086167,0.9329516190253787,0.9518336558586239,0.9305191918788348,0.951658173927411,0.9203767559845605,0.8890316452290667,0.6911314804937195,0.5548768225539414,0.5471027844802161,0.41573240037401127,0.31777478085936794,0.7970032270407293
0.059,3.030725943950722,0.6262452972226886,0.9264653411815486,0.9598063841697111,0.9789098019770659,0.9027040792208857,0.9362785473503046,0.9545090488708158,0.9339434676151505,0.9543089669362137,0.9241043391528975,0.8936016906487098,0.6984262834848677,0.5630107029751729,0.5552510283980158,0.4231741596084596,0.3243282645304152,0.8016461470081019
0.06,3.074258347627119,0.6334056039729727,0.9298811763371119,0.9619609730506636,0.9802521294015402,0.9067367131776094,0.9394127926733951,0.9570140431571154,0.9371711276701132,0.9567924853225598,0.9276269292618693,0.897946311784572,0.7054995586468471,0.5709613232664519,0.5632193506432679,0.4305030698635366,0.3308166886396663,0.8061130006028312
0.061,3.1175699614285715,0.6403791016885358,0.933109767094351,0.9639821666813162,0.9814984817443831,0.9105681627884048,0.9423672930090112,0.9593610304389815,0.9402152469268352,0.9591208280308086,0.9309576747635866,0.9020786833705828,0.7123596678444286,0.5787332112584808,0.5710120424895744,0.4377206192744708,0.33724009357099416,0.8104134181565177
0.062,3.1606624608263068,0.6471721636865032,0.9361631294143693,0.9658794902847969,0.9826565665553922,0.9142103746096994,0.9451539854767652,0.9615613775585484,0.9430878984266613,0.9613050949428338,0.9341087467941311,0.9060110758364083,0.7190145801078791,0.5863307797563064,0.5786332938155647,0.44482828895039994,0.3435985421167401,0.8145563430541631
0.063,3.2035375043818335,0.6537908776744616,0.939052383628138,0.9676616860907647,0.983733395790368,0.9176744598405762,0.9477838947522959,0.9636255223136134,0.9458002411589674,0.9633554804661753,0.9370914225964297,0.9097549273869169,0.7254718948999912,0.593758329998245,0.5860871958357945,0.4518275534058538,0.34989211979747137,0.8185500911456841
0.064,3.246196733959732,0.660241062564708,0.9417878311588153,0.9693367870491112,0.9847353562949576,0.9209707621737232,0.9502672126883062,0.9655630592469776,0.9483625991467572,0.965281357266824,0.9399161608644819,0.9133209095064729,0.7317388636527572,0.6010200548886226,0.5933777436408069,0.4587198808191272,0.3561209350228661,0.822402404207453
0.065,3.2886417749372385,0.6665282840336727,0.944379023790102,0.9709121826657809,0.9856682722971942,0.9241089193464693,0.9526133700888547,0.9673828165581736,0.9507845327919375,0.9670913513005274,0.9425926698841492,0.9167189865632646,0.7378224097294965,0.6081200420317815,0.6005088385724284,0.46550673314256197,0.36228511910994865,0.8261204981248956
0.066,3.3308742364106845,0.6726578689379566,0.9468348262902289,0.9723946779059436,0.9865374609164473,0.9270979190496857,0.9548311014994504,0.9690929251566787,0.9530749033265739,0.9687934091480264,0.9451299692411473,0.9199584701121183,0.7437291469521461,0.6150622765915607,0.6074842904571405,0.4721895660872586,0.3683848261739241,0.8297111063834567
0.067,3.3728957113988347,0.678634918687387,0.9491634731042501,0.9737905459838618,0.9873477815562397,0.9299461497762752,0.9569285037711012,0.9707008807473686,0.9552419311144289,0.9703948585319274,0.9475364457759042,0.9230480684270033,0.7494653968191567,0.6218506439975084,0.614307819717441,0.4787698290023964,0.3744202329059113,0.8331805193829563
0.068,3.4147077770431897,0.6844643216655775,0.9513726197430135,0.9751055757513355,0.9881036799294964,0.9326614471245125,0.9589130890657956,0.9722135997281565,0.9572932484584596,0.9719024627828322,0.9498199043856621,0.9259959317354112,0.7550372045267439,0.6284889325163894,0.6209830593784612,0.4852489646671604,0.38039153825088023,0.8365346200277584
0.069,3.456311994805303,0.6901507647796498,0.9534693894237429,0.9763451143046076,0.9888092273637448,0.935251136013354,0.9607918328920443,0.973637469583922,0.9592359474928226,0.9733224699272995,0.9519876142050012,0.9288096935749488,0.7604503538949766,0.6349808357051704,0.6275135569847221,0.491628409011301,0.3862989629981677,0.8397789159909181
0.07,3.4977099106611576,0.6956987442128195,0.9554604154530668,0.9775141053506878,0.9894681559476546,0.9377220692158504,0.9625712176903803,0.9749783943777848,0.9610766236706797,0.9746606569879624,0.9540463506354546,0.9314965086468479,0.7657103812901674,0.6413299547595043,0.6339027764398142,0.49790959077849073,0.3921427492959981,0.8429185690033115
0.071,3.5389030552926624,0.7011125754464652,0.9573518797873068,0.9786171238061513,0.9900838900067239,0.9400806625720504,0.9642572724287547,0.9762418358686827,0.9628214153003836,0.9759223700148323,0.9560024336419026,0.9340630875008852,0.7708225886260892,0.6475398007698381,0.6401540997799064,0.5040939311450078,0.3979231601005614,0.8459584214777081
0.072,3.579892944276316,0.7063964026119306,0.959149548155792,0.9796584070429347,0.9906595743328777,0.942332927203423,0.9658556086153209,0.977432850721531,0.9644760395312479,0.9771125603049056,0.9578617626869628,0.9365157283507196,0.7757920555185996,0.6536137968955749,0.646270828890336,0.5101828433047223,0.40364047856933016,0.8489030207419436
0.073,3.6206810782690733,0.7115542072266123,0.9608588020899522,0.9806418831450665,0.9911980995386194,0.9444844990161716,0.9673714530901973,0.9785561242216189,0.9660458251451117,0.9782358172133141,0.9596298486337663,0.938860346287288,0.7806236506611486,0.6595552804662419,0.6522561871730883,0.5161777320300031,0.40929500740749314,0.8517566411240809
0.074,3.661268943191489,0.7165898163637787,0.9624846681631694,0.9815711964964673,0.9917021248597915,0.9465406657502395,0.9688096779175235,0.979616000857264,0.9675357424704154,0.9792963979123175,0.9613118429116023,0.941102500130151,0.7853220424823106,0.6653675050173108,0.6581133211717047,0.5220799932169178,0.4148870681756216,0.8545233041050792
0.075,3.7016580104081633,0.7215069103009678,0.9640318447131369,0.9824497309819377,0.9921740986908174,0.9485063918037966,0.9701748276637546,0.980616512093083,0.9689504307007999,0.9802982544134351,0.9629125642072509,0.9432474171320749,0.7898917091408018,0.6710536422671671,0.6638453021590509,0.5278910134219472,0.42041700056592457,0.8572067967304859
0.076,3.7418497369055372,0.7263090296877134,0.9655047262892108,0.983280631050397,0.9926162771015604,0.9503863410391138,0.9714711443170218,0.9815614016197892,0.970294222869696,0.9812450581321712,0.9644365229169152,0.9453000157303132,0.7943369479083885,0.6766167840407571,0.6694551276924376,0.5336121693964735,0.42588516165382206,0.8598106884516167
0.077,3.7818455654671,0.7309995822696259,0.9669074260414025,0.9840668208606275,0.9930307405548419,0.9521848977545557,0.9727025900749563,0.9824541483344518,0.9715711687054334,0.9821402222433799,0.9658879435689677,0.9472649265186449,0.7986618839865157,0.6820599441445532,0.6749457231397449,0.539244827624341,0.4312919251308748,0.862338346548132
0.078,3.8216469248460294,0.7355818492025556,0.9682437962448557,0.9848110217046347,0.9934194090175423,0.9539061859886511,0.9738728682041875,0.9832979872770767,0.9727850555676308,0.9829869220477606,0.9672707854058955,0.9491465115969739,0.802870478798431,0.6873860601967628,0.6803199431795115,0.5447903438670259,0.436637680524554,0.8647929502676237
0.079,3.8612552299353275,0.7400589909875374,0.9695174471334533,0.9855157678817386,0.9937840556354871,0.9555540873055094,0.9749854421533347,0.9840959287246779,0.9739394276446013,0.9837881135457586,0.968588761294462,0.950948882439903,0.8069665377948857,0.692597995416042,0.6855805732773386,0.5502500627201924,0.4419228324097456,0.8671775038033922
0.08,3.9006718819354838,0.7444340530545488,0.9707317641983157,0.9861834211772349,0.9941263191225232,0.9571322571960157,0.9760435530823919,0.9848507756222467,0.9750376035728969,0.9845465503938317,0.9698453551159317,0.9526759164119833,0.810953717808216,0.6976985403714476,0.690730331140453,0.5556253171847954,0.4471477996164054,0.8694948482188971
0.081,3.9398982685197104,0.748709971020664,0.9718899240910782,0.986816184082555,0.9944477149969081,0.9586441402160099,0.9770502359546313,0.9855651395108486,0.9760826926236142,0.9852647993992518,0.971043837772934,0.9543312720450765,0.8148355339866211,0.7026904146958872,0.6957718681518372,0.5609174282553004,0.45231301443726835,0.8717476724160788
0.082,3.9789357639967897,0.7528895756459895,0.9729949092577368,0.9874161118789686,0.9947496457830174,0.9600929839708644,0.9780083343222726,0.9862414550961118,0.9770776095854292,0.9859452546930277,0.9721872819359557,0.9559184031823081,0.8186153663377819,0.7075762687649274,0.700707770784984,0.5661277045271075,0.4574189218391058,0.8739385232347855
0.083,4.017785729471577,0.7569755975087978,0.974049521416302,0.987985123693779,0.9950334102831324,0.9614818520453402,0.9789205139239352,0.9868819935853806,0.9780250884613018,0.9865901507058624,0.9732785756403527,0.9574405720832695,0.8222964659085419,0.7123586853424952,0.7055405620000212,0.5712574418247982,0.4624659786805946,0.876069814761673
0.084,4.056449513003195,0.7609706714194657,0.9750563939803286,0.9885250126263994,0.9953002120124486,0.9628136359681843,0.979789275200125,0.9874888749085178,0.9789276950841974,0.9872015740590849,0.9743204348339672,0.9589008615763275,0.8258819606251864,0.7170401811947213,0.7102727026217188,0.5763079228524596,0.4674546529395045,0.8781438369190837
0.085,4.094928449760957,0.764877340591203,0.976018003520421,0.9890374550314848,0.9955511668802266,0.9640910662924946,0.9806169648225231,0.9880640789255504,0.9797878387468291,0.9877814744709754,0.9753154149657933,0.9603021863359952,0.8293748608168672,0.7216232086729404,0.7149065926996767,0.5812804168669695,0.47238542295154873,0.8801627633973955
0.086,4.133223862178061,0.7686980605841047,0.9769366803469098,0.9895240190372616,0.9957873101910162,0.9653167228653233,0.9814057863234913,0.9886094557138878,0.9806077829312044,0.9883316747686902,0.9762659216975075,0.9616473033562242,0.8327780644429407,0.7261101572666804,0.7194445728508478,0.5861761793748634,0.4772587766629557,0.8821286589881071
0.087,4.171337060103093,0.7724352030376912,0.9778146182889418,0.989986172369181,0.9960096030319481,0.9664930443532014,0.9821578099038529,0.9891267350185221,0.9813896552155108,0.9888538800869062,0.9771742208119546,0.962938821684082,0.8360943620433414,0.7305033551273015,0.7238889255844081,0.5909964518531101,0.4820752108984965,0.8840434863693458
0.088,4.2092693409493664,0.7760910592059254,0.9786538837380943,0.9904252895419182,0.9962189381050861,0.9676223370841742,0.9828749814895421,0.9896175349403339,0.982135456428499,0.9893496863262181,0.9780424473857539,0.96417921147253,0.8393264414296437,0.7348050705628293,0.7282418766088978,0.5957424614939285,0.48683523064646916,0.8859091123905156
0.089,4.247021989842147,0.7796678433075672,0.9794564240182437,0.9908426584764211,0.996416145057637,0.9687067832614534,0.9835591311010207,0.990083369930226,0.9828470691149165,0.9898205879371152,0.9788726142869763,0.9653708124058301,0.8424768921331149,0.739017513504418,0.7325055961214841,0.6004154209735686,0.4915393483618906,0.8877273138983631
0.09,4.284596279763779,0.7831676957037396,0.9802240751376868,0.991239486593083,0.9966019953573273,0.9697484485988529,0.9842119805933733,0.9905256581502117,0.9835262653696141,0.9902679850889363,0.9796666200532581,0.9665158415464178,0.8455482096248341,0.7431428369448039,0.7366822000791382,0.6050165282448271,0.49618808328892106,0.8894997831427407
0.091,4.3219934716967785,0.7865926859136619,0.980958568974366,0.9916169064271111,0.9967772067553907,0.9707492894237263,0.9848351508196059,0.9909457282566766,0.9841747140926318,0.990693190277452,0.9804262562006928,0.9676164006478583,0.8485427993218393,0.7471831383490413,0.7407737514514932,0.6095469663529245,0.5007819608033699,0.8912281327967913
0.092,4.35921481476489,0.7899448154786781,0.981661539940421,0.9919759808076788,0.9969424473752875,0.9717111592891068,0.985430168264843,0.9913448256557635,0.9847939877127845,0.9910974344195881,0.9811532140093195,0.9686744829746659,0.851462980392235,0.7511404610377796,0.744782261455125,0.6140079032742625,0.5053215117759318,0.89291390062307
0.093,4.396261546372165,0.7932260206839393,0.9823345311681252,0.9923177076384647,0.9970983394614348,0.9726358151331191,0.9859984711947728,0.9917241182760871,0.9853855684229637,0.9914818724792014,0.9818490908269472,0.9696919796663044,0.8543109893712654,0.7550167955432887,0.7487096907689883,0.6184004917774688,0.5098072719566564,0.8945585538142274
0.094,4.433134892340093,0.796438175146424,0.9829790002555044,0.9926430243135955,0.9972454628188034,0.973524923020456,0.9865414153577742,0.9920847018997551,0.9859508539665006,0.9918475886636908,0.9825153959293762,0.9706706856795456,0.8570889835995026,0.7588140809384364,0.7525579507307467,0.6227258693060842,0.5142397813810065,0.8961634930343134
0.095,4.4698360670428015,0.7995830922773262,0.9835963246065542,0.9929528117998133,0.9973843579711874,0.9743800634977364,0.987060279276634,0.9924276050888561,0.9864911630104316,0.9921956012275277,0.9831535559717519,0.971612305340512,0.8597990444935137,0.7625342061387945,0.7563289045137445,0.6269851578821586,0.5186195837977255,0.8977300561843969
0.096,4.5063662735403724,0.8026625276262751,0.9841878063979074,0.9932478984128134,0.9975155290632268,0.9752027365918767,0.9875562691625802,0.9927537937411554,0.9870077401383585,0.9925268669154578,0.9837649200627809,0.9725184575351417,0.8624431806586552,0.7661790111780552,0.7600243682843828,0.6311794640299899,0.5229472261186326,0.899259521914125
0.097,4.542726703710302,0.8056781811143111,0.9847546772010406,0.9935290633131179,0.9976394465288339,0.9759943664781596,0.9880305234814863,0.993064175305658,0.9875017604927409,0.9928422850751398,0.9843507644908203,0.9733906805644614,0.8650233308529788,0.7697502884569258,0.7636461123396826,0.6353098787191976,0.527223257890346,0.900753112898926
0.098,4.578918538377126,0.8086316991620591,0.9852981022866055,0.9937970397445351,0.9977565495464921,0.9767563058424732,0.9884841171994976,0.9933596026859263,0.9879743340938807,0.9931427014662852,0.9849122971283819,0.9742304366889133,0.8675413668106347,0.7732497839656907,0.7671958622248457,0.6393774773262955,0.5314482307878529,0.902211998900853
0.099,4.614942947440246,0.8115246767190892,0.9858191846352032,0.9940525180361665,0.9978672482999504,0.9774898399601781,0.9889180657329889,0.9936408778565375,0.9884265098605217,0.9934289117909401,0.9854506615393652,0.9750391163840314,0.8699990959325864,0.7766791984806227,0.7706752998306514,0.6433833196139171,0.5356226981297687,0.903637299629521
0.1,4.65080109,0.8143586592000456,0.9863189686768672,0.9942961483870415,0.9979719260610842,0.9781961905122286,0.9893333286256262,0.993908755215812,0.9888592793548738,0.9937016649673555,0.9859669408112953,0.9758180423279896,0.8723982638519505,0.7800401887344467,0.7740860644705514,0.6473284497268241,0.5397472144150465,0.9050300874181779
0.101,4.686494114481965,0.8171351443327458,0.9867984437796523,0.9945285434507715,0.9980709411101227,0.9788765191575072,0.9897308129733796,0.9941639446959005,0.9892735802729496,0.9939616661679173,0.9864621611330052,0.9765684731399182,0.8747405568807888,0.7833343685610643,0.7774297539373621,0.6512138962038441,0.5438223348808477,0.9063913897286873
0.102,4.722023158759571,0.8198555839231039,0.9872585475060393,0.994750280736075,0.9981646285070404,0.9795319308788124,0.9901113766165821,0.9944071146494823,0.9896702996993604,0.9942095796398128,0.9869372951365238,0.9772916068864123,0.8770276043447482,0.7865633100147693,0.7807079255394822,0.6550406720048727,0.5478486150812215,0.9077221914980373
0.103,4.7573893502750195,0.8225213855414082,0.9877001686543178,0.9949619048376536,0.998253301726628,0.9801634771185563,0.9904758311165388,0.9946388945306517,0.9900502771441326,0.9944460313254994,0.9873932650204046,0.977988584372297,0.8792609808115361,0.7897285444641923,0.7839220971165921,0.6588097745520893,0.5518266104862108,0.9090234373379626
0.104,4.792593806158537,0.8251339141341889,0.9881241501007163,0.9951639295106377,0.9983372541686295,0.9807721587189627,0.9908249445327446,0.9948598773860646,0.9904143073776692,0.9946716112985672,0.9878309454703408,0.9786604922304847,0.88144220821884,0.792831563661229,0.7870737480348227,0.6625221857845458,0.5557568761009442,0.9102960335982881
0.105,4.827637633346008,0.8276944935656397,0.9885312914567702,0.9953568396006947,0.9984167605532929,0.9813589286804009,0.9911594440154547,0.9950706221710439,0.990763143078664,0.9948868760292668,0.9882511663916475,0.9793083658246228,0.8835727579069612,0.7958738207852276,0.7901643201614164,0.6661788722253073,0.559639966104258,0.9115408503037692
0.106,4.862521928694993,0.8302044080923026,0.988922351555253,0.9955410928408628,0.9984920782117566,0.9819246947504398,0.991480018227154,0.9952716559041034,0.9910974973085885,0.9950923504927619,0.9886547154670331,0.9799331919771954,0.8856540525611006,0.7988567314627195,0.793195218818926,0.6697807850603394,0.5634764335063571,0.9127587229733913
0.107,4.8972477790991675,0.8326649037744875,0.9892980507769419,0.9957171215252446,0.9985634482798568,0.9824703218552355,0.9917873196053789,0.9954634756722165,0.9914180458252773,0.9952885301320741,0.9890423405520291,0.9805359115347947,0.8876874680679404,0.8017816747629919,0.7961678137190233,0.673328860228358,0.5672668298250021,0.9139504543303907
0.108,4.931816261601209,0.8350771898276899,0.9896590732295159,0.9958853340688459,0.9986310968031783,0.982996634383984,0.9920819664783525,0.9956465504981364,0.9917254292471442,0.9954758826866928,0.9894147519194803,0.9811174217814017,0.8896743352908859,0.8046499941698215,0.7990834398760239,0.6768240185208818,0.5710117047796999,0.915116815910595
0.109,4.9662284435041455,0.8374424399170605,0.9900060687890023,0.9960461164620786,0.99869523576049,0.9835044183363624,0.9923645450439833,0.9958213230801364,0.9920202550786587,0.9956548498969185,0.9897726243636181,0.9816785787097201,0.8916159417680755,0.8074629985296933,0.8019433985002514,0.6802671656917525,0.574711606003349,0.9162585495760948
0.11,5.0004853824812034,0.8397617933978012,0.9903396550133794,0.9961998336277486,0.9987560640120838,0.9839944233421347,0.9926356112219491,0.9959882114136898,0.9923030996068739,0.995825849093182,0.9901165991734311,0.9822201991598679,0.8935135333370198,0.810221962976845,0.8047489578713892,0.6836591925754119,0.5783670787707962,0.9173763689407032
0.111,5.034588126684172,0.8420363565041846,0.9906604189372005,0.9963468306877107,0.9988137681789715,0.9844673645614217,0.9928956923878279,0.9961476103038406,0.9925745096780471,0.995989274678834,0.9904472859843039,0.9827430628340591,0.8953683156895162,0.8129281298354899,0.8075013541919958,0.6870009752132535,0.5819786657437456,0.9184709607131716
0.112,5.0685377148503,0.8442672034897352,0.9909689187554332,0.9964874341457948,0.9988685234583871,0.9849239244735043,0.9931452889975448,0.996299892776303,0.9928350043626929,0.9961454995142154,0.9907652645162246,0.9832479141952827,0.8971814558602667,0.8155827094995767,0.8102017924213697,0.690293374987393,0.5855469067314614,0.9195429859636666
0.113,5.102335176407768,0.8464553777209607,0.9912656854040783,0.9966219529930763,0.9989204943805771,0.9853647545614562,0.9933848761097692,0.9964454113946887,0.9930850765167771,0.9962948762091903,0.9910710862062331,0.9837354642574142,0.898954083652436,0.8181868812904562,0.8128514470899766,0.6935372387612253,0.589072338466702,0.9205930813186034
0.114,5.135981531579732,0.8486018927268835,0.9915512240445707,0.9967506797410861,0.9989698355114411,0.9857904768993735,0.9936149048133109,0.9965844994906714,0.9933251942461713,0.9964377383307617,0.9913652757422126,0.9842063922736709,0.9006872930032083,0.8207417942928354,0.8154514630946641,0.6967333990261717,0.5925554943963297,0.9216218600885411
0.115,5.169477791486989,0.8507077332064921,0.9918260154584402,0.996873891388108,0.9990166921052026,0.9862016856484791,0.9938358035660358,0.9967174723133625,0.9935558022809579,0.9965744015318582,0.9916483325046053,0.9846613473298282,0.9023821432922219,0.8232485681694005,0.8180029564749084,0.6998826740540418,0.5959969044860451,0.9226299133335046
0.116,5.202824958249259,0.8527738559961113,0.9920905173582273,0.9969918503233145,0.9990612007109415,0.9865989484679359,0.9940479794513261,0.9968446281036761,0.9937773232656816,0.9967051646069147,0.9919207319221482,0.9851009498481746,0.90403966059561,0.8257082939545017,0.8205070151703445,0.7029858680544586,0.5993970950386889,0.9236178108697691
0.117,5.236024025085122,0.8548011909985783,0.992345165620212,0.9971048051731201,0.9991034897365056,0.9869828078457838,0.9942518193576642,0.9969662490990185,0.9939901589711901,0.9968303104794259,0.9921829267472815,0.9855257930077596,0.9056608388882224,0.8281220348272941,0.8229646997598545,0.7060437713368349,0.6027565885255775,0.9245861022218469
0.118,5.269075976410636,0.8567906420760042,0.9925903754441082,0.9972129915937951,0.9991436799730272,0.9873537823550406,0.994447691086507,0.9970826024732192,0.9941946914332968,0.9969501071262551,0.992435348256476,0.9859364440861144,0.9072466411964629,0.8304908268647333,0.825377044182486,0.709057160476402,0.6060759034303351,0.9255353175231567
0.119,5.301981787936625,0.8587430879078072,0.9928265424444975,0.9973166330140737,0.999181885083008,0.9877123678396498,0.9946359443932338,0.9971939412162474,0.9943912840231112,0.9970648084431166,0.9926784073803477,0.9863334457272652,0.9087980007040509,0.8328156797748292,0.8277450564404975,0.7120267984838222,0.6093555541047015,0.9264659683685881
0.12,5.334742426764706,0.860659382815605,0.9930540436784421,0.9974159413312066,0.999218212054698,0.9880590385346386,0.9948169119656051,0.9973005049579104,0.9945802824535357,0.9971746550553122,0.9929124957680832,0.9867173171405346,0.9103158218128848,0.8350975776105612,0.8300697192848203,0.7149534349779465,0.6125960506357981,0.9273785486219651
0.121,5.367358851482026,0.8625403575564731,0.9932732386133903,0.9975111175636481,0.9992527616252719,0.9883942481245455,0.9949909103438473,0.9974025207394137,0.9947620157261012,0.9972798750774937,0.9931379867903766,0.9870885552343235,0.9118009811610785,0.8373374794648589,0.832351990883248,0.7178378063612956,0.6157978987243549,0.9282735351811814
0.122,5.399832012254758,0.8643868200859944,0.9934844700392039,0.9976023524633316,0.9992856286751096,0.9887184307439014,0.9951582407861823,0.9975002037363687,0.9949367970220178,0.997380684825945,0.9933552364847898,0.9874476356887857,0.9132543286001262,0.8395363201470571,0.8345928054716611,0.7206806359978722,0.6189615995734086,0.9291513887035993
0.123,5.432162850920379,0.8661995562924458,0.9936880649278618,0.9976898270902635,0.9993169025953004,0.989032001923293,0.995319190083345,0.9975937579365705,0.9951049245410388,0.9974772894866112,0.9935645844471678,0.9877950139710467,0.9146766881330552,0.8416950108412247,0.8367930739886018,0.7234826343929291,0.6220876497869898,0.9300125542941203
0.124,5.464352301078717,0.8679793307034026,0.9938843352441501,0.9977737133519697,0.9993466676303274,0.9893353594842964,0.9954740313253875,0.9976833767756182,0.9952666822914873,0.9975698837418701,0.9937663546724954,0.9881311262963774,0.9160688588153241,0.8438144397467753,0.8389536846935198,0.7262444993743475,0.6251765412783412,0.9308574621581672
0.125,5.4964012881818185,0.8697268871659724,0.9940735787104159,0.9978541745101378,0.9993750031977328,0.9896288843863537,0.9956230246238255,0.9977692437332257,0.9954223408345543,0.997658652358816,0.9939608563483472,0.9884563905385122,0.917431615620141,0.8458954727017616,0.841075503769011,0.7289669162752964,0.6282287611872109,0.9316865282216649
0.126,5.528310729622643,0.8714429495018049,0.9942560795282526,0.9979313656566335,0.9994019841864238,0.9899129415284555,0.9957664177919805,0.9978515328928611,0.9955721579857677,0.9977437707416281,0.9941483846038653,0.9887712070920891,0.9187657102697862,0.8479389537892513,0.8431593759073743,0.7316505581178647,0.6312447918057884,0.932500154719974
0.127,5.560081534822593,0.8731282221379706,0.9944321090597856,0.998005434160907,0.9994276812351541,0.9901878805083115,0.9959044469861615,0.9979304094671645,0.9957163794763243,0.9978254054504048,0.9943292212170041,0.9890759596900027,0.920071872034443,0.8499457059271799,0.8452061248818121,0.734296085797375,0.6342251105128537,0.9332987307575868
0.128,5.59171460531792,0.8747833907147431,0.9946019264710487,0.9980765200906639,0.9994521609925926,0.9904540363415066,0.9960373373101562,0.9980060302914112,0.9958552395767976,0.9979037146886798,0.9945036352825929,0.9893710161782768,0.9213508084999726,0.8519165314420769,0.8472165541025982,0.7369041482671177,0.6371701897157354,0.9340826328402824
0.129,5.62321083484499,0.8764091226712689,0.9947657793397705,0.9981447566075421,0.9994754863602876,0.9907117301429872,0.9961653033853247,0.9980785442871307,0.9959889616855612,0.9979788487616706,0.9946718838436004,0.9896567292508995,0.9226032063059884,0.8538522126270538,0.8491914471585463,0.739475382723246,0.6400804967996778,0.934852225381332
0.13,5.654571109424461,0.8780060678100557,0.9949239042297373,0.9982102703394085,0.9994977167197328,0.9909612697730622,0.9962885498884402,0.9981480928978368,0.9961177588841061,0.9980509505071706,0.994834212487823,0.9899334371469095,0.9238297318555219,0.8557535122844342,0.8511315683440953,0.7420104147896021,0.6429564940842354,0.9356078611832225
0.131,5.685796307444365,0.8795748588411751,0.9950765272337513,0.9982731817307822,0.9995189081446496,0.9912029504499708,0.9964072720592657,0.9982148104986868,0.99624183446129,0.9981201557008548,0.9949908559120746,0.9902014643118769,0.9250310319975147,0.8576211742534137,0.8530376631723451,0.7445098587022578,0.6457986387863276,0.9363498818962922
0.132,5.716887299742122,0.8811161119070164,0.995223864487073,0.99833360537278,0.9995391135995205,0.9914370553309316,0.9965216561797334,0.9982788247817616,0.9963613824084117,0.9981865934376505,0.9951420384558172,0.9904611220257886,0.9262077346832993,0.859455923923116,0.8549104588743562,0.7469743174935644,0.6486073829895957,0.9370786184555683
0.133,5.74784494968549,0.8826304270884021,0.9953661226531096,0.9983916503138867,0.9995583831253242,0.9916638560634738,0.9966318800264569,0.9983402571185366,0.9964765878868866,0.9982503864907061,0.9952879746060471,0.9907127089992226,0.9273604495981866,0.8612584687314229,0.8567506648850418,0.7494043831755267,0.6513831736197233,0.9377943914970189
0.134,5.778670113252497,0.8841183888928265,0.9955034993829966,0.9984474203527596,0.99957676401336,0.9918836133087295,0.9967381132982001,0.9983992229010057,0.9965876276701758,0.9983116516493841,0.9954288694751329,0.9909565119395813,0.9284897687692163,0.8630294986499345,0.8585589733159601,0.7518006369223307,0.6541264524253891,0.9384975117543563
0.135,5.8093636391103205,0.885580566725551,0.9956361837506141,0.9985010143141994,0.9995943009679777,0.99209657723827,0.9968405180198149,0.9984558318628204,0.9966946705615143,0.998370500037609,0.9955649192531899,0.9911928060890428,0.9295962671500821,0.864769686655424,0.8603360594153301,0.7541636492518596,0.6568376559645354,0.9391882804374506
0.136,5.839926368693182,0.8870175153442446,0.9957643566644778,0.9985525263093339,0.9996110362589715,0.9923029880059636,0.996939248924061,0.9985101883817101,0.9967978777888846,0.9984270374138058,0.9956963116364802,0.9914218557357889,0.9306805031841893,0.8664796891881339,0.8620825820155728,0.7564939802060575,0.6595172155956538,0.9398669895933578
0.137,5.870359136279236,0.8884297752978382,0.9958881912578551,0.9986020459809996,0.9996270098643417,0.9925030761962464,0.9970344538126293,0.9985623917643642,0.9968974033785866,0.9984813644535857,0.9958232262332252,0.9916439146999765,0.9317430193467642,0.8681601465972635,0.8637991839686913,0.758792179530003,0.6621655574737912,0.9405339224508908
0.138,5.900662769066479,0.8898178733502199,0.9960078532583658,0.998649658735231,0.9996422596040753,0.9926970632501092,0.9971262738976039,0.9986125365148766,0.9969933945086658,0.9985335770162501,0.9959458349481348,0.9918592267958253,0.932784342666885,0.8698116835739829,0.8654864925697864,0.7610587868495692,0.6647831025510011,0.9411893537496158
0.139,5.9308380872477064,0.8911823228893744,0.9961235013382543,0.9986954459597152,0.9996568212655499,0.9928851618700253,0.9972148441245189,0.9986607125877778,0.9970859918433856,0.9985837663961202,0.9960643023468758,0.9920680262711192,0.9338049852302693,0.8714349095723103,0.86714511996901,0.7632943318475596,0.667370266580974,0.9418335500540951
0.14,5.960885904084508,0.8925236243225418,0.9962352874464373,0.9987394852300028,0.9996707287211228,0.993067576404971,0.9973002934780918,0.9987070056266107,0.9971753298498494,0.998632019559625,0.9961787860016194,0.9922705382253361,0.9348054446636085,0.8730304192181748,0.8687756635722451,0.765499334438215,0.6699274601275853,0.9424667700541565
0.141,5.990807025980323,0.8938422654579442,0.9963433571233681,0.9987818505042249,0.9996840140384256,0.9932445032166186,0.9973827452716438,0.9987514971889447,0.9972615370978082,0.9986784193690215,0.9962894368187465,0.9924669790075514,0.9357862046012103,0.8745987927069883,0.8703787064308071,0.7676743049400021,0.6724550885771265,0.9430892648519094
0.142,6.020602252552595,0.8951387218736031,0.996447849799692,0.9988226123070051,0.9996967075838481,0.9934161310277211,0.9974623174211577,0.9987942649586581,0.9973447365436295,0.998723044793564,0.9963963993497132,0.992657556595195,0.9367477351346687,0.8761405961900341,0.8719548176204424,0.7698197442465955,0.6749535521539767,0.9437012782361998
0.143,6.050272376703989,0.8964134572737487,0.9965488990796042,0.9988618379032203,0.9997088381196629,0.9935826412536423,0.9975391227048596,0.9988353829462691,0.997425045799334,0.9987659711088834,0.9964998120860243,0.9928424709546719,0.9376904932462528,0.8776563821499855,0.8735045526099102,0.7719361439959821,0.6774232459394958,0.9443030469451414
0.144,6.079818184692738,0.8976669238332979,0.9966466330097703,0.9988995914622136,0.9997204328952054,0.9937442083179355,0.9976132690091577,0.9988749216780426,0.9975025773875559,0.9988072700852882,0.9965998077392002,0.9930219143848082,0.9386149232266723,0.8791466897658445,0.8750284536194144,0.7740239867376183,0.6798645598939252,0.9448948009173379
0.145,6.109240456202091,0.8988995625308608,0.9967411743346126,0.9989359342130313,0.9997315177325002,0.9939009999528146,0.9976848595617198,0.9989129483745495,0.9975774389832285,0.9988470101656528,0.9966965135065726,0.9931960718440176,0.9395214570778482,0.8806120452676024,0.8765270499691586,0.7760837460975805,0.6822778788810976,0.9454767635323562
0.146,6.138539964408902,0.9001118034707081,0.9968326407387208,0.9989709245912112,0.9997421171066966,0.9940531774853182,0.9977539931524183,0.9989495271193148,0.9976497336427447,0.9988852566335168,0.9967900513236896,0.9933651212620394,0.940410514901291,0.8820529622809005,0.8780008584182839,0.7781158869416571,0.684663582695751,0.9460491518410009
0.147,6.167717476051354,0.9013040661941214,0.9969211450770938,0.9990046183776222,0.9997522542216448,0.9942008961099167,0.9978207643428341,0.9989847190181498,0.9977195600212997,0.9989220717719759,0.996880538104068,0.9935292338370493,0.9412825052726583,0.8834699421619762,0.8794503834944478,0.7801208655363349,0.6870220460932782,0.9466121767858875
0.148,6.196773751495845,0.9024767599805247,0.9970067955938845,0.9990370688298211,0.9997619510809325,0.9943443051482705,0.9978852636649594,0.9990185823497203,0.9977870125790774,0.9989575150139101,0.9969680859669838,0.9936885743188957,0.9421378256030408,0.8848634743231605,0.8808761178142962,0.7820991297076398,0.6893536388217204,0.9471660434127981
0.149,6.225709544803041,0.9036302841387777,0.9970896961302718,0.9990683268063598,0.9997712285546668,0.9944835482968073,0.997947577809709,0.9990511727078739,0.9978521817769017,0.9989916430840595,0.9970528024539521,0.9938433012791744,0.9429768624875035,0.8862340365491999,0.8822785423950749,0.7840511189977998,0.6916587256558511,0.9477109510732683
0.15,6.254525603793104,0.9047650282890006,0.9971699463220529,0.9990984408844559,0.9997801064422799,0.9946187638627477,0.998007789805805,0.9990825431362117,0.9979151542619393,0.9990245101334261,0.9971347907345081,0.9939935673688148,0.9437999920413788,0.8875820953046551,0.88365812695762,0.7859772648196963,0.6939376664331824,0.9482470936188334
0.151,6.283222670110117,0.9058813726352789,0.9972476417875096,0.9991274574714067,0.9997886035316053,0.994750084989173,0.9980659791895712,0.9991127442553589,0.9979760130440023,0.9990561678664469,0.9972141498018657,0.9941395195638102,0.9446075802247961,0.8889081060326345,0.8850153302209675,0.7878779906090879,0.6961908160917469,0.9487746595873352
0.152,6.311801479285714,0.9069796882295847,0.9973228743060719,0.9991554209101078,0.9997967376544653,0.9948776398696949,0.998122222166139,0.9991418243833646,0.9980348376629662,0.9990866656613613,0.9972909746589974,0.9942812993996926,0.9453999831559022,0.8902125134451057,0.8863506001888043,0.7897537119745789,0.6984185247095108,0.9492938323816671
0.153,6.34026276080192,0.9080603372272351,0.9973957319882726,0.9991823735790115,0.9998045257389884,0.995001551953257,0.9981765917625357,0.9991698296496266,0.9980917043477915,0.9991160506841629,0.9973653564956438,0.9944190431953192,0.9461775474132149,0.8914957518050262,0.8876643744279942,0.7916048368453245,0.7006211375452833,0.9498047904413224
0.154,6.368607238153215,0.9091236731341994,0.997466299437453,0.9992083559868443,0.99981198385886,0.9951219401395661,0.9982291579731006,0.9991968041027204,0.9981466861676035,0.9991443679965071,0.9974373828567377,0.9945528822665027,0.946940610327527,0.8927582452005285,0.8889570803393908,0.793431765616459,0.7027989950809904,0.950307707407079
0.155,6.39683562890785,0.9101700410465463,0.9975346579036608,0.9992334068623767,0.9998191272797021,0.9952389189656263,0.9982799878976454,0.9992227898124802,0.9981998531752632,0.9991716606579184,0.9975071378026917,0.9946829431299942,0.9476895002637646,0.8940004078113837,0.8902291354211573,0.7952348912922396,0.7049524330651938,0.9508027522791469
0.156,6.424948644768393,0.911199777882319,0.9976008854301478,0.9992575632395279,0.9998259705027562,0.99535259878382,0.998329145872752,0.9992478269666656,0.9982512725438303,0.9991979698226238,0.9975747020619827,0.994809347698294,0.9484245368931838,0.8952226441679698,0.8914809475247968,0.7970145996269047,0.7070817825577376,0.9512900895690788
0.157,6.452946991631544,0.9122132126061062,0.9976650569928583,0.999280860538063,0.9998325273060403,0.9954630859319593,0.9983766935965789,0.9992719539625203,0.9983010086963053,0.9992233348313156,0.9976401531764313,0.9949322134657453,0.9491460314562747,0.8964253494029569,0.8927129151041009,0.7987712692632447,0.7091873699754117,0.9517698794457339
0.158,6.480831369647219,0.9132106664465727,0.9977272446332726,0.9993033326401338,0.9998388107831334,0.9955704828957028,0.9984226902475227,0.9992952074935154,0.9983491234290037,0.9992477932981318,0.9977035656395586,0.9950516536863371,0.9498542870167246,0.8976089094959206,0.8939254274572127,0.8005052718688876,0.71126951713853,0.9522422778755679
0.159,6.508602473276913,0.9141924531071978,0.9977875175849501,0.9993250119628895,0.9998448333797347,0.9956748884637178,0.9984671925970647,0.9993176226315489,0.998395676028906,0.9992713811931203,0.9977650110283811,0.9951677775436205,0.9505495987067814,0.8987737015110888,0.8951188649619992,0.8022169722703084,0.7133285413183255,0.952707436757503
0.16,6.536260991351352,0.9151588789704644,0.9978459423941002,0.999345929527378,0.9998506069281333,0.995776397875941,0.9985102551171103,0.999339232904859,0.9984407233852992,0.9992941329204422,0.9978245581289779,0.9952806903131244,0.9512322539643376,0.8999200938284184,0.896293599304919,0.8039067285845656,0.7153647552850653,0.95316550405263
0.161,6.563807607127445,0.9161102432957257,0.9979025830344849,0.999366115023941,0.9998561426797149,0.9958751029652771,0.998551930082114,0.9993600703718901,0.9984843200960126,0.9993160813925496,0.9978822730561548,0.9953904935176308,0.9519025327620491,0.9010484463681975,0.8974499937035729,0.8055748923487789,0.7173784673568049,0.9536166239089678
0.162,6.59124299834455,0.9170468384109739,0.9979575010169465,0.9993855968742952,0.9998614513356262,0.9959710922930538,0.998592267666263,0.999380165691339,0.9985265185685299,0.9993372581005618,0.9979382193675036,0.9954972850756556,0.9525607078287824,0.9021591108093586,0.8985884031231114,0.8072218086473596,0.7193699814486901,0.9540609367815035
0.163,6.618567837280055,0.9179689498987234,0.9980107554938318,0.9994044022904812,0.9998665430757072,0.9960644512785335,0.9986313160359814,0.9993995481885937,0.998567369116247,0.9993576931810514,0.9979924581721438,0.9956011594434592,0.9532070448636811,0.9032524308016877,0.899709174486678,0.808847816237009,0.7213395971227375,0.9544985795477228
0.164,6.645782790804291,0.9188768567762097,0.9980624033585739,0.9994225573308497,0.9998714275857961,0.9961552623227712,0.9986691214379961,0.9994182459187643,0.9986069200501261,0.999377415479433,0.9980450482344152,0.9957022077508967,0.9538418027431191,0.9043287421721042,0.9008126468800528,0.810453247669497,0.7232876096380131,0.9549296856188265
0.165,6.672888520434784,0.9197708316701053,0.998112499340674,0.9994400869532459,0.9998761140835037,0.9962436049270865,0.9987057282831969,0.9994362857264942,0.9986452177659865,0.9993964526101475,0.998096046072777,0.9958005179313996,0.9544652337208084,0.9053883731251863,0.9018991517506655,0.8120384294122466,0.7252143100011423,0.9553543850468241
0.166,6.699885682389854,0.9206511409859373,0.9981610960963166,0.9994570150655427,0.9998806113425507,0.9963295558064084,0.9987411792265086,0.9994536933027295,0.998682306827655,0.9994148310138093,0.9981455060541533,0.995896174846367,0.95507758362131,0.9064316444381081,0.9029690131011343,0.8136036819667367,0.7271199850170882,0.9557728046276796
0.167,6.726774927641573,0.9215180450723883,0.9982082442948352,0.9994733645736664,0.9998849277157501,0.9964131889977353,0.9987755152429806,0.9994704932386107,0.9987182300461899,0.9994325760114873,0.9981934804839531,0.9959892604042301,0.9556790920271911,0.907458869650152,0.904022547677491,0.8151493199847482,0.7290049173401318,0.9561850680006841
0.168,6.753556901968087,0.9223717983806593,0.9982539927012353,0.9994891574272462,0.9998890711567181,0.9964945759639425,0.9988087757002864,0.9994867090766466,0.9987530285553793,0.99944971185627,0.9982400196919798,0.9960798536744365,0.9562699924600595,0.908470355246953,0.9050600651522386,0.8166756523824723,0.7308693855250018,0.9565912957442134
0.169,6.780232246005309,0.9232126496190546,0.9982983882549714,0.9995044146630171,0.999893049240387,0.9965737856931534,0.9988409984278186,0.999502363359315,0.9987867418837016,0.9994662617822644,0.9982851721144356,0.9961680309965969,0.9568505125556982,0.9094664008396305,0.9060818683023942,0.8181829824525084,0.7327136640780967,0.9569916054680239
0.17,6.8068015952980145,0.9240408419029587,0.9983414761451622,0.9995191564460932,0.9998968691823903,0.9966508847938859,0.9988722197825524,0.999517477675231,0.9988194080229307,0.9994822480511641,0.9983289843722104,0.9962538660850133,0.957420874233514,0.9104472993389554,0.9070882531826567,0.8196716079737708,0.7345380235087486,0.9573861119022377
0.171,6.833265580350298,0.9248566129003527,0.9983832998824184,0.9995334021092253,0.9999005378573871,0.9967259375861671,0.9989024747118386,0.9995320727030138,0.9988510634935511,0.9994976919965171,0.9983715013456413,0.9963374301288059,0.9579812938605045,0.9114133371246966,0.9080795092938408,0.8211418213193322,0.7363427303804841,0.9577749269831473
0.172,6.859624826675461,0.9256601949730258,0.9984239013674506,0.999547170190146,0.9999040618163862,0.9967990061888071,0.9989317968132849,0.999546168252974,0.9988817434071481,0.9995126140658143,0.9984127662459129,0.9964187918878402,0.958531982409941,0.9123647942102896,0.9090559197467112,0.822593909562231,0.7381280473622334,0.9581581599359833
0.173,6.885879954845294,0.9264518153136196,0.9984633209566137,0.9995604784671077,0.9999074473031301,0.9968701506030048,0.9989602183918689,0.9995597833067392,0.9989114815259194,0.9995270338605174,0.9984528206832639,0.9964980177846468,0.9590731456149559,0.913301944402961,0.9100177614213507,0.8240281545792627,0.7398942332794494,0.9585359173547584
0.174,6.912031580538765,0.9272316960786502,0.9985015975245346,0.999573343992701,0.9999107002695908,0.9969394287924601,0.9989877705144221,0.9995729360549271,0.9989403103194557,0.9995409701741315,0.9984917047321532,0.9965751719925168,0.9596049841172177,0.9142250554594441,0.9109653051221882,0.8254448331527915,0.7416415431650974,0.9589083032793226
0.175,6.938080314590164,0.9280000545176337,0.9985387685239683,0.9995857831260491,0.9999138263906305,0.9970068967601474,0.9990144830616166,0.9995856439329689,0.9989682610189249,0.9995544410284246,0.9985294569935349,0.9966503165199477,0.9601276936108651,0.9151343892374121,0.911898815728811,0.8268442170706003,0.7433702283104786,0.9592754192697275
0.176,6.964026763036649,0.9287571030984509,0.998574870043011,0.9995978115634575,0.9999168310778744,0.9970726086219055,0.999040384777577,0.9995979236551809,0.9989953636687854,0.9995674637078964,0.9985661146543787,0.9967235112916039,0.9606414649818715,0.9160302018427534,0.9128185523426842,0.8282265732238142,0.7450805363158534,0.9596373644780232
0.177,6.989871527165252,0.929503049629069,0.9986099368598007,0.999609444367602,0.9999197194928413,0.9971366166769877,0.9990655033172362,0.9996097912471776,0.9990216471761553,0.9995800547925797,0.9986017135445698,0.9967948142259488,0.9611464844429988,0.9169127437728128,0.913724768429891,0.8295921637029209,0.7467727111408331,0.9599942357175824
0.178,7.015615203559322,0.9302380973757424,0.9986440024948232,0.9996206959953278,0.9999224965593727,0.9971989714757095,0.9990898652915453,0.9996212620767109,0.9990471393579475,0.9995922301892676,0.9986362881913127,0.9968642813097001,0.9616429336644958,0.9177822600557133,0.9146177119600122,0.8309412458919208,0.7484469931545155,0.9603461275300568
0.179,7.041258384144438,0.9309624451778044,0.998677099260938,0.9996315803241311,0.9999251669754026,0.9972597218843243,0.999113496310643,0.999632350883018,0.999071866985884,0.9996040051612445,0.9986698718711572,0.9969319666692461,0.9621309899006912,0.918638990385873,0.9154976255412502,0.8322740725606297,0.7501036191853258,0.9606931322500527
0.18,7.066801656233767,0.931676287559165,0.9987092583112318,0.9996421106773924,0.9999277352241032,0.9973189151472519,0.9991364210250837,0.9996430718047582,0.9990958558294893,0.9996153943565982,0.9987024966597602,0.9969979226391645,0.9626108261126222,0.9194831692558294,0.9163647465519107,0.8335908919551706,0.7517428225705536,0.961035340067627
0.181,7.09224560257291,0.9323798148366158,0.9987405096848022,0.9996522998484206,0.9999302055844433,0.9973765969467776,0.99915866316522,0.9996534384066065,0.9991191306971628,0.9996264118351872,0.9987341934794892,0.9970621998279656,0.9630826110868387,0.9203150260844766,0.9172193072683413,0.8348919478866761,0.7533648332055494,0.9613728390886775
0.182,7.117590801384217,0.9330732132250477,0.9987708823505691,0.9996621601233733,0.9999325821411911,0.9974328114603342,0.9991802455788271,0.9996634637045784,0.999141715475423,0.9996370710943306,0.9987649921449697,0.9971248471811873,0.963546509550515,0.9211347853418201,0.9180615349894317,0.8361774798182369,0.7549698775925658,0.9617057153933214
0.183,7.142837826410587,0.9337566649396802,0.9988004042492049,0.999671703303105,0.9999348687943929,0.9974876014154748,0.9992011902670558,0.9996731601901471,0.9991636331664094,0.999647385093286,0.9987949214066723,0.9971859120419565,0.9640026822829945,0.9219426666703513,0.9188916521577724,0.8374477229501205,0.7565581788892252,0.9620340530923303
0.184,7.167987246958763,0.9344303482953971,0.9988291023332728,0.999680940724,0.9999370692683578,0.9975410081426362,0.9992215184187925,0.9996825398532179,0.9991849059237297,0.9996573662765771,0.99882400899263,0.9972454402091278,0.9644512862238926,0.9227388850031376,0.9197098764775679,0.8387029083032921,0.75812995695659,0.9623579343817041
0.185,7.193039627942122,0.9350944378032793,0.9988570026056549,0.9996898832778403,0.9999391871201748,0.9975930716257929,0.9992412504435042,0.9996916142040146,0.9992055550867255,0.999667026596229,0.9988522816483761,0.9973034759931061,0.9648924745778745,0.9235236506787252,0.9205164210293962,0.8399432628012665,0.7596854284068248,0.9626774395954513
0.186,7.2179955299229785,0.9357491042644267,0.9988841301563498,0.9996985414307548,0.9999412257477882,0.9976438305510905,0.99926040600264,0.9997003942939375,0.9992256012132379,0.9996763775329659,0.9988797651751795,0.9973600622694531,0.9653263969162206,0.9242971695529458,0.921311494381906,0.8411690093503188,0.7612248066504319,0.962992647256647
0.187,7.2428555091543885,0.9363945148611516,0.9989105091977151,0.9997069252412982,0.9999431883976564,0.99769332235355,0.9992790040396572,0.9997088907354407,0.9992450641109387,0.999685430116424,0.9989064844666605,0.9974152405303737,0.9657531992752902,0.9250596431077169,0.9220953007005374,0.8423803669180828,0.7627483019430501,0.9633036341268312
0.188,7.267620117621483,0.9370308332456272,0.9989361630982249,0.9997150443777002,0.9999450781720158,0.9977415832619232,0.9992970628087376,0.9997171137209804,0.9992639628672991,0.9996941949444267,0.9989324635438603,0.9974690509341747,0.9661730242519884,0.9258112685569229,0.9228680398533528,0.8435775506105683,0.7642561214318,0.9636104752538133
0.189,7.292289903082323,0.9376582196260721,0.9989611144148118,0.9997229081343264,0.9999468980357742,0.9977886483417824,0.9993145999022564,0.9997250730410816,0.9992823158782568,0.9997026822013725,0.9989577255888332,0.9975215323527813,0.9665860110963355,0.9265522389494596,0.9236299075140579,0.8447607717476217,0.7657484692011678,0.9639132440179395
0.19,7.3168654091082805,0.9382768308505457,0.9989853849238564,0.9997305254473912,0.9999486508230488,0.9978345515369175,0.9993316322770602,0.9997327781015647,0.9993001408756444,0.9997109016757753,0.9989822929768307,0.9975727224173959,0.9669922958012397,0.9272827432695275,0.9243810952622953,0.8459302379368615,0.7672255463184178,0.9642120121768843
0.191,7.341347175123967,0.9388868204884302,0.9990089956508859,0.9997379049099563,0.9999503392433746,0.997879325709115,0.9993481762796133,0.9997402379399758,0.9993174549534372,0.999718862777002,0.9990061873071411,0.9976226575623781,0.9673920111895636,0.9280029665342475,0.9251217906812855,0.8470861531461154,0.7686875508785225,0.9645068499090157
0.192,7.365735736446702,0.9394883389096698,0.9990319668990411,0.9997450547862533,0.9999519658875953,0.9979230026763873,0.9993642476700597,0.99974746124126,0.9993342745928717,0.9997265745512465,0.9990294294326448,0.9976713730674207,0.9677852869985775,0.9287130898886817,0.9258521774528934,0.8482287177743864,0.770134678048604,0.9647978258553936
0.193,7.390031624325523,0.9400815333618375,0.9990543182763659,0.9997519830253592,0.9999535332334569,0.9979656132497183,0.9993798616452586,0.9997544563527149,0.9993506156864941,0.999734045696775,0.999052039488144,0.9977189030980956,0.9681722499618847,0.9294132906983298,0.9265724354501907,0.8493581287213771,0.771567120111882,0.9650850071604447
0.194,7.414235365979773,0.9406665480450956,0.9990760687219733,0.999758697274259,0.9999550436509209,0.9980071872683876,0.9993950328608326,0.9997612312982588,0.9993664935611793,0.999741284578483,0.9990740369175208,0.9977652807448361,0.9685530238889037,0.9301037426391746,0.9272827408275875,0.8504745794555976,0.7729850665111153,0.9653684595113672
0.195,7.438347484637225,0.9412435241851133,0.9990972365311356,0.9997652048903247,0.9999564994072078,0.9980477536339338,0.9994097754522812,0.9997677937920497,0.9993819230001765,0.9997482992417918,0.9990954404997769,0.9978105380604221,0.9689277297419888,0.9307846157853477,0.9279832661085992,0.8515782600810842,0.7743887038915416,0.965648247176309
0.196,7.462368499571789,0.9418126001040059,0.9991178393793511,0.9997715129532364,0.9999579026715906,0.9980873403428158,0.9994241030551972,0.9997741512514845,0.999396918264219,0.9997550974259214,0.9991162683740052,0.9978547060960331,0.969296485711264,0.9314560766944819,0.9286741802713182,0.8526693574027578,0.775778216143302,0.9659244330413658
0.197,7.486298926140793,0.9423739112893557,0.9991378943454279,0.9997776282763752,0.9999592555199482,0.9981259745178218,0.9994380288246321,0.9997803108096092,0.9994114931117454,0.9997616865765677,0.999136538063339,0.9978978149359242,0.9696594072872499,0.9321182884908179,0.9293556488316541,0.8537480549904448,0.7771537844433536,0.966197078646438
0.198,7.510139275821832,0.9429275904613686,0.9991574179336314,0.9997835574177113,0.9999605599390926,0.9981636824382842,0.9994515654536437,0.9997862793269702,0.9994256608182709,0.999768073858012,0.9991562664979262,0.9979398937307865,0.9700166073313513,0.932771410946127,0.9300278339244039,0.8548145332415895,0.7785155872968633,0.9664662442199913
0.199,7.533890056249217,0.9434737676382303,0.9991764260949352,0.9997893066902114,0.9999618178308808,0.9982004895691463,0.9994647251910679,0.9997920634029313,0.9994394341949467,0.9997742661646921,0.9991754700369698,0.997980970729844,0.9703681961442788,0.9334156005585148,0.9306908943822159,0.8558689694426811,0.7798638005780815,0.9667319887127571
0.2,7.55755177125,0.944012570199708,0.999194934247415,0.9997948821717889,0.9999630310161252,0.9982364205889285,0.9994775198585474,0.9997976693864847,0.9994528256063462,0.9997802701322592,0.9991941644898766,0.9980210733117403,0.9707142815324692,0.9340510106291635,0.9313449858125038,0.8569115378294243,0.7811985975706953,0.9669943698304106
0.201,7.581124920879601,0.9445441229490561,0.9992129572958242,0.999800289714818,0.9999642012383106,0.9982714994166411,0.9994899608668509,0.9998031033865781,0.9994658469875102,0.9997860921481457,0.9992123651365532,0.9980602280142634,0.9710549688725716,0.9346777913370734,0.9319902606723715,0.8579424096456731,0.7825201490076591,0.9672534440652657
0.202,7.604610001457036,0.9450685481732748,0.9992305096503836,0.999805534955232,0.9999653301671286,0.9983057492376862,0.9995020592315158,0.9998083712819829,0.9994785098602866,0.9997917383616672,0.9992300867468856,0.9980984605629586,0.9713903611740594,0.9352960898118581,0.9326268683416008,0.8589617532011576,0.7838286231105012,0.9675092667270149
0.203,7.6280075055997525,0.9455859657017696,0.9992476052448238,0.9998106233212253,0.9999664194018402,0.9983391925287896,0.999513825587843,0.9998134787307238,0.999490825348995,0.9997972146936799,0.9992473435994389,0.9981357958986715,0.9717205591400312,0.9359060502046501,0.9332549551937598,0.8599697339280248,0.7851241856281098,0.9677618919725539
0.204,7.651317922258064,0.9460964929634603,0.9992642575537078,0.999815560041579,0.999967470474473,0.9983718510820021,0.9995252702052752,0.999818431179093,0.9995028041954465,0.999802526845816,0.9992641494994112,0.9981722582040682,0.9720456612262567,0.9365078137571703,0.9338746646654817,0.8609665144362179,0.7864069998749956,0.9680113728349186
0.205,7.674541736749225,0.9466002450423863,0.9992804796090696,0.9998203501536255,0.999968484852865,0.9984037460278103,0.9995364030011828,0.9998232338702651,0.9995144567733469,0.9998076803093157,0.9992805177958717,0.9982078709291711,0.9723657636985242,0.9371015188690106,0.9344861373239667,0.8619522545677191,0.7876772267690323,0.968257761251366
0.206,7.6976794307911,0.9470973347318487,0.9992962840163935,0.9998249985108694,0.9999694639435597,0.99843489785739,0.9995472335540879,0.9998278918525355,0.9995257931021124,0.9998126803734741,0.999296461398317,0.9982426568159521,0.9726809606883449,0.9376873011631833,0.9350895109327555,0.8629271114496762,0.7889350248686794,0.96850110809063
0.207,7.720731482535471,0.9475878725871384,0.9993116829699658,0.9998295097902826,0.9999704090945613,0.9984653264440381,0.9995577711163462,0.9998324099871977,0.9995368228601205,0.9998175321337236,0.9993119927925715,0.9982766379220204,0.9729913442470646,0.9382652935499833,0.9356849205158232,0.8638912395464383,0.7901805504096849,0.9687414631793774
0.208,7.743698366600984,0.9480719669768857,0.9993266882676242,0.9998338884992858,0.999971321597959,0.9984950510638168,0.9995680246263152,0.9998367929560763,0.9995475553974241,0.9998222404993655,0.9993271240560639,0.99830983564344,0.9732970043984348,0.9388356262892119,0.9362724984200401,0.8648447907105217,0.7914139573412735,0.9689788753278928
0.209,7.766580554105715,0.9485497241330744,0.9993413113249305,0.9998381389824321,0.9999722026924236,0.9985240904154408,0.999578002720029,0.9998410452687334,0.9995579997479508,0.9998268102009694,0.9993418668725013,0.9983422707367144,0.9735980291896912,0.9393984270508067,0.936852374376044,0.8657879142325271,0.7926353973618202,0.9692133923550201
0.21,7.789378512699386,0.94902124819976,0.999355563188791,0.9998422654278072,0.9999730535655863,0.9985524626394375,0.9995877137424004,0.9998451712693623,0.9995681646412097,0.9998312457974547,0.999356232545971,0.9983739633399693,0.9738945047411858,0.9399538209739237,0.9374246755575684,0.8667207568900327,0.7938450199540145,0.9694450611123809
0.211,7.812092706595223,0.9494866412805277,0.9993694545505484,0.9998462718731567,0.9999738753563029,0.9985801853366102,0.9995971657579747,0.9998491751433839,0.9995780585135275,0.9998355516828695,0.9993702320144925,0.9984049329933652,0.9741865152946195,0.9405019307245134,0.9379895266392697,0.8676434629954808,0.7950429724195156,0.9696739275079003
0.212,7.834723596601466,0.9499460034847275,0.9993829957585666,0.9998501622117564,0.9999746691568117,0.9986072755858301,0.999606366561249,0.9998530609237579,0.9995876895188351,0.99983973209288,0.9993838758630422,0.9984351986587725,0.9744741432599187,0.9410428765514337,0.9385470498530946,0.8685561744430808,0.7962293999131044,0.9699000365286553
0.213,7.857271640152532,0.9503994329725215,0.9993961968303308,0.9998539401980333,0.9999754360147883,0.9986337499611866,0.9996153236865812,0.9998568324970253,0.999597065539022,0.9998437911109839,0.9993971743360739,0.9984647787387356,0.9747574692607957,0.9415767763411387,0.939097365043226,0.8694590307547481,0.7974044454763334,0.9701234322630786
0.214,7.87973729133983,0.9508470259987789,0.9994090674640816,0.9998576094529523,0.9999761769353046,0.9986596245485175,0.9996240444177035,0.9998604936090901,0.9996061941938795,0.9998477326744615,0.9994101373495553,0.9984936910947554,0.9750365721790392,0.9421037456709856,0.9396405897196504,0.8703521691251002,0.7985682500706816,0.9703441579225268
0.215,7.902121000942248,0.9512888769558486,0.9994216170500041,0.999861173469176,0.9999768928826941,0.9986849149613475,0.9996325357968572,0.9998640478707569,0.9996150828506495,0.9998515605800745,0.9994227745025424,0.9985219530649161,0.9753115291975673,0.9426238978611947,0.9401768391103802,0.8712357244655289,0.7997209526102143,0.9705622558622444
0.216,7.924423216456311,0.9517250784152447,0.9994338546809891,0.99986463561601,0.9999775847823312,0.9987096363562533,0.9996408046335672,0.9998674987630312,0.9996237386331941,0.9998552784895255,0.9994350950883093,0.998549581480883,0.9755824158422877,0.9431373440255022,0.9407062262123711,0.8721098294473677,0.8008626899937559,0.9707777676017387
0.217,7.946644382125983,0.9521557211682732,0.9994457891629852,0.9998679991441425,0.9999782535223268,0.9987338034476831,0.9996488575130692,0.9998708496421961,0.9996321684308058,0.9998588899346881,0.9994471081050524,0.9985765926842946,0.9758493060227975,0.9436441931205403,0.9412288618411684,0.8729746145441727,0.8019935971365765,0.970990733844582
0.218,7.968784938972188,0.9525808942656329,0.9994574290249573,0.999871267190187,0.9999788999551449,0.9987574305222474,0.9996567008044056,0.9998741037446752,0.9996403789066696,0.9998623983226186,0.999458822266187,0.9986030025425722,0.9761122720719604,0.9441445519939803,0.9417448546793172,0.8738302080731383,0.8031138070016,0.9712011944976647
0.219,7.990845324821967,0.9530006850560155,0.9994687825284698,0.9998744427810374,0.9999795248991439,0.998780531452503,0.9996643406682049,0.9998772641916902,0.9996483765059945,0.9998658069403583,0.9994702460102521,0.9986288264641718,0.9763713847843938,0.9446385254314726,0.9422543113235712,0.8746767362356629,0.8042234506301358,0.9714091886899183
0.22,8.01282597433735,0.953415179223738,0.9994798576769073,0.9998775288380439,0.9999801291400476,0.9988031197102509,0.9996717830641554,0.9998803339937227,0.9996561674638276,0.9998691189595373,0.9994813875104416,0.9986540794132969,0.9766267134539023,0.9451262162024165,0.9427573363309303,0.8755143231570843,0.8053226571721404,0.9716147547905146
0.221,8.034727319043895,0.9538244608254287,0.9994906622243492,0.9998805281810169,0.9999807134323467,0.9988252083793653,0.9996790337581893,0.9998833160547904,0.9996637578125634,0.9998723374407859,0.9994922546837735,0.9986787759240938,0.9768783259098855,0.9456077251045907,0.9432540322635421,0.876343090925602,0.8064115539160137,0.9718179304265713
0.222,8.056549787358943,0.9542286123258,0.9995012036841124,0.9998834435320677,0.9999812785006373,0.9988468101681718,0.9996860983293876,0.9998862131765448,0.9996711533891627,0.9998754653379653,0.9995028551999163,0.9987029301143514,0.9771262885527547,0.9460831510076774,0.943744499732495,0.877163159630403,0.8074902663179335,0.9720187525003705
0.223,8.078293804619532,0.9546277146325278,0.9995114893369746,0.9998862775192914,0.9999818250408975,0.998867937421393,0.9996929821766161,0.9998890280621986,0.9996783598420906,0.9998785055022238,0.9995131964896836,0.9987265556987203,0.9773706663883862,0.9465525908957094,0.9442288374405345,0.8779746473990084,0.808558918030735,0.9722172572061102
0.224,8.099959793110047,0.955021847130265,0.9995215262390913,0.9998890326803006,0.999982353721705,0.9988886021316776,0.9996996905249079,0.9998917633202895,0.9996853826379896,0.9998814606858862,0.99952328575321,0.9987496660014731,0.9776115230616416,0.9470161399084686,0.9447071422237316,0.8787776704338576,0.8096176309323396,0.9724134800461988
0.225,8.121548172089552,0.9554110877138133,0.9995313212296196,0.999891711465616,0.9999828651854004,0.9989088159507273,0.9997062284315987,0.9998944214682907,0.9996922270680932,0.9998843335461843,0.9995331299678241,0.9987722739688211,0.9778489208889821,0.947473891381865,0.9451795090921304,0.8795723430481459,0.8106665251537388,0.9726074558471132
0.226,8.143059357818832,0.9557955128204763,0.9995408809380605,0.9998943162419193,0.9999833600491972,0.99892859020004,0.9997126007922272,0.9998970049360705,0.9996988982543964,0.9998871266488356,0.9995427358956275,0.998794392180806,0.9780829208902052,0.9479259368873245,0.945646031269404,0.8803587777009322,0.8117057191065378,0.9727992187748292
0.227,8.164493763587151,0.9561751974616151,0.9995502117913289,0.9998968492951749,0.9999838389062407,0.9989479358812798,0.9997188123462103,0.9998995160692118,0.9997054011555887,0.9998898424714758,0.9995521100907943,0.99881603286278,0.9783135828193288,0.9483723662702106,0.9461068002315437,0.8811370850315297,0.8127353295100638,0.9729888023498385
0.228,8.185851799738717,0.9565502152534304,0.9995593200205652,0.9998993128336265,0.9999843023266203,0.9989668636862914,0.9997248676823014,0.9999019571321947,0.9997117405727624,0.9998924834069535,0.9995612589066,0.998837207896492,0.978540965194648,0.9488132676873076,0.946561905744608,0.8819073738931988,0.813755471418046,0.9731762394617661
0.229,8.207133873698874,0.9569206384469913,0.9995682116676976,0.9999017089906742,0.999984750858336,0.9989853840067698,0.9997307712438426,0.9999043303114494,0.9997179211549032,0.9998950517664897,0.9995701885021924,0.9988579288307942,0.9787651253279909,0.9492487276433887,0.9470114359015575,0.8826697513861543,0.8147662582448713,0.9733615623835998
0.23,8.228340390000001,0.9572865379575312,0.999576892591763,0.9999040398276345,0.9999851850282206,0.9990035069435994,0.9997365273338166,0.9999066377182861,0.9997239474041741,0.999897549782713,0.9995789048491139,0.9988782068919824,0.9789861193531952,0.9496788310268965,0.9474554771581972,0.8834243228899015,0.81576780179142,0.9735448027855435
0.231,8.249471750307148,0.957647983393031,0.9995853684749996,0.9999063073363931,0.9999856053428218,0.9990212423158742,0.9997421401197091,0.9999088813917046,0.999729823680999,0.9998999796125696,0.9995874137375851,0.9988980529937842,0.9792040022538295,0.950103661144756,0.9478941143682537,0.8841711920949173,0.8167602122704922,0.9737259917485066
0.232,8.270528353443396,0.95800504308211,0.9995936448287174,0.9999085134419504,0.9999860122892441,0.9990385996696116,0.9997476136381873,0.9999110633010916,0.9997355542089558,0.9999023433401201,0.999595720782559,0.998917477747008,0.9794188278901808,0.9505232997563459,0.9483274308176065,0.8849104610336896,0.8177435983318222,0.9739051597772385
0.233,8.29151059541495,0.9583577841012407,0.9996017269989568,0.9999106600048673,0.9999864063359541,0.9990555882861704,0.9997529517996036,0.9999131853488085,0.9997411430794853,0.9999046429792218,0.9996038314295558,0.9989364914688658,0.9796306490255311,0.9509378271066495,0.9487555082576988,0.8856422301111266,0.8187180670866931,0.974082336813122
0.234,8.312418869435959,0.9587062723013086,0.9996096201719422,0.9999127488236133,0.9999867879335496,0.999072217190384,0.9997581583923303,0.9999152493726763,0.9997465942564251,0.9999068804761063,0.9996117509602852,0.9989551041919811,0.9798395173517429,0.9513473219586078,0.949178426938148,0.8863665981343526,0.8196837241321556,0.9742575522466325
0.235,8.333253565953079,0.959050572333533,0.9996173293793409,0.9999147816368238,0.999987157515494,0.9990884951584205,0.999763237086933,0.9999172571483602,0.9997519115803739,0.9999090577118542,0.9996194844980668,0.9989733256730933,0.9800454835141732,0.9517518616246945,0.9495962656385762,0.8870836623419022,0.8206406735748526,0.9744308349294761
0.236,8.354015072669789,0.9593907476747662,0.9996248595033317,0.9999167601254675,0.9999875154988203,0.9991044307253772,0.9997681914401892,0.9999192103916593,0.9997570987728935,0.999911176504772,0.9996270370130539,0.9989911654014714,0.9802485971359369,0.9521515219977349,0.950009101699684,0.8877935184323239,0.8215890180544607,0.9746022131864137
0.237,8.374703774570426,0.9597268606521886,0.999632215281494,0.9999186859149295,0.9999878622848017,0.999120032192623,0.999773024898957,0.9999211107607052,0.9997621594405557,0.9999132386126748,0.9996344133272708,0.9990086326070449,0.9804489068415378,0.952546377580989,0.9504170110535834,0.8884962605922107,0.8225288587667517,0.9747717148267825
0.238,8.395320053943992,0.9600589724674139,0.9996394013115218,0.999920560577013,0.9999881982595953,0.9991353076348927,0.9997777408039017,0.9999229598580732,0.999767097078839,0.99991524573508,0.9996416181194685,0.9990257362682649,0.9806464602798849,0.9529365015175154,0.9508200682534138,0.8891919815236615,0.8234602954862756,0.9749393671557209
0.239,8.415864290407688,0.9603871432200224,0.9996464220557701,0.9999223856318634,0.9999885237948556,0.9991502649071476,0.9997823423930852,0.9999247592328109,0.9997719150758833,0.999917199515315,0.9996486559298087,0.9990424851197027,0.9808413041467131,0.9533219656188386,0.9512183465022555,0.8898807724711966,0.8243834265886795,0.9751051969851102
0.24,8.436336860930233,0.9607114319305365,0.9996532818456408,0.9999241625498181,0.9999888392483224,0.9991649116512075,0.9997868328054227,0.9999265103823851,0.9997766167161044,0.999919101542542,0.9996555311643789,0.9990588876593981,0.9810334842064239,0.9537028403929356,0.9516119176813621,0.8905627232481277,0.8252983490726565,0.975269230644236
0.241,8.456738139854902,0.9610318965628528,0.9996599848858133,0.999925892753183,0.9999891449643832,0.9991792553021628,0.9997912150840137,0.9999282147545544,0.9997812051836787,0.9999209533537048,0.9996622480995497,0.9990749521559634,0.9812230453133639,0.9540791950715604,0.9520008523777282,0.8912379222624032,0.8262051585815416,0.9754314939901823
0.242,8.477068498922366,0.961348594046145,0.9996665352583262,0.9999275776179436,0.9999894412746108,0.9991933030945758,0.9997954921793513,0.999929873749166,0.9997856835658995,0.9999227564353986,0.999668810886176,0.9990906866554546,0.9814100314325561,0.9544510976369228,0.9523852199110093,0.891906456541933,0.8271039494245497,0.9755920124179613
0.243,8.497328307293232,0.9616615802962539,0.9996729369265159,0.9999292184754072,0.9999897284982777,0.9992070620684779,0.9997996669524141,0.9999314887198844,0.9997900548564106,0.9999245122256692,0.9996752235536505,0.9991060989880161,0.9815944856599013,0.9548186148477403,0.9527650883598121,0.8925684117594105,0.8279948145976683,0.9757508108703933
0.244,8.51751793157044,0.9619709102365739,0.9996791937388175,0.999930816613784,0.9999900069428492,0.9992205390751695,0.9998037421776466,0.9999330609758514,0.9997943219583243,0.9999262221157413,0.9996814900138152,0.9991211967743082,0.981776450241862,0.9551818122646774,0.9531405245873695,0.8932238722566354,0.8288778458042052,0.9759079138477342
0.245,8.537637735821326,0.9622766378184533,0.9996853094324323,0.9999323732797077,0.9999902769044541,0.9992337407828311,0.9998077205458312,0.9999345917832825,0.9997984876872251,0.9999278874516809,0.9996876140647353,0.9991359874317254,0.9819559665946468,0.9555407542751885,0.9535115942666187,0.8938729210683546,0.8297531334750015,0.976063345417069
0.246,8.55768808159954,0.9625788160411176,0.9996912876368684,0.9999338896796975,0.9999905386683361,0.9992466736819511,0.9998116046668576,0.9999360823670003,0.9998025547740661,0.999929509535994,0.9996935993943405,0.9991504781804106,0.9821330753229055,0.9558955041177812,0.953878361904694,0.8945156399456266,0.8306207667883072,0.9762171292214681
0.247,8.577669327966685,0.9628774969711317,0.9996971318773585,0.9999353669815644,0.9999907925092859,0.9992593440905769,0.9998153970723908,0.9999375339119101,0.9998065258679604,0.9999310896291638,0.9996994495839411,0.9991646760490761,0.9823078162379529,0.956246123905714,0.9542408908668548,0.8951521093787231,0.8314808336893358,0.9763692884889204
0.248,8.597581831513763,0.9631727317614086,0.999702845578159,0.9999368063157653,0.9999910386920544,0.9992717581593965,0.9998191002184452,0.9999389475644179,0.9998104035388731,0.9999326289511293,0.9997051681116194,0.999178587880635,0.982480228375531,0.9565926746501413,0.9545992433998568,0.8957824086195745,0.8323334209094901,0.9765198460410445
0.249,8.617425946382369,0.9634645706697816,0.9997084320657355,0.9999382087767054,0.9999912774717492,0.9992839218766555,0.9998227164878659,0.9999403244337939,0.999814190280217,0.999934128682708,0.999710758355506,0.9991922203376505,0.9826503500131244,0.9569352162827246,0.954953480654786,0.8964066157037718,0.8331786139852765,0.9766688243015877
0.25,8.637202024285715,0.963753063077146,0.999713894571839,0.9999395754239906,0.9999915090942135,0.9992958410729152,0.9998262481927215,0.999941665593484,0.9998178885113554,0.9999355899669643,0.9997162235969413,0.9992055799076122,0.982818218686841,0.9572738076777174,0.9553036627093667,0.897024807472132,0.8340164972769017,0.9768162453047177
0.251,8.656910414529378,0.9640382575051858,0.9997192362364765,0.9999409072836347,0.9999917337963895,0.9993075214256592,0.9998296975766119,0.9999429720823715,0.9998215005800168,0.999937013910526,0.999721567023528,0.9992186729080397,0.9829838712078703,0.957608506673543,0.9556498485897569,0.8976370595918391,0.8348471539865675,0.9769621307031101
0.252,8.676551464031892,0.9643202016336925,0.9997244601107796,0.9999422053492201,0.9999919518066664,0.9993189684637505,0.9998330668168944,0.9999442449059902,0.9998250287646225,0.9999384015848517,0.9997267917320801,0.9992315054914261,0.98314734367853,0.9579393700938735,0.955992096291844,0.8982434465771661,0.835670666176457,0.9771065017758435
0.253,8.69612551734508,0.9645989423174898,0.9997295691597764,0.9999434705830148,0.9999921633452141,0.9993301875717485,0.9998363580268311,0.9999454850376922,0.9998284752765336,0.9999397540274503,0.9997319007314692,0.9992440836500222,0.9833086715079137,0.9582664537682268,0.9563304628020557,0.8988440418097902,0.8364871147864292,0.9772493794361018
0.254,8.715632916674235,0.9648745256029704,0.9997345662650676,0.9999447039170497,0.9999923686243024,0.9993411839940867,0.9998395732576605,0.9999466934197706,0.9998318422622181,0.9999410722430544,0.9997368969453749,0.9992564132204684,0.9834678894271501,0.9585898125520902,0.9566650041176948,0.8994389175587074,0.8372965796514164,0.9773907842386906
0.255,8.735074001898017,0.9651469967442594,0.9997394542274133,0.9999459062541537,0.9999925678486071,0.9993519628391185,0.9998427145005966,0.9999478709645411,0.9998351318053418,0.9999423572047503,0.9997417832149401,0.9992684998882811,0.9836250315042843,0.9589095003465853,0.9569957752668127,0.9000281449997581,0.838099139518535,0.9775307363873753
0.256,8.754449110588236,0.9654164002190088,0.9997442357692319,0.9999470784689518,0.9999927612155041,0.999362529083035,0.9998457836887573,0.9999490185553811,0.9998383459287862,0.9999436098550659,0.9997465623013378,0.9992803491921957,0.9837801311587911,0.9592255701176836,0.9573228303276312,0.9006117942347673,0.8388948720639124,0.9776692557420426
0.257,8.773758578029362,0.9656827797438363,0.9997489135370143,0.999948221408826,0.9999929489153495,0.9993728875736586,0.9998487826990268,0.9999501370477322,0.9998414865965958,0.9999448311070177,0.9997512368882494,0.9992919665283734,0.9839332211757323,0.959538073914987,0.9576462224475267,0.901189934310312,0.8396838539092367,0.9778063618256917
0.258,8.793002737237881,0.9659461782894162,0.999753490103658,0.9999493358948406,0.9999931311317508,0.9993830430341175,0.9998517133538509,0.9999512272700627,0.9998445557158574,0.9999460218451196,0.99975580958426,0.9993033571544763,0.9840843337195647,0.9598470628900807,0.9579660038615841,0.9017626332361214,0.8404661606380283,0.9779420738312602
0.259,8.812181918981429,0.9662066380952303,0.9997579679707216,0.999950422722634,0.9999933080418244,0.9993930000664053,0.9998545774229728,0.9999522900247966,0.9998475551385148,0.9999471829263538,0.9997602829251734,0.999314526193613,0.9842335003476117,0.960152587314472,0.958282225910734,0.9023299580031181,0.8412418668116457,0.9780764106282884
0.26,8.831296451797755,0.9664642006839875,0.9997623495706055,0.9999514826632775,0.9999934798164436,0.999402763154828,0.9998573766251058,0.9999533260892057,0.9998504866631197,0.9999483151811064,0.9997646593762481,0.9993254786381632,0.9843807520232041,0.9604546965971235,0.9585949390594823,0.9028919746011083,0.8420110459850224,0.9782093907694267
0.261,8.850346662013461,0.9667189068757227,0.9997666372686587,0.9999525164641027,0.9999936466204771,0.9994123366693445,0.9998601126295503,0.9999543362162706,0.999853352036523,0.9999494194140683,0.9997689413343601,0.9993362193534809,0.9845261191285029,0.9607534393015932,0.9589041929132437,0.9034487480361273,0.8427737707221464,0.9783410324967904
0.262,8.8693328737626,0.9669707968015788,0.9997708333652162,0.9999535248494988,0.9999938086130162,0.9994217248688025,0.9998627870577547,0.9999553211355089,0.9998561529555073,0.9999504964051036,0.9997731311300919,0.9993467530814841,0.9846696314770087,0.9610488631627878,0.9592100362352854,0.9040003423474494,0.8435301126112782,0.9784713537481652
0.263,8.88825540900503,0.9672199099172847,0.999774940097569,0.9999545085216817,0.9999939659475943,0.9994309319040745,0.9998654014848221,0.9999562815537726,0.9998588910683636,0.9999515469100855,0.9997772310297528,0.9993570844441321,0.9848113183257701,0.9613410151033427,0.9595125169632964,0.9045468206242674,0.8442801422799215,0.9786003721630706
0.264,8.907114587544644,0.9674662850163316,0.9997789596418685,0.9999554681614333,0.9999941187723963,0.9994399618210956,0.9998679574409653,0.999957218156017,0.9998615679764137,0.9999525716617019,0.999781243237332,0.9993672179467956,0.9849512083872954,0.9616299412496342,0.9598116822255859,0.9050882450220494,0.8450239294095407,0.9787281050886787
0.265,8.925910727047354,0.9677099602428599,0.9997828941149685,0.999956404428817,0.9999942672304603,0.9994488185638091,0.9998704564129138,0.9999581316060413,0.9998641852354814,0.999953571370233,0.9997851698963864,0.999377157981524,0.9850893298411787,0.9619156869474368,0.9601075783569231,0.9056246767785812,0.845761542750039,0.9788545695855992
0.266,8.944644143058957,0.9679509731042603,0.9997867455762066,0.9999573179638644,0.9999944114598706,0.99945750597702,0.9998728998452702,0.9999590225472009,0.9998667443573125,0.9999545467242983,0.9997890130918676,0.9993869088302103,0.9852257103454458,0.9621982967772311,0.9604002509140273,0.9061561762296967,0.846493050133991,0.9789797824335306
0.267,8.963315149022765,0.9681893604834984,0.9997905160291276,0.9999582093872398,0.9999945515939435,0.9994660278091622,0.9998752891418229,0.9999598916030956,0.9998692468109476,0.999955498391579,0.9997927748518864,0.9993964746676606,0.9853603770476289,0.9624778145691728,0.9606897446907153,0.9066828028247088,0.8472185184906456,0.9791037601367786
0.268,8.98192405629712,0.9684251586511677,0.9997942074231497,0.9999590793008791,0.9999946877614051,0.9994743877149795,0.9998776256668129,0.9999607393782312,0.9998716940240475,0.9999564270195131,0.9997964571494217,0.9994058595645687,0.9854933565955766,0.9627542834177305,0.9609761037327155,0.9072046151415414,0.84793801385969,0.979226518929653
0.269,9.000471174172661,0.9686584032772803,0.9997978216551772,0.9999599282886074,0.999994820086562,0.9994825892581264,0.999879910746159,0.9999615664586579,0.9998740873841748,0.9999573332359655,0.9998000619039714,0.9994150674904012,0.9856246751480058,0.9630277456960008,0.9612593713521564,0.9077216709015724,0.8486516014047917,0.9793480747817384
0.27,9.018956809889504,0.9688891294427975,0.9998013605711606,0.999960756916733,0.999994948689466,0.999490635913688,0.9998821456686398,0.9999623734125858,0.9998764282400314,0.9999582176498746,0.9998035909831513,0.9994241023161937,0.9857543583848033,0.9632982430697077,0.961539590141739,0.9082340269841926,0.8493593454269114,0.979468443403044
0.271,9.037381268654164,0.9691173716509126,0.9998048259676062,0.9999615657346219,0.999995073686071,0.9994985310706254,0.9998843316870386,0.9999631607909774,0.9998787179026554,0.9999590808518756,0.9998070462042401,0.9994329678172623,0.9858824315170835,0.9635658165108957,0.9618168019885973,0.908741739441086,0.850061309377399,0.9795876402490402
0.272,9.055744853656389,0.9693431638380854,0.9998082195930363,0.9999623552752508,0.9999951951883844,0.9995062780341445,0.9998864700192478,0.9999639291281196,0.9998809576465766,0.9999599234149013,0.9998104293356754,0.9994416676758346,0.9860089192970074,0.9638305063113216,0.9620910480878584,0.9092448635102377,0.8507575558708695,0.9797056805255786
0.273,9.074047866085762,0.9695665393848398,0.9998115431494035,0.9999631260557411,0.9999953133046127,0.9995138800279961,0.9998885618493374,0.9999646789421747,0.999883148710935,0.9999607458947621,0.9998137420985009,0.9994502054835991,0.9861338460273708,0.9640923520955553,0.9623623689559073,0.9097434536296758,0.8514481466978687,0.9798225791937021
0.274,9.09229060514819,0.9697875311263264,0.9998147982934582,0.9999638785778737,0.9999954281393004,0.9995213401967047,0.9998906083285876,0.9999654107357119,0.999885292300561,0.999961548830705,0.9998169861677668,0.9994585847441799,0.9862572355709671,0.9643513928337939,0.9626308044433634,0.9102375634509509,0.8521331428373273,0.9799383509743474
0.275,9.110473368082191,0.970006171362659,0.9998179866380739,0.9999646133285865,0.999995539793465,0.999528661607731,0.9998926105764875,0.9999661249962196,0.9998873895870198,0.9999623327459527,0.9998201631738849,0.999466808875536,0.9863791113597302,0.964607666854398,0.9628963937477761,0.9107272458523616,0.8528126044688106,0.9800530103529421
0.276,9.128596450175056,0.9702224918690271,0.9998211097535279,0.9999653307804535,0.999995648364725,0.9995358472535699,0.9998945696817002,0.9999668221966002,0.9998894417096215,0.9999630981482246,0.9998232747039407,0.9994748812122893,0.9864994964036637,0.9648612118561555,0.9631591754260482,0.9112125529519278,0.8534865909845637,0.980166571583899
0.277,9.146660144778808,0.9704365239055934,0.9998241691687438,0.9999660313921472,0.9999957539474237,0.9995429000537851,0.9998964867029961,0.9999675027956463,0.9998914497763978,0.9999638455302381,0.9998263223029626,0.9994828050079834,0.9866184132995617,0.9651120649202805,0.9634191874065885,0.9116935361201203,0.8541551610013609,0.9802790486950113
0.278,9.164664743326066,0.9706482982271777,0.9998271663724924,0.9999667156088865,0.9999958566327483,0.9995498228569843,0.9998983626701561,0.9999681672385009,0.9998934148650463,0.9999645753701936,0.9998293074751516,0.999490583437274,0.9867358842395267,0.9653602625221535,0.9636764670012062,0.9121702459923483,0.8548183723721563,0.98039045549175
0.279,9.182610535345672,0.9708578450927354,0.999830102814555,0.9999673838628664,0.9999959565088441,0.9995566184427347,0.9999001985848438,0.9999688159571007,0.9998953380238441,0.999965288132242,0.999832231685071,0.9994982195980565,0.9868519310192904,0.9656058405428086,0.9639310509167497,0.9126427324812149,0.8554762821975441,0.9805008055614665
0.28,9.200497808478262,0.971065194274634,0.9998329799068512,0.9999680365736751,0.9999960536609246,0.9995632895234214,0.9999019954214506,0.999969449370605,0.9998972202725308,0.9999659842669356,0.9998350963587981,0.9995057165135282,0.9869665750463402,0.9658488342801739,0.9641829752664945,0.9131110447885381,0.8561289468370292,0.9806101122775019
0.281,9.21832684849159,0.9712703750677324,0.9998357990245291,0.9999686741486954,0.9999961481713763,0.9995698387460528,0.9999037541279123,0.9999700678858073,0.9998990626031637,0.9999666642116641,0.9998379028850405,0.9995130771341912,0.9870798373478609,0.966089278460071,0.9644322755812924,0.9135752314171505,0.8567764219201133,0.9807183888032095
0.282,9.236097939295774,0.9714734162982683,0.9998385615070232,0.9999692969834926,0.9999962401198609,0.9995762686940104,0.9999054756264992,0.9999706718975355,0.9999008659809443,0.9999673283910746,0.999840652616216,0.9995203043397961,0.9871917385784904,0.9663272072469806,0.9646789868204787,0.9140353401824745,0.8574187623571958,0.9808256480958842
0.283,9.253811362958356,0.9716743463325574,0.9998412686590772,0.9999699054621892,0.9999963295834127,0.9995825818887489,0.9999071608145805,0.9999712617890355,0.999902631345018,0.9999679772174777,0.9998433468694988,0.9995274009412282,0.9873022990279001,0.9665626542545771,0.9649231433825519,0.9144914182238834,0.8580560223502991,0.9809319029106107
0.284,9.271467399719223,0.9718731930855098,0.9998439217517362,0.9999704999578269,0.9999964166365322,0.9995887807914456,0.9999088105653643,0.999971837932343,0.9999043596092482,0.9999686110912392,0.9998459869278333,0.9995343696823391,0.9874115386281995,0.9667956525560398,0.9651647791156249,0.9149435120158494,0.8586882554036143,0.9810371658040266
0.285,9.28906632800539,0.9720699840289674,0.9998465220233079,0.9999710808327154,0.9999965013512764,0.999594867804602,0.9999104257286129,0.9999724006886413,0.9999060516629652,0.999969230401159,0.999848574040915,0.999541213241724,0.9875194769611727,0.967026234694146,0.9654039273276567,0.9153916673788846,0.8593155143338753,0.9811414491380029
0.286,9.30660842444564,0.9722647461998659,0.9998490706802926,0.99997164843877,0.9999965837973458,0.9996008452735983,0.999912007131336,0.9999729504086083,0.9999077083716911,0.999969835524836,0.9998511094261416,0.9995479342344482,0.98762613326535,0.9672544326911496,0.9656406207964673,0.915835929490278,0.8599378512805633,0.9812447650832475
0.287,9.324093963885007,0.9724575062082271,0.999851568898286,0.9999722031178379,0.9999966640421675,0.999606715488203,0.999913555578461,0.9999734874327497,0.9999093305778409,0.9999704268290212,0.9998535942695346,0.9995545352137226,0.9877315264429183,0.9674802780584516,0.9658748917795441,0.9162763428946344,0.8605553177159415,0.9813471256228287
0.288,9.341523219399141,0.9726482902449838,0.9998540178228527,0.9999727452020124,0.9999967421509758,0.9996124806840389,0.9999150718534816,0.9999740120917218,0.9999109191014021,0.9999710046699585,0.999856029726631,0.9995610186725314,0.9878356750664752,0.9677038018060671,0.9661067720236404,0.9167129515142167,0.861167964454928,0.981448542555625
0.289,9.358896462308516,0.9728371240896415,0.9998564185703738,0.9999732750139382,0.9999968181868891,0.9996181430440058,0.9999165567190865,0.9999745247066432,0.999912474740591,0.9999715693937143,0.999858416923349,0.9995673870452122,0.9879385973856302,0.9679250344518928,0.9663362927741745,0.9171457986590977,0.8617758416648058,0.9815490274997003
0.29,9.376213962192512,0.9730240331177831,0.9998587722288675,0.9999737928671041,0.9999968922109849,0.9996237046996632,0.9999180109177669,0.9999750255893954,0.9999139982724897,0.9999721213364952,0.9998607569568253,0.9995736427089905,0.988040311333457,0.9681440060307814,0.9665634847844328,0.917574927037126,0.8623789988747741,0.9816485918956074
0.291,9.393475986903363,0.9732090423084152,0.9998610798587851,0.9999742990661279,0.9999969642823701,0.9996291677325729,0.9999194351724054,0.9999755150429135,0.9999154904536621,0.9999726608249554,0.9998630508962275,0.999579787985471,0.988140834532801,0.9683607461034253,0.9667883783245801,0.9180003787637052,0.8629774849853437,0.981747247009621
0.292,9.410682802579958,0.9733921762511654,0.9998633424937823,0.9999747939070307,0.999997034458251,0.9996345341756023,0.9999208301868467,0.9999759933614664,0.99991695202075,0.9999731881764938,0.9998652997835413,0.9995858251420849,0.9882401843024442,0.968575283765055,0.9670110031904845,0.9184221953713972,0.8635713482775791,0.9818450039369035
0.293,9.427834673661522,0.9735734591533294,0.9998655611414669,0.999975277677502,0.9999971027939993,0.9996398060141918,0.9999221966464489,0.9999764608309287,0.9999183836910508,0.999973703699541,0.9998675046343336,0.9995917563934971,0.9883383776631334,0.9687876476539576,0.9672313887123578,0.918840417819346,0.8641606364221897,0.9819418736046015
0.294,9.44493186290117,0.9737529148467752,0.9998677367841244,0.9999757506571564,0.999997169343215,0.9996449851875842,0.999923535218618,0.9999769177290422,0.9999197861630771,0.9999742076938362,0.9998696664384917,0.9995975839029717,0.9884354313434729,0.9689978659598176,0.9674495637632186,0.9192550865025315,0.864745396488473,0.9820378667748795
0.295,9.461974631379311,0.9739305667947034,0.9998698703794204,0.9999762131177813,0.9999972341577889,0.9996500735900209,0.9999248465533263,0.9999773643256684,0.9999211601170981,0.9999747004506956,0.9998717861609409,0.9996033097837004,0.9885313617856867,0.9692059664318847,0.96766555676718,0.9196662412608525,0.8653256749531122,0.9821329940478901
0.296,9.47896323851695,0.9741064380982715,0.9998719628610826,0.9999766653235769,0.9999972972879608,0.9996550730719032,0.9999261312836135,0.9999778008830342,0.9999225062156645,0.9999751822532714,0.9998738647423386,0.999608936100092,0.9886261851512517,0.9694119763869743,0.9678793957075678,0.9200739213880452,0.8659015177088311,0.9822272658646788
0.297,9.495897942088842,0.9742805515030817,0.9998740151395619,0.9999771075313871,0.9999973587823775,0.9996599854409203,0.9999273900260724,0.9999782276559673,0.9999238251041167,0.9999756533768023,0.9998759030997496,0.9996144648690259,0.9887199173264066,0.9696159227173015,0.9680911081348706,0.9204781656404389,0.8664729700729075,0.9823206925100322
0.298,9.512778998236538,0.9744529294055372,0.9998760281026732,0.9999775399909248,0.9999974186881461,0.9996648124631462,0.9999286233813198,0.9999786448921253,0.9999251174110774,0.999976114088855,0.9998779021272987,0.9996198980610699,0.9888125739275397,0.9698178318981553,0.9683007211745297,0.9208790122455521,0.86704007679555,0.9824132841152652
0.299,9.529606661481285,0.9746235938590692,0.9998780026162177,0.9999779629449872,0.9999974770508878,0.9996695558641056,0.9999298319344521,0.9999790528322156,0.9999263837489282,0.9999765646495591,0.999879862696805,0.9996252376016639,0.9889041703064566,0.9700177299954148,0.9685082615345667,0.9212764989105341,0.8676028820681372,0.9825050506609498
0.3,9.546381184736843,0.9747925665802383,0.9998799395245861,0.9999783766296665,0.9999975339147888,0.9996742173298092,0.9999310162554871,0.9999794517102095,0.9999276247142723,0.9999770053118331,0.9998817856583961,0.9996304853722705,0.9889947215555328,0.9702156426729118,0.9687137555130583,0.9216706628304527,0.8681614295313258,0.9825960019795885
0.301,9.563102819322124,0.9749598689547118,0.9998818396513434,0.9999787812745515,0.9999975893226486,0.9996787985077604,0.9999321768997923,0.9999798417535485,0.9999288408883823,0.999977436321603,0.9998836718411053,0.9996356432114936,0.9890842425127531,0.9704115951996434,0.9689172290054578,0.9220615406964325,0.8687157622830248,0.9826861477582329
0.302,9.579771814973768,0.9751255220431215,0.9998837037997965,0.9999791771029246,0.9999976433159273,0.9996833010079342,0.9999333144084996,0.9999802231833432,0.999930032837634,0.9999778579180143,0.9998855220534485,0.9996407129161644,0.9891727477666408,0.9706056124568367,0.9691187075117694,0.9224491687036468,0.8692659228862434,0.9827754975410469
0.303,9.596388419858565,0.9752895465868036,0.9998855327535457,0.9999795643319506,0.9999976959347916,0.9996877264037277,0.9999344293089073,0.9999805962145668,0.9999312011139271,0.9999782703336367,0.9998873370839861,0.9996456962423992,0.9892602516610792,0.9707977189448722,0.9693182161435754,0.9228335825591655,0.8698119533768116,0.9828640607318198
0.304,9.612952880585775,0.9754519630134219,0.9998873272770185,0.9999799431728603,0.9999977472181579,0.9996920762328854,0.9999355221148696,0.9999809610562409,0.9999323462550931,0.9999786737946621,0.9998891177018672,0.9996505949066259,0.9893467683000282,0.970987938790064,0.9695157796309234,0.9232148174896617,0.8703538952709748,0.9829518465964252
0.305,9.62946544221932,0.9756127914424811,0.9998890881159878,0.9999803138311286,0.9999977972037348,0.9996963519983977,0.9999365933271743,0.9999813179116166,0.9999334687852904,0.9999790685210956,0.9998908646573573,0.9996554105865832,0.989432311552138,0.971176295751305,0.9697114223290741,0.9235929082489815,0.870891789572869,0.9830388642652331
0.306,9.645926348289885,0.9757720516907283,0.9998908159980762,0.9999806765066453,0.999997845928064,0.9997005551693756,0.9999376434339095,0.9999816669783482,0.9999345692153874,0.9999794547269419,0.9998925786823509,0.9996601449222919,0.9895168950552631,0.9713628132265782,0.9699051682251137,0.9239678891255766,0.8714256767818729,0.9831251227354699
0.307,9.662335840806872,0.9759297632774472,0.9998925116332437,0.9999810313938821,0.9999978934265585,0.9997046871819001,0.9999386729108177,0.9999820084486625,0.9999356480433338,0.9999798326203837,0.9998942604908685,0.999664799516999,0.9896005322208794,0.9715475142593355,0.9700970409444338,0.9243397939498055,0.8719555968998448,0.9832106308735327
0.308,9.67869416027027,0.9760859454296473,0.9998941757142621,0.9999813786820525,0.9999979397335418,0.9997087494398491,0.9999396822216404,0.9999823425095214,0.9999367057545206,0.9999802024039555,0.9998959107795389,0.9996693759380965,0.9896832362384047,0.9717304215447492,0.9702870637570814,0.9247086561011042,0.872481589438241,0.983295397417257
0.309,9.695001545682407,0.9762406170871507,0.9998958089171748,0.9999817185552684,0.9999979848822831,0.9997127433157008,0.999940671818452,0.9999826693427807,0.99993774282213,0.9999805642747115,0.9998975302280679,0.9996738757180139,0.9897650200794272,0.971911557435839,0.9704752595839828,0.92507450851503,0.8730036934251215,0.9833794309781357
0.31,9.711258234559585,0.9763937969075775,0.9998974119017436,0.9999820511926901,0.9999980289050329,0.9997166701513162,0.9999416421419827,0.9999829891253416,0.9999387597074727,0.999980918424388,0.9998991194996926,0.999678300355088,0.9898458965018432,0.9720909439494755,0.9706616510030437,0.925437383690179,0.8735219474120435,0.9834627400434987
0.311,9.727464462943612,0.9765455032712338,0.9998989853118829,0.9999823767686724,0.999998071833057,0.9997205312586985,0.9999425936219328,0.9999833020292993,0.9999397568603173,0.9999812650395605,0.999900679241622,0.9996826513144068,0.9899258780539055,0.9722686027722647,0.9708462602551272,0.9257973136949822,0.8740363894808445,0.9835453329786439
0.312,9.743620465413223,0.9766957542859023,0.9999005297760798,0.9999826954529056,0.9999981136966688,0.9997243279207337,0.9999435266772772,0.9999836082220863,0.9999407347192082,0.9999816043017967,0.999902210085466,0.9996869300286326,0.9900049770781866,0.9724445552663152,0.971029109249915,0.926154330174381,0.8745470572503173,0.9836272180289303
0.313,9.75972647509541,0.9768445677915402,0.9999020459078035,0.9999830074105522,0.9999981545252608,0.9997280613919095,0.9999444417165597,0.9999839078666097,0.9999416937117745,0.9999819363878024,0.9999037126476508,0.9996911378988006,0.9900832057154558,0.9726188224748916,0.9712102195716513,0.9265084643563855,0.875053987882779,0.9837084033218232
0.314,9.775782723676622,0.9769919613648844,0.9999035343059024,0.9999833128023794,0.9999981943473352,0.9997317328990152,0.9999453391381805,0.9999842011213863,0.9999426342550302,0.9999822614695656,0.9999051875298224,0.9996952762950975,0.990160575908476,0.9727914251279545,0.9713896124847747,0.9268597470585163,0.8755572180905348,0.9837888968689072
0.315,9.791789441413883,0.9771379523239668,0.999904995554989,0.9999836117848871,0.9999982331905327,0.9997353436418231,0.999946219330673,0.9999844881406714,0.9999435567556636,0.9999825797144934,0.9999066353192384,0.9996993465576185,0.9902370994057172,0.9729623836475931,0.9715673089394381,0.9272082086941343,0.876056784142239,0.9838687065678519
0.316,9.80774685714579,0.9772825577325414,0.999906430225815,0.999983904510432,0.9999982710816616,0.999738894793751,0.9999470826729734,0.9999847690745848,0.9999444616103205,0.9999828912855467,0.999908056589149,0.9997033499971031,0.990312787764995,0.9731317181533494,0.9717433295769213,0.9275538792786584,0.8765527218691562,0.9839478402043422
0.317,9.823655198303435,0.9774257944044256,0.9999078388756344,0.9999841911273475,0.999998308046724,0.9997423875025068,0.9999479295346829,0.9999850440692319,0.999945349205877,0.9999831963413689,0.9999094518991664,0.9997072878956528,0.9903876523570287,0.973299448467438,0.9719176947349377,0.927896788435675,0.8770450666713222,0.9840263054539714
0.318,9.839514690921188,0.9775676789077574,0.9999092220485568,0.9999844717800609,0.9999983441109428,0.9997458228907157,0.9999487602763203,0.9999853132668218,0.9999462199197051,0.9999834950364118,0.9999108217956231,0.9997111615074276,0.9904617043689272,0.9734655941198641,0.9720904244528361,0.9282369654029408,0.8775338535236076,0.9841041098840949
0.319,9.855325559647419,0.9777082275691703,0.9999105802758906,0.9999847466092052,0.9999983792987868,0.9997492020565314,0.9999495752495688,0.9999855768057807,0.9999470741199306,0.9999837875210568,0.9999121668119212,0.9997149720593252,0.9905349548076005,0.9736301743534407,0.9722615384767027,0.9285744390382806,0.8780191169816854,0.9841812609556492
0.32,9.871088027755103,0.9778474564778863,0.9999119140764764,0.9999850157517287,0.9999984136339951,0.9997525260742298,0.999950374797515,0.9999858348208623,0.9999479121656824,0.9999840739417324,0.9999134874688705,0.999718720751642,0.9906074145030992,0.9737932081287083,0.9724310562643632,0.9289092378253828,0.8785008911879054,0.9842577660249345
0.321,9.886802317152318,0.9779853814897319,0.9999132239570105,0.9999852793410012,0.999998447139601,0.9997557959947876,0.9999511592548801,0.999986087443255,0.9999487344073357,0.9999843544410282,0.9999147842750181,0.9997224087587151,0.9906790941118863,0.9739547141287587,0.9725989969902874,0.9292413898794943,0.878979209877074,0.9843336323453645
0.322,9.902468648392675,0.9781220182310759,0.9999145104123597,0.9999855375069157,0.9999984798379544,0.999759012846445,0.9999519289482454,0.9999863348006843,0.9999495411867471,0.9999846291578057,0.9999160577269666,0.9997260372295492,0.9907500041200381,0.974114710763965,0.9727653795504,0.9295709229530159,0.8794541063821454,0.9844088670691793
0.323,9.918087240685628,0.9782573821026916,0.999915773925867,0.9999857903759883,0.9999985117507444,0.9997621776352544,0.9999526841962705,0.9999865770175144,0.9999503328374832,0.9999848982273047,0.9999173083096856,0.9997296072884255,0.9908201548463804,0.9742732161766201,0.9729302225667977,0.9298978644410021,0.8799256136398215,0.9844834772491273
0.324,9.933658311906694,0.9783914882835455,0.9999170149696487,0.9999860380714546,0.9999985428990197,0.999765291345613,0.9999534253099055,0.9999868142148437,0.9999511096850429,0.9999851617812469,0.9999185364968131,0.9997331200354951,0.9908895564455592,0.9744302482454854,0.9730935443923756,0.9302222413865654,0.8803937641960646,0.9845574698401144
0.325,9.949182078607596,0.9785243517345136,0.999918234004883,0.999986280713362,0.9999985733032098,0.9997683549407829,0.999954152592597,0.9999870465105999,0.9999518720470716,0.9999854199479362,0.9999197427509479,0.9997365765473559,0.9909582189110472,0.9745858245902516,0.9732553631153649,0.9305440804861872,0.8808585902115242,0.9846308517008213
0.326,9.96465875602629,0.9786559872020265,0.9999194314820906,0.9999865184186615,0.9999986029831446,0.9997713693633965,0.9999548663404871,0.9999872740196306,0.9999526202335717,0.999985672852357,0.9999209275239349,0.9997399778776163,0.9910261520780889,0.9747399625759137,0.9734156965637835,0.9308634080949378,0.8813201234668773,0.9847036295952895
0.327,9.980088558096922,0.9787864092216464,0.9999206078414075,0.9999867513012939,0.9999986319580734,0.9997743355359489,0.9999555668426087,0.9999874968537914,0.9999533545471048,0.9999859206162667,0.9999220912571419,0.9997433250574409,0.9910933656265846,0.9748926793170624,0.9735745623098013,0.931180250231607,0.881778395368087,0.984775810194476
0.328,9.995471697459678,0.9789156321215743,0.9999217635128496,0.9999869794722759,0.9999986602466834,0.9997772543612772,0.9999562543810725,0.9999877151220317,0.999954075282989,0.9999861633582886,0.9999232343817281,0.9997466190960856,0.9911598690839155,0.9750439916820925,0.9737319776740226,0.9314946325837457,0.8822334369515779,0.9848474000777818
0.329,10.01080838547056,0.9790436700260932,0.9999228989165713,0.9999872030397816,0.9999986878671175,0.9997801267230281,0.9999569292312512,0.999987928930477,0.9999547827294906,0.9999864011939997,0.9999243573189057,0.9997498609814157,0.9912256718277108,0.9751939162973323,0.9738879597296862,0.9318065805126231,0.8826852788893313,0.9849184057345474
0.33,10.026098832211057,0.9791705368589443,0.999924014463115,0.9999874221092229,0.999998714836992,0.9997829534861118,0.9999575916619564,0.99998813838251,0.9999554771680095,0.9999866342360166,0.9999254604801938,0.9997530516804117,0.9912907830885574,0.9753424695510914,0.9740425253067868,0.932116119058098,0.883133951493901,0.9849888335655212
0.331,10.041343246497743,0.9792962463466413,0.9999251105536552,0.999987636783326,0.9999987411734123,0.9997857354971452,0.9999582419356117,0.9999883435788474,0.9999561588732603,0.9999868625940789,0.9999265442676656,0.9997561921396624,0.9913552119526553,0.9754896675976349,0.9741956909961171,0.932423272943407,0.8835794847233506,0.9850586898843031
0.332,10.056541835891785,0.9794208120217209,0.999926187580235,0.9999878471622078,0.9999987668929897,0.9997884735848835,0.9999588803084195,0.9999885446176157,0.9999568281134475,0.9999870863751296,0.9999276090741884,0.9997592832858445,0.9914189673644185,0.9756355263610799,0.9743474731532342,0.932728066579873,0.8840219081861156,0.9851279809187534
0.333,10.071694806708354,0.9795442472259335,0.9999272459259967,0.9999880533434473,0.9999987920118567,0.9997911685606399,0.999959507030525,0.9999887415944247,0.9999574851504358,0.9999873056833934,0.9999286552836569,0.9997623260261895,0.9914820581290228,0.9757800615392188,0.9744978879023514,0.9330305240715314,0.8844612511457886,0.9851967128123853
0.334,10.086802364025974,0.979666565113374,0.9999282859654052,0.999988255422157,0.999998816545682,0.9997938212186953,0.9999601223461735,0.9999889346024378,0.9999581302399155,0.9999875206204532,0.9999296832712203,0.99976532124894,0.9915444929149027,0.9759232886072706,0.9746469511401552,0.9333306692196809,0.8848975425258311,0.9852648916257227
0.335,10.101864711695761,0.9797877786535537,0.999929308064466,0.9999884534910506,0.999998840509685,0.9997964323366968,0.9999607264938639,0.9999891237324405,0.9999587636315639,0.999987731285322,0.9999306934035025,0.9997682698237922,0.9916062802561967,0.9760652228215608,0.9747946785395531,0.9336285255273543,0.885330810914213,0.9853325233376362
0.336,10.116882052350597,0.9799079006344156,0.999930312580937,0.9999886476405104,0.9999988639186498,0.9997990026760464,0.999961319706499,0.9999893090729077,0.9999593855692005,0.9999879377745162,0.9999316860388174,0.9997711726023284,0.9916674285551441,0.9762058792231331,0.9749410855533487,0.9339241162037164,0.8857610845679795,0.9853996138466555
0.337,10.131854587414223,0.9800269436652933,0.9999312998645341,0.9999888379586506,0.9999988867869387,0.9998015329822789,0.9999619022115296,0.9999894907100676,0.9999599962909397,0.9999881401821233,0.9999326615273771,0.9997740304184387,0.9917279460844336,0.9763452726412918,0.9750861874178492,0.9342174641683868,0.8861883914177486,0.9854661689722528
0.338,10.146782517110228,0.9801449201798152,0.9999322702571319,0.9999890245313802,0.9999989091285053,0.9998040239854318,0.9999624742310957,0.9999896687279647,0.9999605960293377,0.9999883385998698,0.9999336202114947,0.9997768440887306,0.9917878409895037,0.9764834176970797,0.9752299991564063,0.9345085920556904,0.8866127590721391,0.9855321944561086
0.339,10.161666040470998,0.9802618424387554,0.9999332240929585,0.9999892074424637,0.9999989309569072,0.9998064764004032,0.9999630359821639,0.99998984320852,0.9999611850115365,0.9999885331171855,0.9999345624257818,0.9997796144129287,0.9918471212907986,0.9766203288066891,0.9753725355828895,0.934797522218836,0.8870342148221301,0.9855976959633472
0.34,10.176505355346535,0.9803777225328308,0.9999341616987846,0.9999893867735796,0.999998952285318,0.9998088909273034,0.9999635876766597,0.9999900142315907,0.9999617634594024,0.9999887238212675,0.9999354884973409,0.9997823421742651,0.991905794885977,0.9767560201848111,0.9755138113050958,0.9350842767340268,0.8874527856453542,0.9856626790837563
0.341,10.19130065841325,0.9804925723854486,0.9999350833941085,0.9999895626043777,0.9999989731265396,0.9998112682517952,0.9999641295215981,0.9999901818750264,0.9999623315896617,0.9999889107971408,0.9999363987459514,0.9997850281398585,0.991963869552079,0.9768905058479207,0.9756538407280972,0.9353688774044997,0.8878684982103257,0.9857271493329779
0.342,10.206052145182625,0.980606403755401,0.9999359894913353,0.999989735012534,0.9999989934930131,0.9998136090454268,0.9999646617192077,0.9999903462147249,0.9999628896140326,0.9999890941277183,0.9999372934842519,0.9997876730610845,0.9920213529476485,0.9770237996175022,0.9757926380575241,0.9356513457644993,0.8882813788806019,0.9857911121536815
0.343,10.220760010009858,0.9807192282395127,0.9999368802959512,0.9999899040738047,0.9999990133968301,0.9998159139659561,0.9999651844670546,0.9999905073246861,0.9999634377393527,0.9999892738938575,0.9999381730179161,0.9997902776739366,0.9920782526148129,0.9771559151232145,0.9759302173027897,0.9359317030831855,0.8886914537188833,0.9858545729167135
0.344,10.235424446102362,0.980831057275239,0.9999377561066938,0.9999900698620785,0.9999990328497432,0.9998181836576668,0.9999656979581601,0.9999906652770637,0.9999639761677036,0.9999894501744174,0.9999390376458257,0.9997928426993775,0.9921345759813236,0.9772868658059981,0.9760665922802547,0.9362099703684754,0.8890987484910504,0.9859175369222285
0.345,10.250045645528257,0.9809419021432159,0.999938617215717,0.9999902324494263,0.9999990518631767,0.9998204187516759,0.9999662023811168,0.9999908201422162,0.9999645050965315,0.9999896230463123,0.9999398876602371,0.9997953688436819,0.9921903303625543,0.977416664921124,0.9762017766163341,0.9364861683708224,0.8895032886701385,0.9859800094007949
0.346,10.26462379922473,0.9810517739697648,0.9999394639087522,0.9999903919061515,0.9999990704482362,0.9998226198662343,0.9999666979202004,0.9999909719887555,0.9999650247187649,0.9999897925845648,0.9999407233469444,0.9997978567987711,0.9922455229634611,0.9775453255411877,0.9763357837505459,0.9367603175869327,0.8899050994402529,0.9860419955144857
0.347,10.27915909700637,0.9811606837293516,0.9999402964652648,0.9999905483008366,0.9999990886157185,0.9998247876070199,0.9999671847554797,0.9999911208835948,0.9999655352229291,0.9999899588623563,0.9999415449854374,0.9998003072425383,0.9923001608805028,0.9776728605590472,0.9764686269385058,0.9370324382634196,0.8903042057004241,0.9861035003579474
0.348,10.293651727573383,0.9812686422470003,0.9999411151586065,0.9999907017003898,0.9999991063761208,0.9998269225674221,0.9999676630629218,0.9999912668919948,0.9999660367932568,0.9999901219510773,0.9999423528490564,0.9998027208391667,0.9923542511035244,0.9777992826907083,0.9766003192548657,0.9373025504003998,0.8907006320684057,0.9861645289594467
0.349,10.308101878519786,0.981375660200664,0.9999419202561635,0.9999908521700904,0.9999991237396497,0.999829025328821,0.9999681330144964,0.9999914100776083,0.9999665296097967,0.9999902819203753,0.9999431472051417,0.9998050982394391,0.9924078005176041,0.9779246044781551,0.9767308735961998,0.9375706737550276,0.8910944028844132,0.9862250862819045
0.35,10.322509736341464,0.9814817481235527,0.9999427120195009,0.9999909997736314,0.9999991407162303,0.9998310964608582,0.999968594778275,0.999991550502524,0.9999670138485182,0.9999904388382015,0.9999439283151799,0.9998074400810396,0.9924608159048627,0.978048838292132,0.9768603026838376,0.9378368278449736,0.891485542214808,0.9862851772239055
0.351,10.33687548644423,0.9815869164064189,0.9999434907045038,0.9999911445731624,0.9999991573155141,0.9998331365217014,0.99996904851853,0.9999916882273083,0.9999674896814136,0.9999905927708562,0.9999446964349457,0.9998097469888488,0.9925133039462393,0.978171996334872,0.9769886190666457,0.9381010319518458,0.8918740738557245,0.9863448066206931
0.352,10.35119931315175,0.9816911752998027,0.9999442565615135,0.9999912866293308,0.9999991735468879,0.9998351460583027,0.9999694943958283,0.9999918233110471,0.9999679572765976,0.9999907437830332,0.9999454518146408,0.9998120195752306,0.9925652712232309,0.9782940906427774,0.9771158351237594,0.938363305124554,0.8922600213366442,0.9864039792451448
0.353,10.365481399713454,0.9817945349162358,0.9999450098354611,0.9999914260013216,0.9999991894194811,0.9998371256066498,0.9999699325671247,0.9999919558113843,0.9999684167984043,0.9999908919378622,0.9999461946990279,0.9998142584403124,0.9926167242195999,0.9784151330890515,0.9772419630672651,0.9386236661826202,0.8926434079239135,0.9864626998087297
0.354,10.379721928312318,0.9818970052324075,0.9999457507659966,0.9999915627468957,0.9999992049421734,0.9998390756920121,0.9999703631858514,0.9999920857845619,0.9999688684074808,0.9999910372969504,0.9999469253275624,0.9998164641722582,0.9926676693230472,0.978535135386282,0.9773670149448339,0.9388821337194351,0.8930242566242126,0.9865209729624531
0.355,10.39392108007264,0.9819985960912903,0.9999464795876163,0.9999916969224283,0.9999992201236027,0.9998409968291794,0.9999707864020052,0.9999922132854561,0.9999693122608787,0.9999911799204233,0.9999476439345197,0.9998186373475357,0.9927181128268532,0.9786541090889787,0.9774910026423086,0.939138726105461,0.8934025901879676,0.9865788032977776
0.356,10.408079035067697,0.9820993172042289,0.9999471965297849,0.9999918285829448,0.9999992349721717,0.9998428895226955,0.9999712023622331,0.9999923383676149,0.9999697485121433,0.9999913198669631,0.9999483507491198,0.9998207785311757,0.992768060931488,0.9787720655960653,0.9776139378862437,0.939393461491384,0.8937784311127168,0.9866361953475336
0.357,10.422195972327378,0.9821991781529915,0.9999479018170556,0.9999919577821565,0.9999992494960557,0.9998447542670863,0.9999716112099146,0.9999924610832929,0.9999701773114003,0.9999914571938479,0.9999490459956477,0.9998228882770256,0.9928175197461891,0.9788890161533262,0.9777358322464003,0.9396463578112139,0.8941518016464218,0.9866931535868104
0.358,10.436272069845709,0.982298188391785,0.9999485956691869,0.9999920845724954,0.9999992637032081,0.9998465915470816,0.9999720130852424,0.9999925814834851,0.9999705988054398,0.9999915919569872,0.9999497298935721,0.9998249671279974,0.9928664952905106,0.9790049718558097,0.9778566971381959,0.939897432785335,0.8945227237907335,0.9867496824338343
0.359,10.45030750458835,0.9823963572492342,0.9999492783012559,0.9999922090051474,0.9999992776013682,0.9998484018378321,0.9999724081253009,0.9999926996179617,0.9999710131377986,0.9999917242109594,0.9999504026576596,0.9998270156163087,0.9929149934958408,0.9791199436501877,0.977976543825112,0.940146703923507,0.8948912193042058,0.9868057862508273
0.36,10.464302452499998,0.9824936939303264,0.9999499499237693,0.9999923311300847,0.9999992911980664,0.9998501856051206,0.999972796464142,0.9999928155352987,0.9999714204488395,0.9999918540090453,0.9999510644980865,0.9998290342637184,0.9929630202068922,0.9792339423370746,0.9780953834210566,0.9403941885278188,0.8952573097054644,0.986861469344855
0.361,10.478257088511763,0.9825902075183215,0.999950610742771,0.9999924509960977,0.9999993045006312,0.999851943305569,0.9999731782328601,0.999992929282911,0.9999718208758296,0.9999919814032632,0.9999517156205479,0.9998310235817561,0.9930105811831631,0.9793469785733031,0.9782132268926873,0.9406399036955932,0.8956210162763268,0.9869167359686565
0.362,10.492171586548418,0.9826859069766286,0.9999512609599474,0.9999925686508258,0.9999993175161946,0.9998536753868384,0.9999735535596633,0.9999930409070816,0.9999722145530153,0.9999921064444007,0.9999523562263635,0.9998329840719468,0.9930576821003698,0.9794590628741611,0.9783300850616914,0.9408838663222469,0.8959823600648781,0.986971590321462
0.363,10.506046119535664,0.9827808011506495,0.9999519007727291,0.9999926841407869,0.9999993302516981,0.9998553822878269,0.9999739225699448,0.9999931504529922,0.9999726016116964,0.9999922291820478,0.9999529865125812,0.9998349162260293,0.9931043285518538,0.9795702056155882,0.9784459686070266,0.941126093104103,0.8963413618884973,0.9870260365497947
0.364,10.519880859407264,0.9828748987695902,0.9999525303743915,0.9999927975114069,0.9999993427138976,0.9998570644388602,0.9999742853863502,0.9999932579647517,0.9999729821802972,0.9999923496646269,0.9999536066720774,0.9998368205261703,0.9931505260499601,0.9796804170363336,0.9785608880671218,0.9413666005411605,0.8966980423368448,0.9870800787482589
0.365,10.533675977112173,0.982968208448241,0.9999531499541509,0.9999929088070475,0.99999935490937,0.9998587222618796,0.9999746421288452,0.9999933634854241,0.9999733563844364,0.999992467939424,0.999954216893655,0.9998386974451721,0.9931962800273917,0.9797897072400753,0.9786748538420402,0.9416054049398175,0.8970524217747998,0.987133720960315
0.366,10.547431642621543,0.9830607386887241,0.9999537596972602,0.9999930180710337,0.9999993668445173,0.9998603561706236,0.9999749929147794,0.9999934670570557,0.999973724346995,0.9999925840526175,0.9999548173621393,0.9998405474466764,0.9932415958385362,0.9798980861975036,0.9787878761956027,0.9418425224155537,0.8974045203453593,0.9871869671790416
0.367,10.561148024935745,0.983152497882213,0.9999543597851,0.9999931253456806,0.9999993785255722,0.9998619665708072,0.9999753378589503,0.9999935687207021,0.9999740861881826,0.9999926980493067,0.9999554082584705,0.9998423709853629,0.9932864787607696,0.9800055637483658,0.9788999652574757,0.9420779688955674,0.8977543579724913,0.9872398213478826
0.368,10.574825292091253,0.9832434943106205,0.9999549503952698,0.9999932306723192,0.9999993899586025,0.9998635538602948,0.9999756770736642,0.999993668516453,0.9999744420256009,0.99999280997354,0.9999559897597946,0.9998441685071429,0.993330933995734,0.9801121496034764,0.9790111310252216,0.9423117601213741,0.898101954363948,0.9872922873613826
0.369,10.588463611167537,0.9833337361482574,0.9999555317016741,0.9999933340913213,0.9999994011495167,0.999865118429271,0.9999760106687964,0.9999937664834577,0.9999747919743074,0.9999929198683414,0.9999565620395519,0.9998459404493483,0.9933749666705919,0.9802178533466923,0.9791213833663142,0.9425439116513602,0.8984473290140369,0.9873443690659104
0.37,10.602063148293839,0.9834232314634638,0.9999561038746086,0.9999934356421246,0.9999994121040676,0.9998666606604052,0.9999763387518491,0.9999938626599497,0.9999751361468753,0.999993027775737,0.999957125267563,0.9998476872409168,0.9934185818392576,0.9803226844368524,0.9792307320201177,0.9427744388633005,0.8987905012063516,0.9873960702603688
0.371,10.61562406865594,0.9835119882202108,0.9999566670808436,0.9999935353632561,0.9999994228278574,0.9998681809290144,0.9999766614280086,0.9999939570832693,0.999975474653454,0.99999313373678,0.9999576796101123,0.9998494093025717,0.9934617844836042,0.9804266522096846,0.9793391865998331,0.9430033569568325,0.8991314900164629,0.9874473946968926
0.372,10.629146536502834,0.9836000142796755,0.9999572214837046,0.999993633292355,0.9999994333263418,0.9998696796032208,0.9999769788002,0.9999940497898877,0.9999758076018259,0.9999932377915765,0.9999582252300304,0.999851107046998,0.9935045795146499,0.9805297658796789,0.9794467565944099,0.9432306809558939,0.8994703143145705,0.9874983460815352
0.373,10.642630715153375,0.9836873174017888,0.9999577672431514,0.9999937294661957,0.9999994436048342,0.9998711570441058,0.9999772909691415,0.9999941408154283,0.9999761350974634,0.9999933399793082,0.9999587622867735,0.9998527808790144,0.9935469717737208,0.9806320345419278,0.9795534513704247,0.943456425711122,0.899806992768116,0.9875489280749437
0.374,10.656076767002826,0.9837739052467565,0.9999583045158553,0.9999938239207093,0.9999994536685095,0.9998726136058605,0.9999775980333965,0.9999942301946888,0.9999764572435834,0.9999934403382572,0.9999592909365006,0.9998544311957409,0.9935889660335924,0.980733467173936,0.9796592801739273,0.9436806059022137,0.9001415438443587,0.9875991442930198
0.375,10.669484853529411,0.9838597853765539,0.9999588334552744,0.9999939166910053,0.9999994635224085,0.9998740496359337,0.9999779000894251,0.9999943179616624,0.9999767741412009,0.9999935389058277,0.9999598113321502,0.9998560583867631,0.9936305669996108,0.9808340726373973,0.9797642521322559,0.9439032360402505,0.9004739858129123,0.9876489983075751
0.376,10.682855135300752,0.9839449652563969,0.999959354211726,0.9999940078113917,0.9999994731714416,0.999875465475174,0.9999781972316333,0.9999944041495581,0.9999770858891809,0.9999936357185686,0.9999603236235132,0.9998576628342914,0.9936717793107928,0.9809338596799424,0.9798683762558204,0.9441243304699868,0.9008043367482472,0.9876984936469694
0.377,10.696187771980293,0.9840294522561843,0.9999598669324594,0.9999940973153955,0.9999994826203918,0.9998768614579712,0.9999784895524214,0.9999944887908203,0.9999773925842893,0.9999937308121951,0.9999608279573052,0.9998592449133182,0.9937126075409042,0.9810328369368547,0.9799716614398545,0.9443439033721017,0.9011326145321549,0.987747633796741
0.378,10.709482922333644,0.98411325365192,0.9999603717617244,0.9999941852357823,0.9999994918739193,0.9998782379123924,0.999978777142232,0.9999945719171489,0.999977694321242,0.9999938242216098,0.9999613244772371,0.9998608049917698,0.993753056199521,0.9811310129327593,0.9800741164661397,0.9445619687654172,0.9014588368561771,0.987796422200228
0.379,10.72274074423491,0.9841963766271077,0.9999608688408395,0.9999942716045753,0.9999995009365644,0.9998795951603164,0.999979060089595,0.9999946535595174,0.9999779911927533,0.9999939159809221,0.9999618133240823,0.9998623434306555,0.9937931297330693,0.9812283960832802,0.980175750004698,0.9447785405090808,0.901783021224001,0.9878448622591758
0.38,10.735961394672897,0.9842788282741233,0.999961358308258,0.9999943564530736,0.9999995098127505,0.9998809335175638,0.999979338481173,0.9999947337481917,0.9999782832895827,0.9999940061234694,0.9999622946357448,0.9998638605842138,0.9938328325258463,0.9813249946966713,0.9802765706154571,0.9449936323047153,0.9021051849538183,0.9878929573343364
0.381,10.74914502975735,0.9843606155955642,0.9999618402996332,0.9999944398118704,0.9999995185067885,0.9998822532940247,0.9999796124018049,0.9999948125127475,0.9999785707005805,0.9999940946818358,0.9999627685473234,0.9998653568000538,0.9938721689010229,0.9814208169754185,0.9803765867498858,0.9452072576985344,0.9024253451806513,0.9879407107460568
0.382,10.76229180472507,0.9844417455055756,0.9999623149478806,0.9999945217108706,0.9999995270228786,0.9998835547937834,0.999979881934548,0.9999948898820881,0.9999788535127322,0.9999941816878699,0.9999632351911749,0.9998668324192947,0.9939111431216284,0.9815158710178148,0.9804758067526034,0.9454194300834271,0.9027435188586466,0.98798812577486
0.383,10.775401873946022,0.9845222248311546,0.9999627823832395,0.9999946021793078,0.9999995353651145,0.99988483831524,0.99998014716072,0.9999949658844606,0.9999791318112022,0.9999942671727049,0.9999636946969769,0.9998682877767012,0.9939497593915165,0.981610164819509,0.9805742388629609,0.9456301627010082,0.9030597227633334,0.9880352056620119
0.384,10.788475390929367,0.9846020603134318,0.9999632427333335,0.9999946812457609,0.9999995435374857,0.9998861041512292,0.999980408159939,0.9999950405474732,0.999979405679376,0.9999943511667749,0.999964147191787,0.9998697232008161,0.9939880218563146,0.9817037062750272,0.9806718912165951,0.9458394686436391,0.9033739734938527,0.9880819536100834
0.385,10.801512508329466,0.9846812586089324,0.9999636961232278,0.9999947589381698,0.9999995515438803,0.9998873525891367,0.9999806650101634,0.9999951138981101,0.9999796751989011,0.9999944336998327,0.9999645928001023,0.9998711390140897,0.994025934604355,0.9817965031792698,0.9807687718469579,0.9460473608564164,0.9036862874751519,0.9881283727835004
0.386,10.814513377951807,0.984759826290816,0.9999641426754873,0.9999948352838522,0.9999995593880886,0.9998885839110127,0.9999809177877292,0.9999951859627477,0.9999799404497272,0.9999945148009665,0.9999650316439167,0.9998725355330068,0.9940635016675895,0.981888563228982,0.980864888686818,0.9462538521391312,0.90399668096015,0.9881744663090853
0.387,10.827478150758909,0.9848377698500946,0.9999645825102317,0.9999949103095178,0.999999567073805,0.9998897983936822,0.9999811665673888,0.9999952567671697,0.9999802015101459,0.9999945944986163,0.9999654638427768,0.9998739130682097,0.9941007270224885,0.9819798940242004,0.980960249569739,0.9464589551481968,0.9043051700318707,0.9882202372765899
0.388,10.840406976876153,0.9849150956968318,0.9999650157451898,0.9999949840412836,0.9999995746046307,0.9998909963088541,0.9999814114223463,0.9999953263365812,0.9999804584568283,0.9999946728205901,0.9999658895138364,0.9998752719246194,0.9941376145909226,0.9820705030696751,0.9810548622315323,0.9466626823985489,0.904611770605547,0.9882656887392199
0.389,10.853300005597601,0.9849918101613211,0.9999654424957525,0.9999950565046887,0.9999995819840769,0.9998921779232268,0.9999816524242935,0.9999953946956235,0.999980711364862,0.9999947497940788,0.9999663087719095,0.9998766124015537,0.9941741682410287,0.9821603977762675,0.9811487343116846,0.9468650462655159,0.9049164984306933,0.9883108237141499
0.39,10.866157385391706,0.9850679194952452,0.9999658628750242,0.9999951277247077,0.9999995892155665,0.9998933434985913,0.9999818896434447,0.9999954618683881,0.999980960307788,0.9999948254456716,0.9999667217295231,0.9998779347928421,0.9942103917880609,0.9822495854623252,0.9812418733547636,0.9470660589866609,0.9052193690931514,0.9883556451830301
0.391,10.878979263907041,0.9851434298728158,0.9999662769938736,0.9999951977257652,0.9999995963024372,0.9998944932919325,0.99998212314857,0.9999955278784296,0.9999812053576358,0.9999948998013711,0.9999671284969668,0.9998792393869395,0.9942462889952259,0.9823380733550335,0.9813342868117987,0.9472657326635954,0.9055203980171039,0.9884001560924863
0.392,10.89176578797794,0.9852183473918944,0.9999666849609827,0.9999952665317485,0.999999603247943,0.9998956275555282,0.9999823530070291,0.9999955927487795,0.9999814465849575,0.9999949728866065,0.9999675291823431,0.9998805264670347,0.9942818635745038,0.9824258685917453,0.9814259820416391,0.9474640792637673,0.9058196004670638,0.9884443593546091
0.393,10.904517103630106,0.985292678075095,0.9999670868828946,0.9999953341660212,0.9999996100552575,0.9998967465370455,0.999982579284802,0.9999956565019588,0.9999816840588619,0.9999950447262488,0.9999679238916153,0.9998817963111603,0.9943171191874536,0.9825129782212868,0.9815169663122897,0.9476611106222192,0.9061169915498308,0.9884882578474369
0.394,10.91723335608616,0.9853664278708689,0.9999674828640603,0.9999954006514353,0.999999616727475,0.999897850479635,0.9999828020465218,0.9999957191599901,0.9999819178470468,0.9999951153446232,0.9999683127286546,0.9998830491922959,0.9943520594460052,0.9825994092052445,0.981607246802225,0.947856838443323,0.906412586216425,0.9885318544154315
0.395,10.929914689771168,0.9854396026545704,0.9999678730068852,0.999995466010344,0.9999996232676136,0.9998989396220234,0.9999830213555041,0.9999957807444105,0.9999821480158315,0.9999951847655231,0.9999686957952861,0.9998842853784724,0.9943866879132367,0.9826851684192278,0.9816968306016808,0.9480512743024861,0.9067063992639897,0.9885751518699447
0.396,10.942561248318098,0.9855122082295068,0.9999682574117724,0.9999955302646133,0.9999996296786167,0.9999000141986029,0.9999832372737776,0.9999958412762828,0.9999823746301876,0.9999952530122224,0.9999690731913337,0.9998855051328718,0.994421008104138,0.9827702626541133,0.9817857247139246,0.9482444296478338,0.9069984453376703,0.9886181529896774
0.397,10.955173174573256,0.9855842503279699,0.9999686361771674,0.9999955934356343,0.999999635963355,0.9999010744395205,0.9999834498621124,0.9999959007762071,0.9999825977537691,0.9999953201074885,0.9999694450146634,0.9998867087139259,0.9944550234863616,0.9828546986172664,0.9818739360565057,0.9484363158018649,0.9072887389324649,0.9886608605211332
0.398,10.96775061060164,0.9856557346122511,0.9999690093995999,0.9999956555443337,0.9999996421246289,0.9999021205707629,0.999983659180049,0.9999959592643323,0.9999828174489427,0.9999953860735941,0.9999698113612269,0.9998878963754123,0.9944887374809589,0.9829384829337448,0.9819614714624848,0.9486269439630841,0.9075772943950507,0.9887032771790624
0.399,10.980293697692309,0.9857266666756401,0.9999693771737256,0.9999957166111858,0.9999996481651698,0.9999031528142417,0.9999838652859253,0.9999960167603665,0.9999830337768164,0.9999954509323288,0.9999701723251024,0.9998890683665482,0.9945221534631047,0.9830216221474803,0.982048337681642,0.9488163252076091,0.9078641259255832,0.9887454056468992
0.4,10.992802576363635,0.9857970520434072,0.9999697395923666,0.9999957766562227,0.9999996540876428,0.9999041713878752,0.999984068236904,0.9999960732835882,0.9999832467972675,0.9999955147050115,0.9999705279985358,0.9998902249320827,0.9945552747628086,0.9831041227224429,0.9821345413816674,0.9490044704907534,0.9081492475794721,0.9887872485771945
