Beta,R_0,R1,R2,R3,R4,R5,R6,R7,R8,R9,R10,R11,R12,R13,R14,R15,R16,R_all
0.0,0.0,0.0,0.0,0.0,0.0,0.0,0.0,0.0,0.0,0.0,0.0,0.0,0.0,0.0,0.0,0.0,0.0,0.0
0.001,0.06808228085742772,0.0,0.0,0.0,0.0,0.0,0.0,0.0,0.0,0.0,0.0,0.0,0.0,0.0,0.0,0.0,0.0,0.0
0.002,0.13575850437375747,0.0,0.0,0.0,0.0,0.0,0.0,0.0,0.0,0.0,0.0,0.0,0.0,0.0,0.0,0.0,0.0,0.0
0.003,0.20303229246778987,0.0,0.0,0.0,0.0,0.0,0.0,0.0,0.0,0.0,0.0,0.0,0.0,0.0,0.0,0.0,0.0,0.0
0.004,0.269907224110672,4.440892098500626e-16,1.7763568394002505e-15,2.55351295663786e-15,2.220446049250313e-15,5.551115123125783e-16,3.3306690738754696e-16,4.440892098500626e-16,4.440892098500626e-16,3.3306690738754696e-16,3.3306690738754696e-16,3.3306690738754696e-16,3.3306690738754696e-16,2.220446049250313e-16,2.220446049250313e-16,2.220446049250313e-16,0.0,9.223573173000357e-16
0.005,0.33638683596059116,0.0,0.0,0.0,0.0,0.0,0.0,0.0,0.0,0.0,0.0,0.0,0.0,0.0,0.0,0.0,0.0,0.0
0.006,0.4024746229862476,0.0,0.0,0.0,0.0,0.0,0.0,0.0,0.0,0.0,0.0,0.0,0.0,0.0,0.0,0.0,0.0,0.0
0.007,0.468174039079334,0.0,0.0,0.0,0.0,0.0,0.0,0.0,0.0,0.0,0.0,0.0,0.0,0.0,0.0,0.0,0.0,0.0
0.008,0.53348849765625,0.0,0.0,0.0,0.0,0.0,0.0,0.0,0.0,0.0,0.0,0.0,0.0,0.0,0.0,0.0,0.0,0.0
0.009,0.5984213722492696,2.220446049250313e-16,5.551115123125783e-16,2.1094237467877974e-15,2.1094237467877974e-15,4.440892098500626e-16,2.220446049250313e-16,2.220446049250313e-16,2.220446049250313e-16,2.220446049250313e-16,2.220446049250313e-16,2.220446049250313e-16,2.220446049250313e-16,1.1102230246251565e-16,1.1102230246251565e-16,1.1102230246251565e-16,0.0,6.428694946141474e-16
0.01,0.6629759970873786,0.0,0.0,0.0,0.0,0.0,0.0,0.0,0.0,0.0,0.0,0.0,0.0,0.0,0.0,0.0,0.0,0.0
0.011,0.7271556676669894,0.0,0.0,0.0,0.0,0.0,0.0,0.0,0.0,0.0,0.0,0.0,0.0,0.0,0.0,0.0,0.0,0.0
0.012,0.7909636413127413,2.55351295663786e-15,5.440092820663267e-15,1.021405182655144e-14,1.0103029524088925e-14,3.885780586188048e-15,2.6645352591003757e-15,2.6645352591003757e-15,2.55351295663786e-15,2.4424906541753444e-15,2.3314683517128287e-15,2.1094237467877974e-15,1.9984014443252818e-15,1.3322676295501878e-15,5.551115123125783e-16,4.440892098500626e-16,4.440892098500626e-16,4.3259517960730635e-15
0.013,0.8544031377285851,7.216449660063518e-15,1.4876988529977098e-14,2.353672812205332e-14,2.1094237467877974e-14,8.992806499463768e-15,6.772360450213455e-15,6.994405055138486e-15,6.772360450213455e-15,6.5503158452884236e-15,5.551115123125783e-15,5.329070518200751e-15,5.10702591327572e-15,3.219646771412954e-15,1.9984014443252818e-15,1.7763568394002505e-15,1.3322676295501878e-15,1.0442540338688348e-14
0.014,0.9174773395393474,4.551914400963142e-15,9.43689570931383e-15,1.5432100042289676e-14,1.4876988529977098e-14,5.218048215738236e-15,4.107825191113079e-15,4.3298697960381105e-15,4.551914400963142e-15,4.218847493575595e-15,3.219646771412954e-15,3.1086244689504383e-15,3.219646771412954e-15,1.6653345369377348e-15,1.4432899320127035e-15,8.881784197001252e-16,6.661338147750939e-16,6.73038252592155e-15
0.015,0.9801893928229664,2.693811840259741e-11,5.998412877517012e-11,1.0304834763275039e-10,9.37351307683798e-11,3.543410009854142e-11,2.555144984484059e-11,2.660793807507389e-11,2.666356024860761e-11,2.5922708424275243e-11,2.1856849663492994e-11,2.094580064948559e-11,1.9365065107024293e-11,1.2355116929541055e-11,9.06574815218164e-12,7.046696559598331e-12,5.750733222953386e-12,4.302625627079421e-11
0.016,1.0425424076335876,0.02828751794933193,0.06121051651433618,0.10064425746960004,0.09237735486796805,0.036696078795644516,0.026894397669536274,0.027899369733162316,0.027872876934524782,0.02701944340669249,0.022836858845764474,0.021962200509534235,0.020360380712708515,0.013038721382246377,0.009516236763948971,0.007379834404763752,0.006018361214767065,0.04357961229990978
0.017,1.1045394585156993,0.0700375504480979,0.14549237536264492,0.2260396896354696,0.20980371880111204,0.08918565114309718,0.06682287440617318,0.06896919921909495,0.06863484223210337,0.06629130784579429,0.05623287019978984,0.05433808039594623,0.05055267392286078,0.03255623671913854,0.02359620763386716,0.018246135094519556,0.014869377314480459,0.10290514013571256
0.018,1.1661835850094875,0.11173789328799633,0.22318794986836332,0.33020590962210694,0.309355876035293,0.13994853407728192,0.10699330879520375,0.10993147446709717,0.10903608655766939,0.10500226419680947,0.08939910690314834,0.08676239130995511,0.0809628057077777,0.052440578215401934,0.037782392658341046,0.029147510160280277,0.023743068773391385,0.15748677787834728
0.019,1.2274777921475875,0.1529563775950008,0.2942814446153632,0.4173862857423519,0.3941249438938822,0.188763923857435,0.14699051533147967,0.15041909592472003,0.1487783817419347,0.14293804485836115,0.12215246314117068,0.11901525865940754,0.11135027963180011,0.07254470733285245,0.052003847153356486,0.04004463475414499,0.03261360905519872,0.2078492077253551
0.02,1.288425050943396,0.19333581774888753,0.3589630454338215,0.49084465178207415,0.4666204330285708,0.23546765849200646,0.1864537552346619,0.19011978800591323,0.18761001834359192,0.17991678901557173,0.1543312923218283,0.15089880374972953,0.14150201171213794,0.09273429490051532,0.06619640709780206,0.050901452106590916,0.041456499974244054,0.2544142181938255
0.021,1.3490282988711195,0.2325955235817848,0.4175648288001548,0.5531243327617542,0.5288810038459335,0.2799495639936631,0.22508267215088262,0.22878044344006687,0.22532908707129917,0.21579238221844577,0.18579901127892262,0.18224224478948525,0.17123637180528473,0.11289078497124172,0.08030438337775725,0.06168636408186834,0.05024966384212026,0.2975328845268316
0.022,1.409290440337711,0.2705262493492091,0.470503779319713,0.6062282490954884,0.582568038741015,0.32214905529172255,0.26263790725682334,0.2662058482916002,0.26178213118078,0.25045419165079463,0.21644521339576406,0.212903912099222,0.2004039616476423,0.13291250685963685,0.09428094152395616,0.07237259439486776,0.0589739189204016,0.3375061684819325
0.023,1.4692143471468662,0.30698179553196603,0.5182374554476922,0.6517481158546183,0.6290411281625952,0.3620490563005251,0.29893783817654385,0.30225399255555796,0.2968600320493975,0.2838245502244001,0.24618493049995382,0.2427709728493963,0.22888624077095132,0.15271448674805543,0.10808774904031637,0.0829380864383572,0.06761308590368464,0.3745981420682788
0.024,1.5288028589552238,0.34186934130820357,0.561232404573963,0.690959147889598,0.6694179296902527,0.3996689410698967,0.33385287128806496,0.3368295802213397,0.33049246892657047,0.3158549964963493,0.2749566715427001,0.27175761303913726,0.25659285920464703,0.17222744610090035,0.12169424397636874,0.09336515402452117,0.076153879327718,0.40904452214286313
0.025,1.5880587837209301,0.3751397731174967,0.5999432718972204,0.7248905858874359,0.70462140791545,0.4350572433760529,0.3672984811150495,0.3698768624344635,0.3626418720608404,0.34652198289705904,0.30271976366642506,0.29980230042810574,0.2834583265089269,0.1913963389839406,0.13507673655796149,0.10364001531723,0.08458568004065747,0.44105823390648874
0.026,1.6469848981447124,0.4067787236843189,0.6348000568377641,0.7543788698761653,0.7354171483508604,0.46828471635921276,0.3992278921574668,0.4013725336236498,0.39329746664876175,0.37582253207459915,0.32945139778020516,0.32686460985145305,0.3094384588191341,0.21017867675559443,0.14821746965559845,0.11375228764309209,0.0929002497030843,0.4708331064771955
0.027,1.7055839481036075,0.4367986730701183,0.6662011980704612,0.7801081437480537,0.7624429327843264,0.4994381121692567,0.42962501153834176,0.43131913964602775,0.42246976603187514,0.4037701424786285,0.35514366271108133,0.35292195637716983,0.33450689687350854,0.22854280951951356,0.16110371113172095,0.12369448901378433,0.10109142614307187,0.4985464080631842
0.028,1.7638586490774908,0.465232232266204,0.6945106266913768,0.8026413864246316,0.7862322860301366,0.5286148643365614,0.4584979796892821,0.45973923496557,0.4501857005785862,0.4303911115232405,0.3798007511635916,0.37796646453662563,0.3586518738826192,0.2464662736028863,0.17372691804360096,0.13346157230595668,0.10915482380448616,0.5243606702428039
0.029,1.8218116865685372,0.49212659014404947,0.7200573967595909,0.8224445318368464,0.8072333120285149,0.5559187163995545,0.48587352257738337,0.4866703791160243,0.47648445061639255,0.4557213505371577,0.40343644155614344,0.4020021086977562,0.38187332814344366,0.26393426954412935,0.18608199165796524,0.14305050534017227,0.1170875536117717,0.5484250820040177
0.03,1.8794457165137615,0.5175390272570118,0.7431369012261798,0.8399052951161274,0.8258238322126876,0.5814562500471196,0.511792160679063,0.5121609678233279,0.5014139758634263,0.47980370301771025,0.4260719021758692,0.42504219084982275,0.4041803967569777,0.28093830293068034,0.19816662896919912,0.1524599019700299,0.12488796980364325,0.5708766245328334
0.031,1.9367633656907595,0.5415333639454807,0.7640129906877614,0.8553479681928743,0.8423236065849229,0.6053342159055922,0.5363042481128297,0.5362668383533182,0.5250281893640869,0.5026857392783677,0.44773382520697924,0.44710717479326934,0.4255892886018151,0.29747499847706305,0.20998076833323143,0.16168970422053963,0.13255544675679776,0.5918410477205525
0.032,1.9937672321167887,0.564177200180678,0.7829205400867896,0.8690451231614132,0.8570042417347634,0.6276575489101304,0.5594667689242436,0.5590485605332827,0.5473847017094072,0.5244179797999584,0.46845287413689274,0.46822286573071015,0.4461215118775701,0.3135450836700795,0.22152612225399892,0.17074091252865187,0.1400901859128505,0.6114337457321716
0.033,2.0504598854413105,0.5855398098432357,0.8000681701083788,0.8812269265692816,0.8700972562221957,0.6485279477588773,0.5813407959228559,0.5805693151625985,0.5685430538251904,0.5450524908644419,0.48826241487876465,0.4884189071119589,0.4658024196457078,0.32915253005842016,0.23280578812153763,0.1796153595650657,0.14749305117631983,0.6297605626361897
0.034,2.1068438673321235,0.6056905653975833,0.8156409416664805,0.8920885956999913,0.8818006716022824,0.6680429063348792,0.6019895120140342,0.6008932631021694,0.5885633581650003,0.5646417949874705,0.5071974952441725,0.5077275583923944,0.484660032256503,0.344303836085878,0.24382392696984523,0.18831552247207584,0.15476543021407196,0.6469185438157473
0.035,2.162921691855204,0.6246977855126505,0.8298029172036399,0.9017964008509509,0.8922844188950754,0.6862950986481575,0.6214766981327047,0.6200843161791225,0.6075052747164941,0.5832380420730721,0.5252940364676144,0.5261827150093358,0.502724095618307,0.35900743388954215,0.25458550051256634,0.19684436829166585,0.16190911868845292,0.6629966404821704
0.036,2.218695845848375,0.6426279152670731,0.8426995322131682,0.9104925230133465,0.901694789632236,0.703372034238031,0.6398656011288951,0.6382052317951177,0.6254272571191439,0.6008923928940499,0.5425882023631766,0.5438191330643345,0.5200253369770049,0.37327320268774555,0.265096057421788,0.20520522763950955,0.16892622439998817,0.6780763703507098
0.037,2.274168789288929,0.6595449645984486,0.8544597523462879,0.9182990054140052,0.9101581134236782,0.7193559159976428,0.6572181063110807,0.6553169646738366,0.6423860137056449,0.6176545730366859,0.5591159150360423,0.5606718243175329,0.5365948839011181,0.3871120725476409,0.27536156077204743,0.21340169214052707,0.17581908846137861,0.6922324356609454
0.038,2.3293429556552963,0.6755101448628081,0.8651980113798722,0.9253209838019211,0.9177838070920747,0.73432364595752,0.6735941510150263,0.6714782203029553,0.6584361374349945,0.6335725619826329,0.5749124900035741,0.5767755910962395,0.5524638166609006,0.40053570396489546,0.28538824960833076,0.2214375316741698,0.1825902208778134,0.7055332991424277
0.039,2.384220752282901,0.6905816555132145,0.8750159371923741,0.931649339641528,0.9246669114395061,0.7483469362492726,0.6890513265233842,0.68674516468752,0.673629866973896,0.6486923880642798,0.5900123675701996,0.5921646749354281,0.5676628286377321,0.41355623049834567,0.2951825286120734,0.22931662801757835,0.18924224820757574,0.718041718586702
0.04,2.438804560714286,0.7048145830202719,0.8840038794898862,0.937362889238173,0.9308902088465453,0.76149249219573,0.7036446254245328,0.7011712537773886,0.6880169483963627,0.6630580054017104,0.6044489210482686,0.6068724968207904,0.5822219735231646,0.4261860534936267,0.304750880777653,0.23704292198490728,0.1957778712834365,0.7298152410140409
0.041,2.493096737043633,0.7182608824229432,0.8922422562236848,0.9425301978758492,0.936525996798728,0.7738222423720624,0.7174262998979153,0.7148071533249698,0.7016445730790419,0.6767112335419894,0.6182543257765971,0.6209314705959563,0.5961704817339815,0.4384376795980013,0.3140997988478268,0.24462037162253114,0.20219983126730334,0.7409066578126816
0.042,2.547099612255773,0.7309694185568251,0.8998027367117662,0.9472110895310092,0.9416375780476048,0.7853935967773079,0.730445803461808,0.7277007260550435,0.7145573724395884,0.689691744395055,0.6314594758071927,0.6343728743407722,0.6095366316410429,0.45032359326418214,0.3232357319828646,0.2520529194253639,0.2085108825766523,0.7513644225788482
0.043,2.6008154925597875,0.7429860493111842,0.9067492792608731,0.9514579083325672,0.9462805166418006,0.7962597191972166,0.7427497945282397,0.7398970680267368,0.7267974543108899,0.7020370842599346,0.6440939376110555,0.6472267673120111,0.6223476638981106,0.46185615774725164,0.33216504475765063,0.25934446688857316,0.21471377145655712,0.7612330336548891
0.044,2.6542466597173147,0.7543537374534977,0.9131390401336845,0.9553165766923004,0.9505036998874146,0.8064698036696465,0.7543821848312575,0.7514385800985873,0.7384044690947889,0.7137827213446868,0.6561859322282875,0.6595219423856595,0.6346297294029623,0.4730475392192519,0.34089398610285704,0.26649885500516457,0.22081121917507907,0.7705533835408775
0.045,2.7073953713656387,0.7651126808413997,0.9190231693731817,0.9588274862001341,0.9543502389342926,0.8160693478995353,0.7653842195910265,0.7623650636278338,0.7494156965224066,0.7249621112910569,0.6677623390014611,0.6712859058935454,0.6464078632789882,0.48390964957419413,0.3494286662413698,0.27351984956847364,0.2268059089939194,0.7793630774483408
0.046,2.7602638613356767,0.7753004533966561,0.9244475075066976,0.9620262504131638,0.9578582347587149,0.8251004186972118,0.7757945793021265,0.7727138320879123,0.7598661459810606,0.7356067749034301,0.678848715433872,0.682544878356717,0.6577059787860807,0.49445410429078795,0.3577750400314117,0.2804111303455157,0.23270047621331202,0.7876967232869095
0.047,2.812854339964943,0.7849521511935442,0.9294531956428059,0.9649443431468541,0.9610614315290195,0.8336019061853108,0.7856494954289064,0.7825198322987867,0.7697886650522315,0.7457463836256679,0.689469328854017,0.6933238109340008,0.6685468763074465,0.5046921923810883,0.36593889542442304,0.2871762833583895,0.23849750071341014,0.7955861953409783
0.048,2.8651689944055945,0.7941005395368743,0.9340772100250169,0.9676096414822265,0.963989775466886,0.8416097647604719,0.794982874173698,0.7918157705391238,0.7792140522278361,0.7554088493729904,0.6996471964881706,0.7036464134734892,0.6789522635612808,0.5146348559998545,0.37392584598898115,0.2938187956519619,0.24419950151707104,0.8030608738184548
0.049,2.9172099889276373,0.8027761980712368,0.9383528307605016,0.9700468891892381,0.9666698941709055,0.8491572397059475,0.8038264239561483,0.8006322400355865,0.7881711708054786,0.764620416163478,0.7094041312828483,0.7135351909193222,0.6889427839945044,0.5242926777396184,0.3817413266508871,0.3003420520418527,0.24980893298406315,0.810147862350074
0.05,2.9689794652173918,0.8110076618513702,0.9423100532197278,0.9722780934455139,0.9691255088063455,0.8562750790087361,0.8122097833872993,0.8089978472746677,0.7966870617666697,0.7734057516499369,0.7187607914112351,0.7230114855223742,0.6985380509652972,0.5336758740060537,0.3893905919617092,0.30674933343155064,0.2553281823170691,0.8168721853959546
0.051,3.020479542671292,0.8188215569759093,0.9459759495094153,0.9743228654553291,0.9713777894713649,0.8629917304011261,0.8201606474082855,0.8169393353147396,0.8047870540631916,0.7817880371645427,0.7277367318699829,0.732095522862071,0.707756685841547,0.542794293170903,0.39687871634013294,0.3130438163649867,0.26075956811785206,0.823256967384193
0.052,3.071712318685121,0.8262427298920709,0.9493749864536316,0.9761987137329986,0.9734456623344637,0.8693335239691125,0.8277048899455484,0.8244817028371162,0.8124948712145417,0.7897890552857165,0.7363504569481909,0.7408064601334158,0.7166163585582102,0.5516574174471389,0.4042105958378369,0.3192285735441429,0.26610533977965545,0.829323595270552
0.053,3.1226798689387403,0.8332943698553175,0.952529305668276,0.9779212973192281,0.9753460757283046,0.875324840885525,0.834866681956145,0.8316483181020886,0.8198327334845221,0.7974292742430795,0.7446194726477569,0.7491624355096451,0.7251338295080503,0.5602743676329741,0.41139095106884527,0.32530657509284655,0.27136767754112556,0.8350918660732167
0.054,3.1733842476764202,0.8399981243055986,0.9554589705724765,0.9795046449792585,0.9770942312233571,0.8809882689618773,0.8416686041330764,0.8384610272986501,0.8268214551821104,0.8047279287113356,0.7525603383690583,0.7571806176743339,0.7333249919038747,0.5686539100360164,0.41842433101215826,0.331280690389937,0.276548693059241,0.8405801208053338
0.055,3.2238274879828324,0.8463742071235646,0.9581821845354852,0.9809613454332836,0.9787037847447794,0.8863447457911098,0.8481317538391817,0.8449402570181912,0.8334805368401204,0.8117030967228103,0.7601887173605723,0.7648772548414291,0.7412049139594608,0.576804465022988,0.42531511745490425,0.33715369032920994,0.2816504303851286,0.8458053661027704
0.056,3.2740116020547947,0.8524414998742438,0.9607154837985035,0.9823027128495881,0.9801870220003356,0.8914136902897347,0.8542758460609385,0.85110511076119,0.839828252180191,0.8183717725633632,0.7675194255757021,0.7722677227592595,0.7487878804018141,0.5847341167496465,0.43206752988990194,0.342928249891416,0.286674867248336,0.8507833847265406
0.057,3.3239385814688305,0.858217646245941,0.963073908327053,0.9835389311549753,0.9815550118259957,0.8962131234544346,0.8601193083375817,0.8569734595161681,0.8458817298863233,0.8247499356170644,0.7745664786928492,0.7793665713343841,0.7560874329578389,0.5924506237143607,0.43868563071927746,0.3486069509362607,0.2916239165728559,0.8555288360093793
0.058,3.373610397444634,0.8637191399593649,0.965271153331429,0.9846791801581481,0.9828177405049426,0.900759779134072,0.8656793697398203,0.8625620265431864,0.8516570302910178,0.8308526151990434,0.7813431371422188,0.7861875696207904,0.7631164095610401,0.5999614298510303,0.44517333064642284,0.3541922851408086,0.29649942816277974,0.8600553472143045
0.059,3.423029001104503,0.8689614064644526,0.9673197038317723,0.9857317460180383,0.9839842296554506,0.9050692055900145,0.8709721440565648,0.8678864665586701,0.8571692171354028,0.8366939514692502,0.7878619490501493,0.7927437490054836,0.7698869821040839,0.6072736759357,0.45153439416337393,0.3596866570256867,0.30130319050737675,0.8643755966796487
0.06,3.472196323728814,0.8739588787664212,0.9692309543326749,0.9867041182032021,0.9850626398975462,0.9091558585807065,0.8760127074057331,0.8729614395612262,0.8624324246034001,0.8422872525572396,0.7941347910631668,0.7990474444878741,0.7764106926254957,0.6143942111288498,0.4577724450607401,0.3650923870226811,0.30603693266516596,0.8685013895397584
0.061,3.5211142770076074,0.878725067733115,0.9710153154032528,0.9876030747663186,0.9860603621845953,0.9130331866641438,0.8808151705227585,0.8778006795646431,0.8674599198544428,0.8476450480532334,0.8001729070527651,0.8051103340014353,0.7826984878670833,0.6213296045139747,0.4638909719035581,0.370411714547222,0.3107023261945523,0.8724437267329503
0.062,3.569784753288364,0.8832726272364337,0.9726823087263521,0.9884347574881652,0.986984098413368,0.9167137093669595,0.8853927460028297,0.8824170585185501,0.87226416129305,0.852779139036484,0.8059869447308018,0.8109434757650431,0.7887607521757162,0.6280861565243394,0.46989333342951656,0.3756468010472902,0.3153009871051643,0.8762128679379488
0.063,3.6182096258200165,0.8876134144743751,0.9742406519799074,0.9892047382190559,0.9878399326960845,0.92020908882312,0.889757810784038,0.8868226457024623,0.8768568528193905,0.85770064482069,0.8115869902264976,0.8165573436807539,0.7946073387512455,0.6346699101751101,0.475782763836586,0.3807997330067885,0.31983447780936736,0.8798183890163725
0.064,3.666390748993289,0.8917585458091533,0.9756983347400121,0.989918077555124,0.98863339448332,0.9235301954400323,0.8939219641614183,0.8910287628775766,0.8812489943049624,0.8624200465996302,0.8169826006910315,0.8219618608165219,0.8002475992634285,0.6410866620384945,0.48156237793556045,0.385872524886699,0.3243043090578429,0.8832692344814057
0.065,3.714329958577406,0.8957184484425496,0.977062686445178,0.9905793768259272,0.9893695145616139,0.9266871681060926,0.8978960816186642,0.8950460354746065,0.8854509285332554,0.8669472281756747,0.8221828350059492,0.8271664310281125,0.8056904118762278,0.6473419729159706,0.48723517614985157,0.3908671219916062,0.32871194184667263,0.8865737654610188
0.066,3.7620290719532554,0.899502908233374,0.9783404373312907,0.9911928242336683,0.9900528748093552,0.9296894694119284,0.9016903647568233,0.8988844400865801,0.889472384838055,0.8712915139504913,0.8271962826781786,0.832179968785557,0.8109442077289879,0.6534411781749059,0.49280404935032796,0.3957854032525876,0.3330587892863095,0.8897398035775305
0.067,3.809489888343048,0.9031211139445188,0.9795377731340943,0.9917622358687656,0.9906876524750313,0.932545936318162,0.9053143875888714,0.9025533485239892,0.8933225196627949,0.8754617043518981,0.8320310910081504,0.8370109272768916,0.8160169959316781,0.6593893977274566,0.49827178351734014,0.40062918392025726,0.3373462184251904,0.8927746711234277
0.068,3.8567141890365453,0.9065816981892464,0.980660384258243,0.99229109222821,0.9912776596399177,0.935264826665621,0.9087771394567339,0.9060615686767546,0.8970099542538137,0.8794661088640542,0.8366949906190829,0.8416673248664875,0.8209163871363984,0.665191545638053,0.5036410642255209,0.40540021816392213,0.34157555202266787,0.8956852278757373
0.069,3.9037037376139194,0.9098927753285639,0.9817135100269982,0.9927825707793334,0.9918263784400153,0.9378538618896332,0.9120870648138603,0.9094173824138365,0.9005428096890873,0.8833125768205495,0.8411953194354068,0.84615676998766,0.8256496157502837,0.670852339352472,0.5089144809496685,0.41010020157459903,0.34574807026751997,0.8984779048574618
0.07,3.9504602801652897,0.913061976554097,0.9827019785527247,0.9932395750399752,0.9923369925472165,0.9403202662683248,0.915252100102392,0.9126285807373704,0.9039287394323466,0.8870085261117651,0.8455390451970003,0.8504864845499185,0.8302235608562648,0.6763763085467498,0.514094531192146,0.4147307735710164,0.3498650124395487,0.901158735324263
0.071,3.996985545507007,0.9160964823740582,0.9836302427039608,0.9936647605846819,0.9928124153454059,0.9426708030056522,0.9182797079397662,0.9157024963943308,0.9071749595908185,0.8905609699494693,0.8497327865937278,0.85466332594067,0.83464476590827,0.6817678035982926,0.519183624433868,0.4192935197088239,0.3539275785128039,0.903733383227358
0.072,4.043281245394737,0.9190030527038309,0.9845024125886882,0.9940605583338945,0.993255315181866,0.9449118074230957,0.9211769088155219,0.9186460341351209,0.9102882770433057,0.8939765418231497,0.8537828331019466,0.8586938076996594,0.8389194572666469,0.687031003684713,0.5241840859122137,0.42378997389408846,0.35793693069977606,0.9062071693791582
0.073,4.089349074733388,0.9217880547474764,0.9853222849243899,0.9944291954377651,0.9936681380266361,0.9470492175094298,0.9239503104853852,0.9214656987953509,0.9132751155941424,0.8972615187742278,0.8576951636014053,0.8625841189422432,0.8430535616381076,0.6921699245183159,0.529098160230129,0.42822162050280776,0.36189419493655084,0.9085850955262441
0.074,4.13519071178396,0.9244574888421481,0.9860933696226182,0.9947727140271782,0.9940531278312325,0.9490886020555878,0.9266061352365156,0.9241676213644876,0.9161415402978103,0.900421843106183,0.8614754638474367,0.8663401426049203,0.8470527224825475,0.6971884257259593,0.533928014801392,0.4325898964086621,0.3658004623094323,0.9108718665145754
0.075,4.180807818367347,0.9270170124239938,0.9868189138782536,0.9950929880708038,0.9944123448424346,0.9510351865812224,0.9291502451852198,0.92675758319312,0.9188932800887543,0.9034631426407649,0.865129142869664,0.8699674725835276,0.8509223154467638,0.7020902178852957,0.5386757431374676,0.4368961929215982,0.36965679042392974,0.913071910714147
0.076,4.2262020400651465,0.9294719622616439,0.9875019240207349,0.9953917385478052,0.994747682095879,0.9528938772409858,0.9315881657565328,0.9292410384793298,0.921535748841239,0.9063907496229998,0.8686613483647205,0.8734714298313241,0.8546674628826033,0.70687886922932,0.54334336798174,0.44114185764009695,0.37346420471731656,0.915189398854404
0.077,4.271375006417546,0.9318273750917696,0.9881451853556534,0.9956705471204899,0.9950608802872939,0.9546692828816369,0.9339251074838507,0.9316231351640716,0.9240740649749435,0.9092097183705675,0.8720769811467317,0.8768570774808582,0.8582930475043773,0.711557812031703,0.5479328442970657,0.4453281962201504,0.37722369971618896,0.9172282614074414
0.078,4.3163283311183145,0.93408800678046,0.9887512801997193,0.9959308684691931,0.9953535411957951,0.9563657354057381,0.9361659862563007,0.933908734355594,0.9265130697134281,0.911924841756419,0.8753807087156624,0.8801292350501827,0.8618037252376816,0.7161303486857369,0.552446062112709,0.44945647406408296,0.38093624024064154,0.919192204643164
0.079,4.361063612206952,0.9362583501242269,0.9893226042897655,0.9961740414325281,0.9956271398132495,0.9579873085837401,0.9383154421317234,0.9361024283937134,0.9288573440945908,0.9145406666071689,0.8785769780000359,0.8832924917906461,0.8652039373090036,0.7205996574898257,0.5568848492367078,0.45352791793241254,0.3846027625567686,0.9210847254690168
0.08,4.405582432258064,0.9383426513952925,0.9898613817267691,0.9964012990794382,0.9958830353158804,0.9595378354436006,0.9403778568240274,0.9382085576561995,0.9311112248247738,0.917061508093877,0.8816700273270988,0.8863512192302307,0.8684979216228026,0.7249687981524383,0.5612509738396857,0.45754371748194733,0.38822417547929977,0.922909125156492
0.081,4.449886358567981,0.9403449257273724,0.9903696785984963,0.9966137778249036,0.9961224809987033,0.9610209243555818,0.9423573699652009,0.9402312262015905,0.9332788190612367,0.9194914631862809,0.8846638976701876,0.8893095829632353,0.8716897234700905,0.7292407170292734,0.5655461469160026,0.4615050267333072,0.39180136142621724,0.9246685220472239
0.082,4.493976943338684,0.942268971430407,0.990849415409039,0.9968125256883966,0.996346633279714,0.9624399739194498,0.9442578942344285,0.9421743163354145,0.935364018201275,0.9218344232363791,0.8875624432198983,0.8921715537340321,0.8747832056099735,0.733418252105146,0.5697720246280182,0.46541296547100375,0.39533517742722146,0.9263658633230463
0.083,4.537855723859088,0.9441183833155605,0.9913023784299314,0.996998509782999,0.9965565598687732,0.9637981867518295,0.9460831294395108,0.9440415021800036,0.9373705107503006,0.9240940857524396,0.8903693413226615,0.8949409178597051,0.8777820577631352,0.7375041377327811,0.5739302105390598,0.46926862057914687,0.3988264560879121,0.9280039359167431
0.084,4.581524222683706,0.9458965651052532,0.9917302300755236,0.9971726231132827,0.9967532471855953,0.9650985822628866,0.9478365756290877,0.9458362623218258,0.9393017943356795,0.9262739654200426,0.8930881018274958,0.8976212870335613,0.8806898055538729,0.7415010091403385,0.5780222577405154,0.47307304731576594,0.4022760065115357,0.9295853766333524
0.085,4.624983947808765,0.9476067409969819,0.9921345183946252,0.9973356907514325,0.9969376071019848,0.9663440085037114,0.9495215453079938,0.9475618916044762,0.9411611869280189,0.928377404422604,0.8957220758790215,0.9002161075488578,0.8835098189350276,0.7454114067190704,0.5820496708782579,0.4768272705286384,0.40568461518011956,0.931112681545647
0.086,4.668236392845786,0.9492519664441675,0.9925166857609781,0.9974884754534968,0.9971104830753,0.9675371531587077,0.9511411748223904,0.9492215121301582,0.9429518373268961,0.9304075821099809,0.8982744641923222,0.9027286689795677,0.886245320128018,0.7492377801021104,0.5860139080834272,0.48053228581542806,0.4090530467967717,0.9325882147218106
0.087,4.711283037192704,0.950835138212206,0.9928780768367063,0.9976316827709578,0.9972726557329145,0.9686805537508635,0.9526984349760763,0.9508180835275731,0.9446767349636631,0.9323675240601843,0.9007483248428501,0.9051621123526201,0.8888993911081325,0.7529824920449126,0.5899163828123513,0.4841890606308137,0.41238204509088683,0.9340142163382356
0.088,4.754125346202531,0.9523590037632645,0.9932199458754111,0.9977659657069061,0.9974248479610793,0.9697766071219481,0.9541961409345678,0.9523544125396377,0.9463387190699616,0.9342601105759282,0.9031465806023811,0.9075194378438262,0.8914749806633316,0.7566478221174425,0.5937584656002101,0.48779853534320017,0.415672333587929,0.9353928102257552
0.089,4.796764771349644,0.9538261700191077,0.9935434634249173,0.99789192896088,0.997567729545959,0.9708275782443789,0.9556369614691012,0.9538331619802902,0.9479404872568851,0.9360880846546766,0.905472025849933,0.9098035120275796,0.8939749110529949,0.7602359702177395,0.5975414857328096,0.49136162424347674,0.4189246163454271,0.936726010893474
0.09,4.8392027503937,0.9552391115473403,0.9938497224837323,0.9980101328018038,0.9977019214096168,0.9718356084166794,0.9570234275886407,0.95525685910584,0.9494846035463177,0.9378540594680326,0.9077273330846305,0.9120170747084618,0.8964018842913438,0.7637490599160476,0.6012667328406416,0.4948792165081962,0.42213957865674,0.9380157300705582
0.091,4.88144070754124,0.9566001782128791,0.994139744159974,0.9981210966043642,0.9978279994793035,0.9728027228900724,0.9583579406042312,0.9566279034427978,0.9509735058928445,0.9395605253836901,0.9099150590656881,0.9141627453610159,0.8987584880786846,0.7671891416382515,0.6049354584191954,0.4983521771194225,0.42531788772410684,0.9392637828029337
0.092,4.923480053605015,0.957911602333186,0.9944144828767858,0.9982253020805207,0.9979464982244642,0.9737308379697645,0.9596427796665884,0.9579485741109056,0.9524095132317356,0.9412098565607604,0.9120376506029944,0.9162430292022343,0.9010472014021033,0.7705581956969382,0.608548877279294,0.5017813477434092,0.4284601933024178,0.9404718931387147
0.093,4.965322186161063,0.9591755053727878,0.9946748311640087,0.9983231962346161,0.9980579138923874,0.9746217676308443,0.9608801088146595,0.9592210366771093,0.953794832085842,0.9428043171470416,0.9140974500201982,0.9182603229196703,0.9032703998258529,0.773858135177978,0.6121081689310315,0.505167547570148,0.43156712831509536,0.9416416994333656
0.094,5.0069684897035875,0.9603939042098532,0.9949216240720872,0.9984151940676768,0.9981627074703013,0.9754772296854218,0.9620719835699815,0.9604473495734998,0.9551315627617882,0.9443460671047451,0.916096700310744,0.9202169200765852,0.9054303604903574,0.7770908086901234,0.6156144789047127,0.5085115741157388,0.43463930944340956,0.9427747593030188
0.095,5.0484203357976645,0.961568717005061,0.9951556432407755,0.998501681053927,0.9982613073989514,0.9762988515346152,0.9632203571089883,0.9616294701097284,0.9564217051635884,0.9458371676892786,0.9180375500059197,0.922115016214118,0.9075292668375249,0.7802580029847317,0.6190689200120079,0.5118142039894349,0.43767733769049166,0.9438725542520415
0.096,5.0896790832298135,0.9627017687006794,0.9953776206521548,0.9985830154102586,0.9983541120602146,0.9770881755362537,0.9643270860429674,0.9627692601081067,0.9576671642497236,0.9472795866039225,0.919922057772721,0.923956713669151,0.9095692130789216,0.7833614454523454,0.6224725735503832,0.5150761936271202,0.44068179892124715,0.9449364939987979
0.097,5.130746078156467,0.9637947961756351,0.9955882420947271,0.998659530177356,0.9984414920590952,0.977846664016658,0.9653939358331035,0.9638684911874652,0.9588697551578049,0.9486752028516103,0.9217521967581399,0.925744026125314,0.9115522084222819,0.7864028065025113,0.6258264904536862,0.5182982799928846,0.44365326437933095,0.9459679205216295
0.098,5.1716226542503865,0.9648494530803999,0.9957881503628788,0.998731535129352,0.998523792318466,0.9785757039525744,0.9664225858659761,0.9649288497199057,0.960031208019171,0.9500258113035124,0.9235298586953924,0.9274788829134225,0.913480181070831,0.7893837018328742,0.6291316923916288,0.5214811812502842,0.4465922911822653,0.9469681118452953
0.099,5.212310132845027,0.9658673143737196,0.9959779482137887,0.9987993185272592,0.9986013340031533,0.979276611347255,0.9674146342129636,0.9659519414827724,0.9611531724841419,0.951333127002733,0.925256857786563,0.9291631330765756,0.9153549820089638,0.7923056945932627,0.6323891728207529,0.524625597404787,0.4494994227957577,0.9479382855864958
0.1,5.252809823076923,0.9668498805815583,0.996158201101848,0.9988631487299585,0.9986744162883714,0.9799506353227648,0.9683716020952541,0.9669392960265204,0.9622372219771447,0.9525987892201401,0.9269349343751982,0.9307985492141464,0.9171783885869497,0.7951702974501725,0.6355998979893307,0.5277322109188252,0.45237518948819955,0.9488796022756452
0.101,5.293123022026093,0.9677985817971106,0.9963294397088573,0.9989232756752157,0.9987433179860927,0.9805989619488605,0.9692949380745434,0.9678923707776314,0.9632848576995344,0.9538243652781577,0.9285657584214844,0.9323868311179626,0.9189521079165219,0.797978974556761,0.6387648078985149,0.530801687300803,0.45522010876629815,0.9497931684706846
0.102,5.333251014854517,0.9687147814393369,0.9964921622866337,0.9989799322420223,0.9988082990416601,0.9812227178271836,0.9701860219880152,0.968812554894323,0.9642975123966607,0.9550113541572459,0.9301509327918225,0.9339296092131193,0.9206777800884516,0.8007331434331899,0.641884817221934,0.5338346756693402,0.45803468579272955,0.9506800396775227
0.103,5.373195074942704,0.9695997797861885,0.9966468368271906,0.9990333355044962,0.9988696019117993,0.9818229734480584,0.9710461686448262,0.9697011728915077,0.9652765539045408,0.9561611898987767,0.9316919963738424,0.93542844781505,0.9223569812224981,0.8034341767618907,0.6449608161858034,0.5368318092939592,0.46081941378667923,0.9515412230905438
0.104,5.412956464024391,0.9704548172975063,0.9967939030743184,0.9990836878866314,0.9989274528341575,0.9824007463358421,0.9718766313000582,0.9705594880502573,0.96622328849041,0.9572752448170647,0.9331904270271779,0.9368848482137387,0.9239912263594668,0.8060834041020719,0.6479936714115146,0.5397937061133613,0.46357477440805805,0.9523776801655969
0.105,5.452536432319392,0.9712810777414871,0.9969337743891924,0.9991311782263267,0.998982062997561,0.9829570039975578,0.9726786049209345,0.9713887056259377,0.9671389640004153,0.9583548325324428,0.9346476443796636,0.9383002515952531,0.9255819722044927,0.808682113527564,0.650984226722559,0.5427209692323816,0.4663012381261852,0.953190329036938
0.106,5.491936218664644,0.9720796911376038,0.9970668394815414,0.9991759827563551,0.9990336296213489,0.9834926666884096,0.9734532292590288,0.9721899758681563,0.9680247728267818,0.9594012108364582,0.9360650124779883,0.9396760418101263,0.9271306197300897,0.8112315531918608,0.6539333039175392,0.5456141873986495,0.46899926457365604,0.9539800467887215
0.107,5.531157050643452,0.9728517365279399,0.9971934640169203,0.9992182660092384,0.9990823369513828,0.9840086100067557,0.9742015917412018,0.9729643968647316,0.9688818547059203,0.9604155843995151,0.9374438423012632,0.9410135479975072,0.9286385166469739,0.8137329328240155,0.6568417035109293,0.5484739354599255,0.471669302886083,0.9547476715908522
0.108,5.570200144712991,0.9735982445880477,0.9973139921097351,0.9992581816523657,0.9991283571796487,0.9845056673301661,0.9749247301910914,0.9737130172210293,0.9697112993581511,0.9613991073305951,0.9387853941454244,0.9423140470734351,0.9301069597501642,0.8161874251588468,0.6597102054431516,0.5513007748030456,0.4743117920283868,0.9554940047082648
0.109,5.609066706330068,0.9743202000876445,0.997428747710851,0.9992958732591275,0.9991718512937507,0.9849846321033259,0.9756236353921407,0.9744368385852099,0.9705141489789793,0.9623528855980401,0.9400908798858869,0.9435787660910626,0.9315371971474022,0.8185961673047224,0.6625395697614597,0.5540952537753383,0.4769271611082375,0.9562198123920451
0.11,5.647757930075188,0.9750185442107405,0.9975380358978754,0.9993314750213224,0.9992129698620416,0.9854462599877439,0.9762992535023677,0.9751368180291932,0.9712914005911737,0.9632779793197845,0.9413614651254008,0.9448088844801621,0.9329304303764929,0.8209602620520117,0.6653305372730303,0.5568579080893453,0.47951582967726236,0.9569258276601663
0.111,5.686274999774944,0.9756941767441137,0.9976421440755344,0.999365112407635,0.9992518537596214,0.9858912708824945,0.9769524883303654,0.9758138702944656,0.972044008266275,0.9641754049308672,0.9425982712336218,0.946005536172788,0.9342878164177646,0.8232807791251291,0.6680838301715959,0.5595892612116362,0.48207820802056645,0.9576127519750743
0.112,5.724619088622755,0.9763479581424308,0.9977413430929478,0.9993969027725578,0.9992886348399925,0.9863203508245464,0.977584203481358,0.9764688699112243,0.9727728852235669,0.9650461372355397,0.9438023772845059,0.9471698116215432,0.9356104696074646,0.825558756380937,0.6708001526388778,0.5622898247364521,0.48461469743510777,0.958281256824809
0.113,5.762791359297983,0.976980711477735,0.9978358882840482,0.9994269559197531,0.9993234365567281,0.9867341537766074,0.9781952243815195,0.9771026531987629,0.9734789058140063,0.9658911113508055,0.9449748218972533,0.9483027597164928,0.9368994634575524,0.8277952009561195,0.6734801914220112,0.5649600987448863,0.48712569049743515,0.9589319852138836
0.114,5.800792964083458,0.9775932242804938,0.9979260204368854,0.9994553746235069,0.9993563745391502,0.9871333033098443,0.9787863401882032,0.9777160201544737,0.974162907396109,0.9667112245477839,0.9461166049861801,0.9494053896064008,0.9381558323870222,0.8299910903660095,0.6761246163880914,0.5676005721502726,0.489611571321268,0.9595655530696936
0.115,5.838625044981414,0.9781862502789063,0.9980119666970887,0.9994822551116099,0.9993875571256616,0.987518394188309,0.9793583055931953,0.9783097362383298,0.9748256921103104,0.9675073379968738,0.947228689424559,0.9504786724296124,0.939380573369576,0.832147373557207,0.6787340810569146,0.5702117230304098,0.4920727158053775,0.9601825505698192
0.116,5.876288733827893,0.9787605110427144,0.9980939414103382,0.9995076875127191,0.999417085858073,0.9878899938614147,0.9799118425256284,0.9788845340592522,0.9754680285579026,0.9682802784223141,0.9483120026271676,0.9515235429595827,0.9405746475021775,0.8342649719162102,0.6813092231129165,0.5727940189472258,0.49450949187220006,0.9607835433952133
0.117,5.913785152405625,0.9793166975373446,0.9981721469083102,0.9995317562709953,0.9994450559399779,0.9882486438703572,0.9804476417607345,0.9794411149693376,0.9760906533902365,0.9690308396713725,0.949367438055994,0.9525409011697469,0.9417389814987495,0.8363447802361597,0.683850664897283,0.57534791725445,0.4969222596976044,0.9613690739139085
0.118,5.951115412555391,0.9798554715938094,0.9982467742422072,0.9995545405305749,0.9994715566619802,0.9885948611739631,0.9809663644402031,0.9799801505715214,0.9766942728135108,0.9697597842030699,0.9503958566532762,0.9535316137221433,0.9428744691130211,0.8383876676436843,0.6863590138811293,0.5778738653938333,0.4993113719321921,0.9619396622995692
0.119,5.988280616285924,0.9803774672994441,0.9983180038676588,0.9995761144922224,0.9994966717963373,0.988929139399064,0.9814686435095228,0.9805022841458824,0.9772795640141226,0.9704678445010293,0.9513980882058108,0.9544965153839369,0.9439819724942969,0.8403944784877339,0.6888348631206205,0.5803723011804296,0.5016771739145169,0.9624958075889032
0.12,6.025281855882353,0.9808832923142126,0.998386006284488,0.9995965477443128,0.9995204799633748,0.9892519500201383,0.9819550850773251,0.9810081319994508,0.9778471765092293,0.9711557244147578,0.9523749326442185,0.9554364103757393,0.9450623234796953,0.8423660331921836,0.6912787916948431,0.5828436530774235,0.5040200038765674,0.9630379886816837
0.121,6.062120214013206,0.9813735291170055,0.9984509426345602,0.9996159055701203,0.999543054971833,0.9895637434726434,0.982426269701419,0.9814982847440653,0.9783977334268791,0.9718241004333931,0.9533271612806475,0.9563520736553964,0.9461163248261997,0.844303129073904,0.6936913651272117,0.5852883404609686,0.506340193141855,0.9635666652868744
0.122,6.098796763836017,0.9818487361860683,0.9985129652606902,0.9996342492332195,0.9995644661351285,0.9898649502041491,0.9828827536058938,0.981973308506526,0.9789318327197817,0.9724736228957036,0.9542555179881816,0.9572442521406864,0.9471447513856686,0.8462065411278993,0.696073135791142,0.5877067738754727,0.5086380663164243,0.9640822788181134
0.123,6.135312569101534,0.9823094491174219,0.9985722182293492,0.9996516362426685,0.999584778565354,0.9901559816671103,0.9833250698333813,0.982433746075016,0.9794500483165366,0.9731049171398912,0.9551607203250313,0.9581136658741811,0.9481483512257705,0.8480770227810339,0.6984246433006875,0.5900993552797457,0.5109139414730937,0.9645852532415949
0.124,6.171668684256559,0.9827561816848963,0.9986288378197112,0.9996681205994976,0.9996040534466901,0.9904372312568546,0.9837537293363039,0.9828801179855107,0.9799529312138938,0.9737185845965313,0.9560434606064062,0.9589610091333224,0.9491278466996371,0.8499153066157926,0.7007464148868097,0.5924664782844073,0.5131681303292093,0.9650759958791875
0.125,6.207866154545455,0.9831894268451586,0.9986829529813797,0.9996837530259126,0.999622348289772,0.9907090751981206,0.9841692220106859,0.9833129235516512,0.9804410105133984,0.9743152038277791,0.9569044069267998,0.9597869514885944,0.9500839354668713,0.8517221050654412,0.7030389657599037,0.5948085283809337,0.5154009384181963,0.9655548981694427
0.126,6.243906016110305,0.9836096576909064,0.9987346857629636,0.9996985811785032,0.9996397171684259,0.9909718733832604,0.9845720176758768,0.9837326418413435,0.9809147944055578,0.9748953315157858,0.957744204135257,0.9605921388125024,0.9510172914683936,0.8534981110818856,0.7053027994591861,0.5971258831626898,0.5176126652551611,0.9660223363889586
0.127,6.279789296089791,0.9840173283551921,0.9987841517135109,0.9997126498466479,0.9996562109400818,0.9912259701650142,0.9849625670033175,0.9841397326031313,0.981374771104482,0.9754595034030824,0.9585634747660494,0.9613771942419128,0.9519285658574714,0.855243998777462,0.7075384081895036,0.5994189125383016,0.5198036044967993,0.9664786723364305
0.128,6.3155170127167635,0.9844128748696619,0.9988314602586532,0.9997260011372104,0.9996718774510645,0.9914716951065706,0.9853413023972885,0.9845346371452078,0.9818214097357572,0.9760082351875344,0.9593628199270465,0.9621427190961653,0.9528183878891446,0.8569604240418301,0.7097462731461122,0.6016879789376774,0.5219740440958447,0.966924253981537
0.129,6.351090175414565,0.9847967159793135,0.998876715053185,0.9997386746465363,0.9996867617278695,0.9917093636914521,0.985708638830385,0.984917779169743,0.9822551611801511,0.9765420233743068,0.9601428201479365,0.9628892937532267,0.9536873657701344,0.8586480251350785,0.7119268648279331,0.6039334375109986,0.524124266450285,0.9673594160807039
0.13,6.386509784892087,0.9851692539162185,0.9989200143116694,0.9997507076206811,0.999700906155446,0.9919392779955976,0.9860649746362985,0.9852895655650438,0.9826764588755854,0.9770613460871369,0.9609040361903317,0.9636174784860305,0.9545360874712089,0.8603074232580973,0.7140806433397799,0.6061556363209581,0.5262545485475609,0.9677844807616265
0.131,6.421776833237617,0.985530875134502,0.9989614511185508,0.9997621351047266,0.9997143506434271,0.9921617273238599,0.9864106922623186,0.9856503871579071,0.9830857195796646,0.97756666384108,0.9616470098216815,0.9643278142610238,0.9553651215038689,0.8619392231012233,0.7162080586840147,0.6083549165285393,0.5283651621039509,0.9681997580783449
0.132,6.456892304011462,0.9858819510087337,0.9990011137191424,0.9997729900819771,0.9997271327811784,0.9923769888129969,0.9867461589838218,0.9860006194283785,0.9834833440949116,0.9780584202787619,0.9623722645548032,0.9650208235008305,0.9561750176631132,0.863544013372109,0.7183095510420839,0.6105316125725904,0.5304563736993411,0.9686055465385182
0.133,6.491857172337384,0.9862228384977475,0.9990390857927629,0.9997833036037659,0.9997392879824659,0.992585328003097,0.9870717275828724,0.9863406231889973,0.983869717958734,0.9785370428720562,0.9630803063547443,0.9656970108128335,0.9569663077379492,0.8651223673037218,0.7203855510463435,0.6126860523434497,0.5325284449075645,0.9690021336044743
0.134,6.526672404992868,0.9865538807757912,0.9990754467092035,0.9997931049105446,0.9997508496204843,0.992786999379262,0.9873877369929315,0.9866707452304809,0.9842452121000207,0.9790029435909925,0.963771624314595,0.9663568636853761,0.9577395061912208,0.8666748431433348,0.7224364800425845,0.6148185573508635,0.5345816324224824,0.9693897961694891
0.135,6.561338960498221,0.9868754078327878,0.9991102717696202,0.9998024215448814,0.999761849153931,0.9929822468852505,0.9876945129115475,0.9869913189356834,0.9846101834641589,0.9794565195415986,0.9644466913017792,0.967000853153194,0.958495110810245,0.8682019846233291,0.7244627503436356,0.6169294428864243,0.5366161881799882,0.9697688010106709
0.136,6.595857789204546,0.9871877370453842,0.9991436324328734,0.9998112794569396,0.9997723162447578,0.9931713044106815,0.9879923683827871,0.9873026648635531,0.9849649756081549,0.9798981535742799,0.9651059645762697,0.9676294344335951,0.9592336033296611,0.8697043214145878,0.726464765474403,0.619019018180748,0.5386323594760839,0.9701394052197405
0.137,6.630229833380581,0.9874911737203651,0.99917559652826,0.9998197031029714,0.9997822788681875,0.9933543962532956,0.9882816043510629,0.9876050913047134,0.9853099192674432,0.9803282148642515,0.9657498863820962,0.9682430475348265,0.9599554500278308,0.8711823695632224,0.7284429204087013,0.621087586555599,0.5406303890811895,0.9705018566129134
0.138,6.664456027298444,0.9877860116119129,0.9992062284555213,0.999827715537318,0.999791763415534,0.9935317375576804,0.9885625101879093,0.9878988948101891,0.9856453328958767,0.980747059465448,0.9663788845134373,0.9688421178379861,0.9606611022980459,0.8726366319113382,0.7303976017981986,0.6231354455711607,0.5426105153508312,0.9708563941210244
0.139,6.698537297318278,0.9880725334141099,0.9992355893729443,0.999835338498371,0.9998007947903301,0.9937035347317784,0.9888353641931708,0.988184360694717,0.985971523180305,0.9811550308392624,0.966993372856523,0.9694270566537652,0.9613509971957434,0.8740675985025134,0.7323291881937939,0.6251628871686414,0.5445729723328492,0.9712032481609598
0.14,6.732474561971832,0.9883510112299956,0.999263737374322,0.9998425924889164,0.9998093964982253,0.9938699858424155,0.9891004340719767,0.9884617635159921,0.9862887855310624,0.9815524603593809,0.967593751908504,0.9699982617552386,0.9620255579628557,0.8754757469726276,0.7342380502597252,0.6271701978083951,0.5465179898712559,0.9715426409894048
0.141,6.766268732044975,0.9886217070184149,0.9992907276554818,0.9998494968512522,0.9998175907310839,0.9940312809910123,0.9893579773887975,0.98873136753112,0.9865974045496201,0.9819396677939196,0.9681804092743874,0.9705561178878542,0.9626851945303736,0.8768615429266563,0.7361245509806982,0.629157658603736,0.5484457937068783,0.9718747870398452
0.142,6.799920710659187,0.9888848730198246,0.9993166126710433,0.9998560698374397,0.9998253984456821,0.9941876026705718,0.9896082419997988,0.9889934271314768,0.9868976544745763,0.9823169617659941,0.9687537201430747,0.971100997257712,0.9633303040001346,0.8782254403020069,0.7379890458623017,0.6311255454505994,0.5503566055749007,0.9721998932437199
0.143,6.833431393351995,0.9891407521621527,0.9993414422820248,0.9998623286750244,0.9998328394373728,0.9943391261049671,0.9898514664646431,0.9892481872571045,0.9871897996070963,0.9826846401937961,0.9693140477434905,0.971633259999165,0.9639612711068034,0.8795678817189546,0.7398318831249779,0.6330741291532196,0.552250643299429,0.9725181593365525
0.144,6.866801668156425,0.9893895784477471,0.9993652638948701,0.9998682896285368,0.999839932409061,0.9944860195714968,0.9900878804388163,0.9894958837917074,0.9874740947168521,0.9830429907111886,0.969861743781732,0.9721532546227213,0.9645784686609582,0.880889298818704,0.7416534038917926,0.6350036755459658,0.5541281208851863,0.9728297781498526
0.145,6.900032415679442,0.9896315773223893,0.9993881225924348,0.9998739680570599,0.999846695035808,0.9946284447076137,0.9903177050475016,0.9897367439392534,0.9877507854294512,0.9833922910697805,0.9703971488601252,0.972661318444174,0.9651822579741512,0.8821901125895831,0.7434539423702439,0.6369144456114859,0.5559892486064487,0.9731349358895333
0.146,6.933124509179416,0.989866966027293,0.9994100612574308,0.9998793784681327,0.9998531440253573,0.9947665568026791,0.9905411532419561,0.9899709865831267,0.9880201085962872,0.9837328095233837,0.9709205928790265,0.9731577779958381,0.9657729892667655,0.8834707336818473,0.7452338260283351,0.6388066955952877,0.5578342330933177,0.973433812401533
0.147,6.96607881464261,0.9900959539349564,0.9994311206887961,0.9998845345682348,0.9998592951748588,0.9949005050755496,0.990758430139298,0.9901988226287264,0.9882822926476983,0.9840648051957117,0.9714323954221665,0.9736429494207282,0.9663510020594508,0.884731562711554,0.7469933757651345,0.6406806771169008,0.5596632774154362,0.9737265814253121
0.148,6.9988961908587255,0.9903187428696878,0.999451339711426,0.9998894493100845,0.9998651634240426,0.9950304329387485,0.9909697333465579,0.9904204553303533,0.9885375579302641,0.9843885284321318,0.9719328661262886,0.9741171388504657,0.9669166255488808,0.8859729905539454,0.7487329060760185,0.6425366372777317,0.5614765811632321,0.9740134108358369
0.149,7.031577489495508,0.9905355274135779,0.9994707552796723,0.9998941349369629,0.9998707629050811,0.995156478249936,0.9911752532697983,0.9906360806031811,0.9887861170290316,0.984704221136236,0.9724223050358018,0.9745806427676695,0.9674701789685348,0.8871953986267579,0.7504527252128115,0.6443748187657439,0.5632743405267868,0.9742944628746416
0.15,7.064123555172413,0.9907464951986512,0.9994894025749922,0.9998986030242618,0.9998761069893569,0.9952787735513492,0.9913751734090628,0.9908458873210647,0.9890281750754141,0.9850121170919628,0.9729010029431266,0.9750337483535374,0.9680119719351765,0.8883991591638547,0.7521531353389977,0.6461954599570663,0.5650567483724066,0.974569894370519
0.151,7.096535225533379,0.9909518271858859,0.9995073150981001,0.9999028645184427,0.9998812083313422,0.9953974462978411,0.9915696706398722,0.9910500576008959,0.9892639300414692,0.9853124422719529,0.9733692417153802,0.9754767338212966,0.9685423047816635,0.8895846354795667,0.753834432680197,0.6479987950146537,0.5668239943169882,0.9748398569503618
0.152,7.128813331318681,0.9911516979317552,0.9995245247559562,0.9999069297735743,0.9998860789097781,0.9955126190741189,0.991758915481946,0.9912487670741761,0.9894935730212204,0.9856054151327973,0.9738272946080158,0.9759098687361649,0.9690614688766945,0.8907521822241019,0.7554969076700717,0.6497850539840919,0.5685762648002486,0.9751044972406503
0.153,7.160958696435916,0.9913462758429085,0.9995410619439028,0.9999108085856118,0.9998907300663314,0.9956244098017392,0.9919430723557887,0.9914421851464427,0.989717288499656,0.9858912468977916,0.9742754265659974,0.9763334143224308,0.9695697469320685,0.891902145630374,0.7571408450918355,0.6515544628866566,0.5703137431548977,0.9753639570600462
0.154,7.192972138030096,0.9915357234195737,0.9995569556232378,0.9999145102245632,0.9998951725418926,0.9957329319363918,0.9921222998277476,0.9916304752451481,0.989935254609999,0.9861701418277872,0.9747138945130672,0.976747623758232,0.9700674132980034,0.893034863752582,0.7587665242155219,0.6533072438097192,0.5720366096748276,0.9756183736035384
0.155,7.224854466552901,0.9917201974882353,0.9995722333944985,0.9999180434646833,0.9998994165106685,0.995838294655973,0.9922967508441127,0.9918137950565593,0.9901476433798169,0.986442297480692,0.9751429476296288,0.9771527424585831,0.9705547342470341,0.8941506666968582,0.7603742189311611,0.6550436149945944,0.5737450416813861,0.9758678796185537
0.156,7.256606485831063,0.9918998494241079,0.9995869215667104,0.9999214166128217,0.9999034716122113,0.9959406030399172,0.9924665729548011,0.9919922967522133,0.9903546209665038,0.986707904960151,0.9755628276197515,0.977549008347174,0.9710319682469865,0.8952498768442889,0.7619641978780195,0.6567637909219173,0.5754392135878007,0.9761126035734227
0.157,7.288228993133924,0.9920748253639025,0.9996010452228381,0.9999246375350458,0.9999073469815175,0.9960399582402361,0.992631908527136,0.9921661272054393,0.9905563478826447,0.9869671491539055,0.9759737689677692,0.9779366521174379,0.9714993662234972,0.8963328090666003,0.763536724570033,0.6584679823946327,0.577119296961815,0.9763526698185793
0.158,7.319722779240164,0.9922452664093511,0.9996146282816646,0.9999277136816493,0.9999110512773199,0.9961364576446826,0.9927928949502067,0.9923354281984266,0.9907529792117395,0.9872202089623066,0.9763759991849283,0.9783158974833605,0.9719571718125297,0.8973997709347847,0.7650920575175749,0.6601563966186855,0.578785460586603,0.9765881987408394
0.159,7.351088628503724,0.9924113088219345,0.9996276935563047,0.9999306521106514,0.999914592708688,0.9962301950324403,0.992949664830265,0.992500336620294,0.990944664814746,0.9874672575174346,0.9767697390465178,0.9786869614204811,0.9724056216033126,0.8984510629209368,0.7666304503456831,0.6618292372814818,0.5804378705200157,0.9768193069110954
0.16,7.382327318918919,0.992573084209233,0.999640262809552,0.9999334595098807,0.9999179790600443,0.9963212607227103,0.993102346177595,0.9926609846565935,0.9911315495278701,0.9877084623932519,0.9771552028198892,0.9790500543975126,0.9728449453721082,0.8994869785935518,0.7681521519088723,0.6634867046282029,0.5820766901522176,0.9770461072257377
0.161,7.413439622184761,0.9927307197032973,0.9996523568062419,0.9999361422177379,0.9999212177146966,0.996409741716554,0.9932510625852633,0.992817499970654,0.9913137733520165,0.9879439858071958,0.9775325984837622,0.9794053805989892,0.9732753663071992,0.9005078048065323,0.7696574064026472,0.6651289955360402,0.5837020802617687,0.9772687090421077
0.162,7.444426303768506,0.9928843381314186,0.999663995362802,0.9999387062427177,0.9999243156769799,0.9964957218323246,0.9933959334001428,0.9929700058771573,0.9914914716342854,0.9881739848135985,0.9779021279391821,0.9797531381393287,0.9736971012254635,0.9015138218821359,0.7711464534718337,0.6667563035864235,0.5853141990701991,0.9774872183082592
0.163,7.475288122968436,0.993034058179653,0.9996751973941556,0.9999411572817705,0.9999272795930959,0.9965792818350068,0.9935370738865746,0.9931186215083078,0.9916647752418859,0.988398611489302,0.9782639872124916,0.9800935192686782,0.9741103607808883,0.9025053037880871,0.7726195283158329,0.668368819135305,0.5869132022951336,0.977701737687299
0.164,7.5060258329758724,0.9931799945494416,0.9996859809581249,0.9999435007375762,0.9999301157707294,0.9966604995597632,0.9936745953830217,0.9932634619729491,0.9918338107288153,0.9886180131118147,0.9786183666506486,0.980426710570896,0.9745153496653618,0.90348251830907,0.7740768617909052,0.6699667293815688,0.5884992432020053,0.9779123666765591
0.165,7.536640180936455,0.9933222581076475,0.999696363297482,0.9999457417347993,0.9999328301975207,0.9967394500299733,0.9938086054520413,0.9934046385089552,0.9919987004956365,0.9888323323303451,0.9789654511092165,0.9807528931540053,0.9749122668020602,0.9044457272128046,0.7755186805095848,0.6715502184336216,0.5900724726544109,0.9781192017218433
0.166,7.567131908010682,0.9934609560303141,0.9997063608797768,0.9999478851353875,0.9999354285584622,0.9968162055700327,0.9939392080238929,0.9935422586292098,0.9921595629426705,0.9890417073300245,0.9793054201333319,0.981072242833436,0.9753013055317384,0.9053951864109061,0.7769452069373202,0.6731194673742276,0.5916330391631481,0.9783223363269752
0.167,7.597501749433711,0.9935961919404361,0.9997159894350715,0.9999499355529754,0.9999379162522877,0.9968908359131672,0.9940665035340793,0.993676426261472,0.9923165126169003,0.9892462719896227,0.9796384481319448,0.9813849303083629,0.9756826537922146,0.9063311461147158,0.7783566594864333,0.6746746543236426,0.5931810889339819,0.9785218611588629
0.168,7.6277504345744696,0.9937280660400171,0.999725263991696,0.999951897366447,0.9999402984069152,0.9969634083045043,0.9941905890551026,0.9938072418824101,0.9924696603528759,0.989446156033039,0.9799647045456086,0.9816911213314281,0.9760564942913275,0.9072538509862819,0.7797532526074868,0.6762159545011031,0.5947167659141723,0.9787178641482879
0.169,7.657878686994028,0.9938566752366751,0.9997341989101399,0.9999537747327104,0.9999425798940018,0.9970339875996292,0.9943115584227032,0.993934802646071,0.992619113407886,0.9896414851748434,0.9802843540080887,0.9819909768721233,0.9764230046736314,0.9081635402846681,0.7811351968781465,0.6777435402847208,0.5962402118378132,0.9789104305866148
0.17,7.687887224503312,0.9939821132650457,0.9997428079151801,0.9999555715987324,0.9999447653426644,0.997102636358842,0.9944295023568378,0.9940592025070409,0.9927649755916573,0.989832381260125,0.9805975565020423,0.9822846532740999,0.9767823576810852,0.9090604480077538,0.7825026990896156,0.6792575812698355,0.5977515662700125,0.9790996432186013
0.171,7.717776759220094,0.9941044708032163,0.9997511041263468,0.9999572917128787,0.9999468591524177,0.9971694149373216,0.9945445085776364,0.9941805323385382,0.992907347390824,0.9900189623988941,0.9809044675090132,0.9825723024066533,0.977134721307974,0.9099448030296866,0.7838559623307291,0.6807582443258726,0.5992509666499524,0.9792855823314897
0.172,7.747547997625329,0.9942238355844172,0.9997591000868178,0.9999589386356027,0.999948865505376,0.9972343815713904,0.9946566619165691,0.9942988800456676,0.9930463260884013,0.9902013430952744,0.9812052381539734,0.9828540718106268,0.9774802589502979,0.9108168292341406,0.7851951860697749,0.6822456936517555,0.6007385483328664,0.9794683258405473
0.173,7.777201640618828,0.9943402925041825,0.9997668077908274,0.9999605157495215,0.9999507883777645,0.9972975924610661,0.9947660444230401,0.9944143306740565,0.9931820058784828,0.9903796343717071,0.9815000153446324,0.9831301048389599,0.9778191295498484,0.9116767456435281,0.7865205662341211,0.6837200908299129,0.6022144446309622,0.9796479493712089
0.174,7.8067383835742445,0.9944539237231826,0.9997742387096744,0.9999620262689172,0.9999526315507801,0.9973591018490708,0.9948727354666164,0.994526966514077,0.9933144779763742,0.9905539438883806,0.9817889419057262,0.983400540792103,0.9781514877331826,0.9125247665443055,0.7878322952877183,0.6851815948789306,0.6036787868533295,0.9798245263379785
0.175,7.836158916393442,0.9945648087659207,0.9997814038164029,0.9999634732486978,0.9999543986208418,0.9974189620964702,0.9949768118350878,0.9946368672008554,0.9934438307243614,0.9907243760580897,0.9820721567084876,0.9836655150485067,0.9784774839456986,0.9133611016085098,0.7891305623065428,0.686630362304882,0.6051317043448581,0.9799981280202308
0.176,7.865463923560209,0.994673024615478,0.9997883136092298,0.9999648595928513,0.999956093009267,0.997477223755094,0.9950783478285462,0.994744109810253,0.9935701496933058,0.9908910321567165,0.9823497947954899,0.9839251591903836,0.978797264581005,0.914185956011656,0.7904155530520475,0.6880665471513847,0.6065733245241989,0.9801688236350496
0.177,7.894654084193338,0.9947786458044808,0.999794978133788,0.9999661880624209,0.9999577179714074,0.9975339356368907,0.9951774153496608,0.9948487689509988,0.9936935177802475,0.9910540104295187,0.9826219875010509,0.9841796011249357,0.9791109721057694,0.9149995305471208,0.7916874500426858,0.6894903010484195,0.6080037729207983,0.9803366804072312
0.178,7.9237300720990875,0.9948817445024553,0.9998014070042472,0.9999674612830332,0.9999592766052768,0.997589144880359,0.9952740839903198,0.9949509168531441,0.9938140153021886,0.9912134061934006,0.9828888625673708,0.9844289652012286,0.9794187451802208,0.9158020217371323,0.7929464326235632,0.6909017732599456,0.6094231732110287,0.9805017636365809
0.179,7.952692555823032,0.9949823905997283,0.9998076094233759,0.9999686817520036,0.9999607718597009,0.9976428970141866,0.9953684211147996,0.9950506234529993,0.993931720086223,0.9913693119353353,0.9831505442565736,0.9846733723228854,0.9797207187744789,0.9165936219404835,0.7941926770342788,0.6923011107303536,0.6108316472534503,0.9806641367626128
0.18,7.981542198701298,0.9950806517880253,0.9998135942015979,0.9999698518450456,0.999962206542017,0.9976952360182307,0.9954604919396134,0.9951479564747083,0.9940467075561678,0.9915218174070979,0.9834071534588131,0.9849129400567692,0.9800170242808671,0.917374519457078,0.7954263564750137,0.693688458129788,0.6122293151232223,0.9808238614267751
0.181,8.010279658911212,0.9951765936379068,0.9998193697751011,0.9999709738226058,0.9999635833253498,0.9977462043819555,0.9955503596101865,0.9952429815086059,0.9941590508158479,0.9916710097164625,0.983658807796599,0.9851477827378101,0.9803077896223686,0.9181448986294176,0.796647641170918,0.6950639578983724,0.6136162951456922,0.9809809975322951
0.182,8.038905589521345,0.9952702796731815,0.9998249442230459,0.9999720498358483,0.9999649047554896,0.9977958431604467,0.9956380852744963,0.9953357620864978,0.9942688207291742,0.9918169734150096,0.983905621725487,0.9853780115701325,0.98059313935737,0.9189049399411326,0.7978566984348481,0.6964277502893716,0.6149927039291879,0.9811356033017569
0.183,8.067420638540993,0.9953617714424251,0.9998303252839222,0.9999730819323083,0.9999661732573927,0.9978441920281114,0.9957237281538103,0.9954263597539977,0.9943760859971532,0.9919597905826826,0.9841477066312789,0.9856037347246243,0.9808731947808372,0.9196548201126559,0.799053692728508,0.6977799734113208,0.6163586563970358,0.9812877353325004
0.184,8.095825448969071,0.9954511285877293,0.999835520371102,0.9999740720612345,0.9999673911413296,0.9978912893301672,0.995807345610646,0.9955148341400459,0.9944809132319565,0.9920995409092258,0.984385170923863,0.9858250574330908,0.9811480740220576,0.9203947121941334,0.8002387857220397,0.6991207632691511,0.6177142658188246,0.9814374486499382
0.185,8.124120658842443,0.9955384089107979,0.9998405365876255,0.9999750220786378,0.9999685606086994,0.9979371721320217,0.9958889932140746,0.9956012430237318,0.9945833670281738,0.9922363017726331,0.9846181201278272,0.9860420820791237,0.9814178921390798,0.921124785655665,0.8014121363521103,0.7004502538043409,0.6190596438409399,0.9815847967588772
0.186,8.152306901283698,0.9956236684365048,0.9998453807402667,0.9999759337520645,0.9999696837575297,0.9979818762666339,0.995968724802482,0.995685642398534,0.9946835100313682,0.9923701483147264,0.9848466569699679,0.986254908285814,0.9816827612099748,0.9218452064749627,0.8025739008785431,0.7017685769341236,0.6203949005163898,0.9817298316929258
0.187,8.180384804548366,0.9957069614740179,0.9998500593529112,0.9999768087651097,0.9999707625876799,0.9980254363799514,0.9960465925438949,0.9957680865340891,0.9947814030040457,0.9925011535139809,0.985070881463812,0.9864636330004307,0.9819427904210382,0.9225561372225114,0.8037242329395323,0.7030758625897748,0.6217201443339393,0.9818726040620722
0.188,8.20835499207161,0.9957883406755952,0.9998545786792848,0.9999776487216845,0.9999717990057665,0.998067885974505,0.9961226469939792,0.9958486280355935,0.994877104889146,0.9926293882557081,0.9852908909912675,0.9866683505761817,0.9821980861520493,0.9232577371443129,0.8048632836054874,0.7043722387540076,0.6230354822465791,0.9820131630985044
0.189,8.236218082514359,0.995867857093147,0.9998589447150671,0.9999784551500529,0.9999727948298236,0.9981092574512449,0.9961969371518046,0.9959273179009358,0.9949706728711578,0.9927549213997017,0.9855067803815095,0.9868691528511689,0.9824487520586938,0.9239501622422946,0.8059912014315436,0.7056578314974999,0.6243410196993382,0.9821515567007477
0.19,8.263974689808917,0.99594556023266,0.9998631632094186,0.9999792295066517,0.999973751793716,0.9981495821496946,0.9962695105134741,0.9960042055756587,0.9950621624349566,0.9928778198454488,0.985718641987207,0.9870661292246447,0.982694889152259,0.924633565352455,0.8071081325087821,0.7069327650145811,0.6256368606564693,0.9822878314761879
0.191,8.291625423204069,0.9960214981065719,0.9998672396759568,0.9999799731797036,0.9999746715513171,0.9981888903864974,0.9963404131237069,0.996079339005838,0.9951516274224566,0.9929981485950024,0.985926565758191,0.9872593667306717,0.9829365958766992,0.9253080962208212,0.8082142205141942,0.7081971616580971,0.6269231076280158,0.9824220327820467
0.192,8.319170887309646,0.996095717284179,0.9998711794032042,0.9999806874926381,0.9999755556804667,0.9982272114924237,0.9964096896254596,0.996152764688967,0.9952391200871692,0.9931159708136075,0.9861306393126567,0.9874489501092861,0.9831739681831707,0.9259739015772893,0.809309606759427,0.7094511419734792,0.628199861695784,0.9825542047648728
0.193,8.346611682140596,0.9961682629401623,0.999874987464539,0.9999813737073292,0.999976405686719,0.9982645738479088,0.9964773833076692,0.9962245277229285,0.9953246911467507,0.9932313478881708,0.9863309480059956,0.9876349618752557,0.9834070996021265,0.9266311252074131,0.8103944302383468,0.710694824732043,0.6294672225387311,0.982684390398608
0.194,8.373948403160556,0.9962391789013039,0.9998786687276724,0.9999820330271604,0.9999772230068937,0.9983010049171833,0.996543536151195,0.9962946718531335,0.9954083898336213,0.9933443394836574,0.9865275749973422,0.9878174823845253,0.9836360813130621,0.9272799080222086,0.8114688276734529,0.7119283269635256,0.6307252884577915,0.982812631521285
0.195,8.401181641324921,0.9963085076914739,0.9998822278636773,0.9999826665999285,0.9999780090124426,0.9983365312810566,0.9966081888730345,0.996363239517902,0.995490263943734,0.9934550035974956,0.9867206013139217,0.9879965898984352,0.9838610022119976,0.9279203881260358,0.8125329335611758,0.7131517639879001,0.6319741564001493,0.9829389688704182
0.196,8.428311983123427,0.9963762905749524,0.9998856693555901,0.9999832755205924,0.9999787650126378,0.9983711786684129,0.9966713809688849,0.9964302718921576,0.995570359883567,0.9935633966120689,0.9869101059132777,0.9881723606457958,0.9840819489767754,0.9285527008826195,0.8135868802160915,0.7143652494464708,0.6332139219829804,0.9830634421171283
0.197,8.455340010622251,0.996442567598158,0.9998889975066076,0.9999838608338781,0.9999794922575962,0.9984049719864732,0.9967331507541167,0.996495808929506,0.9956487227154123,0.9936695733453678,0.9870961657434602,0.9883448688828979,0.9842990061302567,0.9291769789792669,0.8146307978140804,0.7155688953322787,0.6344446795166702,0.983186089899064
0.198,8.482266301505646,0.9965073776298466,0.9998922164479007,0.9999844235367472,0.9999801919411464,0.9984379353498777,0.9967935354032276,0.9965598894027601,0.9957253962010253,0.993773587099873,0.987278855801246,0.9885141869515335,0.9845122561014881,0.9297933524893388,0.8156648144344656,0.7167628120198315,0.6356665220275282,0.9833069498521598
0.199,8.509091429117095,0.9965707583998407,0.9998953301460612,0.9999849645807348,0.9999808652035471,0.9984700921086377,0.9968525709878336,0.996622550942979,0.9958004228437047,0.9938754897097397,0.9874582491884643,0.9886803853351046,0.9847217792849138,0.9304019489330287,0.8166890561011534,0.7179471082941771,0.6368795412800073,0.9834260586412781
0.2,8.5358159625,0.9966327465363494,0.9998983424102041,0.9999854848741673,0.999981513134066,0.9985014648750045,0.9969102925132632,0.9966838300770768,0.9958738439288615,0.9939753315863452,0.9876344171664954,0.988843532712884,0.9849276540977017,0.9310028933365022,0.8177036468228082,0.7191218913793391,0.6380838277984451,0.9835434519897804
0.201,8.562440466437929,0.9966933776019354,0.9999012568987381,0.9999859852842637,0.999982136773426,0.9985320755493026,0.9969667339538052,0.9967437622640606,0.9959456995631383,0.9940731617622651,0.987807429209009,0.9890036960125015,0.9851299570352504,0.9315963082894474,0.8187087086320863,0.7202872669661304,0.6392794708883363,0.9836591647080738
0.202,8.588965501494396,0.9967526861281826,0.9999040771258239,0.9999864666391285,0.9999827371161264,0.998561945344769,0.997021928286668,0.9968023819299531,0.9960160287121357,0.9941690279337371,0.9879773530530054,0.9891609404607156,0.985328762724943,0.9321823140010858,0.8197043616239563,0.7214433392393604,0.6404665586571534,0.9837732307211581
0.203,8.615391624052206,0.9968107056491149,0.9999068064675354,0.9999869297296418,0.9999833151126456,0.9985910948114423,0.9970759075247015,0.9968597225014503,0.9960848692368003,0.9942629765016683,0.9881442547482198,0.9893153296325353,0.9855241439782061,0.9327610283546891,0.8206907239931296,0.722590210904453,0.6416451780347199,0.9838856830952342
0.204,8.641719386352356,0.9968674687334182,0.999909448167737,0.9999873753112517,0.9999838716715321,0.9986195438591382,0.9971287027479305,0.9969158164383665,0.9961522579285261,0.9943550526112441,0.9883081987049481,0.9894669254987514,0.9857161718409378,0.9333325669606506,0.821667912070627,0.723727983213492,0.6428154147931578,0.9839965540633898
0.205,8.667949336532507,0.9969230070155096,0.9999120053436917,0.9999878041056752,0.999984407661389,0.9986473117795536,0.9971803441339472,0.9969706952649133,0.9962182305430198,0.9944453001901882,0.988469247740351,0.989615788471933,0.9859049156423583,0.9338970432081514,0.8226360403595031,0.7248567559907058,0.643977353566409,0.9841058750504111
0.206,8.694082018665018,0.9969773512255007,0.9999144809914144,0.9999882168025122,0.999984923912759,0.9986744172675305,0.9972308609872076,0.99702438959986,0.9962828218329776,0.9945337619857266,0.98862746312329,0.9897619774509462,0.9860904430423391,0.9344545683154661,0.8235952215697543,0.7259766276574062,0.645131077869352,0.984213676696747
0.207,8.72011797279457,0.9970305312180986,0.9999168779907803,0.9999886140607764,0.999985421219914,0.9987008784415198,0.9972802817672776,0.9970769291856165,0.996346065579619,0.9946204796003025,0.9887829046177454,0.9899055498640458,0.9862728200772647,0.9350052513789505,0.8245455666524283,0.7270876952564004,0.6462766701165182,0.9843199888816616
0.208,8.746057734975368,0.9970825760004848,0.9999191991104032,0.99998899651035,0.9999859003425551,0.9987267128632725,0.9973286341160661,0.9971283429162849,0.9964079946231236,0.99470549352609,0.9889356305248698,0.9900465617105925,0.9864521112044758,0.9355491994207454,0.8254871848329614,0.7281900544758826,0.6474142116404179,0.9844248407456059
0.209,8.771901837307928,0.9971335137592118,0.9999214470122916,0.9999893647533625,0.9999863620074281,0.9987519375567946,0.9973759448840888,0.9971786588647168,0.9964686408920086,0.9947888431783495,0.98908569772372,0.9901850676014433,0.9866283793453441,0.9360865174352426,0.8264201836437599,0.7292837996728221,0.64854378270949,0.9845282607118341
0.21,8.79765080797546,0.9971833718861568,0.9999236242562978,0.9999897193655027,0.9999868069098571,0.9987765690265923,0.997422240155798,0.9972279043086155,0.9965280354314922,0.99487056692767,0.9892331617107188,0.9903211207980617,0.9868016859270242,0.9366173084343421,0.8273446689560487,0.7303690238958617,0.6496654625456809,0.984630276507301
0.211,8.823305171279852,0.9972321770035665,0.9999257333043642,0.999990060897262,0.9999872357152038,0.9988006232752393,0.9974675452740163,0.9972761057557223,0.9965862084308784,0.9949507021311359,0.989378076637885,0.9904547732503935,0.9869720909229303,0.9371416734915426,0.8282607450110059,0.7314458189077364,0.6507793293416634,0.9847309151828572
0.212,8.84886544767726,0.9972799549882299,0.9999277765245823,0.999990389875117,0.9999876490602526,0.9988241158202907,0.9975118848635081,0.9973232889681184,0.9966431892500013,0.9950292851624618,0.9895204953498796,0.9905860756335517,0.9871396528919784,0.9376597117848963,0.8291685144501999,0.7325142752072253,0.6518854602777056,0.9848302031327774
0.213,8.8743321538133,0.9973267309948113,0.9999297561950692,0.9999907068026529,0.9999880475545292,0.9988470617105728,0.9975552828537231,0.9973694789856802,0.9966990064447644,0.9951063514411292,0.9896604694199052,0.9907150773833499,0.9873044290166371,0.9381715206388616,0.8300680783453525,0.7335744820506491,0.6529839315381958,0.9849281661136433
0.214,8.899705802557856,0.9973725294783764,0.9999316745076722,0.9999910121616298,0.9999884317815528,0.9988694755418719,0.9975977625007424,0.9974147001487177,0.996753687791808,0.995181935460565,0.9897980491844993,0.9908418267307272,0.9874664751398284,0.938677195565088,0.8309595362274393,0.7346265274729231,0.6540748183278351,0.9850248292626005
0.215,8.924986903039512,0.9974173742161402,0.9999335335715094,0.9999913064129975,0.9999888023000278,0.9988913714720472,0.99763934640846,0.9974589761198289,0.9968072603123397,0.9952560708153926,0.9899332837772612,0.9909663707351015,0.9876258458007146,0.9391768303021624,0.8318429861151508,0.7356704983081783,0.6551581948875045,0.9851202171150225
0.216,8.95017596067961,0.997461288328469,0.9999353354163543,0.9999915899978589,0.9999891596449768,0.9989127632355906,0.9976800565490261,0.9975023299049985,0.9968597502951558,0.9953287902277937,0.9900662211615446,0.9910887553166875,0.9877825942694105,0.9396705168543471,0.8327185245427259,0.7367064802099601,0.6562341345098119,0.985214353621594
0.217,8.975273477225922,0.9975042942991625,0.9999370819958705,0.9999918633383864,0.9999895043288186,0.9989336641576552,0.9977199142825836,0.9975447838739707,0.9969111833188875,0.9954001255730093,0.9901969081621551,0.9912090252878167,0.9879367725806579,0.9401583455293403,0.8335862465871762,0.7377345576710153,0.6573027095543333,0.9853072621648391
0.218,9.000279950785972,0.9975464139950433,0.9999387751907056,0.9999921268386934,0.9999898368423937,0.9989540871675737,0.9977589403763208,0.9975863597799234,0.9969615842734968,0.9954701079040118,0.9903253904960845,0.9913272243832923,0.9880884315664934,0.9406404049750854,0.8344462458949176,0.738754814042677,0.658363991462547,0.9853989655751157
0.219,9.025195875859987,0.9975876686848799,0.9999404168114486,0.9999923808856622,0.9999901576559406,0.9989740448118882,0.9977971550228711,0.9976270787784692,0.9970109773810533,0.995538767475379,0.9904517128023145,0.9914433952898127,0.9882376208879463,0.9411167822156574,0.8352986147078233,0.7397673315538584,0.6594180507724765,0.9854894861460931
0.22,9.050021743373494,0.99762807905767,0.9999420086014599,0.9999926258497325,0.9999904672200236,0.9989935492669075,0.997834577858079,0.9976669614460096,0.9970593862158161,0.9956061337663972,0.9905759186707209,0.9915575796744948,0.9883843890657973,0.9415875626862533,0.8361434438887114,0.7407721913296645,0.6604649571330428,0.9855788456497324
0.221,9.07475804070956,0.9976676652403033,0.9999435522395766,0.9999928620856504,0.9999907659664184,0.9990126123508143,0.9978712279781609,0.9977060277974654,0.997106833723647,0.9956722355034209,0.9906980506701094,0.9916698182125279,0.9885287835104293,0.94205283026731,0.8369808229462858,0.741769473409629,0.6615047793181379,0.9856670653507862
0.222,9.099405251740695,0.9977064468146314,0.9999450493427025,0.9999930899331823,0.9999910543089525,0.9990312455353371,0.9979071239562792,0.9977442973034074,0.9971533422407797,0.9957371006815162,0.9908181503754108,0.991780150613988,0.9886708505507991,0.9425126673177776,0.8378108400595389,0.7427592567655884,0.6625375852404218,0.9857541660208401
0.223,9.123963856860396,0.9977444428339651,0.999946501468284,0.9999933097177924,0.9999913326443072,0.9990494599570051,0.9979422838585564,0.9977817889066098,0.997198933511968,0.9958007565854131,0.9909362583940636,0.9918886156498395,0.9888106354625604,0.942967154707569,0.8386335821016335,0.7437416193192006,0.663563441964852,0.9858401679519053
0.224,9.148434333014354,0.9977816718390183,0.999947910116682,0.99999352175129,0.9999916013527809,0.9990672664280021,0.997976725259545,0.9978185210380464,0.997243628708036,0.9958632298097889,0.9910524143916133,0.9919952511771534,0.9889481824953646,0.9434163718492102,0.8394491346632769,0.744716637959115,0.6645824157219524,0.9859250909695808
0.225,9.172817153731343,0.9978181518733219,0.9999492767334403,0.9999937263324424,0.9999918607990159,0.999084675446635,0.9980104652571764,0.9978545116323506,0.9972874484428512,0.9959245462789106,0.9911666571165498,0.9921000941635656,0.9890835348993668,0.9438603967287156,0.8402575820755966,0.7456843885578058,0.6655945719208263,0.9860089544458055
0.226,9.197112789153755,0.9978539004981245,0.9999506027114565,0.9999939237475619,0.9999921113326912,0.999101697207431,0.9980435204872085,0.9978897781427614,0.9973304127897427,0.9959847312656532,0.9912790244244126,0.992203180711005,0.9892167349509615,0.9442993059357058,0.8410590074325335,0.7466449459880726,0.6665999751619185,0.9860917773112053
0.227,9.221321706067817,0.9978889348068005,0.9999518893930629,0.9999941142710617,0.9999923532891818,0.9991183416108798,0.9980759071371881,0.997924337555569,0.9973725412973825,0.9960438094099208,0.9913895533011846,0.9923045460787094,0.9893478239777753,0.944733174692793,0.841853492612763,0.7475983841392186,0.6675986892495365,0.9861735780670587
0.228,9.245444367933493,0.9979232714387822,0.9999531380720161,0.9999942981659871,0.999992586990188,0.9991346182728316,0.9981076409599473,0.9979582064040835,0.9974138530051511,0.996101804736487,0.9914982798859998,0.9924042247055594,0.9894768423829374,0.9451620768842529,0.842641118301156,0.7485447759329131,0.6685907772041302,0.9862543747968885
0.229,9.269481234914048,0.9979569265930333,0.999954349995404,0.9999944756845209,0.9999928127443347,0.9991505365335671,0.9981387372866517,0.997991400782141,0.997454366458004,0.9961587406722783,0.9916052394931856,0.9925022502317477,0.9896038296686539,0.9455860850840012,0.8434219640097901,0.7494841933387473,0.6695763012743414,0.986334185177692
0.23,9.293432763905326,0.9979899160410809,0.9999555263654715,0.9999946470684647,0.9999930308477419,0.9991661054665496,0.9981692110394149,0.9980239363571642,0.997494099720859,0.9962146400631158,0.9917104666336624,0.9925986555198079,0.989728824459106,0.9460052705828972,0.8441961080985246,0.7504167073894842,0.6705553229488266,0.9864130264908304
0.231,9.31729940856468,0.9980222551396216,0.9999566683413696,0.9999948125496979,0.9999932415845701,0.9991813338868721,0.9981990767434965,0.9980558283827954,0.9975330703925187,0.9962695251899385,0.991813995035721,0.992693472675025,0.9898518645226949,0.9464197034153903,0.8449636277951467,0.7513423881960217,0.6715279029678538,0.9864909156325762
0.232,9.341081619339622,0.9980539588427165,0.9999577770408316,0.9999949723506141,0.9999934452275391,0.9991962303594123,0.9982283485390981,0.9980870917111141,0.9975712956191468,0.9963234177845213,0.9919158576651984,0.9927867330652437,0.9899729867936536,0.9468294523855278,0.845724599215101,0.7522613049620615,0.6724941013346883,0.9865678691243446
0.233,9.364779843496175,0.9980850417135904,0.9999588535417773,0.9999951266845382,0.9999936420384232,0.9992108032067036,0.9982570401927723,0.9981177408044575,0.9976087921073128,0.9963763390447079,0.9920160867450696,0.9928784673400992,0.9900922273930461,0.9472345850923435,0.8464790973808133,0.7531735259985005,0.67345397732676,0.986643903122606
0.234,9.388394525146886,0.9981155179360488,0.999959898883853,0.9999952757561232,0.9999938322685237,0.9992250605165359,0.9982851651084571,0.9981477897468558,0.9976455761366209,0.996428309649175,0.992114713774476,0.9929687054496851,0.990209621649172,0.94763516795464,0.8472271962406166,0.7540791187375477,0.6744075895066284,0.9867190334285041
0.235,9.41192610527859,0.9981454013255271,0.999960914069905,0.9999954197617292,0.9999940161591188,0.9992390101492946,0.9983127363381519,0.9981772522550968,0.9976816635719364,0.996479349771741,0.992211769547208,0.9930574766626791,0.9903252041173976,0.9480312662351856,0.8479689686872894,0.7549781497465726,0.6753549957327416,0.9867932754971764
0.236,9.43537502177986,0.9981747053397835,0.999961900067393,0.9999955588897832,0.9999941939418944,0.9992526597450475,0.998339766592245,0.9982061416894329,0.9977170698752262,0.9965294790952393,0.9923072841696584,0.9931448095839421,0.9904390085994278,0.9484229440643384,0.8487044865762168,0.7558706847416888,0.6762962531699996,0.9868666444467984
0.237,9.458741709468146,0.9982034430892494,0.9999628578097458,0.9999956933211239,0.9999943658393533,0.9992660167303898,0.9983662682495067,0.9982344710639435,0.9977518101170232,0.9965787168249655,0.9924012870782635,0.9932307321716103,0.9905510681620416,0.9488102644631137,0.8494338207431813,0.756756788601088,0.6772314183001227,0.9869391550673542
0.238,9.482026600116686,0.9982316273470494,0.9999637881976594,0.9999958232293302,0.9999945320652072,0.9992790883250566,0.99839225336676,0.998262253056564,0.9977858989875308,0.996627081701717,0.9924938070564494,0.9933152717536928,0.9906614151553014,0.9491932893657107,0.8501570410217938,0.7576365253781138,0.6781605469318281,0.9870108218291446
0.239,9.505230122481072,0.9982592705587013,0.9999646921003432,0.9999959487810336,0.9999946928247497,0.9992918815483092,0.9984177336882384,0.9982895000187947,0.9978193508073788,0.9966745920144371,0.9925848722510975,0.9933984550441943,0.9907700812302574,0.9495720796415122,0.8508742162605729,0.7585099583141013,0.6790836942108269,0.9870816588910413
0.24,9.52835270232558,0.9982863848515083,0.9999655703567144,0.9999960701362168,0.9999948483152137,0.9993044032251063,0.9984427206546451,0.9983162239850986,0.9978521795380422,0.9967212656124756,0.9926745101885446,0.9934803081587749,0.9908770973561618,0.9499466951165705,0.8515854143396805,0.7593771498509674,0.6800009146296341,0.9871516801084975
0.241,9.551394762449215,0.998312982043654,0.999966423776544,0.9999961874484993,0.9999949987261109,0.9993166599920671,0.9984672254119207,0.9983424366820016,0.9978843987919345,0.9967671199174816,0.9927627477901335,0.993560856629964,0.990982493837205,0.9503171945945944,0.8522907021873208,0.7602381616435739,0.6809122620372041,0.98722089904132
0.242,9.574356722711473,0.9983390736530098,0.9999672531415558,0.9999963008654087,0.9999951442395578,0.9993286583032327,0.9984912588197317,0.9983681495369032,0.9979160218421883,0.9968121719349371,0.9928496113873261,0.9936401254219404,0.9910863003287922,0.9506836358774505,0.8529901457958133,0.7610930545718578,0.6818177896483935,0.9872893289612128
0.243,9.597239000057835,0.9983646709056655,0.9999680592064809,0.9999964105286405,0.9999952850305858,0.9993404044356348,0.998514831459689,0.9983933736866091,0.9979470616321316,0.9968564382653468,0.9929351267363945,0.9937181389448942,0.9911885458533728,0.9510460757851904,0.8536838102373447,0.7619418887527394,0.6827175500532519,0.9873569828590988
0.244,9.620042008545035,0.9983897847441925,0.9999688427000698,0.9999965165743058,0.9999954212674373,0.999351904494678,0.998537953643306,0.9984181199855946,0.9979775307844716,0.9968999351150922,0.9930193190327015,0.9937949210689826,0.9912892588158351,0.9514045701756171,0.854371759679408,0.7627847235518093,0.6836115952261478,0.9874238734522287
0.245,9.642766159365994,0.9984144258356478,0.9999696043260632,0.9999966191331674,0.9999955531118501,0.9993631644193433,0.9985606354197045,0.9984423990140087,0.998007441610195,0.9969426783069645,0.9931022129245848,0.993870495137891,0.9913884670184823,0.9517591739634028,0.8550540573999372,0.7636216175948046,0.6844999765347337,0.9874900131910809
0.246,9.665411860874569,0.998438604579329,0.9999703447641234,0.9999967183308662,0.9999956807193268,0.9993741899872168,0.9985828865830785,0.9984662210854273,0.9980368061171953,0.9969846832903826,0.9931838325268558,0.9939448839820152,0.9914861976755998,0.9521099411387691,0.855730765802142,0.7644526287788708,0.6853827447487488,0.9875554142660613
0.247,9.687979518609993,0.9984623311142884,0.9999710646707297,0.9999968142881365,0.9999958042393942,0.9993849868193543,0.998604716679923,0.9984895962543644,0.9980656360186362,0.9970259651513104,0.9932642014339256,0.9940181099312727,0.9915824774276277,0.9524569247857421,0.8564019464290532,0.7652778142836226,0.6862599500486704,0.9876200886140112
0.248,9.710469535321101,0.9984856153266136,0.9999717646800365,0.9999969071210119,0.9999959238158502,0.9993955603849825,0.9986261350160366,0.9985125343235499,0.9980939427410588,0.9970665386218812,0.9933433427325691,0.9940901948275572,0.9916773323549499,0.9528001770999912,0.8570676599777804,0.7660972305820014,0.6871316420342082,0.9876840479245264
0.249,9.732882310990268,0.9985084668564835,0.9999724454046979,0.9999969969410217,0.9999960395870005,0.9994059160060471,0.9986471506633057,0.9985350448509803,0.9981217374322424,0.997106418089739,0.993421279014339,0.9941611600368463,0.9917707879913111,0.9531397494062658,0.8577279663134942,0.7669109334509374,0.6879978697326535,0.9877473036460936
0.25,9.755218242857143,0.9985308951050069,0.9999731074366592,0.9999970838553799,0.9999961516858831,0.9994160588616113,0.9986677724662767,0.9985571371567528,0.9981490309688267,0.9971456176071056,0.9934980323876395,0.9942310264609728,0.9918628693368737,0.9534756921754365,0.8583829244831341,0.767718977981819,0.688858681607081,0.9878098669920536
0.251,9.777477725442099,0.9985529092408515,0.9999737513479177,0.9999971679671631,0.9999962602404859,0.9994259939921093,0.9986880090485254,0.9985788203296873,0.9981758339637035,0.997184150899583,0.9935736244894704,0.9942998145490707,0.9919536008709241,0.9538080550411542,0.8590325927288525,0.7685214185907756,0.6897141255644085,0.987871748946393
0.252,9.799661150569477,0.9985745182066688,0.9999743776912519,0.9999972493754837,0.999996365373952,0.9994357263034618,0.9987078688188284,0.9986001032337459,0.9982021567731852,0.9972220313746994,0.9936480764968519,0.994367544308705,0.9920430065642399,0.9541368868161338,0.8596770285011954,0.769318309028773,0.6905642489633139,0.9879329602693717
0.253,9.821768907390561,0.998595730725324,0.9999749870009237,0.9999973281756528,0.9999964672047772,0.9994452605710571,0.9987273599771448,0.9986209945142548,0.9982280095039578,0.9972592721302065,0.9937214091379393,0.9944342353166967,0.9921311098911275,0.9544622355080751,0.8603162884720345,0.770109702391532,0.69140909862202,0.9879935115029919
0.254,9.843801382406358,0.9986165553059361,0.9999755797933522,0.999997404459337,0.9999965658469994,0.9994546014436034,0.9987464905204131,0.998641502603936,0.9982534020198253,0.9972958859621366,0.993793642702836,0.994499906729649,0.9922179338411399,0.9547841483352276,0.8609504285472447,0.7708956511292687,0.6922487208259408,0.9880534129763128
0.255,9.865758959490085,0.9986370002497338,0.9999761565677604,0.9999974783147092,0.9999966614103785,0.9994637534468557,0.9987652682481712,0.9986616357287557,0.9982783439482524,0.9973318853726272,0.993864797054117,0.994564577294188,0.992303500930484,0.9551026717416102,0.8615795038791441,0.7716762070562622,0.6930831613351992,0.9881126748106137
0.256,9.887642019909503,0.9986570736557353,0.9999767178067981,0.9999975498265903,0.9999967540005696,0.9994727209872233,0.9987837007680046,0.9986814019135942,0.9983028446867127,0.9973672825775197,0.9939348916370672,0.9946282653569223,0.9923878332131277,0.9554178514118924,0.8622035688786923,0.7724514213602531,0.6939124653920145,0.9881713069244178
0.257,9.909450942348954,0.998676783426256,0.9999772639771393,0.9999976190765876,0.9999968437192885,0.9994815083552602,0.9988017955008275,0.9987008089877455,0.9983269134088473,0.997402089513741,0.9940039454896465,0.9946909888741333,0.9924709522916133,0.9557297322859478,0.8628226772274603,0.7732213446116778,0.694736677727966,0.9882293190383694
0.258,9.93118610293123,0.9986961372722513,0.9999777955300566,0.9999976861432248,0.9999969306644693,0.9994901197290447,0.9988195596860048,0.9987198645902483,0.9983505590704418,0.9974363178464718,0.994071977252188,0.9947527654212028,0.9925528793275876,0.9560383585730865,0.8634368818893698,0.7739860267727374,0.6955558425711295,0.9882867206799809
0.259,9.952847875239167,0.9987151427184979,0.9999783129019741,0.9999977511020679,0.999997014930416,0.99949855917745,0.998837000386318,0.9987385761750595,0.9983737904152259,0.9974699789761131,0.9941390051768381,0.9948136122017854,0.992633635052057,0.9563437737659746,0.8640462351222136,0.7747455172063122,0.6963700036530968,0.9883435211882461
0.26,9.97443663033708,0.9987338071086218,0.9999788165149979,0.9999978140258449,0.999997096607948,0.9995068306633108,0.9988541244927814,0.9987569510160693,0.9983966159805029,0.9975030840450516,0.9942050471367447,0.9948735460567344,0.9927132397753744,0.9566460206542493,0.8646507884889554,0.7754998646847157,0.6971792042158744,0.9883997297181258
0.261,9.995952736791923,0.9987521376099747,0.9999793067774269,0.9999978749845602,0.9999971757845381,0.999514938046489,0.9988709387293131,0.9987749962119686,0.9984190441026133,0.9975356439442349,0.9942701206350041,0.9949325834727879,0.9927917133969661,0.9569451413378375,0.8652505928688216,0.776249117398301,0.6979834870186672,0.9884553552449116
0.262,10.01739656069429,0.9987701412183668,0.9999797840842434,0.9999979340456046,0.9999972525444456,0.9995228850868428,0.9988874496572661,0.9987927186909699,0.9984410829222383,0.99756766931956,0.9943342428133685,0.994990740591022,0.9928690754148074,0.9572411772399821,0.8658456984681806,0.7769933229639137,0.6987828943445468,0.9885104065684702
0.263,10.03876846567915,0.9987878247626583,0.9999802488175854,0.9999979912738601,0.9999973269688436,0.9995306754471008,0.9989036636798229,0.9988101252153873,0.9984627403895493,0.997599170578082,0.9943974304607267,0.9950480332150791,0.9929453449346516,0.9575341691199891,0.8664361548312223,0.7777325284332028,0.6995774680070113,0.9885648923173689
0.264,10.06006881294643,0.9988051949092158,0.9999807013472007,0.9999980467318008,0.9999973991359405,0.9995383126956466,0.9989195870462599,0.9988272223860817,0.9984840242692059,0.9976301578940471,0.994459700021361,0.9951044768191764,0.9930205406790227,0.9578241570856957,0.8670220108504364,0.7784667803007834,0.7003672493564319,0.9886188209528927
0.265,10.081297961281336,0.9988222581662369,0.9999811420308836,0.9999981004795885,0.9999974691210972,0.9995458003092152,0.9989352258560844,0.9988440166467737,0.9985049421452107,0.9976606412147576,0.9945210676029872,0.9951600865559026,0.9930946809959754,0.9581111806056712,0.8676033147768981,0.7791961245122648,0.7011522792863971,0.9886722007729513
0.266,10.10245626707453,0.9988390208879484,0.9999815712148947,0.9999981525751651,0.9999975369969383,0.9995531416755052,0.9989505860630485,0.9988605142882291,0.9985255014256215,0.9976906302662725,0.9945815489845864,0.9952148772638072,0.9931677838676315,0.9583952785211551,0.8681801142303611,0.7799206064721357,0.7019325982399472,0.9887250399158792
0.267,10.123544084342031,0.9988554892786801,0.9999819892343658,0.9999982030743408,0.9999976028334591,0.9995603400957087,0.9989656734790445,0.9988767214523221,0.9985457093471292,0.9977201345589479,0.9946411596240307,0.995268863474791,0.9932398669184974,0.9586764890577392,0.8687524562091669,0.7806402710515186,0.7027082462157102,0.9887773463641356
0.268,10.144561764745012,0.9988716693968211,0.9999823964136882,0.9999982520308784,0.9999976666981287,0.9995673987869633,0.9989804937778852,0.9988926441359779,0.9985655729795028,0.9977491633928255,0.9946999146655124,0.9953220594213007,0.9933109474235697,0.958954849836799,0.8693203870999687,0.7813551625957893,0.7034792627739326,0.9888291279479045
0.269,10.165509657609297,0.9988875671586599,0.9999827930668874,0.9999982994965743,0.9999977286559882,0.9995743208847273,0.9989950524989736,0.9989082881950012,0.9985850992299073,0.9977777258628697,0.9947578289467808,0.9953744790433359,0.9933810423162351,0.9592303978866834,0.86988395268728,0.7820653249320699,0.704245687042415,0.9888803923485956
0.27,10.186388109944753,0.998903188342113,0.9999831794979832,0.9999983455213353,0.9999977887697444,0.9995811094450809,0.9990093550508634,0.9989236593477929,0.9986042948470982,0.9978058308640607,0.9948149170061908,0.9954261359952717,0.9934501681959697,0.9595031696536642,0.8704431981628457,0.7827708013765922,0.7050075577223492,0.9889311471022594
0.271,10.207197466464422,0.9989185385903456,0.9999835560013364,0.999998390153254,0.9999978470998605,0.9995877674469572,0.9990234067147175,0.9989387631789572,0.9986231664254952,0.9978334870963474,0.9948711930895717,0.9954770436525048,0.9935183413358435,0.9597732010126548,0.8709981681348442,0.7834716347419386,0.7057649130940611,0.9889813996029021
0.272,10.227938069603525,0.9989336234152878,0.9999839228619825,0.9999984334386787,0.9999979037046424,0.9995942977943039,0.9990372126476628,0.9989536051428064,0.9986417204091411,0.9978607030694634,0.9949266711569186,0.9955272151179249,0.9935855776898362,0.9600405272777023,0.871548906636921,0.7841678673441602,0.7065177910226561,0.9890311571057215
0.273,10.248610259538207,0.9989484482010489,0.9999842803559535,0.9999984754222819,0.9999979586403221,0.9996007033181779,0.9990507778860506,0.9989681905667623,0.9986599630955485,0.9978874871076117,0.9949813648889125,0.9955766632282196,0.9936518928999692,0.9603051832122579,0.8720954571370589,0.7848595410097766,0.7072662289635815,0.9890804267302515
0.274,10.269214374204171,0.9989630182072343,0.9999846287505867,0.999998516147126,0.9999980119611368,0.9996069867787771,0.9990641073486193,0.9989825246546603,0.9986779006394358,0.9979138473540201,0.995035287693275,0.995625400560016,0.9937173023032579,0.9605672030392319,0.8726378625462874,0.7855466970826565,0.7080102639680903,0.9891292154634281
0.275,10.289750749315067,0.9989773385721672,0.9999849683048229,0.9999985556547248,0.9999980637194055,0.9996131508674094,0.9990772058395679,0.998996612489959,0.9986955390563604,0.9979397917753743,0.9950884527109598,0.9956734394358632,0.9937818209384912,0.9608266204508378,0.8731761652272361,0.7862293764307866,0.708749932688624,0.9891775301625725
0.276,10.310219718380745,0.9989914143160173,0.9999852992694933,0.9999985939851047,0.9999981139656018,0.9996191982084011,0.9990900780515398,0.9990104590388562,0.998712884226247,0.997965328166128,0.9951408728221875,0.9957207919300615,0.9938454635528419,0.9610834686182302,0.8737104070025319,0.7869076194529243,0.7094852713841036,0.9892253775582973
0.277,10.330621612725286,0.9990052503438422,0.999985621887596,0.9999986311768609,0.9999981627484247,0.9996251313609475,0.9991027285685207,0.9990240691533177,0.9987299418968191,0.9979904641526989,0.9951925606523286,0.9957674698743423,0.9939082446083118,0.9613377802009433,0.8742406291630488,0.7875814660851439,0.7102163159251405,0.9892727642573381
0.278,10.350956761504909,0.9990188514485404,0.999985936394562,0.9999986672672133,0.9999982101148651,0.9996309528209091,0.9991151618686536,0.9990374475740176,0.9987467176869327,0.998015207197548,0.9952435285776363,0.9958134848634019,0.9939701782880189,0.9615895873561311,0.8747668724760074,0.7882509558072703,0.710943101799162,0.9893196967453112
0.279,10.371225491725639,0.9990322223137216,0.9999862430185115,0.9999987022920591,0.9999982561102713,0.9996366650225503,0.9991273823269731,0.9990505989331974,0.9987632170898181,0.9980395646031521,0.9952937887308362,0.9958588482602948,0.9940312785023271,0.9618389217476181,0.8752891771929313,0.7889161276492114,0.7116656641154557,0.9893661813893982
0.28,10.391428128260872,0.999045367516496,0.9999865419805012,0.9999987362860234,0.99999830077841,0.9996422703402291,0.9991393942180623,0.9990635277574411,0.998779445476231,0.9980635435158672,0.9953433530065748,0.9959035712016898,0.9940915588948263,0.9620858145547617,0.8758075830574625,0.7895770201971816,0.7123840376101336,0.9894122244409661
0.281,10.411564993868692,0.9990582915301849,0.9999868334947625,0.9999987692825077,0.9999983441615269,0.9996477710900329,0.9991512017186331,0.9990762384703746,0.9987954080975161,0.998087150929689,0.995392233066733,0.9959476646029922,0.9941510328481648,0.9623302964811326,0.8763221293130365,0.790233671599827,0.71309825665102,0.9894578320381145
0.282,10.4316364092091,0.9990709987269543,0.9999871177689303,0.9999988013137366,0.9999983863004026,0.9996531695313676,0.999162808910034,0.9990887353952871,0.998811110088586,0.9981103936899135,0.9954404403456046,0.9959911391633374,0.9942097134897389,0.9625723977630163,0.8768328547104234,0.7908861195742487,0.7138083552424587,0.9895030102081626
0.283,10.451642692861006,0.9990834933803757,0.9999873950042647,0.9999988324108026,0.9999984272344081,0.999658467868498,0.9991742197806862,0.999101022757679,0.9988265564708179,0.9981332784966983,0.9954879860549484,0.9960340053704569,0.9942676136972433,0.962812148177741,0.877339797515135,0.7915344014119272,0.7145143670300489,0.98954776487007
0.284,10.471584161339091,0.9990957796679151,0.9999876653958638,0.9999988626037085,0.9999984670015575,0.9996636682520424,0.9991854382284526,0.9991131046877393,0.9988417521548701,0.9981558119085309,0.9955348811889124,0.9960762735054242,0.994324746104086,0.9630495770518345,0.8778429955147018,0.7921785539845526,0.7152163253053032,0.989592101836798
0.285,10.491461129110512,0.9991078616733517,0.9999879291328689,0.9999988919214092,0.9999985056385579,0.999668772780423,0.9991964680629379,0.9991249852227524,0.998856701943422,0.998178000345604,0.9955811365288385,0.9961179536472793,0.9943811231046725,0.9632847132690157,0.8783424860258231,0.7928186137497587,0.7159142630102355,0.9896360268176092
0.286,10.51127390861141,0.9991197433891311,0.999988186398663,0.9999989203918507,0.999998543180858,0.9996737835012729,0.9992073130077257,0.9991366683094387,0.9988714105338383,0.9981998500931017,0.9956267626479461,0.9961590556775389,0.9944367568595601,0.9635175852780227,0.8788383059013907,0.7934546167567642,0.7166082127418767,0.9896795454203109
0.287,10.531022810263298,0.999131428718651,0.9999884373710614,0.9999989480420078,0.9999985796626953,0.9996787024128019,0.9992179767025522,0.9991481578062295,0.9988858825207607,0.9982213673043988,0.9956717699159021,0.9961995892845935,0.994491659300489,0.9637482211002832,0.8793304915373911,0.7940865986519243,0.7172982067567202,0.9897226631534406
0.288,10.55070814248927,0.9991429214784857,0.9999886822224955,0.9999989748979214,0.99999861511714,0.9996835314651216,0.9992284627054201,0.9991594574854785,0.9989001223986291,0.9982425580041763,0.9957161685032776,0.9962395639679954,0.9945458421352914,0.9639766483374291,0.8798190788796878,0.7947145946841918,0.7179842769750981,0.9897653854283989
0.289,10.570330211730047,0.9991542254005481,0.9999889211201909,0.9999990009847325,0.9999986495761387,0.9996882725615317,0.9992387744946527,0.9991705710356135,0.998914134564134,0.9982634280914547,0.995759968385896,0.9962789890426397,0.9945993168526829,0.9642028941786596,0.8803041034306849,0.7953386397104911,0.7186664549854918,0.9898077175615269
0.29,10.589889322459891,0.9991653441341926,0.9999891542263382,0.9999990263267156,0.9999986830705545,0.9996929275597689,0.9992489154708911,0.9991815020632264,0.9989279233186031,0.9982839833425485,0.9958031793490748,0.9963178736428424,0.9946520947269382,0.9644269854079568,0.8807856002558763,0.7959587682010063,0.7193447720487737,0.9898496647761331
0.291,10.609385777202348,0.9991762812482599,0.9999893816982581,0.9999990509473117,0.9999987156302078,0.9996974982732181,0.9992588889590371,0.999192254095108,0.9989414928703226,0.9983042294139425,0.9958458109917632,0.9963562267263176,0.9947041868224558,0.9646489484111561,0.8812636039902813,0.7965750142443841,0.7200192591023862,0.9898912322044706
0.292,10.628819876545842,0.9991870402330667,0.9999896036885609,0.9999990748691586,0.9999987472839139,0.9997019864720897,0.999268698210141,0.9992028305802255,0.9989548473367965,0.9983241718450943,0.9958878727305802,0.9963940570780566,0.994755603998213,0.964868809182875,0.8817381488447699,0.7971874115528561,0.7206899467644545,0.9899324248896637
0.293,10.648191919159126,0.9991976245023403,0.9999898203453002,0.999999098114121,0.9999987780595195,0.9997063938845617,0.9992783464032381,0.9992132348916458,0.9989679907469451,0.9983438160611634,0.9959293738037542,0.9964313733141119,0.9948063569121154,0.9650865933333044,0.8822092686122798,0.7977959934672765,0.7213568653378399,0.9899732477875889
0.294,10.667502201806588,0.9992080373951004,0.9999900318121203,0.9999991207033182,0.999998807983938,0.9997107221978886,0.9992878366471352,0.9992234703284072,0.9989809270432441,0.9983631673756698,0.9959703232749676,0.9964681838852885,0.9948564560252429,0.9653023260948642,0.8826769966739253,0.798400792962084,0.7220200448141276,0.9900137057687091
0.295,10.686751019363395,0.9992182821774911,0.9999902382284007,0.9999991426571523,0.999998837083183,0.9997149730594785,0.9992971719821474,0.9992335401173393,0.9989936600838075,0.9983822309930838,0.996010730037108,0.9965044970807448,0.994905911605995,0.9655160323287268,0.8831413660050045,0.7990018426501811,0.7226795148775564,0.9900538036198626
0.296,10.705938664830509,0.9992283620445612,0.9999904397293926,0.9999991639953341,0.9999988653824012,0.9997191480779395,0.9993063553817877,0.9992434474148337,0.9990061936444136,0.9984010120113492,0.9960506028159307,0.9965403210315066,0.9949547337341383,0.9657277365312122,0.8836024091809018,0.7995991747877413,0.7233353049088901,0.9900935460460083
0.297,10.72506542934955,0.9992382801219988,0.9999906364463532,0.9999991847369084,0.9999988929059034,0.9997232488240946,0.9993153897544109,0.9992531953085667,0.9990185314204785,0.9984195154243418,0.9960899501736313,0.9965756637138942,0.9950029323047594,0.9659374628400555,0.8840601583828913,0.8001928212789363,0.723987443989226,0.9901329376719299
0.298,10.744131602217529,0.999248039467817,0.9999908285066738,0.9999992049002785,0.9999989196771945,0.999727276831969,0.999324277944812,0.9992627868191757,0.9990306770289761,0.9984377461242641,0.9961287805123347,0.996610532952868,0.9950505170321234,0.9661452350405526,0.8845146454038422,0.8007828136805923,0.724635960903752,0.9901719830438976
0.299,10.763137470901423,0.999257643073996,0.9999910160340034,0.9999992245032292,0.9999989457190022,0.9997312335997482,0.9993330227357822,0.9992722249018898,0.9990426340103081,0.9984557089039798,0.9961671020774989,0.9966449364252921,0.9950974974534432,0.9663510765715837,0.8849659016538264,0.8013691832067722,0.7252808841454426,0.990210686631289
0.3,10.782083321052632,0.99926709386808,0.99999119914837,0.9999992435629492,0.9999989710533053,0.9997351205907085,0.9993416268496221,0.999281512448117,0.9990544058301246,0.9984734084592884,0.9962049229612404,0.9966788816631202,0.9951438829325605,0.9665550105315207,0.8854139581656335,0.8019519607332869,0.7259222419187015,0.990249052828173
0.301,10.800969436521282,0.999276394714732,0.9999913779662941,0.9999992620960532,0.9999989957013595,0.9997389392341216,0.9993500929496146,0.999290652286989,0.9990659958810958,0.9984908493911416,0.9962422511055777,0.996712376056504,0.9951896826635405,0.9667570596840167,0.8858588456001912,0.8025311768021361,0.726560062142951,0.9902870859548546
0.302,10.819796099370409,0.9992855484172473,0.9999915526009026,0.9999992801186017,0.9999990196837244,0.9997426909261335,0.9993584236414581,0.9992996471868641,0.9990774074846385,0.9985080362078037,0.9962790943056001,0.9967454268568269,0.9952349056741835,0.9669572464636852,0.8863005942518962,0.8031068616258816,0.7271943724561658,0.990324790259383
0.303,10.838563589889993,0.999294557719026,0.9999917231620347,0.9999992976461219,0.9999990430202864,0.9997463770306177,0.9993666214746604,0.9993084998567907,0.9990886438925966,0.9985249733269574,0.9963154602125609,0.9967780411796665,0.9952795608294552,0.9671555929816671,0.8867392340538552,0.8036790450919499,0.7278252002183556,0.9903621699190226
0.304,10.857272186610878,0.9993034253050076,0.9999918897563472,0.9999993146936262,0.9999990657302842,0.9997499988800052,0.999374688943897,0.9993172129479309,0.9990997082888782,0.9985416650777569,0.9963513563368972,0.9968102260076851,0.9953236568348367,0.9673521210310906,0.8871747945830386,0.8042477567668723,0.7284525725149958,0.9903992290416912
0.305,10.875922166318537,0.9993121538030661,0.9999920524874146,0.9999993312756307,0.9999990878323305,0.9997535577760898,0.9993826284903317,0.9993257890549472,0.9991106037910494,0.9985581157028278,0.9963867900511801,0.9968419881934517,0.9953672022395985,0.9675468520924255,0.8876073050653484,0.8048130259004576,0.7290765161604083,0.9904359716673632
0.306,10.894513804066737,0.9993207457853701,0.9999922114558265,0.999999347406173,0.9999991093444345,0.9997570549908125,0.999390442502902,0.9993342307173526,0.9991213334518874,0.9985743293602192,0.9964217685929945,0.9968733344621972,0.9954102054399978,0.9677398073387343,0.8880367943806022,0.8053748814299001,0.7296970577010915,0.9904724017694384
0.307,10.913047373191047,0.9993292037697056,0.9999923667592808,0.9999993630988293,0.9999991302840229,0.9997604917670224,0.9993981333195718,0.9993425404208238,0.9991319002608927,0.9985903101253041,0.9964562990677517,0.9969042714145042,0.9954526746824038,0.9679310076408215,0.8884632910674353,0.8059333519838279,0.7303142234190019,0.9905085232560806
0.308,10.931523145322245,0.9993375302207644,0.9999925184926752,0.9999993783667308,0.9999991506679602,0.9997638693192169,0.9994057032285496,0.9993507205984814,0.9991423071457628,0.9986060619926347,0.9964903884514372,0.9969348055289339,0.9954946180663502,0.9681204735722854,0.8888868233281189,0.806488465886285,0.7309280393347883,0.9905443399715241
0.309,10.949941390399584,0.9993457275513998,0.9999926667481942,0.9999993932225792,0.9999991705125686,0.9997671888342607,0.9994131544694747,0.9993587736321349,0.9991525569738274,0.9986215888777502,0.996524043593294,0.9969649431645895,0.9955360435475187,0.9683082254144717,0.8893074190333039,0.8070402511606568,0.7315385312109771,0.9905798556973495
0.31,10.968302376683937,0.9993537981238482,0.9999928116153936,0.999999407678662,0.9999991898336466,0.9997704514720861,0.9994204892345724,0.9993667018534967,0.9991626525534472,0.9986368946189399,0.9965572712184435,0.9969946905636214,0.9955769589406542,0.9684942831613342,0.8897251057266817,0.8075887355335335,0.7321457245551131,0.9906150741537291
0.311,10.986606370770822,0.9993617442509188,0.9999929531812826,0.9999994217468671,0.9999992086464871,0.9997736583663718,0.9994277096697793,0.9993745075453632,0.9991725966353762,0.998651982978963,0.9965900779304461,0.9970240538536721,0.9956173719224142,0.9686786665242014,0.8901399106295719,0.808133946438516,0.732749644622854,0.990649999000645
0.312,11.004853637603306,0.9993695681971543,0.9999930915304027,0.999999435438697,0.9999992269658952,0.9997768106252047,0.9994348178758381,0.9993821929427649,0.9991823919140898,0.9986668576467247,0.9966224702138022,0.9970530390502647,0.9956572900341527,0.9688613949364534,0.8905518606454332,0.8086759110199637,0.7333503164210189,0.9906846338390782
0.313,11.023044440484787,0.9993772721799589,0.999993226744904,0.9999994487652819,0.9999992448062046,0.9997799093317226,0.9994418159093641,0.999389760234088,0.9991920410290781,0.998681522238913,0.9966544544363967,0.9970816520591356,0.995696720684642,0.9690424875581097,0.8909609823643025,0.8092146561366867,0.7339477647105948,0.9907189822121693
0.314,11.041179041091658,0.9993848583706988,0.9999933589046192,0.9999994617373931,0.9999992621812944,0.9997829555447387,0.9994487057838847,0.9993972115621659,0.9992015465661076,0.998695980301593,0.9966860368518855,0.9971098986785126,0.9957356711527331,0.969221963280331,0.8913673020671591,0.8097502083655816,0.734542014009698,0.990753047606354
0.315,11.059257699485862,0.9993923288957741,0.9999934880871342,0.9999994743654553,0.9999992791046043,0.9997859502993505,0.9994554894708504,0.9994045490253417,0.9992109110584496,0.9987102353117634,0.9967172236020292,0.997137784601341,0.9957741485899555,0.9693998407298352,0.8917708457302211,0.8102825940052127,0.7351330885964951,0.9907868334524724
0.316,11.077280674127309,0.9993996858376628,0.9999936143678584,0.9999994866595587,0.9999992955891494,0.9997888946075295,0.9994621689006213,0.9994117746785054,0.9992201369880778,0.9987242906788746,0.9967480207189724,0.9971653154174563,0.9958121600230591,0.9695761382732311,0.8921716390291696,0.8108118390793408,0.7357210125120779,0.9908203431268523
0.317,11.095248221886212,0.9994069312359378,0.99999373782009,0.9999994986294707,0.9999993116475354,0.9997917894586976,0.999468745963426,0.9994188905341023,0.9992292267868363,0.9987381497463096,0.9967784341274711,0.9971924966157096,0.9958497123564997,0.9697508740212699,0.8925697073433064,0.8113379693403975,0.7363058095633037,0.9908535799523672
0.318,11.113160598055272,0.9994140670882583,0.9999938585150814,0.9999995102846466,0.9999993272919722,0.9997946358202854,0.9994752225102981,0.9994258985631166,0.9992381828375773,0.998751815792829,0.9968084696470698,0.9972193335860409,0.9958868123748678,0.9699240658330185,0.8929650757596437,0.8118610102729094,0.7368875033255877,0.9908865471994719
0.319,11.131018056361778,0.999421095351336,0.9999939765221011,0.9999995216342411,0.9999993425342869,0.9997974346382765,0.9994816003539859,0.9994328006960297,0.9992470074752707,0.9987652920339806,0.9968381329942286,0.9972458316215073,0.9959234667452643,0.9700957313199533,0.8933577690769283,0.8123809870968706,0.7374661171456617,0.990919248087214
0.32,11.148820848979593,0.9994280179418764,0.999994091908494,0.9999995326871182,0.9999993573859375,0.999800186837737,0.9994878812698416,0.9994395988237537,0.9992557029880855,0.9987785816234749,0.9968674297844032,0.9972719959202633,0.9959596820196231,0.9702658878499788,0.8937478118096019,0.8128979247710654,0.7380416741442906,0.9909516857842225
0.321,11.166569226541009,0.9994348367374954,0.9999942047397399,0.9999995434518609,0.9999993718580251,0.9998028933233299,0.999494066996685,0.9994462947985414,0.9992642716184448,0.9987916876545279,0.9968963655340767,0.9972978315874961,0.9959954646369823,0.9704345525513712,0.8941352281916973,0.8134118479963417,0.7386141972189508,0.990983863409674
0.322,11.184263438148525,0.9994415535776149,0.99999431507951,0.9999995539367816,0.9999993859613057,0.9998055549798165,0.9995001592376473,0.9994528904348728,0.9992727155640533,0.9988046131611705,0.9969249456627463,0.9973233436373172,0.996030820925704,0.9706017423166489,0.8945200421806718,0.8139227812188361,0.7391837090464717,0.9910157840342361
0.323,11.20190373138649,0.9994481702643327,0.9999944229897209,0.9999995641499305,0.9999993997062022,0.9998081726725434,0.9995061596609922,0.9994593875103196,0.9992810369789005,0.9988173611195273,0.9969531754948653,0.9973485369946105,0.9960657571056478,0.9707674738063712,0.8949022774611812,0.8144307486331522,0.7397502320856385,0.991047450680993
0.324,11.219490352332658,0.9994546885632734,0.9999945285305879,0.9999995740991052,0.9999994131028151,0.9998107472479171,0.9995120699009158,0.9994657877663875,0.9992892379742384,0.998829934449064,0.9969810602617419,0.9973734164968384,0.9961002792902934,0.9709317634528675,0.8952819574487927,0.8149357741854911,0.7403137885797597,0.9910788663263479
0.325,11.23702354556962,0.9994611102044157,0.9999946317606759,0.9999995837918588,0.999999426160934,0.9998132795338657,0.9995178915583276,0.999472092909337,0.9992973206195348,0.9988423360138053,0.9970086051033948,0.9973979868958074,0.9961343934888187,0.9710946274638974,0.8956591052936393,0.8154378815767375,0.7408744005591987,0.9911100339009049
0.326,11.254503554196159,0.9994674368829002,0.9999947327369487,0.9999995932355085,0.9999994388900468,0.9998157703402877,0.9995236262016104,0.9994783046109844,0.999305286943403,0.9988545686235241,0.9970358150703678,0.9974222528593937,0.9961681056081314,0.9712560818262438,0.8960337438840157,0.8159370942654983,0.7414320898438683,0.9911409562903335
0.327,11.271930619838466,0.9994736702598161,0.9999948315148169,0.9999996024371433,0.9999994512993513,0.9998182204594896,0.9995292753673616,0.9994844245094816,0.9993131389345095,0.9988666350349009,0.9970626951255037,0.9974462189732295,0.9962014214548566,0.9714161423092397,0.896405895849919,0.8164334354711004,0.7419868780456926,0.991171636336212
0.328,11.28930498266129,0.9994798119629694,0.9999949281481841,0.9999996114036319,0.9999994633977634,0.9998206306666113,0.9995348405611155,0.999490454210077,0.9993208785424575,0.998878537952658,0.9970892501456802,0.9974698897423521,0.9962343467372811,0.9715748244682314,0.896775583566532,0.8169269281765413,0.7425387865710331,0.9912020768368539
0.329,11.306626881378964,0.9994858635876305,0.9999950226894918,0.99999962014163,0.9999994751939272,0.9998230017200403,0.9995403232580483,0.9994963952858574,0.9993285076786514,0.9988902800306643,0.9971154849235049,0.9974932695928154,0.996266887067255,0.9717321436479782,0.8971428291576529,0.8174175951313997,0.7430878366230816,0.9912322805481151
0.33,11.323896553266332,0.9994918266972642,0.9999951151897626,0.9999996286575876,0.999999486696224,0.9998253343618151,0.9995457249036639,0.9995022492784713,0.9993360282171375,0.9989018638730152,0.9971414041689753,0.9975163628732658,0.9962990479620523,0.9718881149859899,0.8975076544990708,0.8179054588547019,0.7436340492042202,0.9912622501841839
0.331,11.341114234169593,0.9994977028242413,0.9999952056986419,0.9999996369577557,0.9999994979127805,0.9998276293180176,0.9995510469144643,0.9995080176988338,0.9993434419954254,0.9989132920350875,0.9971670125111006,0.9975391738564827,0.9963308348461917,0.9720427534158042,0.8978700812218884,0.8183905416377484,0.7441774451183479,0.9912919884183541
0.332,11.358280158517035,0.9995034934705331,0.999995294264439,0.9999996450481928,0.9999995088514776,0.9998298872991555,0.9995562906786015,0.9995137020278144,0.9993507508152897,0.9989245670245686,0.9971923144994886,0.9975617067408844,0.9963622530532171,0.9721960736702043,0.8982301307157934,0.818872865546898,0.7447180449731766,0.9913214978837795
0.333,11.375394559329665,0.9995092001083874,0.9999953809341662,0.9999996529347719,0.9999995195199581,0.9998321090005343,0.999561457556515,0.9995193037169083,0.9993579564435517,0.9989356913024614,0.9972173146058974,0.9975839656520016,0.9963933078274405,0.9723480902843797,0.8985878241322782,0.8193524524263143,0.7452558691824935,0.9913507811742158
0.334,11.392457668231769,0.9995148241809894,0.9999954657535766,0.9999996606231858,0.9999995299256351,0.99983429510262,0.999566548881552,0.9995248241888898,0.9993650606128422,0.9989466672840664,0.9972420172257533,0.9976059546439168,0.9964240043256476,0.9724988175990281,0.8989431823878102,0.8198293239006704,0.745790937968395,0.9913798408447415
0.335,11.409469715461345,0.9995203671031052,0.9999955487672013,0.9999996681189538,0.9999995400756985,0.9998364462713913,0.9995715659605727,0.9995302648384508,0.9993720650223457,0.9989574973399407,0.997266426679636,0.9976276777006732,0.9964543476187656,0.9726482697634028,0.8992962261669527,0.820303501377816,0.7463232713634864,0.9914086794124682
0.336,11.426430929880478,0.9995258302617107,0.999995630018385,0.9999996754274272,0.9999995499771231,0.9998385631586842,0.9995765100745411,0.9995356270328228,0.9993789713385268,0.9989681837968334,0.9972905472147308,0.9976491387376516,0.9964843426934972,0.9727964607383053,0.8996469759254382,0.8207750060514065,0.7468528892130561,0.9914372993572312
0.337,11.44334153898558,0.9995312150166038,0.99999570954932,0.9999996825537945,0.9999995596366755,0.9998406464025259,0.9995813824791006,0.9995409121123848,0.9993857811958398,0.9989787289386016,0.9973143830062488,0.9976703416029179,0.9965139944539178,0.9729434042990244,0.8999954518931929,0.8212438589034938,0.7473798111772166,0.9914657031222692
0.338,11.460201768917578,0.9995365227010025,0.9999957874010809,0.9999996895030874,0.9999995690609204,0.999842696627461,0.9995861844051357,0.9995461213912544,0.9993924961974199,0.9989891350071025,0.997337938158818,0.9976912900785396,0.9965433077230405,0.9730891140382224,0.9003416740773162,0.8217100807070824,0.7479040567330175,0.9914938931148866
0.339,11.47701184447199,0.9995417546221282,0.9999958636136556,0.9999996962801854,0.9999995782562273,0.9998447144448692,0.9995909170593201,0.9995512561578664,0.9993991179157588,0.9989994042030671,0.9973612167078431,0.9977119878818753,0.996572287244346,0.9732336033687704,0.9006856622650139,0.8221736920286458,0.7484256451765305,0.991521871707103
0.34,11.493771989108911,0.999546912061775,0.9999959382259774,0.9999997028898209,0.9999995872287772,0.9998467004532746,0.9995955816246511,0.9995563176755363,0.999405647893364,0.9990095386869517,0.9973842226208354,0.9977324386668347,0.9966009376832824,0.9733768855265327,0.901027436026486,0.8226347132306101,0.7489445956249048,0.9915496412362901
0.341,11.510482424962927,0.9995519962768653,0.9999960112759557,0.9999997093365841,0.999999595984568,0.9998486552386467,0.999600179260971,0.9995613071830102,0.9994120876434021,0.999019540579772,0.997406959798716,0.9977526460251116,0.9966292636287304,0.9735189735731027,0.9013670147177714,0.8230931644738022,0.7494609270183976,0.991577204005791
0.342,11.527143372852912,0.999557008499991,0.9999960828005049,0.9999997156249276,0.9999996045294207,0.9998505793746942,0.9996047111054757,0.9995662258950015,0.9994184386503272,0.9990294119639156,0.9974294320770885,0.9977726134873898,0.9966572695944407,0.9736598803984893,0.9017044174835475,0.8235490657198615,0.7499746581223724,0.9916045622855318
0.343,11.54375505229177,0.9995619499399432,0.9999961528355731,0.999999721759171,0.9999996128689852,0.999852473423151,0.9996091782732114,0.9995710750027151,0.9994247023704939,0.9990391548839378,0.9974516432274871,0.9977923445245237,0.9966849600204382,0.9737996187237568,0.9020396632598895,0.8240024367336203,0.7504858075292755,0.9916317183126164
0.344,11.560317681496063,0.999566821782228,0.9999962214161696,0.9999997277435045,0.9999996210087454,0.9998543379340545,0.9996135818575589,0.999575855674358,0.9994308802327563,0.9990487713473383,0.9974735969585959,0.997811842548692,0.9967123392743992,0.9739382011036182,0.9023727707769861,0.8244532970854492,0.7509943936605836,0.991658674291911
0.345,11.576831477395578,0.9995716251895703,0.9999962885763926,0.9999997335819945,0.9999996289540249,0.9998561734460177,0.9996179229307061,0.9995805690556379,0.9994369736390525,0.9990582633253201,0.997495296917443,0.997831110914528,0.9967394116529984,0.9740756399289819,0.9027037585618146,0.8249016661535697,0.7515004347687244,0.9916854323966142
0.346,11.593296655642787,0.9995763613024059,0.9999963543494534,0.9999997392785859,0.9999996367099917,0.9998579804864933,0.999622202544109,0.9995852162702507,0.9994429839649752,0.9990676327535314,0.9975167466905696,0.997850152920224,0.9967661813832278,0.9742119474294559,0.9030326449407756,0.8253475631263356,0.7520039489389737,0.9917119947688188
0.347,11.609713430622245,0.9995810312393607,0.9999964187677037,0.9999997448371072,0.9999996442816633,0.9998597595720319,0.9996264217289426,0.9995897984203551,0.9994489125603295,0.9990768815327907,0.9975379498051733,0.9978689718086133,0.9967926526236887,0.9743471356758057,0.9033594480422881,0.8257910070044808,0.7525049540913262,0.9917383635200566
0.348,11.62608201545988,0.9995856360977202,0.9999964818626584,0.9999997502612739,0.9999996516739115,0.9998615112085326,0.9996305814965389,0.9995943165870368,0.9994547607496771,0.9990860115297953,0.9975589097302283,0.9978875707682284,0.9968188294658558,0.9744812165823711,0.9036841857993452,0.8262320166033383,0.7530034679823413,0.9917645407318388
0.349,11.642402622032241,0.999590176953886,0.9999965436650198,0.9999997555546919,0.9999996588914668,0.999863235891489,0.9996346828388173,0.9995987718307607,0.9994605298328676,0.9990950245778133,0.9975796298775811,0.9979059529343363,0.996844715935317,0.9746142019094405,0.9040068759520312,0.8266706105550253,0.7534995082069649,0.9917905284561779
0.35,11.65867546097561,0.9995946548638229,0.9999966042047004,0.9999997607208614,0.9999996659389231,0.9998649341062271,0.9996387267287015,0.9996031651918136,0.9994662210855578,0.9991039224773609,0.9976001136030231,0.997924121389952,0.9968703159929849,0.9747461032655834,0.9043275360500029,0.8271068073106016,0.7539930922003266,0.9918163287161048
0.351,11.674900741695081,0.9995990708634951,0.9999966635108455,0.9999997657631796,0.9999996728207419,0.9998666063281382,0.9996427141205292,0.9996074976907352,0.9994718357597193,0.9991127069968643,0.9976203642073416,0.9979420791668313,0.9968956335362857,0.9748769321099434,0.9046461834549304,0.8275406251421943,0.7544842372395136,0.9918419435061718
0.352,11.69107867237354,0.999603425969291,0.9999967216118545,0.9999997706849448,0.999999679541256,0.9998682530229059,0.9996466459504504,0.9996117703287394,0.999477375084133,0.9991213798733053,0.9976403849373473,0.9979598292464402,0.9969206724003219,0.9750066997544908,0.9049628353429048,0.827972082145097,0.7549729604453213,0.9918673747929465
0.353,11.707209459980573,0.9996077211784398,0.9999967785354013,0.9999997754893591,0.9999996861046745,0.999869874646727,0.999650523136817,0.9996159840881258,0.9994828402648734,0.9991299428128547,0.9976601789868815,0.9979773745609065,0.9969454363590118,0.9751354173662363,0.9052775087068079,0.8284011962398372,0.7554592787839801,0.9918926245154965
0.354,11.723293310281278,0.9996119574694169,0.9999968343084555,0.9999997801795312,0.9999996925150856,0.9998714716465272,0.9996543465805625,0.9996201399326813,0.9994882324857809,0.9991383974914898,0.9976797494978015,0.9979947179939493,0.9969699291262057,0.9752630959694076,0.9055902203586479,0.828827985174217,0.7559432090688611,0.9919176945858612
0.355,11.739330427845037,0.9996161358023402,0.9999968889573013,0.9999997847584798,0.9999996987764609,0.9998730444601716,0.9996581171655735,0.9996242388080722,0.9994935529089238,0.9991467455555988,0.9976990995609459,0.9980118623817896,0.9969941543567796,0.9753897464475871,0.90590098693186,0.8292524665253247,0.7564247679621579,0.9919425868895185
0.356,11.755321016054157,0.9996202571193575,0.999996942507557,0.9999997892291362,0.999999704892659,0.9998745935166689,0.9996618357590522,0.9996282816422273,0.9994988026750494,0.9991549886225717,0.9977182322170799,0.9980288105140417,0.9970181156477047,0.9755153795458146,0.9062098248835733,0.82967465770152,0.7569039719765466,0.9919673032858376
0.357,11.771265277112507,0.9996243223450246,0.999996994984193,0.9999997935943471,0.9999997108674289,0.999876119236372,0.9996655032118696,0.9996322693457116,0.9995039829040242,0.9991631282813777,0.99773715045782,0.9980455651345862,0.997041816539098,0.9756400058726522,0.9065167504968427,0.8300945759443916,0.7573808374768262,0.991991845608526
0.358,11.787163412054001,0.999628332386674,0.9999970464115503,0.9999997978568772,0.9999997167044133,0.9998776220311727,0.999669120358912,0.9996362028120923,0.999509094695265,0.9991711660931304,0.997755857226541,0.9980621289424239,0.9970652605152486,0.9757636359022162,0.9068217798828511,0.8305122383306875,0.7578553806815348,0.9920162156660658
0.359,11.803015620751085,0.9996322881347763,0.9999970968133574,0.9999998020194119,0.9999997224071522,0.9998791023046913,0.9996726880194173,0.9996400829182949,0.9995141391281596,0.9991791035916403,0.9977743554192635,0.9980785045925122,0.9970884510056257,0.9758862799761718,0.9071249289830761,0.8309276617742205,0.7583276176645466,0.9920404152421417
0.36,11.818822101923075,0.9996361904632918,0.9999971462127472,0.9999998060845593,0.9999997279790854,0.9998805604524629,0.9996762069973059,0.9996439105249518,0.9995191172624774,0.9991869422839547,0.9977926478855228,0.9980946946965852,0.9971113913858645,0.9760079483056967,0.9074262135714265,0.8313408630277466,0.7587975643566484,0.9920644460960601
0.361,11.834583053144504,0.9996400402300153,0.9999971946322739,0.9999998100548534,0.9999997334235562,0.9998819968621171,0.9996796780815013,0.9996476864767432,0.9995240301387723,0.9991946836508863,0.9978107374292204,0.9981107018239542,0.9971340849787327,0.9761286509734087,0.9077256492563475,0.831751858684818,0.7592652365470942,0.9920883099631607
0.362,11.850298670853308,0.9996438382769118,0.9999972420939282,0.9999998139327556,0.9999997387438142,0.999883411913555,0.9996831020462454,0.9996514116027289,0.9995288787787743,0.9992023291475294,0.9978286268094583,0.998126528502294,0.9971565350550777,0.9762483979352631,0.9080232514828943,0.8321606651816129,0.7597306498851416,0.9921120085552183
0.363,11.865969150359025,0.9996475854304456,0.999997288619153,0.9999998177206577,0.9999997439430178,0.9998848059791213,0.9996864796514054,0.9996550867166737,0.9995336641857733,0.9992098802037661,0.9978463187413551,0.9981421772184119,0.9971787448347549,0.9763671990224159,0.9083190355347767,0.8325672987987378,0.7601938198815674,0.9921355435608402
0.364,11.881594685850859,0.9996512825019003,0.9999973342288585,0.9999998214208832,0.9999997490242375,0.9998861794237718,0.9996898116427733,0.9996587126173645,0.999538387344995,0.9992173382247599,0.997863815896847,0.9981576504190006,0.9972007174875365,0.9764850639430578,0.9086130165363729,0.8329717756630082,0.7606547619101635,0.9921589166458494
0.365,11.89717547040573,0.9996549302876931,0.9999973789434363,0.99999982503569,0.9999997539904583,0.9998875326052368,0.9996930987523595,0.9996622900889205,0.9995430492239668,0.9992247045914396,0.997881120905471,0.9981729505113758,0.9972224561340031,0.9766020022842155,0.908905209454715,0.8333741117492032,0.7611134912092146,0.9921821294536679
0.366,11.912711695996185,0.999658529569681,0.9999974227827738,0.9999998285672723,0.9999997588445819,0.9998888658741816,0.9996963416986789,0.9996658199010962,0.9995476507728763,0.9992319806609724,0.9978982363551331,0.9981880798641987,0.9972439638464168,0.9767180235135235,0.9091956291014442,0.8337743228817986,0.7615700228829567,0.9922051836056864
0.367,11.928203553498333,0.9996620811154604,0.9999974657662678,0.9999998320177627,0.9999997635894301,0.9998901795743615,0.999699541187031,0.9996693028095772,0.9995521929249218,0.9992391677672262,0.9979151647928605,0.9982030408081838,0.9972652436495777,0.9768331369809671,0.9094842901347406,0.8341724247366753,0.7620243719030165,0.9922280807016295
0.368,11.943651232699617,0.9996655856786589,0.9999975079128377,0.9999998353892333,0.9999997682277463,0.9998914740427746,0.9997026979097721,0.9996727395562698,0.9995566765966546,0.9992462672212227,0.9979319087255387,0.9982178356367919,0.9972862985216623,0.9769473519205947,0.9097712070612217,0.8345684328428058,0.7624765531098331,0.9922508223199135
0.369,11.959054922306597,0.9996690439992223,0.9999975492409384,0.9999998386836989,0.9999997727621986,0.9998927496098093,0.9997058125465836,0.9996761308695834,0.9995611026883137,0.9992532803115802,0.9979484706206339,0.9982324666069088,0.9973071313950459,0.9770606774522026,0.910056394237816,0.8349623625839176,0.7629265812140602,0.9922734100179968
0.37,11.974414809952606,0.9996724568036931,0.9999975897685727,0.9999998419031173,0.9999997771953815,0.99989400659939,0.9997088857647324,0.9996794774647068,0.9995654720841531,0.9992602083049472,0.9979648529068998,0.9982469359395103,0.997327745157109,0.977173122582992,0.9103398658736092,0.8353542292001357,0.7633744707979541,0.9922958453327242
0.371,11.989731082205395,0.9996758248054844,0.9999976295133034,0.9999998450493921,0.9999997815298182,0.9998952453291173,0.9997119182193257,0.9996827800438783,0.9995697856527624,0.9992670524464259,0.9979810579750723,0.9982612458203144,0.9973481426510267,0.9772846962091974,0.9106216360316629,0.8357440477896013,0.7638202363167395,0.9923181297806635
0.372,12.005003924574668,0.9996791487051464,0.9999976684922657,0.9999998481243738,0.9999997857679631,0.9998964661104068,0.9997149105535605,0.9996860392966497,0.9995740442473787,0.9992738139599873,0.9979970881785479,0.9982753984004188,0.9973683266765438,0.977395407117689,0.9109017186308093,0.8361318333100716,0.7642638920999619,0.992340264858436
0.373,12.020233521519586,0.9996824291906272,0.9999977067221776,0.9999998511298616,0.9999997899122035,0.9998976692486233,0.999717863398967,0.9996892559001439,0.9995782487061936,0.9992804940488776,0.9980129458340499,0.9982893957969265,0.9973882999907341,0.9775052639875487,0.9111801274474176,0.8365176005804957,0.7647054523528203,0.9923622520430413
0.374,12.035420056456172,0.9996856669375285,0.9999977442193517,0.9999998540676047,0.9999997939648616,0.999898855043212,0.9997207773756465,0.9996924305193071,0.9995823998526516,0.9992870938960153,0.9980286332222807,0.9983032400935589,0.997408065308744,0.977614275391619,0.9114568761171382,0.8369013642825728,0.765144931157485,0.9923840927921755
0.375,12.050563711764706,0.9996888626093542,0.999997780999706,0.9999998569393044,0.9999997979281965,0.9999000237878267,0.9997236530925041,0.9996955638071556,0.9995864984957433,0.9992936146643797,0.9980441525885623,0.9983169333412552,0.9974276253045233,0.977722449798028,0.9117319781366195,0.8372831389622869,0.7655823424743983,0.9924057885445421
0.376,12.065664668796991,0.9996920168577549,0.9999978170787739,0.9999998597466146,0.9999998018044061,0.9999011757704553,0.9997264911474767,0.9996986564050162,0.9995905454302914,0.9993000574973919,0.9980595061434614,0.9983304775587617,0.99744698261154,0.9778297955716879,0.9120054468652022,0.8376629390314243,0.7660177001435577,0.9924273407201589
0.377,12.080723107883625,0.9996951303227658,0.9999978524717147,0.9999998624911441,0.9999998055956286,0.9999023112735416,0.9997292921277539,0.9997017089427621,0.99959454143723,0.9993064235192873,0.9980746960634054,0.9983438747332075,0.9974661398234821,0.9779363209757699,0.9122772955265883,0.8380407787690678,0.7664510178857855,0.9924487507206581
0.378,12.095739208341142,0.9996982036330397,0.9999978871933237,0.9999998651744576,0.9999998093039452,0.9999034305741046,0.9997320566099968,0.999704722039043,0.9995984872838796,0.9993127138354798,0.9980897244912836,0.9983571268206698,0.9974850994949456,0.9780420341731547,0.9125475372104879,0.838416672323075,0.7668823093039808,0.9924700199295801
0.379,12.110713148479178,0.9997012374060752,0.9999979212580413,0.9999998677980767,0.9999998129313803,0.9999045339438549,0.9997347851605493,0.9997076963015102,0.9996023837242135,0.9993189295329191,0.9981045935370378,0.9983702357467268,0.9975038641421086,0.978146943227859,0.9128161848742407,0.8387906337115347,0.7673115878843555,0.9924911497126635
0.38,12.125645105607475,0.999704232248439,0.9999979546799626,0.9999998703634818,0.9999998164799043,0.9999056216493086,0.9997374783356463,0.9997106323270372,0.9996062314991204,0.9993250716804397,0.998119305278241,0.9983832034070009,0.9975224362433935,0.9782510561064396,0.9130832513444174,0.8391626768242056,0.7677388669976575,0.992512141418127
0.381,12.140535256042932,0.999707188755984,0.9999979874728462,0.9999998728721128,0.999999819951435,0.9999066939518984,0.9997401366816168,0.9997135307019339,0.9996100313366606,0.999331141329103,0.9981338617606641,0.9983960316676903,0.9975408182401152,0.9783543806793736,0.9133487493183963,0.8395328154239357,0.7681641599003751,0.9925329963769493
0.382,12.155383775116494,0.9997101075140626,0.9999980196501237,0.9999998753253706,0.9999998233478387,0.999907751108081,0.9997427607350822,0.9997163920021582,0.9996137839523165,0.999337139512532,0.9981482649988328,0.9984087223660897,0.9975590125371171,0.9784569247224176,0.913612691365919,0.8399010631480637,0.7685874797359309,0.9925537159031407
0.383,12.170190837180083,0.9997129890977349,0.9999980512249073,0.9999998777246182,0.9999998266709319,0.9999087933694445,0.9997453510231502,0.9997192167935214,0.9996174900492377,0.9993430672472393,0.9981625169765722,0.9984212773111011,0.9975770215033954,0.9785586959179431,0.9138750899306242,0.8402674335098018,0.7690088395358563,0.9925743012940108
0.384,12.18495661561338,0.999715834071972,0.9999980822099988,0.9999998800711815,0.999999829922483,0.9999098209828103,0.9997479080636053,0.9997220056318893,0.9996211503184811,0.999348925532948,0.9981766196475415,0.998433698283735,0.9975948474727109,0.9786597018562521,0.9141359573315591,0.8406319398996018,0.7694282522209549,0.9925947538304324
0.385,12.199681282830626,0.9997186429918558,0.9999981126178972,0.999999882366351,0.9999998331042135,0.999910834190335,0.9997504323650935,0.9997247590633792,0.9996247654392453,0.9993547153529051,0.998190574935758,0.9984459870376008,0.9976124927441891,0.9787599500368707,0.9143953057646714,0.8409945955865018,0.7698457306024509,0.9926150747770979
0.386,12.214365010287302,0.999721416402774,0.9999981424608072,0.9999998846113821,0.999999836217799,0.9999118332296083,0.999752924427305,0.9997274776245527,0.9996283360791005,0.9993604376741902,0.9982043847361111,0.9984581452993879,0.9976299595829089,0.9788594478698214,0.9146531473042797,0.841355413719457,0.7702612873831218,0.9926352653827739
0.387,12.229007968486812,0.9997241548406105,0.9999981717506459,0.999999886807497,0.9999998392648712,0.99991281833375,0.9997553847411503,0.9997301618426038,0.9996318628942131,0.9993660934480165,0.9982180509148659,0.9984701747693374,0.9976472502204801,0.9789582026768762,0.9149094939045229,0.8417144073286522,0.7706749351584201,0.9926553268805476
0.388,12.243610326987058,0.999726858831932,0.9999982004990511,0.9999998889558845,0.9999998422470188,0.9999137897315034,0.9997578137889352,0.9997328122355427,0.9996353465295659,0.9993716836100252,0.9982315753101578,0.9984820771217046,0.9976643668556101,0.9790562216927886,0.9151643574007907,0.8420715893267996,0.7710866864175782,0.9926752604880735
0.389,12.258172254407016,0.9997295288941703,0.9999982287173877,0.9999998910577026,0.9999998451657884,0.9999147476473275,0.9997602120445295,0.999735429312377,0.9996387876191725,0.9993772090805746,0.9982449597324767,0.998493854005212,0.9976813116546589,0.9791535120665066,0.9154177495111332,0.8424269725104175,0.7714965535447019,0.9926950674078096
0.39,12.272693918433179,0.9997321655358014,0.9999982564167557,0.9999998931140774,0.9999998480226866,0.9999156923014865,0.9997625799735338,0.9997380135732873,0.9996421867862887,0.9993826707650239,0.9982582059651421,0.9985055070434938,0.9976980867521852,0.9792500808623654,0.9156696818376523,0.8427805695610939,0.7719045488198508,0.9927147488272545
0.391,12.287175485826047,0.9997347692565192,0.9999982836079957,0.9999998951261059,0.9999998508191802,0.9999166239101379,0.9997649180334418,0.9997405655097995,0.9996455446436179,0.9993880695540088,0.9982713157647694,0.9985170378355325,0.9977146942514803,0.9793459350612627,0.9159201658678726,0.8431323930467344,0.772310684420103,0.9927343059191769
0.392,12.30161712242647,0.9997373405474069,0.9999983103016968,0.9999998970948555,0.9999998535566977,0.9999175426854177,0.9997672266737991,0.999743085604954,0.9996488617935136,0.9993934063237141,0.9982842908617264,0.9985284479560849,0.9977311362250934,0.9794410815618132,0.916169212976095,0.8434824554227929,0.7727149724206106,0.9927537398418429
0.393,12.316018993162,0.9997398798911046,0.9999983365082022,0.9999998990213655,0.9999998562366308,0.9999184488355243,0.999769506336359,0.9997455743334704,0.999652138828176,0.9993986819361389,0.9982971329605826,0.9985397389561022,0.997747414715346,0.9795355271814873,0.9164168344247294,0.8438307690334881,0.7731174247956393,0.9927730517392371
0.394,12.330381262053162,0.9997423877619719,0.9999983622376158,0.9999999009066479,0.9999998588603345,0.9999193425648001,0.9997717574552342,0.9997480321619096,0.9996553763298458,0.999403897239357,0.998309843740548,0.99855091236314,0.9977635317348377,0.9796292786577295,0.9166630413656123,0.8441773461130041,0.7735180534195968,0.9927922427412824
0.395,12.34470409221968,0.9997448646262486,0.9999983874998083,0.999999902751688,0.9999998614291292,0.9999202240738116,0.9997739804570459,0.9997504595488307,0.999658574870993,0.999409053067772,0.9983224248559045,0.9985619696817623,0.9977794892669409,0.9797223426490606,0.9169078448413034,0.8445221987866752,0.7739168700680497,0.9928113139640524
0.396,12.358987645886653,0.999747310942211,0.9999984123044225,0.999999904557445,0.999999863944301,0.9999210935594274,0.9997761757610693,0.9997528569449468,0.9996617350145022,0.9994141502423671,0.9983348779364294,0.9985729123939355,0.9977952892662882,0.9798147257361615,0.9171512557863666,0.8448653390721563,0.7743138864187256,0.9928302665099837
0.397,12.37323208439069,0.9997497271603257,0.9999984366608802,0.9999999063248534,0.9999998664071025,0.9999219512148944,0.9997783437793762,0.9997552247932757,0.9996648573138538,0.9994191895709501,0.9983472045878098,0.9985837419594169,0.9978109336592486,0.9799064344229413,0.9173932850286324,0.845206778880579,0.774709114052506,0.992849101468081
0.398,12.38743756818596,0.999752113723399,0.9999984605783868,0.9999999080548226,0.9999998688187546,0.9999227972299122,0.9997804849169744,0.9997575635292881,0.9996679423133018,0.9994241718483926,0.9983594063920506,0.9985944598161344,0.9978264243443966,0.9799974751375875,0.9176339432904439,0.8455465300176921,0.7751025644544057,0.9928678199141213
0.399,12.40160425685025,0.9997544710667239,0.9999984840659372,0.999999909748239,0.9999998711804465,0.9999236317907064,0.9997825995719437,0.9997598735810527,0.999670990548047,0.9994290978568655,0.9983714849078726,0.9986050673805589,0.9978417631929716,0.9800878542335997,0.9178732411898851,0.8458846041849883,0.7754942490145406,0.9928864229108526
0.4,12.415732309090908,0.999756799618224,0.999998507132321,0.9999999114059656,0.9999998734933373,0.9999244550800994,0.9997846881355701,0.9997621553693776,0.9996740025444073,0.9994339683660686,0.998383441671106,0.9986155660480709,0.9978569520493291,0.980177577990808,0.9181111892419935,0.8462210129808179,0.7758841790290841,0.9929049115081889
