Beta,R_0,R1,R2,R3,R4,R5,R6,R7,R8,R9,R10,R11,R12,R13,R14,R15,R16,R_all
0.0,0.0,0.0,0.0,0.0,0.0,0.0,0.0,0.0,0.0,0.0,0.0,0.0,0.0,0.0,0.0,0.0,0.0,0.0
0.001,0.05151913992023928,0.0,0.0,0.0,0.0,0.0,0.0,0.0,0.0,0.0,0.0,0.0,0.0,0.0,0.0,0.0,0.0,0.0
0.002,0.10273100862823062,0.0,0.0,0.0,0.0,0.0,0.0,0.0,0.0,0.0,0.0,0.0,0.0,0.0,0.0,0.0,0.0,0.0
0.003,0.15363834689791872,0.0,0.0,0.0,0.0,0.0,0.0,0.0,0.0,0.0,0.0,0.0,0.0,0.0,0.0,0.0,0.0,0.0
0.004,0.20424386300395259,1.1102230246251565e-16,3.3306690738754696e-16,1.4432899320127035e-15,1.6653345369377348e-15,4.440892098500626e-16,2.220446049250313e-16,2.220446049250313e-16,2.220446049250313e-16,3.3306690738754696e-16,2.220446049250313e-16,2.220446049250313e-16,1.1102230246251565e-16,0.0,0.0,0.0,0.0,4.648623446213797e-16
0.005,0.25455023320197045,0.0,0.0,0.0,0.0,0.0,0.0,0.0,0.0,0.0,0.0,0.0,0.0,0.0,0.0,0.0,0.0,0.0
0.006,0.304560102200393,0.0,0.0,0.0,0.0,0.0,0.0,0.0,0.0,0.0,0.0,0.0,0.0,0.0,0.0,0.0,0.0,0.0
0.007,0.3542760836238982,0.0,0.0,0.0,0.0,0.0,0.0,0.0,0.0,0.0,0.0,0.0,0.0,0.0,0.0,0.0,0.0,0.0
0.008,0.40370076046875,0.0,0.0,0.0,0.0,0.0,0.0,0.0,0.0,0.0,0.0,0.0,0.0,0.0,0.0,0.0,0.0,0.0
0.009,0.452836685550146,0.0,0.0,0.0,0.0,0.0,0.0,0.0,0.0,0.0,0.0,0.0,0.0,0.0,0.0,0.0,0.0,0.0
0.01,0.5016863819417475,0.0,0.0,0.0,0.0,0.0,0.0,0.0,0.0,0.0,0.0,0.0,0.0,0.0,0.0,0.0,0.0,0.0
0.011,0.5502523434075508,0.0,0.0,0.0,0.0,0.0,0.0,0.0,0.0,0.0,0.0,0.0,0.0,0.0,0.0,0.0,0.0,0.0
0.012,0.5985370348262548,1.1102230246251565e-15,1.9984014443252818e-15,3.6637359812630166e-15,4.3298697960381105e-15,2.3314683517128287e-15,1.887379141862766e-15,1.887379141862766e-15,1.7763568394002505e-15,1.6653345369377348e-15,1.4432899320127035e-15,1.3322676295501878e-15,8.881784197001252e-16,3.3306690738754696e-16,3.3306690738754696e-16,2.220446049250313e-16,2.220446049250313e-16,1.903830616058411e-15
0.013,0.6465428926082771,2.3314683517128287e-15,3.552713678800501e-15,6.106226635438361e-15,8.104628079763643e-15,4.440892098500626e-15,3.774758283725532e-15,3.1086244689504383e-15,2.9976021664879227e-15,2.9976021664879227e-15,2.3314683517128287e-15,1.9984014443252818e-15,1.4432899320127035e-15,1.2212453270876722e-15,1.1102230246251565e-15,6.661338147750939e-16,6.661338147750939e-16,3.4575034777652983e-15
0.014,0.6942723251055662,1.1102230246251565e-16,3.3306690738754696e-16,1.4432899320127035e-15,1.6653345369377348e-15,4.440892098500626e-16,2.220446049250313e-16,2.220446049250313e-16,2.220446049250313e-16,3.3306690738754696e-16,2.220446049250313e-16,2.220446049250313e-16,1.1102230246251565e-16,0.0,0.0,0.0,0.0,4.648623446213797e-16
0.015,0.7417277130143539,7.771561172376096e-16,1.887379141862766e-15,3.6637359812630166e-15,4.3298697960381105e-15,2.220446049250313e-15,1.6653345369377348e-15,1.6653345369377348e-15,1.6653345369377348e-15,1.6653345369377348e-15,1.4432899320127035e-15,1.2212453270876722e-15,7.771561172376096e-16,3.3306690738754696e-16,3.3306690738754696e-16,2.220446049250313e-16,2.220446049250313e-16,1.8142565918365903e-15
0.016,0.7889114097709923,3.1086244689504383e-15,5.662137425588298e-15,9.769962616701378e-15,1.2545520178264269e-14,7.327471962526033e-15,5.218048215738236e-15,4.773959005888173e-15,4.551914400963142e-15,4.6629367034256575e-15,3.552713678800501e-15,2.9976021664879227e-15,2.1094237467877974e-15,1.7763568394002505e-15,1.5543122344752192e-15,1.2212453270876722e-15,1.2212453270876722e-15,5.337191504170263e-15
0.017,0.8358257419410086,2.220446049250313e-15,3.6637359812630166e-15,7.438494264988549e-15,9.880984919163893e-15,5.440092820663267e-15,3.9968028886505635e-15,3.4416913763379853e-15,3.219646771412954e-15,3.219646771412954e-15,2.3314683517128287e-15,2.1094237467877974e-15,1.5543122344752192e-15,1.1102230246251565e-15,1.1102230246251565e-15,8.881784197001252e-16,7.771561172376096e-16,3.910879280023036e-15
0.018,0.882473009601518,2.9976021664879227e-15,5.218048215738236e-15,9.658940314238862e-15,1.354472090042691e-14,7.327471962526033e-15,5.10702591327572e-15,4.440892098500626e-15,4.107825191113079e-15,4.107825191113079e-15,3.4416913763379853e-15,2.7755575615628914e-15,1.9984014443252818e-15,1.7763568394002505e-15,1.4432899320127035e-15,1.2212453270876722e-15,1.1102230246251565e-15,5.2454633579630925e-15
0.019,0.9288554867171239,3.552713678800501e-15,6.994405055138486e-15,1.3100631690576847e-14,1.7763568394002505e-14,9.2148511043888e-15,6.106226635438361e-15,5.662137425588298e-15,5.329070518200751e-15,5.329070518200751e-15,4.218847493575595e-15,3.552713678800501e-15,2.55351295663786e-15,1.887379141862766e-15,1.5543122344752192e-15,1.5543122344752192e-15,1.4432899320127035e-15,6.7661613151438315e-15
0.02,0.974975421509434,1.5798473640415978e-13,2.9598545836506673e-13,5.760947274779937e-13,8.139044993527023e-13,4.263256414560601e-13,2.836619827917275e-13,2.582378755278114e-13,2.4791280139879746e-13,2.4502622153477205e-13,2.0294876890147862e-13,1.6109336087311021e-13,1.1668443988810395e-13,9.114931032172535e-14,8.293365993949919e-14,7.926992395823618e-14,6.572520305780927e-14,3.0689082819738794e-13
0.021,1.0208350368203198,0.011279911868527392,0.021013590298591733,0.04013333636120442,0.05566946503093295,0.029846199521592398,0.02004938458333505,0.018324904703617917,0.01759248811654157,0.017306050255424754,0.014356837937635425,0.011400627818852427,0.008305646203539685,0.006496732780003733,0.0059234519844127975,0.005658727169853606,0.004652457353647943,0.021477703862213874
0.022,1.066436530469043,0.036774927931127466,0.0674231954823149,0.12304377023537139,0.16461034235335636,0.09274528429570206,0.06400013761703816,0.0588559873949801,0.05630041654271034,0.05505117923150937,0.04562430699949005,0.03653687604874345,0.026860124877957636,0.02111561025104558,0.019281183227642495,0.01832522218449184,0.015013713328531852,0.0668318268917816
0.023,1.1117820756033676,0.0629609036411769,0.1135391792895154,0.19866838519949193,0.2578334701358167,0.15191486108849905,0.1074285803957361,0.09932311909298086,0.09472947870951343,0.09215571565154301,0.07636330810917258,0.06163431438198208,0.045696333613017504,0.03609483254209056,0.03299729624848913,0.031224081134233472,0.025502969362023897,0.10968892707063256
0.024,1.156873821044776,0.08953703963015536,0.15877674324247515,0.26727535080946463,0.33805932342779144,0.20737797027392424,0.1499596746755011,0.13930052130648518,0.1325414701800668,0.1283864301559965,0.10643919737636542,0.08653773555446964,0.06467222449024101,0.051316125086403375,0.046956055300186095,0.04426677655159006,0.03605896730580338,0.1501243966057552
0.025,1.2017138916279069,0.11624738475830265,0.20270762973263123,0.3293206761858598,0.4074656048248819,0.25921234679974836,0.19130169301985578,0.17845423617206913,0.16947748790482242,0.16357354358112142,0.1357507216621331,0.11112167419986974,0.08366729984472554,0.06667716878471308,0.061059602260475354,0.05737943103765697,0.04663185027743555,0.18823260473457168
0.026,1.2463043885343228,0.1428785622703398,0.2450325587134239,0.3853433800427908,0.46780782308168056,0.3075389655317906,0.23123859811907377,0.2165313288703844,0.20534599100106066,0.19759899072878806,0.16422492066402739,0.13528689847809716,0.10258104824862091,0.0820907403089085,0.07522597481381554,0.07050083865129098,0.057181200376275054,0.2241199328450445
0.027,1.2906473896207213,0.1692563570753407,0.2855560969450104,0.43590283647205863,0.5205111985084756,0.35251073997260873,0.2696204335056748,0.2533484678367617,0.24001171946014843,0.2303864679156149,0.1918125579170724,0.15895700729940943,0.12133111262164886,0.09748358158039871,0.08938724258181296,0.08358074968856288,0.06767447297969298,0.25789977578973444
0.028,1.3347449497416974,0.19524157804104758,0.3241645402917722,0.48154317428115756,0.5667406781069728,0.39430208783646925,0.30635289155307466,0.2887805846789391,0.2733855764419697,0.2618929432843602,0.21848396260633696,0.18207512712457918,0.13985126503829481,0.11279505766328579,0.10348772790601057,0.09657833323118103,0.07808570030815376,0.28968878967664513
0.029,1.3785991010671572,0.2207256028369644,0.3608070236569987,0.5227744985406537,0.6074545694960836,0.4330999283511169,0.34138703198946574,0.32275020193263304,0.30541560671798806,0.2921014579912169,0.2442252918739355,0.20460078715249264,0.15808931294831408,0.12797570303112216,0.11748232251348689,0.10946078623294264,0.08839439313125408,0.31960402478624605
0.03,1.4222118533944954,0.24562594185298026,0.39547981892228434,0.5600643138668739,0.6434459428581075,0.4690963681978749,0.37470980892620087,0.35521782609383734,0.33607915748071016,0.32101510195545424,0.2690352483368684,0.22650705850004282,0.1760050565390655,0.14298575573912742,0.1313349284306694,0.12220208472373661,0.09858460326882512,0.34776075415718966
0.031,1.4655851944556266,0.2698820574268238,0.4282135961671556,0.593834964281448,0.6753748481705333,0.5024830712876275,0.4063357613181351,0.3861736057040971,0.36537623082226667,0.3486520521001637,0.2929222680728859,0.2477780144804551,0.19356838549279598,0.15779375669056184,0.14501704823296935,0.13478187913611794,0.10864412515149102,0.37427087624481836
0.032,1.5087210902189783,0.2934515779032676,0.45906330997580924,0.6244644845910111,0.7037935778961384,0.5334471450034681,0.4362999896130978,0.41563029516269834,0.39332396722694163,0.3750415507374092,0.31590216574994767,0.26840653404695747,0.21075756710972282,0.17237526345241827,0.15850653816561155,0.1471845327684359,0.11856382045178859,0.39924179363278167
0.033,1.5516214851865333,0.31630696915783174,0.4881003241277637,0.6522892644579393,0.729166617039072,0.5621683011119585,0.46465238929879094,0.44361745794228935,0.4199521522031441,0.4002206948422564,0.3379962009798858,0.2883924419528022,0.22755774730198408,0.18671170372050583,0.17178652562051144,0.1593982970550859,0.12833705144224095,0.42277567953987294
0.034,1.5942883026860255,0.3384326726744338,0.5154063879991512,0.6776075602575631,0.7518865007896518,0.5888170350317545,0.4914530267280772,0.47017678278697006,0.44529961472041346,0.4242319083543358,0.3592295170177845,0.307740960578736,0.24395966441478711,0.20078937554419796,0.18484448323027125,0.1714146128517785,0.13795920924136673,0.4449690518603973
0.035,1.6367234451583714,0.3598226861383508,0.5410691082734187,0.7006832859198033,0.7722864956844786,0.6135535864130077,0.516768504717323,0.4953583612536233,0.4694113811064172,0.447120978296755,0.3796298983495593,0.3264614386548863,0.2599585625721955,0.21459858972172297,0.19767144610684229,0.18322752429919054,0.14742732366119327,0.4659125838786796
0.036,1.678928794440433,0.3804785447528719,0.5651786048836963,0.7217497593526399,0.7906507982454262,0.636527478389777,0.5406691575547653,0.5192177724394753,0.49233645498091905,0.46893554861187425,0.39922679489622015,0.3445663188452841,0.2755532843447315,0.22813294310187326,0.21026135599130158,0.19483319088231799,0.15673974227433451,0.4856910914025905
0.037,1.7209062120432044,0.4004076541991042,0.587825089911681,0.7410132314472107,0.807222781289134,0.6578774710337789,0.5632269241405432,0.5418138312225078,0.5141261071703933,0.4897239805450886,0.4180505650693366,0.36207030700508136,0.29074551996983367,0.2413887084091706,0.22261051544514365,0.20622948359112936,0.1658958675243516,0.5043836468455829
0.038,1.7626575394254937,0.4196219253983058,0.6090971560742502,0.7586561154650614,0.8222116959692143,0.6777318004073323,0.5845137652097017,0.5632068730627793,0.5348325754768759,0.5095345032822138,0.4361318959287298,0.3789897090269553,0.3055391904692646,0.2543643253881148,0.23471713591171373,0.21741565213081449,0.17489594206384051,0.522063780865849
0.039,1.804184598263205,0.4381366641775709,0.6290806041811857,0.7748398882170143,0.8357981456824711,0.6962086055384769,0.6046005105498786,0.5834574671011434,0.5545080902451409,0.5284145922532226,0.45350136505446614,0.3953419053101558,0.3199399436074588,0.2670599785987675,0.2465809649028624,0.2283920515494433,0.18374087388529192,0.5387997410242523
0.04,1.8454891907142856,0.45596967370060504,0.647857675319535,0.7897076650096506,0.8481385782095142,0.7134164709239711,0.6235560417690096,0.6026254674971767,0.5732041565496064,0.5464105245291129,0.47018911478448266,0.41114493723493817,0.33395474393178604,0.2794772484471828,0.2582029793057383,0.23915991818888105,0.19243209411617912,0.5546547843522676
0.041,1.8865730996794303,0.4731405329328464,0.6655065834728473,0.8033864667682996,0.859368989149829,0.7294550321031266,0.6414467339749723,0.6207693294313738,0.5909710368981886,0.5635670709156958,0.48622461486068735,0.42641718416895547,0.34759154064302644,0.2916188235886348,0.2695851335986136,0.24972118636371465,0.20097144152879587,0.5696874867460291
0.042,1.9274380890586147,0.4896700197830157,0.6821012683856573,0.8159892056348259,0.8696079887188833,0.7444156071589421,0.6583360950992269,0.6379456304665451,0.6078573894581593,0.5799272927648188,0.5016364941556093,0.44117711325633746,0.3608589994848641,0.303488264452643,0.28073015346552255,0.260078338547732,0.20936106884527916,0.5839520568604503
0.043,1.968085904003543,0.5055796525401106,0.6977113075514192,0.8276164181745743,0.8789593522764434,0.7583818285257078,0.6742845544459819,0.6542087499550404,0.6239100260256193,0.5955324183648216,0.516452426023087,0.4554430874659925,0.3737662870724673,0.31508980916959417,0.2916413668337672,0.27023428306060304,0.2176033667968652,0.5974986458544437
0.044,2.0085182711660776,0.5208913276448719,0.7124019410967963,0.8383577752749631,0.8875141503162803,0.771430258005153,0.689349362556805,0.6696106690502839,0.6391737614812603,0.6104217792632404,0.5306990549956876,0.46923322010236235,0.3863228980436957,0.3264282145626538,0.30232256569901694,0.28019225429078454,0.2257009026337854,0.610373647128943
0.045,2.0487368989427313,0.5356270356535693,0.7262341748567459,0.8482933962079628,0.8953525344016925,0.7836309741000496,0.7035845729395911,0.6842008618883368,0.6536913325383352,0.62463279124126,0.5444019551283332,0.48256526624787854,0.39853851710114463,0.3375086260807254,0.3127778932491633,0.2899557313721661,0.2336563703934449,0.6226199822825709
0.046,2.08874347771529,0.549808640490177,0.739264935778734,0.8574949919653516,0.9025452404277226,0.7950481252255797,0.7170410829411642,0.6980262549299265,0.6675033684333456,0.6382009681074559,0.557585612356694,0.49545654346724,0.4104229094341021,0.3483364715877151,0.32301175176397734,0.2995283719674404,0.24147255073703633,0.6342773710401297
0.047,2.1285396800876426,0.5634577097932354,0.7515472605404006,0.8660268603361572,0.9091548586844178,0.8057404454988791,0.7297667163505492,0.7111312365666292,0.6806484000549993,0.651159959186923,0.5702734248888415,0.5079238756190165,0.42198583419365987,0.3589173748020841,0.33302872757293067,0.3089139584195604,0.24915227857528977,0.6453825840145254
0.048,2.168127161118881,0.5765953864109097,0.7631305033830771,0.8739467525533281,0.9152369107678957,0.8157617319794408,0.7418063344768835,0.7235577031391147,0.6931628970432537,0.6635416035009263,0.5824877169578495,0.5199835548466761,0.43323697667279115,0.3692570849160176,0.34283353002011074,0.31811635403275484,0.2566984170381753,0.655969677945962
0.049,2.2075075585527464,0.5892422929487422,0.7740605530277935,0.8813066288391578,0.920840765889097,0.8251612836988063,0.7532019656833268,0.7353451306985621,0.7050813247784148,0.6753759952847778,0.5942497622978518,0.5316513178097697,0.4441858956471614,0.379361419534578,0.35243094193403945,0.3271394676540207,0.26411383661449195,0.6660702136040595
0.05,2.2466824930434783,0.601418462792033,0.7843800514443717,0.8881533178981248,0.9260104231435304,0.8339843037733506,0.7639929458676905,0.7465306643380827,0.7164362150528575,0.6866915567771081,0.6055798145218543,0.5429423330106303,0.45484198299028655,0.3892362185805678,0.3618257795507961,0.3359872250603584,0.27140139850703515,0.6757134569015686
0.051,2.2856535683781436,0.6131432922645315,0.7941286094158928,0.8945290933680943,0.9307851815050436,0.842272266484682,0.7742160643172343,0.7571492188711454,0.7272582456823082,0.6975151152112515,0.6164971422211989,0.5538711967092269,0.46521443321344713,0.3988873072273462,0.37102286020781805,0.34466354592957804,0.27856394142693564,0.6849265640002729
0.052,2.3244223716955017,0.624435509595718,0.8033430154563286,0.9004721784469957,0.9352002154421466,0.8500632515456469,0.7839057108538496,0.7672335861534816,0.737576325456215,0.7078719817119432,0.6270200671103768,0.5644519354293416,0.47531222101804305,0.40832046626448626,0.3800269764276144,0.35317232539455035,0.2856042711948604,0.6937347513267581
0.053,2.362990473701467,0.635313157191387,0.8120574358334154,0.9060171883487655,0.9392870709319701,0.857392247924626,0.79309402132554,0.7768145455254396,0.747417681716202,0.7177860303973647,0.6371660039357858,0.5746980134678792,0.4851440853039336,0.4175414085826511,0.38884287525744554,0.3615174193616397,0.29252515263347334,0.702161451485056
0.054,2.401359428881239,0.6457935843709398,0.8203036043251477,0.9111955188893499,0.9430740941127451,0.8642914296337341,0.8018110193687474,0.7859209747664082,0.7568079485425174,0.727279776446591,0.6469515011762037,0.584622344146057,0.49471851836681535,0.4265557606952597,0.39747524193284567,0.3697026329214681,0.2993293033302097,0.7102284560750064
0.055,2.4395307757081546,0.6558934482780925,0.8281110009751617,0.9160356883381741,0.9465868027518329,0.8707904058386875,0.8100847530247239,0.7945799596592987,0.7657712540636697,0.7363744522459975,0.6563922818043296,0.5942373038027384,0.504043759253165,0.4353690484043339,0.40592868709798435,0.37773171130033945,0.30601938892622105,0.717956046414358
0.056,2.477506036849315,0.6656287211130205,0.8355070195695298,0.9205636386698959,0.9498482090193477,0.8769164475488174,0.8179414252896458,0.8028169008068045,0.7743303058180163,0.7450900809989043,0.6655032835672436,0.6035547477393479,0.5131277904329182,0.44398668587386936,0.4142077369510352,0.3856083328987927,0.3125980196498084,0.7253631131301613
0.057,2.5152867193680617,0.6750147021923527,0.8425171238803684,0.9248030014939388,0.952879100673554,0.8826946930156652,0.8254055180496492,0.8106556167578695,0.7825064734144336,0.7534455473891429,0.6742986983903476,0.6125860274930894,0.5219783371060508,0.4524139675022659,0.42231682579351926,0.3933361040439436,0.3190677478634575,0.7324672655387556
0.058,2.552874314923339,0.6840660336345121,0.8491649929445046,0.9287753332055944,0.9556982866250512,0.888148333822325,0.8324999091273848,0.8181184428206408,0.7903198679832872,0.7614586650457351,0.6827920106232821,0.6213420089489883,0.5306028685863461,0.4606560620908331,0.43026029055350534,0.40091855514792474,0.3254310664350598,0.7392849316793767
0.059,2.590270299966015,0.6927967187042717,0.8554726557941397,0.9325003232749064,0.9583228119058226,0.8932987834930693,0.839245982368418,0.8252263251790425,0.7977894180950149,0.7691462406736758,0.6909960339344257,0.6298330909082387,0.5390086013092484,0.4687180088922489,0.43804236692723475,0.4083591380185482,0.331690407777709,0.7458314498081331
0.06,2.6274761359322034,0.7012201420423568,0.861460616150556,0.9359959790527688,0.960768146289471,0.8981658303005623,0.8456637308412394,0.8319989101112131,0.8049329419645671,0.7765241348036722,0.6989229467284983,0.6380692238158447,0.5472025030952493,0.47660471519447667,0.4456671868451857,0.41566122411246986,0.3378481434301548,0.7521211520996229
0.061,2.664493269433643,0.7093490911618557,0.8671479676461794,0.9392787900143884,0.9630483501606938,0.9027677758004491,0.851771853327219,0.8384546282428507,0.811767215865759,0.7836073191784199,0.7065843260138047,0.646059928418847,0.5551912983693075,0.4843209551547838,0.45313877701923666,0.4228281035574851,0.34390658407266883,0.7581674412447831
0.062,2.701323132445194,0.7171957787197396,0.8725525001657475,0.9423638739670243,0.9651762206914024,0.9071215604830073,0.8575878443468795,0.844610773867456,0.8183080387580768,0.790409930839842,0.7139911796852088,0.6538143141809352,0.5629814740932138,0.4918713696473611,0.46046105836934415,0.4298629848004696,0.3498679798916783,0.7639828605768566
0.063,2.7379671424894867,0.7247718651745714,0.8776907979022895,0.9452651074119311,0.9671634209286433,0.9112428778004329,0.863128078014434,0.850483579436809,0.8245702931858443,0.7969453230148869,0.7211539772187456,0.6613410973227,0.5705792862139523,0.4992604669285008,0.4676378461626657,0.43676899476216646,0.35573452122181604,0.7695791583035231
0.064,2.774426702818792,0.732088481524815,0.882578329714237,0.9479952419613507,0.9690205940200434,0.915146277706908,0.8684078860397457,0.8560882853751265,0.8305680025506703,0.8032261129201053,0.7280826787959572,0.6686486183913617,0.577990766468869,0.5064926239567916,0.4746728507266277,0.44354917940040217,0.36150833940663696,0.774967346372667
0.065,2.810703202594142,0.7391562518897254,0.8872295323508719,0.9505660084630837,0.9707574644832476,0.9188452607370796,0.8734416302104766,0.8614392054042158,0.8363143848865169,0.8092642266198595,0.7347867628922535,0.6757448592912496,0.5852217294193461,0.513572088233585,0.4815696786210776,0.450206504600167,0.36719150782960097,0.7801577544521942
0.066,2.8467980170617695,0.745985315749516,0.8916578870878898,0.952988210271629,0.972382928156459,0.9223523635467746,0.8782427696908365,0.8665497875884602,0.8418219032855319,0.8150709410815751,0.7412752523751904,0.6826374597280453,0.5922777796099989,0.5205029800520771,0.4883318341742934,0.4567438573229651,0.3727860430755159,0.7851600794608343
0.067,2.8827125077268945,0.7525853497057351,0.895875990285588,0.9552718069209529,0.9739051322392943,0.9256792367473133,0.8828239234697942,0.8714326713206664,0.8471023131342215,0.8206569235754524,0.7475567391665388,0.689333733036929,0.5991643187711344,0.5272892950625293,0.4949627213039247,0.46316404695943547,0.37829390618968983,0.7899834310468791
0.068,2.918448022524917,0.7589655886584776,0.8998956183508919,0.9574259892953113,0.9753315466398668,0.9288367157810741,0.8871969282829785,0.8760997404750058,0.8521667063254292,0.8260322685666572,0.7536394075272174,0.6958406813781945,0.6058865529991729,0.5339349070771253,0.5014656455574857,0.46946980683885,0.38371700400790854,0.794636373375209
0.069,2.954005895990058,0.7651348463258127,0.9037277875524478,0.9594592472575195,0.9766690276796108,0.9318348855104454,0.8913728923204125,0.8805621729533453,0.8570255526133281,0.8312065322461546,0.7595310560272378,0.7021650102943903,0.6124494998636383,0.5404435710512621,0.5078438163183088,0.4756637958571227,0.38905719053520327,0.7991269635495953
0.07,2.989387449421488,0.7711015350538524,0.9073828091061854,0.9613794305755081,0.9779238750672147,0.9346831391242806,0.895362245017863,0.884830486847547,0.8616887382772825,0.8361887648426858,0.7652391182642312,0.7083131426311062,0.6188579954006719,0.5468189261891412,0.514100349132249,0.48174860019159793,0.39431626835538414,0.8034627869668466
0.071,3.0245939910469906,0.7768736848843467,0.9108703399178061,0.9631938038852749,0.9791018829332523,0.937390231904845,0.8991747832138995,0.8889145834339681,0.8661656022568807,0.8409875408535064,0.7707706823943438,0.7142912318297439,0.6251167009623328,0.55306449913079,0.5202382681182882,0.4877267350764559,0.39949599005666203,0.8076509898717977
0.072,3.05962681618421,0.7824589618613385,0.9141994293389237,0.964909096339195,0.9802083856145138,0.9399643303433514,0.9028197139383843,0.8928237872081818,0.8704649699152976,0.8456109873257716,0.7761325095385624,0.7201051746052323,0.6312301098985125,0.559183707185337,0.526260508432697,0.49360064661718805,0.4045980596614336,0.8116983093570969
0.073,3.0944872073995078,0.7878646855700113,0.9173785622653968,0.9665315465111526,0.9812482987889444,0.9424130570429543,0.9063056940815682,0.8965668831585545,0.8745951845819279,0.8500668103142184,0.7813310511261466,0.725760623025111,0.6372025540544735,0.5651798615818129,0.5321699187618902,0.4993727136264581,0.40962413405060516,0.8156111010290824
0.074,3.129176434664484,0.7930978459099614,0.9204156988798667,0.9680669430624975,0.982226156486313,0.9447435318039489,0.9096408671766085,0.9001521514672093,0.8785641370183326,0.8543623196342772,0.7863724652349755,0.7312629960088546,0.6430382100720533,0.5710561707141177,0.5379692638236586,0.5050452494668988,0.4145758243747466,0.8193953645405274
0.075,3.163695755510204,0.7981651191121573,0.9233183113157142,0.9695206616139969,0.9831461444343714,0.946962409246369,0.9128328975123846,0.9035873998164443,0.8823792929442389,0.8585044520231199,0.7912626319863958,0.7366174902680004,0.6487411054866146,0.5768157433612773,0.5436612268602534,0.5106205038890508,0.41945469744592123,0.8230567671724639
0.076,3.198046415179153,0.8030728830142873,0.9260934174966156,0.9708976982175844,0.984012130143796,0.9490759132897755,0.9158890017781712,0.906879993468151,0.8860477187528675,0.8624997928145807,0.796007168049761,0.7418290907087342,0.6543151246151411,0.5824615918678628,0.5492484121100065,0.5161006648549444,0.4242622771053839,0.8266006656305346
0.077,3.232229646774979,0.8078272316132205,0.92874761238453,0.9722026997767694,0.9848276900862915,0.951089868778279,0.9188159784271094,0.9100368832733511,0.8895761055373653,0.8663545962274115,0.8006114403092722,0.7469025803191638,0.6597640142334888,0.5879966352725619,0.554733347246782,0.5214878603396557,0.42900004556339655,0.8300321262061476
0.078,3.2662466714100487,0.8124339889163227,0.9312870968492701,0.973439991725208,0.9855961342778257,0.9530097305104314,0.9216202349316015,0.9130646317588256,0.8929707915427642,0.8700748043600872,0.8050805787431363,0.7518425495637568,0.6650913890429204,0.5934237023754967,0.5601184857788111,0.526784160104763,0.43366944470832947,0.8333559434390043
0.079,3.300098698350849,0.8168987221154413,0.9337177043546941,0.9746136032384057,0.9863205285420698,0.9548406099081365,0.9243078130907381,0.9159694374280034,0.8962377831506957,0.8736660649793471,0.809419488562427,0.7566534053073223,0.6703007369277139,0.5987455347370467,0.565406209400268,0.5319915774389234,0.43827187738295137,0.836576657405184
0.08,3.33378692516129,0.821226754108804,0.9360449256399231,0.9757272902231773,0.9870037146970109,0.9565872995359086,0.9268844125376886,0.9187571574039175,0.8993827744971863,0.8771337481839179,0.8136328616544423,0.7613393792906401,0.6753954240069477,0.6039647896027383,0.5705988302905122,0.5371120708618756,0.4428087086264314,0.8396985697437656
0.081,3.367312537843926,0.8254231753969009,0.9382739315587459,0.9767845563027943,0.9876483288796775,0.9582542956613332,0.9293554125836222,0.9214333285331244,0.9024111658172334,0.8804829620194116,0.8177251873728195,0.7659045361793688,0.6803786994845697,0.6090840427502571,0.5756985933571862,0.542147545789089,0.4472812668810715,0.8427257585248441
0.082,3.400676710979133,0.829492855378827,0.9404095942264229,0.9777886719922261,0.9882568181994231,0.9598458190292194,0.931725892524145,0.9240031870610744,0.9053280806035706,0.8837185671152307,0.8217007627142088,0.7703527812072775,0.6852537003026347,0.6141057912558741,0.5807076784204189,0.5470998561550261,0.45169084516321956,0.8456620920526332
0.083,3.43388060786229,0.8334404530756006,0.9424565066103379,0.9787426922371188,0.9888314558887754,0.9613658340054518,0.9340006505244391,0.9264716869814966,0.9081383816610706,0.8868451904094617,0.8255637019189427,0.7746878674341641,0.6900234556031554,0.6190324561786004,0.5856282023362727,0.5519708059936084,0.45603870219813125,0.8485112416890599
0.084,3.4669253806389775,0.8372704273067468,0.9444190006893037,0.9796494724718163,0.9893743551020416,0.962818066231747,0.9361842211901987,0.9288435171549398,0.9108466861326212,0.8898672380231837,0.8293179455308781,0.7789134026380897,0.6946908910044329,0.6238663851612212,0.59046222105829,0.5567621509749948,0.46032606351883776,0.8512766937757521
0.085,3.499812170438247,0.8409870463459888,0.9463011642956775,0.9805116833354935,0.9898874814953472,0.9642060189192193,0.9382808919230634,0.9311231172846657,0.9134573795670263,0.8927889073413359,0.832967268949423,0.7830328558607683,0.6992588326979905,0.6286098549480506,0.5952117316365872,0.5614755998982033,0.46455412252929484,0.853961760725521
0.086,3.532542107503974,0.8445943970812921,0.9481068567447472,0.9813318241710929,0.9903726647072433,0.9655329878967014,0.940294718151503,0.9333146928316203,0.9159746290945469,0.8956141983533208,0.8365152905047247,0.787049563624165,0.7037300113724256,0.6332650738198071,0.5998786741544553,0.5661128161394626,0.46872404153226666,0.8565695913482846
0.087,3.565116311324345,0.8480963937037755,0.9498397233469853,0.9821122354189898,0.9908316088462067,0.9668020755190051,0.9422295375209537,0.935422228944175,0.9184023957710591,0.8983469243027712,0.8399654790850495,0.7909667358355226,0.7081070659705544,0.6378341839464591,0.6044649336027916,0.5706754190564551,0.4728369527225358,0.8591031804707907
0.088,3.597535890759493,0.8514967859491958,0.951503208890698,0.9828551100059857,0.9912659020800539,0.9680162035306203,0.9440889831204275,0.9374495034727363,0.9207444461475044,0.9009907216924588,0.8433211613435587,0.7947874613972576,0.7123925472862558,0.6423192636592528,0.6089723416930394,0.5751649853488516,0.4768939591461462,0.8615653779044357
0.089,3.629801944167324,0.8547991669148439,0.9531005701752286,0.9835625038201329,0.991677025412291,0.9691781249716206,0.9458764958167524,0.9394000991341157,0.9230043631172689,0.9035490596870817,0.8465855285099639,0.7985147135373407,0.7165889214073644,0.6467223296434259,0.613402678609543,0.5795830503757207,0.4808961356264637,0.8639588968108691
0.09,3.6619155595275585,0.858006980473783,0.9546348876681648,0.9842363453529255,0.9920663607215788,0.9702904352046748,0.9475953357620253,0.9412774148857448,0.9251855560903982,0.9060252489536718,0.8497616428309249,0.8021513548750214,0.7206985730108868,0.6510453390533204,0.6177576747024541,0.5839311094305427,0.48484452965791247,0.8662863215109038
0.091,3.693877814564021,0.8611235283074283,0.9561090763538682,0.9848784445823761,0.9924351981326496,0.9713555821349663,0.9492485931347311,0.9430846765653473,0.9272912705400637,0.9084224499765681,0.8528524436615315,0.8057001422359825,0.7247238085166872,0.6552901915517981,0.6220390121224625,0.5882106189746785,0.48874016226827743,0.8685501147784521
0.092,3.7256897768652033,0.8641519765765412,0.9575258958350644,0.9854905011633495,0.9927847427800501,0.9723758756884027,0.9508391981702652,0.9448249468475591,0.9293245969634663,0.9107436808813139,0.855860753228788,0.809163731230284,0.7286668591056538,0.6594587312759721,0.6262483263987642,0.5924229978302267,0.49258402885050756,0.8707526246577538
0.093,3.7573525040031273,0.8670953622497705,0.9588879597441327,0.9860741119851361,0.9931161210199004,0.9733534966077143,0.9523699305322606,0.9465011345651622,0.93128847929636,0.9129918247994266,0.858789282086676,0.8125446806057479,0.7325298836081732,0.6635527487313593,0.6303872079617497,0.596569628333276,0.49637709996496016,0.8728960908390151
0.094,3.7888670436505456,0.869956599107969,0.9601977445160855,0.9866307781505268,0.9934303861393492,0.9742905046207946,0.9538434280721403,0.9481160034390734,0.9331857228175947,0.915169636803763,0.8616406342811326,0.8158454563887577,0.7363149712685857,0.667573982616631,0.6344572036119798,0.6006518574486028,0.5001203221130506,0.874982650624726
0.095,3.8202344336964975,0.8727384834416074,0.961457597570982,0.9871619114255282,0.9937285236085014,0.9751888460308968,0.9552621950206504,0.9496721802579635,0.9350190015774895,0.9172797504421254,0.864417312242096,0.8190684358237998,0.7400241443910824,0.6715241215811572,0.6384598179370422,0.6046709978469034,0.503814618483257,0.8770143445163053
0.096,3.8514557023602483,0.8754436994577389,0.9626697449496469,0.9876688402042609,0.9940114559152148,0.9760503607740088,0.9566286096517664,0.951172162545369,0.9367908653814618,0.9193246838948412,0.8671217214186946,0.8222159111224554,0.743659360872325,0.6754048059175628,0.6423965146779146,0.6086283289456647,0.5074608896704371,0.8789931214483464
0.097,3.8825318683036403,0.8780748244121196,0.9638362984430189,0.9881528150294588,0.9942800470192499,0.9768767889848327,0.9579449314562699,0.9526183257493743,0.9385037463581057,0.9213068457802593,0.869756174672615,0.8252900930319599,0.7472225166258603,0.6792176291915082,0.6462687180464649,0.6125250979147909,0.511060014369395,0.8809208436955652
0.098,3.9134639407418854,0.8806343334812783,0.9649592622522293,0.9886150137052777,0.9945351064587608,0.9776697771092729,0.95921330785945,0.9540129299873754,0.9401599651388695,0.9232285406304636,0.872322896443747,0.8282931142328952,0.7507154479032118,0.6829641398108897,0.6500778139957192,0.6163625206481034,0.5146128500436239,0.8827992914755761
0.099,3.944252919552814,0.8831246043885446,0.9660405392135394,0.989056546035784,0.994777393138979,0.9784308835981249,0.9604357805147704,0.9553581263760547,0.9417617366745662,0.9250919740579674,0.8748240267012983,0.8312270325750407,0.7541399335163227,0.6866458425366246,0.653825151444515,0.6201417827018245,0.5181202335701327,0.8846301672687974
0.1,3.9748997953846152,0.885547921797292,0.9670819366195744,0.9894784582194887,0.9950076188301383,0.9791615842137532,0.9616142912029361,0.9566559629745107,0.9433111757121907,0.9268992576327336,0.8772616246927482,0.8340938341599131,0.7574976969658369,0.6902641999371567,0.6575120434581323,0.6238640402011514,0.5215829818612422,0.8864150998751442
0.101,4.005405549762087,0.8879064814839404,0.9680851716658058,0.9898817369275826,0.9952264513991635,0.9798632769788986,0.9627506873635834,0.9579083903664561,0.9448103019538782,0.9286524134875469,0.8796376725022257,0.8368954362780461,0.7607904084795023,0.6938206337887587,0.6611397683864761,0.6275304207159931,0.5250018924642126,0.8881556482256406
0.102,4.035771155191424,0.8902023943025734,0.9690518765489748,0.9902673130910801,0.9954345177973835,0.9805372867943494,0.9638467272847825,0.9591172669055301,0.9462610449183244,0.9303533786685468,0.8819540784291777,0.8396336902086132,0.7640196869648039,0.6973165264236773,0.6647095709613429,0.6311420241069436,0.5283777441395442,0.8898533049657054
0.103,4.06599757526356,0.8924376899523823,0.9699836032420743,0.9906360654198721,0.995632406824494,0.9811848697500201,0.9649040849736664,0.9602843636460425,0.9476652485235829,0.9320040092465901,0.8842126801975094,0.8423103838885704,0.7671871018797427,0.7007532220280961,0.6682226633542744,0.6346999233425308,0.5317112974187621,0.891509499825581
0.104,4.096085764756098,0.8946143205585199,0.9708818279685993,0.9909888236746884,0.9958206716871578,0.981807217151986,0.9659243547297779,0.9614113689798659,0.9490246754088492,0.9336060842040629,0.8864152480047472,0.8449272444580925,0.7702941750254998,0.7041320278918464,0.6716802261964587,0.6382051652887506,0.5350032951424737,0.893125602792225
0.105,4.12603666973384,0.896734164076374,0.9717479553970415,0.9913263717111599,0.9959998323689797,0.9824054592862022,0.9669090554411366,0.962499892998725,0.9503410110116393,0.9351613091107878,0.8885634874201902,0.8474859406887064,0.7733423822645576,0.7074542156117306,0.6750834095621003,0.6416587714718834,0.5382544629794574,0.8947029270958959
0.106,4.155851227647951,0.8987990275287031,0.9725833225749982,0.9916494503135374,0.9961703778271032,0.9829806689379752,0.9678596346215665,0.9635514715997596,0.9516158674156499,0.9366713196017598,0.8906590421404541,0.8499880853001559,0.7763331551676831,0.7107210222502682,0.678433333916638,0.6450617388155522,0.5414655099275236,0.8962427320237001
0.107,4.1855303674337625,0.9008106500845539,0.9733892026208014,0.9919587598341302,0.9963327680293275,0.9835338646847418,0.9687774722064729,0.9645675703509822,0.9528507869835451,0.938137684668607,0.8927034966103029,0.8524352371717063,0.7792678825930133,0.7139336514516061,0.6817310910311427,0.6484150403529478,0.5446371287968474,0.8977462255714529
0.108,4.215075009607251,0.902770705988386,0.9741668081892245,0.9922549626531868,0.9964874358444271,0.9840660139783224,0.969663884123018,0.9655495881320808,0.9540472457879581,0.9395619097758874,0.8946983785161827,0.854828903453273,0.7821479122003427,0.7170932745162859,0.6849777448641874,0.6517196259151377,0.5477699966764635,0.8992145669443812
0.109,4.244486066360211,0.9046808073473526,0.9749172947265865,0.9925386854727092,0.9966347887972553,0.984578036031553,0.9705201256494935,0.9664988605649428,0.9552066568530991,0.9409454398126086,0.8966451611594146,0.8571705415814632,0.7849745519035523,0.7202010314364854,0.6881743324124374,0.6549764227963186,0.5508647753845755,0.9006488689164313
0.11,4.273764441654135,0.906542506784242,0.975641763529437,0.9928105214565809,0.9967752106992153,0.9850708045230405,0.971347394577635,0.9674166632472735,0.9563303732185332,0.9422896618886788,0.8985452657155941,0.859461561205338,0.7877490712639881,0.7232580318933083,0.691321864531158,0.658186336396868,0.5539221119033098,0.9020502000572455
0.111,4.302911031312829,0.90835729996317,0.9763412646199575,0.9930710322283764,0.9969090631637796,0.9855451501327256,0.9721468341906407,0.9683042148017584,0.9574196908359219,0.9435959079853721,0.9004000633863418,0.8617033260264311,0.7904727028274636,0.7262653562176209,0.6944213267258061,0.6613502508450038,0.556942638798528,0.9034195868352202
0.112,4.331926723113773,0.9101266279947096,0.9770167994502525,0.9933207497372953,0.997036687015917,0.9860018629199696,0.9729195360687609,0.9691626797523675,0.9584758513088082,0.9448654574683053,0.9022108774491888,0.8638971555573236,0.7931466434074276,0.7292240563158916,0.6974736799158151,0.6644690295978439,0.5599269746252709,0.9047580156044677
0.113,4.360812396878267,0.9118518797267723,0.9776693234468185,0.9935601780018208,0.9971584036035434,0.9864416945549852,0.9736665427334837,0.9699931712385991,0.9595000444848589,0.9460995394708794,0.9039789852110324,0.866044326802821,0.7957720553167184,0.7321351565624201,0.7004798611716527,0.6675435160226155,0.5628757243194021,0.9060664344829442
0.114,4.389568924560359,0.9135343939272083,0.97829974840566,0.993789794739943,0.9972745160184352,0.9868653604136212,0.9743888501405815,0.9707967535777332,0.9604934109093657,0.9472993351556341,0.9057056198702791,0.8681460758675729,0.7983500675502133,0.7349996546592956,0.7034407844261803,0.6705745339587581,0.5657894795759826,0.9073457551285161
0.115,4.418197170334573,0.9151754613637514,0.9789089447477742,0.9940100528940765,0.9973853102334298,0.9872735415447575,0.9750874100315615,0.9715744446844797,0.9614570441482274,0.9484659798604943,0.9073919722924926,0.8702035994937606,0.8008817769205672,0.7378185224653726,0.7063573411613138,0.6735628882616103,0.5686688192148968,0.9085968544192456
0.116,4.446697990682493,0.916776326786626,0.9794977436440259,0.9942213820581708,0.997491056162175,0.9876668865188801,0.97576313215241,0.9723272183567742,0.9623919929881084,0.9496005651364415,0.909039192704074,0.872218056532276,0.8033682491491265,0.7405927067954874,0.7092304010709298,0.676509365328366,0.5715143095342191,0.9098205760437671
0.117,4.475072234478164,0.9183381908188388,0.9800669390178004,0.994424189813922,0.9975920086471846,0.9880460131657709,0.9764168863479086,0.9730560064358925,0.9632992635209665,0.9507041406827461,0.9106483923082519,0.8741905693506419,0.8058105199140123,0.7433231301911063,0.7120608127009482,0.6794147336069497,0.5743265046517985,0.9110177320072094
0.118,4.503320743072378,0.9198622117588957,0.9806172894332278,0.9946188629824616,0.9976884083814838,0.9884115102086697,0.977049504539237,0.9737617008485084,0.9641798211196893,0.9517777161855018,0.9122206448273981,0.8761222251807368,0.8082095958572617,0.7460106916635347,0.7148494040674567,0.6822797440884343,0.5771059468355122,0.9121891040577541
0.119,4.531444350375828,0.921349507300425,0.9811495198762267,0.9948057687974063,0.997780482768714,0.9887639388017255,0.9776617825920524,0.9744451555378139,0.9650345923111406,0.9528222630648614,0.9137569879754661,0.8780140774092345,0.8105664555528326,0.7486562674107744,0.7175969832537321,0.6851051307836088,0.5798531668226281,0.9133354450385838
0.12,4.559443882941176,0.922801156172938,0.9816643234351138,0.9949852560047058,0.9978684467261697,0.9891038339770637,0.978254482081751,0.9751071882903544,0.9658644665525261,0.9538387161360293,0.9152584248641237,0.8798671468135012,0.8128820504371843,0.7512607115090717,0.7203043389869637,0.6878916111842721,0.5825686841286896,0.9144574801696418
0.121,4.587320160044021,0.9242181997077304,0.9821623628870573,0.9951576558943122,0.9979525034348921,0.9894317060073429,0.978828331962171,0.9757485824647968,0.9666702979166097,0.9548279751887677,0.9167259253459514,0.8816824227455599,0.8151573057040736,0.7538248565801555,0.7229722411954616,0.6906398867098074,0.5852530073463234,0.9155559082633548
0.122,4.6150739937628105,0.9256016433327003,0.9826442721962219,0.9953232832683191,0.9980328450406196,0.9897480416892528,0.9793840301435752,0.9763700886284405,0.9674529066909678,0.9557909064898766,0.9181604272978905,0.8834608642665848,0.8173931211651169,0.7563495144351224,0.7256014415470902,0.6933506431395794,0.5879066344343549,0.9166314028781689
0.123,4.642706189057706,0.9269524579996592,0.9831106579290559,0.9954824373498691,0.9981096533090966,0.9900533055530228,0.9799222449853678,0.9769724261069077,0.9682130808961448,0.9567283442128424,0.9195628378479379,0.8852034012342623,0.8195903720776005,0.7588354766958827,0.728192673969648,0.69602455103166,0.590530052997599,0.9176846134135229
0.124,4.670217543848396,0.9282715815475133,0.9835621005917986,0.9956354026368118,0.9981831002389742,0.9903479410026509,0.9804436167086403,0.9775562844520987,0.9689515777272694,0.957641091798597,0.9209340345479249,0.886910935345232,0.8217499099409552,0.7612835153950499,0.7307466551538753,0.6986622661283801,0.5931237405576721,0.9187161661496323
0.125,4.697608849090909,0.9295599200045118,0.9839991558949466,0.9957824497038009,0.9982533486352855,0.9906323713912351,0.9809487587333073,0.9781223248331739,0.9696691249234146,0.9585299232510939,0.9222748664950569,0.8885843411347076,0.8238725632632327,0.7636943835551144,0.7332640850397532,0.7012644297491826,0.5956881648151737,0.9197266652352442
0.126,4.724880888853411,0.9308183488325816,0.9844223559491012,0.9959238359562504,0.9983205526462531,0.9909070010354869,0.9814382589442853,0.9786711813550173,0.9703664220687169,0.9593955843711861,0.9235861554047406,0.8902244669352665,0.8259591382988707,0.7660688157477048,0.7357456472867203,0.703831669171231,0.5982237839035496,0.9207166936263244
0.127,4.7520344403910215,0.9320477141166085,0.984832210396322,0.9960598063393203,0.9983848582659733,0.9911722161732223,0.9819126808908762,0.9792034623083593,0.9710441418290263,0.960238793932089,0.9248686966370894,0.8918321357966928,0.8280104197589626,0.7684075286337118,0.7381920097284163,0.7063645979982104,0.6007310466349505,0.9216868139784451
0.128,4.779070274219653,0.9332488337013711,0.9852292074808421,0.9961905940048752,0.9984464038053359,0.9914283858673677,0.9823725649232552,0.9797197513554685,0.9717029311276343,0.9610602447995134,0.926123260179365,0.893408146368668,0.8300271714951977,0.7707112214850153,0.7406038248125305,0.7088638165177441,0.6032103927383865,0.922637569495471
0.129,4.8059891541888975,0.9344224982786862,0.9856138150627474,0.9963164209391489,0.9985053203333545,0.9916758628597777,0.9828184292697063,0.9802206086550833,0.9723434122634053,0.9618606049993785,0.9273505915864952,0.8949532737480044,0.8320101371585803,0.7729805766885208,0.7429817300263142,0.711329912047828,0.6056622530904576,0.9235694847369732
0.13,4.832791837553957,0.9355694724271889,0.9859864815779839,0.9964374985536517,0.9985617320909288,0.991914984377939,0.9832507710580253,0.9807065719300184,0.9729661839744449,0.9626405187358427,0.9285514128816825,0.8964682702920317,0.8339600408339822,0.775216260233186,0.7453263483082868,0.7137634592726683,0.6080870499389306,0.9244830663866569
0.131,4.8594790750466625,0.9366904956070444,0.9863476369478441,0.9965540282416827,0.998615756878904,0.992146072897426,0.9836700672842869,0.9811781574806765,0.9735718224502468,0.9634006073622332,0.9297264234190212,0.8979538663996746,0.8358775876515409,0.7774189221806882,0.7476382884466541,0.7161650205683026,0.6104851971194319,0.9253788039839443
0.132,4.886051610945559,0.937786283111762,0.9866976934408759,0.9966662019026369,0.9986675064221601,0.9923694368627861,0.9840767757319765,0.9816358611474894,0.9741608822950862,0.9641414703073081,0.9308763007099318,0.8994107712616652,0.837763464375859,0.7795891971203543,0.7499181454649226,0.7185351463183549,0.612857100265498,0.9262571706207132
0.133,4.912510183145104,0.9388575269791731,0.9870370464899717,0.9967742024361521,0.998717086711336,0.9925853713693533,0.9844713358442982,0.9820801592251329,0.9747338974452686,0.9648636859591438,0.9320017012151239,0.9008396735812774,0.8396183399739287,0.781727704608955,0.7521665009951876,0.7208743752202742,0.6152031570122292,0.9271186236050926
0.134,4.938855523223967,0.9399048968635201,0.9873660754672189,0.9968782042079933,0.9987645983236765,0.9927941588083227,0.9848541695522962,0.9825115093311837,0.97529138204268,0.965567812508813,0.9331032611037159,0.9022412422668921,0.8414428661626472,0.7838350495959274,0.7543839236395389,0.723183234582383,0.6175237571937752,0.9279636050940732
0.135,4.965088356512456,0.9409290408705084,0.9876851444189294,0.9969783734894454,0.9988101367243851,0.9929960694772691,0.9852256820612629,0.9829303512317258,0.9758338312669549,0.9662543887558932,0.9341815969810449,0.903616127097641,0.8432376779367676,0.785911822834585,0.7565709693200284,0.7254622406120589,0.6198192830348754,0.9287925426966113
0.136,4.991209402159091,0.9419305863570718,0.9879946027631152,0.9970748688718604,0.9988537925497641,0.9931913621581486,0.9855862625977592,0.9833371076262629,0.9763617221284321,0.9669239348777361,0.9352373065866284,0.9049649593633134,0.8450033940780723,0.7879586012798306,0.7587281816176035,0.727711898695349,0.6220901093366604,0.929605850048782
0.137,5.017219373196315,0.942910140697513,0.9882947859515331,0.9971678416578994,0.9988956518733344,0.9933802846646907,0.9859362851194237,0.9837321848941524,0.9768755142239496,0.9675769531643138,0.9362709694636583,0.9062883524796533,0.8467406176465379,0.7899759484728852,0.7608560921004146,0.7299327036683161,0.6243366036569259,0.9304039273624652
0.138,5.043118976605375,0.9438682920175945,0.9885860160982911,0.9972574362308994,0.9989357964560419,0.9935630743609666,0.9862761089896233,0.9841159738046433,0.9773756504574109,0.9682139287203639,0.9372831476013367,0.9075869025801176,0.8484499364542102,0.7919644149135082,0.7629552206418744,0.7321251400803961,0.626559126485069,0.931187161948939
0.139,5.068908913380381,0.9448056098980765,0.9888686025768884,0.9973437904037029,0.9989743039815808,0.9937399586528035,0.9866060796188673,0.9844888501924802,0.9778625577269441,0.9688353301364557,0.9382743860513008,0.9088611890851175,0.8501319235224896,0.7939245384201785,0.7650260757288382,0.7342896824500385,0.6287580314118724,0.9319559287187
0.14,5.09458987859155,0.9457226460491167,0.989142842587438,0.9974270357481999,0.9990112482777904,0.9939111554536124,0.9869265290747957,0.9848511756009131,0.97833664758037,0.9694416101305131,0.9392452135193119,0.9101117752497101,0.8517871375234822,0.7958568444786749,0.7670691547602586,0.7364267955128913,0.6309336652943235,0.9327105906587267
0.141,5.120162561447645,0.9466199349568817,0.9894090216957266,0.997507297906744,0.999046699525017,0.9940768736260933,0.9872377766624428,0.9852032978938545,0.9787983168406035,0.9700332061612447,0.9401961429333334,0.9113392086906681,0.8534161232060562,0.7977618465794871,0.7690849443366514,0.7385369344627827,0.6330863684156349,0.9334514992883527
0.142,5.145627645357644,0.9474979945036428,0.9896674143456526,0.997584696886536,0.9990807244522714,0.9942373134011939,0.9875401294763771,0.9855455518388159,0.9792479482025152,0.9706105410148544,0.9411276719890572,0.9125440218938026,0.8550194118072032,0.7996400465444629,0.7710739205406998,0.7406205451857402,0.6352164746406308,0.9341789950948379
0.143,5.1709858079916025,0.9483573265625749,0.9899182843465008,0.9976593473379887,0.9991133865219528,0.9943926667756092,0.9878338829262224,0.9858782596621622,0.9796859108026984,0.9711740233663307,0.9420402836738909,0.9137267327023807,0.8565975214492851,0.8014919348430823,0.7730365492093074,0.742678064487277,0.6373243115666665,0.9348934079496674
0.144,5.196237721340782,0.9491984175684045,0.9901618853364189,0.9977313588180263,0.9991447461038606,0.9945431178890316,0.9881193212369787,0.98620173157814,0.9801125607635066,0.971724048316541,0.9429344467703644,0.9148878447874327,0.8581509575237163,0.8033179908987385,0.7749732861974002,0.7447099203131745,0.6394102006702227,0.9355950575065493
0.145,5.221384051777004,0.9500217390650065,0.9903984612233819,0.9978008360392082,0.999174860639165,0.9946888433822868,0.9883967179254775,0.9865162662930415,0.9805282417126482,0.9722609979062985,0.9438106163398688,0.9160278481007114,0.8596802130616142,0.8051186833853834,0.7768845776337676,0.7467165319639726,0.6414744574493326,0.9362842535820278
0.146,5.246425460111266,0.9508277482309849,0.9906282466048532,0.9978678791055081,0.9992037847949607,0.9948300127374173,0.9886663362542296,0.9868221514858004,0.9809332852795566,0.9727852416084974,0.9446692341875923,0.9171472193110264,0.8611857690919177,0.8068944705148843,0.7787708601692158,0.748698310303374,0.6435173915619734,0.9369612965195765
0.147,5.271362601651631,0.9516168883842293,0.990851467167279,0.9979325837355314,0.9992315706099897,0.9949667886007177,0.9889284296638485,0.9871196642662309,0.9813280115696886,0.9732971367993655,0.9455107293094797,0.9182464222246468,0.86266809498746,0.8086458003154255,0.7806325612173018,0.750655657960766,0.6455393069605637,0.9376264775379863
0.148,5.296196126260387,0.9523895894663839,0.9910683400664918,0.9979950414738973,0.9992582676320758,0.9950993270896568,0.9891832421851678,0.9874090716120596,0.9817127296178356,0.9737970292098156,0.9463355183219974,0.9193259081904266,0.8641276487994589,0.8103731109012726,0.7824700991879034,0.7525889695280478,0.6475405020226954,0.9382800790648252
0.149,5.320926678410505,0.953146268508123,0.9912790742900253,0.9980553398914719,0.9992839230477812,0.9952277780845734,0.989431008832105,0.9876906307858355,0.98208773782148,0.9742852533578391,0.9471440058754517,0.9203861164902869,0.8655648775808636,0.8120768307342066,0.7842838837138685,0.7544986317509497,0.6495212696782238,0.9389223750556887
0.15,5.345554897241379,0.953887330076083,0.9914838710022955,0.9981135627750924,0.9993085818047586,0.9953522855059728,0.9896719559762646,0.9879645897327369,0.9824533243551695,0.9747621329628244,0.9479365850515674,0.9214274747156483,0.8669802176989849,0.8137573788769209,0.7860743158709829,0.7563850237150215,0.6514818975328389,0.9395536312999438
0.151,5.370081416613902,0.9546131667022569,0.9916829238735433,0.9981697903073834,0.9993322867272437,0.9954729875782061,0.9899063017042183,0.988231187460245,0.9828097675668314,0.9752279813426455,0.948713637746005,0.9224503991303916,0.8683740951378126,0.8154151652386653,0.7878417883914826,0.7582485170264653,0.6534226679882322,0.9401741057136053
0.152,5.394506865164835,0.955324159296623,0.9918764193933794,0.9982240992372289,0.9993550786251024,0.9955900170802662,0.9901342561583458,0.9884906544005926,0.9831573363568973,0.9756831017943166,0.9494755350364574,0.9234552950208865,0.8697469257904078,0.8170505908134073,0.7895866858713259,0.7600894759879704,0.6553438583589709,0.9407840486199688
0.153,5.418831866360521,0.9560206775437352,0.9920645371697319,0.9982765630414292,0.9993769963968206,0.9957035015843909,0.9903560218620707,0.9887432127568538,0.9834962905410681,0.9761277879589735,0.9502226375369405,0.9244425570336151,0.8710991157417434,0.8186640479107703,0.7913093849714398,0.7619082577697169,0.657245740986186,0.9413837030185808
0.154,5.443057038549932,0.9567030802839764,0.9922474502139427,0.9983272520780387,0.9993980771267991,0.9958135636831259,0.9905717940302823,0.988989076833487,0.9838268811974976,0.9765623241718984,0.9509552957388595,0.9254125695008837,0.8724310615423476,0.820255920380004,0.7930102546131401,0.7637052125756972,0.6591285833481788,0.9419733048431006
0.155,5.4671829950170645,0.9573717158801329,0.9924253252127271,0.9983762337318505,0.9994183561772929,0.9959203212054566,0.9907817608656843,0.9892284533521019,0.9841493509991394,0.976986985798272,0.951673850339409,0.9263657067551019,0.8737431504730936,0.8218265838272203,0.7946896561679191,0.7654806838055059,0.6609926481680437,0.9425530832085713
0.156,5.491210344032698,0.958026922569925,0.9925983227876586,0.9984235725524657,0.9994378672753136,0.99602388742259,0.9909861038417782,0.9894615417531802,0.9844639345319575,0.977402039555301,0.952378632557834,0.9273023334320797,0.8750357608014576,0.823376405826133,0.7963479436417884,0.7672350082117363,0.6628381935184042,0.9431232606486052
0.157,5.515139688905507,0.9586690288050934,0.9927665977428157,0.998469330385359,0.99945664259479,0.9961243712439278,0.9911849979731436,0.989688534484439,0.984770858599668,0.9778077438213371,0.9530699644400604,0.92822280476378,0.8763092620295668,0.8249057461225207,0.7979854638543586,0.7689685160531274,0.6646654729233534,0.9436840533429418
0.158,5.538971628032565,0.9592983535776146,0.9929302993011846,0.9985135664963258,0.9994747128342677,0.9962218774037443,0.9913786120736457,0.9899096172764875,0.9850703425156424,0.978204348932571,0.9537481591521744,0.9291274668609382,0.8775640151343291,0.826414956832625,0.7996025566128245,0.7706815312435875,0.6664747354576862,0.9442356713358305
0.159,5.562706754949222,0.959915206733592,0.9930895713303809,0.9985563376896761,0.9994921072904079,0.9963165066390524,0.9915671090031647,0.9901249694063973,0.985362598382573,0.9785920974678608,0.9544135212632101,0.930016656985948,0.8788003727999383,0.8279043826356959,0.8011995548810277,0.7723743714972269,0.6682662258435124,0.9447783187456598
0.16,5.586345658378378,0.9605198892753427,0.9932445525582247,0.9985976984205153,0.9995088539275288,0.9964083558591144,0.9917506459034094,0.9903347639497679,0.9856478313604665,0.9789712245222185,0.9550663470176866,0.9308907038163918,0.8800186796430299,0.8293743609608736,0.8027767849437536,0.7740473484695201,0.6700401845443282,0.9453121939662295
0.161,5.609888922279164,0.9611126936521761,0.9933953767786705,0.998637700901434,0.9995249794434204,0.9964975183070268,0.9919293744233493,0.9905391680218444,0.9859262399235074,0.9793419579694623,0.9557069245983096,0.9317499276995778,0.881219272430751,0.8308252221686058,0.8043345665664183,0.7757007678947183,0.6717968478566305,0.9458374898600488
0.162,5.633337125895021,0.9616939040403382,0.9935421730485685,0.9986763952039098,0.9995405093316474,0.9965840837137864,0.9921034409347654,0.9907383430082073,0.9861980161063015,0.9797045187145078,0.9563355343792389,0.9325946408984314,0.8824024802920006,0.8322572897267769,0.8058732131502959,0.7773349297196261,0.6735364479991448,0.946354393944017
0.163,5.65669084380121,0.9622637966125716,0.9936850658757082,0.9987138293547052,0.9995554679405411,0.9966681384452191,0.9922729867384028,0.990932444785536,0.9864633457399873,0.9800591209357574,0.9569524491703024,0.9334251478290737,0.8835686249220834,0.8336708803817297,0.8073930318834258,0.7789501282338543,0.675259213199745,0.9468630885678364
0.164,5.6799506459517435,0.9628226397977239,0.99382417539857,0.9987500494275303,0.9995698785290699,0.9967497656421368,0.9924381482611705,0.9911216239329146,0.9867224086786742,0.9804059723180163,0.9575579344525209,0.9342417452904032,0.884718020781011,0.8350663043243458,0.8088943238873434,0.780546652196652,0.6769653677801328,0.9473637510854707
0.165,5.7031170977257535,0.9633706945308126,0.9939596175581872,0.9987850996302228,0.9995837633197668,0.9968290453540615,0.9925990572448228,0.9913060259341266,0.9869753790166497,0.9807452742763503,0.9581522486052911,0.9350447226859859,0.8858509752856765,0.8364438653513517,0.8103773843597625,0.7821247849604277,0.6786551322383478,0.9478565540199695
0.166,5.726190759973298,0.9639082144939416,0.9940915042625013,0.9988190223876833,0.9995971435488803,0.9969060546668402,0.9927558409265238,0.991485791371363,0.9872224252967684,0.981077222171275,0.9587356431255605,0.9358343622385459,0.8869677889961174,0.8378038610220048,0.8118425027133407,0.7836848045910536,0.6803287233291724,0.9483416652219435
0.167,5.749172189060626,0.9644354463484408,0.994219943543571,0.9988518584207907,0.9996100395139035,0.996980867824459,0.9929086222116819,0.9916610561107442,0.9874637107104225,0.9814020055156522,0.9593083628393092,0.9366109391973332,0.8880687557960752,0.8391465828103108,0.8132899627106522,0.7852269839850519,0.6819863541424961,0.9488192480219741
0.168,5.772061936914894,0.9649526299585882,0.9943450397079793,0.9988836468215088,0.999622470618633,0.9970535563453405,0.993057519839418,0.9918319514800389,0.9876993932894674,0.9817198081736451,0.9598706461056447,0.9373747220386386,0.8891541630680495,0.8404723162529218,0.8147200425954828,0.7867515909837544,0.6836282341796995,0.9492894613772179
0.169,5.794860551068348,0.9654599986072551,0.9944668934807598,0.9989144251243827,0.9996344554158906,0.9971241891334031,0.9932026485410143,0.9919986044389397,0.9879296260904628,0.9820308085520775,0.9604227250137984,0.9381259726597093,0.8902242918630388,0.8417813410928501,0.8161330152205681,0.7882588884845285,0.685254569428119,0.9497524600124646
0.17,5.817568574701988,0.9659577792037999,0.9945856021431534,0.9989442293746165,0.9996460116480422,0.997192832584135,0.9933441191916703,0.9921611377422398,0.9881545573715668,0.9823351797845112,0.9609648255733018,0.9388649465663125,0.8912794170651527,0.8430739314191376,0.8175291481718824,0.7897491345491527,0.6868655624336488,0.9502083945558804
0.171,5.840186546688699,0.9664461924845237,0.9947012596644842,0.998973094192905,0.9996571562854336,0.997259550685934,0.993482038955879,0.9923196700962368,0.9883743307624114,0.9826330899083587,0.9614971678976073,0.9395918930541798,0.8923198075512706,0.8443503558026084,0.8189087038895843,0.7912225825094275,0.688461412371534,0.950657411669672
0.172,5.862715001635883,0.9669254532059826,0.9948139568284328,0.9990010528371921,0.9996679055628593,0.9973244051169373,0.9936165114267178,0.9924743163086734,0.9885890854272632,0.9829247020353165,0.9620199663814085,0.9403070553845609,0.8933457263459171,0.8456108774278324,0.8202719397857268,0.792679481070102,0.69004231511541,0.9510996541758816
0.173,5.885154469927584,0.9673957703314435,0.9949237813539675,0.9990281372615095,0.999678275014172,0.9973874553375677,0.9937476367593342,0.9926251874325093,0.9887989562217652,0.9832101745154032,0.962533429871902,0.9410106709540996,0.894357430771519,0.8468557542214175,0.8216191083588253,0.7941200744091952,0.6916084633046382,0.9515352611775282
0.174,5.907505477766097,0.9678573472107557,0.9950308180111846,0.9990543781720489,0.999688279505135,0.9974487586789974,0.9938755117988946,0.9927723909038023,0.9890040738435387,0.983489661094869,0.9630377618342234,0.9417029714592415,0.8953551725941988,0.8480852389767525,0.8229504573053881,0.7955446022757887,0.6931600464099912,0.9519643681752817
0.175,5.929768547213114,0.9683103817538947,0.9951351487322916,0.999079805080607,0.9996979332646133,0.9975083704277319,0.9940002302032466,0.9929160306739682,0.989204564976911,0.9837633110682295,0.9635331605112809,0.9423841830553713,0.8963391981652574,0.8492995794753064,0.8242662296284909,0.7969533000853606,0.6946972507977283,0.9523871071798667
0.176,5.951944196230365,0.9687550665984322,0.9952368527179579,0.9991044463555365,0.9997072499141939,0.9975663439064948,0.9941218825605376,0.9930562073366664,0.9894005524320223,0.9840312694246663,0.964019819078198,0.9430545265108701,0.8973097485584896,0.8504990186046,0.8255666637434962,0.7983463990127351,0.696220259792117,0.952803606820369
0.177,5.974032938719791,0.9691915892711653,0.9953360065392478,0.9991283292703306,0.9997162424963184,0.9976227305515951,0.994240556502016,0.9931930182495577,0.9895921552785535,0.98429367698903,0.9644979257915718,0.9437142173562774,0.8982670597034743,0.8516837944729474,0.8268519935809977,0.7997241260827145,0.6977292537364368,0.9532139924486163
0.178,5.996035284563233,0.9696201323441357,0.9954326842353352,0.9991514800499588,0.9997249235010118,0.9976775799869403,0.9943563368102339,0.993326557651157,0.9897794889743039,0.984550670557662,0.9649676641337399,0.944363466028731,0.8992113625149729,0.8528541405210741,0.828122448687074,0.8010867042584611,0.699224410052516,0.9536183862397989
0.179,6.017951739661679,0.9700408735852553,0.9955269574071929,0.9991739239150672,0.9997333048912789,0.9977309400948573,0.9944693055228564,0.9934569167730021,0.9899626654888399,0.9848023830292492,0.9654292129522449,0.9450024780118556,0.9001428830185632,0.8540102856307056,0.8293782543209329,0.8024343525276907,0.7007059032988363,0.954016907289478
0.18,6.039782805974026,0.9704539861037467,0.9956188953074409,0.9991956851241508,0.999741398127242,0.997782857083869,0.9945795420322747,0.9935841839473445,0.9901417934224213,0.9850489435309135,0.9658827465946749,0.9456314539712605,0.9010618424726381,0.8551524542302207,0.8306196315500269,0.8037672859867433,0.7021739052272522,0.9544096717071382
0.181,6.061528981555411,0.9708596384905986,0.9957085649265233,0.9992167870137969,0.9997492141890866,0.9978333755535724,0.9946871231812087,0.9937084447105577,0.9903169781204061,0.9852904775397278,0.9663284350390533,0.9462505898858028,0.9019684574868846,0.856280866397463,0.8318467973427094,0.8050857159225872,0.7036285848383602,0.9547967927064182
0.182,6.083190760595084,0.9712579949542272,0.9957960310753826,0.9992372520370967,0.9997567635988766,0.9978825385567504,0.9947921233544779,0.9938297819024521,0.9904883217833238,0.9855271069998425,0.9667664440199417,0.9468600771747653,0.9028629401373612,0.8573957379597943,0.8330599646585091,0.8063898498928181,0.7050701084355575,0.955178380692156
0.183,6.1047686334538405,0.9716492154515245,0.9958813564647853,0.9992571018003145,0.9997640564413012,0.9979303876588482,0.9948946145671087,0.9939482757616729,0.9906559235727973,0.9857589504354006,0.9671969351504142,0.9474601028210918,0.9037454980782844,0.8584972805914765,0.8342593425360922,0.8076798918037079,0.7064986396778259,0.9555545433443784
0.184,6.126263086701031,0.9720334558144733,0.9959646017814491,0.9992763570979006,0.9997711023834086,0.9979769629949379,0.9949946665489392,0.9940640040173545,0.9908198797134877,0.9859861230594066,0.9676200660400551,0.9480508494908187,0.9046163346506298,0.859585701908464,0.8354451361789791,0.8089560419863561,0.7079143396312777,0.9559253856993585
0.185,6.147674603151125,0.9724108678724909,0.9960458257611137,0.9992950379459287,0.9997779106933784,0.9980223033242818,0.995092346825875,0.9941770419771883,0.9909802835912256,0.9862087368787121,0.9680359904091255,0.948632495648834,0.9054756489876548,0.8606612055606835,0.8366175470390809,0.8102184972709995,0.7093173668194964,0.9562910102278522
0.186,6.169003661899872,0.9727815995706671,0.996125085258689,0.9993131636140338,0.9997844902583854,0.998066446082612,0.995187720797941,0.9942874626120625,0.9911372258474881,0.9864269007952718,0.9684448581990375,0.949205215671093,0.9063236361174374,0.8617239913218784,0.837776772898122,0.8114674510595302,0.710707877272705,0.9566515169106323
0.187,6.190250738360025,0.9731457950840492,0.9962024353156117,0.9993307526559255,0.9997908496015995,0.9981094274322243,0.9952808518142697,0.994395336637418,0.9912907944703707,0.9866407207038159,0.9688468156792709,0.9497691799534105,0.9071604870625319,0.8627742551770925,0.8389230079470062,0.8127030933962702,0.7120860245757984,0.9570070033114245
0.188,6.211416304296675,0.9735035949281191,0.9962779292245278,0.999347822938543,0.9997969968983687,0.9981512823099906,0.9953718012451558,0.9945007325914627,0.9914410748821979,0.9868502995860805,0.9692420055508608,0.9503245550169497,0.9079863889368305,0.8638121894078603,0.8400564428631911,0.8139256110370514,0.713451959915265,0.9573575646473446
0.189,6.2325008278621565,0.9738551360656094,0.9963516185914241,0.9993643916699185,0.9998029399916258,0.9981920444733823,0.9954606285513057,0.9946037169103752,0.9915881500239101,0.9870557376017305,0.9696305670465778,0.9508715036105192,0.9088015250397207,0.8648379826751769,0.8411772648861215,0.8151351875166484,0.7148058321250299,0.9577032938569394
0.19,6.253504773630573,0.9742005520097888,0.9964235533953122,0.9993804754258111,0.9998086864065594,0.9982317465445935,0.9955473913504012,0.994704354000628,0.991732100436357,0.9872571321761031,0.9700126360279219,0.9514101848097873,0.9096060749476251,0.8658518201003093,0.8422856578907834,0.8163320032146069,0.716147787731253,0.958044281665922
0.191,6.274428602631914,0.9745399729243518,0.996493782045578,0.9993960901751695,0.9998142433645867,0.9982704200528534,0.9956321454810905,0.9948027063085492,0.991873004338624,0.9874545780848965,0.9703883450790414,0.9519407541135189,0.9104002146030066,0.8668538833435181,0.8433818024594293,0.8175162354195136,0.717477970996102,0.9583806166506891
0.192,6.295272772385787,0.9748735257200328,0.9965623514370906,0.9994112513044786,0.999819617796664,0.9983080954750044,0.9957149450645181,0.9948988343872407,0.9920109377035099,0.9876481675359201,0.9707578235976876,0.9524633635369347,0.9111841164009163,0.8678443506807461,0.8444658759515268,0.8186880583917482,0.7187965239605363,0.9587123852997099
0.193,6.316037736934769,0.97520133414807,0.9966293070031712,0.999425973641045,0.9998248163559681,0.9983448022744272,0.9957958425634958,0.994992796960962,0.992145974330271,0.9878379902480214,0.9711211978833089,0.9529781617022913,0.9119579492731654,0.868823397078338,0.8455380525719833,0.8198476434247598,0.7201035864861223,0.9590396720728646
0.194,6.33672394687737,0.9755235188906286,0.9966946927665119,0.9994402714752681,0.9998298454299813,0.9983805689383832,0.9958748888394159,0.9950846509870854,0.9922781859147402,0.9880241335272955,0.9714785912223861,0.953485293926773,0.9127218787701913,0.8697911942658464,0.8465985034376913,0.8209951589049048,0.7213992962959076,0.95936255945881
0.195,6.357331849400631,0.9758401976482977,0.9967585513881305,0.9994541585819486,0.999834711152009,0.9984154230138481,0.9959521332069988,0.9951744517157236,0.9924076421169274,0.9882066823406823,0.9718301239711054,0.9539849023077872,0.913476067140692,0.8707479108069809,0.847647396642446,0.8221307703698888,0.7226837890143807,0.9596811280304548
0.196,6.377861888312343,0.9761514852247648,0.9968209242144461,0.9994676482406752,0.9998394194121591,0.9984493911418989,0.9960276234869684,0.9952622527471261,0.9925344106261986,0.988385719387051,0.9721759136354613,0.9544771258057493,0.9142206734090976,0.8716937121687546,0.8486848973202783,0.8232546405658463,0.7239571982065378,0.9599954564986032
0.197,6.398314504072911,0.9764574936087702,0.9968818513225542,0.9994807532553368,0.9998439758678109,0.9984824990907221,0.9961014060567396,0.9953481060869356,0.992658557224131,0.9885613251658655,0.9725160749488806,0.9549621003244393,0.9149558534509452,0.8726287607888799,0.8497111677072466,0.8243669295030964,0.7252196554160815,0.9603056217638454
0.198,6.418690133826851,0.9767583320534384,0.9969413715637759,0.9994934859727969,0.999848385953597,0.9985147717873001,0.9961735258992006,0.9954320621993923,0.9927801458451355,0.9887335780435232,0.9728507199474516,0.955439958789012,0.9156817600662222,0.8735532161414642,0.8507263672017346,0.8254677945106086,0.7264712902027748,0.9606116989667606
0.199,6.438989211433938,0.9770541071530819,0.9969995226055552,0.9995058583007715,0.9998526548909247,0.9985462333478357,0.9962440266496696,0.9955141700585699,0.9928992386349341,0.988902554317455,0.9731799580428426,0.9559108312217365,0.9163985430507393,0.8744672348010546,0.8517306524232897,0.8265573902892132,0.7277122301789694,0.9609137615364881
0.2,6.4592121675,0.9773449229175646,0.9970563409717722,0.999517881724948,0.9998567876970574,0.9985769071069684,0.9963129506410997,0.9955944771977238,0.9930158960069743,0.9890683282780678,0.9735038960929885,0.9563748448155401,0.9171063492655954,0.875370970505079,0.8527241772700502,0.8276358689635892,0.7289426010453335,0.9612118812377336
0.201,6.479359429407361,0.9776308808443139,0.9971118620815368,0.9995295673253755,0.9998607891937813,0.9986068156458351,0.9963803389476044,0.9956730297568268,0.993130176696864,0.9892309722686133,0.9738226384706212,0.9568321240054283,0.9178053227047895,0.8762645742147285,0.8537070929747923,0.8287033801330621,0.7301625266257971,0.9615061282162659
0.202,6.499431421344956,0.9779120799880645,0.9971661202865288,0.999540925792166,0.9998646640156722,0.998635980819025,0.9964462314263723,0.9957498725283672,0.9932421378149003,0.9893905567430578,0.97413628712972,0.9572827905378491,0.918495604561038,0.8771481941743272,0.8546795481596408,0.8297600709212423,0.7313721289017361,0.9617965710429592
0.203,6.5194285643380985,0.9781886170284104,0.9972191489069411,0.9995519674405334,0.9998684166179886,0.9986644237804765,0.996510666758037,0.9958250490014771,0.9933518348967684,0.9895471503220271,0.9744449416699494,0.9577269635380703,0.9191773332898507,0.8780219759692311,0.8556416888894767,0.8308060860245334,0.7325715280454135,0.9620832767564345
0.204,6.539351276277915,0.9784605863352475,0.9972709802660847,0.9995627022252019,0.9998720512842044,0.9986921650083607,0.9965736824855624,0.9958986014044591,0.9934593219524783,0.9897008198468987,0.9747486993991552,0.9581647595756303,0.9198506446719186,0.8788860625822978,0.856593658724079,0.8318415677595432,0.7337608424526996,0.9623663109043525
0.205,6.559199971950464,0.9787280800321749,0.9973216457237108,0.9995731397542131,0.9998755721332001,0.9987192243289952,0.9966353150517074,0.9959705707457754,0.9935646515136102,0.9898516304321081,0.975047655393982,0.9585962927279287,0.9205156718738614,0.8797405944489665,0.8575355987690324,0.8328666561094196,0.7349401887750839,0.9626457375834031
0.206,6.578975063065512,0.9789911880579303,0.9973711757081005,0.9995832893021578,0.999878983126131,0.9987456209398298,0.9966955998351219,0.9960409968535597,0.9936678746789291,0.9899996455157344,0.9753419025586779,0.9590216746420122,0.9211725455073877,0.8805857095109891,0.8584676477254375,0.8338814887691466,0.7361096819510036,0.9629216194780423
0.207,6.598676958285008,0.979249998225924,0.9974195997469737,0.9995931598228587,0.9998822880729851,0.9987713734315421,0.9967545711851342,0.9961099184137103,0.9937690411584351,0.9901449269084294,0.9756315316821449,0.9594410145946163,0.9218213936869116,0.8814215432688494,0.8593899419384532,0.8348862011898206,0.7372694352364997,0.9631940178980188
0.208,6.6183060632512305,0.9795045962819408,0.9974669464972636,0.9996027599615291,0.9998854906388479,0.9987964998092814,0.9968122624552778,0.996177373006621,0.9938681993159042,0.9902875348407485,0.9759166314932938,0.9598544195505164,0.9224623420856731,0.8822482288329048,0.8603026154447042,0.8358809266219369,0.7384195602352219,0.9634629928147372
0.209,6.637862780614627,0.9797550659600698,0.997513243773804,0.9996120980664306,0.9998885943498869,0.9988210175130974,0.9968687060356101,0.9962433971426033,0.9939653962099795,0.9904275280089422,0.9761972887147622,0.9602619942192436,0.9230955139904062,0.8830658969732899,0.8612058000185827,0.8368657961577107,0.7395601669277958,0.9637286028964915
0.21,6.657347510061349,0.9800014890369241,0.9975585185769711,0.9996211822000519,0.9998916025990693,0.9988449434375855,0.9969239333838694,0.9963080262960502,0.9940606776338672,0.9905649636192637,0.9764735881150457,0.960663841110214,0.9237210303545965,0.8838746761686124,0.8620996252174742,0.8378409387724559,0.74069136370057,0.9639909055426185
0.211,6.676760648340477,0.9802439453842092,0.9976027971193225,0.9996300201498306,0.9998945186516274,0.9988682939507844,0.9969779750555177,0.996371294938392,0.9941540881536874,0.9906998974308447,0.9767456125590994,0.961060060586324,0.9243390098503712,0.8846746926534768,0.8629842184259364,0.8388064813650481,0.7418132573737568,0.9642499569166018
0.212,6.696102589290953,0.9804825130196952,0.9976461048512745,0.9996386194384371,0.9998973456502804,0.9988910849123542,0.9970308607327102,0.99643323656989,0.9942456711455329,0.9908323837971931,0.9770134430574552,0.9614507509160596,0.9249495689190599,0.885466070464868,0.863859704898859,0.839762548797492,0.7429259532289832,0.9645058119781679
0.213,6.715373723868211,0.9807172681566477,0.9976884664858524,0.9996469873336415,0.9999000866202277,0.998913331691067,0.9970826192522377,0.9964938837503134,0.9943354688312809,0.9909624757063575,0.9772771588139076,0.9618360083241633,0.9255528218204649,0.886248931487424,0.8647262078036286,0.8407092639336186,0.7440295550362661,0.964758524514404
0.214,6.734574440170523,0.9809482852517691,0.9977299060225548,0.9996551308577801,0.9999027444739214,0.9989350491816367,0.9971332786324777,0.996553268128543,0.9944235223132074,0.991090224819812,0.9775368372718125,0.9622159270409062,0.9261488806808801,0.8870233954976313,0.8655838482613296,0.8416467476769313,0.7451241650804242,0.9650081471699388
0.215,6.7537051234650445,0.9811756370517009,0.9977704467703634,0.9996630567968405,0.999905322015631,0.9989562518209161,0.997182866099395,0.9966114204711417,0.9945098716074451,0.9912156815100993,0.9777925541590435,0.962590599350008,0.9267378555398919,0.8877895802069691,0.8664327453870022,0.8425751190076245,0.7462098841869436,0.9652547314762121
0.216,6.772766156213591,0.9813993946381341,0.9978101113699327,0.9996707717091803,0.9999078219458085,0.9989769536034878,0.9972314081116289,0.9966683706899332,0.9945945556763292,0.9913388948972817,0.9780443835316519,0.9629601156352452,0.9273198543959997,0.8885476013040315,0.8672730163289835,0.8434944950187945,0.7472868117473066,0.9654983278798688
0.217,6.791757918098122,0.9816196274715754,0.9978489218149927,0.999678281933897,0.9999102468652633,0.9989971680966715,0.9972789303847007,0.9967241478686247,0.9946776124596716,0.9914599128842394,0.9782923978162692,0.9633245644257892,0.9278949832510881,0.8892975724956583,0.8681047763073553,0.8444049909518607,0.7483550457438005,0.9657389857703046
0.218,6.810680786045948,0.9818364034338136,0.9978868994729938,0.9996855935988633,0.9999125992791563,0.9990169084549735,0.9973254579143769,0.9967787802885119,0.9947590789050023,0.9915787821908564,0.9785366678512943,0.9636840324403132,0.9284633461537832,0.8900396055470952,0.8689281386515234,0.8453067202312212,0.7494146827738137,0.965976753506395
0.219,6.829535134254677,0.9820497888691286,0.9979240651050238,0.9996927126284425,0.9999148816008216,0.9990361874340004,0.9973710149992183,0.9968322954532988,0.9948389909968159,0.9916955483871325,0.9787772629269038,0.9640386046299045,0.9290250452417279,0.8907738103212148,0.8697432148369479,0.8461997944981571,0.7504658180736393,0.9662116784424325
0.22,6.848321334216867,0.9822598486242854,0.9979604388850261,0.9996996447508968,0.9999170961554231,0.999055017403858,0.9974156252623496,0.9968847201130688,0.994917383784859,0.9918102559252608,0.9790142508239233,0.9643883642198195,0.9295801807828018,0.8915002948168216,0.8705501145210482,0.8470843236440067,0.7515085455417897,0.9664438069533007
0.221,6.867039754744437,0.9824666460873523,0.9979960404183433,0.9997063955055037,0.999919245183455,0.9990734103620573,0.9974593116724746,0.9969360802874359,0.9949942914114933,0.991922948170704,0.9792476978515956,0.9647333927501157,0.9301288512153207,0.8922191652060633,0.8713489455783031,0.8479604158426266,0.7525429577618379,0.9666731844589109
0.222,6.885690761992796,0.9826702432253838,0.9980308887596164,0.9997129702493911,0.999921330844091,0.9990913779459456,0.99750209656417,0.996986401287908,0.9950697471381678,0.9920336674323049,0.9794776688842801,0.9650737701151958,0.93067115318724,0.8929305258709755,0.8721398141345682,0.8488281775821576,0.7535691460247979,0.9668998554479242
0.223,6.904274719484722,0.9828707006210009,0.9980650024300589,0.9997193741641035,0.999923355218392,0.9991089314446842,0.9975440016574812,0.9970357077394937,0.9951437833710312,0.9921424549914648,0.9797042273971195,0.9654095746022947,0.9312071815943931,0.8936344794391806,0.8729228246006271,0.8496877136961106,0.7545872003510526,0.9671238635007855
0.224,6.92279198813397,0.9830680775079114,0.9980983994341345,0.9997256122619117,0.9999253203123775,0.9991260818107878,0.9975850480768501,0.9970840236015759,0.9952164316857177,0.992249351130422,0.9799274355007032,0.9657408829289436,0.9317370296177896,0.8943311268187635,0.8736980797050001,0.8505391273937926,0.7555972095118407,0.9673452513120914
0.225,6.941242926268656,0.9832624318053972,0.9981310972756582,0.9997316893918757,0.9999272280599648,0.9991428396712458,0.9976252563693958,0.9971313721880852,0.9952877228513318,0.9923543951596592,0.9801473539747607,0.9660677702794391,0.9322607887600015,0.8950205672323459,0.8744656805260256,0.8513825202900844,0.7565992610503117,0.9675640607123108
0.226,6.95962788965435,0.9834538201518083,0.9981631129733431,0.9997376102456713,0.9999290803257864,0.99915921533824,0.9976646465225765,0.9971777761869944,0.9953576868536639,0.9924576254444719,0.9803640423009163,0.9663903103403501,0.9327785488806608,0.8957028982503805,0.8752257265232339,0.8522179924345898,0.7575934413021642,0.9677803326888864
0.227,6.9779472315169535,0.9836422979370913,0.9981944630758148,0.9997433793631911,0.9999308789078878,0.9991752188194756,0.9977032379812528,0.997223257679162,0.9954263529176626,0.9925590794307246,0.9805775586945309,0.9667085753350865,0.9332903982310937,0.8963782158236846,0.8759783155680327,0.8530456423401678,0.758579835415869,0.9679941074067296
0.228,6.9962013025653205,0.9838279193343856,0.9982251636761112,0.9997490011379291,0.9999326255403111,0.99919085982814,0.9977410496641754,0.9972678381565461,0.9954937495291893,0.9926587936698226,0.980787960135663,0.9670226360575631,0.9337964234881161,0.8970466143152331,0.8767235439737182,0.8538655670108652,0.7595585273724932,0.9682054242281368
0.229,7.014390451013633,0.9840107373307159,0.9982552304256904,0.9997544798221567,0.9999343218955725,0.9992061477925058,0.9977780999799191,0.9973115385398146,0.9955599044560822,0.9927568038429264,0.9809953023991744,0.9673325619049807,0.9342967097870121,0.8977081865312313,0.8774615065248313,0.8546778619692631,0.760529600005133,0.9684143217321347
0.23,7.03251502260355,0.9841908037568111,0.9982846785479615,0.9997598195319009,0.9999359695870341,0.9992210918651884,0.9978144068422827,0.9973543791953714,0.9956248447685512,0.9928531447844332,0.981199640084006,0.9676384209097527,0.9347913407537181,0.8983630237514834,0.8781922965058745,0.8554826212832498,0.7614931350179617,0.9686208377332888
0.231,7.050575360626108,0.9843681693160763,0.998313522851358,0.9997650242517314,0.9999375701711792,0.9992357009320757,0.9978499876851751,0.9973963799518208,0.9956885968589297,0.992947850504751,0.9814010266416515,0.9679402797706012,0.9352803985362361,0.8990112157590779,0.8789160057294052,0.8562799375922376,0.762449213004905,0.9688250092999755
0.232,7.068571805943396,0.9845428836127447,0.9983417777419703,0.9997700978393648,0.9999391251497916,0.9992499836209394,0.9978848594770051,0.9974375601158904,0.9957511864608041,0.9930409542123879,0.9815995144038523,0.9682382038828481,0.9357639638352936,0.899652850869406,0.8796327245635206,0.8570699021328319,0.7633979134679504,0.9690268727721488
0.233,7.086504697010006,0.9847149951792358,0.9983694572357543,0.9997750440300935,0.9999406359720456,0.9992639483097422,0.9979190387345955,0.9974779384878313,0.995812638667543,0.9931324883353799,0.9817951546095364,0.968532257367923,0.9362421159342733,0.9002880159585284,0.8803425419587493,0.8578526047639683,0.764339314835099,0.9692264637786083
0.234,7.104374369894242,0.9848845515027457,0.9983965749703299,0.9997798664410468,0.9999421040365102,0.9992776031346515,0.9979525415366357,0.9975175333763164,0.9958729779502465,0.9932224845420794,0.9819879974310264,0.9688225031021119,0.9367149327284323,0.9009167964909102,0.8810455454743648,0.8586281339915317,0.7652734944779689,0.9694238172537903
0.235,7.122181158299119,0.9850515990510907,0.9984231442163861,0.9997845685752907,0.9999435306930697,0.9992909559977713,0.9979853835366921,0.997556362612852,0.9959322281751372,0.9933109737613247,0.9821780919995377,0.9691090027445675,0.9371824907534273,0.9015392765465384,0.8817418213041337,0.8593965769924643,0.766200528729056,0.9696189674540951
0.236,7.139925393583138,0.985216183297831,0.9984491778887069,0.9997891538257732,0.9999449172447675,0.9993040145746028,0.9980175799757903,0.9975944435657224,0.9959904126204083,0.9933979862020116,0.9823654864299871,0.9693918167646035,0.9376448652131675,0.9021555388474366,0.8824314543015143,0.8601580196383805,0.7671204928986628,0.9698119479737634
0.237,7.157607404780829,0.9853783487466947,0.9984746885568304,0.9997936254791209,0.9999462649495727,0.9993167863212451,0.998049145694587,0.9976317931534827,0.9960475539925531,0.9934835513720857,0.9825502278451361,0.9696710044682935,0.9381021300070123,0.9027656647835949,0.8831145280043171,0.8609125465186971,0.7680334612915017,0.9700027917603188
0.238,7.175227518623104,0.985538138955324,0.9984996884553566,0.9997979867192939,0.9999475750220763,0.9993292784813438,0.9980800951451425,0.9976684278580173,0.9961036744421871,0.9935676980969763,0.9827323623990838,0.9699466240243922,0.9385543577563288,0.9033697344383252,0.8837911246588409,0.8616602409632885,0.7689395072229757,0.9701915311295892
0.239,7.192786059557367,0.9856955965583659,0.9985241894939151,0.9998022406311039,0.9999488486351176,0.9993414980927994,0.9981104424023127,0.9977043637371772,0.9961587955793856,0.9936504545374877,0.982911935300134,0.9702187324896017,0.9390016198304307,0.9039678266130629,0.8844613252434986,0.8624011850646836,0.769838703035153,0.9703781977803199
0.24,7.210283349767442,0.9858507632899259,0.9985482032668047,0.9998063902036008,0.9999500869213451,0.999353451994243,0.9981402011747701,0.9977396164370135,0.9962129384885496,0.9937318482071666,0.9830889908330521,0.970487385833198,0.9394439863719107,0.904560018851621,0.8851252094919418,0.8631354596998067,0.7707311201124325,0.9705628228083895
0.241,7.227719709193266,0.9860036800054056,0.9985717410623182,0.999810438333335,0.9999512909747152,0.9993651468312883,0.9981693848156694,0.9977742012036197,0.9962661237428175,0.9938119059891639,0.9832635723807298,0.9707526389610392,0.9398815263213843,0.9051463874639175,0.8857828559157006,0.8638631445512822,0.7716168288969137,0.9707454367206443
0.242,7.245095455550406,0.9861543867027419,0.9985948138717623,0.9998143878274969,0.999952461851929,0.9993765890625692,0.9981980063329696,0.9978081328945966,0.9963183714180373,0.9938906541526038,0.9834357224452773,0.9710145457389695,0.9403143074416611,0.9057270075491838,0.8864343418263441,0.864584318128305,0.7724958989034744,0.9709260694483611
0.243,7.262410904349333,0.9863029225430677,0.9986174323981848,0.9998182414069418,0.9999536005738132,0.9993877849655698,0.9982260783994246,0.997841425990154,0.996369701106314,0.9939681183684802,0.9836054826685581,0.9712731590156392,0.940742396341357,0.9063019530186704,0.8870797433571818,0.8652990577870927,0.7733683987345639,0.971104750360349
0.244,7.27966636891455,0.9864493258708094,0.9986396070648172,0.9998220017091042,0.9999547081266447,0.9993987406422551,0.9982536133622536,0.9978740946038605,0.9964201319291478,0.9940443237250921,0.9837728938521826,0.9715285306447539,0.9411658584979633,0.9068712966178596,0.8877191354845065,0.866007439750923,0.7742343960947166,0.9712815082757029
0.245,7.296862160403458,0.9865936342332404,0.9986613480232462,0.999825671290803,0.9999557854634227,0.9994094620245102,0.9982806232525041,0.9979061524930545,0.9964696825501745,0.9941192947430346,0.983937995976979,0.9717807115067727,0.9415847582803858,0.9074351099482005,0.8883525920483997,0.8667095391297742,0.7750939578047952,0.9714563714762178
0.246,7.313998587825087,0.9867358843995063,0.9986826651613201,0.9998292526309467,0.9999568335050907,0.9994199548793947,0.9983071197941158,0.9979376130689279,0.9965183711875225,0.9941930553897592,0.9841008282219526,0.9720297515300662,0.9419991589709682,0.9079934634883742,0.8889801857730996,0.8674054299395683,0.7759471498159636,0.9716293677184752
0.247,7.331075958058586,0.986876112379137,0.9987035681108027,0.9998327481331377,0.9999578531417095,0.9994302248142182,0.9983331144126982,0.9979684894062941,0.9965662156257996,0.994265629093717,0.984261428982753,0.9722756997115537,0.9424091227870138,0.9085464266151044,0.8896019882869538,0.8680951851210332,0.7767940372234036,0.9718005242456135
0.248,7.34809457587156,0.9870143534400619,0.9987240662547808,0.9998361601281834,0.999958845233584,0.9994402772814459,0.9983586182440304,0.9979987942530499,0.9966132332277209,0.9943370387580979,0.9844198358896593,0.9725186041368304,0.9428147109018166,0.9090940676235216,0.8902180701419538,0.8687788765581885,0.7776346842797717,0.971969867798786
0.249,7.365054743938178,0.9871506421261437,0.9987441687348362,0.999839490876516,0.9999598106123461,0.9994501175834379,0.9983836421422925,0.9980285400393435,0.9966594409453898,0.9944073067741789,0.9845760858251004,0.9727585119998017,0.9432159834652163,0.9096364537470938,0.8908285008328721,0.8694565750964653,0.7784691544084099,0.9721374246283222
0.25,7.3819567628571425,0.9872850122742429,0.9987638844579884,0.9998427425705242,0.9999607500819941,0.99945975087703,0.99840819668804,0.9980577388864577,0.9967048553312443,0.9944764550342933,0.9847302149407223,0.972995469621836,0.9436129996236883,0.9101736511771323,0.8914333488160038,0.8701283505604667,0.7792975102163107,0.9723032205045969
0.251,7.398800931169423,0.9874174970308297,0.9987832221034181,0.9998459173368017,0.9999616644198929,0.9994691821779611,0.998432292195927,0.9980864026154179,0.9967494925486781,0.9945445049444332,0.984882258674016,0.9732295224704505,0.9440058175399815,0.910705725081885,0.892032681527526,0.8707942717713791,0.7801198135068422,0.9724672807286207
0.252,7.415587545375855,0.9875481288681548,0.9988021901289771,0.9998490172383148,0.9999625543777334,0.9994784163651527,0.9984559387221891,0.998114542755335,0.9967933683823483,0.9946114774364966,0.9850322517645179,0.9734607151775411,0.9443944944123138,0.9112327396252248,0.8926265654014816,0.87145440656404,0.7809361252922411,0.9726296301423528
0.253,7.432316899954518,0.9876769395999925,0.9988207967774935,0.9998520442764919,0.9999634206824561,0.9994874581848467,0.9984791460718933,0.9981421705514903,0.9968364982481798,0.9946773929801894,0.9851802282695962,0.9736890915571719,0.9447790864931391,0.9117547579849453,0.8932150658873972,0.8721088218036714,0.7817465058058752,0.9727902931387525
0.254,7.44898928737798,0.9878039603969702,0.9988390500828779,0.9998550003932386,0.9999642640371381,0.9994963122546051,0.9985019238059631,0.9981692969731749,0.996878897203075,0.9947422715945953,0.9853262215798331,0.9739146946229329,0.9451596491074932,0.912271842370671,0.8937982474675447,0.8727575834022853,0.7825510145142824,0.9729492936715691
0.255,7.465604998130311,0.9879292218014935,0.9988569578760397,0.9998578874728817,0.9999650851218457,0.9995049830671785,0.9985242812479862,0.9981959327212865,0.9969205799543405,0.9948061328594199,0.9854702644340175,0.9741375666048798,0.9455362366709333,0.9127840540413925,0.8943761736738515,0.87340075633477,0.7833497101289912,0.9731066552648866
0.256,7.4821643207239825,0.9880527537422815,0.9988745277906164,0.999860707344043,0.9999658845944545,0.9995134749942463,0.9985462274908123,0.998222088235697,0.9969615608688374,0.9948689959259239,0.9856123889337556,0.9743577489660662,0.945908902707078,0.9132914533226346,0.8949489071044712,0.8740384046546616,0.7841426506181237,0.9732624010224218
0.257,7.498667541716543,0.9881745855485233,0.9988917672685264,0.9998634617814478,0.9999666630914374,0.9995217922900338,0.9985677714029481,0.9982477737023948,0.9970018539818665,0.9949308795275512,0.9857526265577123,0.9745752824186796,0.9462776998647584,0.9137940996232683,0.8955165094400198,0.8746705915096119,0.7849298932177925,0.9734165536365889
0.258,7.515114945727171,0.9882947459636635,0.9989086835653481,0.9998661525076691,0.9999674212286238,0.9995299390948126,0.9985889216347563,0.9982729990604114,0.9970414730057948,0.9949918019902625,0.9858910081754944,0.9747902069397918,0.9466426799347927,0.914292051451971,0.8960790414594866,0.8752973791565533,0.7857114944432876,0.9735691353973336
0.259,7.53150681545301,0.9884132631588333,0.9989252837555329,0.9998687811948104,0.9999681596019274,0.9995379194382837,0.9986096866244656,0.9982977740085386,0.9970804313384328,0.9950517812425841,0.986027564061183,0.9750025617867337,0.9470038938663898,0.9147853664333481,0.8966365630558261,0.8759188289765746,0.7864875101000657,0.9737201682007484
0.26,7.547843431685394,0.988530164745931,0.998941574737457,0.9998713494661298,0.9999688787880485,0.9995457372428537,0.9986300746039968,0.998322108011843,0.9971187420711707,0.9951108348253797,0.9861623239065282,0.9752123855121051,0.9473613917831939,0.9152741013237199,0.8971891332512393,0.876535001489507,0.7872579952945382,0.9738696735574672
0.261,7.5641250733258545,0.9886454777903684,0.9989575632383182,0.9998738588976065,0.9999695793451481,0.9995533963268014,0.9986500936046128,0.9983460103079859,0.9971564179968797,0.9951689799013539,0.9862953168338131,0.9754197159784289,0.9477152229989776,0.9157583120265839,0.897736810212151,0.877145956368233,0.7880230044446699,0.9740176726008559
0.262,7.580352017402016,0.9887592288234858,0.9989732558188816,0.9998763110194541,0.9999702618134974,0.9995609004073444,0.9986697514623969,0.9983694899133526,0.9971934716175876,0.995226233264296,0.9864265714083973,0.9756245903724587,0.948065436032993,0.9162380536077592,0.8982796512638885,0.8777517524527181,0.7887825912903855,0.9741641860949944
0.263,7.596524539083286,0.9888714438546521,0.9989886588780809,0.9998787073175793,0.9999709267161021,0.9995682531036056,0.998689055823566,0.9983925556290005,0.9972299151519349,0.9952826113480705,0.9865561156509486,0.97582704521915,0.9484120786249892,0.9167133803102215,0.8988177129050718,0.878352447763777,0.7895368089037931,0.9743092344424639
0.264,7.612642911696429,0.9889821483830533,0.9990037786574785,0.9998810492349921,0.9999715745593039,0.9995754579394841,0.9987080141496241,0.9984152160464281,0.9972657605424179,0.9953381302353637,0.9866839770493718,0.9760271163953026,0.9487551977499035,0.9171843455686332,0.8993510508217176,0.8789480995165756,0.7902857096992235,0.9744528376919419
0.265,7.628707406740946,0.9890913674091822,0.999018621245591,0.999883338173165,0.9999722058333581,0.9995825183464344,0.9987266337223605,0.9984374795531751,0.9973010194624263,0.9953928056661929,0.9868101825704431,0.9762248391428847,0.949094839632235,0.9176510020235799,0.8998797199010673,0.8795387641338772,0.7910293454430961,0.9745950155456077
0.266,7.644718293904339,0.9891991254460346,0.9990331925820827,0.9998855754933477,0.9999728210129911,0.9995894376661563,0.9987449216486989,0.9984593543382546,0.9973357033230821,0.9954466530461855,0.9869347586711563,0.9764202480820444,0.9494310497601083,0.9181134015355155,0.9004037742451425,0.8801244972590371,0.7917677672636049,0.974735787366371
0.267,7.660675841077179,0.9893054465300237,0.9990474984618317,0.9998877625178343,0.9999734205579359,0.9995962191531992,0.9987628848654019,0.9984808483974273,0.9973698232798839,0.9954996874546342,0.9870577313097929,0.9766133772238195,0.949763872899036,0.9185715951984267,0.9009232671840356,0.8807053537687521,0.7925010256602398,0.9748751721849197
0.268,7.6765803143680715,0.989410354231617,0.9990615445388755,0.9998899005311889,0.9999740049134482,0.9996028659774833,0.998780530143635,0.9985019695383185,0.9974033902391654,0.9955519236523357,0.9871791259567179,0.9768042599825512,0.9500933531053832,0.91902563335322,0.9014382512889404,0.8812813877855686,0.793229170513136,0.9750131887065979
0.269,7.692431978118428,0.9895138716657073,0.9990753363302354,0.9998919907814281,0.9999745745108033,0.9996093812267414,0.9987978640933962,0.9985227253853866,0.9974364148643712,0.9956033760892198,0.9872989676049149,0.9769929291880118,0.950419533739548,0.9194755656008397,0.9019487783849296,0.8818526526901563,0.7939522510922635,0.9751498553181196
0.27,7.708231094917128,0.989616021501721,0.9990888792196283,0.9998940344811638,0.9999751297677741,0.9996157679088823,0.9988148931678135,0.9985431233847454,0.9974689075821586,0.9956540589117734,0.9874172807802623,0.9771794170972511,0.9507424574788572,0.9199214408151222,0.9024548995634833,0.8824192011333503,0.7946703160664534,0.9752851900941152
0.271,7.723977925615002,0.989716825973476,0.9991021784610662,0.9998960328087065,0.9999756710890924,0.9996220289542811,0.9988316236673159,0.9985631708088465,0.9975008785883273,0.9957039859702677,0.9875340895515613,0.9773637554061707,0.9510621663301914,0.9203633071553936,0.9029566651947752,0.882981085047969,0.7953834135122692,0.9754192108035262
0.272,7.739672729339207,0.989816306888791,0.9991152391823492,0.9998979869091321,0.9999761988668917,0.9996281672179961,0.998848061743683,0.9985828747610249,0.9975323378535846,0.9957531708257917,0.9876494175403204,0.9775459752608325,0.9513787016423387,0.9208012120788135,0.9034541249397215,0.8835383556604106,0.7960915909227217,0.9755519349158412
0.273,7.75531576350742,0.9899144856388576,0.9991280663884545,0.9998998978953119,0.9999767134811357,0.9996341854819171,0.998864213403974,0.9986022421799136,0.9975632951291515,0.9958016267571013,0.987763287930304,0.9777261072685093,0.9516921041180915,0.9212352023524758,0.9039473277617979,0.8840910635020347,0.7967948952158368,0.9756833796071872
0.274,7.770907283841932,0.9900113832073789,0.9991406649648249,0.999901766848908,0.9999772153000291,0.9996400864568459,0.998880084514343,0.9986212798437294,0.9975937599522116,0.9958493667672846,0.9878757234768505,0.977904181508481,0.9520024138260837,0.9216653240652657,0.9044363219386274,0.8846392584203295,0.7974933727430703,0.9758135617662738
0.275,7.78644754438356,0.9901070201794818,0.9991530396805595,0.9999035948213354,0.999977704680415,0.9996458727845126,0.9988956808037428,0.9986399943744368,0.9976237416512116,0.9958964035902543,0.9879867465159673,0.9780802275425876,0.952309670212384,0.9220916226394853,0.9049211550733506,0.8851829895898767,0.7981870692975833,0.9759424980001966
0.276,7.801936797505472,0.9902014167504098,0.9991651951915118,0.9999053828346917,0.9999781819681565,0.9996515470395281,0.9989110078675212,0.9986583922417914,0.9976532493510145,0.995942749697067,0.9880963789732073,0.978254274425541,0.9526139121118409,0.9225141428422463,0.9054018741057723,0.8857223055231092,0.7988760301223703,0.9760702046401035
0.277,7.817375293926815,0.9902945927340024,0.9991771360432957,0.999907131882656,0.9999786474985053,0.9996571117312775,0.9989260711709126,0.9986764797672666,0.9976822919779126,0.9959884173020784,0.9882046423723345,0.9784263507150042,0.9529151777591953,0.9229329287966401,0.9058785253233019,0.886257254080873,0.7995602999182532,0.9761966977467286
0.278,7.832763282726282,0.9903865675709654,0.9991888666742035,0.9999088429313571,0.9999791015964568,0.9996625693057534,0.9989408760524292,0.9986942631278697,0.9977108782645013,0.996033418368937,0.9883115578437816,0.9785964844814421,0.9532135047999583,0.9233480239926877,0.9063511543716803,0.8867878824827942,0.8002399228517336,0.9763219931157933
0.279,7.84810101135547,0.9904773603369397,0.999200391418039,0.9999105169202137,0.9999795445770924,0.9996679221473337,0.9989554277271538,0.9987117483598484,0.9977390167544226,0.996077764616421,0.9884171461329082,0.9787647033177523,0.9535089303010637,0.9237594712980746,0.9068198062655074,0.8873142373174556,0.8009149425627166,0.9764461062832852
0.28,7.863388725652175,0.9905669897503729,0.9992117145068675,0.9999121547627461,0.9999799767459085,0.9996731725805046,0.9989697312899395,0.998728941362292,0.9977667158069767,0.9961214675241247,0.9885214276080632,0.9789310343486779,0.9538014907613006,0.9241673129686767,0.9072845253985679,0.8878363645523877,0.8015854021720981,0.9765690525306115
0.281,7.8786266698534995,0.9906554741802001,0.9992228400736873,0.9999137573473614,0.9999803983991358,0.9996783228715301,0.9989837917185149,0.9987458479006305,0.997793983601611,0.9961645383379963,0.9886244222684557,0.9790955042400105,0.954091222121529,0.9245715906588802,0.9077453555539632,0.888354309543876,0.8022513442892292,0.9766908468896311
0.282,7.893815086608884,0.9907428316533371,0.9992337721550214,0.9999153255381127,0.9999808098240442,0.9996833752300713,0.9989976138765038,0.9987624736100353,0.9978208281422849,0.9962069880757332,0.9887261497518421,0.9792581392075874,0.9543781597746847,0.9249723454317007,0.908202339914053,0.8888681170465906,0.8029128110192489,0.9768115041475736
0.283,7.908954216992968,0.9908290798619941,0.9992445146934367,0.999916860175433,0.9999812112992401,0.9996883318107558,0.9990112025163564,0.9987788239987238,0.9978472572617197,0.9962488275320374,0.9888266293420312,0.9794189650260893,0.9546623385755801,0.9253696177687071,0.9086555210702087,0.8893778312230416,0.8035698439702978,0.9769310388518448
0.284,7.924044300518358,0.9909142361708115,0.9992550715399893,0.9999183620768457,0.9999816030949502,0.9996931947146991,0.9990245622821986,0.9987949044511706,0.9978732786255317,0.9962900672837371,0.9889258799762147,0.9795780070376416,0.9549437928505018,0.9257634475797517,0.9091049410323861,0.8898834956528608,0.8042224842606076,0.9770494653147171
0.285,7.939085575148248,0.990998317623825,0.9992654464565996,0.9999198320376514,0.9999819854732969,0.9996979659909807,0.9990376977125994,0.9988107202312302,0.9978988997362556,0.9963307176947757,0.9890239202521254,0.979735290160226,0.9552225564066136,0.9261538742125146,0.9095506412385175,0.8903851533419186,0.8048707725254729,0.9771667976179175
0.286,7.954078277308934,0.9910813409512632,0.9992756431183605,0.999921270831592,0.9999823586885633,0.9997026476380748,0.9990506132432614,0.9988262764851705,0.9979241279372596,0.9963707889210734,0.9891207684350295,0.9798908388959059,0.9554986625411664,0.9265409364618631,0.9099926625637298,0.8908828467312734,0.8055147489241068,0.9772830496171093
0.287,7.969022641902202,0.9911633225761829,0.9992856651157772,0.999922679211494,0.9999827229874497,0.9997072416052382,0.9990633132096345,0.9988415782446238,0.9979489704165571,0.996410290915266,0.989216442464556,0.9800446773388708,0.9557721440505222,0.9269246725790314,0.910431045329392,0.8913766177059624,0.8061544531463822,0.9773982349462703
0.288,7.983918902317596,0.9912442786209461,0.9992955159569465,0.9999240579098903,0.999983078609319,0.9997117497938559,0.999075801849456,0.9988566304294539,0.9979734342105151,0.9964492334313211,0.9893109599613678,0.9801968291833046,0.9560430332389931,0.9273051202806257,0.9108658293119927,0.8918665076036341,0.8067899244194586,0.9775123670219747
0.289,7.998767290444563,0.9913242249135428,0.999305199069671,0.9999254076396217,0.9999834257864361,0.9997161740587474,0.9990880833052209,0.9988714378505452,0.9979975262074658,0.9964876260290394,0.9894043382336789,0.9803473177310805,0.9563113619275032,0.9276823167574559,0.9112970537518553,0.8923525572230242,0.8074212015143031,0.9776254590475728
0.29,8.013568036684491,0.9914031769937639,0.9993147178035153,0.9999267290944198,0.9999837647441969,0.9997205162094326,0.9991001616265813,0.9988860052125141,0.9980212531512218,0.9965254780784404,0.9894965942836211,0.9804961658992887,0.9565771614620749,0.9280562986832006,0.9117247573616927,0.8928348068322838,0.8080483227521003,0.9777375240172855
0.291,8.028321369962626,0.9914811501192285,0.999324075431804,0.9999280229494707,0.9999840957013503,0.9997247780113611,0.99911204077268,0.9989003371163458,0.9980446216444984,0.9965627987640385,0.9895877448134649,0.9806433962275991,0.956840462722144,0.928427102222906,0.9121489783350022,0.8933132961771558,0.8086713260105572,0.9778485747201967
0.292,8.043027517739871,0.9915581592712684,0.999333275153562,0.99992928986196,0.9999844188702117,0.9997289611871041,0.9991237246144195,0.9989144380619583,0.9980676381522461,0.9965995970890112,0.9896778062316967,0.9807890308854658,0.9571012961287083,0.9287947630413248,0.9125697543543099,0.8937880644890077,0.8092902487301054,0.977958623744164
0.293,8.05768670602448,0.9916342191606744,0.9993423200954018,0.9999305304716012,0.9999847344568704,0.9997330674175109,0.9991352169366667,0.9989283124506967,0.9980903090048958,0.9966358818792623,0.9897667946589582,0.9809330916791732,0.9573596916523138,0.9291593163110976,0.9129871225992606,0.8942591504927218,0.8099051279199994,0.9780676834796386
0.294,8.072299159383634,0.991709344233308,0.9993512133133576,0.9999317454011468,0.9999850426613881,0.9997370983428322,0.9991465214403985,0.998941964587759,0.9981126404015181,0.9966716617873842,0.9898547259338503,0.9810756000587314,0.9576156788208796,0.9295207967207788,0.9134011197545625,0.8947265924144451,0.8105160001643172,0.9781757661234005
0.295,8.086865100954906,0.9917835486755817,0.9993599577946669,0.9999329352568839,0.9999853436779915,0.9997410555638089,0.9991576417447867,0.9989553986845557,0.9981346384129011,0.9967069452965206,0.9899416156186035,0.9812165771246224,0.9578692867273684,0.9298792384827136,0.9138117820177858,0.8951904279892036,0.8111229016278618,0.9782828836822134
0.296,8.101384752457626,0.9918568464198115,0.9993685564595041,0.999934100629112,0.9999856376952584,0.9997449406427293,0.9991685813892262,0.9989686188610055,0.9981563089845472,0.9967417407241335,0.990027479004622,0.9813560436344017,0.9581205440373042,0.9302346753407652,0.9142191451070205,0.8956506944683812,0.8117258680619661,0.9783890479763947
0.297,8.115858334204125,0.9919292511494446,0.9993770121626646,0.9999352420926086,0.9999859248962969,0.999748755104456,0.9991793438353075,0.9989816291477687,0.9981776579395929,0.9967760562256762,0.9901123311179,0.981494020009157,0.9583694789961409,0.9305871405778993,0.9146232442683944,0.8961074286270683,0.8123249348102048,0.9784942706433108
0.298,8.130286065110877,0.9920007763041658,0.9993853276952034,0.9999363602070772,0.9999862054589186,0.9997525004374215,0.9991899324687358,0.9989944334884197,0.9981986909816517,0.9968098997981762,0.9901961867243182,0.9816305263398307,0.9586161194364854,0.9309366670236252,0.9150241142834556,0.8965606667712809,0.812920136814012,0.9785985631407943
0.299,8.144668162709541,0.9920714350848865,0.9993935057860269,0.9999374555175834,0.9999864795558059,0.9997561780945955,0.9992003506011962,0.9990070357415616,0.998219413697585,0.9968432792837286,0.9902790603348185,0.9817655823934059,0.9588604927851783,0.9312832870613006,0.9154217894764229,0.897010444745054,0.8135115086182092,0.9787019367504849
0.3,8.159004843157895,0.9921412404586172,0.999401549103442,0.9999385285549759,0.9999867473546736,0.9997597894944239,0.9992106014721701,0.9990194396828839,0.9982398315602006,0.9968762023729039,0.9903609662104649,0.9818992076189618,0.959102626070235,0.9316270326352988,0.9158163037213034,0.8974567979374111,0.8140990843764443,0.9788044025811008
0.301,8.173296321250657,0.9922102051632292,0.9994094602566622,0.9999395798362949,0.9999870090184253,0.9997633360217403,0.999220688250701,0.9990316490071642,0.9982599499308815,0.9969086766080724,0.9904419183673895,0.9820314211535995,0.9593425459276516,0.931967935258044,0.9162076904488845,0.8978997612892121,0.8146828978565419,0.9789059715716368
0.302,8.18754281043022,0.9922783417121059,0.999417241797272,0.9999406098651678,0.9999872647053034,0.9997668190286513,0.9992306140371126,0.9990436673302178,0.9982797740621491,0.9969407093866464,0.9905219305816289,0.9821622418282443,0.9595802786080767,0.9323060260169173,0.9165959826535994,0.898339369299883,0.8152629824457684,0.9790066544944921
0.303,8.201744522797275,0.9923456623986883,0.9994248962206518,0.999941619132192,0.9999875145690355,0.9997702398353959,0.9992403818646811,0.9990554981907929,0.9982993091001582,0.9969723079642442,0.9906010163938523,0.9822916881733229,0.9598158499833533,0.932641335581034,0.9169812129002708,0.8987756560340285,0.8158393711560132,0.9791064619585336
0.304,8.215901669121338,0.9924121793009162,0.9994324259673635,0.9999426081153068,0.9999877587589747,0.9997735997311807,0.9992499947012625,0.9990671450524186,0.9983185600871309,0.9970034794577756,0.9906791891139852,0.9824197784243229,0.9600492855529337,0.9329738942078977,0.9173634133307336,0.89920865512793,0.8164120966288859,0.9792054044120917
0.305,8.230014458851175,0.9924779042855687,0.9994398334244987,0.9999435772801519,0.9999879974202359,0.9997768999749904,0.9992594554508752,0.9990786113052007,0.998337531963727,0.997034230848454,0.99075646182573,0.9825465305272356,0.9602806104501697,0.9333037317499313,0.9177426156703404,0.8996383997959333,0.8169811911407342,0.9793034921458909
0.306,8.244083100125131,0.9925428490125061,0.9994471209269898,0.9999445270804175,0.9999882306938269,0.9997801417963754,0.9992687669552416,0.9990899002675722,0.9983562295713544,0.9970645689847338,0.9908328473909869,0.982671962143883,0.9605098494484805,0.9336308776608895,0.9181188512343517,0.9000649228367237,0.8175466866075798,0.97940073529592
0.307,8.258107799781364,0.9926070249388147,0.9994542907588863,0.9999454579581809,0.9999884587167757,0.9997833263962168,0.9992779319952869,0.999101015187996,0.998374657654422,0.997094500585178,0.9909083584541777,0.9827960906571355,0.9607370269674026,0.9339553610021539,0.9184921509342128,0.9004882566394963,0.8181086145899777,0.9794971438462379
0.308,8.272088763367984,0.9926704433228597,0.9994613451545956,0.9999463703442346,0.9999886816222529,0.99978645494747,0.9992869532926,0.9991119592466245,0.998392820862535,0.9971240322412562,0.9909830074464744,0.9829189331760199,0.9609621670785218,0.9342772104489132,0.9188625452837194,0.9009084331900181,0.8186670062977984,0.9795927276317251
0.309,8.286026195153086,0.992733115228245,0.9994682863000917,0.9999472646584034,0.9999888995396904,0.9997895285958859,0.9992958335108539,0.9991227355569136,0.9984107237526343,0.9971531704200751,0.9910568065899339,0.9830405065407207,0.9611852935112921,0.9345964542962316,0.9192300644050758,0.9013254840765889,0.8192218925949334,0.9796874963407698
0.31,8.299920298134714,0.9927950515276853,0.9994751163340899,0.9999481413098521,0.9999891125948968,0.9997925484607133,0.9993045752571892,0.9991333471671957,0.9984283707910837,0.9971819214670437,0.9911297679015445,0.9831608273274791,0.9614064296587432,0.9349131204650075,0.9195947380348459,0.901739440495898,0.8197733040039287,0.9797814595179043
0.311,8.313771274050698,0.9928562629067902,0.9994818373491918,0.9999490006973836,0.9999893209101672,0.9997955156353802,0.9993131810835605,0.9991437970622119,0.9984457663557038,0.9972102916084741,0.9912019031971817,0.9832799118533889,0.9616255985830776,0.9352272365078238,0.9199565955297997,0.9021503332587846,0.8203212707105434,0.9798746265663804
0.312,8.327579323388429,0.992916759867765,0.9994884513929976,0.9999498432097282,0.9999895246043913,0.9997984311881561,0.9993216534880481,0.9991540881646029,0.9984629147377548,0.9972382869541219,0.9912732240954799,0.9833977761810949,0.9618428230211624,0.9355388296146937,0.9203156658726583,0.9025581927958972,0.8208658225682385,0.9799670067506946
0.313,8.341344645394534,0.9929765527330278,0.9994949604691905,0.9999506692258241,0.9999897237931564,0.999801296162796,0.999329994916135,0.9991642233363622,0.9984798201438715,0.9972659134996635,0.9913437420216181,0.9835144361233938,0.9620581253899163,0.9358479266187025,0.9206719776777382,0.9029630491632591,0.8214069891025945,0.980058609199059
0.314,8.355067438084449,0.993035651648747,0.9995013665385916,0.9999514791150887,0.9999899185888483,0.999804111579166,0.9993382077619494,0.9991742053802516,0.9984964866979477,0.9972931771291169,0.9914134682110256,0.9836299072477407,0.962271527791593,0.9361545540015485,0.9210255591964973,0.9033649320477397,0.8219447995156612,0.9801494429058187
0.315,8.368747898251929,0.9930940665882994,0.9995076715201862,0.9999522732376828,0.9999901091007479,0.9998068784338512,0.9993462943694762,0.9991840370411792,0.9985129184429764,0.9973200836172037,0.9914824137130063,0.9837442048806637,0.9624830520189669,0.9364587378989846,0.921376438322985,0.9037638707724333,0.8224792826902385,0.9802395167338243
0.316,8.38238622147844,0.9931518073556524,0.9995138772921245,0.9999530519447657,0.9999902954351249,0.9998095977007472,0.9993542570337359,0.9991937210075434,0.998529119342843,0.9973466386316558,0.9915505893942848,0.9838573441120878,0.9626927195604185,0.9367605041061632,0.921724642599198,0.9041598943019472,0.8230104671940919,0.9803288394167493
0.317,8.39598260214249,0.9932088835886719,0.9995199856926937,0.9999538155787439,0.9999904776953287,0.9998122703316344,0.9993620980019329,0.9992032599125406,0.9985450932840744,0.9973728477354679,0.9916180059424774,0.9839693397995711,0.9629005516049258,0.9370598780828852,0.9220701992203421,0.9045530312476023,0.823538381284102,0.9804174195613626
0.318,8.409537233428864,0.9932653047623557,0.9995259985212671,0.9999545644735108,0.9999906559818763,0.9998148972567371,0.9993698194745747,0.9992126563354402,0.9985608440775456,0.997398716389096,0.9916846738694877,0.9840802065724545,0.9631065690469611,0.9373568849587567,0.9224131350400062,0.904943309872545,0.8240630529103508,0.9805052656497554
0.319,8.423050307337762,0.9933210801919986,0.9995319175392255,0.9999552989546807,0.9999908303925367,0.9998174793852662,0.9993774236065609,0.9992219128028277,0.9985763754601442,0.9974242499526064,0.9917506035148294,0.9841899588359276,0.9633107924912955,0.9376515495382534,0.9227534765752442,0.9053307580967751,0.8245845097201436,0.9805923860415188
0.32,8.436522014693878,0.9933762190362848,0.9995377444708567,0.9999560193398146,0.9999910010224137,0.9998200176059473,0.9993849125082452,0.9992310317898142,0.9985916910963938,0.9974494536877713,0.9918158050488796,0.9842986107750118,0.9635132422577146,0.9379438963056959,0.9230912500115711,0.905715403502089,0.8251027790619709,0.9806787889758806
0.321,8.449952545155375,0.9934307303003157,0.9995434810042308,0.9999567259386403,0.9999911679640248,0.999822512787535,0.9993922882464698,0.999240015721217,0.9986067945800382,0.997474332760119,0.9918802884760608,0.984406176358464,0.9637139383856461,0.9382339494301376,0.9234264812078746,0.9060972733369418,0.8256178879894077,0.9807644825737948
0.322,8.463342087222786,0.9934846228385702,0.9995491287920516,0.999957419053265,0.9999913313073784,0.999824965779311,0.9993995528455722,0.9992488669727088,0.9986216894355868,0.9974988922409335,0.9919440636379574,0.9845126693426003,0.9639129006386998,0.9385217327701658,0.9237591957012402,0.9064763945212273,0.8261298632649549,0.9808494748399932
0.323,8.476690828247841,0.9935379053578006,0.9995546894524878,0.9999580989783822,0.9999914911400484,0.9998273774115711,0.999406708288368,0.9992575878719384,0.9986363791198227,0.997523137109209,0.9920071402163643,0.9846181032750447,0.9641101485091254,0.9388072698786192,0.9240894187116965,0.9068527936509804,0.8266387313638204,0.9809337736649902
0.324,8.489998954442191,0.9935905864198663,0.999560164569981,0.9999587660014727,0.9999916475472458,0.999829748496097,0.9994137565171066,0.9992661806996236,0.9986508670232739,0.9975470722535593,0.9920695277362725,0.984722491498401,0.9643057012221862,0.9390905840072226,0.9244171751468792,0.9072264970030008,0.8271445184776439,0.9810173868270514
0.325,8.503266650886076,0.9936426744445059,0.9995655556960337,0.9999594204029987,0.9999918006118889,0.9998320798266151,0.9994206994344044,0.999274647690615,0.9986651564716487,0.997570702474082,0.9921312355687913,0.984825847153852,0.9644995777404529,0.9393716981111405,0.9247424896066145,0.9075975305394012,0.8276472505181645,0.9811003219941205
0.326,8.516494101536907,0.993694177712049,0.9995708643499764,0.9999600624565933,0.9999919504146704,0.9998343721792451,0.9994275389041525,0.9992829910349349,0.9986792507272374,0.9975940324841805,0.9921922729340088,0.9849281831846873,0.9646917967680175,0.9396506348534513,0.9250653863874274,0.9079659199120794,0.8281469531208326,0.9811825867257056
0.327,8.529681489237758,0.9937451043660707,0.999576092019716,0.9999606924292435,0.9999920970341232,0.9998366263129327,0.9994342767524028,0.9992912128787884,0.99869315299028,0.9976170669123446,0.9922526489037922,0.9850295123397607,0.9648823767546304,0.9399274166095443,0.9253858894869716,0.9083316904671199,0.8286436516483678,0.9812641884747337
0.328,8.542828995725806,0.993795462415988,0.999581240162463,0.9999613105814686,0.9999922405466833,0.9998388429698744,0.999440914768231,0.9992993153255507,0.9987068664002999,0.9976398103038886,0.9923123724045306,0.9851298471768783,0.9650713358997609,0.9402020654714388,0.9257040226083861,0.9086948672491194,0.8291373711942625,0.9813451345893601
0.329,8.555936801640664,0.9938452597396014,0.9995863102054424,0.999961917167493,0.9999923810267513,0.9998410228759279,0.9994474547045775,0.9993073004367289,0.9987203940374073,0.9976622671226512,0.9923714522198197,0.985229200066121,0.9652586921565842,0.9404746032520312,0.9260198091645783,0.9090554750054458,0.8296281365862325,0.9814254323147498
0.33,8.569005086532664,0.9938945040855814,0.9995913035465848,0.9999625124354137,0.9999925185467512,0.999843166741013,0.9994538982790678,0.9993151702328995,0.9987337389235706,0.9976844417526557,0.9924298969930901,0.9853275831930999,0.965444463235895,0.940745051489266,0.9263332722824348,0.9094135381904247,0.8301159723896169,0.981505088794816
0.331,8.582034028871048,0.9939432030759029,0.9995962215552004,0.9999630966273637,0.999992653177189,0.9998452752595012,0.9994602471748121,0.999322926694624,0.9987469040238577,0.9977063384997331,0.9924877152301823,0.9854250085621482,0.9656286666099494,0.9410134314502364,0.9266444348069627,0.9097690809694593,0.8306009029107263,0.981584111073931
0.332,8.595023806052104,0.993991364208227,0.9996010655726364,0.9999636699796699,0.999992784986707,0.9998473491105945,0.999466503041184,0.99933057176334,0.9987598922476476,0.9977279615931073,0.9925449153018671,0.985521487999451,0.9658113195162389,0.9412797641352142,0.9269533193053604,0.910122127223083,0.8310829522001405,0.9816625060985977
0.333,8.607974594407203,0.9940389948582329,0.999605836912916,0.9999642327230068,0.9999929140421386,0.9998493889586949,0.9994726674945816,0.999338107342232,0.9987727064498139,0.9977493151869454,0.992601505446315,0.9856170331561127,0.9659924389611932,0.9415440702816105,0.9272599480710217,0.9104727005509473,0.8315621440559579,0.9817402807190925
0.334,8.62088656921079,0.9940861022819,0.9996105368633641,0.9999647850825457,0.9999930404085604,0.9998513954537633,0.9994787421191675,0.9993455352970798,0.9987853494318792,0.9977704033618722,0.9926574937715134,0.9857116555111647,0.9661720417238188,0.9418063703678684,0.9275643431274733,0.9108208242757432,0.8320385020269956,0.9818174416910722
0.335,8.633759904688278,0.9941326936177424,0.999615166685214,0.9999653272780996,0.9999931641493423,0.9998533692316692,0.9994847284675917,0.9993528574570857,0.9987978239431439,0.9977912301264508,0.9927128882576354,0.985805366374515,0.966350144359269,0.94206668461729,0.9278665262322456,0.9111665214470618,0.8325120494159435,0.981893995677153
0.336,8.646594774023903,0.9941787758889953,0.9996197276142013,0.999965859524264,0.9999932853261966,0.9998553109145306,0.9994906280616963,0.999360075615682,0.9988101326817864,0.9978117994186304,0.9927676967593588,0.9858981768898395,0.9665267632023532,0.9423250330017976,0.9281665188806821,0.9115098148451914,0.8329828092824698,0.9819699492484566
0.337,8.659391349368473,0.994224356005757,0.9996242208611413,0.9999663820305534,0.9999934039992262,0.9998572211110455,0.9994964423932026,0.999367191531319,0.9988222782959396,0.9978321151071605,0.9928219270081384,0.985990098037418,0.9667019143709793,0.9425814352456304,0.9284643423096827,0.9118507269848536,0.8334508044462817,0.9820453088861257
0.338,8.672149801847072,0.9942694407670843,0.9996286476124934,0.9999668950015347,0.9999935202269697,0.9998591004168145,0.9995021729243808,0.9993742069282333,0.9988342633847402,0.9978521809929741,0.9928755866144314,0.9860811406369145,0.9668756137695378,0.9428359108289803,0.9287600175013877,0.9121892801188805,0.8339160574901404,0.9821200809828126
0.339,8.684870301566685,0.9943140368630459,0.9996330090309097,0.9999673986369552,0.9999936340664465,0.9998609494146544,0.9995078210887047,0.999381123497197,0.9988460904993554,0.9978720008105404,0.9929286830698778,0.9861713153501045,0.9670478770922232,0.9430884789915648,0.9290535651868008,0.9125254962418319,0.8343785907628326,0.9821942718441358
0.34,8.697553017623761,0.994358150876731,0.9996373062557711,0.9999678931318685,0.9999937455731996,0.9998627686749042,0.9995133882914884,0.9993879428962492,0.9988577621439834,0.9978915782291862,0.9929812237494361,0.9862606326835487,0.9672187198262968,0.9433391587361396,0.9293450058493519,0.9128593970935563,0.8348384263820973,0.982267887690111
0.341,8.710198118111716,0.9944017892862179,0.9996415404037099,0.9999683786767569,0.999993854801338,0.9998645587557223,0.9995188759105083,0.9993946667514104,0.9988692807768335,0.9979109168543889,0.9930332159134759,0.9863491029912165,0.9673881572552921,0.9435879688319527,0.9296343597284015,0.9131910041626938,0.8352955862375098,0.9823409346565536
0.342,8.72280577012833,0.9944449584665009,0.999645712569119,0.9999688554576484,0.9999939618035766,0.9998663202033768,0.9995242852966104,0.999401296657378,0.9988806488110806,0.9979300202290408,0.9930846667098282,0.986436736477058,0.9675562044621623,0.9438349278181406,0.9299216468226896,0.9135203386901243,0.8357500919933251,0.982413418796455
0.343,8.735376139783146,0.9944876646913774,0.9996498238246492,0.9999693236562327,0.999994066631276,0.9998680535525274,0.9995296177743019,0.9994078341782063,0.9988918686157998,0.9979488918346843,0.9931355831757939,0.9865235431975278,0.9677228763323725,0.9440800540070663,0.9302068868937267,0.9138474216723603,0.8362019650912771,0.9824853460813309
0.344,8.747909392204724,0.9945299141352953,0.9996538752216928,0.9999697834499727,0.9999941693344807,0.9998697593265005,0.9995348746423285,0.9994142808479701,0.9989029425168778,0.9979675350927215,0.9931859722401122,0.9866095330640597,0.9678881875569374,0.9443233654876031,0.9304900994691295,0.9141722738648872,0.8366512267533398,0.982556722402545
0.345,8.760405691547911,0.9945717128751642,0.9996578677908575,0.9999702350122128,0.9999942699619557,0.9998714380375565,0.9995400571742382,0.9994206381714117,0.9989138727979047,0.9979859533655957,0.9932358407248896,0.9866947158454945,0.968052152635405,0.9445648801283624,0.9307713038459043,0.91449491578545,0.8370978979844461,0.9826275535726086
0.346,8.77286520100098,0.9946130668921274,0.9996618025424265,0.999970678512285,0.9999943685612225,0.9998730901871515,0.9995451666189311,0.9994269076245724,0.9989246617010439,0.9980041499579475,0.9932851953474897,0.9867791011704619,0.9682147858787883,0.9448046155808685,0.9310505190936753,0.9148153677172879,0.837541999575169,0.9826978453264533
0.347,8.78528808279275,0.9946539820732987,0.9996656804668086,0.999971114115611,0.9999944651785939,0.9998747162661901,0.9995502042011957,0.9994330906554103,0.9989353114278838,0.998022128117746,0.9933340427223852,0.986862698529717,0.9683761014124452,0.9450425892826803,0.931327764057862,0.9151336497123194,0.8379835521043624,0.9827676033226819
0.348,8.797674498199607,0.9946944642134632,0.9996695025349769,0.9999715419838022,0.9999945598592077,0.9998763167552737,0.9995551711222328,0.999439188684401,0.9989458241402683,0.9980398910373944,0.993382389362974,0.9869455172784324,0.9685361131789084,0.945278818460461,0.9316030573628047,0.9154497815942765,0.8384225759417657,0.9828368331447929
0.349,8.810024607552515,0.9947345190167437,0.9996732696988965,0.9999719622747566,0.9999946526470593,0.999877892124941,0.9995600685601663,0.9994452031051263,0.9989562019611091,0.9980574418548124,0.9934302416833569,0.9870275666384475,0.9686948349406647,0.945513320132998,0.9318764174148397,0.9157637829617895,0.8388590912505689,0.9829055403023853
0.35,8.822338570243902,0.9947741520982328,0.9996769828919424,0.9999723751427531,0.9999947435850334,0.9998794428359037,0.999564897670542,0.9994511352848475,0.99896644697518,0.9980747836544934,0.9934776060000832,0.9871088557004746,0.9688522802828877,0.9457461111141718,0.9321478624053267,0.9160756731914255,0.8392931179899421,0.9829737302323387
0.351,8.834616544734535,0.9948133689855921,0.9996806430293068,0.999972780738543,0.9999948327149346,0.9998809693392742,0.9995696595868143,0.9994569865650661,0.9989765612298922,0.9980919194685414,0.9935244885338579,0.9871893934262647,0.9690084626161214,0.9459772080158766,0.9324174103136245,0.9163854714406768,0.8397246759175279,0.983041408299971
0.352,8.84685868856031,0.994852175120619,0.999684251008397,0.9999731792094396,0.9999949200775178,0.9998824720767893,0.9995743554208215,0.9994627582620699,0.9989865467360525,0.9981088522776825,0.9935708954112187,0.9872691886507314,0.9691633951789178,0.9462066272508929,0.9326850789100227,0.9166931966509055,0.8401537845918996,0.9831085798001767
0.353,8.859065158339,0.9948905758607811,0.9996878077092224,0.9999735706994043,0.9999950057125161,0.9998839514810273,0.9995789862632497,0.9994684516674678,0.9989964054686046,0.9981255850122571,0.9936168326661775,0.9873482500840359,0.9693170910404287,0.9464343850357131,0.9329508857586245,0.9169988675502402,0.8405804633749822,0.9831752499585407
0.354,8.871236109776914,0.9949285764807216,0.9996913139947741,0.999973955349131,0.99999508965867,0.9998854079756198,0.9995835531840851,0.9994740680487109,0.9990061393673535,0.9981421205531883,0.9936623062418303,0.9874265863136331,0.9694695631029536,0.9466604973933207,0.9332148482201841,0.9173025026564301,0.8410047314344407,0.9832414239324364
0.355,8.883371697675544,0.9949661821737318,0.9996947707113939,0.9999743332961284,0.9999951719537539,0.9998868419754577,0.9995880572330568,0.9994796086496022,0.9990157503376732,0.9981584617329314,0.993707321991936,0.9875042058062784,0.9696208241044416,0.9468849801559239,0.9334769834548989,0.9176041202796525,0.8414266077460334,0.9833071068120962
0.356,8.895472075938104,0.9950033980531958,0.9996981786891348,0.9999747046747993,0.9999952526346022,0.999888253886893,0.9995924994400678,0.9994850746907934,0.9990252402511991,0.9981746113364025,0.9937518856824634,0.9875811169099992,0.9697708866209528,0.9471078489676455,0.9337373084251585,0.9179037385252795,0.8418461110959324,0.9833723036216708
0.357,8.90753739757605,0.9950402291540057,0.9997015387421133,0.9999750696165184,0.9999953317371363,0.9998896441079338,0.9995968808156165,0.9994904673702714,0.9990346109465046,0.9981905721018861,0.9937960029931087,0.987657327856028,0.9699197630690755,0.947329119287168,0.9339958398982484,0.9182013752965998,0.8422632600830107,0.9834370193202618
0.358,8.919567814715524,0.9950766804339486,0.9997048516688527,0.9999754282497074,0.9999954092963876,0.9998910130284364,0.9996012023512086,0.9994957878638319,0.9990438642297625,0.9982063467219249,0.9938396795187826,0.9877328467607006,0.9700674657083027,0.9475488063903367,0.9342525944490131,0.918497048297501,0.8426780731210975,0.98350125880294
0.359,8.931563478603756,0.995112756775066,0.9997081182526183,0.9999757806999092,0.9999954853465235,0.9998923610302909,0.9996054650197583,0.9995010373255434,0.9990530018753923,0.9982219378441897,0.9938829207710692,0.9878076816273195,0.970214006643369,0.9477669253727202,0.9345075884624753,0.9187907750351085,0.8430905684412014,0.983565026901742
0.36,8.943524539615384,0.9951484629849858,0.9997113392617452,0.9999761270898581,0.9999955599208693,0.999893688487603,0.9996096697759813,0.9995062168881998,0.9990620256266916,0.9982373480723307,0.9939257321796563,0.9878818403479815,0.9703593978265452,0.9479834911521299,0.9347608381364158,0.9190825728223863,0.8435007640937028,0.9836283283866513
0.361,8.955451147258762,0.9951838037982282,0.9997145154499574,0.9999764675395499,0.9999956330519317,0.999894995766871,0.9996138175567773,0.9995113276637625,0.9990709371964556,0.9982525799668115,0.9939681190937374,0.9879553307053742,0.9705036510598967,0.948198518471098,0.9350123594839108,0.9193724587806958,0.843908677950514,0.983691167966559
0.362,8.967343450182167,0.995218783877486,0.9997176475566805,0.9999768021663099,0.999995704771421,0.9998962832271583,0.9996179092816048,0.9995163707437925,0.9990797382675811,0.9982676360457245,0.9940100867833878,0.9880281603745371,0.9706467779975013,0.948412021899318,0.9352621683358328,0.9196604498423182,0.844314327707212,0.9837535502902092
0.363,8.97920159617999,0.9952534078148784,0.9997207363073454,0.9999771310848576,0.9999957751102718,0.9998975512202617,0.9996219458528464,0.9995213471998723,0.9990884304936581,0.9982825187855898,0.9940516404409129,0.9881003369245918,0.9707887901476309,0.9486240158360422,0.9355102803433082,0.919946562752936,0.8447177308851378,0.983815479947126
0.364,8.991025732198851,0.9952876801331819,0.9997237824136868,0.9999774544073716,0.9999958440986647,0.9998988000908757,0.999625928156166,0.9995262580840183,0.999097015499548,0.9982972306221369,0.9940927851821713,0.9881718678204403,0.9709296988748956,0.948834514512445,0.9357567109801401,0.9202308140740787,0.8451189048334694,0.9838769614685245
0.365,9.002816004343677,0.9953216052870356,0.9997267865740328,0.9999777722435512,0.9999959117660457,0.9999000301767521,0.9996298570608575,0.9995311044290841,0.9991054948819488,0.99831177395107,0.9941335260478723,0.9882427604244323,0.9710695154023518,0.9490435319939455,0.9360014755451921,0.9205132201855307,0.8455178667312646,0.9839379993282041
0.366,9.014572557883698,0.9953551876641229,0.9997297494735894,0.9999780847006775,0.9999959781411464,0.9999012418088564,0.9996337334201854,0.9995358872491535,0.9991138702099491,0.9983261511288166,0.9941738680048486,0.9883130219980024,0.9712082508135749,0.9492510821824944,0.936244589164735,0.920793797287703,0.8459146335894752,0.983998597943428
0.367,9.026295537258449,0.9953884315863311,0.9997326717847165,0.9999783918836722,0.9999960432520024,0.9999024353115199,0.9996375580717175,0.9995406075399262,0.9991221430255686,0.9983403644732627,0.9942138159473043,0.9883826597032772,0.9713459160546972,0.9494571788188239,0.936486066794757,0.9210725614039691,0.846309222252934,0.9840587616757844
0.368,9.037985086083648,0.9954213413108869,0.9997355541671994,0.9999786938951547,0.9999961071259725,0.9999036110025878,0.9996413318376508,0.9995452662790926,0.9991303148442873,0.9983544162644692,0.9942533746980391,0.9884516806046539,0.971482521936412,0.9496618354846628,0.9367259232232393,0.9213495283829659,0.8467016494023148,0.984118494832035
0.369,9.049641347157095,0.9954539210314713,0.9997383972685127,0.9999789908354987,0.9999961697897563,0.9999047691935645,0.9996450555251281,0.9995498644267022,0.9991383871555635,0.9983683087453761,0.9942925490096505,0.9885200916703496,0.9716180791359429,0.9498650656049155,0.9369641730723955,0.9216247139008595,0.8470919315560628,0.984177801664945
0.37,9.061264462464454,0.9954861748793117,0.9997412017240779,0.9999792828028857,0.9999962312694114,0.9999059101897544,0.9996487299265494,0.9995544029255223,0.9991463614233399,0.9983820441224913,0.9943313435657106,0.9885878997739234,0.9717525981989819,0.9500668824498069,0.937200830800877,0.9218981334635781,0.8474800850723014,0.9842366863741027
0.371,9.072854573185046,0.9955181069242527,0.9997439681575163,0.9999795698933587,0.9999962915903708,0.9999070342903997,0.9996523558198749,0.9995588827013889,0.9991542390865398,0.9983956245665642,0.9943697629819235,0.9886551116957707,0.9718860895415943,0.950267299136994,0.9374359107059441,0.9221698024090105,0.8478661261507114,0.9842951531067203
0.372,9.084411819697541,0.9955497211758072,0.9997466971808949,0.9999798522008734,0.9999963507774592,0.9999081417888152,0.9996559339689208,0.9995633046635501,0.9991620215595507,0.9984090522132464,0.9944078118072583,0.9887217341245912,0.9720185634520926,0.9504663286336437,0.9376694269256051,0.9224397359091724,0.8482500708343841,0.9843532059584238
0.373,9.095936341585654,0.9955810215841865,0.9997493893949668,0.9999801298173483,0.9999964088549084,0.9999092329725184,0.9996594651236503,0.9995676697050012,0.9991697102326998,0.9984223291637389,0.9944454945250626,0.9887877736588297,0.9721500300928779,0.9506639837584776,0.9379013934407205,0.92270794897234,0.8486319350116498,0.9844108489740263
0.374,9.10742827764373,0.9956120120413104,0.9997520453894068,0.999980402832714,0.999996465846374,0.9999103081233589,0.9996629500204551,0.9995719787028126,0.9991773064727171,0.9984354574854244,0.9944828155541534,0.9888532368080922,0.9722804995022533,0.9508602771837863,0.9381318240770782,0.9229744564451524,0.8490117344178809,0.9844680861482903
0.375,9.118887765882352,0.9956426963817984,0.9997546657430398,0.9999806713349605,0.9999965217749494,0.9999113675176418,0.9996663893824335,0.9995762325184502,0.99918481162319,0.9984484392124885,0.994519779249889,0.9889181299945359,0.9724099815962042,0.9510552214374102,0.9383607325074332,0.9232392730146823,0.8493894846372706,0.984524921426674
0.376,9.130314943533834,0.9956730783839413,0.9997572510240671,0.9999809354101833,0.9999965766631808,0.9999124114262501,0.9996697839196594,0.9995804319980889,0.9991922270050074,0.9984612763465273,0.9945563899052201,0.988982459554235,0.9725384861701528,0.9512488289046906,0.9385881322535202,0.9235024132104765,0.8497652011045866,0.9845813587060678
0.377,9.14170994705772,0.9957031617706544,0.9997598017902838,0.9999811951426291,0.9999966305330819,0.9999134401147635,0.999673134329448,0.9995845779729187,0.9991995539167949,0.9984739708571416,0.9945926517517206,0.9890462317385224,0.9726660229006806,0.9514411118303909,0.9388140366880326,0.9237638914065656,0.8501388991069025,0.9846374018355144
0.378,9.153072912146202,0.9957329502104134,0.9997623185892938,0.9999814506147395,0.9999966834061469,0.9999144538435742,0.9996764412966133,0.9995886712594446,0.9992067936353399,0.9984865246825213,0.9946285689606008,0.9891094527153065,0.9727926013472251,0.9516320823205863,0.9390384590365738,0.9240237218234452,0.8505105937853044,0.9846930546169188
0.379,9.164403973729527,0.9957624473181703,0.9997648019587192,0.9999817019071937,0.9999967353033646,0.9999154528680007,0.9996797054937204,0.999592712659779,0.9992139474160082,0.9984989397300152,0.9946641456436995,0.9891721285703665,0.9729182309537467,0.9518217523445252,0.9392614123795769,0.9242819185300263,0.8508803001365748,0.984748320805745
0.38,9.175703265981307,0.9957916566562542,0.9997672524264049,0.9999819490989504,0.9999967862452311,0.9999164374383969,0.9996829275813336,0.9995967029619283,0.9992210164931516,0.9985112178766914,0.9946993858544604,0.9892342653086235,0.9730429210503703,0.9520101337364625,0.9394829096541981,0.9245384954455589,0.8512480330148539,0.9848032041117007
0.381,9.186970922323846,0.9958205817352538,0.9997696705106179,0.9999821922672885,0.999996836251763,0.9999174078002614,0.9996861082082563,0.999600642940073,0.9992280020805074,0.9985233609698847,0.9947342935888871,0.9892958688553896,0.9731666808549985,0.9521972381974628,0.9397029636561788,0.924793466341526,0.8516138071332787,0.9848577081994118
0.382,9.198207075433363,0.9958492260148829,0.9997720567202437,0.9999824314878459,0.9999968853425089,0.9999183641943415,0.9996892480117682,0.9996045333548413,0.999234905371588,0.9985353708277342,0.9947688727864838,0.9893569450575949,0.9732895194748995,0.952383077297178,0.9399215870416817,0.9250468448435106,0.8519776370655998,0.9849118366890809
0.383,9.20941185724523,0.9958775929048308,0.9997744115549763,0.9999826668346595,0.999996933536562,0.9999193068567371,0.999692347617855,0.9996083749535777,0.9992417275400638,0.9985472492397092,0.9948031273311763,0.9894174996849937,0.9734114459082694,0.9525676624755949,0.9401387923290986,0.9252986444330351,0.8523395372477758,0.9849655931571404
0.384,9.220585398959106,0.995905685765595,0.9997767355055056,0.9999828983802017,0.9999969808525719,0.9999202360189997,0.999695407641435,0.9996121684706036,0.9992484697401374,0.9985589979671241,0.994837061052216,0.989477538431349,0.9735324690457683,0.9527510050447585,0.9403545919008315,0.9255488784493738,0.8526995219795479,0.98501898113689
0.385,9.231727831044083,0.9959335079093,0.9997790290536995,0.999983126195417,0.9999970273087555,0.9999211519082313,0.999698428686579,0.999615914627475,0.9992551331069095,0.998570618743645,0.9948706777250699,0.9895370669155962,0.9736525976720322,0.9529331161904677,0.9405689980050467,0.9257975600913397,0.8530576054259921,0.9850720041191244
0.386,9.242839283243743,0.9959610626004991,0.9997812926727826,0.999983350349758,0.9999970729229082,0.9999220547471791,0.999701411346726,0.9996196141332321,0.9992617187567383,0.9985821132757835,0.9949039810722902,0.9895960906829867,0.9737718404671607,0.953114006973945,0.9407820227574033,0.9260447024190451,0.8534138016190512,0.9851246655527524
0.387,9.253919884581213,0.9959883530569625,0.9997835268275098,0.9999835709112206,0.9999971177124146,0.9999229447543297,0.9997043562048948,0.9996232676846448,0.99926822778759,0.9985934832433817,0.9949369747643718,0.9896546152062122,0.9738902060081802,0.9532936883334808,0.9409936781427554,0.9262903183556356,0.8537681244590467,0.985176968845401
0.388,9.264969763364139,0.9960153824504496,0.9997857319743382,0.9999837879463767,0.999997161694259,0.9999238221439997,0.9997072638338899,0.9996268759664528,0.9992746612793826,0.9986047303000886,0.9949696624205916,0.9897126458865086,0.9740077027704842,0.9534721710860535,0.9412039760168296,0.9265344206890008,0.8541205877161699,0.9852289173640146
0.389,9.275989047189665,0.9960421539074678,0.9997879085615922,0.9999840015204082,0.9999972048850355,0.9999246871264243,0.9997101347965028,0.9996304396515997,0.9992810202943233,0.9986158560738251,0.9950020476098336,0.9897701880547414,0.9741243391292498,0.9536494659289236,0.9414129281078776,0.9267770220734594,0.8544712050319538,0.9852805144354397
0.39,9.286977862949309,0.9960686705100162,0.9997900570296276,0.999984211697139,0.9999972473009578,0.9999255399078449,0.9997129696457103,0.9996339594014626,0.9992873058772374,0.9986268621672408,0.9950341338513987,0.9898272469724718,0.9742401233608322,0.9538255834412048,0.9416205460183039,0.9270181350314196,0.8548199899207255,0.9853317633470026
0.391,9.297936336833871,0.9960949352963167,0.999792177810991,0.999984418539066,0.9999972889578688,0.9999263806905936,0.9997157689248672,0.9996374358660772,0.999293519055891,0.9986377501581618,0.9950659246158,0.9898838278330055,0.9743550636441366,0.9540005340854104,0.9418268412262699,0.9272577719550165,0.8551669557710384,0.9853826673470752
0.392,9.308864594338234,0.9961209512615304,0.9997942713305743,0.9999846221073896,0.99999732987125,0.9999272096731756,0.9997185331678946,0.9996408696843568,0.9992996608413081,0.9986485216000289,0.9950974233255433,0.989939935762422,0.9744691680619687,0.9541743282089775,0.9420318250872748,0.927495945107726,0.8555121158470879,0.9854332296456332
0.393,9.319762760266178,0.9961467213584615,0.999796338005769,0.9999848224620443,0.9999973700562304,0.999928027050351,0.9997212628994652,0.9996442614843079,0.9993057322280787,0.9986591780223283,0.9951286333558935,0.9899955758205876,0.9745824446023628,0.954346976045767,0.9422355088357119,0.9277326666259542,0.8558554832901049,0.9854834534148036
0.394,9.330630958735105,0.9961722484982476,0.9997983782466136,0.9999850196617269,0.9999974095275955,0.9999288330132131,0.999723958635184,0.9996476118832397,0.9993117341946636,0.9986697209310119,0.9951595580356283,0.9900507530021501,0.9746949011598899,0.9545184877175418,0.942437903586404,0.9279679485206063,0.8561970711197351,0.9855333417894035
0.395,9.341469313180777,0.9961975355510381,0.9998003924559401,0.9999852137639254,0.999997448299796,0.9999296277492656,0.9997266208817649,0.9996509214879714,0.9993176677036899,0.9986801518089119,0.995190200647776,0.9901054722375168,0.9748065455369443,0.9546888732354224,0.9426390203361144,0.928201802678631,0.8565368922353962,0.9855828978674713
0.396,9.352277946361975,0.9962225853466592,0.9998023810295168,0.9999854048249458,0.9999974863869556,0.9999304114424985,0.9997292501372034,0.999654190895032,0.999323533702243,0.9986904721161446,0.9952205644303427,0.9901597383938161,0.9749173854450106,0.9548581425013214,0.9428388699650376,0.9284342408645444,0.856874959417621,0.9856321247107854
0.397,9.363056980365132,0.9962474006752675,0.9998043443561871,0.9999855928999402,0.9999975238028797,0.9999311842734614,0.9997318468909463,0.9996574206908587,0.9993293331221507,0.9987006832905083,0.9952506525770243,0.9902135562758426,0.9750274285059097,0.9550263053093555,0.9430374632382669,0.9286652747219317,0.85721128532938,0.9856810253453777
0.398,9.373806536608932,0.9962719842879912,0.9998062828180061,0.9999857780429318,0.9999975605610629,0.9999319464193352,0.9997344116240571,0.9996606114519893,0.9993350668802624,0.9987107867478724,0.9952804682379074,0.9902669306269859,0.9751366822530269,0.9551933713472373,0.9432348108072414,0.9288949157749274,0.8575458825173883,0.9857296027620388
0.399,9.384526735848885,0.9962963388975595,0.9998081967903741,0.9999859603068415,0.9999975966746972,0.999932698054003,0.9997369448093777,0.9996637637452509,0.9993407358787232,0.9987207838825588,0.9953100145201561,0.9903198661301433,0.975245154132518,0.9553593501976457,0.9434309232111717,0.9291231754296747,0.8578787634133953,0.9857778599168114
0.4,9.395217698181817,0.996320467178921,0.9998100866421672,0.9999861397435122,0.9999976321566789,0.9999334393481182,0.9997394469116876,0.9996668781279453,0.9993463410052404,0.9987306760677167,0.9953392944886881,0.9903723674086187,0.9753528515044999,0.9555242513395772,0.9436258108784453,0.9293500649757646,0.8582099403354582,0.9858257997314801
