Beta,R_0,R1,R2,R3,R4,R5,R6,R7,R8,R9,R10,R11,R12,R13,R14,R15,R16,R_all
0.0,0.0,0.0,0.0,0.0,0.0,0.0,0.0,0.0,0.0,0.0,0.0,0.0,0.0,0.0,0.0,0.0,0.0,0.0
0.001,0.0501035473878365,0.0,0.0,0.0,0.0,0.0,0.0,0.0,0.0,0.0,0.0,0.0,0.0,0.0,0.0,0.0,0.0,0.0
0.002,0.09990826646123262,0.0,0.0,0.0,0.0,0.0,0.0,0.0,0.0,0.0,0.0,0.0,0.0,0.0,0.0,0.0,0.0,0.0
0.003,0.14941682268582757,0.0,0.0,0.0,0.0,0.0,0.0,0.0,0.0,0.0,0.0,0.0,0.0,0.0,0.0,0.0,0.0,0.0
0.004,0.19863184992094865,0.0,0.0,2.220446049250313e-16,1.3322676295501878e-15,2.220446049250313e-16,1.1102230246251565e-16,0.0,1.1102230246251565e-16,0.0,1.1102230246251565e-16,1.1102230246251565e-16,1.1102230246251565e-16,0.0,0.0,0.0,0.0,1.2576653817186381e-16
0.005,0.24755595088669954,0.0,0.0,0.0,0.0,0.0,0.0,0.0,0.0,0.0,0.0,0.0,0.0,0.0,0.0,0.0,0.0,0.0
0.006,0.29619169762278985,0.0,0.0,0.0,0.0,0.0,0.0,0.0,0.0,0.0,0.0,0.0,0.0,0.0,0.0,0.0,0.0,0.0
0.007,0.3445416319392753,0.0,0.0,0.0,0.0,0.0,0.0,0.0,0.0,0.0,0.0,0.0,0.0,0.0,0.0,0.0,0.0,0.0
0.008,0.392608265859375,0.0,0.0,0.0,0.0,0.0,0.0,0.0,0.0,0.0,0.0,0.0,0.0,0.0,0.0,0.0,0.0,0.0
0.009,0.44039408205452774,0.0,0.0,0.0,0.0,0.0,0.0,0.0,0.0,0.0,0.0,0.0,0.0,0.0,0.0,0.0,0.0,0.0
0.01,0.4879015342718447,0.0,0.0,0.0,0.0,0.0,0.0,0.0,0.0,0.0,0.0,0.0,0.0,0.0,0.0,0.0,0.0,0.0
0.011,0.5351330477541143,0.0,0.0,0.0,0.0,0.0,0.0,0.0,0.0,0.0,0.0,0.0,0.0,0.0,0.0,0.0,0.0,0.0
0.012,0.5820910196525096,3.3306690738754696e-16,1.6653345369377348e-15,2.220446049250313e-15,3.885780586188048e-15,1.7763568394002505e-15,1.7763568394002505e-15,1.7763568394002505e-15,1.7763568394002505e-15,1.9984014443252818e-15,1.887379141862766e-15,1.5543122344752192e-15,1.2212453270876722e-15,5.551115123125783e-16,1.1102230246251565e-16,1.1102230246251565e-16,0.0,1.370085607059309e-15
0.013,0.6287778194321464,1.1102230246251565e-15,2.9976021664879227e-15,5.662137425588298e-15,8.326672684688674e-15,3.885780586188048e-15,3.6637359812630166e-15,3.4416913763379853e-15,3.885780586188048e-15,3.885780586188048e-15,3.6637359812630166e-15,3.1086244689504383e-15,2.3314683517128287e-15,1.1102230246251565e-15,1.1102230246251565e-15,1.2212453270876722e-15,6.661338147750939e-16,3.007555498036775e-15
0.014,0.6751957892706335,3.3306690738754696e-16,1.3322676295501878e-15,1.887379141862766e-15,2.55351295663786e-15,1.3322676295501878e-15,1.5543122344752192e-15,1.3322676295501878e-15,1.5543122344752192e-15,1.7763568394002505e-15,1.5543122344752192e-15,1.3322676295501878e-15,7.771561172376096e-16,2.220446049250313e-16,0.0,0.0,0.0,1.0678942778050684e-15
0.015,0.7213472444497607,3.3306690738754696e-16,1.4432899320127035e-15,2.1094237467877974e-15,3.774758283725532e-15,1.6653345369377348e-15,1.5543122344752192e-15,1.5543122344752192e-15,1.5543122344752192e-15,1.887379141862766e-15,1.7763568394002505e-15,1.4432899320127035e-15,1.1102230246251565e-15,3.3306690738754696e-16,0.0,0.0,0.0,1.2400114465641348e-15
0.016,0.7672344737404581,1.5543122344752192e-15,4.440892098500626e-15,7.66053886991358e-15,1.2101430968414206e-14,5.551115123125783e-15,5.329070518200751e-15,5.10702591327572e-15,5.218048215738236e-15,5.662137425588298e-15,5.329070518200751e-15,4.773959005888173e-15,3.1086244689504383e-15,1.6653345369377348e-15,1.2212453270876722e-15,1.4432899320127035e-15,8.881784197001252e-16,4.2739413327326204e-15
0.017,0.8128597397811609,9.992007221626409e-16,2.9976021664879227e-15,5.662137425588298e-15,8.215650382226158e-15,3.774758283725532e-15,3.552713678800501e-15,3.3306690738754696e-15,3.774758283725532e-15,3.774758283725532e-15,3.552713678800501e-15,2.9976021664879227e-15,2.220446049250313e-15,1.1102230246251565e-15,9.992007221626409e-16,1.1102230246251565e-15,6.661338147750939e-16,2.925872007637859e-15
0.018,0.8582252794497154,1.4432899320127035e-15,3.6637359812630166e-15,7.438494264988549e-15,1.199040866595169e-14,5.440092820663267e-15,5.218048215738236e-15,4.884981308350689e-15,4.9960036108132044e-15,5.440092820663267e-15,5.218048215738236e-15,4.551914400963142e-15,2.9976021664879227e-15,1.6653345369377348e-15,1.2212453270876722e-15,1.4432899320127035e-15,8.881784197001252e-16,4.121304503630898e-15
0.019,0.90333330422895,1.4432899320127035e-15,3.6637359812630166e-15,7.66053886991358e-15,1.3322676295501878e-14,5.662137425588298e-15,5.218048215738236e-15,4.884981308350689e-15,4.9960036108132044e-15,5.551115123125783e-15,5.440092820663267e-15,4.551914400963142e-15,3.1086244689504383e-15,1.6653345369377348e-15,1.2212453270876722e-15,1.4432899320127035e-15,8.881784197001252e-16,4.239825600533271e-15
0.02,0.9481860005660379,9.325873406851315e-15,2.3092638912203256e-14,4.829470157119431e-14,7.993605777301127e-14,3.47499806707674e-14,3.11972669919669e-14,2.8754776337791554e-14,2.986499936241671e-14,3.3306690738754696e-14,3.1530333899354446e-14,2.8310687127941492e-14,1.84297022087776e-14,9.547918011776346e-15,8.104628079763643e-15,6.772360450213455e-15,5.440092820663267e-15,2.5548091015626197e-14
0.021,0.9927855302257762,1.8693295797955756e-06,4.599893130619037e-06,1.0121425221498725e-05,1.7291324881929526e-05,7.2674273007278245e-06,6.495163104913715e-06,5.908085201955515e-06,6.201685810669488e-06,6.957240823002309e-06,6.6062031650604425e-06,5.870382930983631e-06,3.7876038395667777e-06,1.961226631985724e-06,1.6067169548161786e-06,1.3749124501138965e-06,1.082688673714749e-06,5.321250621039537e-06
0.022,1.0371340306378987,0.013756707866935391,0.03345995416030734,0.07009850483855873,0.11374489968599844,0.05124850820501903,0.046610044131047856,0.042643201672212805,0.044604041566506436,0.04966549565978273,0.046952187756990615,0.04196311630637384,0.027381340468656368,0.014337781494712543,0.011827049007071766,0.010063110730773261,0.00788893728032325,0.03758286801502786
0.023,1.081233615238541,0.031156300346528387,0.0746833258399845,0.14834455717512607,0.22857186654475914,0.11075888318008065,0.10247812616620211,0.09432775310308739,0.09830227483785725,0.1085973742187959,0.10229453512061903,0.0919920033802587,0.06081974553541902,0.03227253429348664,0.02681280797889951,0.022692692107586065,0.017709144895510676,0.08143293794877703
0.024,1.1250863738059702,0.049204232062505016,0.11619208218615817,0.22001168549749872,0.32464801238628194,0.16755895003993881,0.1572019499949483,0.1454747863124355,0.15112203861858398,0.16579735402322748,0.1558254294758884,0.14091276694470933,0.09435864657768112,0.05072698330313108,0.04241177086041237,0.03575033189776822,0.02779279838704818,0.1235770558092784
0.025,1.1686943727906978,0.06756341481328587,0.15715303590237184,0.2850619859228678,0.4055378333973616,0.2211194200598917,0.20981343588267587,0.19508801089766137,0.20209941152019362,0.2203734323663057,0.20686596990101436,0.18801328143786922,0.12745824044503806,0.06940225689294799,0.05835372426948304,0.04904012228132115,0.0380017580360954,0.1636462543622005
0.026,1.2120596556400742,0.08598937294277864,0.1970174899110727,0.3438336910565022,0.47410442744753944,0.2712224256349972,0.2597536247133385,0.24255965755954434,0.250665473878551,0.27184786761159363,0.25506456615861983,0.2328872511896436,0.1597630443634731,0.08808335693835168,0.0744403453367084,0.06242016222371083,0.04823804346421878,0.20147429265111708
0.027,1.2551842431174838,0.10430982668057132,0.23544556722741405,0.39683299724898025,0.5326197644870876,0.31785147518892676,0.30675134526468995,0.28756084579629737,0.29653027427546286,0.3200247012568719,0.30029023964986024,0.27534026682228097,0.19105281377066374,0.10661993293805694,0.09052942227034677,0.07578990429925203,0.05843377773118019,0.2370281778992793
0.028,1.2980701336162364,0.12240593520114651,0.27224366258313004,0.44461720025391005,0.5828819274450789,0.36111128226486866,0.35072578448936254,0.32995155078404925,0.33958969852578635,0.3648882257817535,0.3425520329592423,0.3153168856464881,0.2212018733430795,0.12490907418598007,0.10652039205363928,0.08907903537714668,0.06854271391722322,0.27035683129958027
0.029,1.3407193034682614,0.14019742847681527,0.3073178910548485,0.4877343276482482,0.6263177576835448,0.4011739259838233,0.39171608638419986,0.3697144020239511,0.3798580803751421,0.40653200932692424,0.3819431763260437,0.3528489720358532,0.25014884220037115,0.1428818654519992,0.12234289325431902,0.10223888496938716,0.0785338494693637,0.3015562233022281
0.03,1.3831337072477066,0.15763155271614304,0.34064107013153044,0.5266948894150272,0.6640657789052622,0.4382443914278058,0.429833208835222,0.40690863692773704,0.4174219620462578,0.4451116847516082,0.41860417567250097,0.38802078430500686,0.2778752022078743,0.16049349212051878,0.13794825988564763,0.11523614961064688,0.08838684519094642,0.33074678461876944
0.031,1.4253152780695335,0.1746750883545175,0.37222982756682976,0.5619609527179636,0.6970407748196753,0.4725392730031369,0.4652280637966911,0.4416390566513032,0.4524093242007886,0.48081450969204553,0.45269911994465584,0.42094601205836657,0.30439049522300254,0.177716153037891,0.15330337732064414,0.12804842161229335,0.09808880820056709,0.3580592300048532
0.032,1.467265927883212,0.19130865714353362,0.40212889656281237,0.5939441394035878,0.7259832862731128,0.5042740554704146,0.49807091998777375,0.4740355126320296,0.48496953147662647,0.5138402155129789,0.48440082823842867,0.4517529534008886,0.3297222210880332,0.1945340405285203,0.16838629415641349,0.1406610329509187,0.10763204921765157,0.3836259124384484
0.033,1.508987547761602,0.20752267607684782,0.4304003953642578,0.6230079449690057,0.75149736045394,0.5336558521061647,0.5285383700670208,0.5042395696904964,0.5152604974002226,0.5443892660277789,0.513881773115655,0.4805751085335678,0.3539089848800514,0.2109397943523208,0.18318309553960088,0.1530648300468973,0.11701251913476252,0.40757573119556284
0.034,1.5504820081851183,0.2233144786186091,0.45711653240683536,0.6494719230035371,0.7740793686851422,0.5608795571374715,0.5568052946678019,0.5323959839972032,0.5434406406491882,0.5726559078790397,0.5413087277072879,0.5075453338671376,0.37699586565060494,0.22693199272049103,0.19768566994058767,0.16525459993799674,0.12622871511207434,0.4300312909914565
0.035,1.5917511593212674,0.23868625960968748,0.4823546611479753,0.6736164593962921,0.7941401005773584,0.5861261013928287,0.5830400916648499,0.5586473827851348,0.5696639925225835,0.5988242862020353,0.5668397901180353,0.5327923201353781,0.3990312987538006,0.24251337037109288,0.21189010629342686,0.1772279512728172,0.1352809110703591,0.45110746983106537
0.036,1.632796831299639,0.2536436019935958,0.5061939489882056,0.6956875002644753,0.8120218067778833,0.6095619787998134,0.6074020198767861,0.5831310601027513,0.594077362469704,0.6230665003258652,0.5906229105811218,0.5564385789599569,0.4200649897775799,0.25768954721849324,0.22579553666227725,0.18898451376568037,0.14417061320565006,0.47091085612431094
0.037,1.6736208344824486,0.2681944161840153,0.5287131580375152,0.7159009398161533,0.8280114376578425,0.6313395189075852,0.630039898076888,0.6059771627721202,0.6168188375891426,0.6455418704020989,0.6127953560200285,0.5785994020605723,0.4401465329491334,0.2724681171559774,0.2394032953056614,0.20052536186294512,0.15290017256783972,0.4895397113783744
0.038,1.7142249597307004,0.2823481737157697,0.5499891938515551,0.7344465544077974,0.8423510033537275,0.6515975765799643,0.6510916605243894,0.6273077825992648,0.6380171377412687,0.6663969442069355,0.6334837475118211,0.5993824414232368,0.4593245116965017,0.2868579924020265,0.2527163038718775,0.2118525973445714,0.16147250806855262,0.5070842403384153
0.039,1.75461097866607,0.2961153520688189,0.5700961855638356,0.751491461093239,0.8552457418596746,0.6704624344462999,0.6706844421883429,0.647236632451657,0.657791510670548,0.6857659411930266,0.6528044362366039,0.6188876795865293,0.4776459297295643,0.3008689303353319,0.26573861936193044,0.22296904542045548,0.16989090771934245,0.5236270307938585
0.04,1.7947806439285716,0.3095070319765656,0.5891049337540902,0.7671831235416596,0.8668706064502727,0.6880487926091226,0.6889349801855205,0.6658690915753205,0.6762519592141943,0.7037714398058383,0.6708640677773208,0.6372076385861227,0.49515586873033746,0.3145111914947002,0.2784751001086354,0.233878032474526,0.17815888570105898,0.5392435766810706
0.041,1.8347356894300983,0.32253460550066526,0.6070826122073043,0.7816519474759958,0.877375455102067,0.7044607700910395,0.7059501926712921,0.6833024774603649,0.6934996639899751,0.7205251848289784,0.6877602393087392,0.6544277283699695,0.5118973010988035,0.3277952924387437,0.2909311579398858,0.2445832229668491,0.18628007955573744,0.5540028310339833
0.042,1.874477830603908,0.33520956500977783,0.624092643974756,0.7950135138391587,0.8868892301234819,0.7197928740924673,0.7218278457118867,0.6996264496846059,0.7096275122756134,0.736128937498096,0.7035821897305548,0.6706266700217176,0.5279110082558692,0.3407318275987178,0.3031125737121354,0.2550884994866326,0.1942581763935578,0.5679677564143811
0.043,1.9140087646501331,0.3475433515349978,0.640194695870442,0.8073704973149294,0.8955233465443169,0.7341309130031193,0.7366572511991158,0.7149234834264968,0.7247206752446081,0.7506753209901911,0.7184114858794001,0.6858769519959715,0.5432355701296578,0.35333134156194934,0.31502535973792434,0.26539787447338337,0.20209686019731266,0.5811958539297113
0.044,1.9533301707773854,0.3595472468771248,0.6554447520763496,0.818814314170299,0.903374456164785,0.7475528415037747,0.7505199603327026,0.7292693720068633,0.7388571966507126,0.7642486332591423,0.732322682933046,0.7002452927417715,0.557907401887334,0.3656042383718844,0.3266756571189957,0.2755154253064481,0.20979977453714038,0.5937396605240104
0.045,1.9924437104405288,0.37123229805126334,0.6698952391367936,0.8294265385387474,0.9105267156247386,0.7601295337114398,0.7634904313271871,0.7427337323844664,0.7521085699733708,0.7769256116835963,0.7453839468022149,0.7137930931627752,0.5719608212181377,0.3775607180871924,0.3380696591987419,0.28544524672028915,0.21737049658072072,0.6056472096410138
0.046,2.0313510275746927,0.38260926567965525,0.683595182814234,0.8392801212070432,0.9170536579054152,0.7719254848878112,0.7756366592624149,0.755380497315415,0.7645402902746439,0.7887761419870879,0.7576576325153757,0.7265768690381795,0.5854281345283878,0.3892107334584629,0.3492135546503433,0.2951914161163558,0.2248125194020042,0.6169624537248705
0.047,2.070053748825592,0.3936885901332158,0.6965903830901286,0.8484404401784074,0.9230197447826228,0.7829994448561455,0.7870207620177938,0.7672683844425455,0.7762123731187857,0.7998639089303728,0.7692008165315705,0.7386486579333993,0.5983397339541182,0.4005639614664722,0.3601134853853649,0.30475796850469583,0.23212924039254224,0.6277256490660519
0.048,2.108553483776224,0.4044803708176996,0.7089235977331526,0.8569662079682664,0.9284816610785496,0.7934049876684887,0.7976995200927024,0.7784513369496306,0.78717983689876,0.8102469893790272,0.7800657833482347,0.7500563980122457,0.6107241995927563,0.4116297858342016,0.37077551568520706,0.31414887865191776,0.23932395415778096,0.6379737046876165
0.049,2.146851825170009,0.41499435517059735,0.7206347278136311,0.864910256808306,0.9334893987777122,0.8031910226935424,0.8077248705400877,0.7889789332993903,0.79749314749021,0.8199783901855704,0.7903004682211214,0.7608442780227491,0.6226084031176846,0.42241728762419484,0.3812056098527048,0.3233680486285283,0.24639984870110476,0.6477404976063378
0.05,2.1849503491304354,0.42523993479833166,0.7317610006587296,0.8723202196805948,0.9380871692082537,0.8124022524518478,0.8171443567101364,0.7988967654499088,0.8071986257774862,0.8291065343377879,0.7999488586232271,0.7710530589026717,0.6340176101865388,0.43293524176743936,0.3914096163433335,0.33241929940213066,0.2533600040061742,0.6570571570944493
0.051,2.2228506153772765,0.43522614682409055,0.7423371472573975,0.8792391223329346,0.942314173827868,0.8210795824002699,0.8260015363396357,0.8082467861350701,0.8163388195821855,0.8376756993068527,0.8090513574653282,0.7807203681643694,0.6449755799368058,0.4431921179128401,0.4013932568283357,0.34130636545861837,0.26020739235469137,0.6659523206417443
0.052,2.2605541674394467,0.4449616789945997,0.7523955722067022,0.8857058990832867,0.9462052581653271,0.8292604875843047,0.8343363509479703,0.8170676265222412,0.8249528420849703,0.8457264116747842,0.8176451112327205,0.789880968625265,0.6555046604865133,0.45319608438982584,0.4111621190112479,0.3500328916833655,0.26694487988451143,0.6744523642599924
0.053,2.2980625328645385,0.4544548774523658,0.7619665150624733,0.8917558432471328,0.9497914687602048,0.8369793407121777,0.8421854596588462,0.8253948859759591,0.8330766791105054,0.8532958020592631,0.8257643061606257,0.7985670032535542,0.6656258797977996,0.4629550143777752,0.4207216522971854,0.35860243192136354,0.27357522901788656,0.68258160963769
0.054,2.3353772234251293,0.46371375634955203,0.7710782025033739,0.8974210013623671,0.9531005292200485,0.8442677058077196,0.8495825405561446,0.8332613958636466,0.8407434677411677,0.8604179241696737,0.8334404354404384,0.8068082179694639,0.6753590315695681,0.47247649360178445,0.43007716562458465,0.3670184487758864,0.2801011014829917,0.6903625104789642
0.055,2.3724997353218886,0.4727460086833386,0.7797569911006046,0.9027305189928488,0.9561572485535325,0.8511546011993216,0.8565585625685184,0.840697459409525,0.8479837487041907,0.8671240415769109,0.840702540263847,0.8146321642282212,0.6847227560395879,0.4817678290442412,0.43923382692897917,0.3752843143113984,0.2865250617219224,0.6978158201688771
0.056,2.4094315493835623,0.4815590178870074,0.7880275007503157,0.9077109447214966,0.958983872571348,0.8576667352174562,0.8631420307043121,0.8477310695847133,0.854825694884047,0.8734428854969181,0.8475774273000661,0.8220643831442905,0.693734615723,0.4908360582899657,0.4481966638304715,0.3834033114069284,0.2928495805311262,0.7049607427127538
0.057,2.4461741312638776,0.49015986982826987,0.7959127390049596,0.9123864979604019,0.9616003872449589,0.863828717612926,0.8693592072549867,0.8543881069482963,0.8612953181773758,0.8794008865969034,0.8540898649810542,0.829128572819214,0.7024111662124025,0.4996879592198127,0.45697056523012725,0.39137863556732233,0.2990770388200401,0.711815068708145
0.058,2.482728931635435,0.49855536495575326,0.8034342166570128,0.9167793053781178,0.9640247813780203,0.8696632493768769,0.87523431137029,0.8606925192485974,0.8674166567517879,0.8850223835478858,0.8602627607519389,0.8358467404221457,0.7107680222282682,0.5083300598413149,0.465560283572496,0.39921339704649583,0.3052097314038664,0.7183952979296038
0.059,2.5190973863806287,0.5067520304026139,0.8106120550009801,0.9209096100472727,0.9662732746998572,0.8751912933431242,0.8807896991938469,0.8666664844712211,0.8732119446056466,0.8903298107759032,0.8661173212356734,0.8422393404525137,0.7188199191473329,0.5167686481009057,0.4739704375869792,0.4069106231724884,0.31124987076923327,0.7247167499411502
0.06,2.5552809167796613,0.5147561319082796,0.8174650852400968,0.9247959568274509,0.9683605164756683,0.8804322276832015,0.886046026541028,0.8723305588908363,0.8787017651619848,0.8953438676114666,0.8716731970660265,0.8483254004944054,0.7265807702580096,0.5250097815648225,0.4822055153637007,0.4144732607914592,0.31719959076879445,0.7307936640001746
0.061,2.591280929695689,0.5225736854589821,0.8240109405219059,0.9284553570009862,0.9702997588977826,0.8854039841632042,0.8910223959061261,0.8777038115537656,0.8839051904713795,0.9000836708046731,0.8769486139631611,0.8541226356561843,0.7340637200009994,0.5330592968881214,0.49026987765287433,0.4219041787687313,0.3230609502139494,0.7366392893796452
0.062,2.627098817757167,0.5302104685779703,0.8302661410887129,0.9319034347580206,0.9721030088400421,0.8901231728169117,0.8957364894052087,0.8828039464924202,0.8888399074489778,0.9045668921622783,0.8819604914618426,0.8596475527787886,0.7412811934538759,0.5409228190158091,0.4981677613024731,0.4292061705010536,0.3288359363447627,0.7422659671123233
0.063,2.6627359595374265,0.5376720312193182,0.8362461730197994,0.9351545577695772,0.973781160994592,0.8946051944995191,0.9002046890954198,0.8876474138530258,0.8935223324316535,0.9088098828724861,0.886724550553541,0.864915545393464,0.7482449423132533,0.5486057700786917,0.5059032827691659,0.4363819564065857,0.33452646816365983,0.7476852040504408
0.064,2.698193719731544,0.5449637062366892,0.8419655610258473,0.9382219537832025,0.9753441149443639,0.8988643426181899,0.9044421859609222,0.8922495110063057,0.8979677152131361,0.9128277859121613,0.8912554113696333,0.8699409803148497,0.7549660876191642,0.5561133779606218,0.5134804416531276,0.44343418636856646,0.3401343996251044,0.7529077400359331
0.065,2.7334734493305444,0.5520906194115721,0.847437935734898,0.9411178149164187,0.976800878337261,0.902913895187234,0.90846307871961,0.8966244746074725,0.9021902335979733,0.9166346377782147,0.8955666819126156,0.8747372766684967,0.7614551594548971,0.5634506845243639,0.5209031242195287,0.4503654421158301,0.3456615226776407,0.757943608888801
0.066,2.7685764857929884,0.5590576990353712,0.8526760958853183,0.9438533911017069,0.9781596580050971,0.9067661982248627,0.9122804634823239,0.9007855644771574,0.9062030794090351,0.9202434606485523,0.8996710387346144,0.8793169780728424,0.7677221338427985,0.5706225534911951,0.528175106879007,0.45717823952885384,0.35110957015780486,0.7628021938434398
0.067,2.803504153213989,0.5658696850470666,0.8576920658159894,0.9464390739471136,0.979427940600103,0.9104327413931429,0.9159065151865667,0.9047451400886003,0.9100185367873737,0.9236663459566694,0.9035803003664262,0.8836918186240205,0.7737764670431334,0.5776336779751823,0.5353000596068289,0.4638750308641917,0.3564802185376762,0.7674922779938165
0.068,2.838257762491695,0.5725311377334903,0.8624971486182762,0.9488844721138748,0.9806125640949552,0.9139242266811536,0.9193525616285734,0.9085147303681373,0.9136480535369006,0.9269145302561892,0.9073054942146765,0.8878727832671591,0.7796271274495413,0.5844885876773059,0.5422815492861619,0.4704582068932973,0.3617750905294561,0.7720220902472323
0.069,2.8728386114913014,0.5790464460031371,0.8671019752889554,0.9511984791726067,0.9817197813012577,0.9172506308418132,0.9226291508299999,0.9121050974452697,0.9171023061888148,0.9299984641560182,0.9108569175684655,0.8918701630795267,0.7852826252612588,0.5911916557476526,0.5491230429653626,0.47693009895409777,0.3669957575516135,0.7763993472322555
0.07,2.907247985206612,0.5854198352470923,0.8715165501986221,0.9533893347791186,0.9827553164000569,0.9204212622139102,0.9257461123973735,0.9155262949248003,0.9203912593911874,0.932927875021951,0.9142441932890168,0.8956936059384225,0.7907510400993343,0.5977471053259829,0.5558279110225914,0.4832929809154093,0.3721437420618905,0.7806312915583865
0.071,2.9414871559192086,0.5916553748024629,0.875750293166485,0.9554646799069157,0.9837244153413135,0.9234448124912832,0.9287126134628872,0.9187877211961419,0.9235242201668946,0.9357118240653514,0.9174763206955163,0.8993521629996214,0.7960400467217034,0.6041590157723942,0.5623994302337363,0.48954907105556744,0.37722051976294435,0.784724726782514
0.072,2.9755573833552633,0.5977569850348177,0.8798120784100679,0.9574316067834998,0.9846318908531619,0.9263294039396754,0.9315372097331671,0.9218981682433288,0.9265098875274252,0.9383587583728463,0.9205617221066524,0.9028543313699018,0.8011569389802746,0.6104313286006573,0.5688407867416305,0.49570053385752455,0.38222752168667595,0.7886860493994885
0.073,3.009459914840033,0.6037284440567192,0.8837102706172679,0.9592967040996251,0.9854821627029278,0.9290826325075654,0.9342278921175049,0.9248658663729822,0.9293563978803349,0.940876558371839,0.923508285449629,0.906208093319277,0.8061086521521937,0.6165678531272447,0.5751550789260853,0.5017494817233014,0.38716613616338036,0.792521278140728
0.074,3.043195985450082,0.6095733940996707,0.8874527583685281,0.9610660979929804,0.9862792937674432,0.9317116072293568,0.9367921293579757,0.927698525235974,0.932071366623664,0.9432725811741914,0.9263234033059482,0.9094209523445599,0.8109017837671756,0.6225722718492568,0.5813453201754151,0.5076979766110755,0.3920377106818733,0.7962360808350892
0.075,3.0767668181632657,0.6152953475566874,0.8910469851185436,0.962745489248885,0.9870270223979368,0.9342229862769178,0.9392369070401588,0.9304033714813014,0.9346619262809059,0.9455537001938743,0.9290140087254347,0.9124999663654091,0.8155426130432336,0.628448145564337,0.5874144415609652,0.5135480315984239,0.3968435536466106,0.7998357990598921
0.076,3.110173624006515,0.6208976927124423,0.8944999779299392,0.9643401871092725,0.9877287915027518,0.9366230099779471,0.9415687633242842,0.9329871833473384,0.9371347614946166,0.9477263413930597,0.9315866081063091,0.9154517783066904,0.8200371190343027,0.6341989182454779,0.5933652944167909,0.5193016123753746,0.4015849360376853,0.8033254707865852
0.077,3.1434176022014624,0.6263836991774612,0.8978183741356337,0.9658551400364258,0.9883877747178076,0.9389175310863769,0.9437938217019564,0.9354563224657071,0.9394961411650218,0.9497965164743988,0.9340473114090898,0.9182826442964722,0.8243909975850396,0.6398279216832264,0.5992006528270386,0.5249606386709204,0.4062630929793596,0.8067098512047105
0.078,3.176499940307942,0.6317565230423137,0.9010084460921433,0.9672949637387488,0.9890068999887346,0.9411120425605358,0.9459178210527237,0.9378167631262108,0.9417519479916183,0.9517698533045856,0.9364018599453465,0.920998459686999,0.8286096771805641,0.6453383799074063,0.6049232160239075,0.5305269856166334,0.4108792252225745,0.8099934318893027
0.079,3.2094218143654003,0.6370192117671033,0.9040761241727288,0.9686639667315157,0.9895888708488779,0.9432117030785955,0.9479461432471954,0.9400741192272194,0.9439077056503759,0.9536516238252499,0.9386556519584327,0.9236047830862474,0.8326983337719269,0.6507334133999563,0.6105356106992123,0.5360024850509035,0.4154345005465985,0.8131804584603427
0.08,3.2421843890322584,0.6421747088209058,0.9070270181370651,0.9699661736754165,0.990136185642973,0.9452213604975395,0.9498838385188301,0.9422336691143297,0.9459686038164483,0.9554467696813544,0.9408137661919936,0.9261068585699591,0.8366619046517175,0.6560160431099938,0.6160403932327008,0.5413889267672236,0.4199300550847501,0.8162749468681691
0.081,3.2747888177232505,0.6472258580851064,0.9098664370028611,0.971205346709224,0.9906511549164447,0.9471455734411754,0.951735648804554,0.9443003784907638,0.9479395212219565,0.957159925774215,0.9428809836229695,0.9285096362281204,0.8405051014483347,0.6611891942816693,0.6214400518402947,0.5466880597097749,0.42436699457883376,0.8192806984256096
0.082,3.3072362427447834,0.6521754080338855,0.9125994075345548,0.9723850049695868,0.9911359171643449,0.9489886311842508,0.95350602923474,0.9462789215655821,0.9498250469201824,0.9587954419256912,0.9448618075187514,0.9308177911855449,0.8442324223020575,0.6662557001048478,0.626737008645415,0.5519015931194249,0.4287463955666846,0.8222013136958524
0.083,3.339527795428343,0.6570260157044185,0.9152306914547768,0.9735084424703896,0.9915924531113385,0.950754571983273,0.9551991679355248,0.9481737005901724,0.9516294999111776,0.9603574028217329,0.9467604819628695,0.933035741223341,0.847848163281099,0.6712183051981211,0.6319336216765066,0.5570311976330669,0.43306930650695763,0.825040205334586
0.084,3.371664596261981,0.6617802504686546,0.9177648014756172,0.9745787444959539,0.9920225986744343,0.9524471999899381,0.956819004290725,0.9499888639194287,0.953356947269118,0.961849646387057,0.9485810089798937,0.935167663116452,0.8513564290912812,0.6760796689331431,0.6370321867938016,0.5620785063390662,0.43733674884503426,0.8278006099755265
0.085,3.4036477550199207,0.6664405976178944,0.9202060162388238,0.9755988026462868,0.9924280567429126,0.9540701008699403,0.9583692457965337,0.9517283227214046,0.9550112208985729,0.9632757807280491,0.9503271643779454,0.937217507792003,0.8547611431288039,0.6808423686087635,0.6420349395482636,0.5670451157914025,0.44154971802370235,0.8304855992400431
0.086,3.4354783708903023,0.6710094617707347,0.922558394246819,0.9765713286583539,0.9928104078948077,0.9556266562381837,0.9598533836295556,0.9533957664478505,0.9565959330350243,0.9646391997678426,0.9520025124161889,0.9391890144037821,0.85806605692176,0.6855089024829797,0.6469440569755704,0.5719325869849439,0.44570918444201046,0.833098089944028
0.087,3.46715753260111,0.6754891701143368,0.9248257868597848,0.9774988671147244,0.9931711201560546,0.9571200570108951,0.9612747070374037,0.9549946771677994,0.958114490594322,0.9659430976857506,0.9536104193947543,0.9410857234096718,0.8612747590025336,0.6900816926702313,0.6517616593278497,0.576742446294104,0.4498160943655015,0.8356408535683811
0.088,3.4986863185443036,0.6798819754883927,0.9270118504280145,0.9783838071397243,0.993511557896772,0.958553315765701,0.9626363166509097,0.9565283428571283,0.9595701084661846,0.9671904822626615,0.9551540662556306,0.9429109887311767,0.8643906832500114,0.6945630879111533,0.6564898117458033,0.581476186377007,0.45387137079081175,0.8381165250533832
0.089,3.530065796898185,0.6841900593205984,0.929120057623162,0.9792283931732501,0.9938329899489082,0.9599292781922657,0.9639411368078431,0.9579998697286864,0.960965821838223,0.9683841872245249,0.9566364602750336,0.9446679890672536,0.867417116737571,0.698955366221462,0.6611305258737072,0.5861352670471093,0.457875914267422,0.8405276109717453
0.09,3.5612970257480314,0.6884155344219234,0.9311537080269585,0.9800347349035156,0.9941365970204451,0.9612506337084779,0.9651919269698067,0.9594121936800588,0.9623044976291778,0.9695268836675291,0.958060445920524,0.9463597384283731,0.8703572071201087,0.7032607374262736,0.6656857614196785,0.5907211161141173,0.4618306036791777,0.8428764971301902
0.091,3.5923810532050275,0.6925604476494616,0.9331159380313027,0.9808048164320738,0.9944234784733829,0.9625199253103347,0.9663912923065575,0.9607680909292314,0.9635888451030484,0.9706210906409091,0.9594287149396189,0.947989095951063,0.8732139695908776,0.7074813455857684,0.6701574276634799,0.5952351301958856,0.46573629698801666,0.8451654556449627
0.092,3.623318917523511,0.6966267824441787,0.9350097300993799,0.9815405047373768,0.994694658525675,0.96373955871751,0.9675416935153198,0.9620701879022774,0.9648214257294366,0.9716691849564134,0.960743815740751,0.9495587750480329,0.875990293436613,0.711619271317778,0.6745473849140218,0.5996786755028756,0.4695938319421691,0.847396651532662
0.093,3.6541116472165758,0.7006164612504283,0.9368379214335648,0.9822435574968091,0.9949510919310411,0.9649118108710435,0.9686454559366261,0.9633209704316135,0.9660046623497076,0.9726734102872481,0.9620081621221022,0.9510713519443127,0.8786889482173272,0.7156765340225266,0.6788574459186125,0.604053088596625,0.4734040267509637,0.8495721488541459
0.094,3.684760261170047,0.7045313478236894,0.9386032120922895,0.9829156303214638,0.9951936691850488,0.966038837834583,0.9697047780227772,0.9645227923183404,0.9671408477033776,0.973635885613693,0.9632240413990261,0.9525292736456024,0.881312589595219,0.7196550940144654,0.6830893772259095,0.6083596771235937,0.4771676807282209,0.8516939164460008
0.095,3.715265768754864,0.7083732494325947,0.9403081725947868,0.9835582834528481,0.9954232213009357,0.9671226821460893,0.9707217392100917,0.965677883307609,0.968232152364446,0.9745586130675333,0.9643936219764113,0.9539348653811824,0.8838637648353668,0.7235568545658415,0.6872449005044258,0.6125997205256294,0.48088557490607764,0.8537638332710802
0.096,3.7456291699378887,0.7121439189609368,0.9419552510496165,0.9841729879661532,0.9956405241942774,0.9681652796628297,0.971698307241663,0.9667883565218085,0.9692806321331354,0.9754434852228603,0.9655189604083873,0.9552903375602373,0.886344917999235,0.7273836638663714,0.6913256938183484,0.6167744707282276,0.4845584726209784,0.8557836934169545
0.097,3.77585145539117,0.7158450569150127,0.9435467798401252,0.9847611315206221,0.9958463027117063,0.9691684659387858,0.9726363449833129,0.9678562153926092,0.9702882349246448,0.9762922918766641,0.966602007984194,0.9565977922772602,0.8887583948505178,0.7311373169031363,0.6953333928623406,0.6208851528076567,0.48818712007344156,0.8577552107686565
0.098,3.8059336065996914,0.7194783133413302,0.9450849818974735,0.9853240236938722,0.9960412343354255,0.9701339821702615,0.9735376167717806,0.9688833601294773,0.9712568071930203,0.9771067263588903,0.967644616875786,0.9578592293993174,0.8911064474914565,0.7348195572645788,0.6992695921569188,0.6249329656379614,0.4917722468631034,0.8596800233799187
0.099,3.8358765959676178,0.7230452896594037,0.9465719765895351,0.9858629009337094,0.9962259525921547,0.9710634807424386,0.974403794330872,0.9698715937591638,0.9721880999250689,0.9778883914082387,0.968648545879783,0.9590765522653045,0.8933912387464865,0.7384320788722586,0.7031358462059083,0.6289190825187716,0.49531456650045735,0.8615596975650743
0.1,3.8656813869230775,0.7265475404140873,0.9480097852518512,0.9863789311579848,0.9964010501923853,0.9719585304068776,0.975236462288292,0.970822627767847,0.9730837742363473,0.9786388046469037,0.969615465783703,0.9602515730249243,0.8956148463088849,0.741976527643815,0.706933670617419,0.6328446517847834,0.4988147768965865,0.8633957317319898
0.101,3.895348934021489,0.729986574951617,0.9494003363848619,0.9868732180303453,0.9965670819233405,0.9728206211174637,0.9760371233231523,0.9717380873750268,0.9739454065986307,0.9793594036846635,0.9705469643839607,0.9613860176429191,0.897779266665008,0.7454545030903894,0.710664543189701,0.636710797397721,0.5022735608321293,0.8651895599747194
0.102,3.9248801830474735,0.7333638590233023,0.9507454705398382,0.9873468049372968,0.9967245673168181,0.9736511685500294,0.9768072029716652,0.972619516465923,0.974774493725871,0.9800515508801864,0.971444551180898,0.9624815305920867,0.8998864188096949,0.7488675598515778,0.7143299049631813,0.6405186195215277,0.5056915864066204,0.8669425554430815
0.103,3.9542760711153555,0.7366808163205603,0.9520469449142875,0.9878006786897939,0.9968739931111064,0.9744515183288165,0.9775480541162767,0.9734683822069908,0.9755724571434717,0.9807165377851191,0.9723096617740792,0.9635396792567722,0.9019381477654876,0.7522172091708172,0.7179311612399195,0.6442691950814929,0.5090695074692831,0.8686560335049645
0.104,3.983537526768293,0.7399388299447764,0.9533064376760773,0.9882357729705793,0.9970158155243725,0.9752229499810652,0.9782609611814365,0.9742860793672066,0.9763406474637182,0.981355589294419,0.9731436619792373,0.9645619580668549,0.9039362279174559,0.7555049203139401,0.7214696825716617,0.6479635783079598,0.5124079640322707,0.8703312547159275
0.105,4.012665470076047,0.7431392438152733,0.9545255520341257,0.9886529715466872,0.997150462355325,0.9759666806393037,0.9789471440573323,0.9750739343659975,0.9770803483883854,0.9819698675244876,0.9739478516865694,0.9655497923807165,0.9058823661746228,0.7587321219334928,0.7249468057176138,0.65160280126523,0.5157075826673005,0.8719694276095115
0.106,4.041660812731411,0.7462833640184763,0.9557058200722156,0.9890531112648921,0.9972783349254984,0.976683868509351,0.9796077617712032,0.9758332090670563,0.9777927804578918,0.9825604754389177,0.9747234684785367,0.9665045421342665,0.9077782049682531,0.7619002033812666,0.7283638345730156,0.6551878743662407,0.5189689768865646,0.8735717113206302
0.107,4.0705244581453455,0.7493724601011851,0.9568487063612945,0.9894369848463951,0.9973998098762151,0.9773756161206194,0.9802439159242928,0.9765651043357835,0.9784791045648437,0.9831284602400809,0.9754716910239126,0.9674275052718169,0.9096253250965759,0.7650105159713575,0.7317220410695293,0.6587197868735413,0.5221927475087282,0.875139218053457
0.108,4.099257301540786,0.7524077663107036,0.9579556113645348,0.989805343495691,0.9975152408321027,0.9780429733740075,0.9808566539110766,0.9772707633767439,0.9791404252484399,0.9836748165433347,0.9761936422635357,0.9683199209734151,0.911425248424896,0.7680643741959536,0.7350226660484317,0.6621995073870791,0.5253794830107993,0.8766730154043478
0.109,4.127860230045216,0.7553904827844076,0.9590278746484088,0.9901588993373337,0.997624959941988,0.9786869404014767,0.9814469719360978,0.9779512748662649,0.9797777937849314,0.9842004893493015,0.9768903924020426,0.9691829726921598,0.9131794404494507,0.771063056895928,0.7382669201075416,0.6656279843192654,0.528529759866587,0.8781741285495407
0.11,4.1563341227819555,0.7583217766912022,0.9600667779121038,0.9904983276931979,0.9977292793070327,0.9793084702503269,0.9820158178425576,0.9786076758941593,0.980392211088168,0.9847063768284695,0.9775629617187703,0.9700177910140266,0.9148893127328325,0.7740078083882087,0.7414559844227786,0.669006146357763,0.5316441428724283,0.8796435423066371
0.111,4.184679850960241,0.7612027833271698,0.9610735478467387,0.9908242692118199,0.9978284923051136,0.9799084714041806,0.9825640937657139,0.9792409547275053,0.9809846304332076,0.9851933329312527,0.97821232321003,0.9708254563518179,0.9165562252182945,0.7768998395517954,0.744591011545215,0.6723349029164207,0.5347231854608201,0.881082203078203
0.112,4.212898277964073,0.7640346071675929,0.9620493588350483,0.9911373318604719,0.9979228748196637,0.9804878101517847,0.9830926586231461,0.9798520534084495,0.981555960014978,0.9856621698356387,0.9788394050740409,0.9716070014840068,0.9181814884297851,0.7797403288741979,0.7476731261744389,0.6756151445747456,0.537767430002558,0.8824910206852005
0.113,4.240990259439881,0.7668183228773998,0.9629953355014615,0.9914380927897802,0.9980126863804877,0.9810473128138905,0.9836023304530321,0.9804418701971104,0.982107065353091,0.9861136602436268,0.9794450930489772,0.9723634139484679,0.919766365564122,0.7825304234599743,0.7507034259090193,0.6788477435062864,0.5407774080979326,0.8838708700974056
0.114,4.268956643383011,0.7695549762819909,0.963912555121825,0.9917271000799206,0.9980981712234193,0.9815877678377161,0.98409388861074,0.9810112618698481,0.9826387715530844,0.9865485395368051,0.980030232613814,0.9730956383003802,0.9213120744813199,0.7852712400029787,0.7536829819748313,0.6820335538962883,0.5437536408575256,0.8852225930674393
0.115,4.296798270223049,0.7722455853002754,0.9648020499013871,0.9920048743767246,0.9981795592751068,0.9821099277677858,0.9845680758332715,0.9815610458824149,0.9831518654336103,0.9869675078006411,0.9805956310609508,0.9738045782429218,0.9228197895987011,0.7879638657238274,0.7566128399319645,0.6851734123489498,0.5466966391730943,0.886546999674566
0.116,4.324515972908013,0.774891140841661,0.965664809129076,0.9922719104253804,0.9982570670686849,0.9826145111012943,0.9850256001803857,0.9820920024068098,0.9836470975283939,0.9873712317263407,0.9811420594489427,0.9744910986387751,0.9242906436940728,0.7906093592740345,0.7594940203609154,0.6882681382846008,0.5496069039790068,0.8878448697839622
0.117,4.352110576987417,0.7774926076686477,0.9665017812155697,0.9925286785088229,0.9983308985956078,0.983102204035552,0.9854671368605812,0.9826048762500296,0.9841251839711469,0.9877603463984753,0.9816702544430683,0.9751560274098975,0.9257257296229289,0.7932087516081897,0.7623275195287319,0.6913185343271102,0.552484926504681,0.8891169544267697
0.118,4.37958290069424,0.7800509252265788,0.9673138756221464,0.9927756257973652,0.9984012460984842,0.9835736621145175,0.9858933299495198,0.9831003786623188,0.9845868082710298,0.9881354569759746,0.9821809200509166,0.9758001573324988,0.9271261019543315,0.795763046825485,0.7651143100357579,0.6943253866818078,0.5553311885184278,0.8903639771058564
0.119,4.4069337550257925,0.7825670084420309,0.9681019646868481,0.9930131776156313,0.9984682908093546,0.9840295117809201,0.9863047940079225,0.9835791890419855,0.9850326229857154,0.9884971402735224,0.9826747292596634,0.9764242477336857,0.928492778529843,0.798273222981837,0.7678553414435952,0.6972894655041977,0.5581461625630993,0.8915866350318715
0.12,4.434163943823529,0.7850417484912391,0.9688668853540534,0.9932417386323906,0.9985322036374894,0.9844703518400161,0.9867021156054637,0.9840419565433505,0.9854632512986047,0.9888459462498891,0.9831523255812393,0.9770290260957964,0.9298267419496139,0.8007402328737885,0.7705515408848838,0.7002115252597281,0.5609303121839014,0.8927856002938696
0.121,4.461274263851799,0.7874760135398882,0.9696094408131614,0.9934616939784792,0.9985931458104556,0.9848967548405847,0.9870858547567237,0.984489301593937,0.9858792885062866,0.9891823994092565,0.9836143245111636,0.9776151895740343,0.9311289409894928,0.8031650047953214,0.7732038136554715,0.7030923050748684,0.5636840921487287,0.893961520968468
0.122,4.488265504875549,0.7898706494555259,0.9703304020517102,0.9936734102976115,0.9986512694718993,0.9853092683783894,0.9874565462748276,0.984921817326587,0.9862813034219033,0.9895070001211621,0.9840613149064101,0.978183406432638,0.9324002919527872,0.8055484432686589,0.7758130437895341,0.7059325290797385,0.5664079486613369,0.895115022171247
0.123,4.515138449737035,0.7922264804937914,0.9710305093279183,0.9938772367345289,0.998706718239214,0.9857084163269512,0.9878147010480045,0.9853400709317953,0.9866698396996939,0.9898202258642902,0.9844938602873111,0.9787343174044704,0.9336416799600913,0.8078914297500784,0.7783800946181705,0.7087329067425152,0.5691023195676748,0.896246707053842
0.124,4.541893874431487,0.7945443099595959,0.9717104735673081,0.9940735058646131,0.9987596277240145,0.986094700000157,0.9881608072439328,0.9857446049351906,0.9870454170856207,0.9901225323989634,0.9849125000681578,0.9792685369785867,0.9348539601804021,0.8101948233117245,0.780905809311999,0.7114941331958473,0.5717676345556593,0.8973571577499495
0.125,4.568532548181819,0.7968249208443279,0.972370977687778,0.9942625345687873,0.9988101260181058,0.9864685992509091,0.9884953314464003,0.9861359384047587,0.9874085325986524,0.9904143548728562,0.9853177507208417,0.9797866546200413,0.9360379590065488,0.81245946130035,0.7833910114082446,0.7142168895554881,0.5744043153486771,0.8984469362732501
0.126,4.595055233512338,0.7990690764401105,0.9730126778572122,0.9944446248572616,0.998858334147427,0.9868305735097341,0.9888187197284949,0.9865145680920921,0.9877596616469597,0.9906961088641301,0.985710106875592,0.9802892359259137,0.937194475177792,0.8146861599738826,0.7858365053227989,0.7169018432313534,0.5770127758930711,0.8995165853700567
0.127,4.621462686321507,0.8012775209320762,0.9736362046874563,0.9946200646454162,0.9989043664962534,0.9871810627670086,0.9891313986662531,0.9868809695116618,0.9880992590829992,0.9909681913659033,0.9860900423625868,0.9807768237212745,0.938324280852282,0.8168757151166677,0.7882430768477167,0.7195496482312016,0.5795934225398598,0.9005666293293078
0.128,4.647755655953758,0.8034509799695889,0.974242164368251,0.9947891284848925,0.9989483312037718,0.987520488502208,0.9894337762964266,0.9872355979618401,0.9884277602011871,0.9912309817157001,0.9864580111979709,0.9812499390985732,0.9394281226319131,0.8190289026342059,0.7906114936345952,0.722160945457131,0.5821466542209277,0.9015975747523582
0.129,4.673934885270369,0.8055901612172893,0.9748311397444901,0.9949520782527381,0.9989903305349717,0.9878492545633616,0.9897262430217773,0.9875788894911605,0.9887455816816233,0.9914848424732742,0.9868144485175789,0.9817090824037059,0.9405067225419664,0.8211464791281642,0.7929425056642708,0.7247363629950796,0.5846728626199087,0.902609911284864
0.13,4.700001110719425,0.8076957548867978,0.9754036913399597,0.9951091638012582,0.9990304612276552,0.9881677479996821,0.9900091724670865,0.9879112618130655,0.9890531224830942,0.9917301202499708,0.9871597714614424,0.982154734171812,0.9415607789677983,0.8232291824524004,0.7952368457032445,0.7272765163974994,0.5871724323379686,0.9036041123128941
0.131,4.725955062404882,0.809768434249876,0.9759603583305249,0.9952606235710405,0.9990688148172293,0.9884763398501434,0.9902829222888477,0.9882331151721857,0.9893507646883694,0.9919671464925821,0.9874943800119664,0.9825873560156582,0.9425909675507074,0.825277732250725,0.7974952297472462,0.72978200895939,0.589645741054696,0.9045806356252961
0.132,4.751797464154729,0.8118088561337987,0.976501659469544,0.9954066851694504,0.9991054779408169,0.9887753858906014,0.9905478349414163,0.9885448331649919,0.989638874304614,0.9921962382244492,0.9878186577884678,0.9830073914692875,0.9435979420449916,0.8272928304770725,0.7997183574523248,0.732253431987848,0.5920931596842862,0.9055399240441797
0.133,4.777529033588278,0.8138176613996626,0.9770280939681275,0.9955475659167367,0.999140532622111,0.98906522734188,0.9908042384022084,0.9888467835174817,0.9899178020215504,0.9924176987463837,0.9881329728005995,0.983415266789442,0.9445823351380985,0.8292751618987415,0.8019069125538394,0.7346913650653025,0.5945150525271998,0.9064824060252942
0.134,4.803150482182597,0.8157954754043167,0.977540142332693,0.9956834733617423,0.9991740565382904,0.9893461915410898,0.9910524468583713,0.989139318822391,0.9901878839298368,0.9926318182998114,0.9884376781630214,0.9838113917171156,0.9455447592356647,0.831225394583325,0.8040615632737198,0.7370963763065885,0.5969117774174697,0.9074084962299456
0.135,4.828662515338079,0.8177429084465714,0.9780382671621298,0.995814605769082,0.9992061232702164,0.9896185925783034,0.9912927613571872,0.9894227772382593,0.9904494422019692,0.9928388746943818,0.9887331127735303,0.9841961602014457,0.9464858072131448,0.8331441803699355,0.8061829627163457,0.739469022610016,0.5992836858658188,0.9083185960700099
0.136,4.854065832443182,0.8196605561983101,0.9785229139067383,0.9959411525795189,0.9992368025370417,0.9898827319005715,0.9915254704223319,0.9896974831525336,0.9907027857378691,0.9930391339021452,0.9890196019567219,0.984569951088016,0.9474060531356365,0.8350321553252915,0.8082717492533891,0.7418098499025776,0.6016311231987448,0.9092130942274926
0.137,4.879361126938343,0.8215490001211032,0.9789945115909912,0.9960632948451642,0.99926616041628,0.9901388988851436,0.9917508506379675,0.9899637478107574,0.9909482107771798,0.9932328506202559,0.9892974580751277,0.9849331287735215,0.9483060529474241,0.836889940185222,0.8103285468979464,0.7441193933794454,0.6039544286937196,0.9100923671500116
0.138,4.904549086379067,0.8234088078688873,0.9794534735020335,0.9961812056410092,0.9992942595503089,0.9903873713836353,0.9919691672025274,0.9902218699137622,0.991186001480167,0.9934202688040425,0.9895669811096487,0.9852860438286221,0.9491863451326761,0.8387181407821132,0.812353965668283,0.7463981777378889,0.6062539357106458,0.9109567795234722
0.139,4.929630392498236,0.8252405336772579,0.9799001978457337,0.9962950504542055,0.9993211593402082,0.9906284162387787,0.9921806744539293,0.9904721361846603,0.9914164304790037,0.9936016221721607,0.9898284592109982,0.9856290335907074,0.9500474513486641,0.8405173484588039,0.8143486019414978,0.7486467174057576,0.6085299718197035,0.911806684723159
0.14,4.9546057212676065,0.8270447187398942,0.9803350683719868,0.9964049875524117,0.999346916127771,0.9908622897752886,0.9923856163678477,0.9907148219073284,0.9916397594011052,0.9937771346854409,0.9900821692237549,0.9859624227281886,0.9508898770327906,0.8422881404694137,0.8163130387974072,0.7508655167646556,0.610782858925716,0.9126424252443657
0.141,4.979475742958539,0.8288218915726064,0.9807584549708768,0.9965111683324454,0.9993715833664683,0.991089238266283,0.9925842270305704,0.9909501914379637,0.9918562393660774,0.9939470210009379,0.9903283771845379,0.9862865237778377,0.9517141119846495,0.8440310803675718,0.8182478463529401,0.7530550703679392,0.6130129133891591,0.9134643331136366
0.142,5.0042411222019645,0.830572568365485,0.9811707142412066,0.9966137376503916,0.9993952117820846,0.9913094983766116,0.992776731087872,0.9911784986912019,0.9920661114577508,0.9941114869025964,0.9905673387957151,0.986601637656608,0.9525206309242784,0.8457467183824907,0.8201535820873221,0.7552158631536616,0.6152204461439266,0.9142727302816279
0.143,5.028902518047587,0.8322972533235999,0.9815721900328268,0.9967128341342537,0.9994178495237039,0.991523297584356,0.9929633441712471,0.9913999876021949,0.9922696071726733,0.9942707297098577,0.9907992998759789,0.9869080541492816,0.9533098940277017,0.847435591783315,0.8220307911583238,0.7573483706525888,0.6174057628119707,0.9150679289985248
0.144,5.053460584022347,0.833996438996684,0.9819632139641019,0.9968085904801551,0.9994395423056643,0.9917308545816971,0.9931442733027642,0.991614892565959,0.992466948846361,0.9944249386654498,0.9910244967890387,0.9872060523732115,0.9540823474408061,0.8490982252321552,0.8238800067098319,0.7594530591913993,0.6195691638149134,0.9158502321729165
0.145,5.077915968188154,0.8356706065982147,0.9823441059157872,0.9969011337330432,0.9994603335410676,0.9919323796562687,0.9933197172797243,0.9918234388552304,0.9926583500585213,0.9945742953035291,0.9912431568516059,0.9874959012213577,0.9548384237725377,0.8507351311262064,0.825701750171006,0.7615303860911958,0.6217109444827442,0.9166199337149629
0.146,5.102269313198888,0.8373202263142882,0.9827151745025099,0.9969905855527822,0.9994802644673823,0.9921280750540493,0.9934898670402347,0.9920258430179866,0.9928440160183934,0.9947189737992672,0.9914554987217802,0.9877778597847388,0.955578542568358,0.8523468099293241,0.827496531547258,0.7635807998614252,0.6238313951596897,0.9173773188646444
0.147,5.126521256356697,0.8389457576026665,0.9830767175229861,0.9970770624664692,0.9994993742646457,0.9923181353247834,0.9936549060107436,0.9922223132557283,0.993024143931281,0.9948591413009108,0.9916617327688767,0.9880521777553657,0.9563031107648517,0.853933750493432,0.8292648497033034,0.7656047403893318,0.6259308013073563,0.9181226645058462
0.148,5.1506724296675905,0.840547649482358,0.9834290223900408,0.9971606761077538,0.9995177001667342,0.9925027476508639,0.9938150104365182,0.9924130497835465,0.9931989233472891,0.9949949582452817,0.9918620614256768,0.9883190958106554,0.9570125231263289,0.8554964303701027,0.8310071926385096,0.7676026391250398,0.6280094436052326,0.9188562394669745
0.149,5.174723459896338,0.84212634081408,0.983772366541438,0.997241533443895,0.9995352775661377,0.9926820921605524,0.9939703496959877,0.9925982451729447,0.9933685364932174,0.9951265786576241,0.9920566795240252,0.9885788459802716,0.9577071626642275,0.8570353161126554,0.8327240377547689,0.7695749192623781,0.6300675980486384,0.9195783048087769
0.15,5.19867496862069,0.8436822605719345,0.9841070178324738,0.9973197369912412,0.9995521401126488,0.9928563422263643,0.9941210865998208,0.9927780846783257,0.9935331585885061,0.9952541504366513,0.9922457746146437,0.9888316519962835,0.9583874010400787,0.8585508635690922,0.8344158521171138,0.7715219959155417,0.6321055360441983,0.9202891140999876
0.151,5.222527572284928,0.845215828106618,0.9844332349112326,0.9973953850197822,0.999568319806345,0.9930256647493957,0.9942673776755551,0.9929527465480027,0.9936929581460783,0.9953778156255966,0.9924295272719833,0.9890777296274849,0.9590535989527601,0.8600435181661849,0.8360830927072861,0.7734442762916951,0.6341235245029271,0.9209889136813989
0.152,5.246281882252748,0.8467274534004664,0.9847512675773592,0.9974685717473765,0.999583847085219,0.9931902204303249,0.9944093734385471,0.9931224023205416,0.9938480972588738,0.9954977106700201,0.9926081113848866,0.9893172869986663,0.9597061065107274,0.8615137151850123,0.8377262066704629,0.77534215985961,0.6361218259309941,0.9216779429189103
0.153,5.2699385048594936,0.8482175373146315,0.985061357125149,0.9975393875242249,0.9995987509077896,0.9933501640277811,0.9945472186499685,0.9932872171071992,0.9939987318728251,0.9956139666630855,0.992781694433791,0.9895505248955956,0.9603452635898796,0.8629618800282375,0.8393456315553388,0.777216038514435,0.6381006985182429,0.922356434446091
0.154,5.2934980414637485,0.8496864718286676,0.985363736671721,0.9976079190081271,0.9996130588310009,0.9935056446047298,0.9946810525625287,0.9934473498611757,0.9941450120469787,0.995726709578972,0.9929504377551618,0.9897776370564115,0.9609714001776828,0.8643884284794008,0.8409417955477575,0.7790662967386892,0.6400603962245366,0.9230246143967558
0.155,5.316961088498294,0.851134640272798,0.9856586314709938,0.9976742493310222,0.9996267970836988,0.9936568057634914,0.9948110091545693,0.9936029536343576,0.9942870822014316,0.9958360604950532,0.9931144967938027,0.9899988104501048,0.9615848367041455,0.8657937669544972,0.8425151176980773,0.780893311759566,0.642001168863994,0.9236827026280277
0.156,5.3403282375204375,0.8525624175531175,0.9859462592141457,0.9977384582572895,0.9996399906359553,0.9938037858699714,0.9949372173531355,0.993754175822196,0.994425081353708,0.9959421358034366,0.9932740213436598,0.9902142255427201,0.9621858843602108,0.8671782927460961,0.8440660081424536,0.7826974537026403,0.6439232621871808,0.924330912934334
0.157,5.363600075261728,0.8539701703699818,0.9862268303172079,0.9978006223342513,0.9996526632644929,0.9939467182676514,0.9950598012465942,0.9939011583973189,0.9945591433441706,0.9960450474124207,0.9934291557776965,0.9904240565518774,0.9627748454041034,0.8685423942602493,0.84559486831821,0.7844790857420607,0.64582691796132,0.9249694532527655
0.158,5.38677718367707,0.855358257429819,0.9865005481964009,0.9978608150353021,0.9996648376144427,0.9940857314818546,0.9951788802873424,0.994044038132452,0.994689397051026,0.9961449029383987,0.9935800392673869,0.9906284716901828,0.9633520134561442,0.869886451246425,0.8471020911734717,0.7862385642473118,0.6477123740485777,0.9255985258601944
0.159,5.4098601399932305,0.8567270296505913,0.9867676095317951,0.9979191068960542,0.9996765352576603,0.994220949414779,0.995294569485109,0.9941829468131858,0.9948159665954517,0.9962418058887045,0.9937268059923465,0.990827633398065,0.9639176737825204,0.8712108350207028,0.848588061371224,0.7879762389266279,0.6495798644824834,0.9262183275625386
0.16,5.432849516756757,0.8580768303611285,0.9870282045198466,0.9979755656438737,0.9996877767478021,0.9943524915317538,0.9954069795913345,0.9943180114410965,0.9949389715373446,0.99633585583587,0.9938695853405868,0.9910216985665457,0.9644721035684755,0.8725159086824427,0.8500531554879551,0.7896924529671382,0.6514296195425401,0.9268290498765281
0.161,5.455745881881322,0.8594079954945395,0.9872825171153274,0.9980302563211573,0.999698581672357,0.9944804730391599,0.995516217275079,0.9944493544277057,0.9950585270621616,0.9964271485837369,0.9940085020998575,0.9912108187504262,0.9650155721813638,0.8738020273246494,0.8514977422070401,0.7913875431718206,0.6532618658270756,0.9274308792043185
0.162,5.478549798694483,0.8607208537759088,0.9875307252631467,0.998083241402679,0.9997089687018148,0.9946050050544237,0.9956223852908888,0.9945770937797282,0.995174744159298,0.9965157763258385,0.9941436766405145,0.9913951403723475,0.9655483414239903,0.8750695382382322,0.8529221825070132,0.7930618400933397,0.6550768263243875,0.9280239970012774
0.163,5.5012618259838835,0.8620157269044689,0.98777300112053,0.9981345809073184,0.9997189556361379,0.9947261947684748,0.9957255826390236,0.9947013432760452,0.9952877297924254,0.996601827796447,0.994275225090325,0.9915748049181548,0.9660706657786406,0.87631878111036,0.8543268298448783,0.7947156681648441,0.6568747204822314,0.9286085799372481
0.164,5.523882518042897,0.8632929297304357,0.9880095112700046,0.9981843325044643,0.9997285594486983,0.9948441456010365,0.9958259047184289,0.9948222126368025,0.9953975870621864,0.9966853884146584,0.9944032595016034,0.9917499491239767,0.9665827926421837,0.8775500882171025,0.8557120303345929,0.7963493458277925,0.6586557642756958,0.9291848000515858
0.165,5.5464124247157205,0.8645527704266877,0.9882404169236091,0.9982325516153682,0.9997377963278253,0.9949589573490988,0.9959234434728131,0.994939807685024,0.9955044153616229,0.9967665404218657,0.9945278880110491,0.9919207051554099,0.9670849625526147,0.8787637846105417,0.8570781229208704,0.7979631856568845,0.660420170273516,0.929752824902243
0.166,5.568852091441924,0.8657955506554618,0.9884658741187331,0.9982792915097133,0.9997466817161053,0.9950707263289016,0.9960182875301713,0.9950542305011039,0.9956083105246958,0.9968453630129538,0.994649214992635,0.9920872007791739,0.9675774094073878,0.8799601883005312,0.8584254395484253,0.7995574944821582,0.6621681477028651,0.9303128177091677
0.167,5.591202059300467,0.8670215657302289,0.9886860339059635,0.9983246033976398,0.9997552303475628,0.9951795455117445,0.9961105223360794,0.9951655795705202,0.9957093649682307,0.9969219324615287,0.9947673412038821,0.9922495595275904,0.9680603606738737,0.881139610431273,0.8597543053267978,0.8011325735083263,0.6638999025126693,0.9308649374922651
0.168,5.613462865053193,0.8682311047729128,0.9889010425293029,0.998368536517464,0.9997634562828459,0.9952855046539156,0.9962002302810637,0.9952739499250995,0.9958076678276122,0.99699632223948,0.9948823639258331,0.9924079008562147,0.9685340375922584,0.8823023554528787,0.8610650386908755,0.8026887184314156,0.665615637435482,0.9314093392041578
0.169,5.635635041187792,0.8694244508666037,0.9891110415991006,0.9984111382193076,0.999771372942532,0.9953886904210241,0.9962874908223355,0.9953794332781407,0.9959033050865256,0.9970686031311544,0.9949943770970253,0.9925623402949368,0.9689986553711903,0.8834487212880741,0.8623579515572406,0.8042262195527715,0.6673155520479659,0.9319461738579763
0.17,5.657719115960266,0.8706018812039138,0.9893161682580259,0.9984524540448465,0.9997789931386584,0.9954891865069975,0.9963723806001635,0.9954821181536915,0.9959963597010356,0.9971388433424097,0.995103471441746,0.9927129895928514,0.9694544233764648,0.884578999494199,0.8636333494764553,0.805745361890494,0.668999842830012,0.9324755886503888
0.171,5.679715613436882,0.8717636672311204,0.9895165553403918,0.9984925278033756,0.9997863291045824,0.9955870737480007,0.9964549735491464,0.995582090010256,0.9960869117182715,0.9972071086047968,0.9952097345928369,0.9928599568571778,0.9699015453130246,0.8856934754206531,0.8648915317814012,0.8072464252883608,0.6706687032225382,0.9329977270800784
0.172,5.70162505353562,0.8729100747882297,0.9897123315251264,0.9985314016443727,0.999793392523265,0.9956824302315123,0.9965353410046263,0.9956794313591961,0.996175038389976,0.9972734622751112,0.9953132512093054,0.9930033466865046,0.9703402194005417,0.886792428361928,0.8661327917317831,0.808729684522303,0.672322323684002,0.9335127290618613
0.173,5.72344795206715,0.8740413642450953,0.9899036214826705,0.998569116126739,0.9998001945540659,0.9957753314007862,0.9966135518044811,0.9957742218780777,0.9962608142811632,0.9973379654305364,0.9954141030889823,0.9931432602986099,0.9707706385428342,0.887876131706367,0.8673574166549066,0.8101954094044858,0.6739608917456592,0.9340207310366304
0.174,5.745184820775296,0.8751577906337202,0.9900905460160717,0.9986057102848815,0.9998067458581348,0.9958658501549144,0.9966896723865115,0.995866538519198,0.9963443113741137,0.9974006769595942,0.9955123692764556,0.9932797956531053,0.9711929904913609,0.888944853080783,0.8685656880828303,0.8116438648850558,0.6755845920656072,0.9345218660773028
0.175,5.76683616737705,0.8762596037768606,0.9902732221965269,0.9986412216917927,0.9998130566224792,0.9959540569446921,0.9967637668816357,0.9959564556135191,0.99642559916793,0.9974616536491037,0.9956081261664999,0.9934130475691321,0.9716074580030257,0.8899988544910636,0.8697578818859963,0.8130753111516051,0.6771936064816395,0.935016263990933
0.176,5.788402495602094,0.8773470484130532,0.9904517634936156,0.9986756865192777,0.9998191365827798,0.996040019864483,0.9968358972030872,0.9960440449702211,0.9965047447738568,0.9975209502673403,0.9957014476032048,0.993543107838332,0.9720142189925134,0.89103839245889,0.8709342684034368,0.8144900037264119,0.6787881140629465,0.9355040514171622
0.177,5.809884305231876,0.8784203643181777,0.9906262799004553,0.9987091395954684,0.9998249950450255,0.9961238047402653,0.9969061231318044,0.9961293759720786,0.9965818130065652,0.9975786196435763,0.9957924049750035,0.9936700653333012,0.9724134466793696,0.8920637181546865,0.8720951125696509,0.8158881935615048,0.680368291160692,0.9359853519231449
0.178,5.831282092138201,0.8794797864236662,0.9907968780539977,0.9987416144597568,0.9998306409060324,0.9962054752140345,0.9969745023981919,0.9962125156668504,0.9966568664715886,0.9976347127441751,0.9958810673057829,0.9937940061117259,0.9728053097300273,0.8930750775269192,0.8732406740382461,0.8172701271316065,0.6819343114574936,0.9364602860951046
0.179,5.8525963483214065,0.880525544931462,0.990963661350675,0.9987731434152756,0.9998360826729089,0.9962850928247285,0.9970410907604195,0.9962935288548682,0.996729965649086,0.9976892787454031,0.9959675013422569,0.9939150135163914,0.9731899723949756,0.8940727114278533,0.8743712073024312,0.8186360465250033,0.6834863460158365,0.9369289716266547
0.18,5.873827561948053,0.8815578654258321,0.9911267300575948,0.9988037575790416,0.999841328481525,0.9963627170858335,0.9971059420794236,0.9963724781729955,0.9968011689741046,0.9977423651031119,0.9960517716377693,0.9940331682712433,0.9735675946412552,0.8950568557358802,0.8754869618124516,0.8199861895323932,0.6850245633254474,0.9373915234040173
0.181,5.894976217388205,0.882576968982133,0.9912861814194741,0.9988334869298798,0.9998463861140395,0.9964384055598186,0.9971691083907593,0.9964494241751225,0.9968705329134991,0.9977940176194399,0.9961339406326863,0.9941485485736726,0.9739383322804598,0.8960277414745165,0.8765881820900463,0.8213207897337571,0.6865491293496555,0.9378480535882662
0.182,5.916042795252264,0.8835830722726197,0.9914421097614933,0.9988623603542296,0.9998512630155377,0.9965122139295444,0.9972306399734513,0.9965244254093553,0.9969381120396626,0.9978442805066721,0.9962140687315334,0.9942612301831898,0.9743023370924138,0.8969855949281762,0.8776751078400155,0.822640076583302,0.6880602075707664,0.938298671694711
0.183,5.937027772427372,0.8845763876693942,0.9915946065882411,0.9988904056899397,0.9998559663098273,0.9965841960667778,0.997290585415979,0.9965975384920441,0.9970039591012119,0.9978931964483893,0.996292214377017,0.9943712865066432,0.9746597569446905,0.8979306377548157,0.8787479740589706,0.8239442754925195,0.689557959034474,0.9387434846695417
0.184,5.957931622113403,0.8855571233445806,0.9917437606789171,0.9989176497681442,0.999860502814438,0.9966544040979445,0.9973489916795282,0.9966688181787984,0.9970681250907668,0.9979408066580331,0.9963684341210746,0.9944787886801291,0.9750107359081254,0.8988630870955425,0.879807011141351,0.8252336079114067,0.691042542393334,0.9391825969638395
0.185,5.978754813858521,0.8865254833678095,0.9918896581789466,0.9989441184533131,0.9998648790548677,0.9967228884672397,0.9974059041586311,0.9967383174326168,0.9971306593099529,0.9979871509350069,0.9964427826930795,0.9945838056477363,0.9753554143684765,0.899783155681283,0.8808524449827773,0.8265082914078911,0.6925141139493228,0.9396161106050605
0.186,5.999497813594353,0.8874816678010966,0.992032382688158,0.9989698366815624,0.9998691012781175,0.9967896979972154,0.9974613667393161,0.9968060874892668,0.9971916094317528,0.9980322677184232,0.9965153130653286,0.9946864042372596,0.9756939291343752,0.9006910519365929,0.8818844970808166,0.8277685397454997,0.6939728276955041,0.9400441252660878
0.187,6.0201610836707244,0.8884258727911956,0.9921720153456671,0.9989948284973074,0.9998731754655502,0.9968548799469533,0.9975154218548762,0.9968721779200305,0.9972510215603237,0.9980761941386094,0.9965860765159292,0.994786649233011,0.9760264135417048,0.9015869800807008,0.8829033846332304,0.8290145629593204,0.6954188353568277,0.9404667383319572
0.188,6.040745082890026,0.8893582906594975,0.992308634911601,0.9990191170883359,0.999877107345112,0.9969184800679308,0.9975681105393644,0.9969366366919359,0.9973089402883958,0.9981189660664689,0.9966551226892011,0.9948846034458503,0.9763529975545387,0.902471140225862,0.8839093206337725,0.8302465674302871,0.6968522864300772,0.9408840449643329
0.189,6.061250266541162,0.8902791099895555,0.9924423178457957,0.9990427248193752,0.9998809024029484,0.9969805426576797,0.9976194724789184,0.9969995102255834,0.9973654087523554,0.9981606181608,0.9967224996536989,0.9949803277805537,0.9766738078627667,0.9033437284731056,0.8849025139656045,0.8314647559578341,0.6982733282229936,0.9412961381638336
0.19,6.081677086433122,0.8911885157123047,0.9925731383835875,0.9990656732642236,0.9998845658944481,0.9970411106113324,0.9976695460610079,0.997060843450672,0.9974204686851184,0.9982011839136614,0.9967882539579601,0.9950738813006298,0.9769889679765288,0.9042049370054531,0.885883169492393,0.8326693278309572,0.6996821058925874,0.9417031088302857
0.191,6.102025990928163,0.892086689189045,0.9927011686088204,0.9990879832365132,0.9998881028547449,0.9971002254711497,0.997718368421701,0.9971206798593268,0.9974741604668886,0.9982406956938729,0.9968524306840739,0.9951653212906917,0.9772985983175747,0.905054954178678,0.8868514881471524,0.8338604788977148,0.7010787624826667,0.9421050458209825
0.192,6.1222974249746205,0.892973808292254,0.9928264785241805,0.9991096748191667,0.9998915181087052,0.9971579274741142,0.9977659754910336,0.9971790615573215,0.9975265231738948,0.9982791847887368,0.9969150734991671,0.9952547033164848,0.9776028163076599,0.9058939646096844,0.8878076670188921,0.835038401633212,0.702463438960595,0.9425020360070299
0.193,6.142491830139329,0.8938500474842982,0.9929491361189655,0.999130767392609,0.9998948162804283,0.9972142555976734,0.9978124020365654,0.997236029313288,0.9975775946251934,0.9983166814440567,0.9969762247048926,0.9953420812826687,0.9779017364540864,0.9067221492625714,0.8887518994371304,0.8362032852060975,0.7038362742532993,0.9428941643278466
0.194,6.162609644639698,0.8947155778940973,0.993069207434395,0.9991512796617894,0.9998980018022862,0.9972692476037117,0.997857681705204,0.9972916226060005,0.9976274114276222,0.9983532149025317,0.9970359252850092,0.9954275074884441,0.9781954704324912,0.9075396855324503,0.8896843750543293,0.8373553155436114,0.705197405282544,0.9432815138438919
0.195,6.182651303375396,0.8955705673918094,0.9931867566265563,0.9991712296820714,0.9999010789235245,0.9973229400808261,0.9979018470633698,0.997345879669814,0.9976760090189842,0.9983888134405962,0.9970942149511303,0.9955110326811158,0.9784841271669801,0.9083467473270823,0.8906052799263087,0.8384946753952167,0.7065469669994938,0.943664165787687
0.196,6.202617237959699,0.8964151806615915,0.993301846027085,0.999190634884038,0.9999040517184501,0.9973753684849777,0.9979449296355765,0.9973988375383394,0.9977234217095372,0.9984235044037754,0.99715113218672,0.9955927061076729,0.9787678129077039,0.9091435051463982,0.8915147965906927,0.8396215443948472,0.7078850924185744,0.9440421996131908
0.197,6.2225078767504725,0.8972495792724915,0.9934145362016668,0.9992095120972654,0.9999069240942232,0.9974265671785869,0.9979869599414921,0.9974505320864268,0.9977696827218628,0.9984573142406208,0.9972067142894107,0.995672575564469,0.9790466313059669,0.9099301261599622,0.8924131041434413,0.8407360991218055,0.7092119126506559,0.944415693043597
0.198,6.242323644880804,0.8980739217475269,0.9935248860064483,0.9992278775731087,0.9999096997982785,0.997476569468139,0.9980279675315494,0.9975009980705317,0.9978148242291839,0.998490268535288,0.9972609974117107,0.9957506874450792,0.9793206834869558,0.910706774282439,0.8933003783135188,0.8418385131603412,0.7105275569355669,0.9447847221176061
0.199,6.262064964289293,0.8988883636310041,0.9936329526424406,0.9992457470065466,0.99991238242539,0.9975254076403608,0.9980679810211662,0.9975502691675304,0.9978588773921957,0.9985223920388163,0.9973140166001715,0.9958270867864075,0.9795900681201722,0.9114736102471209,0.8941767915357479,0.8429289571579404,0.7118321526739623,0.9451493612342304
0.2,6.28173225375,0.8996930575541263,0.993738791707992,0.9992631355571243,0.9999149754244019,0.9975731129970282,0.9981070281236342,0.9975983780120501,0.9979018723944747,0.9985537086991663,0.9973658058330759,0.9959018173131132,0.9798548814876518,0.9122307916775724,0.895042513021898,0.8440075988823568,0.7131258254585539,0.945509683196185
0.201,6.30132592890206,0.9004881532989426,0.9938424572494076,0.999280057869039,0.9999174821046385,0.9976197158884633,0.9981451356817347,0.9976453562323766,0.9979438384765247,0.998584241690069,0.9974163980567097,0.9959749214804271,0.9801152175500449,0.9129784731574432,0.8958977088300553,0.845074603277413,0.7144086991047223,0.945865759251918
0.202,6.320846402278955,0.9012737978606826,0.9939440018097879,0.9992965280904008,0.999919905642013,0.9976652457457724,0.9981823296981344,0.9976912344849986,0.9979848039685167,0.9986140134387388,0.9974658252202749,0.996046440515418,0.980371168010637,0.9137168062985047,0.8967425419323198,0.8461301325176027,0.715680895680523,0.9462176591363277
0.203,6.3402940833374775,0.9020501355085256,0.9940434764761544,0.999312559891712,0.9999222490848477,0.9977097311118783,0.9982186353646113,0.9977360424878443,0.9980247963217798,0.9986430456524966,0.997514118309501,0.9961164144567748,0.9806228223773757,0.9144459398069593,0.8975771722808725,0.8471743460615171,0.7169425355361003,0.9465654511102143
0.204,6.359669378486353,0.902817307844848,0.9941409309249295,0.9993281664835926,0.999924515359422,0.9977531996713974,0.9982540770901634,0.9977798090522663,0.9980638421390908,0.9986713593443539,0.9975613073790051,0.9961848821931588,0.9808702680229798,0.9151660195480706,0.8984017568724579,0.8482074007041284,0.7181937373325238,0.9469092019985125
0.205,6.378972691114551,0.9035754538629903,0.9942364134658344,0.9993433606337907,0.99992670727526,0.9977956782794055,0.9982886785280425,0.9978225621138245,0.9981019672038186,0.9986989748575967,0.9976074215834547,0.9962518815001871,0.9811135902431903,0.9158771886091632,0.8992164498113214,0.8492294506279522,0.7194346180700588,0.9472489772273476
0.206,6.398204421619283,0.9043247100035894,0.9943299710842648,0.999358154683506,0.9999288275301733,0.9978371929891414,0.9983224626017618,0.9978643287619178,0.9981391965079643,0.9987259118894168,0.9976524892075808,0.9963174490760972,0.9813528723132325,0.9165795873610376,0.9000214023706432,0.8502406474531179,0.7206652931158869,0.9475848408599574
0.207,6.417364967433683,0.9050652102095124,0.994421649482204,0.9993725605630575,0.9999308787150686,0.9978777690786881,0.9983554515301176,0.9979051352683106,0.9981755542791476,0.9987521895136279,0.997696537695085,0.9963816205761464,0.9815881955425466,0.9172733535178441,0.9008167630525089,0.8512411402863698,0.7218858762312836,0.9479168556315206
0.208,6.4364547230541875,0.9057970859794349,0.9945114931177276,0.9993865898069237,0.9999328633185326,0.9979174310766753,0.998387666851267,0.9979450071146005,0.99821106400658,0.9987778262025052,0.9977395936764913,0.9964444306457951,0.9818196393278492,0.9179586221954604,0.9016026776464531,0.8522310757690259,0.723096479598272,0.948245082982927
0.209,6.455474080067609,0.9065204664200988,0.9945995452431542,0.9994002535681832,0.9999347837312066,0.997956202787041,0.9984191294459003,0.9979839690186687,0.9982457484660676,0.9988028398477873,0.997781682995977,0.9965059129527201,0.9820472812045802,0.9186355259684127,0.9023792892866154,0.8532105981239159,0.724297213845758,0.9485695830935348
0.21,6.474423427177914,0.9072354782972887,0.9946858479418939,0.9994135626323799,0.9999366422499593,0.9979941073128907,0.9984498595595445,0.998022044960155,0.9982796297440828,0.9988272477808721,0.9978228307372312,0.9965661002177053,0.9822711968967903,0.9193041949253816,0.9031467385075436,0.8541798492013251,0.7254881880751631,0.9488904149129369
0.211,6.493303150232701,0.9079422460855608,0.994770442164042,0.9994265274308399,0.9999384410818685,0.9980311670794897,0.998479876824035,0.9980592582049973,0.9983127292609423,0.998851066792244,0.9978630612483734,0.9966250242444509,0.9824914603655235,0.9199647567233336,0.9039051632986799,0.8551389685239639,0.7266695098855651,0.9492076361917854
0.212,6.512113632249388,0.9086408920167599,0.9948533677607673,0.9994391580534618,0.9999401823480211,0.9980674038564238,0.9985092002781887,0.9980956313290721,0.9983450677931279,0.9988743131501621,0.9979023981659738,0.9966827159483441,0.982708143855742,0.9206173366403133,0.9046546991575639,0.8560880933309869,0.7278412853983538,0.9495213035116954
0.213,6.530855253441123,0.9093315361273574,0.9949346635175371,0.9994514642610037,0.9999418680871404,0.9981028387789599,0.9985378483877095,0.9981311862409722,0.9983766654947857,0.9988970026186395,0.9979408644382082,0.9967392053842306,0.9829213179418462,0.9212620576269352,0.9053954791417855,0.8570273586210834,0.7290036192814189,0.9498314723142662
0.214,6.549528391242388,0.9100142963046433,0.9950143671862257,0.9994634554968885,0.9999435002590488,0.9981374923686408,0.9985658390643606,0.9981659442039575,0.9984075419184347,0.9989191504747451,0.9979784823471823,0.9967945217732243,0.9831310515718333,0.9218990403566119,0.9061276339197214,0.8579568971946596,0.7301566147728753,0.9501381969292474
0.215,6.568133420334346,0.9106892883318028,0.9950925155161447,0.9994751408985477,0.9999450807479736,0.9981713845531403,0.9985931896844289,0.998199925857109,0.9984377160349183,0.9989407715252545,0.9980152735304597,0.9968486935285938,0.9833374121101423,0.9225284032745491,0.9068512918200844,0.8588768396951353,0.7313003737043389,0.9504415306018794
0.216,6.586670712669903,0.9113566259319094,0.9951691442840378,0.9994865293083224,0.9999466113657046,0.9982045346854114,0.9986199171065151,0.9982331512357201,0.998467206252628,0.9989618801226754,0.9980512590018206,0.9969017482807582,0.9835404653792271,0.9231502626455472,0.9075665788803179,0.8597873146493727,0.7324349965237598,0.9507415255194371
0.217,6.605140637498486,0.912016420810861,0.9952442883230754,0.9994976292839426,0.9999480938546094,0.9982369615621536,0.9986460376886706,0.9982656397909538,0.9984960304360285,0.9989824901806761,0.9980864591712862,0.9969537129014266,0.9837402756999021,0.9237647326006362,0.9082736188938639,0.8606884485072583,0.7335605823178262,0.951038232837003
0.218,6.623543561390568,0.9126687826992919,0.9953179815508885,0.9995084491085993,0.9999495298905134,0.998268683441625,0.9986715673049126,0.9982974104087958,0.9985242059235128,0.9990026151889382,0.9981208938644337,0.9970046135269155,0.9839369059304971,0.9243719251825789,0.9089725334563347,0.8615803656804581,0.7346772288339446,0.9513317027024938
0.219,6.641879848261919,0.9133138193934847,0.9953902569966748,0.9995189968006296,0.9999509210854529,0.9982997180608264,0.9986965213611391,0.9983284814283296,0.9985517495446107,0.999022268227459,0.9981545823410297,0.9970544755806715,0.984130417504865,0.924971950390274,0.9096634420106147,0.8624631885803646,0.7357850325018105,0.9516219842809722
0.22,6.660149859397591,0.9139516367953116,0.9954611468274129,0.9995292801228283,0.999952268990303,0.9983300826520801,0.9987209148104677,0.9983588706593614,0.9985786776365813,0.9990414619803248,0.9981875433130115,0.9971033237950313,0.9843208704692759,0.9255649162220844,0.9103464618909214,0.8633370376552505,0.7368840884545707,0.9519091257782565
0.221,6.678353953475646,0.9145823389512286,0.9955306823732145,0.9995393065914032,0.9999535750972923,0.9983597939590276,0.9987447621680227,0.9983885953994193,0.9986050060604081,0.9990602087489765,0.9982197949618358,0.997151182232247,0.9845083235182361,0.9261509287181249,0.9110217083658512,0.8642020314266543,0.7379744905495947,0.9521931744638621
0.222,6.696492486590636,0.9152060280903515,0.9955988941518484,0.9995490834845887,0.9999548408424038,0.9983888682520686,0.9987680775251903,0.9984176724501519,0.998630750216225,0.9990785204649884,0.9982513549552247,0.9971980743048031,0.9846928340292669,0.9267300920015338,0.9116892946804341,0.8650582865250072,0.7390563313888581,0.95247417669329
0.223,6.714565812276813,0.9158228046616339,0.9956658118924645,0.9995586178509313,0.9999560676076716,0.9984173213432614,0.9987908745633638,0.9984461181331482,0.9986559250581908,0.9990964087023785,0.9982822404633277,0.9972440227950526,0.9848744580966748,0.9273025083187565,0.9123493320972274,0.8659059177245239,0.7401297023389457,0.9527521779296884
0.224,6.732574281531101,0.916432767370175,0.9957314645585468,0.99956791651726,0.999957256723376,0.9984451686007072,0.9988131665671983,0.9984739483052023,0.9986805451088376,0.9991138846894709,0.9983124681743247,0.9972890498741962,0.9850532505643489,0.9278682780788684,0.9130019299364657,0.8667450379773725,0.7411946935506886,0.9530272227649014
0.225,6.750518242835821,0.9170360132126777,0.9957958803701239,0.9995769860963568,0.999958409470143,0.9984724249624359,0.9988349664373948,0.9985011783730441,0.9987046244729112,0.9991309593203256,0.9983420543094894,0.9973331771206284,0.9852292650576131,0.9284274998919617,0.9136471956152974,0.8675757584471386,0.7422513939784339,0.953299354939934
0.226,6.768398042181169,0.917632637512081,0.9958590868252621,0.9995858329943371,0.9999595270809524,0.9984991049498138,0.9988562867030298,0.9985278233075545,0.9987281768507236,0.999147643165755,0.9983710146377341,0.9973764255376765,0.985402554014167,0.928980270606621,0.9142852346861275,0.8683981885416008,0.7432998913989639,0.9535686173648439
0.227,6.786214023087449,0.9182227339513869,0.9959211107208681,0.9995944634177524,0.9999606107430574,0.9985252226804903,0.9988771395334518,0.9985538976574887,0.9987512155510364,0.9991639464839421,0.9983993644896562,0.9974188155707497,0.9855731687141416,0.929526685346513,0.9149161508740887,0.8692124359448327,0.7443402724300665,0.9538350521380812
0.228,6.803966526627079,0.9188063946067041,0.9959819781728243,0.9996028833804282,0.9999616615998226,0.9985507918809013,0.9988975367497565,0.9985794155627215,0.9987737535034934,0.9991798792306764,0.9984271187711029,0.9974603671239246,0.985741159309299,0.9300668375461112,0.9155400461136646,0.8700186066486457,0.7453726225487638,0.9540987005652971
0.229,6.821655891446355,0.91938370997953,0.9960417146354814,0.9996110987100455,0.9999626807524816,0.9985758258983461,0.9989174898358616,0.9986043907670364,0.9987958032706187,0.9991954510692227,0.9984542919762754,0.9975010995759841,0.9859065748514048,0.9306008189855821,0.9161570205844853,0.8708168049833899,0.7463970261092117,0.9543596031776338
0.23,6.839282453786983,0.9199547690282865,0.9961003449205308,0.999619115054478,0.9999636692618188,0.998600337712653,0.9989370099491933,0.9986288366304746,0.9988173770593981,0.9992106713798372,0.9984808982003865,0.9975410317959318,0.986069463319796,0.9311287198248516,0.9167671727463157,0.8716071336481237,0.7474135663602697,0.9546177997495147
0.231,6.856846547507384,0.9205196591991359,0.9961578932152774,0.9996269378878943,0.9999646281497797,0.9986243399474494,0.9989561079310004,0.9986527661412591,0.9988384867324587,0.9992255492689435,0.9985069511518899,0.997580182157998,0.9862298716481728,0.9316506286368744,0.9173705993732566,0.8723896937401697,0.7484223254627554,0.9548733293159494
0.232,6.874348504103774,0.921078466456089,0.9962143831003357,0.9996345725166337,0.9999655584010114,0.9986478448810515,0.9989747943163105,0.9986761919273113,0.9988591438188615,0.9992400935779832,0.9985324641642965,0.9976185685561594,0.9863878457506374,0.9321666324401279,0.9179673955871798,0.8731645847840686,0.7494233845063838,0.9551262301893704
0.233,6.891788652731019,0.9216312753104268,0.9962698375667673,0.9996420240848664,0.9999664609643386,0.9986708644569866,0.9989930793435419,0.998699126267376,0.9988793595245238,0.9992543128919533,0.9985574502075942,0.9976562084181851,0.9865434305470031,0.9326768167303493,0.9185576548904133,0.8739319047599446,0.750416823526401,0.9553765399760148
0.234,6.9091673202232675,0.9221781688494542,0.9963242790326807,0.9996492975800451,0.9999673367541748,0.9986934102941627,0.9990109729637819,0.9987215811017671,0.9988991447422819,0.9992682155476416,0.998581921899283,0.9976931187192304,0.9866966699873962,0.933181265511537,0.9191414691976981,0.874691750131297,0.7514027215199208,0.955624295591865
0.235,6.92648483111437,0.9227192287646009,0.9963777293593113,0.9996563978381569,0.999968186651876,0.9987154936966969,0.9990284848497493,0.9987435680427498,0.9989185100616105,0.9992818096415721,0.9986058915150429,0.9977293159949907,0.9868476070761749,0.9336800613262345,0.9197189288674326,0.8754442158722284,0.7523811564619636,0.9558695332781653
0.236,6.94374150765808,0.9232545353788866,0.9964302098665995,0.9996633295487837,0.9999690115070357,0.9987371256634168,0.9990456244044461,0.9987650983845715,0.9989374657780102,0.9992951030376724,0.9986293709990447,0.997764816354434,0.9869962838951823,0.9341732852851153,0.9202901227322222,0.8761893954941233,0.753352205321212,0.95611228861652
0.237,6.960937669848042,0.9237841676737688,0.9964817413482839,0.9996700972599782,0.9999698121387248,0.9987583168970451,0.9990624007695159,0.9987861831131571,0.998956021902076,0.9993081033746728,0.9986523719739202,0.9977996354921245,0.9871427416263586,0.9346610170958882,0.9208551381287537,0.8769273810717912,0.7543159440754831,0.9563525965435965
0.238,6.978073635437574,0.924308203315385,0.9965323440865282,0.9996767053829633,0.999970589336682,0.9987790778130808,0.9990788228333167,0.9988068329154767,0.9989741881682578,0.9993208180732469,0.9986749057504,0.9978337887001525,0.9872870205737283,0.9351433350915376,0.9214140609270071,0.8776582632690797,0.755272447726923,0.9565904913654375
0.239,6.995149719959231,0.9248267186802092,0.9965820378660938,0.9996831581966605,0.9999713438624507,0.9987994185483863,0.9990948992387199,0.9988270581886008,0.9989919740433251,0.9993332543429048,0.998696983336635,0.9978672908796862,0.9874291601847845,0.9356203162579193,0.9219669755588238,0.8783821313639787,0.7562217903169363,0.9568260067713947
0.24,7.012166236744187,0.9253397888801332,0.9966308419880779,0.9996894598520563,0.9999720764504715,0.9988193489694909,0.9991106383906445,0.9988468690484551,0.999009388734547,0.999345419188647,0.9987186154472109,0.9979001565521546,0.9875691990712866,0.9360920362607261,0.922513965045847,0.8790990732732173,0.757164044940845,0.9570591758477007
0.241,7.029123496941381,0.9258474877869913,0.9966787752832286,0.9996956143764105,0.9999727878091276,0.9988388786806236,0.9991260484633384,0.9988662753382815,0.9990264411975972,0.9993573194173894,0.9987398125118656,0.9979323998700784,0.9877071750294906,0.9365585694718392,0.9230551110268475,0.8798091755763732,0.7580992837622927,0.9572900310906858
0.242,7.0460218095365015,0.9263498880565378,0.9967258561248531,0.9997016256773147,0.999973478621747,0.9988580170314812,0.999141137407414,0.9988852866368217,0.9990431401441937,0.9993689616441653,0.9987605846839236,0.9979640346275587,0.9878431250598281,0.9370199889950823,0.9235904937844512,0.880512523539496,0.7590275780273916,0.9575186044196502
0.243,7.062861481370734,0.9268470611518965,0.9967721024413321,0.9997074975466043,0.9999741495475638,0.9988767731247442,0.9991559129566476,0.9989039122662284,0.9990594940494847,0.9993803522981172,0.9987809418484541,0.9979950742704358,0.9879770853860528,0.937476366691393,0.9241201922712846,0.8812092011382666,0.7599489980786228,0.9577449271894052
0.244,7.079642817159354,0.9273390773664892,0.9968175317282528,0.9997132336641326,0.9999748012226393,0.9988951558233469,0.9991703826345526,0.9989221612997176,0.999075511159188,0.9993914976282812,0.9988008936301642,0.9980255319061302,0.9881090914738675,0.9379277732034247,0.9246442841355471,0.88189929108069,0.760863613368491,0.9579690302024899
0.245,7.096366119510087,0.9278260058464627,0.9968621610601763,0.99971883760141,0.9999754342607449,0.9989131737575133,0.9991845537607327,0.998940042568968,0.9990911994964939,0.9994024037091753,0.9988204494010369,0.9980554203131757,0.9882391780490493,0.9383742779795972,0.9251628457460316,0.8825828748293439,0.7617714924729413,0.9581909437210753
0.246,7.113031688941313,0.9283079146126199,0.9969060071020462,0.9997243128251148,0.9999760492542101,0.9989308353315648,0.9991984334570243,0.9989575646712807,0.9991065668687398,0.9994130764461985,0.9988396182877215,0.9980847519504562,0.9883673791150881,0.9388159492976045,0.9256759522165977,0.8832600326231821,0.7626727031045397,0.9584106974785631
0.247,7.129639823900058,0.9287848705818749,0.996949086120257,0.9997296627004788,0.9999766467747343,0.9989481487305081,0.9992120286534364,0.9989747359765032,0.9991216208738648,0.9994235215808444,0.9988584091786873,0.9981135389661544,0.9884937279703522,0.9392528542873996,0.9261836774301201,0.8839308434989119,0.7635673121254285,0.9586283206908914
0.248,7.146190820779818,0.9292569395882352,0.9969914139933872,0.9997348904945561,0.9999772273741661,0.9989651219264123,0.9992253460938929,0.9989915646337294,0.9991363689066521,0.9994337446957414,0.9988768307311466,0.9981417932064253,0.9886182572247942,0.9396850589536624,0.9266860940619163,0.8845953853119457,0.7644553855600491,0.9588438420675522
0.249,7.1626849739381795,0.9297241864033315,0.9970330062226133,0.9997399993793746,0.9999777915852514,0.9989817626845815,0.9992383923417872,0.999008058577782,0.9991508181647674,0.9994437512195217,0.9988948913777567,0.9981695262238007,0.9887409988162141,0.9401126281977711,0.9271832736026722,0.8852537347569446,0.7653369886076529,0.9590572898223321
0.25,7.1791225757142865,0.9301866747564989,0.9970738779418113,0.9997449924349787,0.9999783399223503,0.9989980785695298,0.9992511737853539,0.9990242255354855,0.9991649756545988,0.9994535464315264,0.9989125993331073,0.998196749285336,0.988861984026088,0.9405356258392832,0.9276752863808739,0.8859059673879557,0.766212185654588,0.9592686916837808
0.251,7.195503916446093,0.9306444673544247,0.9971140439273599,0.9997498726523658,0.9999788728821258,0.999014076950767,0.9992636966428652,0.9990400730317375,0.9991788481969085,0.999463135466354,0.9989299626000032,0.9982234733805059,0.9889812434949801,0.9409541146369411,0.9281622015847605,0.8865521576381579,0.7670810402863801,0.9594780749054218
0.252,7.211829284487473,0.9310976259003726,0.99715351860765,0.9997546429363199,0.9999793909442044,0.9990297650084001,0.9992759669676573,0.9990556083953842,0.999192442432299,0.9994725233182571,0.9989469889755458,0.9982497092288605,0.9890988072375458,0.9413681563092152,0.9286440872838047,0.8871923788392182,0.7679436152996015,0.9596854662757027
0.253,7.228098966225128,0.9315462111129914,0.9971923160723157,0.9997593061081472,0.9999798945718097,0.9990451497385574,0.9992879906529943,0.9990708387649083,0.9992057648265038,0.9994817148453913,0.9989636860570236,0.9982754672874465,0.9892147046571422,0.9417778115543927,0.9291210104497384,0.8878267032402737,0.7687999727135382,0.9598908921277058
0.254,7.244313246095348,0.9319902827447226,0.9972304500811922,0.9997638649083183,0.9999803842123715,0.9990602379586423,0.9992997734367737,0.9990857710939353,0.9992188216755066,0.9994907147739254,0.9989800612476164,0.9983007577580034,0.9893289645600531,0.9421831400702256,0.9295930369771295,0.8884552020265423,0.7696501737816568,0.9600943783486102
0.255,7.260472406600567,0.9324298995998118,0.9972679340730098,0.9997683219990167,0.9999808602981101,0.999075036312421,0.9993113209060798,0.9991004121565639,0.9992316191104964,0.9994995277020131,0.9989961217619208,0.9983255905939415,0.9894416151693435,0.9425842005731493,0.9300602317035214,0.8890779453375721,0.7704942790028753,0.9602959503889285
0.256,7.276576728325794,0.9328651195519365,0.9973047811738347,0.9997726799666026,0.9999813232465975,0.9990895512749512,0.9993226385015913,0.9991147685525283,0.999244163102663,0.9995081581036362,0.9990118746313018,0.998349975507109,0.989552684138352,0.9429810508170792,0.9305226584291472,0.8896950022851373,0.7713323481326415,0.9604956332715108
0.257,7.292626489954828,0.9332959995614597,0.9973410042052616,0.9997769413239898,0.9999817734612957,0.9991037891573566,0.9993337315218461,0.9991288467121965,0.9992564594678394,0.9995166103323191,0.9990273267090778,0.9983739219743558,0.9896621985638325,0.9433737476117997,0.9309803799362272,0.8903064409707879,0.7721644401938257,0.9606934516003337
0.258,7.30862196828636,0.9337225956923151,0.9973766156923696,0.9997811085129432,0.9999822113320745,0.9991177561114524,0.9993446051273707,0.9991426529014101,0.9992685138709967,0.999524888624723,0.9990424846755437,0.9983974392438995,0.9897701849987558,0.9437623468409516,0.9314334580078593,0.8909123285030602,0.7729906134874227,0.9608894295690711
0.259,7.32456343824986,0.9341449631285376,0.9974116278714448,0.9997851839062968,0.999982637235709,0.9991314581342272,0.9993552643446768,0.9991561932261742,0.9992803318305952,0.9995329971041225,0.9990573550428381,0.9984205363415006,0.9898766694647793,0.9441469034796313,0.9318819534465126,0.891512731014356,0.773810925603081,0.9610835909694607
0.26,7.34045117292135,0.9345631561904421,0.997446052697482,0.9997891698100965,0.999983051536356,0.9991449010721866,0.9993657140701314,0.9991694736371973,0.9992919187227977,0.9995409397837677,0.9990719441596602,0.9984432220764545,0.9899816774643955,0.9445274716116072,0.9323259260921327,0.8921077136774965,0.7746254334294451,0.9612759591994651
0.261,7.3562854435389795,0.9349772283504646,0.9974799018514676,0.9997930684656708,0.9999834545860135,0.9991580906255608,0.9993759590737038,0.9991824999342919,0.9993032797855508,0.9995487205701387,0.9990862582158399,0.9984655050474038,0.9900852339927697,0.9449041044461678,0.9327654348398696,0.8926973407219604,0.7754341931643327,0.9614665572712395
0.262,7.372066519518479,0.935387232248668,0.9975131867474547,0.9997968820516314,0.999983846724961,0.9991710323523854,0.9993860040025934,0.9991952777706355,0.9993144201225357,0.9995563432660929,0.9991003032467686,0.9984873936479787,0.9901873635492723,0.9452768543346041,0.9332005376574333,0.8932816754498084,0.776237260324733,0.9616554078189076
0.263,7.387794668468418,0.9357932197079255,0.9975459185394341,0.9998006126858059,0.9999842282821838,0.9991837316724539,0.9993958533847443,0.9992078126569018,0.9993253447069964,0.9995638115739123,0.999114085137693,0.9985088960722701,0.9902880901487178,0.9456457727863408,0.9336312916020898,0.893860780251306,0.7770346897566427,0.9618425331061495
0.264,7.403470156205358,0.9361952417487852,0.9975781081280092,0.9998042624271057,0.9999845995757791,0.9991961938711511,0.9994055116322486,0.9992201099652608,0.9993360583854474,0.9995711290982511,0.9991276096278776,0.9985300203201423,0.9903874373323174,0.9460109104847216,0.9340577528373037,0.8944347166202465,0.7778265356447355,0.9620279550336136
0.265,7.419093246768802,0.9365933486040269,0.9976097661668805,0.9998078332773321,0.999984960913348,0.9992084241031693,0.9994149830446424,0.999232174933258,0.9993465658812651,0.9995782993489897,0.9991408823146409,0.9985507742023871,0.9904854281783527,0.9463723173024571,0.9344799766490351,0.8950035451689835,0.7786128515218703,0.9622116951461489
0.266,7.434664202436042,0.9369875897329151,0.9976409030691458,0.9998113271829208,0.9999853125923708,0.9992204273961102,0.9994242718120998,0.9992440126675723,0.9993568717981686,0.9995853257439966,0.9991539086572673,0.9985711653457296,0.9905820853125803,0.9467300423167438,0.9348980174617002,0.8955673256431765,0.779393690278441,0.962393774639869
0.267,7.450183283736814,0.9373780138351577,0.9976715290134222,0.9998147460366295,0.9999856549005698,0.9992322086539783,0.9994333820185266,0.9992556281476594,0.9993669806235903,0.9995922116118025,0.9991666939808016,0.998591201197685,0.9906774309183719,0.9470841338240636,0.9353119288538028,0.89612611693626,0.7801691041715721,0.9625742143690482
0.268,7.465650749467851,0.9377646688645761,0.9977016539497935,0.9998180916791685,0.9999859881162559,0.9992437726605691,0.9994423176445583,0.9992670262292831,0.9993768967319447,0.9995989601941886,0.9991792434797283,0.9986108890312747,0.9907714867466009,0.9474346393546679,0.9357217635732432,0.8966799771036346,0.7809391448341605,0.9627530348528585
0.269,7.48106685670725,0.9381476020424936,0.9977312876055922,0.9998213659007776,0.9999863125086637,0.9992551240827533,0.9994510825704642,0.9992782116479384,0.9993866243877941,0.999605574648694,0.9991915622215397,0.9986302359496059,0.9908642741252791,0.9477816056867563,0.9361275735523147,0.8972289633765941,0.7817038632837687,0.9629302562819465
0.27,7.496431860828731,0.9385268598708486,0.9977604394910169,0.9998245704427516,0.999986628338272,0.999266267473664,0.9994596805789627,0.9992891890221713,0.9993961677489177,0.9996120580510421,0.9992036551501963,0.9986492488903171,0.9909558139689536,0.9481250788603579,0.9365294099223901,0.8977731321759886,0.7824633099313716,0.9631058985248604
0.271,7.51174601551572,0.9389024881450401,0.997789118904594,0.9998277069989141,0.9999869358571147,0.999277207275787,0.9994681153579495,0.9992999628567972,0.9994055308692866,0.9996184133974912,0.9992155270894842,0.9986679346298961,0.9910461267878679,0.948465104190919,0.9369273230283113,0.898312539125631,0.7832175345899586,0.9632799811343252
0.272,7.527009572775332,0.9392745319665088,0.9978173349384852,0.9998307772170442,0.9999872353090768,0.9992879478239592,0.9994763905031416,0.9993105375460212,0.9994147177019473,0.9996246436071112,0.9992271827462718,0.998686299787872,0.991135232696895,0.9488017262826067,0.9373213624424827,0.8988472390654509,0.7839665864829943,0.9634525233533757
0.273,7.542222782952171,0.9396430357550637,0.9978450964836487,0.9998337827002555,0.9999875269301813,0.9992984933482773,0.9994845095206409,0.9993209173764651,0.9994237321018175,0.9996307515239885,0.9992386267136684,0.998704350830889,0.9912231514242499,0.9491349890413354,0.9377115769786802,0.8993772860644061,0.7847105142527429,0.9636235441213467
0.274,7.557385894742043,0.9400080432609569,0.9978724122348558,0.9998367250083313,0.9999878109488647,0.9993088479769197,0.9994924758294185,0.9993311065301033,0.999432577828396,0.999636739919362,0.9992498634740902,0.9987220940766606,0.9913099023199847,0.9494649356875192,0.9380980147055787,0.8999027334331466,0.7854493659684517,0.9637930620797268
0.275,7.572499155205479,0.9403695975767137,0.997899290695569,0.9998396056590148,0.9999880875862415,0.9993190157388853,0.9995002927637239,0.9993411090871092,0.9994412585483917,0.999642611493692,0.9992608974022343,0.9987395356978127,0.9913955043642755,0.9497916087685618,0.9384807229600062,0.9004236337364495,0.7861831891344081,0.9639610955778795
0.276,7.587562809781184,0.9407277411487237,0.9979257401826854,0.9998424261292581,0.9999883570563596,0.9993290005666506,0.9995079635754216,0.9993509290286179,0.9994497778382719,0.9996483688786658,0.9992717327679658,0.9987566817256164,0.9914799761755038,0.9501150501710851,0.9388597483599298,0.9009400388054168,0.786912030697858,0.9641276626786308
0.277,7.60257710229929,0.9410825157885987,0.9979517688311491,0.9998451878564314,0.9999886195664457,0.9993388062987489,0.9995154914362552,0.9993605702394056,0.9994581391867338,0.9996540146391393,0.9992823737391177,0.9987735380536144,0.9915633360181405,0.950435301132906,0.9392351368171816,0.9014519997494511,0.7876359370568023,0.9642927811637358
0.278,7.617542274994549,0.9414339626843002,0.9979773845984374,0.9998478922394916,0.9999888753171413,0.999348436682273,0.9995228794400444,0.9993700365104894,0.9994663459971014,0.9996595512750202,0.999292824384211,0.998790110441145,0.9916456018104371,0.9507524022547648,0.9396069335499263,0.9019595669680059,0.7883549540676618,0.9644564685392158
0.279,7.632458568519325,0.941782122411046,0.9980025952689239,0.9998505406401147,0.9999891245027308,0.9993578953753051,0.9995301306048157,0.9993793315416494,0.9994744015896517,0.9996649812230917,0.999303088675093,0.9988064045167663,0.991726791131928,0.9510663935118133,0.939975183094881,0.9024627901621216,0.7890691270528223,0.9646187420405807
0.28,7.647326221956524,0.9421270349419962,0.998027408458122,0.9998531343837909,0.9999893673113595,0.9993671859492749,0.9995372478748683,0.999388458943877,0.9994823092038698,0.999670306858781,0.9993131704894995,0.9988224257815833,0.9918069212307508,0.9513773142648663,0.9403399293192894,0.9029617183457465,0.7897785008080547,0.9647796186379305
0.281,7.662145472832339,0.942468739658728,0.9980518316168133,0.999855674760885,0.999989603925245,0.9993763118912495,0.9995442341227787,0.99939742224175,0.9994900720006368,0.9996755304978728,0.9993230736135414,0.9988381796124823,0.9918860090307888,0.9516852032714223,0.9407012154326576,0.9034563998568508,0.7904831196098197,0.964939115040945
0.282,7.676916557128928,0.9428072753615006,0.9980758720350643,0.9998581630276628,0.9999898345208805,0.9993852766061565,0.9995510921513454,0.9994062248757386,0.9994976930643535,0.9996806543981712,0.9993328017441199,0.9988536712652742,0.9919640711386408,0.9519900986964593,0.9410590839982551,0.9039468823683362,0.7911830272224504,0.965097247703762
0.283,7.6916397092969175,0.9431426802793156,0.9980995368461326,0.9998606004072851,0.9999900592692299,0.9993940834189422,0.9995578246954749,0.9994148702044429,0.9995051754050002,0.9996856807611093,0.9993423584912703,0.9988689058777491,0.9920411238504216,0.9522920381230109,0.9414135769443887,0.904433212898744,0.7918782669052236,0.9652540328297471
0.284,7.706315162267819,0.9434749920797807,0.9981228330302699,0.9998629880907691,0.9999902783359161,0.9994027355766675,0.999564434424013,0.9994233615067649,0.9995125219601356,0.9996906117333118,0.9993517473804395,0.9988838884726469,0.9921171831584001,0.9525910585625258,0.9417647355754523,0.9049154378227698,0.7925688814193164,0.9654094863761584
0.285,7.720943147466308,0.9438042478787753,0.9981457674184209,0.9998653272379207,0.9999904918814029,0.9994112362505438,0.9995709239415201,0.9994317019840181,0.9995197355968373,0.9996954494081082,0.9993609718546966,0.9988986239605446,0.9921922647574765,0.9528871964650195,0.9421126005827575,0.9053936028815838,0.793254913034653,0.9655636240587082
0.286,7.73552389482239,0.9441304842499278,0.9981683466958227,0.9998676189782364,0.9999907000611691,0.9994195885379095,0.9995772957899958,0.999439894761974,0.999526819113584,0.9997001958270016,0.9993700352768805,0.9989131171426637,0.9922663840515056,0.9531804877290182,0.9424572120551522,0.905867753192965,0.7939364035366406,0.9657164613560244
0.287,7.75005763278345,0.9444537372339059,0.9981905774055096,0.9998698644117768,0.9999909030258776,0.9994277954641501,0.9995835524505507,0.9994479428928505,0.9995337752420834,0.9997048529810927,0.9993789409316851,0.9989273727135995,0.9923395561594681,0.9534709677113038,0.9427986094894283,0.9063379332612495,0.7946133942328008,0.9658680135140166
0.288,7.7645445883261806,0.9447740423475242,0.9982124659517222,0.9998720646100133,0.999991100921537,0.9994358599845636,0.9995896963450315,0.9994558493572423,0.9995406066490463,0.9997094228124599,0.9993876920276858,0.9989413952639755,0.9924117959214956,0.9537586712364612,0.9431368318005261,0.9068041869870995,0.7952859259592937,0.9660182955501438
0.289,7.778984986968399,0.9450914345926741,0.9982340186032267,0.9998742206166475,0.9999912938896588,0.9994437849861723,0.9995957298375953,0.9994636170659945,0.9995473159379086,0.9997139072154999,0.9993962916993073,0.9989551892830248,0.9924831179047517,0.9540436326062349,0.9434719173315387,0.9072665576770951,0.7959540390873405,0.9661673222575908
0.29,7.7933790527807485,0.9454059484650803,0.9982552414965459,0.9998763334484051,0.9999914820674071,0.9994515732894825,0.9996016552362412,0.9994712488620244,0.9995539056505033,0.9997183080382263,0.999404743008736,0.9989687591611001,0.9925535364091744,0.954325885608698,0.9438039038635206,0.907725088053152,0.7966177735295441,0.9663151082093558
0.291,7.807727008398292,0.9457176179628851,0.9982761406391044,0.9998784040958053,0.9999916655877447,0.9994592276501958,0.999607474794295,0.9994787475220888,0.999560378268684,0.9997226270835302,0.9994130489477775,0.9989821091921156,0.9926230654730822,0.9546054635272372,0.944132828625105,0.9081798202617707,0.7972771687461097,0.9664616677622482
0.292,7.822029075031984,0.946026476595067,0.9982967219122911,0.9998804335239063,0.9999918445795726,0.99946675076087,0.999613190711851,0.9994861157585015,0.9995667362159014,0.9997268661104037,0.9994212124396616,0.9989952435759218,0.9926917188786483,0.9548823991493591,0.9444587283019337,0.9086307958831178,0.7979322637509693,0.966607015060799
0.293,7.836285472480043,0.9463325573896965,0.9983169910744403,0.9998824226730274,0.9999920191678653,0.9994741452525342,0.9996188051371727,0.9994933562208022,0.9995729818587334,0.9997310268351259,0.9994292363407968,0.999008166420616,0.9927595101572462,0.9551567247753219,0.9447816390459046,0.9090780559399458,0.7985830971178078,0.9667511640410927
0.294,7.850496419139214,0.9466358929020321,0.9983369537637347,0.9998843724594487,0.9999921894738008,0.9994814136962584,0.9996243201680529,0.9995004714973765,0.9995791175083728,0.9997351109324143,0.9994371234424749,0.9990208817447894,0.9928264525946701,0.9554284722265945,0.9451015964842399,0.9095216409063516,0.7992297069859979,0.9668941284345121
0.295,7.864662132015916,0.9469365152224598,0.998356615501033,0.9998862837760895,0.9999923556148859,0.9994885586046787,0.9996297378531337,0.9995074641170317,0.9995851454220706,0.9997391200365427,0.9994448764725277,0.9990333934797145,0.9928925592362323,0.9556976728541497,0.9454186357283778,0.9099615907163789,0.7998721310664388,0.9670359217714051
0.296,7.8787828267372895,0.9472344559842811,0.9983759816926226,0.9998881574931655,0.9999925177050777,0.9994955824334792,0.9996350601931893,0.9995143365505259,0.9995910678045383,0.9997430557424252,0.9994524980969374,0.9990457054714718,0.9929578428917429,0.9559643575465923,0.9457327913826952,0.910397944772468,0.8005104066473079,0.9671765573846757
0.297,7.892858717562137,0.9475297463713506,0.9983950576329007,0.9998899944588261,0.9999926758549001,0.9995024875828341,0.9996402891423719,0.9995210912120551,0.9995968868093111,0.9997469196066687,0.9994599909214017,0.9990578214830206,0.9930223161403728,0.9562285567381278,0.9460440975530602,0.910830741953753,0.8011445705997191,0.9673160484132972
0.298,7.906890017391764,0.9478224171255676,0.9984138485069864,0.9998917954997721,0.9999928301715564,0.9995092763988077,0.9996454266094216,0.9995277304606986,0.9996026045400708,0.9997507131485949,0.9994673574928563,0.9990697451962136,0.9930859913354043,0.9564903004163747,0.9463525878552218,0.9112600206242136,0.8017746593832973,0.9674544078057508
0.299,7.920876937780707,0.9481124985542255,0.9984323593932642,0.9998935614218545,0.9999929807590373,0.9995159511747165,0.999650474458842,0.9995342566018223,0.9996082230519316,0.9997544378512316,0.9994746003009533,0.9990814802137572,0.9931488806088714,0.9567496181300229,0.9466582954230385,0.9116858186406812,0.8024007090516629,0.9675916483233951
0.3,7.934819688947369,0.948400020537221,0.998450595265862,0.9998952930106546,0.9999931277182269,0.9995225141524536,0.9996554345120423,0.999540671888444,0.9996137443526902,0.9997580951622761,0.9994817217795,0.9990930300611202,0.9932109958760933,0.9570065389963431,0.9469612529165496,0.9121081733607036,0.803022755257835,0.967727782543762
0.301,7.948718479784551,0.9486850125341251,0.9984685609970654,0.9998969910320473,0.9999932711470025,0.9995289675237762,0.9996603085484471,0.9995469785225599,0.9996191704040395,0.9997616864950294,0.9994887243078576,0.9991043981883904,0.9932723488401032,0.9572610917085489,0.9472614925298931,0.9125271216502707,0.8036408332595488,0.967862822863786
0.302,7.9625735178698855,0.9489675035911225,0.9984862613596694,0.9998986562327471,0.9999934111403334,0.999535313431557,0.9996650983065742,0.9995531786564344,0.9996245031227478,0.9997652132293042,0.9994956102123008,0.9991155879720832,0.9933329509959757,0.9575133045430168,0.9475590459990726,0.9129426998914041,0.8042549779244926,0.9679967815029649
0.303,7.976385009476166,0.9492475223478182,0.9985037010292707,0.9999002893408367,0.9999935477903734,0.9995415539710027,0.999669805485083,0.9995592743938535,0.9996297443818063,0.9997686767123062,0.9995023817673407,0.9991266027169013,0.9933928136350555,0.9577632053663645,0.9478539446095764,0.913354943989613,0.804865223735464,0.968129670506456
0.304,7.990153159581591,0.9495250970439156,0.9985208845864997,0.9999018910662815,0.9999936811865535,0.9995476911908373,0.9996744317437919,0.9995652677913434,0.9996348960115431,0.9997720782594902,0.9995090411970107,0.9991374456574479,0.9934519478490875,0.9580108216423933,0.9481462192038534,0.9137638893812192,0.8054716047954471,0.9682615017481094
0.305,8.003878171879895,0.9498002555257709,0.9985378165191973,0.9999034621014259,0.999993811415668,0.9995537270944539,0.9996789787046687,0.9995711608593562,0.9996399598007061,0.999775419155391,0.9995155906761175,0.9991481199598953,0.9935103645342559,0.9582561804388962,0.9484359001886472,0.9141695710405544,0.8060741548326122,0.9683922869334358
0.306,8.017560248790408,0.9500730252528214,0.9985545012245346,0.9999050031214779,0.99999393856196,0.9995596636410354,0.999683447952792,0.999576955563422,0.9996449374975164,0.9997787006544313,0.9995220323314583,0.9991586287236084,0.9935680743951283,0.9584993084343336,0.9487230175421912,0.9145720234870304,0.8066729072052399,0.9685220376025171
0.307,8.031199591467987,0.9503434333038976,0.9985709430110806,0.9999065147849766,0.9999940627072027,0.999565502746644,0.9996878410372864,0.999582653825269,0.9996498308106914,0.9997819239817055,0.9995283682430043,0.9991689749827274,0.9936250879485129,0.9587402319243827,0.9490076008212701,0.9149712807920874,0.8072678949065687,0.9686507651328555
0.308,8.04479639981289,0.9506115063834126,0.9985871461008157,0.9999079977342472,0.9999941839307784,0.9995712462852807,0.9996921594722312,0.9995882575239146,0.9996546414104402,0.9997850903337419,0.9995346004450519,0.999179161707707,0.9936814155272271,0.958978976828359,0.9492896791681472,0.9153673765860203,0.807859150569571,0.9687784807421649
0.309,8.05835087248054,0.9508772708274412,0.9986031146310955,0.9999094525958416,0.9999943023097548,0.9995768960899178,0.9996964047375445,0.9995937684967234,0.9996593709294312,0.9997882008792425,0.9995407309273437,0.9991891918068171,0.9937370672837812,0.9592155686955166,0.9495692813173628,0.9157603440646866,0.8084467064716551,0.9689051954911051
0.31,8.071863206891193,0.9511407526096818,0.9986188526565648,0.9999108799809668,0.9999944179189584,0.9995824539535015,0.9997005782798416,0.9995991885404402,0.9996640209637326,0.9997912567598025,0.9995467616361579,0.9991990681276031,0.9937920531939798,0.9594500327112272,0.949846435602406,0.9161502159960982,0.8090305945392964,0.969030920285963
0.311,8.085333599239524,0.9514019773473104,0.9986343641510231,0.9999122804858995,0.9999945308310452,0.999587921629929,0.9997046815132711,0.9996045194121913,0.9996685930737277,0.9997942590906087,0.9995526944753692,0.9992087934583089,0.9938463830604415,0.9596823937030416,0.950121169962261,0.9165370247268988,0.8096108463526,0.9691556658812761
0.312,8.098762244504133,0.9516609703067255,0.998649653009244,0.9999136546923897,0.9999946411165697,0.9995933008349982,0.9997087158203265,0.9996097628304609,0.9996730887850038,0.9997972089611183,0.999558531307481,0.9992183705292637,0.9939000665160408,0.9599126761466367,0.9503935119478327,0.9169208021887298,0.8101874931497931,0.9692794428824064
0.313,8.112149336456937,0.9519177564091865,0.9986647230487486,0.9999150031680514,0.999994748844051,0.9995985932473326,0.9997126825526367,0.9996149204760395,0.9996775095892184,0.9998001074357193,0.9995642739546298,0.9992278020142309,0.9939531130272723,0.9601409041716481,0.9506634887282527,0.9173015799044866,0.8107605658316499,0.969402261748062
0.314,8.125495067672503,0.9521723602363494,0.9986795780115351,0.9999163264667419,0.9999948540800369,0.9996038005092811,0.9997165830317336,0.9996199939929483,0.9996818569449402,0.9998029555543708,0.9995699241995625,0.9992370905317246,0.9940055318975406,0.9603671015673947,0.9509311270970681,0.917679388994466,0.8113300949658514,0.9695241327927664
0.315,8.138799629537276,0.9524248060357001,0.9986942215657645,0.999917625128931,0.9999949568891654,0.9996089242277946,0.9997204185498003,0.9996249849893365,0.9996861322784677,0.9998057543332269,0.9995754837865881,0.9992462386462904,0.9940573322703762,0.9605912917884927,0.951196453478317,0.9180542601824105,0.8118961107912791,0.9696450661892816
0.316,8.152063212258728,0.9526751177258879,0.9987086573074055,0.9999188996820579,0.9999950573342247,0.9996139659752777,0.9997241903703966,0.9996298950383565,0.999690336984626,0.9998085047652423,0.9995809544225038,0.9992552488697541,0.9941085231325812,0.9608134979603661,0.951459493932491,0.9184262238014465,0.8124586432222443,0.9697650719709809
0.317,8.165286004874424,0.9529233189019624,0.9987228887618383,0.9999201506408792,0.9999951554762109,0.9996189272904193,0.999727899729167,0.9996347256790141,0.999694472427541,0.9998112078207609,0.9995863377774965,0.999264123662439,0.9941591133173049,0.9610337428846519,0.9517202741623882,0.9187953097999222,0.8130177218526546,0.9698841600341759
0.318,8.178468195261004,0.953169432840514,0.9987369193854184,0.9999213785078052,0.9999952513743834,0.9996238096790004,0.9997315478345279,0.9996394784169967,0.999698539941393,0.9998138644480885,0.9995916354860203,0.9992728654343508,0.9942091115070509,0.9612520490445058,0.9519788195188601,0.9191615477471468,0.8135733759601196,0.9700023401403968
0.319,8.191609970143077,0.9534134825047219,0.9987507525670024,0.9999225837732273,0.9999953450863195,0.9996286146146807,0.9997351358683368,0.9996441547254795,0.9997025408311508,0.9998164755740491,0.999596849147651,0.9992814765463329,0.9942585262366199,0.9614684386098066,0.9522351550064505,0.9195249668390297,0.8141256345099931,0.9701196219186281
0.32,8.204711515102042,0.953655490549309,0.9987643916294361,0.9999237669158368,0.9999954366679656,0.9996333435397646,0.9997386649865436,0.9996487560459092,0.9997064763732846,0.9998190421045259,0.9996019803279181,0.9992899593111931,0.9943073658959858,0.9616829334422653,0.9524893052889347,0.9198855959036265,0.814674526159358,0.9702360148675019
0.321,8.21777301458482,0.9538954793254089,0.9987778398310059,0.9999249284029326,0.9999955261736883,0.999637997865947,0.9997421363198237,0.9996532837887679,0.9997103478164603,0.9998215649249879,0.9996070305591148,0.9992983159948008,0.9943556387331098,0.9618955551004384,0.9527412946947552,0.9202434634065887,0.8152200792609509,0.9703515283574459
0.322,8.230794651912513,0.954133470885343,0.9987911003668554,0.9999260686907209,0.9999956136563225,0.9996425789750394,0.9997455509741943,0.9996577393343168,0.9997141563822156,0.999824044901001,0.9996120013410867,0.9993065488171563,0.9944033528566938,0.9621063248446481,0.9529911472223596,0.9205985974565224,0.8157623218670285,0.9704661716327911
0.323,8.24377660928898,0.9543694869873134,0.9988041763703666,0.9999271882246072,0.9999956991672188,0.9996470882196771,0.9997489100316145,0.9996621240333187,0.9997179032656177,0.9998264828787258,0.9996168941420002,0.9993146599534343,0.9944505162388718,0.962315263641811,0.9532388865454413,0.9209510258102562,0.8163012817331788,0.9705799538138391
0.324,8.256719067809332,0.9546035491000101,0.9988170709145081,0.9999282874394784,0.9999957827562889,0.999651526924008,0.9997522145505693,0.9996664392077436,0.9997215896359032,0.9998288796854014,0.9996217103990901,0.9993226515349998,0.9944971367178451,0.9625223921701783,0.953484536018086,0.921300775878021,0.8168369863220742,0.9706928838988872
0.325,8.269622207468355,0.9548356784071356,0.9988297870131504,0.9999293667599775,0.9999958644720494,0.9996558963843637,0.9997554655666371,0.999670686151454,0.999725216637101,0.9998312361298158,0.9996264515193887,0.9993305256503994,0.9945432220004589,0.9627277308239881,0.953728118679824,0.921647874728541,0.817369462807171,0.9708049707662162
0.326,8.282486207168859,0.9550658958118493,0.9988423276223494,0.9999304266007708,0.9999959443616645,0.9996601978699124,0.9997586640930435,0.9996748661308735,0.9997287853886393,0.9998335530027644,0.9996311188804351,0.9993382843463275,0.9945887796647229,0.9629312997180319,0.9539696572605919,0.9219923490940409,0.8178987380763535,0.9709162231760402
0.327,8.295311244729936,0.9552942219411321,0.9988546956415987,0.999931467366807,0.9999960224709872,0.9996644326232957,0.999761811121199,0.9996789803856362,0.9997322969859358,0.9998358310774941,0.9996357138309669,0.9993459296285685,0.9946338171622795,0.9631331186921384,0.954209174185606,0.9223342253751688,0.8184248387355266,0.971026649772418
0.328,8.308097496895162,0.9555206771500729,0.9988668939150519,0.9999324894535692,0.9999960988445987,0.9996686018612485,0.9997649076212235,0.9996830301292211,0.9997357525009724,0.9998380711101377,0.9996402376915934,0.999353463462915,0.994678341820816,0.9633332073155728,0.9544466915801465,0.9226735296458359,0.8189477911121543,0.9711362590851277
0.329,8.320845139340715,0.9557452815260791,0.9988789252327157,0.9999334932473193,0.9999961735258474,0.9996727067752033,0.9997679545424563,0.9996870165495685,0.999739152982855,0.9998402738401345,0.9996446917554515,0.9993608877760637,0.9947223608464278,0.9635315848913589,0.9546822312742573,0.9230102876579769,0.819467621258748,0.9712450595315067
0.33,8.33355434668342,0.9559680548930126,0.9988907923316142,0.9999344791253362,0.9999962465568855,0.9996767485318779,0.9997709528139529,0.9996909408096811,0.9997424994583587,0.9998424399906409,0.999649077288845,0.9993682044564893,0.9947658813259289,0.9637282704605197,0.9549158148073613,0.9233445248462296,0.8199843549563028,0.971353059418256
0.331,8.346225292488711,0.9561890168152527,0.9989024978969252,0.9999354474561469,0.9999963179787055,0.9996807282738501,0.9997739033449687,0.9996948040482093,0.999745792932458,0.999844570268929,0.9996533955318678,0.999375415355296,0.9948089102291141,0.9639232828062418,0.9551474634327933,0.9236762663325384,0.8204980177176858,0.9714602669432111
0.332,8.358858149278559,0.9564081866016868,0.9989140445630899,0.9999363985997511,0.9999963878311748,0.9996846471201154,0.9997768070254301,0.9996986073800214,0.9997490343888442,0.9998466653667751,0.9996576476990101,0.9993825222870486,0.9948514544109728,0.9641166404579651,0.9553771981222525,0.9240055369306801,0.8210086347909735,0.9715666901970772
0.333,8.37145308853927,0.9566255833096308,0.9989254349148955,0.9999373329078395,0.9999964561530696,0.9996885061666317,0.9997796647263927,0.9997023518967584,0.9997522247904279,0.9998487259608374,0.9996618349797498,0.999389527030583,0.9948935206138554,0.9643083616953966,0.9556050395701757,0.924332361150715,0.8215162311627425,0.9716723371651357
0.334,8.384010280729273,0.956841225748681,0.9989366714885327,0.9999382507240058,0.9999965229821071,0.9996923064868503,0.9997824773004883,0.9997060386673762,0.99975536507983,0.9998507527130236,0.9996659585391293,0.9993964313297969,0.9949351154695939,0.9644984645524532,0.9558310081980331,0.9246567632033658,0.8220208315613118,0.9717772157289134
0.335,8.396529895286783,0.9570551324844987,0.998947756772628,0.9999391523839533,0.9999965883549773,0.9996960491322321,0.9997852455823599,0.9997096687386718,0.9997584561798585,0.9998527462708491,0.9996700195183167,0.9994032368944205,0.9949762455015779,0.9646869668211332,0.9560551241585482,0.9249787670043216,0.8225224604599393,0.9718813336678263
0.336,8.409012100637451,0.9572673218425269,0.9989586932092516,0.9999400382156955,0.9999966523073737,0.9996997351327529,0.9997879703890854,0.9997132431357978,0.9997614989939738,0.9998547072677849,0.9996740190351532,0.9994099454007692,0.9950169171267865,0.9648738860553169,0.956277407339843,0.9252983961784745,0.8230211420799711,0.9719846986607876
0.337,8.42145706420189,0.9574778119116447,0.998969483194901,0.999940908539751,0.9999967148740223,0.9997033654973936,0.9997906525205901,0.9997167628627625,0.999764494406742,0.9998566363235972,0.9996779581846866,0.9994165584924779,0.9950571366577771,0.9650592395745007,0.9564978773695109,0.9256156740640841,0.8235169003939481,0.9720873182877889
0.338,8.433864952403178,0.9576866205477557,0.9989801290814627,0.9999417636693326,0.9999967760887112,0.9997069412146193,0.9997932927600487,0.9997202289029175,0.9997674432842757,0.9998585340446772,0.999681838039692,0.9994230777812165,0.9950969103046328,0.9652430444674633,0.9567165536186167,0.9259306237168743,0.8240097591286654,0.9721892000314509
0.339,8.446235930674272,0.957893765377315,0.9989906331771503,0.9999426039105325,0.9999968359843171,0.9997104632528465,0.9997958918742774,0.9997236422194338,0.9997703464746647,0.999860401024362,0.9996856596511775,0.9994295048473893,0.9951362441768689,0.9654253175958667,0.9569334552056282,0.9262432679140638,0.8244997417681899,0.9722903512785448
0.34,8.458570163465348,0.9580992638007954,0.9990009977474206,0.9999434295625006,0.9999968945928328,0.999713932560898,0.9997984506141151,0.9997270037557645,0.999773204808394,0.9998622378432483,0.99968942404888,0.9994358412408163,0.9951751442852996,0.9656060755977928,0.9571486010002774,0.9265536291583305,0.8249868715568343,0.9723907793214879
0.341,8.470867814251115,0.9583031329960928,0.9990112250158693,0.9999442409176196,0.9999969519453934,0.9997173500684462,0.999800969714795,0.9997303144360966,0.9997760190987532,0.9998640450694968,0.9996931322417456,0.999442088481399,0.9952136165438655,0.965785334891217,0.9573620096273556,0.9268617296817108,0.8254711715020887,0.972490491359809
0.342,8.483129045538007,0.9585053899218737,0.9990213171651049,0.9999450382616739,0.9999970080723005,0.9997207166864462,0.9998034498963073,0.9997335751657914,0.9997787901422335,0.9998658232591281,0.9996967852184006,0.9994482480597695,0.9952516667714232,0.9659631116774209,0.9575736994704416,0.9271675914494363,0.8259526643775118,0.9725894945015883
0.343,8.495354018871367,0.9587060513208636,0.9990312763376029,0.9999458218740149,0.9999970630030476,0.9997240333075577,0.9998058918637516,0.999736786831813,0.9997815187189151,0.9998675729563126,0.9997003839476087,0.9994543214379245,0.9952893006934973,0.9661394219443434,0.957783688675565,0.9274712361637076,0.8264313727255784,0.9726877957648709
0.344,8.507542894842521,0.9589051337230805,0.9990411046365394,0.9999465920277214,0.9999971167663427,0.9997273008065555,0.9998082963076812,0.9997399503031471,0.999784205592846,0.9998692946936508,0.9997039293787184,0.9994603100498435,0.9953265239439971,0.9663142814698739,0.9579919951548069,0.9277726852674079,0.8269073188604907,0.9727854020790547
0.345,8.519695833095824,0.9591026534490119,0.9990508041266066,0.9999473489897549,0.999997169390132,0.9997305200407317,0.9998106639044386,0.9997430664312086,0.9997868515124093,0.9998709889924483,0.9997074224420984,0.999466215302093,0.9953633420668968,0.9664877058250856,0.9581986365898375,0.9280719599477548,0.8273805248709458,0.9728823202862518
0.346,8.531812992335624,0.9592986266127379,0.9990603768348084,0.9999480930211122,0.9999972209016211,0.9997336918502864,0.9998129953164816,0.9997461360502394,0.9997894572106827,0.9998726563629815,0.9997108640495621,0.9994720385744155,0.9953997605178813,0.9666597103774142,0.9584036304353925,0.9283690811398958,0.8278510126228675,0.9729785571426274
0.347,8.543894530333171,0.9594930691250005,0.9990698247512383,0.9999488243769727,0.9999972713272975,0.9997368170587089,0.9998152911927017,0.9997491599776956,0.999792023405788,0.9998742973047585,0.9997142550947822,0.9994777812203048,0.9954357846659584,0.9668303102937787,0.9586069939226899,0.9286640695304434,0.8283188037620978,0.9730741193197122
0.348,8.555940603933463,0.9596859966962209,0.9990791498298394,0.9999495433068418,0.9999973206929504,0.9997398964731503,0.9998175521687352,0.9997521390146262,0.9997945508012319,0.9998759123067716,0.999717596453695,0.9994834445675681,0.9954714197950377,0.9669995205436491,0.9588087440627884,0.9289569455609554,0.828783919717051,0.9731690134056924
0.349,8.567951369062042,0.9598774248394656,0.9990883539891465,0.9999502500546911,0.999997369023691,0.9997429308847866,0.9998197788672651,0.9997550739460408,0.9997970400862392,0.999877501847744,0.9997208889848942,0.9994890299188736,0.9955066711054774,0.9671673559020592,0.9590088976498872,0.9292477294313578,0.8292463817013324,0.9732632459066766
0.35,8.579926980731708,0.960067368873362,0.9990974391130121,0.9999509448590936,0.9999974163439722,0.9997459210691721,0.9998219718983161,0.99975796554127,0.9997994919360761,0.9998790663963706,0.9997241335300159,0.9994945385522862,0.9955415437155986,0.9673338309525678,0.9592074712645703,0.929536441103314,0.829706210716317,0.9733568232479398
0.351,8.591867593049198,0.9602558439249642,0.999106407051315,0.9999516279533575,0.9999974626776077,0.9997488677865857,0.9998241318595426,0.9997608145543154,0.9998019070123667,0.9998806064115512,0.999727330914113,0.9994999717217906,0.9955760426631698,0.9674989600901678,0.9594044812769946,0.9298231003035401,0.8301634275536958,0.9734497517751438
0.352,8.60377335922179,0.9604428649325718,0.9991152596206534,0.999952299565653,0.9999975080477893,0.999751771782367,0.9998262593365081,0.9997636217241918,0.9998042859634011,0.9998821223426192,0.9997304819460222,0.9995053306578013,0.995610172906861,0.9676627575241457,0.9595999438500241,0.930107726527067,0.8306180527979844,0.9735420377555386
0.353,8.615644431563867,0.9606284466484989,0.9991239986050219,0.9999529599191395,0.9999975524771058,0.9997546337872457,0.9998283549029598,0.9997663877752604,0.9998066294244355,0.9998836146295639,0.9997335874187198,0.9995106165676608,0.9956439393276676,0.9678252372808894,0.9597938749423105,0.9303903390404499,0.8310701068289974,0.9736336873791405
0.354,8.627480961503394,0.9608126036417991,0.9991326257564729,0.9999536092320862,0.9999975959875593,0.9997574545176622,0.9998304191210942,0.9997691134175547,0.9998089380179855,0.9998850837032466,0.9997366481096708,0.999515830636127,0.9956773467303057,0.9679864132066507,0.9599862903113217,0.9306709568849295,0.831519609824289,0.9737247067598881
0.355,8.63928309958838,0.9609953503009425,0.9991411427957644,0.9999542477179918,0.9999976386005824,0.9997602346760804,0.999832452541817,0.9997717993470973,0.9998112123541117,0.999886529985612,0.9997396647811688,0.9995209740258483,0.9957103998445802,0.9681462989702564,0.9601772055163185,0.9309495988795397,0.8319665817615588,0.9738151019367829
0.356,8.65105099549323,0.9611767008364495,0.9991495514129913,0.9999548755856994,0.9999976803370538,0.9997629749512938,0.9998344557049972,0.9997744462462096,0.9998134530306986,0.9998879538898937,0.9997426381806676,0.9995260478778275,0.9957431033267237,0.9683049080657764,0.9603666359212819,0.9312262836241684,0.832411042421026,0.9739048788750022
0.357,8.66278479802511,0.9613566692834794,0.999157853268204,0.9999554930395095,0.9999977212173145,0.9997656760187228,0.9998364291397137,0.9997770547838141,0.9998156606337256,0.9998893558208147,0.9997455690411045,0.999531053311876,0.9957754617607095,0.968462253815143,0.9605545966977899,0.9315010295025693,0.832853011387769,0.973994043467
0.358,8.674484655130183,0.9615352695043767,0.9991660499920125,0.999956100279289,0.9999977612611822,0.9997683385407058,0.9998383733644968,0.9997796256157288,0.9998178357375335,0.9998907361747829,0.9997484580812166,0.9995359914270561,0.9958074796595383,0.968618349370727,0.9607411028278465,0.9317738546853267,0.8332925080540338,0.9740826015335838
0.359,8.686150713899858,0.9617125151911747,0.9991741431861768,0.9999566975005786,0.9999978004879673,0.9997709631667833,0.9998402888875627,0.9997821593849548,0.9998199789050815,0.9998920953400812,0.9997513060058492,0.9995408633021141,0.9958391614664985,0.9687732077178693,0.9609261691066631,0.9320447771327725,0.8337295516215106,0.9741705588249728
0.36,8.697783120576922,0.9618884198680573,0.9991821344241847,0.9999572848946958,0.9999978389164852,0.9997735505339751,0.9998421762070436,0.9997846567219573,0.9998220906882005,0.9998934336970536,0.9997541135062562,0.9995456699959031,0.9958705115564016,0.9689268416773689,0.961109810145393,0.932313814597859,0.8341641611035802,0.974257921021842
0.361,8.70938202056169,0.9620629968937797,0.9991900252518162,0.9999578626488368,0.9999978765650722,0.9997761012670503,0.9998440358112113,0.9997871182449385,0.9998241716278391,0.999894751618286,0.9997568812603941,0.9995504125477955,0.9959015342367933,0.969079263907929,0.9612920403738207,0.9325809846289858,0.8345963553275264,0.9743446937363412
0.362,8.720947558418025,0.962236259464051,0.9991978171876957,0.9999584309461742,0.9999979134515974,0.9997786159787918,0.9998458681786946,0.9997895445601057,0.9998262222543032,0.9998960494687826,0.9997596099332087,0.9995550919780868,0.99593223374914,0.9692304869085614,0.9614728740430052,0.9328463045727824,0.8350261529367237,0.974430882513103
0.363,8.73247987787937,0.9624082206138744,0.999205511723832,0.9999589899659536,0.9999979495934763,0.9997810952702537,0.9998476737786938,0.9997919362619314,0.9998282430874905,0.9998973276061379,0.9997623001769149,0.9995597092883893,0.9959626142699919,0.9693805230209501,0.9616523252278805,0.9331097915768478,0.8354535723927887,0.9745164928302287
0.364,8.743979121854684,0.9625788932198515,0.9992131103261452,0.9999595398835862,0.9999979850076833,0.9997835397310133,0.9998494530711868,0.9997942939334082,0.9998302346371192,0.9998985863807045,0.9997649526312699,0.9995642654620184,0.9959926799121235,0.9695293844317746,0.9618304078298119,0.9333714625924481,0.8358786319777078,0.9746015301002597
0.365,8.75544543243437,0.9627482900024473,0.9992206144349846,0.9999600808707406,0.999998019710764,0.9997859499394163,0.9998512065071332,0.999796618146297,0.9998321974029508,0.9998998261357568,0.9997675679238399,0.9995687614643674,0.9960224347256506,0.9696770831749946,0.9620071355791107,0.9336313343771699,0.8363013497959327,0.974685999671132
0.366,8.766878950896091,0.9629164235282189,0.9992280254656316,0.9999606130954309,0.9999980537188468,0.9997883264628167,0.9998529345286711,0.9997989094613695,0.9998341318750078,0.9999010472076502,0.9997701466702609,0.9995731982432763,0.9960518826991263,0.9698236311340954,0.9621825220375062,0.9338894234975358,0.8367217437764487,0.9747699068271118
0.367,8.778279817710615,0.9630833062120069,0.9992353448087953,0.999961136722103,0.9999980870476547,0.9997906698578115,0.9998546375693106,0.9998011684286451,0.9998360385337863,0.9999022499259769,0.9997726894744922,0.9995775767293914,0.9960810277606149,0.9699690400442966,0.9623565806005777,0.9341457463315759,0.8371398316748145,0.9748532567897195
0.368,8.789648172547528,0.9632489503190914,0.9992425738310938,0.9999616519117185,0.9999981197125164,0.9997929806704688,0.9998563160541221,0.9998033955876213,0.9998379178504628,0.9999034346137176,0.9997751969290655,0.9995818978365156,0.9961098737787448,0.9701133214947225,0.9625293245001462,0.9344003190713633,0.837555631075176,0.9749360547186332
0.369,8.800984154280968,0.9634133679673134,0.999249713875528,0.999962158821837,0.9999981517283768,0.9997952594365513,0.99985797039992,0.9998055914675005,0.9998397702870969,0.999904601587389,0.9997776696153267,0.9995861624619524,0.9961384245637406,0.9702564869305366,0.9627007668066263,0.934653157725507,0.8379691593922505,0.9750183057125811
0.37,8.812287900995262,0.9635765711291607,0.9992567662619424,0.999962657606696,0.9999981831098081,0.9997975066817345,0.9998596010154421,0.9998077565874088,0.9998415962968287,0.9999057511571892,0.9997801081036733,0.9995903714868413,0.9961666838684354,0.9703985476550414,0.96287092043134,0.9349042781216087,0.8383804338732855,0.9751000148102151
0.371,8.823559549990536,0.9637385716338208,0.999263732287478,0.9999631484172877,0.9999982138710194,0.9997997229218194,0.9998612083015249,0.999809891456612,0.9998433963240712,0.9999068836271369,0.9997825129537854,0.9995945257764857,0.9961946553892631,0.9705395148317414,0.9630397981287925,0.9351536959086814,0.8387894715999924,0.9751811869909727
0.372,8.83479923778828,0.9638993811692,0.9992706132270137,0.999963631401436,0.9999982440258668,0.9998019086629407,0.9998627926512743,0.9998119965747253,0.9998451708046989,0.9999079992952101,0.999784884714851,0.9995986261806733,0.9962223427672313,0.9706793994863735,0.9632074124989101,0.9354014265595301,0.8391962894904519,0.9752618271759218
0.373,8.846007100136859,0.96405901128391,0.9992774103335997,0.9999641067038689,0.9999982735878631,0.9998040644017702,0.9998643544502325,0.9998140724319182,0.9998469201662313,0.9999090984534793,0.9997872239257877,0.9996026735339901,0.996249749588876,0.9708182125089021,0.9633737759892422,0.935647485373097,0.8396009043009955,0.9753419402285927
0.374,8.857183272016965,0.9642174733892231,0.99928412483888,0.9999645744662919,0.9999983025701871,0.9998061906257144,0.9998658940765409,0.9998161195091148,0.9998486448280121,0.9999101813882383,0.9997895311154569,0.9996066686561262,0.9962768793871964,0.9709559646554828,0.963538900897128,0.9358918874767711,0.8400033326280615,0.9754215309557962
0.375,8.868327887647059,0.9643747787609944,0.9992907579535066,0.9999650348274571,0.9999983309856926,0.9998082878131094,0.999867411901099,0.9998181382781892,0.9998503452013843,0.9999112483801321,0.9997918068028752,0.9996106123521754,0.9963037356425731,0.971092666550392,0.9637027993718259,0.936134647828661,0.840403590910026,0.9755006041084272
0.376,8.879441080488723,0.9645309385415551,0.9992973108675453,0.9999654879232318,0.9999983588469169,0.9998103564334095,0.9998689082877198,0.999820129202157,0.9998520216898611,0.9999122997042807,0.9997940514974196,0.9996145054129283,0.996330321783668,0.9712283286879255,0.9638654834166108,0.936375781219835,0.8408016954290103,0.9755791643822554
0.377,8.890522983251996,0.9646859637415738,0.9993037847508708,0.9999659338866649,0.9999983861660897,0.9998123969473728,0.9998703835932811,0.9998220927353609,0.999853674689293,0.999913335630401,0.9997962656990287,0.9996183486151585,0.9963566411883064,0.9713629614342665,0.9640269648908357,0.936615302276526,0.841197662312663,0.9756572164187026
0.378,8.901573727900656,0.964839865241889,0.9993101807535563,0.999966372848052,0.9999984129551416,0.9998144098072409,0.9998718381678738,0.9998240293236536,0.9998553045880304,0.9999143564229247,0.9997984498983982,0.9996221427219024,0.9963826971843427,0.9714965750293209,0.9641872555119607,0.9368532254623038,0.84159150753592,0.9757347648056078
0.379,8.912593445657466,0.9649926537953118,0.9993165000062518,0.9999668049349988,0.9999984392257112,0.999816395456917,0.9998732723549462,0.9998259394045752,0.9998569117670832,0.9999153623411148,0.9998006045771733,0.9996258884827335,0.9964084930505099,0.9716291795885245,0.9643463668575494,0.9370895650802136,0.8419832469227401,0.9758118140779782
0.38,8.923582267009346,0.9651443400284008,0.9993227436205563,0.9999672302724825,0.9999984649891537,0.9998183543321372,0.999874686491445,0.9998278234075276,0.9998584966002757,0.9999163536391774,0.999802730208136,0.9996295866340292,0.996434032017252,0.9717607851046197,0.9645043103672322,0.9373243352748832,0.8423728961478177,0.9758883687187283
0.381,8.934540321712555,0.9652949344432066,0.9993289126893812,0.9999676489829117,0.9999984902565483,0.9998202868606393,0.9998760809079532,0.9998296817539439,0.9998600594543989,0.9999173305663723,0.9998048272553874,0.9996332378992339,0.9964593172675403,0.9718914014494033,0.9646610973446393,0.9375575500345975,0.8427604707382744,0.9759644331594085
0.382,8.945467738797763,0.9654444474189922,0.9993350082873063,0.9999680611861858,0.9999985150387055,0.9998221934623281,0.9998774559288249,0.9998315148574544,0.9998616006893583,0.9999182933671208,0.9998068961745277,0.9996368429891135,0.9964843519376759,0.9720210383754457,0.9648167389593025,0.9377892231933429,0.8431459860753258,0.9760400117809198
0.383,8.956364646575153,0.9655928892139221,0.9993410314709279,0.999968466999751,0.999998539346174,0.999824074549436,0.9998788118723164,0.9998333231240482,0.9998631206583188,0.9999192422811096,0.9998089374128297,0.9996404026020074,0.9965091391180748,0.9721497055177822,0.9649712462485251,0.9380193684328196,0.8435294573959287,0.976115108914216
0.384,8.967231172639405,0.9657402699667281,0.9993469832792002,0.999968866538657,0.9999985631892482,0.9998259305266802,0.9998801490507147,0.9998351069522325,0.9998646197078465,0.9999201775433944,0.9998109514094109,0.9996439174240722,0.9965336818540395,0.9722774123955773,0.9651246301192241,0.9382479992844255,0.8439108997944058,0.9761897288409971
0.385,8.97806744387471,0.965886599698347,0.9993528647337687,0.999969259915611,0.9999985865779741,0.9998277617914169,0.9998814677704627,0.9998368667331868,0.9998660981780463,0.9999210993844986,0.9998129385953994,0.9996473881295221,0.9965579831465153,0.9724041684137609,0.9652769013497411,0.9384751291312086,0.8442903282240487,0.97626387579439
0.386,8.988873586459684,0.9660318883135327,0.9993586768392968,0.9999696472410307,0.9999986095221569,0.9998295687337908,0.9998827683322821,0.9998386028509137,0.9998675564026973,0.9999220080305122,0.9998148993940977,0.9996508153808628,0.9965820459528333,0.9725299828646393,0.9654280705916259,0.9387007712097916,0.8446677574987009,0.9763375539596171
0.387,8.999649725872283,0.9661761456024434,0.9993644205837862,0.9999700286230956,0.9999986320313664,0.999831351736883,0.9998840510312927,0.9998403156823873,0.9998689947093844,0.9999229037031859,0.9998168342211418,0.9996541998291207,0.9966058731874374,0.9726548649294797,0.9655781483713912,0.9389249386122673,0.8450432022943196,0.9764107674746557
0.388,9.01039598689464,0.9663193812422041,0.9993700969388893,0.9999704041677979,0.9999986541149436,0.999833111176854,0.9998853161571294,0.999842005597697,0.999870413419627,0.9999237866200248,0.999818743484657,0.9996575421140678,0.9966294677226003,0.972778823680069,0.9657271450922388,0.9391476442880661,0.8454166771505169,0.9764835204308859
0.389,9.021112493617906,0.9664616047984438,0.9993757068602169,0.9999707739789914,0.9999986757820067,0.9998348474230841,0.9998865639940564,0.9998436729601893,0.9998718128490056,0.9999246569943789,0.9998206275854112,0.9996608428644401,0.9966528323891237,0.9729018680802471,0.9658750710357596,0.939368901045795,0.8457881964720815,0.9765558168737288
0.39,9.031799369447006,0.9666028257268099,0.9993812512876369,0.9999711381584394,0.9999986970414569,0.9998365608383106,0.9998877948210786,0.9998453181266049,0.9998731933072835,0.999925515035532,0.9998224869169624,0.9996641026981534,0.9966759699770271,0.9730240069874176,0.9660219363636067,0.9395887215550504,0.8461577745304809,0.9766276608032722
0.391,9.042456737105386,0.9667430533744574,0.9993867311455695,0.9999714968058616,0.999998717901984,0.9998382517787622,0.9998890089120509,0.9998469414472142,0.9998745550985283,0.9999263609487877,0.9998243218658054,0.9996673222225124,0.9966988832362222,0.9731452491540316,0.9661677511191404,0.9398071183482035,0.8465254254653434,0.9766990561748897
0.392,9.053084718639706,0.9668822969815172,0.9993921473432745,0.9999718500189796,0.999998738372072,0.9998399205942897,0.9998902065357845,0.9998485432659483,0.9998758985212283,0.9999271949355552,0.9998261328115139,0.9996705020344168,0.9967215748771763,0.9732656032290495,0.9663125252290504,0.9400241038221595,0.8468911632859208,0.9767700068998464
0.393,9.063683435424508,0.9670205656825388,0.9993975007751329,0.9999721978935615,0.9999987584600042,0.9998415676284947,0.9998913879561512,0.9998501239205285,0.9998772238684078,0.9999280171934304,0.9998279201268795,0.9996736427205618,0.996744047571562,0.9733850777593797,0.9664562685049498,0.9402396902400907,0.8472550018725337,0.9768405168458979
0.394,9.07425300816682,0.9671578685079136,0.9994027923209231,0.999972540523465,0.9999987781738687,0.9998431932188547,0.9998925534321846,0.9998516837425918,0.9998785314277391,0.9999288279162775,0.9998296841780479,0.9996767448576358,0.9967663039528959,0.9735036811912929,0.9665989906449455,0.9404538897331446,0.8476169549779968,0.9769105898378775
0.395,9.084793556910757,0.9672942143852736,0.9994080228460916,0.9999728780006801,0.9999987975215634,0.9998447976968455,0.9998937032181803,0.9998532230578138,0.999879821481652,0.9999296272943073,0.9998314253246522,0.9996798090125119,0.9967883466171645,0.9736214218718156,0.9667407012351833,0.9406667143021261,0.8479770362290258,0.9769802296582748
0.396,9.095305201042049,0.9674296121408706,0.9994131932020172,0.9999732104153702,0.9999988165108007,0.9998463813880617,0.9998948375637923,0.9998547421860293,0.9998810943074411,0.999930415514155,0.9998331439199426,0.9996828357424369,0.9968101781234394,0.9737383080501004,0.9668814097513704,0.9408781758191561,0.8483352591276276,0.9770494400478056
0.397,9.105788059292562,0.9675640705009327,0.9994183042262701,0.9999735378559127,0.9999988351491125,0.9998479446123332,0.9998959567141281,0.9998562414413502,0.9998823501773704,0.9999311927589536,0.999834840310914,0.999685825595216,0.9968318009944805,0.9738543478787752,0.9670211255602719,0.9410882860293049,0.8486916370524712,0.9771182247059726
0.398,9.116242249744758,0.9676975980930007,0.9994233567428664,0.9999738604089379,0.9999988534438545,0.9998494876838403,0.9998970609098422,0.9998577211322797,0.9998835893587753,0.9999319592084094,0.9998365148384305,0.9996887791093927,0.9968532177173286,0.9739695494152707,0.9671598579211861,0.9412970565522027,0.8490461832602417,0.9771865872916168
0.399,9.126667889836142,0.9678302034472439,0.9994283515625165,0.9999741781593676,0.9999988714022114,0.9998510109112256,0.9998981503872257,0.9998591815618252,0.9998848121141636,0.9999327150388722,0.9998381678373466,0.9996916968144259,0.9968744307438865,0.9740839206231275,0.967297615987396,0.9415044988836253,0.8493989108869777,0.9772545314234594
0.4,9.137065096363637,0.9679618949977556,0.9994332894828689,0.9999744911904527,0.9999988890312004,0.999852514597704,0.9998992253782957,0.9998606230276086,0.9998860187013122,0.9999334604234058,0.9998397996366268,0.9996945792308626,0.9968954424914902,0.9741974693732821,0.9674344088075983,0.9417106243970584,0.8497498329493902,0.977322060680638
