Beta,R_0,R1,R2,R3,R4,R5,R6,R7,R8,R9,R10,R11,R12,R13,R14,R15,R16,R_all
0.0,0.0,0.0,0.0,0.0,0.0,0.0,0.0,0.0,0.0,0.0,0.0,0.0,0.0,0.0,0.0,0.0,0.0,0.0
0.001,0.052300335702891325,0.0,0.0,0.0,0.0,0.0,0.0,0.0,0.0,0.0,0.0,0.0,0.0,0.0,0.0,0.0,0.0,0.0
0.002,0.10428874097415508,0.0,0.0,0.0,0.0,0.0,0.0,0.0,0.0,0.0,0.0,0.0,0.0,0.0,0.0,0.0,0.0,0.0
0.003,0.15596799814667986,0.0,0.0,0.0,0.0,0.0,0.0,0.0,0.0,0.0,0.0,0.0,0.0,0.0,0.0,0.0,0.0,0.0
0.004,0.20734085656126483,0.0,0.0,0.0,0.0,0.0,0.0,0.0,0.0,0.0,0.0,0.0,0.0,0.0,0.0,0.0,0.0,0.0
0.005,0.2584100330541872,0.0,0.0,0.0,0.0,0.0,0.0,0.0,0.0,0.0,0.0,0.0,0.0,0.0,0.0,0.0,0.0,0.0
0.006,0.30917821243614935,0.0,0.0,0.0,0.0,0.0,0.0,0.0,0.0,0.0,0.0,0.0,0.0,0.0,0.0,0.0,0.0,0.0
0.007,0.3596480479627816,0.0,0.0,0.0,0.0,0.0,0.0,0.0,0.0,0.0,0.0,0.0,0.0,0.0,0.0,0.0,0.0,0.0
0.008,0.409822161796875,0.0,0.0,0.0,0.0,0.0,0.0,0.0,0.0,0.0,0.0,0.0,0.0,0.0,0.0,0.0,0.0,0.0
0.009,0.4597031454625121,0.0,0.0,0.0,0.0,0.0,0.0,0.0,0.0,0.0,0.0,0.0,0.0,0.0,0.0,0.0,0.0,0.0
0.01,0.5092935602912622,0.0,0.0,0.0,0.0,0.0,0.0,0.0,0.0,0.0,0.0,0.0,0.0,0.0,0.0,0.0,0.0,0.0
0.011,0.5585959378606001,0.0,0.0,0.0,0.0,0.0,0.0,0.0,0.0,0.0,0.0,0.0,0.0,0.0,0.0,0.0,0.0,0.0
0.012,0.6076127804247103,1.3322676295501878e-15,1.7763568394002505e-15,2.4424906541753444e-15,3.552713678800501e-15,1.887379141862766e-15,2.3314683517128287e-15,1.9984014443252818e-15,2.6645352591003757e-15,2.3314683517128287e-15,1.5543122344752192e-15,1.4432899320127035e-15,1.2212453270876722e-15,1.2212453270876722e-15,6.661338147750939e-16,3.3306690738754696e-16,3.3306690738754696e-16,1.5478202149684232e-15
0.013,0.6563465613378248,3.6637359812630166e-15,4.107825191113079e-15,6.328271240363392e-15,6.661338147750939e-15,4.551914400963142e-15,5.440092820663267e-15,5.329070518200751e-15,5.88418203051333e-15,5.440092820663267e-15,3.6637359812630166e-15,3.4416913763379853e-15,2.6645352591003757e-15,1.9984014443252818e-15,1.6653345369377348e-15,1.4432899320127035e-15,6.661338147750939e-16,3.567113568877989e-15
0.014,0.7047997254702495,3.3306690738754696e-16,6.661338147750939e-16,1.5543122344752192e-15,1.7763568394002505e-15,1.3322676295501878e-15,1.7763568394002505e-15,1.3322676295501878e-15,1.5543122344752192e-15,1.3322676295501878e-15,7.771561172376096e-16,7.771561172376096e-16,5.551115123125783e-16,4.440892098500626e-16,2.220446049250313e-16,1.1102230246251565e-16,0.0,8.172634191596916e-16
0.015,0.7529746896172248,0.0,2.220446049250313e-16,1.2212453270876722e-15,1.4432899320127035e-15,1.1102230246251565e-16,1.1102230246251565e-16,1.1102230246251565e-16,1.1102230246251565e-16,2.220446049250313e-16,1.1102230246251565e-16,1.1102230246251565e-16,1.1102230246251565e-16,0.0,0.0,0.0,0.0,1.995047395236802e-16
0.016,0.8008738429007634,5.88418203051333e-15,6.8833827526759706e-15,9.992007221626409e-15,1.199040866595169e-14,7.993605777301127e-15,9.547918011776346e-15,8.659739592076221e-15,9.769962616701378e-15,8.548717289613705e-15,6.217248937900877e-15,5.88418203051333e-15,4.551914400963142e-15,3.3306690738754696e-15,3.1086244689504383e-15,2.220446049250313e-15,1.2212453270876722e-15,6.007863931501232e-15
0.017,0.8484995471646051,3.774758283725532e-15,4.218847493575595e-15,7.66053886991358e-15,8.104628079763643e-15,5.329070518200751e-15,5.773159728050814e-15,5.440092820663267e-15,6.217248937900877e-15,5.995204332975845e-15,3.885780586188048e-15,3.774758283725532e-15,2.886579864025407e-15,2.1094237467877974e-15,1.7763568394002505e-15,1.4432899320127035e-15,6.661338147750939e-16,3.899401749693998e-15
0.018,0.8958541373624288,6.994405055138486e-15,7.771561172376096e-15,1.3433698597964394e-14,1.554312234475219e-14,9.769962616701378e-15,1.1213252548714081e-14,1.0103029524088925e-14,1.1435297153639112e-14,1.0658141036401503e-14,7.438494264988549e-15,7.105427357601002e-15,5.10702591327572e-15,3.774758283725532e-15,3.4416913763379853e-15,2.1094237467877974e-15,1.3322676295501878e-15,7.19055100639428e-15
0.019,0.9429399219394512,9.325873406851315e-15,1.0325074129013956e-14,1.7985612998927536e-14,2.1538326677728037e-14,1.3322676295501878e-14,1.509903313490213e-14,1.3766765505351941e-14,1.5210055437364645e-14,1.4210854715202004e-14,1.021405182655144e-14,9.547918011776346e-15,7.105427357601002e-15,4.884981308350689e-15,4.107825191113079e-15,3.3306690738754696e-15,1.887379141862766e-15,9.720230041403207e-15
0.02,0.9897591832075471,4.2693849600095035e-07,4.926655438053373e-07,8.441979717499493e-07,1.0142523980682938e-06,6.261739909918518e-07,6.934029012084508e-07,6.40589858713625e-07,7.153431227369111e-07,6.685921872806588e-07,4.787053695665122e-07,4.3511634928439236e-07,3.2253022541617327e-07,2.2869916160850323e-07,1.9190705236038497e-07,1.4716208840415135e-07,8.927531824909352e-08,4.52953359186645e-07
0.021,1.036314177714017,0.044360574533990005,0.05063467134410171,0.08362100829994257,0.09852520205625204,0.06346899492679603,0.07034307120209915,0.06524170394550222,0.0726026260876641,0.06784142843601804,0.04893560248091444,0.04453629258322023,0.033437921444705365,0.02385810284369605,0.020211196597029746,0.015488573211957402,0.009398481430628047,0.04600944104717617
0.022,1.0826071366041274,0.09921956544321275,0.11191954715403851,0.1774362508110986,0.20488182722019765,0.13804537408775652,0.15293255549257756,0.14250902802558985,0.15788777786604802,0.14764883699307463,0.10759503923920022,0.09810103373626922,0.07474261760261858,0.05375083351211907,0.04602399346324071,0.03527413060115725,0.021433512261656573,0.1004397753519813
0.023,1.1286402659775492,0.15135233030793183,0.16902507764152785,0.2587126215690001,0.2938965698610504,0.2054837304888406,0.22730485419733037,0.2127304867746096,0.2346687779403619,0.21978673606576205,0.16185979069289813,0.14786751298085787,0.11415069207014716,0.08272604363185787,0.07150611442892651,0.054851572780141966,0.03339923985416038,0.15015832981281446
0.024,1.174415747238806,0.2005301401182984,0.22202841515118865,0.32956704631339684,0.3693769324419772,0.26641600204363125,0.29407621385849825,0.27632005230631773,0.30353943649522486,0.28484962708314787,0.21200459422073759,0.19407323519397746,0.15162095093955918,0.11070945319956715,0.09651074400819781,0.0741335929596566,0.045255479211175564,0.19561159778711049
0.025,1.2199357374418605,0.24671215420952286,0.2711265974618723,0.39168833128679825,0.43405953986311496,0.3215048534192654,0.3539833114171659,0.33383552483148116,0.36524070146754384,0.3435105198905405,0.25834775941599497,0.23698894529321235,0.18718834659778205,0.1376819998412504,0.12095709263339116,0.09307189641620062,0.05697793855071043,0.23723906749066812
0.026,1.2652023696289423,0.28996076740459253,0.31656772137196376,0.4464328521675617,0.4899749710250386,0.3713802520707996,0.40776416362510204,0.3858638996377908,0.4205287131500186,0.396433164279993,0.30120965617959905,0.27688512250328234,0.22092439644613093,0.16365356844455037,0.14480202151606247,0.1116401660719687,0.06855145865136048,0.27544653709705463
0.027,1.3102177531637371,0.33039450662422365,0.35861613277542914,0.49490003620147394,0.5386692141413616,0.41661615556437614,0.45610827758388617,0.43297001165136495,0.4701176399729723,0.4442357200555762,0.3408947695464801,0.3140178704206985,0.25291710501887876,0.1886492519643589,0.16802465347789441,0.1298249538152373,0.07996641589501097,0.3105981984881104
0.028,1.3549839740590406,0.3681608076827242,0.3975344633605219,0.5379894545307764,0.5813443621188448,0.45772484641262545,0.4996387199553691,0.4756751616245827,0.5146575563354963,0.48747801989989237,0.3776846316588537,0.3486235889499306,0.2832604441016645,0.21270188799358092,0.19061764748316123,0.14762057864868894,0.09121669967492818,0.3430165533399456
0.029,1.399503095298988,0.4034198795925522,0.4335744444177575,0.576443717982551,0.6189515796582183,0.4951589059977878,0.5389089104008317,0.5144501586458017,0.5547288648554575,0.5266597214499535,0.41183588181340036,0.3809177056120334,0.31204875276687627,0.23584789222891756,0.21258206437457694,0.16502615738910842,0.10229851949918334,0.3729854476879162
0.03,1.4437771571559632,0.4363350238608943,0.46697246801752457,0.6108808832032011,0.6522546250510171,0.5293162447090549,0.5744059875924126,0.5497152421546769,0.5908443708559157,0.5622233417358624,0.4435807332981394,0.41109526801196083,0.3393737709968474,0.25812489420426854,0.2339242514656925,0.1820438214043879,0.11320967179989372,0.40075414383605423
0.031,1.4878081775022873,0.4670668408572761,0.4979477773044775,0.6418191729904682,0.68187450946394,0.5605460687179018,0.6065568193281425,0.5818431422387687,0.6234546451219432,0.5945592699229967,0.47312851729286554,0.43933234098408025,0.3653231250875789,0.27957039037801,0.25465390348399164,0.19867761787909166,0.12394907275193945,0.42654151210857
0.032,1.5315981521167885,0.49576983637923666,0.5267021250555792,0.6696960398057386,0.7083216710161837,0.589154818354264,0.6357347640101358,0.6111633980434771,0.6529545204558699,0.6240113474007338,0.5006676423060681,0.4657876920716941,0.3899796292068657,0.30022098598891567,0.2747828299766788,0.2149328185814119,0.13451645091785325,0.45053995540465963
0.033,1.5751490549863514,0.5225905356364688,0.5534202434595876,0.6948830264875884,0.7320196464447268,0.615411665235343,0.6622662946581377,0.6379669931000366,0.6796896738984479,0.6508823432262286,0.5263676398667972,0.49060451370013936,0.41342104993279116,0.3201119838505999,0.2943241578941871,0.23081547752441045,0.14491213910983336,0.4729189250831924
0.034,1.618462838602541,0.5476665525514341,0.5782707445539268,0.7176974698152313,0.7533228074288746,0.639553420944064,0.6864370978649883,0.6625108497106496,0.7039628095191839,0.6754390250123699,0.5503811366722523,0.5139120634387088,0.4357201323962455,0.339277179861985,0.31329180801271084,0.24633214389041191,0.15513692962717351,0.49382799974688657
0.035,1.661541434253394,0.5711262649361343,0.60140722785001,0.7384118056063467,0.7725298628600623,0.6617888360077198,0.7084975101423332,0.6850219759319556,0.7260392446021262,0.6979167134875267,0.5728456811944935,0.5358271715574482,0.45694477094914765,0.3577487821071952,0.33170014678098414,0.26148967348817154,0.16519197100696636,0.5133995484998799
0.036,1.7043867523104692,0.5930888704695115,0.6229694634712909,0.7572610318647033,0.7898942826434964,0.6823023247550641,0.7286672763491291,0.7057011892666337,0.7461518477536652,0.7185233027931004,0.5938853983889519,0.5564555996611653,0.4771582554023013,0.37555740340320065,0.34956375224998903,0.2762951036080331,0.17507869258636855,0.5317510199811533
0.037,1.7470006825112512,0.6136646767165335,0.6430845739281397,0.7744487428815243,0.8056324452632175,0.7012571741390801,0.7471396714992151,0.7247264077410156,0.7645053486676602,0.7374427734050581,0.6136124695555383,0.575893251473018,0.4964195519814689,0.392732096663744,0.3668972551469959,0.29075556911352407,0.18479874808277785,0.5489869037744567
0.038,1.7893850942369838,0.63295552880042,0.6618681708662424,0.7901520440910831,0.8199300769469209,0.7187983003027301,0.7640850501658647,0.7422555314051977,0.7812800713108761,0.7548382438046568,0.6321284459278098,0.5942272450272759,0.5147835948668787,0.4093004142185568,0.3837152299932073,0.30487824557953447,0.19435397242934038,0.5652004094534294
0.039,1.831541836786034,0.6510553112860844,0.6794254234287227,0.8045255826135789,0.8329473913825797,0.7350546144351586,0.7796538936124757,0.7584289513622344,0.7966351538626086,0.7708546130355843,0.6495254097068501,0.6115368589137102,0.5323015742632595,0.42528847944432346,0.40003211987556875,0.31867031028196047,0.20374634801956948,0.5804749043918005
0.04,1.8734727396428572,0.6680504826643875,0.695852047302345,0.817704873433895,0.8448232291246087,0.7501410538491324,0.7939794224424113,0.7733717278423748,0.8107113198936907,0.7856208456572392,0.6658869979906378,0.6278943660913563,0.5490212130845771,0.44072106354658747,0.41586218405717224,0.332138915025354,0.21297797775178862,0.5948851464426478
0.041,1.9151796127426537,0.6840206154305671,0.7112352110735892,0.8298090603388485,0.8556784185855283,0.7641603274902042,0.8071798365800757,0.7871954783016433,0.8236332614038823,0.7992519468634667,0.6812893050075464,0.6433657683982517,0.5649870280891787,0.4556216631423565,0.43121946122661947,0.34529116685007444,0.22205106307714229,0.608498342566647
0.042,1.956664246731794,0.6990389245791445,0.7256543610259066,0.8409432201065741,0.8656185253098116,0.7772044183777912,0.819360237156923,0.8000000136212261,0.8355116883457963,0.8118506705595236,0.6958016771434151,0.6580114438995681,0.5802405735903358,0.47001257606589575,0.4461177435600263,0.35813411400292994,0.23096788579805438,0.6213750598640315
0.043,1.997928413224092,0.7131727739710819,0.739181968095175,0.8512002952380106,0.874736116207341,0.7893558792822911,0.8306142775800126,0.8118747566156369,0.8464450926692682,0.8235089979551539,0.7094874139493343,0.6718867180017495,0.5948206672502946,0.4839149739402929,0.4605705583416385,0.3706747354399864,0.2397307927318748,0.6335700113829303
0.044,2.0389738650530034,0.7264841545024512,0.7518842020771371,0.860662722781653,0.8831126360272863,0.8006889524514962,0.8410255842714951,0.8228999729685533,0.8565212684920971,0.8343094192256407,0.7224043869003012,0.6850423680067921,0.6087635982839477,0.49734897076330964,0.474591154938828,0.38291993271711366,0.24834218260676355,0.6451327355592089
0.045,2.079802336519824,0.7390301310057668,0.7638215387998623,0.8694038131261033,0.8908199714992232,0.8112705394469272,0.8506689815119356,0.8331478407843702,0.8658186240994675,0.8443260462348686,0.7346055862840233,0.6975250695851384,0.6221033188623313,0.5103336871969364,0.4881924956320455,0.39487652351469316,0.25680449473173994,0.6561081851540976
0.046,2.1204155436379613,0.7508632568091624,0.7750493061253756,0.877488922006588,0.8979217621421934,0.8211610430948579,0.8596115495514214,0.8426833813468841,0.8744073162314401,0.8536255802807112,0.7461396053036466,0.7093777925521194,0.6348716197489894,0.5228873105207237,0.5013872492754812,0.4065512363035738,0.2651201991052101,0.6665372390375172
0.047,2.160815184373357,0.7620319561802507,0.7856181745136974,0.8849764506509081,0.9044745042706718,0.8304151001251592,0.8679135406366236,0.8515652704789378,0.8823502325556403,0.8622681553147309,0.7570510693074717,0.7206401523571598,0.6470982913077397,0.5350271503700404,0.5141877870853152,0.417950705833002,0.27329178771267026,0.6764571480533145
0.048,2.201002938881119,0.7725808757071522,0.7955745975893457,0.8919187024310244,0.9105284851683405,0.8390822201822105,0.8756291737679973,0.8598465471040447,0.8897038443027908,0.8703080740700317,0.7673810170200707,0.7313487228374026,0.6588112710417274,0.5467696904711219,0.5266061800696207,0.42908146923635326,0.28132176682570287,0.6859019244364319
0.049,2.240980469738448,0.7825512061682616,0.8049612077717403,0.8983626191822701,0.9161285770120189,0.847207344466984,0.8828073257650773,0.8675752331992439,0.8965189477028783,0.877794451952684,0.7771672397385452,0.7415373150409665,0.6700367787949755,0.5581306366305622,0.538654197760783,0.43994996262614683,0.28921265015836384,0.6949026827763373
0.05,2.2807494221739133,0.7919809767185546,0.8138171716156862,0.9043504161979359,0.921314914370686,0.8548313352360739,0.8894921334955008,0.8747948772608082,0.9028413100284398,0.8847717813589009,0.7864445836652125,0.7512372262792086,0.6807994406905747,0.5691249612544884,0.5503433080103695,0.45056251809892156,0.29696695276882235,0.7034879392881034
0.051,2.320311424293148,0.8009053233457493,0.8221785090865928,0.9099201315718722,0.9261234745845799,0.8619914056789126,0.8957235198374777,0.8815450316399608,0.9087122336586619,0.89128042721925,0.7952452198616835,0.7604774630106065,0.6911224028079739,0.5797669446727924,0.5616846776730005,0.4609253611017421,0.3045871856171598,0.7116838751215971
0.052,2.359668087301038,0.8093567335747358,0.8300783805857646,0.9151061028698287,0.930586576756129,0.8687214982647107,0.9015376540272539,0.8878616726041805,0.9141690495592519,0.8973570629943179,0.8035988857166542,0.769284940679901,0.7010274355240997,0.5900702135336422,0.5726891740504424,0.471044608131329,0.31207585070712907,0.7195145685762048
0.053,2.3988210057204484,0.81736526935845,0.8375473451545082,0.9199393819263963,0.9347333122412103,0.8750526184501469,0.9069673554332922,0.8937775707037411,0.9192455498710184,0.9030350550105949,0.8115331013087851,0.777684663224476,0.7105350293646582,0.600047776517604,0.5833673669969449,0.4809262647481002,0.3194354367521589,0.7270022003648554
0.054,2.4377717576075733,0.8249587700121394,0.8446135929274868,0.9244480967842179,0.9385899172529936,0.8810131296293253,0.912042448446894,0.8993226179395656,0.9239723678650927,0.9083448018937497,0.8190733636058759,0.7856998846061913,0.7196644831360486,0.6097120576020729,0.5937295316067516,0.49057622389356137,0.3266684153152287,0.7341672354632484
0.055,2.476521904763948,0.8321630369426036,0.8513031545778678,0.9286577683343167,0.942180096357814,0.8866290143570899,0.9167900750422017,0.9045241173081688,0.9283773123120784,0.9133140348970411,0.8262433210623005,0.7933522544227242,0.7284339850366591,0.6190749270871472,0.603785651417946,0.5000002645023065,0.3337772373792881,0.7410285845685146
0.056,2.5150729929452056,0.8390020018060546,0.8576400901996202,0.9325915880174268,0.9455253041587811,0.8919241061590775,0.9212349706013461,0.909407039517407,0.9324856622901501,0.9179680841083429,0.8330649308498195,0.8006619493907596,0.7368606873798202,0.6281477305747881,0.6135454220757295,0.5092040504007005,0.34076433031034525,0.747603747759991
0.057,2.55342655206661,0.845497879605545,0.8636466598047104,0.9362706619560469,0.9486449912555278,0.8969202956348762,0.9253997077931887,0.9139942510015256,0.9363204275927773,0.9223301148272541,0.8395586006749175,0.8076477922678842,0.7449607754996761,0.6369413160747093,0.6230182554043209,0.5181931294839506,0.34763209517958615,0.7539089425899608
0.058,2.5915840964054513,0.8516713081166951,0.8693434773732113,0.9397142260660075,0.9515568195813978,0.9016377140462309,0.9293049126119853,0.9183067167974829,0.9399025791649123,0.9264213378148165,0.8457433168923203,0.8143273595855246,0.7527495313557289,0.6454660593933403,0.6322132838410489,0.5269729331623145,0.3543829044143,0.7599592185231515
0.059,2.6295471248003395,0.8575414749120107,0.8747496501803246,0.9429398360131647,0.9542768514085911,0.9060948971453016,0.9329694561048284,0.9223636813613934,0.943251253375801,0.9302611966162818,0.8516367604137917,0.8207170793971785,0.7602413923015635,0.6537318879465442,0.6411393651894473,0.5355487760659534,0.3610190997501631,0.7657685593813454
0.06,2.6673171208474575,0.8631262331415521,0.8798829049337894,0.9459635353102536,0.956819715642962,0.9103089316260422,0.9364106248268679,0.9261828299912811,0.9463839334092841,0.9338675347286421,0.8572554117289801,0.8268323201007058,0.7674500054379632,0.6617483031225793,0.6498050876508206,0.5439258559967248,0.36754299045976413,0.7713499752261103
0.061,2.704895553093829,0.8684422071222181,0.8847597020858531,0.9488000043707698,0.959198754476155,0.9142955862644947,0.9396442726469599,0.9297804331692905,0.9493166106036877,0.9372567450178678,0.8626146461969598,0.8326874712673129,0.7743882779299194,0.6695244013090818,0.6582187750960538,0.5521092541141024,0.3739568518342441,0.7767155849221903
0.062,2.7422838752276557,0.8735048886900221,0.8893953395337266,0.9514626929347019,0.9614261530020531,0.9180694295425076,0.9426849561717388,0.933171475833939,0.9520639281907483,0.9404439034764754,0.8677288206297384,0.8382960173002829,0.781068423630463,0.6770688936864453,0.6663884925415353,0.5601039353414847,0.38026292389668004,0.7818766904612373
0.063,2.779483526265769,0.8783287251796045,0.8938040467892471,0.9539639379418402,0.9635130540199676,0.921643935316956,0.9455460557534233,0.9363697733332396,0.9546393095561306,0.9434428891421726,0.8726113520694827,0.8436706046511545,0.7875020063214735,0.6843901248798725,0.6743220517951574,0.5679147489784873,0.3864634103273845,0.7868438439860732
0.064,2.816495930738255,0.8829271998127053,0.8979990705804115,0.9563150686415182,0.9654696599248712,0.925031577896962,0.9482398837877841,0.9393880755861195,0.9570550728643233,0.9462664917661857,0.877274789557033,0.8488231032379198,0.7936999798522331,0.6914960905533851,0.6820270172403784,0.5755464295043617,0.3925604775827204,0.7916269083359032
0.065,2.853322498870293,0.8873129052021131,0.9019927527428525,0.9585265004842394,0.9673053233142177,0.9282439177198585,0.9507777817868173,0.9422381607870531,0.95932253365077,0.9489265086198181,0.8817308795983171,0.8537646626371896,0.7996727254301473,0.6983944540211233,0.6895107117283895,0.5830035975574634,0.3985562541903148,0.7962351118298385
0.066,2.8899646267612686,0.89149761060929,0.9057966011666567,0.9606078191335627,0.9690286277125626,0.9312916786685523,0.9531702075201254,0.9449309198226731,0.9614520967779725,0.9514338316550603,0.8859906259557224,0.8585057635587225,0.805430086294431,0.7050925619442148,0.6967802225504762,0.5902907610756716,0.40445283020475664,0.800677097917232
0.067,2.926423696561199,0.8954923235319996,0.9094213544818034,0.9625678557599561,0.9706474596220644,0.9341848179449784,0.9554268133550426,0.9474764324254273,0.9634533389748708,0.9537985260856859,0.8900643443217977,0.8630562650550072,0.8109813999823684,0.7115974591752531,0.703842407464738,0.5974123165828352,0.4102522568089967,0.8049609702465722
0.068,2.9627010766445188,0.8993073461423089,0.9128770410926925,0.964414754627219,0.9721690729430622,0.9369325893035426,0.9575565167841595,0.9498840359648649,0.96533508302579,0.9560299013257977,0.8939617123714833,0.8674254478696342,0.8163355283787169,0.7179159028068941,0.7107039007533547,0.6043725506066207,0.41595654604769516,0.8090943336381974
0.069,2.998798121781276,0.9029523270448488,0.916173033107673,0.9661560338525257,0.9736001466694985,0.9395436003523454,0.9595675640067711,0.952162387669096,0.9671054645430457,0.9581365751104265,0.8976918156353172,0.87162205428515,0.8215008857217396,0.7240543754761641,0.7173711192886123,0.6111756412135926,0.4215676706797852,0.813084331388448
0.07,3.0347161733057857,0.9064363087796768,0.919318095652169,0.9677986401097666,0.9749468366449738,0.9420258645464344,0.9614675873250543,0.9543195209750428,0.9687719921428717,0.9601265315250557,0.9012631895887165,0.8756543247931131,0.8264854647239419,0.7300190979717104,0.7238502685878618,0.6178256596478823,0.4270875641384143,0.8169376792827492
0.071,3.0704565592827695,0.9097677714530786,0.9223204320031335,0.9693489979499442,0.9762148220634382,0.9443868484245957,0.9632636570241105,0.9563628966242939,0.9703416017451141,0.9620071735858218,0.9046838583106876,0.8795300318755656,0.8312968609517569,0.735816041187346,0.7301473488394897,0.6243265720604283,0.4325181205873332,0.8206606966514793
0.072,3.1060205946710524,0.9129546728427071,0.9251877249373336,0.9708130543295316,0.9774093473112245,0.9466335145777244,0.9649623283253597,0.9582994490500087,0.971820705630949,0.9637853709378674,0.9079613700284377,0.8832565111574828,0.8359422955959133,0.7414509374617579,0.7362681608838142,0.630682241316435,0.43786119506361665,0.8242593347643931
0.073,3.1414095814848233,0.9160044852902218,0.9279271746457683,0.9721963188660304,0.9785352596720631,0.9487723607813533,0.9665696839334598,0.9601356285379489,0.97321523681789,0.9654675031743972,0.9111028298317289,0.886840690163501,0.8404286367529556,0.7469292913411565,0.742218312134563,0.6368964288694073,0.4431186036973799,0.827739202826087
0.074,3.1766248089525364,0.9189242296646765,0.9305455335307288,0.9735039002778075,0.9795970433520279,0.9508094556763569,0.9680913726364889,0.9618774395901264,0.9745306892459835,0.9670594992221566,0.9141149298119042,0.8902891148889125,0.8447624193281884,0.752256389798852,0.7480032224282573,0.6429727966908556,0.44829212399989027,0.8311055918058469
0.075,3.2116675536734696,0.9217205066529812,0.9330491381701301,0.9747405394112785,0.9805988502254732,0.952750471339255,0.9695326443663373,0.9635304758716937,0.975772154212024,0.9685668731892112,0.9170039768548471,0.8936079743741975,0.8489498636610937,0.7574373119432388,0.7536281297903641,0.6489149092454841,0.4533834952121576,0.8343634963096356
0.076,3.2465390797719866,0.9243995256095475,0.9354439387053268,0.9759106392114936,0.981544527654645,0.9546007130461368,0.9708983820800912,0.9650999520796705,0.976944353438717,0.9699947570271423,0.9197759182943422,0.8968031234539233,0.8529968929659262,0.7624769382434159,0.7590980961085774,0.6547262355024435,0.4583944187067408,0.8375176346795281
0.077,3.2812406390495528,0.9269671311754,0.937735525883252,0.9770182919511613,0.982437643693667,0.9563651465012953,0.9721931307827109,0.9665907330351363,0.9780516691220023,0.9713479303212701,0.9224363656119888,0.8998801038343912,0.8569091496725967,0.7673799592996098,0.7644180127049045,0.6604101509739201,0.46332655843610204,0.8405724674860995
0.078,3.3157734711345217,0.9294288278574171,0.9399291559610782,0.978067303997306,0.9832815099511142,0.9580484227726577,0.9734211239758025,0.9680073602679596,0.9790981712614121,0.9726308474886053,0.9249906163517402,0.9028441636397339,0.8606920107460909,0.7721508841837332,0.7695926057995376,0.6659699397730707,0.4681815414214072,0.8435322145618425
0.079,3.3501388036297493,0.9317898027406586,0.9420297736613337,0.9790612183633759,0.9840792023535853,0.9596549011504811,0.9745863077860493,0.9693540763344012,0.9800876425446391,0.9738476626333112,0.9274436744009764,0.9057002755530299,0.8643506020563959,0.7767940483736974,0.7746264418606097,0.671408796683969,0.47296095827620654,0.8464008707082807
0.08,3.384337852258064,0.9340549464908052,0.9440420333472983,0.9800033352671002,0.9848335800249488,0.961188670123151,0.9756923629993866,0.9706348470825606,0.9810236010278547,0.9750022522830251,0.9298002687755951,0.9084531536672502,0.8678898118652226,0.7813136213035745,0.779523932835033,0.6767298292369077,0.4776663637599027,0.8491822201958203
0.081,3.418371821005631,0.9362288727893546,0.945970318572262,0.9808967308902178,0.9855473024716604,0.9626535666438676,0.9767427252027632,0.971853382058179,0.9819093208271882,0.9760982362060038,0.9320648710336756,0.911107269150307,0.8713143034906189,0.7857136135502849,0.7842893412565635,0.6819360597830086,0.48229927735638556,0.851879850163305
0.082,3.4522419022632422,0.9383159363312563,0.9478187601416863,0.981744274514929,0.9862228452432984,0.9640531938442423,0.9777406032139262,0.9730131532234151,0.9827478510137317,0.977138996488339,0.9342417114307,0.9136668648190058,0.8746285272058291,0.7899978836761848,0.7889267852281312,0.6870304275626955,0.48686118387362476,0.8544971630135288
0.083,3.4859492769655724,0.9403202495029607,0.9495912528142495,0.9825486441931724,0.986862514218805,0.965390937335043,0.9786889959607401,0.9741174121435737,0.9835420328840591,0.9781276950321113,0.9363347939189214,0.9161359687081976,0.8778367314244379,0.7941701447457495,0.7934402432762666,0.6920157907631354,0.49135353406041105,0.8570373878914359
0.084,3.5194951147284343,0.9422456978482872,0.951291470756029,0.9833123410882834,0.9874684586525225,0.9666699802203017,0.979590707954785,0.9751692057810771,0.9842945157602269,0.9790672896190209,0.9383479100841399,0.9185184067137594,0.8809429732198757,0.798233970533433,0.7978335590761674,0.6968949285602827,0.4957777452367901,0.8595035913232647
0.085,3.552880573984064,0.9440959544199632,0.9529228818515333,0.9840377026139526,0.9880426830996673,0.9678933169385026,0.9804483634891173,0.9761713910220304,0.9850077714572476,0.9799605486695185,0.9402846521047477,0.9208178143811291,0.8839511282237462,0.8021928014387746,0.8021104460465982,0.7016705431416446,0.5001352019350715,0.8618986870873379
0.086,3.586106802114467,0.9458744931060493,0.9544887609658126,0.9847269144824625,0.988587058328152,0.9690637660334437,0.9812644196768753,0.97712664804831,0.985684107541859,0.9808100648145219,0.9421484248103499,0.9230376479048904,0.8868648999441293,0.806049950123886,0.8062744918143879,0.7063452617063493,0.5044272565486156,0.8642254453804579
0.087,3.6191749355828704,0.9475846010126443,0.9559922022433288,0.9853820217626814,0.9891033313124102,0.9701839819474177,0.982041178435673,0.9780374926570236,0.9863256794938156,0.9816182673852754,0.9439424569104435,0.925181194399268,0.8896878285419575,0.8098086068875596,0.8103291625487817,0.7109216384395081,0.5086552299858557,0.8664865013378397
0.088,3.6520861000632903,0.949229389977192,0.9574361305215703,0.9860049390381102,0.9895931343949239,0.9712564659204791,0.9827807975122824,0.9789062876193025,0.9869345018697396,0.9823874339166168,0.9456698114574926,0.927251581494307,0.8924232991007935,0.8134718447894471,0.8142778071663761,0.7154021564582711,0.5128204123273113,0.8686843629591233
0.089,3.684841410568271,0.9508118072802891,0.9588233119304416,0.9865974597462028,0.9900579936923318,0.9722835760716153,0.9834853006327859,0.9797352531615438,0.9875124585595849,0.9831197007497116,0.9473333956031718,0.929251786307891,0.895074549422755,0.8170426245369745,0.8181236614077287,0.7197892297273125,0.5169240634835532,0.8708214184881607
0.09,3.717441971574803,0.9523346456180886,0.9601563637421919,0.9871612647721157,0.990499336815175,0.97326753673052,0.9841565868550681,0.9805264766443033,0.9880613122168816,0.9838170728120872,0.9489359697015258,0.9311846438395799,0.8976446773809927,0.8205237991469722,0.821869851787098,0.7240852049418314,0.5209674138523274,0.8728999432899526
0.091,3.7498888771484675,0.9538005523921044,0.961437763530965,0.9876979303628453,0.9909184999633733,0.9742104470822738,0.9847964391930927,0.981281921506955,0.9885827129359873,0.9844814326454187,0.9504801558082356,0.9330528548284507,0.9001366478569485,0.8239181183933214,0.8255193994170468,0.7282923633764444,0.5249516649732263,0.8749221062641872
0.092,3.7821832110658304,0.9552120383684445,0.9626698576959304,0.9882089354212912,0.9913167344533462,0.9751142891815076,0.9854065325757609,0.9820034355398659,0.989078206242474,0.9851145487449077,0.9519684456210562,0.9348589931136754,0.9025532992886286,0.8272282330513063,0.8290752237099024,0.7324129226986305,0.5288779901784992,0.8768899758313538
0.093,3.814326046935105,0.9565714857541318,0.9638548693973042,0.9886956682340459,0.9916952127271716,0.9759809353874617,0.9859884411971972,0.9826927585401231,0.9895492404564353,0.9857180832681576,0.9534032079027421,0.9366055125334419,0.9048973498542865,0.8304566989487739,0.8325401459582755,0.7364490387456224,0.5327475352387387,0.878805525524209
0.094,3.8463184483151323,0.9578811557342272,0.9649949059503636,0.9891594326815767,0.9920550338892633,0.9768121552667152,0.9865436453099741,0.9833515294017176,0.9899971734828086,0.9862935991661076,0.9547866954243804,0.9382947533949653,0.9071714033142091,0.833605980833664,0.83591689279702,0.7404028072638932,0.5365614190023525,0.8806706392145601
0.095,3.878161468832684,0.959143195509857,0.9660919657187345,0.9896014539748657,0.9923972288116488,0.9776096220061774,0.9870735375079951,0.9839812926864653,0.990423279077708,0.9868425667837925,0.9561210514639518,0.93992894854574,0.9093779545317378,0.8366784560669556,0.8392080995491631,0.7442762656105646,0.5403207340278646,0.8824871160027234
0.096,3.9098561522981363,0.9603596448739724,0.9671479445447715,0.990022883958451,0.9927227648450043,0.9783749183751597,0.9875794285414529,0.9845835047177787,0.9908287526351909,0.9873663699743662,0.9574083158921288,0.9415102290738114,0.9115193946932038,0.8396764181495942,0.8424163134584504,0.7480713944162698,0.5440265472082046,0.8842566747947129
0.097,3.9414035328195194,0.9615324423586764,0.9681646417516991,0.99042480601611,0.9930325501690807,0.979109542271944,0.9880625527024044,0.9851595392356531,0.9912147165347616,0.9878663117659332,0.9586504308747574,0.9430406296626817,0.9135980162451227,0.8426020800915119,0.8455439968112487,0.7517901192091576,0.5476799003862787,0.8859809585900892
0.098,3.972804634914992,0.9626634309852345,0.9691437657493176,0.9908082396120936,0.9933274378130039,0.9798149118871831,0.9885240728160234,0.9857106926478384,0.9915822250862216,0.9883436196172097,0.9598492462191293,0.9445220936244855,0.9156160175657514,0.845457577630427,0.848593529950617,0.7554343119998801,0.551281810961203,0.8876615385015091
0.099,4.004060473623746,0.9637543636453901,0.9700869392724772,0.9911741444978304,0.9936082293731001,0.9804923705136835,0.9889650848694433,0.9862381889091033,0.9919322691051445,0.9887994502948659,0.9610065243890191,0.9459564776332674,0.9175755073869694,0.8482449723077019,0.8515672141854069,0.7590057928275404,0.5548332724846853,0.8892999175252658
0.1,4.035172054615384,0.9648069081403435,0.9709957042791487,0.9915234246113198,0.99387567845335,0.9811431910296041,0.9893866223072697,0.9867431840577325,0.9922657801492473,0.9892348944025225,0.9621239452115175,0.9473455561785306,0.9194785089813817,0.8509662544081683,0.8544672745972889,0.76250633126669,0.558335255247121,0.890897534080554
0.101,4.066140374297774,0.9658226519016746,0.9718715265327563,0.991856931694003,0.9941304938512942,0.9817685800798115,0.989789660020282,0.9872267704358858,0.9925836344432283,0.9896509805887791,0.9632031102969026,0.9486910257577166,0.9213269641285589,0.8536233457704568,0.857295862748616,0.7659376478955741,0.5617887068530466,0.8924557653337538
0.102,4.09696641992343,0.9668031064165921,0.9727157998914712,0.9921754686477036,0.9943733425101434,0.9823696819780663,0.9901751180515259,0.9876899806181769,0.992886656517193,0.9900486794592976,0.964245547191175,0.9499945088248822,0.9231227368734151,0.8562181024740454,0.8600550592940408,0.7693014157259179,0.5651945527856688,0.8939759303227355
0.103,4.127651169694423,0.9677497113781607,0.9735298503253597,0.9924797926522497,0.994604852255998,0.9829475823508249,0.9905438650419077,0.9881337910707715,0.9931756225815797,0.990428907215831,0.9652527132793784,0.9512575575115667,0.924867617088884,0.8587523174089124,0.862746876498795,0.7725992615946246,0.5685536969602402,0.8954592928949966
0.104,4.158195592865853,0.9686638385795627,0.9743149396806391,0.9927706180625955,0.9948256143373969,0.9835033115417364,0.9908967214354975,0.9885591255614276,0.9934512636594981,0.9907925290431481,0.9662259994564744,0.9524816571346665,0.9265633238542585,0.8612277227333768,0.865373260666517,0.7758327675178235,0.5718670222661169,0.8969070644723635
0.105,4.188600649847909,0.9695467955700016,0.9750722692087908,0.9930486191026338,0.9950361857829106,0.9840378477943491,0.9912344624630373,0.9889668583392075,0.9937142684955854,0.9911403622630524,0.9671667335812737,0.9536682295050655,0.9282115086598378,0.8636459922254327,0.8679360944794898,0.7790034720077799,0.5751353910973811,0.8983204066540099
0.106,4.218867292306525,0.9703998290885141,0.9758029828769066,0.9933144323714285,0.9952370915911171,0.9845521202291329,0.9915578209205816,0.989357817101043,0.993965286258844,0.9914731792730913,0.9680761837277916,0.9548186360497731,0.9298137584478422,0.8660087435326085,0.8704371992541162,0.7821128713532183,0.5783596458719524,0.8997004336686372
0.107,4.24899646326268,0.9712241282907392,0.976508170474384,0.9935686591762547,0.9954288267660664,0.9850470116296223,0.9918674897587867,0.989732785760926,0.9942049290554348,0.9917917102861025,0.9689555612473261,0.9559341807594132,0.9313715984989258,0.8683175403251243,0.8728783371144083,0.7851624208636601,0.5815406095391575,0.9010482146858427
0.108,4.278989097190332,0.9720208277825632,0.9771888705299364,0.9938118677056286,0.995611858210213,0.9855233610513136,0.9921641244970728,0.9900925070362239,0.9944337742660565,0.9920966458854157,0.9698060236535951,0.9570161129720687,0.9328864951730312,0.8705738943568889,0.8752612130862308,0.7881535360784198,0.58467908607576,0.9023647759959433
0.109,4.308846120113037,0.9727910104735319,0.9778460730518257,0.994044595054409,0.9957866264857824,0.985981966265871,0.9924483454757164,0.9904376848644407,0.9946523667213082,0.9923886394093326,0.970628677342376,0.9580656300037135,0.9343598585127817,0.872779267438641,0.8775874771149765,0.7910875939409273,0.5877758609704835,0.9036511030668409
0.11,4.338568449699248,0.9735357102619696,0.9784807221032554,0.9942673491120538,0.9959535474546103,0.9864235860522134,0.9927207399578603,0.9907689866626913,0.9948612207273215,0.9926683091773981,0.9714245801562652,0.9590838796347474,0.9357930447170986,0.8749350733273268,0.8798587260092998,0.7939659339390741,0.5908317016970895,0.9049081424858737
0.111,4.3681569953563395,0.9742559145628746,0.979093718223974,0.9944806103242042,0.9961130138056601,0.9868489423451577,0.9929818640924577,0.9910870454411743,0.9950608219529343,0.9929362405699836,0.9721947438044253,0.9600719624614948,0.9371873584922565,0.8770426795356016,0.8820765053134738,0.7967898592123026,0.5938473581760961,0.9061368037940208
0.112,4.397612658323354,0.9749525666888542,0.9796859207083205,0.9946848333369415,0.9962653964786562,0.9872587222514705,0.9932322447482844,0.9913924617810468,0.9952516291887528,0.9931929879717811,0.9729401361464856,0.9610309341209184,0.9385440552871466,0.8791034090651516,0.8842423111108749,0.7995606376261705,0.5968235632252472,0.9073379612192964
0.113,4.4269363317625094,0.9756265680936272,0.9802581497491929,0.9948804485323084,0.9964110459915824,0.9876535799424283,0.9934723812283389,0.99168580568629,0.9954340759876075,0.9934390765889742,0.9736616833491196,0.9619618073962358,0.9398643434191039,0.8811185420673404,0.8863575917610313,0.8022795028151339,0.5997610329988494,0.908512455315675
0.114,4.456128900849479,0.9762787804869382,0.9808111884567285,0.9950678634629974,0.9965502936791589,0.9880341384312975,0.9937027468732189,0.9919676183184112,0.9956085721951429,0.9936750041490873,0.9743602719232335,0.9628655542106103,0.941149386096273,0.8830893174345228,0.8884237495726128,0.8049476551943082,0.60266046741613,0.9096610945134407
0.115,4.485191242862454,0.9769100278290986,0.9813457847598519,0.995247464193479,0.9966834528488407,0.9884009912435109,0.9939237905613826,0.9922384136221489,0.9957755053785771,0.9939012424918122,0.9750367506491474,0.9637431075156043,0.9424003033421228,0.8850169343251943,0.8904421424146685,0.8075662629409585,0.6055225505787644,0.9107846565864406
0.116,4.51412422727003,0.9775210982127959,0.9818626531982573,0.9954196165542724,0.9968108198603499,0.988754703986741,0.9941359381135902,0.9924986798497231,0.9959352421610322,0.9941182390584754,0.9756919323966459,0.9645953630806385,0.943618173827388,0.8869025536259937,0.8924140852683492,0.8101364629464827,0.6083479511777384,0.9118838900413346
0.117,4.542928715817912,0.9781127456392682,0.9823624766118553,0.9955846673155316,0.9969326751342812,0.9890958158275336,0.9943395936082543,0.9927488809906003,0.9960881294682479,0.9943264182872167,0.9763265958463103,0.965423181189288,0.944804036614399,0.8887472993534243,0.8943408517212967,0.8126593617396476,0.6111373228897308,0.912959515433586
0.118,4.571605562614476,0.9786856916954587,0.9828459077342161,0.9957429452856466,0.9970492840948775,0.9894248408806775,0.9945351406139119,0.9929894581132235,0.9962344956939572,0.9945261829204168,0.9769414871181056,0.9662273882478639,0.9459588928184701,0.8905522599980258,0.8962236754067983,0.8151360363818301,0.6138913047631941,0.9140122266146093
0.119,4.60015561421518,0.9792406271382992,0.9833135706960794,0.9958947623401117,0.9971608980516764,0.9897422695170371,0.9947229433445567,0.993220830624667,0.9963746517897174,0.9947179152304156,0.9775373213128,0.9670087783113754,0.9470837071907396,0.8923184898135859,0.8980637513897526,0.817567535335019,0.6166105215943292,0.9150426919141904
0.12,4.628579709705882,0.9797782133918542,0.983766062444582,0.9960404143855187,0.9972677550243597,0.9900485695951575,0.994903347743137,0.9934433974537447,0.9965088922845365,0.9949019781691074,0.9781147839714209,0.9677681145316352,0.9481794096266016,0.8940470100538657,0.8998622375014202,0.8199548793033172,0.6192955842931518,0.9160515552620236
0.121,4.6568786807850335,0.9802990839626672,0.9842039540834595,0.9961801822631581,0.9973700805148044,0.9903441876215731,0.9950766824981234,0.9936575381626815,0.9966374962392274,0.9950787164465887,0.978674532457606,0.9685061305319682,0.9492468966036236,0.8957388101591841,0.9016202556248682,0.8222990620486839,0.6219470902398522,0.9170394372519379
0.122,4.685053351844802,0.9808038457782879,0.984627792139118,0.9963143325963746,0.9974680882300286,0.990629549844396,0.9952432599976864,0.9938636139920974,0.9967607281400468,0.9952484575436453,0.9792171972673942,0.9692235317126984,0.950287032552626,0.8973948488950992,0.903338892932956,0.8246010511816404,0.6245656236316541,0.918006936152168
0.123,4.713104540051131,0.9812930804536246,0.9850380997571359,0.9964431185855136,0.997561980759441,0.9909050632844425,0.9954033772256873,0.9940619688436944,0.9968788387358282,0.9954115126625167,0.979743383270697,0.9699209964913234,0.9513006511653808,0.8990160554453125,0.9050192030806442,0.8268617889276554,0.6271517558203784,0.9189546288647863
0.124,4.74103305542274,0.9817673454894583,0.9854353778334488,0.9965667807540085,0.9976519502095467,0.9911711167078476,0.9955573166033771,0.9942529302047329,0.996992065822503,0.9955681776200522,0.9802536708884245,0.970599177481043,0.9522885566421957,0.9006033304608235,0.9066622073533481,0.8290821928699131,0.6297060456409245,0.9198830718372187
0.125,4.7688397009090915,0.9822271754071646,0.9858201060841827,0.9966855476488968,0.997738178799026,0.9914280815438515,0.9957053467804098,0.9944368100180837,0.9971006349786128,0.9957187336870728,0.9807486172089787,0.9712587026110769,0.9532515248824617,0.902157547067264,0.9082688957729981,0.8312631566691554,0.6322290397308754,0.9207928019285795
0.126,4.796525272467345,0.9826730828234264,0.9861927440578323,0.9967996364988113,0.9978208394168858,0.9916763127511804,0.9958477233785209,0.9946139055013733,0.9972047602551455,0.9958634483774782,0.9812287570475935,0.9719001761919949,0.9541903046210669,0.9036795518322471,0.9098402281634077,0.833405550761275,0.6347212728414371,0.9216843372333741
0.127,4.824090559138306,0.9831055594684684,0.9865537320932419,0.996909253832272,0.9979000961461775,0.9919161496362113,0.9959846896909743,0.994784499918496,0.9973046448227864,0.9960025761903882,0.981694603951776,0.9725241799290841,0.9551056185134192,0.9051701656944812,0.9113771351764933,0.8355102230333235,0.6371832681399204,0.9225581778649694
0.128,4.851536343121388,0.9835250771511225,0.9869034922266121,0.9970145960588976,0.9979761047556022,0.9921479166258916,0.9961164773406633,0.9949488633065315,0.997400481579444,0.9961363593083686,0.9821466511559047,0.9731312738865956,0.9559981641716668,0.9066301848563176,0.9128805192808367,0.8375779994785836,0.6396155375039777,0.9234148067010715
0.129,4.878863399848594,0.983932088673808,0.987242429050546,0.9971158500159691,0.9980490131611434,0.9923719239981839,0.9962433068995423,0.995107253160896,0.997492453720707,0.9962650282545801,0.982585372487842,0.9737219974055332,0.9568686151545585,0.9080603816413181,0.9143512557140221,0.839609684831342,0.6420185818077921,0.9242546900933094
0.13,4.906072498057554,0.9843270287003274,0.9875709305279543,0.9972131934826031,0.9981189618597209,0.992588468572618,0.9963653884718798,0.9952599150813627,0.9975807352756891,0.9963888025114874,0.983011223230245,0.9742968699774956,0.9577176219132556,0.9094615053183541,0.9157901934001298,0.841606063181979,0.6443928912004313,0.9250782785428987
0.131,4.933164399863604,0.9847103145791797,0.9878893687634516,0.9973067956636321,0.9981860843367097,0.9927978343633616,0.9964829222436463,0.9954070833814007,0.9976654916105516,0.9965078911035843,0.9834246409390941,0.9748563920769259,0.958545812695278,0.9108342828936845,0.9171981558337162,0.8435678985729853,0.6467389453765642,0.9258860073442332
0.132,4.960139860830946,0.9850823471249313,0.9881981007347124,0.9973968176451429,0.9982505074490386,0.9930002931970586,0.9965960990001904,0.9955489816631167,0.9977468799018192,0.9966224931464138,0.9838260462217978,0.9754010459539831,0.9593537944086458,0.9121794198723818,0.918575941931561,0.8454959355764915,0.6490572138397382,0.9266782971981383
0.133,4.986999630042888,0.9854435113600208,0.9884974689860919,0.997483412823485,0.9983123517854612,0.9931961052975378,0.9967051006142071,0.9956858233599295,0.9978250495814638,0.9967327983640147,0.9842158434770962,0.9759312963901251,0.9601421534481693,0.913497600990421,0.919924326853412,0.8473908998538866,0.6513481561584176,0.9274555547964158
0.134,5.013744450171185,0.9857941772192275,0.988787802286675,0.9975667273094357,0.9983717320054771,0.9933855198393535,0.9968101005058632,0.9958178122489614,0.9979001427555829,0.996838987576771,0.984594421598844,0.9764475914183597,0.9609114564857342,0.9147894909186787,0.9212440627929135,0.8492534986980854,0.6536122222149707,0.9282181733792155
0.135,5.040375057544484,0.9861347002188914,0.9890694162547768,0.9976469003090945,0.9984287571582809,0.9935687754719967,0.9969112640768193,0.9959451429349974,0.997972294598379,0.9969412331615111,0.9849621546456352,0.9769503630100158,0.9616622512263252,0.9160557349400359,0.9225358797398593,0.8510844215589899,0.6558498524478005,0.9289665332666664
0.136,5.066892182215909,0.9864654220928489,0.9893426139507949,0.9977240644829655,0.9984835309830158,0.9937461008164915,0.9970087491197669,0.9960680013077433,0.9980416337230197,0.9970396994855781,0.9853194024781067,0.9774400277297729,0.9623950671314454,0.9172969596007214,0.923800486214864,0.8528843405526708,0.6580614780868013,0.9297010023661256
0.137,5.093296548029766,0.9867866713969222,0.9896076864401895,0.9977983462845934,0.998536152191523,0.9939177149359834,0.9971027062049923,0.996186564973993,0.9981082825308556,0.9971345433164751,0.9856665113656561,0.9779169873605905,0.9631104161114926,0.9185137733369794,0.9250385699775103,0.8546539109547913,0.660247521382326,0.93042193665632
0.138,5.1195888726874115,0.9870987640836931,0.9898649133282651,0.9978698662800216,0.9985867147346972,0.9940838277818246,0.9971932790453749,0.9963010036662153,0.9981723575403647,0.9972259142085819,0.986003814564201,0.978381629500082,0.9638087931885784,0.9197067670780965,0.9262507987089834,0.8563937716787624,0.6624083958278434,0.9311296806495724
0.139,5.145769867812279,0.9874020040491832,0.9901145632683168,0.9979387394492563,0.9986353080534769,0.994244640616564,0.9972806048411362,0.9964114796289668,0.9982339696971045,0.9973139548683427,0.9863316328665145,0.9788343281297915,0.9644906771311921,0.9208765148267786,0.9274378206701676,0.8581045457391272,0.6645445063764575,0.9318245678332514
0.14,5.171840239014085,0.987696683652968,0.990356894444614,0.9980050754708418,0.9986820173154343,0.9944003464151601,0.9973648146055658,0.9965181479844497,0.9982932246658589,0.9973988014992305,0.9866502751265799,0.9792754441587503,0.9651565310620411,0.9220235742178146,0.9286002653361421,0.8597868407006348,0.6666562496514645,0.9325069210914991
0.141,5.197800685952213,0.9879830842131585,0.990592155031603,0.9980689789905788,0.9987269236378598,0.994551130245655,0.9974460334728726,0.9966211570784448,0.9983502231060934,0.9974805841277041,0.9869600387593267,0.9797053259426088,0.9658068030403297,0.9231484870559343,0.9297387440079768,0.8614412491134703,0.6687440141511111,0.9331770531082444
0.142,5.223651902398317,0.9882614764775994,0.990820583630625,0.998130549875346,0.998770104298178,0.9946971696304691,0.9975243809892309,0.996720648807773,0.9984050609317507,0.9975594269113023,0.9872612102170273,0.9801243097795715,0.9664419266196714,0.924251779833713,0.9308538504026906,0.8630683489350778,0.6708081804477211,0.9338352667524471
0.143,5.249394576298111,0.9885321210725544,0.991042409685371,0.998189883452928,0.9988116329324759,0.9948386348894027,0.9975999713880241,0.9968167589303644,0.9984578295563553,0.9976354484299368,0.9875540654435643,0.9805327203842903,0.9670623213827695,0.925333964230348,0.9319461612222064,0.86466870393901,0.6728491213813468,0.9344818554464612
0.144,5.275029389832402,0.988795268930071,0.9912578538772209,0.9982470707386857,0.9988515797228693,0.9949756894653677,0.997672913850223,0.9969096173589433,0.9985086161243253,0.9977087619613836,0.9878388703077066,0.9809308713408106,0.9676683934539424,0.9263955375920881,0.9330162367020993,0.8662428641112198,0.674867202248101,0.9351171035183625
0.145,5.300557019477352,0.9890511616951527,0.9914671285015425,0.9983021986498578,0.998890011574391,0.9951084902338049,0.9977433127507737,0.9969993484392797,0.9985575037293364,0.9977794757419037,0.9881158810164704,0.9813190655356037,0.9682605359905152,0.927436983395068,0.934064621140908,0.8677913660342005,0.6768627809833282,0.9357412865390335
0.146,5.325978136063978,0.9893000321137952,0.9916704378259719,0.9983553502082277,0.9989269922820319,0.9952371877966892,0.9978112678918162,0.9970860712138878,0.9986045716205213,0.9978476932128667,0.9883853445095767,0.9816975955716613,0.9688391296540454,0.9284587716912573,0.9350918434107423,0.8693147332593623,0.6788362083397491,0.9363546716447535
0.147,5.351293404836919,0.9895421044028858,0.9918679784316241,0.9984066047318407,0.9989625826885324,0.9953619267619673,0.9978768747235021,0.9971698996720091,0.9986498953972408,0.9979135132541946,0.9886474988359651,0.9820667441645757,0.9694045430623051,0.9294613595382153,0.9360984174498996,0.8708134766680273,0.68078782806074,0.936957517846007
0.148,5.376503485512465,0.9897775946029082,0.9920599395381398,0.9984560380164186,0.998996840833476,0.9954828460092225,0.9979402245531293,0.9972509429866566,0.9986935471931129,0.9979770304053924,0.9889025735132657,0.982426784521481,0.969957133222892,0.9304451914132977,0.9370848427381693,0.872288094821409,0.6827179770488704,0.9375500763231757
0.149,5.401609032335867,0.9900067109143368,0.9922465033134115,0.9985037225070706,0.9990298220942051,0.995600078942314,0.9980014047432686,0.997329305739451,0.9987355958499408,0.9980383350748816,0.9891507898710843,0.98277798070368,0.9704972459493008,0.9314106996129449,0.9380516047554758,0.8737390742999319,0.684626985529851,0.9381325907097525
0.15,5.42661069413793,0.99022965401856,0.9924278451687917,0.9985497274608676,0.9990615793190463,0.9957137537296935,0.9980604988995134,0.9974050881339382,0.998776107082143,0.9980975137383107,0.9893923613789061,0.9831205879737418,0.971025216260243,0.9323583046376454,0.9389991754244932,0.8751668900322346,0.6865151772120098,0.9387052973636706
0.151,5.451509114390915,0.9904466173841203,0.9926041340405336,0.9985941191008055,0.9990921629532958,0.9958239935330611,0.9981175870484463,0.9974783861980296,0.998815143632245,0.9981546491264729,0.9896274939593818,0.983454853127809,0.9715413687629662,0.9332884155631488,0.9399280135378311,0.8765720056141924,0.688382869441441,0.9392684256273196
0.152,5.476304931263736,0.9906577875590167,0.9927755326581755,0.9986369607616569,0.9991216211583945,0.9959309167249806,0.998172745806375,0.9975492919761731,0.9988527654179596,0.9982098204034222,0.9898563862877159,0.9837810148138183,0.9720460180212837,0.9342014303984703,0.9408385651703717,0.8779548736182766,0.6902303733529396,0.9398221980767821
0.153,5.500998777676491,0.9908633444497724,0.992942197800539,0.9986783130281708,0.999149999924687,0.9960346370960436,0.9982260485393634,0.9976178937118216,0.9988890296713501,0.9982631033353446,0.990079230077839,0.9840993038362993,0.9725394689089948,0.9350977364312127,0.9417312640773162,0.8793159358935673,0.6920579940168496,0.9403668307608013
0.154,5.525591281354309,0.9910634615879329,0.9931042805399729,0.9987182338660613,0.9991773431781419,0.9961352640521315,0.9982775655150429,0.9976842760207344,0.9989239910705349,0.9983145704507038,0.9902962103560096,0.9844099434483801,0.9730220169493388,0.935977710560704,0.9426065320784736,0.8806556238567185,0.693866030581947,0.940902533429955
0.155,5.550083064880546,0.9912583063846215,0.9932619264754394,0.9987567787461905,0.9992036928813806,0.9962329028022969,0.9983273640466669,0.9977485200556142,0.9989577018643698,0.998364291192153,0.9905075057224548,0.9847131496316008,0.9734939486410961,0.9368417196194276,0.9434647794293062,0.881974358774168,0.6956547764144676,0.9414295097565022
0.156,5.57447474574932,0.9914480403737457,0.9934152759550057,0.9987940007623313,0.9992290891293432,0.9963276545377542,0.9983755086298381,0.9978107036625523,0.9989902119905103,0.9984123320606695,0.9907132886016301,0.9850091313640984,0.973955541771922,0.937690120683205,0.944306405179226,0.8832725520358748,0.6974245192333944,0.9419479575453226
0.157,5.5987669364174035,0.9916328194444138,0.9935644642882744,0.9988299507428694,0.9992535702398992,0.9964196166024419,0.9984220610723156,0.9978709015297247,0.9990215691872358,0.9984587567523484,0.9909137254816412,0.9852980908777024,0.9744070657194661,0.9385232613705674,0.9451317975176146,0.8845506054208558,0.699175541242114,0.9424580689363656
0.158,5.622960244355496,0.9918127940630956,0.9937096219492537,0.9988646773567845,0.9992771728396925,0.9965088826555922,0.9984670806172811,0.9979291853287607,0.9990518190993926,0.9985036262882574,0.9911089771433502,0.9855802239044509,0.9748487817408089,0.9393414801317359,0.9459413341080227,0.8858089113547875,0.7009081192565475,0.9429600305989989
0.159,5.647055272098849,0.9919881094860237,0.9938508747701448,0.9988982272142266,0.9992999319454896,0.9965955428267189,0.998510624060426,0.9979856238491757,0.9990810053787889,0.9985469991377357,0.9912991988796549,0.9858557199130121,0.9752809432507167,0.9401451065276116,0.9467353824109883,0.8870478531599251,0.702622524829855,0.9434540239186175
0.16,5.671052617297297,0.9921589059623134,0.9939883441264926,0.9989306449619889,0.9993218810412872,0.9966796838634124,0.9985527458611936,0.9980402831262389,0.9991091697793587,0.9985889313354985,0.991484540705407,0.9861247623354699,0.9757037960891979,0.9409344614991599,0.947514299995891,0.8882678052975899,0.7043190243738218,0.9439402251758711
0.161,5.694952872764666,0.9923253189282508,0.9941221471141286,0.9989619733741562,0.9993430521514168,0.9967613892723085,0.9985934982484944,0.998093226562627,0.999136352247386,0.9986294765928808,0.9916651475584108,0.98638752878491,0.9761175787788144,0.9417098576275584,0.9482784348422489,0.8894691336034594,0.7059978792770117,0.9444188057188363
0.162,5.7187566265275915,0.9924874791931714,0.9942523967183048,0.998992253438194,0.9993634759098721,0.9968407394535744,0.9986329313211948,0.9981445150441909,0.9991625910070695,0.9986686864035416,0.9918411594919199,0.9866441912642239,0.9765225227721865,0.9424715993854587,0.9490281256308459,0.8906521955158926,0.707659346019791,0.9448899321284544
0.163,5.742464461873741,0.9926455131173338,0.9943792019753995,0.9990215244367276,0.9993831816260664,0.9969178118292435,0.9986710931436581,0.998194207050148,0.9991879226416871,0.9987066101439263,0.992012711859029,0.986894916366521,0.9769188526901046,0.9432199833797021,0.9497637020250607,0.891817340297514,0.7093036762863091,0.9453537663775273
0.164,5.766076957399465,0.9927995427821716,0.994502668127557,0.9990498240252442,0.9994021973472238,0.9969926809657026,0.9987080298366038,0.9982423587579904,0.9992123821706039,0.9987432951687701,0.9921799354893378,0.9871398654675269,0.9773067865506446,0.9439552985858134,0.9504854849427575,0.8929649092502716,0.7109311170735254,0.9458104659835629
0.165,5.789594687056857,0.9929496861532813,0.9946228967705991,0.9990771883059382,0.9994205499175846,0.9970654186906276,0.998743785663534,0.9982890241433859,0.9992360031223553,0.9987787869019066,0.992342956858244,0.9873791949103208,0.977686535989665,0.9446778265745792,0.9511937868190838,0.8940952359241751,0.7125419107973667,0.9462601841557357
0.166,5.813018220200267,0.9930960572364919,0.9947399859955331,0.9991036518979086,0.9994382650346046,0.9971360942046412,0.9987784031129631,0.998334255075333,0.9992588176040205,0.9988131289226322,0.9925018982492035,0.9876130561827549,0.9780583064730439,0.9453878417310146,0.9518889118605035,0.895208646319919,0.714136295396103,0.9467030699362239
0.167,5.836348121632245,0.9932387662273409,0.9948540305239629,0.9991292480039022,0.9994553673023104,0.997204774187955,0.9988119229766709,0.9983781014068136,0.99928085636709,0.9988463630478633,0.9926568779092814,0.9878415960878725,0.9784222975010012,0.946085611465997,0.952571156290386,0.8963054590855841,0.7157145044310151,0.9471392683361642
0.168,5.859584951648937,0.9933779196542626,0.9949651218376896,0.9991540084737881,0.9994718802819668,0.9972715229022419,0.9988443844241883,0.9984206110611762,0.9993021488700193,0.9988785294103064,0.9928080101982986,0.9880649569076371,0.9787787028048334,0.9467713964208452,0.953240808586456,0.8973859857076031,0.7172767671844389,0.9475689204664588
0.169,5.882729266084937,0.9935136205157837,0.9950733483027808,0.9991779638649348,0.9994878265402026,0.9973364022879737,0.9988758250737142,0.9984618301144692,0.9993227233376479,0.9989096665328525,0.9929554057318655,0.9882832765602592,0.9791277105363724,0.9474454506651029,0.9538981497103992,0.8984505306961761,0.7188233087552571,0.9479921636636555
0.17,5.905781616357617,0.9936459684120028,0.9951787952883655,0.9992011434996573,0.9995032276947322,0.9973994720574438,0.9989062810596462,0.9985018028739292,0.9993426068176535,0.9989398113993916,0.993099171518578,0.9884966887514013,0.9794695034504698,0.9481080218877808,0.9545434533299048,0.8994993917653099,0.7203543501519163,0.9484091316111115
0.171,5.928742549510906,0.9937750596706154,0.9952815452804036,0.9992235755198838,0.999518104457801,0.9974607897836852,0.9989357870969042,0.9985405719528214,0.9993618252342026,0.9989689995222363,0.9932394110916383,0.9887053231195256,0.9798042590807886,0.9487593515822955,0.9551769860334176,0.9005328600076502,0.7218701083830372,0.9488199544556442
0.172,5.951612608258574,0.9939009874677371,0.9953816779906635,0.9992452869391913,0.9995324766774795,0.9975204109854826,0.9989643765422103,0.9985781783418157,0.9993804034389453,0.998997265006328,0.9933762246351509,0.9889093053756339,0.9801321499091766,0.9493996752253403,0.9557990075378626,0.9015512200642725,0.723370796545689,0.9492247589198548
0.173,5.9743923310269915,0.9940238419437608,0.9954792704611305,0.9992663036923451,0.999546363376918,0.9975783892086646,0.9989920814524809,0.9986146614770726,0.9993983652594995,0.9990246406103935,0.9935097091053302,0.9891087574376426,0.9804533435288819,0.9500292224499061,0.9564097708895891,0.9025547502895894,0.7248566239113938,0.9496236684103112
0.174,5.997082251997371,0.9941437103144728,0.9955743971640572,0.9992866506824729,0.999559782791673,0.9976347761038568,0.9990189326404809,0.998650059305205,0.9994157335455549,0.9990511578052085,0.9936399583468464,0.9893037975596182,0.9807680028018567,0.9506482172126693,0.9570095226587811,0.9035437229115294,0.7263277960099288,0.9500168031217643
0.175,6.01968290114754,0.9942606769776446,0.9956671300978553,0.9993063518259946,0.9995727524052045,0.9976896215008623,0.9990449597278769,0.9986844083452713,0.9994325302127245,0.9990768468291155,0.9937670632045228,0.9894945404560945,0.9810762860103904,0.951256877955949,0.9575985031275627,0.904518404187133,0.727784514710984,0.9504042801375577
0.176,6.042194804293193,0.9943748236153006,0.9957575388790216,0.9993254300954253,0.9995852889826443,0.99774297347983,0.9990701911958229,0.998717743747946,0.9994487762842632,0.9991017367409377,0.9938911116305903,0.9896810974216763,0.9813783470032952,0.9518554177644305,0.9581769464720227,0.9054790545537115,0.729226978303744,0.9507862135263943
0.177,6.064618483128674,0.9944862292918581,0.9958456908302752,0.9993439075601582,0.9995974086029223,0.9977948784393642,0.9990946544332024,0.9987500993520101,0.9994644919307636,0.9991258554704194,0.9940121887876937,0.9898635764461288,0.9816743353368639,0.9524440445168437,0.9587450809383756,0.9064259287757068,0.7306553815744449,0.9511627144356078
0.178,6.086954455267275,0.9945949705483226,0.9959316510650809,0.999361805425332,0.9996091266893401,0.9978453811617163,0.9991183757826455,0.9987815077382912,0.9994796965079363,0.9991492298663192,0.9941303771478337,0.9900420823251416,0.9819643964108067,0.953022961032779,0.9593031290134629,0.9073592760873861,0.7320699158819713,0.9515338911810821
0.179,6.109203234281067,0.9947011214927127,0.9960154825687211,0.9993791440688798,0.9996204580386695,0.997894524875198,0.9991413805844306,0.9988120002811791,0.9994944085925739,0.9991718857422738,0.9942457565874218,0.9902167167669477,0.9822486715993645,0.9535923652148114,0.9598513075897943,0.9082793403314994,0.733470769231543,0.9518998493339542
0.18,6.13136532974026,0.9948047538868828,0.99609724627607,0.999395943076851,0.9996314168488558,0.9979423513139448,0.9991636932183781,0.9988416071978355,0.9995086460167923,0.9991938479205446,0.9943584044786167,0.9903875784949682,0.9825272983777894,0.9541524501861038,0.960389828125323,0.9091863600940288,0.7348581263465497,0.9522606918042362
0.181,6.153441247252106,0.9949059372299004,0.9961770011462198,0.9994122212770942,0.9996420167453952,0.9979889007751508,0.9991853371438343,0.99887035759521,0.9995224259006411,0.9992151402737521,0.9944683957771009,0.9905547633466483,0.9828004104443743,0.9547034044236472,0.9609188967981351,0.910080568835147,0.7362321687385843,0.952616518921474
0.182,6.175431488499353,0.99500473883813,0.9962548042340971,0.9994279967713829,0.9996522708064564,0.9980342121738951,0.9992063349378416,0.9988982795149683,0.9995357646831625,0.9992357857646996,0.994575803106451,0.9907183643686395,0.9830681378382038,0.9552454118872934,0.9614387146562331,0.9109621950165042,0.7375930747757256,0.9529674285125689
0.183,6.1973365512782435,0.9951012239221667,0.9963307107592051,0.9994432869660616,0.9996621915868092,0.9980783230956678,0.9992267083315813,0.9989253999764336,0.9995486781519823,0.9992558064843786,0.9946806968392468,0.9908784719084794,0.9833306070527945,0.9557786521447285,0.961949477762584,0.9118314622249555,0.7389410197491197,0.9533135159768696
0.184,6.219156929536083,0.9951954556607558,0.9964047741716163,0.9994581086012853,0.9996717911406234,0.9981212698467027,0.9992464782451774,0.9989517450176364,0.9995611814715061,0.9992752236882485,0.9947831451750567,0.9910351737029104,0.9835879411457829,0.9563033004925289,0.9624513773355952,0.912688589292839,0.7402761759379071,0.9536548743586459
0.185,6.24089311340836,0.99528749527183,0.9964770462153382,0.9994724777789251,0.9996810810431922,0.9981630875022155,0.9992656648209383,0.9989773397345638,0.9995732892097909,0.9992940578308732,0.9948832142154351,0.9911885549629732,0.9838402598448126,0.9568195280734382,0.9629445998851754,0.913533790414911,0.7415987126725458,0.9539915944170502
0.186,6.262545589255456,0.9953774020807863,0.9965475769891669,0.9994864099892019,0.9996900724116377,0.9982038099526441,0.9992842874551136,0.9990022083186936,0.9995850153641617,0.9993123285989961,0.9949809680360521,0.9913386984560084,0.9840876796497694,0.9573275019899948,0.963429327344537,0.9143672752620375,0.7429087963965673,0.9543237646936599
0.187,6.284114839698911,0.995465233586122,0.9966164150051371,0.999499920136113,0.9996987759246476,0.99824346994798,0.9993023648282384,0.999026374092894,0.9995963733856333,0.9993300549431292,0.995076468756081,0.9914856845846864,0.9843303139315001,0.9578273854146393,0.9639057371978799,0.9151892490917466,0.7442065907268187,0.9546514715777017
0.188,6.305601343657289,0.9955510455225433,0.9966836072446738,0.999513022561711,0.9997072018412942,0.9982820991402775,0.999319914934133,0.9990498595457677,0.9996073762021997,0.9993472551077291,0.9951697766049563,0.9916295914631886,0.9845682730271529,0.9583193376964209,0.9643740026041033,0.9159999128557315,0.7454922565122251,0.9549747993690456
0.189,6.32700557638162,0.995634891921651,0.9967491992125448,0.9995257310692894,0.9997153600189783,0.9983197281244238,0.9993369551076201,0.9990726863645125,0.9996180362410472,0.9993639466600275,0.9952609499866103,0.9917704949906501,0.9848016643322645,0.9588035144644222,0.9648342925166792,0.9167994633044009,0.7467659518911175,0.9552938303390527
0.19,6.348328009490446,0.995716825170309,0.9968132349887086,0.9995380589455297,0.9997232599305452,0.9983563864772438,0.9993535020510259,0.9990948754663678,0.9996283654497431,0.9993801465175811,0.9953500455412949,0.9919084689219758,0.9850305923897192,0.9592800677280142,0.9652867717998174,0.9175880930885646,0.7480278323471651,0.9556086447893658
0.191,6.3695691110044494,0.9957968960667913,0.9968757572781473,0.9995500189816591,0.9997309106806116,0.9983921027950191,0.9993695718595178,0.9991164470287139,0.9996383753164543,0.9993958709746039,0.9954371182050882,0.9920435849361319,0.9852551589756963,0.9597491459740494,0.96573160134105,0.9183659908583415,0.7492780507639496,0.9559193211087171
0.192,6.390729345380711,0.9958751538748007,0.9969368074587722,0.999561623493667,0.9997383210211437,0.9984269047294871,0.9993851800453376,0.9991374205178862,0.9996480768892404,0.9994111357271375,0.9955222212671789,0.9921759127020129,0.9854754631827187,0.9602108942610978,0.9661689381603552,0.9191333413593726,0.7505167574782207,0.9562259358278292
0.193,6.411809173546549,0.9959516463754488,0.9969964256274821,0.9995728843416264,0.9997454993663224,0.9984608190223891,0.9994003415609802,0.9991578147167641,0.9996574807944689,0.9994259558971171,0.9956054064250227,0.9923055199419788,0.9856916014999132,0.9606654543108284,0.9665989355159382,0.9198903255264228,0.7517441003318657,0.9565285636724855
0.194,6.432809052932996,0.9960264199172816,0.9970546506444539,0.9995838129481608,0.9997524538067322,0.9984938715386318,0.9994150708213689,0.9991776477511908,0.999666597254395,0.9994403460553847,0.9956867238374552,0.9924324724931548,0.9859036678905829,0.9611129645966274,0.9670217430067807,0.9206371205744459,0.7529602247226327,0.9568272776148365
0.195,6.453729437507887,0.9960995194644322,0.9971115201757387,0.9995944203160997,0.9997591921229048,0.9985260872981216,0.9994293817250737,0.9991969371152777,0.9996754361039465,0.9994543202436984,0.9957662221758449,0.9925568343665797,0.986111753867194,0.9615535604295532,0.9674375066720692,0.921373900087193,0.7541652736536381,0.9571221489230084
0.196,6.474570777808565,0.9961709886429764,0.9971670707342365,0.9996047170453599,0.9997657217982514,0.9985574905063305,0.9994432876746164,0.9992156996956457,0.9996840068067537,0.9994678919957876,0.9958439486733672,0.9926786678042855,0.9863159485638713,0.9619873740417116,0.9678463690876046,0.9221008341034347,0.7553593877816918,0.9574132472090803
0.197,6.4953335209742304,0.9962408697855674,0.9972213377191153,0.9996147133490897,0.9997720500314111,0.9985881045836483,0.9994568015959082,0.9992339517946501,0.9996923184704596,0.9994810743574953,0.9959199491724724,0.9927980333343905,0.986516338806495,0.9624145346671419,0.9682484694592962,0.9228180892008685,0.7565427054644753,0.9577006404754885
0.198,6.5160181107779165,0.9963092039744171,0.9972743554537403,0.9996244190691109,0.9997781837480451,0.9986179521935743,0.9994699359568552,0.9992517091526364,0.9997003798613451,0.9994938799060541,0.9959942681706224,0.9929149898242811,0.9867130091804854,0.962835168620294,0.9686439437138343,0.9235258285777824,0.7577153628065991,0.9579843951599178
0.199,6.536624987658109,0.9963760310826946,0.9973261572221762,0.9996338436906909,0.9997841296121027,0.9986470552697972,0.9994827027851749,0.9992689869692709,0.9997081994183048,0.9995063207685327,0.9960669488643655,0.9930295945319536,0.9869060420963607,0.9632493993721786,0.9690329245866385,0.924224212132538,0.7588774937045732,0.9582645761787361
0.2,6.55715458875,0.9964413898144029,0.997376775304318,0.9996429963566765,0.999789894036586,0.9986754350422133,0.9994951136854571,0.9992857999239869,0.9997157852662004,0.999518408639494,0.9961380331918139,0.9931419031555905,0.9870955178531496,0.9636573476242665,0.9694155417071677,0.92491339654094,0.7600292298907182,0.9585412469690242
0.201,6.577607347916406,0.9965053177427977,0.9974262410097116,0.9996518858810212,0.9997954831938346,0.9987031120619252,0.9995071798555045,0.9993021621955879,0.9997231452286253,0.9995301547978999,0.9962075618735884,0.9932519698814348,0.9872815146997348,0.9640591313802118,0.969791921681683,0.9255935353315529,0.7611707009760469,0.9588144695292561
0.202,6.597983695778331,0.9965678513474061,0.9974745847101136,0.9996605207617292,0.999800903025356,0.9987301062252678,0.999518912101987,0.9993180874810437,0.9997302868401058,0.9995415701232971,0.9962755744522919,0.993359847430028,0.9874641088942038,0.9644548660154698,0.970162188173545,0.9262647789590268,0.7623020344921414,0.9590843044586739
0.203,6.618284059745184,0.996629026049701,0.9975218358708454,0.9996689091932494,0.9998061592512214,0.9987564367969005,0.9995303208554395,0.9993335890135164,0.9997372173577674,0.99955266511132,0.9963421093305673,0.9934655871008741,0.9876433747612775,0.9648446643448797,0.970526461981126,0.9269272748754883,0.7634233559320562,0.95935081099541
0.204,6.638508864044664,0.9966888762474859,0.9975680230809866,0.9996770590783396,0.9998112573790491,0.9987821224320067,0.9995414161846332,0.9993486795796511,0.999743943772491,0.9995634498885364,0.9964072038077983,0.9935692388155878,0.9878193847478866,0.9652286366882781,0.9708848611134168,0.9275811676000563,0.7645347887902696,0.9596140470533997
0.205,6.658658529752321,0.99674743534804,0.9976131740824589,0.999684978039428,0.9998162027125933,0.9988071811976366,0.99955220781035,0.999363371536162,0.999750472819581,0.9995739342266716,0.9964708941155033,0.993670851159585,0.9879922094769602,0.9656068909342066,0.9712375008634014,0.9282265987865337,0.7656364546017103,0.959874069258125
0.206,6.678733474820765,0.9968047358000743,0.997657315798043,0.9996926734294945,0.9998210003599581,0.998831630593231,0.9995627051185852,0.9993776768257466,0.9997568109889728,0.9995841275562356,0.9965332154514759,0.9937704714223676,0.9881619177994928,0.9659795326017773,0.9715844938792747,0.9288637072893314,0.7667284729798848,0.960130932981239
0.207,6.698734114108574,0.9968608091245448,0.9977004743583714,0.9997001523424929,0.9998256552414541,0.9988554875703597,0.999572917173205,0.9993916069923581,0.9997629645349968,0.9995940389795817,0.9965942020127192,0.9938681456364583,0.988328576844948,0.9663466649007528,0.97192595023357,0.9294926292276743,0.767810961654127,0.9603846923741023
0.208,6.718660859408866,0.9969156859443671,0.9977426751279387,0.9997074216233358,0.9998301720971133,0.9988787685517062,0.9995828527280828,0.9994051731958606,0.9997689394857208,0.9996036772834218,0.996653887027221,0.993963918615032,0.98849225207006,0.9667083887899016,0.9722619774902659,0.9301134980481379,0.7688840365059946,0.9606354004002767
0.209,6.738514119477565,0.9969693960130771,0.9977839427301687,0.9997144878774622,0.9998345554938807,0.9989014894493323,0.9995925202387388,0.9994183862260991,0.9997747416518926,0.9996130509508231,0.996712302784615,0.9940578339882937,0.9886530073060872,0.9670648030336814,0.9725926807699379,0.9307264445855666,0.7699478116048339,0.9608831088670095
0.21,6.758294300061349,0.9970219682424778,0.9978243010715756,0.9997213574800049,0.9998388098324943,0.9989236656822498,0.9996019278735023,0.9994312565164057,0.9997803766354987,0.9996221681727091,0.9967694806657691,0.9941499342386498,0.9888109048045748,0.9674160042573052,0.9729181628130157,0.9313315971224174,0.7710023992425361,0.9611278684557464
0.211,6.7780018039252905,0.9970734307293112,0.9978637733650548,0.9997280365845782,0.9998429393540702,0.99894531219333,0.9996110835242203,0.9994437941565679,0.9997858498379567,0.9996310368588873,0.9968254511713457,0.9942402607347137,0.9889660052816753,0.9677620870002419,0.9732385240412096,0.9319290814465763,0.7720479099675037,0.9613697287517036
0.212,6.797637030880194,0.9971238107809948,0.9979023821523386,0.999734531131701,0.9998469481464064,0.998966443465577,0.9996199948165316,0.9994560089052823,0.9997911664679615,0.9996396646486242,0.996880243949368,0.9943288537641928,0.9891183679610799,0.9681031437681998,0.9735538626171613,0.9325190209076889,0.7730844526178512,0.9616087382725381
0.213,6.817200377809639,0.9971731349404565,0.9979401493256483,0.9997408468568721,0.9998508401500168,0.9989870735377911,0.9996286691197248,0.9994679102021164,0.9997963315489966,0.9996480589207879,0.996933887821835,0.9944157525656928,0.9892680506156077,0.968439265083643,0.9738642745023778,0.9331015364720503,0.7741121343538544,0.9618449444961399
0.214,6.836692238696711,0.9972214290101052,0.9979770961485762,0.9997469892983145,0.999854619163909,0.999007216019648,0.9996371135561991,0.999479507178998,0.9998013499265297,0.9996562268035785,0.9969864108104177,0.9945009953594833,0.9894151096074996,0.9687705395348849,0.9741698535135039,0.9336767467760931,0.7751310606896753,0.9620783938875828
0.215,6.856113004650455,0.9972687180749676,0.9980132432762248,0.9997529638043999,0.9998582888511175,0.9990268841062158,0.9996453350105455,0.9994908086712534,0.9998062262749046,0.9996641751838614,0.9970378401612738,0.9945846193772577,0.98955959992746,0.9690970538238058,0.9744706913769822,0.9342447681785149,0.7761413355243734,0.9623091319252604
0.216,6.875463063932038,0.9973150265250249,0.9980486107746348,0.9997587755407729,0.9998618527440021,0.9990460905919339,0.9996533401382636,0.9995018232282138,0.9998109651039438,0.9996719107161249,0.9970882023690114,0.994666660890927,0.9897015752324929,0.9694188928122351,0.9747668777821547,0.9348057148110811,0.7771430611722276,0.9625372031262358
0.217,6.894742801980617,0.9973603780767785,0.9980832181395277,0.9997644294971819,0.999865314249325,0.9990648478840767,0.9996611353741314,0.9995125591234083,0.9998155707652763,0.9996794398310752,0.9971375231998365,0.9947471552404799,0.9898410878825694,0.969736139567042,0.9750585004328547,0.9353596986281452,0.778136338392383,0.9627626510708301
0.218,6.913952601438935,0.9974047957940758,0.9981170843143905,0.9997699304940362,0.9998686766531126,0.9990831680157186,0.9996687269402417,0.9995230243643591,0.9998200474583993,0.9996867687438864,0.9971858277139127,0.994826136860944,0.989978188976169,0.970048875403974,0.9753456450975351,0.9359068294549175,0.779121266417842,0.9629855184264794
0.219,6.9330928421786355,0.9974483021082214,0.9981502277079267,0.9997752831886942,0.9998719431253164,0.9991010626582257,0.9996761208537208,0.9995332267019993,0.9998243992364905,0.9996939034621196,0.997233140286963,0.9949036393084801,0.9901129283847326,0.9703571799302823,0.975628395657979,0.9364472150345209,0.7800979429838133,0.9632058469708804
0.22,6.952163901325301,0.9974909188374032,0.9981826662108995,0.9997804920815014,0.9998751167242765,0.9991185431332892,0.9996833229341414,0.9995431736397247,0.9998286300119784,0.9997008497933264,0.9972794846311421,0.9949796952856378,0.9902453547860647,0.9706611310861704,0.9759068341566391,0.9369809610738657,0.7810664643554401,0.9634236776144544
0.221,6.971166153283222,0.9975326672054563,0.998214417212388,0.9997855615215836,0.9998782004010032,0.9991356204245198,0.9996903388106443,0.9995528724420987,0.9998327435618836,0.9997076133523494,0.9973248838152066,0.9950543366658062,0.9903755156967168,0.9709608051851051,0.9761810408426452,0.9375081712883788,0.782026925354918,0.963639050422146
0.222,6.990099969759903,0.9975735678599935,0.9982454976154825,0.9997904957124089,0.9998811970032779,0.9991523051886216,0.9996971739287803,0.9995623301432233,0.9998367435329392,0.9997141995683325,0.9973693602840068,0.9951275945168845,0.9905034575033924,0.9712562769530211,0.9764510942165238,0.9380289474456153,0.7829794193880202,0.9638520046345861
0.223,7.008965719790294,0.997613640889921,0.9982759238524352,0.9997952987171276,0.9998841092795869,0.9991686077661609,0.9997038335570855,0.9995715535547889,0.999840633446503,0.9997206136914558,0.9974129358773289,0.9951994991242018,0.9906292254934003,0.9715476195664559,0.976717071073668,0.938543389407788,0.7839240384700465,0.9640625786886324
0.224,7.027763769760765,0.9976529058423654,0.9983057118992922,0.9997999744637,0.9998869398828918,0.9991845381919459,0.9997103227933986,0.9995805492738186,0.9998444167032674,0.9997268607994027,0.9974556318481071,0.9952700800127119,0.9907528638841915,0.9718349046896462,0.9769790465465975,0.9390515951732419,0.7848608732512077,0.9642708102373168
0.225,7.046494483432835,0.9976913817390343,0.9983348772900215,0.9998045267498196,0.9998896913742463,0.9992001062050332,0.9997166465709346,0.9995893236901171,0.999848096587779,0.999732945803575,0.9974974688800314,0.9953393659684873,0.99087441585201,0.9721182025106186,0.9772370941460449,0.939553660916903,0.7857900130414611,0.9644767361692097
0.226,7.065158221966627,0.9977290870920273,0.9983634351301599,0.9998089592476433,0.9998923662262644,0.9992153212583755,0.9997228096641224,0.9995978829934392,0.9998516762727734,0.9997388734550633,0.9975384671045727,0.9954073850595393,0.990993923559685,0.9723975817763032,0.9774912858009045,0.9400496810297314,0.7867115458348103,0.9646803926272318
0.227,7.08375534394408,0.9977660399191235,0.9983914001099943,0.9998132755083344,0.9998949668264471,0.9992301925281248,0.999728816694217,0.9996062331803864,0.9998551588233355,0.9997446483503859,0.9975786461174451,0.9954741646559845,0.9911114281835957,0.9726731098267019,0.9777416918970795,0.940539748157204,0.7876255583330832,0.9648818150269198
0.228,7.102286205391924,0.9978022577585581,0.998418786517295,0.9998174789664266,0.9998974954803743,0.999244728922603,0.9997346721346964,0.9996143800610444,0.999858547200892,0.9997502749370022,0.9976180249945268,0.9955397314495826,0.9912269699398327,0.9729448526281371,0.9779883813152586,0.9410239532368547,0.7885321359692,0.9650810380741727
0.229,7.120751159804386,0.9978377576833128,0.9984456082496196,0.9998215729440179,0.9998999544147675,0.9992589390909548,0.999740380316451,0.9996223292653728,0.9998618442670428,0.9997557575186148,0.9976566223072595,0.9956041114726658,0.9913405881095859,0.9732128748056125,0.978231421467658,0.9415023855348977,0.7894313629299448,0.9652780957824909
0.23,7.139150558165681,0.9978725563149334,0.9984718788262003,0.9998255606548011,0.9999023457804279,0.9992728314314944,0.999745945432775,0.9996300862493541,0.9998650527872399,0.9997611002602649,0.997694456137543,0.9956673301164809,0.9914523210637812,0.9734772396743072,0.9784708783337567,0.9419751326819576,0.7903233221782524,0.965473021489727
0.231,7.157484748972239,0.9979066698368932,0.998497611399433,0.9998294452079369,0.9999046716550568,0.999286414099757,0.9997513715441677,0.999637656300916,0.9998681754343182,0.9997663071932322,0.9977315440921459,0.995729412148965,0.9915622062869929,0.9737380092702342,0.9787068164950589,0.9424422807079332,0.7912080954750234,0.9656658478743629
0.232,7.175754078254717,0.9979401140075198,0.9985228187659811,0.9998332296117767,0.999906934045963,0.9992996950162679,0.999756662582952,0.9996450445456321,0.9998712147918867,0.9997713822197466,0.9977679033166469,0.9957903817319729,0.991670280400653,0.9739952443800844,0.9789392991689092,0.9429039140760153,0.7920857634004765,0.9658566069713278
0.233,7.193958889599765,0.9979729041724981,0.9985475133775078,0.9998369167774416,0.9999091348926615,0.9993126818740383,0.999761822357719,0.9996522559522116,0.9998741733575848,0.9997763291175187,0.9978035505089252,0.9958502624379748,0.9917765791855832,0.9742490045702819,0.9791683882413926,0.9433601157158839,0.7929564053750526,0.9660453301873743
0.234,7.212099524171562,0.9980050552769676,0.9985717073510523,0.9998405095222642,0.9999112760693686,0.9993253821457997,0.9997668545576035,0.9996592953377885,0.9998770535462096,0.9997811515440989,0.997838501932216,0.9959090772662447,0.9918811376038682,0.9744993482152736,0.9793941442993442,0.943810967056106,0.7938200996798782,0.9662320483160229
0.235,7.230176320733137,0.9980365818772274,0.998595412479061,0.9998440105730974,0.9999133593873971,0.9993378030909866,0.9997717627564001,0.9996661673730134,0.9998798576927203,0.9997858530410693,0.9978727734277445,0.9959668486585516,0.9919839898200944,0.9747463325250763,0.979616626661496,0.9442565480557547,0.7946769234768025,0.966416791552094
0.236,7.248189615667447,0.9980674981520612,0.9986186402390874,0.9998474225694962,0.9999153865974583,0.9993499517624757,0.9997765504165242,0.999672876586961,0.9998825880551236,0.9997904370380774,0.997906380426956,0.9960235985143766,0.9920851692219721,0.9749900135721009,0.9798358934087873,0.9446969372352716,0.7955269528280148,0.9665995895058332
0.237,7.266139742998246,0.9980978179136992,0.9986414018031722,0.9998507480667792,0.9999173593918708,0.9993618350130927,0.9997812208928251,0.9996794273718571,0.9998852468172481,0.9997949068567167,0.9979393379633539,0.996079348205666,0.9921847084403633,0.9752304463172784,0.9800520014138624,0.9451322117065931,0.7963702627152554,0.9667804712166521
0.238,7.284027034410736,0.9981275546184266,0.9986637080469145,0.9998539895389724,0.9999192794066841,0.9993734595018943,0.9997857774362569,0.999685823987634,0.9998878360914072,0.9997992657142621,0.9979716606839609,0.9961341185911397,0.992282639368731,0.9754676846355039,0.9802650063697796,0.9455624472025579,0.7972069270586266,0.9669594651664862
0.239,7.3018518192719855,0.9981567213768531,0.9986855695582477,0.9998571493816423,0.9999211482237175,0.9993848317002335,0.9997902231974132,0.9996920705663194,0.9998903579209615,0.9998035167272639,0.9980033628604158,0.9961879300301677,0.9923789931820319,0.9757017813404221,0.9804749628179569,0.9459877181056175,0.7980370187350174,0.9671365992927904
0.24,7.319614424651163,0.9981853309638535,0.9987069966459265,0.9998602299146208,0.9999229673725194,0.9993959578976179,0.9997945612299314,0.9996981711162685,0.9998928142827793,0.999807662915007,0.9980344583997187,0.9962408023962303,0.9924738003550675,0.9759327882085715,0.9806819241753731,0.9464080974758672,0.7988606095961469,0.9673119010011793
0.241,7.337315175339523,0.9982133958281941,0.9987279993477396,0.9998632333846281,0.999924738332251,0.9994068442073669,0.9997987944937701,0.999704129526241,0.9998952070896034,0.999811707202843,0.9980649608546366,0.9962927550899746,0.9925670906803116,0.976160756002906,0.9808859427610507,0.9468236570784142,0.7996777704862381,0.9674853971777245
0.242,7.35495439387022,0.9982409281018515,0.9987485874384552,0.9998661619677973,0.9999264625334953,0.9994174965720762,0.9998029258583669,0.9997099495693332,0.9998975381923261,0.9998156524253953,0.9980948834337816,0.9963438070518817,0.992658893285231,0.9763857344957114,0.9810870698218371,0.9472344674101026,0.8004885712593303,0.9676571142009189
0.243,7.372532400537882,0.9982679396090378,0.9987687704375094,0.999869017772103,0.9999281413599964,0.9994279207688973,0.9998069581056805,0.9997156349067684,0.9998998093821759,0.9998195013296477,0.9981242390113727,0.9963939767745564,0.9927492366491156,0.9766077724909363,0.9812853555575092,0.9476405977256115,0.8012930807962391,0.9678270779533189
0.244,7.390049513418014,0.9982944418749422,0.9987885576164475,0.9998718028397009,0.9999297761503325,0.9994381224146367,0.9998108939331207,0.9997211890915513,0.9999020223928223,0.9998232565779175,0.9981530401366921,0.9964432823146523,0.9928381486194318,0.9768269178459513,0.9814808491452158,0.9480421160629398,0.8020913670211697,0.9679953138328722
0.245,7.407506048386167,0.9983204461341962,0.9988079580061248,0.9998745191491787,0.999931368199522,0.9994481069706849,0.9998147359563718,0.9997266155719934,0.9999041789023981,0.9998269207507191,0.9981812990432463,0.9964917413044444,0.9929256564277152,0.9770432174927548,0.9816735987632834,0.9484390892682998,0.8028834969179964,0.9681618467639478
0.246,7.424902319136939,0.9983459633390751,0.9988269804036781,0.9998771686177246,0.9999329187605706,0.9994578797477771,0.9998184867121144,0.9997319176951119,0.9999062805354456,0.999830496349523,0.9982090276576415,0.9965393709630606,0.9930117867050181,0.97725671745864,0.9818636516143968,0.9488315830204278,0.8036695365462108,0.9683267012080659
0.247,7.442238637202756,0.9983710041674428,0.9988456333792743,0.9998797531032148,0.9999344290459564,0.9994674459105964,0.9998221486606467,0.9997370987099092,0.9999083288647892,0.9998339857994124,0.998236237608186,0.9965861881073819,0.993096565496922,0.9774674628863397,0.9820510539481794,0.9492196618543337,0.8044495510565508,0.9684899011743475
0.248,7.459515311972478,0.9983955790304496,0.9988639252826429,0.9998822744062239,0.9999359002290606,0.9994768104822214,0.999825724188413,0.9997421617705354,0.999910325413336,0.999837391451644,0.9982629402332237,0.9966322091626242,0.9931800182781333,0.9776754980536617,0.9822358510831848,0.9496033891844979,0.8052236047063148,0.9686514702296865
0.249,7.4767326507097875,0.9984196980799909,0.9988818642494024,0.9998847342719624,0.9999373334455417,0.9994859783484257,0.9998292156104399,0.999747109939341,0.99991227165581,0.9998407155861144,0.9982891465892128,0.9966774501726109,0.9932621699666707,0.9778808663926319,0.9824180874283207,0.9499828273275354,0.8059917608743711,0.9688114315086531
0.25,7.493890958571429,0.9984433712159353,0.9988994582071866,0.9998871343921413,0.9999387297946585,0.9994949542618348,0.9998326251726853,0.9997519461898207,0.9999141690204186,0.9998439604137384,0.9983148674585545,0.9967219268097449,0.99334304493766,0.9780836105081552,0.9825978065037185,0.9503580375243361,0.8067540820758661,0.9689698077231396
0.251,7.5109905386252125,0.9984666080931299,0.9989167148815763,0.9998894764067697,0.9999400903405427,0.9995037428459448,0.9998359550543036,0.9997566734094556,0.9999160188904596,0.9998471280787385,0.998340113357184,0.9967656543846927,0.9934226670367466,0.9782837721962118,0.9827750509610668,0.9507290799616995,0.8075106299766421,0.9691266211717511
0.252,7.5280316918678825,0.9984894181281906,0.998933641801846,0.9998917619058872,0.9999414161134232,0.9995123485990082,0.9998392073698293,0.9997612944024556,0.9999178226058653,0.9998502206608553,0.9983648945419271,0.9968086478557864,0.9935010595931377,0.9784813924615987,0.9829498626034214,0.9510960137934709,0.8082614654073679,0.9692818937489556
0.253,7.545014717242751,0.9985118105060831,0.9989502463065293,0.9998939924312319,0.9999427081108051,0.9995207758977918,0.9998423841712842,0.9997658118924065,0.9999195814646907,0.9998532401774748,0.9983892210176343,0.9968509218381555,0.9935782454322866,0.9786765115352315,0.9831222824045104,0.9514588971611982,0.8090066483773917,0.9694356469539935
0.254,7.561939911657208,0.9985337941865039,0.9989665355488107,0.9998961694778488,0.9999439672986025,0.9995290290012108,0.9998454874502083,0.9997702285248251,0.9999212967245455,0.999856188585682,0.9984131025440971,0.9968924906125951,0.9936542468882279,0.9788691688910155,0.9832923505275438,0.9518177872143171,0.8097462380883207,0.969587901899559
0.255,7.5788075699999995,0.998555377910067,0.9989825165017494,0.9998982944956403,0.9999451946122311,0.9995371120538442,0.99984851913962,0.9997745468696261,0.9999229696039738,0.9998590677842394,0.9984365486427562,0.9969333681341794,0.9937290858155764,0.9790594032623021,0.983460106343547,0.9521727401298778,0.8104802929473345,0.9697386793202558
0.256,7.595617985158372,0.9985765702043018,0.9989981959633407,0.9999003688908603,0.9999463909576585,0.9995450290893345,0.9998514811159064,0.9997787694235042,0.9999246012837812,0.9998618796154954,0.9984595686032055,0.9969735680406298,0.9938027836011977,0.9792472526579388,0.9836255884492263,0.9525238111318263,0.8112088705802367,0.9698879995808392
0.257,7.612371448035008,0.99859737938947,0.9990135805614205,0.9999023940275547,0.9999475572124158,0.9995527840336778,0.9998543752006478,0.9997828986122336,0.9999261929083155,0.9998646258672256,0.9984821714895012,0.9970131036604424,0.9938753611755629,0.9794327543779251,0.9837888346843847,0.9528710545098493,0.8119320278442549,0.9700358826842459
0.258,7.629068247564826,0.9986178135842071,0.9990286767584183,0.9999043712289497,0.9999486942265718,0.9995603807084059,0.9998572031623774,0.9997869367928898,0.9999277455866976,0.9998673082744065,0.9985043661462818,0.9970519880207861,0.9939468390237941,0.9796159450286851,0.9839498821488959,0.9532145236377958,0.8126498208405886,0.9701823482794184
0.259,7.645708670731569,0.9986378807109931,0.999043490855964,0.9999063017787925,0.9999498028236709,0.9995678228336661,0.9998599667182805,0.9997908862559941,0.9999292603940088,0.9998699285209296,0.9985261612047032,0.9970902338551753,0.9940172371964124,0.9797968605379674,0.9841087672192523,0.9535542709916842,0.8133623049267169,0.9703274156689331
0.26,7.662293002584271,0.9986575885014608,0.9990580289993529,0.9999081869226414,0.9999508838016358,0.9995751140312013,0.9998626675358333,0.9997947492275862,0.9999307383724351,0.9998724882412522,0.9985475650881988,0.9971278536109264,0.9940865753197952,0.9799755361693825,0.984265525564697,0.9538903481673071,0.8140695347284654,0.9704711038164343
0.261,7.678821526253505,0.9986769445015428,0.9990722971818746,0.9999100278691122,0.9999519379336385,0.9995822578272334,0.9998653072343858,0.9997985278712257,0.9999321805323681,0.9998749890219919,0.9985685860180666,0.9971648594564037,0.9941548726063535,0.9801520065365866,0.9844201921629524,0.9542228058974425,0.8147715641518445,0.9706134313538819
0.262,7.695294522967526,0.9986959560764677,0.9990863012490087,0.9999118257910795,0.9999529659689375,0.9995892576552559,0.9998678873866891,0.999802224289926,0.999933587853468,0.9998774324034647,0.9985892320188913,0.9972012632880611,0.9942221478644359,0.9803263056171226,0.9845728013155551,0.9545516940686816,0.8154684463946563,0.970754416588617
0.263,7.711712272068193,0.9987146304156053,0.9991000469024938,0.9999135818268361,0.9999539686336858,0.9995961168587347,0.9998704095203701,0.9998058405280231,0.9999349612856862,0.9998798198811686,0.9986095109238047,0.9972370767372875,0.9942884195079679,0.9804984667659278,0.9847233866628107,0.9548770617378838,0.8161602339578825,0.9708940775102508
0.264,7.728075051026786,0.9987329745371698,0.9991135397042727,0.9999152970812107,0.9999549466317081,0.999602838693725,0.9998728751193559,0.9998093785729811,0.9999363017502519,0.9998821529072169,0.9986294303795928,0.997272311177059,0.9943537055658348,0.9806685227285148,0.9848719811983755,0.9551989571482657,0.8168469786568536,0.971032431797382
0.265,7.744383135459609,0.9987509952927829,0.9991267850803182,0.9999169726266476,0.9999559006452511,0.999609426331403,0.9998752856252482,0.9998128403571368,0.9999376101406238,0.9998844328917205,0.9986489978516508,0.9973069777284077,0.994418023691015,0.9808365056538386,0.985018617283478,0.9555174277451367,0.8175287316322061,0.971169496824149
0.266,7.7606367991434935,0.9987686993719027,0.9991397883243425,0.999918609504247,0.9999568313357051,0.9996158828605183,0.9998776424386516,0.9998162277593869,0.9999388873234057,0.9998866612041224,0.9986682206287935,0.9973410872667093,0.9944813911694712,0.9810024471068536,0.9851633266607894,0.9558325201912861,0.8182055433606312,0.9713052896666177
0.267,7.776836314031093,0.9987860933061229,0.9991525546013973,0.9999202087247708,0.9999577393443005,0.9996222112897685,0.9998799469204562,0.9998195426068182,0.9999401341392314,0.9998888391744869,0.998687105827925,0.9973746504277964,0.9945438249288074,0.9811663780807723,0.9853061404679523,0.9561442803820335,0.818877463665422,0.971439827109014
0.268,7.792981950266076,0.9988031834733448,0.9991650889513631,0.9999217712696116,0.999958625292779,0.9996284145500985,0.9998822003930763,0.9998227866762827,0.9999413514036165,0.9998909680947435,0.9987056603985716,0.9974076776139034,0.994605341546697,0.9813283290090326,0.9854470892507762,0.9564527534599484,0.8195445417268192,0.9715731256498027
0.269,7.809073976198118,0.9988199761018288,0.9991773962923367,0.9999232980917294,0.99995948978404,0.9996344954969278,0.9998844041416469,0.9998259616959225,0.9999425399077809,0.9998930492198883,0.9987238911272835,0.9974401789994476,0.99466595725909,0.9814883297769803,0.9855862029761115,0.9567579838292497,0.8202068260921656,0.9717052015076176
0.27,7.825112658397791,0.9988364772741262,0.9991894814239153,0.9999247901165552,0.9999603334027646,0.9996404569123079,0.9998865594151805,0.9998290693466422,0.9999437004194411,0.9998950837691444,0.9987418046419081,0.9974721645366503,0.9947256879682055,0.9816464097332762,0.985723511044408,0.9570600151698889,0.8208643646858674,0.9718360706270479
0.271,7.841098261671262,0.9988526929308983,0.999201349030385,0.9999262482428634,0.9999611567160164,0.9996463015070113,0.9998886674276839,0.9998321112635334,0.9999448336835758,0.9998970729270824,0.9987594074157402,0.9975036439610054,0.9947845492503142,0.9818025977010341,0.9858590423019669,0.9573588904513306,0.8215172048191717,0.971965748684283
0.272,7.85703104907489,0.9988686288746241,0.9992130036838132,0.9999276733436142,0.999961960273822,0.9996520319225568,0.9998907293592377,0.9998350890372529,0.9999459404231623,0.9998990178447029,0.9987767057715515,0.997534626796597,0.9948425563633203,0.9819569219886956,0.9859928250528963,0.9576546519460306,0.8221653931997602,0.9720942510926218
0.273,7.872911281929631,0.9988842907732005,0.9992244498470502,0.9999290662667676,0.9999627446097296,0.9996576507331706,0.9998927463570398,0.9998380042153547,0.9999470213398901,0.999900919640482,0.9987937058855058,0.9975651223612733,0.9948997242541442,0.9821094104006522,0.9861248870707768,0.9579473412426256,0.8228089759411671,0.972221593007849
0.274,7.8887392198353465,0.9988996841634394,0.9992356918766424,0.9999304278360687,0.9999635102413486,0.9996631604476868,0.9998947195364137,0.999840858303579,0.9999480771148459,0.9999027794013818,0.9988104137909598,0.9975951397716788,0.9949560675659155,0.9822600902476173,0.986255255610044,0.9582369992588365,0.8234479985720191,0.9723477893334826
0.275,7.9045151206849305,0.9989148144544642,0.9992467340256597,0.9999317588518065,0.9999642576708693,0.9996685635113894,0.999896649981783,0.9998436527670989,0.9999491084091778,0.9999045981838262,0.9988268353821569,0.9976246879481512,0.9950116006449793,0.9824089883567563,0.9863839574170982,0.9585236662540962,0.8240825060451094,0.972472854725894
0.276,7.920239240678338,0.9989296869310087,0.9992575804464393,0.9999330600915474,0.9999649873855654,0.9996738623077969,0.9998985387476135,0.9998463890317265,0.999950115864734,0.9999063770146439,0.9988429764178142,0.9976537756194848,0.9950663375477229,0.982556131081582,0.9865110187411457,0.958807381841904,0.8247125427462999,0.9725968035993087
0.277,7.935911834336427,0.9989443067566219,0.9992682351932507,0.9999343323108428,0.9999656998582779,0.9996790591603925,0.9999003868593244,0.9998490684850803,0.9999511001046807,0.9999081168919803,0.9988588425246085,0.9976824113275663,0.9951202920472263,0.9827015443116205,0.9866364653447814,0.959088185001918,0.8253381525032648,0.9727196501306866
0.278,7.951533154514723,0.9989586789767818,0.9992787022248812,0.9999355762439136,0.9999663955478817,0.9996841563343006,0.9999021953141691,0.9998516924777138,0.9999520617340975,0.9999098187861784,0.9988744392005626,0.9977106034318858,0.9951734776397427,0.9828452534818525,0.9867603225143174,0.959366114091788,0.8259593785940705,0.9728414082644873
0.279,7.967103452416983,0.9989728085219198,0.9992889854071482,0.999936792604311,0.9999670748997371,0.999689156037913,0.9999039650820866,0.9998542623242087,0.999953001340553,0.9999114836406295,0.998889771818336,0.9977383601139265,0.9952259075510135,0.9829872835819382,0.9868826150698659,0.9596412068587381,0.8265762637556013,0.9729620917173224
0.28,7.982622977608696,0.9989867002103611,0.9992990885153363,0.9999379820855555,0.9999677383461245,0.9996940604244638,0.9999056971065248,0.9998567793042326,0.9999539194946606,0.9999131123725975,0.9989048456284226,0.9977656893814374,0.995277594742422,0.9831276591652293,0.9870033673751816,0.9599135004509016,0.8271888501918307,0.9730817139824988
0.281,7.998091978030384,0.9990003587511797,0.9993090152365667,0.9999391453617541,0.9999683863066641,0.9996988715935583,0.9999073923052376,0.9998592446635622,0.9999548167506143,0.9999147058740138,0.9989196657622587,0.9977925990725922,0.9953285519169914,0.9832664043575744,0.9871226033472714,0.9601830314284178,0.8277971795819442,0.9732002883344557
0.282,8.013510700010833,0.9990137887469753,0.9993187691720953,0.9999402830881968,0.9999690191887213,0.9997035915926538,0.999909051571055,0.9998616596150749,0.9999556936467061,0.9999162650122466,0.998934237235243,0.997819096860037,0.9953787915252303,0.9834035428659235,0.9872403464657763,0.9604498357742928,0.8284012930883133,0.9733178278330981
0.283,8.028879388280151,0.9990269946965709,0.999328353839547,0.9999413959019336,0.9999696373877981,0.9997082224184962,0.9999106757726286,0.999864025339707,0.9999565507058277,0.9999177906308456,0.998948564949673,0.9978451902548315,0.9954283257708305,0.9835390979867352,0.9873566197821317,0.9607139489050329,0.829001231364327,0.9734343453280281
0.284,8.04419828598272,0.9990399809976345,0.9993377726750848,0.999942484422332,0.9999702412879105,0.9997127660185141,0.9999122657551524,0.9998663429873835,0.999957388435952,0.9999192835502607,0.9989626536975986,0.9978708866102851,0.9954771666162213,0.9836730926141942,0.9874714459285128,0.9609754056810546,0.8295970345620832,0.9735498534626806
0.285,8.059467634690026,0.9990527519492284,0.9993470290355174,0.9999435492516157,0.9999708312619531,0.999717224292169,0.9999138223410602,0.9998686136779167,0.9999582073306006,0.9999207445685379,0.9989765081635965,0.9978961931256926,0.9955253257879844,0.9838055492482409,0.987584847126569,0.9612342404168749,0.8301887423399401,0.9736643646783614
0.286,8.074687674413347,0.9990653117542876,0.9993561262003458,0.9999445909753857,0.9999714076720517,0.9997215990922669,0.9999153463307009,0.9998708385018767,0.9999590078692945,0.9999221744619925,0.9989901329274674,0.9979211168499709,0.9955728147821326,0.9839364900024204,0.9876968451959547,0.9614904868910911,0.8307763938699355,0.9737778912181916
0.287,8.089858643616335,0.9990776645220281,0.9993650673737527,0.9999456101631248,0.9999719708699031,0.9997258922262288,0.9999168385029915,0.9998730185214358,0.999959790517989,0.9999235739858597,0.999003532466859,0.9979456646852009,0.9956196448692568,0.984065936611554,0.9878074615626603,0.9617441783561508,0.8313600278450712,0.9738904451309661
0.288,8.104980779227468,0.9990898142702895,0.9993738556865351,0.9999466073686839,0.999972521197103,0.9997301054573251,0.9999182996160493,0.9998751547711835,0.9999605557294957,0.9999249438749248,0.9990167111598154,0.9979698433900764,0.9956658270995448,0.9841939104392375,0.9879167172671497,0.9619953475479192,0.8319396824864702,0.9740020382749166
0.289,8.120054316652382,0.999101764927813,0.9993824941979816,0.9999475831307544,0.9999730589854643,0.9997342405058719,0.9999197304078034,0.9998772482589189,0.9999613039438878,0.9999262848441317,0.9990296732872574,0.9979936595832634,0.9957113723076748,0.984320432485173,0.9880246329723079,0.9622440266950485,0.8325153955504061,0.9741126823213955
0.29,8.135079489786095,0.9991135203364553,0.9993909858976978,0.9999485379733231,0.9999735845573227,0.9997382990503918,0.999921131596587,0.9998792999664164,0.9999620355888941,0.999927597589173,0.9990424230353944,0.998017119746671,0.9957562911175882,0.9844455233923346,0.9881312289712053,0.9624902475281533,0.8330872043352077,0.9742223887584722
0.291,8.150056531025092,0.9991250842533431,0.9993993337073795,0.9999494724061135,0.9999740982258327,0.9997422827287413,0.9999225038817109,0.9998813108501682,0.9999627510802782,0.9999288827870604,0.9990549644980691,0.9980402302286385,0.9958005939471436,0.9845692034539755,0.9882365251946819,0.9627340412887961,0.8336551456880439,0.9743311688944495
0.292,8.164985671279316,0.9991364603529681,0.9994075404825362,0.9999503869250126,0.9999746002952545,0.9997461931392034,0.999923847944018,0.9998832818421028,0.999963450822206,0.9999301410966761,0.9990673016790396,0.9980629972470396,0.9958442910126566,0.9846914926204783,0.9883405412187568,0.9629754387382891,0.8342192560115875,0.9744390338612998
0.293,8.179867139984033,0.9991476522292239,0.9994156090141672,0.999951282012483,0.9999750910612294,0.9997500318415494,0.9999251644464212,0.9998852138502833,0.9999641352076001,0.9999313731593077,0.9990794384941982,0.9980854268923063,0.9958873923333272,0.9848124105060541,0.9884432962718679,0.9632144701663139,0.8347795712705635,0.9745459946180254
0.294,8.194701165111583,0.9991586633973882,0.9994235420303891,0.9999521581379626,0.9999755708110473,0.9997538003580688,0.999926454034423,0.9998871077595809,0.9999648046184836,0.9999325795991651,0.9990913787737307,0.9981075251303746,0.99592990773556,0.9849319763952926,0.9885448092419445,0.9634511653993667,0.8353361269981827,0.9746520619539414
0.295,8.209487973183023,0.9991694972960518,0.9994313421980204,0.9999530157582511,0.9999760398239046,0.9997575001745687,0.9999277173366198,0.9998889644323307,0.9999654594263112,0.9999337610238808,0.9991031262642157,0.9981292978055556,0.995971846857176,0.9850502092495674,0.988645098683319,0.9636855538090282,0.8358889583024631,0.9747572464918874
0.296,8.224227789279661,0.9991801572889928,0.9994390121241203,0.9999538553178834,0.9999764983711542,0.9997611327413446,0.9999289549651894,0.9998907847089648,0.9999660999922902,0.9999349180249948,0.9991146846306691,0.9981507506433321,0.9960132191515249,0.9851671277133013,0.9887441828234801,0.9639176643200684,0.8364380998724423,0.9748615586913668
0.297,8.238920837054469,0.9991906466670029,0.9994465543574848,0.9999546772494918,0.9999769467165458,0.9997646994741224,0.9999301675163645,0.9998925694086279,0.9999667266676909,0.9999360511784237,0.9991260574585316,0.9981718892530841,0.9960540338914939,0.9852827501200924,0.9888420795696733,0.9641475254183839,0.8369835859842806,0.9749650088516151
0.298,8.2535673387434,0.9992009686496625,0.999453971390103,0.9999554819741565,0.9999773851164597,0.9997682017549736,0.9999313555708891,0.9998943193297728,0.999967339794146,0.9999371610449146,0.9991372482556035,0.9981927191307445,0.9960943001734224,0.9853970944987075,0.9889388065153503,0.9643751651587759,0.8375254505072609,0.9750676071146032
0.299,8.268167515176593,0.9992111263870692,0.9994612656585715,0.9999562699017442,0.9999778138201317,0.9997716409332031,0.9999325196944631,0.9998960352507377,0.9999679397039413,0.9999382481704855,0.9991482604539281,0.998213245661388,0.9961340269209187,0.9855101785789434,0.9890343809464733,0.9646006111725703,0.838063726909684,0.9751693634679719
0.3,8.282721585789474,0.999221122961519,0.9994684395454718,0.9999570414312366,0.9999782330698713,0.9997750183262119,0.999933660438171,0.9998977179303065,0.999968526720296,0.9999393130868509,0.9991590974116232,0.9982334741217537,0.9961732228885871,0.9856220197973615,0.9891288198476765,0.9648238906750851,0.838598448264663,0.9752702877479029
0.301,8.297229768633736,0.9992309613891432,0.9994754953807077,0.9999577969510479,0.999978643101272,0.9997783352203345,0.9999347783388989,0.999899368108252,0.9999691011576346,0.9999403563118346,0.999169762414665,0.9982534096827042,0.9962118966656637,0.9857326353028965,0.9892221399082887,0.9650450304729458,0.8391296472558183,0.9753703896419279
0.302,8.311692280388247,0.9992406446215011,0.999482435442808,0.9999585368393331,0.9999790441434154,0.9997815928716529,0.999935873919737,0.999900986505862,0.9999696633218492,0.999941378349769,0.999180258678624,0.9982730574116225,0.996250056679565,0.9858420419623445,0.9893143575282206,0.9652640569712558,0.8396573561828753,0.9754696786916738
0.303,8.326109336369827,0.9992501755471305,0.9994892619601932,0.9999592614642852,0.9999794364190684,0.9997847925067863,0.9999369476903712,0.9999025738264501,0.9999702135105536,0.9999423796918825,0.9991905893503545,0.9982924222747491,0.9962877111993519,0.9859502563657322,0.9894054888237201,0.9654809961806224,0.8401816069671679,0.9755681642955517
0.304,8.340481150543933,0.9992595569930572,0.9994959771124069,0.9999599711844241,0.9999798201448729,0.9997879353236586,0.999938000147461,0.9999041307558506,0.9999707520133296,0.999943360816674,0.9992007575096397,0.9983115091394594,0.9963248683391104,0.9860572948315699,0.9894955496329993,0.9656958737240426,0.8407024311570461,0.9756658557113844
0.305,8.354807935535247,0.9992687917262643,0.9995025830313152,0.9999606663488763,0.9999801955315311,0.9997910224922443,0.9999390317750072,0.9999056579628991,0.9999712791119648,0.9999443221902768,0.9992107661707931,0.9983303227764854,0.9963615360612518,0.9861631734119922,0.989584555521735,0.965908714843652,0.8412198599331953,0.975762762058978
0.306,8.369089902638164,0.9992778824551222,0.9995090818022725,0.9999613472976449,0.9999805627839833,0.9997940551552923,0.9999400430447073,0.9999071560998981,0.9999717950806827,0.9999452642668104,0.9992206182842179,0.9983488678620808,0.9963977221797343,0.9862679078977874,0.9896725217884472,0.9661195444073394,0.8417339241138626,0.9758588923226402
0.307,8.383327261827173,0.9992868318307823,0.999515475465256,0.9999620143618723,0.9999809221015807,0.9997970344290303,0.9999410344163004,0.9999086258030689,0.9999723001863657,0.999946187488721,0.9992303167379251,0.9983671489801331,0.9964334343632085,0.9863715138233201,0.9897594634697595,0.9663283869152304,0.8422446541599976,0.9759542553536411
0.308,8.397520221767152,0.9992956424485322,0.9995217660159706,0.999962667864094,0.9999812736782522,0.9997999614038477,0.9999420063379021,0.9999100676929898,0.9999727946887714,0.9999470922871128,0.9992398643590116,0.9983851706242227,0.9964686801380878,0.9864740064713486,0.9898453953455405,0.9665352665060427,0.8427520801803047,0.9760488598726239
0.309,8.411668989823559,0.9993043168491169,0.999527955406923,0.9999633081184848,0.9999816177026657,0.9998028371449611,0.9999429592463275,0.9999114823750218,0.9999732788407408,0.9999479790820679,0.9992492639151,0.9984029371996306,0.9965034668915468,0.9865754008777394,0.9899303319439337,0.9667402069633166,0.8432562319362127,0.976142714471963
0.31,8.425773772072539,0.9993128575200251,0.9995340455484673,0.9999639354310965,0.9999819543583849,0.9998056626930586,0.9999438935674064,0.999912870439721,0.999973752888401,0.9999488482829569,0.9992585181157413,0.9984204530252975,0.9965378018744488,0.9866757118360816,0.9900142875462756,0.966943231721522,0.8437571388467602,0.9762358276180718
0.311,8.439834773310915,0.9993212668967408,0.9995400383098233,0.9999645501000901,0.9999822838240199,0.9998084390649287,0.9999448097162879,0.999914232463239,0.9999742170713602,0.9999497002887398,0.9992676296137794,0.998437722335734,0.9965716922042049,0.9867749539022036,0.9900972761919066,0.9671443638720462,0.8442548299933997,0.9763282076536633
0.312,8.453852197066116,0.9993295473639643,0.999545935520067,0.9999651524159586,0.9999826062733742,0.9998111672540692,0.9999457080977355,0.9999155690077115,0.9999746716228989,0.9999505354882575,0.9992766010066816,0.9984547492828837,0.9966051448675652,0.9868731413985947,0.9901793116828745,0.9673436261690647,0.8447493341247226,0.9764198627999602
0.313,8.467826245605982,0.9993377012567997,0.9995517389690949,0.9999657426617444,0.9999829218755862,0.9998138482312804,0.9999465891064142,0.9999168806216358,0.9999751167701518,0.9999513542605153,0.9992854348378346,0.998471537937941,0.9966381667233463,0.9869702884187331,0.9902604075885376,0.9675410410352966,0.8452406796611049,0.97651080115886
0.314,8.481757119948506,0.9993457308619126,0.999557450408563,0.9999663211132496,0.9999832307952665,0.9998164829452415,0.9999474531271682,0.9999181678402361,0.9999755527342865,0.9999521569749562,0.9992941335978062,0.9984880922931236,0.996670764505093,0.9870664088313229,0.9903405772500654,0.9677366305676484,0.8457288946992767,0.9766010307150557
0.315,8.495645019871466,0.9993536384186581,0.9995630715528008,0.9999668880392394,0.9999835331926303,0.9998190723230704,0.9999483005352904,0.9999194311858198,0.9999759797306758,0.9999529439917274,0.9993026997255747,0.9985044162634035,0.9967029448236803,0.9871615162844424,0.9904198337848424,0.9679304165427481,0.8462140070168168,0.9766905593381092
0.316,8.50949014392197,0.9993614261201791,0.9995686040797008,0.99996744370164,0.9999838292236264,0.9998216172708687,0.9999491316967842,0.9999206711681214,0.9999763979690638,0.9999537156619377,0.9993111356097274,0.9985205136881934,0.9967347141698539,0.9872556242096056,0.9904981900907759,0.968122420422372,0.8466960440765721,0.9767793947844841
0.317,8.523292689425935,0.9993690961144763,0.9995740496315857,0.9999679883557304,0.9999841190400613,0.9998241186742508,0.9999499469686173,0.9999218882846378,0.9999768076537284,0.999954472327908,0.9993194435896271,0.9985363883329942,0.9967660789167115,0.9873487458257385,0.9905756588505104,0.9683126633587656,0.8471750330310058,0.9768675446995351
0.318,8.53705285249744,0.9993766505054518,0.9995794098160512,0.9999685222503273,0.9999844027897207,0.9998265773988594,0.9999507466989673,0.9999230830209536,0.9999772089836374,0.9999552143234134,0.9993276259565502,0.9985520438910018,0.996797045322128,0.9874408941430739,0.990652252535551,0.9685011661998643,0.8476510007264744,0.9769550166194566
0.319,8.550770828048032,0.9993840913539246,0.9995846862067885,0.9999690456279657,0.9999846806164846,0.9998289942908654,0.9999515312274615,0.9999242558510562,0.9999776021525998,0.9999559419739182,0.9993356849547941,0.9985674839846747,0.9968276195311235,0.9875320819669636,0.9907279834102984,0.9686879494944102,0.848123973707434,0.9770418179731892
0.32,8.56444680979592,0.9993914206786217,0.9995898803443842,0.9999695587250733,0.9999849526604422,0.9998313701774556,0.9999523008854077,0.9999254072376426,0.9999779873494135,0.9999566555968047,0.999343622782758,0.9985827121672642,0.9968578075781781,0.9876223219016129,0.9908028635359962,0.9688730334969737,0.8485939782205787,0.9771279560842908
0.321,8.578080990275089,0.9993986404571428,0.9995949937370994,0.9999700617721398,0.9999852190580001,0.9998337058673056,0.9999530559960197,0.999926537632417,0.9999783647580074,0.9999573555015937,0.9993514415939951,0.9985977319243087,0.9968876153894928,0.9877116263537375,0.9908769047745942,0.9690564381728772,0.8490610402189127,0.9772134381727642
0.322,8.591673560844354,0.9994057526269008,0.9996000278616289,0.9999705549938811,0.9999854799419889,0.9998360021510407,0.9999537968746354,0.99992764747638,0.999978734557579,0.99995804199016,0.9993591434982387,0.9986125466750896,0.9969170487851992,0.987800007536145,0.990950118792529,0.9692381832030252,0.849525185365755,0.9772982713568521
0.323,8.605224711696293,0.9994127590860392,0.9996049841638409,0.9999710386093984,0.9999857354417662,0.999838259801684,0.9999545238289287,0.999928737200109,0.9999790969227291,0.99995871535694,0.9993667305624019,0.9986271597740554,0.9969461134815182,0.9878874774712427,0.9910225170644236,0.9694182879886423,0.8499864390386803,0.9773824626547917
0.324,8.618734631866126,0.9994196616943251,0.9996098640594969,0.999971512832333,0.9999859856833155,0.9998404795750916,0.9999552371591149,0.999929807224031,0.9999794520235906,0.9999593758891341,0.9993742048115527,0.9986415745122098,0.9969748150928704,0.9879740479944737,0.9910941108767078,0.9695967716559206,0.8504448263333968,0.9774660189865365
0.325,8.632203509240506,0.999426462274021,0.9996146689349537,0.9999719778710158,0.9999862307893433,0.9998426622103774,0.9999559371581511,0.9999308579586877,0.9999798000259542,0.999960023866903,0.999381568229864,0.9986557941184675,0.9970031591339381,0.9880597307576829,0.9911649113311635,0.9697736530605804,0.8509003720675611,0.9775489471754408
0.326,8.645631530566229,0.9994331626107338,0.9996194001478469,0.9999724339286123,0.9999864708793726,0.999844808430325,0.9999566241119286,0.9999318898049926,0.9999801410913909,0.9999606595635576,0.9993888227615403,0.9986698217609772,0.9970311510216804,0.9881445372324131,0.9912349293483917,0.9699489507923426,0.8513531007845315,0.9776312539499112
0.327,8.65901888145886,0.9994397644542428,0.9996240590277571,0.999972881203265,0.9999867060698328,0.9998469189417887,0.9999572982994624,0.9999329031544808,0.9999804753773694,0.9999612832457442,0.99939597031172,0.9986836605484142,0.9970587960773031,0.988228478713136,0.9913041756712099,0.9701226831793178,0.8518030367570635,0.9777129459450254
0.328,8.67236574641129,0.999446269519307,0.9996286468768588,0.9999733198882284,0.9999869364741479,0.9998489944360847,0.9999579599930731,0.9999338983895525,0.999980803037371,0.9999618951736232,0.9994030127473574,0.9986973135312417,0.9970860995281845,0.9883115663204156,0.9913726608679744,0.970294868292313,0.8522502039909439,0.9777940297041178
0.329,8.685672308802214,0.9994526794864524,0.9996331649705533,0.9999737501720029,0.999987162202822,0.9998510355893706,0.9999586094585644,0.9999348758837082,0.9999811242210006,0.9999624956010438,0.9994099518980801,0.9987107837029424,0.9971130665097572,0.9883938110040085,0.9914403953358351,0.9704655239490562,0.8526946262285678,0.9778745116803318
0.33,8.698938750904523,0.9994589960027395,0.9996376145580843,0.9999741722384634,0.9999873833635212,0.9998530430630155,0.9999592469553955,0.9999358360017789,0.9999814390740941,0.9999630847757124,0.999416789557027,0.9987240740012214,0.9971397020673479,0.9884752235459018,0.9915073893039206,0.9706346677183426,0.8531363269524611,0.9779543982381447
0.331,8.712165253893627,0.9994652206825116,0.9996419968631396,0.9999745862669845,0.9999876000611536,0.999855017503959,0.9999598727368482,0.9999367791001482,0.999981747738823,0.9999636629393568,0.9994235274816645,0.9987371873091806,0.997166011157977,0.9885558145632888,0.9915736528364575,0.9708023169241033,0.8535753293887437,0.9780336956548589
0.332,8.725351997855713,0.9994713551081255,0.9996463130844354,0.9999749924325614,0.999987812397947,0.9998569595450625,0.9999604870501894,0.9999377055269694,0.9999820503537958,0.9999642303278855,0.9994301673945832,0.998750126456466,0.9971919986521162,0.9886355945114859,0.9916391958358236,0.9709684886493974,0.8540116565105409,0.978112410122064
0.333,8.738499161795898,0.9994774008306625,0.9996505643962881,0.9999753909059279,0.999988020473524,0.9998588698054495,0.9999610901368289,0.9999386156223756,0.999982347054156,0.9999647871715419,0.9994367109842744,0.9987628942203874,0.9972176693354083,0.9887145736867898,0.9917040280455378,0.9711331997403307,0.8544453310413401,0.9781905477470729
0.334,8.751606923646353,0.9994833593706237,0.9996547519491698,0.999975781853671,0.9999882243849745,0.9998607488908374,0.9999616822324728,0.9999395097186851,0.9999826379716776,0.999965333695055,0.9994431599058874,0.9987754933270132,0.9972430279103492,0.988792762229279,0.9917681590531884,0.9712964668099004,0.8548763754582943,0.978268114554325
0.335,8.764675460274313,0.9994892322186067,0.9996588768702506,0.9999761654383412,0.999988424226927,0.9998625973938609,0.999962263567272,0.999940388140599,0.9999829232348573,0.9999658701177848,0.9994495157819688,0.9987879264522384,0.9972680789979308,0.9888701701255578,0.9918315982932996,0.9714583062417699,0.855304811995475,0.9783451164867653
0.336,8.777704947490038,0.9994950208359668,0.9996629402639277,0.9999765418185613,0.9999886200916166,0.9998644158943859,0.9999628343659674,0.9999412512053962,0.999983202969004,0.9999663966538639,0.9994557802031835,0.9988001962228287,0.997292827139249,0.9889468072114463,0.9918943550501393,0.9716187341939725,0.8557306626470741,0.9784215594071948
0.337,8.790695560054699,0.9995007266554612,0.9996669432123403,0.99997691114913,0.9999888120689514,0.9998662049598164,0.99996339484803,0.99994209922312,0.9999834772963264,0.9999669135123349,0.9994619547290172,0.9988123052174405,0.9973172767970767,0.9890226831746178,0.9919564384604691,0.9717777666025477,0.8561539491705545,0.9784974490995947
0.338,8.803647471688183,0.9995063510818781,0.9996708867758723,0.9999772735811241,0.9999890002465772,0.9998679651453919,0.9999639452277973,0.9999429324967617,0.999983746336017,0.9999674208972844,0.9994680408884632,0.9988242559676166,0.9973414323573999,0.9890978075571821,0.9920178575162365,0.9719354191851104,0.856574693089754,0.9785727912704253
0.339,8.816560855076848,0.9995118954926504,0.9996747719936425,0.9999776292619967,0.9999891847099397,0.999869696994478,0.9999644857146066,0.9999437513224381,0.999984010204334,0.999967919007972,0.9994740401806912,0.9988360509587599,0.9973652981309231,0.9891721897582191,0.9920786210672132,0.9720917074443539,0.8569929156979392,0.9786475915498996
0.34,8.829435881881187,0.9995173612384538,0.9996785998839818,0.9999779783356736,0.9999893655423454,0.9998714010388493,0.9999650165129236,0.999944555989564,0.9999842690146808,0.9999684080389573,0.999479954075701,0.998847692631084,0.9973888783545389,0.9892458390362622,0.9921387378235785,0.9722466466714896,0.857408638060814,0.9787218554932307
0.341,8.84227272274345,0.9995227496437912,0.9996823714448997,0.9999783209426456,0.9999895428250203,0.9998730777989641,0.9999655378224673,0.9999453467810212,0.9999845228776832,0.999968888180221,0.9994857840149591,0.9988591833805419,0.9974121771927675,0.9893187645117322,0.9921982163584495,0.9724002519496235,0.8578218810194792,0.9787955885818571
0.342,8.855071547295163,0.9995280620075631,0.9996860876545383,0.9999786572200595,0.9999897166371666,0.9998747277842329,0.9999660498383326,0.9999461239733207,0.9999847719012646,0.9999693596172854,0.9994915314120212,0.9988705255597348,0.9974351987391641,0.9893909751693237,0.9922570651103606,0.9725525381570705,0.8582326651933494,0.978868796224644
0.343,8.867832524164614,0.9995332996036229,0.9996897494716158,0.9999789873018055,0.9999898870560187,0.9998763514932795,0.9999665527511079,0.9999468878367629,0.9999850161907178,0.9999698225313285,0.9994971976531385,0.998881721478798,0.9974579470176949,0.9894624798603454,0.9923152923856914,0.9727035199706096,0.8586410109830231,0.9789414837590598
0.344,8.88055582098425,0.9995384636813212,0.9996933578358586,0.9999793113186023,0.9999900541568963,0.9998779494141952,0.9999670467469909,0.9999476386355913,0.9999852558487766,0.9999702770992975,0.9995027840978505,0.9988927734062686,0.997480425984085,0.9895332873050133,0.992372906361046,0.9728532118686788,0.8590469385731097,0.9790136564523323
0.345,8.893241604398035,0.9995435554660339,0.9996969136684227,0.9999796293980807,0.9999902180132569,0.9998795220247865,0.9999675320078995,0.9999483766281435,0.9999854909756836,0.9999707234940172,0.9995082920795629,0.9989036835699326,0.9975026395271357,0.9896034060947007,0.9924299150855843,0.973001628134513,0.8594504679350133,0.9790853195025815
0.346,8.905890040068694,0.999548576159681,0.9997004178723055,0.999979941664863,0.9999903786967462,0.9998810697928164,0.9999680087115813,0.9999491020669972,0.9999857216692567,0.9999711618842961,0.999513722906112,0.9989144541576528,0.9975245914700134,0.9896728446941425,0.9924863264833048,0.9731487828592248,0.8598516188296746,0.9791564780399308
0.347,8.91850129268496,0.9995535269412301,0.9997038713327465,0.9999802482406421,0.9999905362772471,0.99988259317624,0.9999684770317193,0.9999498151991127,0.9999859480249542,0.9999715924350302,0.9995190778603145,0.9989250873181778,0.9975462855715117,0.9897416114435995,0.9925421483552829,0.9732946899448297,0.8602504108102687,0.979227137127598
0.348,8.931075525968687,0.9995584089671902,0.9997072749176191,0.9999805492442568,0.9999906908229275,0.9998840926234328,0.9999689371380344,0.9999505162659719,0.999986170135937,0.999972015307302,0.9995243582005069,0.9989355851619333,0.9975677255272853,0.9898097145609775,0.9925973883818627,0.973439363107217,0.8606468632248663,0.9792973017629644
0.349,8.943612902681974,0.9995632233720919,0.9997106294778122,0.999980844791766,0.9999908424002862,0.9998855685734144,0.999969389196385,0.9999512055037116,0.9999863880931297,0.9999724306584791,0.9995295651610686,0.9989459497617955,0.9975889149710584,0.9898771621439081,0.9926520541248063,0.9735828158790673,0.8610409952190503,0.9793669768786253
0.35,8.956113584634146,0.9995679712689577,0.9997139358476029,0.9999811349965202,0.9999909910741986,0.9998870214560658,0.9999698333688652,0.9999518831432564,0.9999866019852793,0.999972838642308,0.9995346999529354,0.9989561831538469,0.9976098574758058,0.9899439621717878,0.9927061530293984,0.9737250616127177,0.8614328257384959,0.9794361673434185
0.351,8.968577732688749,0.99957265374976,0.9997171948450205,0.9999814199692316,0.9999911369079592,0.9998884516923414,0.9999702698138985,0.9999525494104455,0.9999868118990134,0.9999732394090066,0.9995397637640995,0.9989662873381148,0.997630556554911,0.990010122507779,0.99275969242651,0.9738661134829762,0.8618223735315105,0.9795048779634357
0.352,8.981005506770426,0.9995772718858693,0.9997204072722005,0.9999816998180413,0.9999912799633245,0.9998898596944754,0.9999706986863297,0.9999532045261565,0.9999870179188952,0.9999736331053537,0.9995447577600974,0.9989762642792941,0.997651015663297,0.9900756509007713,0.9928126795346199,0.9740059844898854,0.8622096571515354,0.9795731134830138
0.353,8.993397065871783,0.9995818267284907,0.9997235739157314,0.9999819746485856,0.999991420300554,0.9998912458661832,0.9999711201375151,0.999953848706427,0.9999872201274781,0.9999740198747756,0.999549683084488,0.9989861159074538,0.9976712381985352,0.9901405549873068,0.9928651214617975,0.9741446874614369,0.8625946949596115,0.9796408785857077
0.354,9.005752568060133,0.9995863193090915,0.9997266955469926,0.9999822445640598,0.9999915579784501,0.9998926106028572,0.9999715343154085,0.9999544821625719,0.9999874186053583,0.9999743998574313,0.9995545408593168,0.9989958441187268,0.9976912275019302,0.9902048422934671,0.992917025207644,0.9742822350562382,0.8629775051268057,0.9797081778952457
0.355,9.018072170484261,0.9995907506398174,0.9997297729224836,0.9999825096652807,0.9999916930543967,0.9998939542917584,0.9999719413646465,0.9999551051012978,0.9999876134312258,0.999974773190294,0.9995593321855722,0.9990054507759861,0.9977109868595803,0.9902685202367253,0.9929683976651972,0.9744186397661322,0.8633581056366038,0.9797750159764658
0.356,9.030356029381043,0.9995951217139002,0.9997328067841467,0.9999827700507466,0.9999918255843969,0.9998952773122028,0.9999723414266303,0.9999557177248148,0.999987804681914,0.9999751400072321,0.9995640581436289,0.9990149377095046,0.9977305195034178,0.9903315961277628,0.9930192456227971,0.9745539139187697,0.8637365142872657,0.9798413973362362
0.357,9.042604300082086,0.9995994335060548,0.9997357978596807,0.9999830258166967,0.9999919556231093,0.9998965800357427,0.9999727346396061,0.9999563202309449,0.999987992432448,0.999975500439086,0.9995687197936817,0.9990243067176008,0.997749828612226,0.9903940771722509,0.9930695757659159,0.9746880696801371,0.8641127486941469,0.979907326424358
0.358,9.05481713702025,0.999603686972868,0.9997387468628475,0.9999832770571679,0.9999920832238839,0.9998978628263436,0.999973121138743,0.9999569128132274,0.9999881767560916,0.9999758546137447,0.9995733181761691,0.9990335595672702,0.9977689173126348,0.9904559704725993,0.9931193946789508,0.97482111905704,0.8644868262919848,0.9799728076344513
0.359,9.06699469373616,0.9996078830531776,0.9997416544937716,0.9999835238640505,0.999992208438796,0.9998991260405579,0.9999735010562087,0.9999574956610221,0.9999883577243932,0.9999762026562187,0.9995778543121878,0.9990426979948035,0.9977877886800963,0.9905172830296712,0.9931687088469826,0.9749530738995424,0.8648587643371526,0.9800378453048256
0.36,9.079137122884614,0.9996120226684431,0.9997445214392328,0.9999837663271425,0.9999923313186803,0.9999003700276919,0.9999738745212432,0.999958068959609,0.999988535407229,0.9999765446887119,0.9995823292038963,0.9990517237063896,0.9978064457398388,0.9905780217444671,0.9932175246574989,0.9750839459033637,0.8652285799098778,0.980102443719333
0.361,9.091244576241,0.9996161067231072,0.9997473483729507,0.9999840045342018,0.9999924519131628,0.9999015951299711,0.9999742416602304,0.9999586328902865,0.9999887098728473,0.9999768808306914,0.9995867438349098,0.9990606383787073,0.9978248914678021,0.9906381934197748,0.9932658484020843,0.9752137466122333,0.8655962899164306,0.9801666071082072
0.362,9.103317204707574,0.9996201361049502,0.9997501359558639,0.9999842385709978,0.9999925702706927,0.9999028016826994,0.9999746025967685,0.999959187630466,0.9999888811879095,0.9999772111989551,0.9995910991706864,0.9990694436595028,0.9978431287915526,0.9906978047617907,0.9933136862780775,0.9753424874202051,0.8659619110912784,0.9802303396488872
0.363,9.11535515831977,0.9996241116854343,0.9997528848364021,0.999984468521361,0.999992686438573,0.9999039900144154,0.9999749574517377,0.9999597333537641,0.9999890494175309,0.9999775359076977,0.9995953961589037,0.9990781411681547,0.9978611605911794,0.9907568623817098,0.9933610443901953,0.9754701795739305,0.8663254599992094,0.9802936454668235
0.364,9.127358586252388,0.9996280343200425,0.9997555956507513,0.999984694467231,0.9999928004629905,0.999905160447045,0.9999753063433658,0.999960270230093,0.9999892146253205,0.9999778550685747,0.9995996357298269,0.9990867324962278,0.9978789897001719,0.9908153727972853,0.9934079287521269,0.9755968341748928,0.8666869530374253,0.9803565286362746
0.365,9.139327636825776,0.9996319048486072,0.9997582690231138,0.9999849164887042,0.9999929123890446,0.9999063132960493,0.999975649387294,0.9999607984257486,0.9999893768734195,0.9999781687907652,0.999603818796669,0.9990952192080134,0.9978966189062795,0.9908733424343606,0.9934543452880945,0.9757224621816027,0.8670464064376033,0.9804189931810847
0.366,9.151262457511914,0.9996357240956331,0.9997609055659606,0.9999851346640792,0.9999930222607754,0.9999074488705693,0.9999759866966378,0.999961318103495,0.9999895362225377,0.9999784771810324,0.9996079462559421,0.9991036028410583,0.9979140509523532,0.9909307776283719,0.9935002998343869,0.9758470744117554,0.8674038362679286,0.9804810430754481
0.367,9.163163194940504,0.9996394928706118,0.99976350588028,0.9999853490699017,0.9999931301211908,0.9999085674735677,0.9999763183820496,0.9999618294226487,0.9999896927319912,0.9999787803437825,0.9996120189878007,0.9991118849066837,0.99793128853717,0.9909876846258227,0.9935457981408606,0.9759706815443514,0.8677592584350965,0.9805426822446627
0.368,9.175029994904941,0.9996432119683295,0.9997660705558179,0.9999855597810072,0.9999932360122942,0.9999096694019664,0.9999766445517774,0.9999623325391589,0.9999898464597368,0.999979078381123,0.9996160378563779,0.9991200668904909,0.9979483343162402,0.9910440695857317,0.9935908458724142,0.9760932941217796,0.8681126886862869,0.9806039145658665
0.369,9.186863002368295,0.9996468821691681,0.9997686001713152,0.999985766870564,0.999993339975109,0.9999107549467801,0.9999769653117223,0.9999628276056873,0.9999899974624062,0.9999793713929178,0.9996200037101128,0.9991281502528577,0.9979651909025987,0.9910999385810538,0.9936354486104328,0.9762149225518656,0.8684641426111092,0.9806647438687637
0.37,9.198662361469193,0.9996505042393984,0.9997710952947372,0.9999859704101136,0.9999934420497043,0.9999118243932487,0.9999772807654959,0.9999633147716844,0.9999901457953406,0.9999796594768423,0.9996239173820722,0.9991361364294228,0.9979818608675793,0.9911552976000747,0.993679611854206,0.9763355771098847,0.8688136356435193,0.9807251739363356
0.371,9.210428215527685,0.9996540789314682,0.9997735564834994,0.999986170469611,0.9999935422752195,0.9999128780209637,0.9999775910144739,0.9999637941834648,0.9999902915126215,0.9999799427284364,0.9996277796902627,0.999144026831561,0.9979983467415738,0.9912101525477794,0.9937233410223176,0.9764552679405399,0.8691611830637102,0.980785208505541
0.372,9.222160707051037,0.9996576069842823,0.9997759842846873,0.9999863671174636,0.9999936406898879,0.9999139161039946,0.9999778961578506,0.9999642659842802,0.9999904346671036,0.9999802212411559,0.9996315914379379,0.9991518228468482,0.9980146510147755,0.9912645092471969,0.99376664145401,0.976574005059907,0.8695067999999737,0.9808448512680025
0.373,9.2338599777395,0.9996610891234776,0.9997783792352711,0.9999865604205687,0.9999937373310597,0.9999149389110089,0.9999781962926904,0.9999647303143908,0.9999905753104448,0.9999804951064233,0.9996353534138973,0.9991595258395151,0.9980307761379069,0.9913183734407189,0.9938095184105212,0.9766917983573455,0.869850501430537,0.980904105870681
0.374,9.245526168491986,0.9996645260616908,0.9997807418623164,0.9999867504443505,0.9999938322352243,0.999915946705392,0.999978491513978,0.999965187311134,0.9999907134931363,0.999980764413676,0.9996390663927793,0.9991671371508928,0.9980467245229342,0.9913717507913953,0.9938519770763979,0.9768086575973788,0.8701923021853728,0.9809629759165399
0.375,9.257159419411764,0.9996679184988211,0.9997830726831883,0.9999869372527961,0.9999939254380326,0.9999169397453627,0.9999787819146688,0.9999656371089933,0.999990849264532,0.9999810292504148,0.9996427311353472,0.9991746580998483,0.9980624985437655,0.9914246468842057,0.9938940225607823,0.9769245924215398,0.8705322169479826,0.9810214649651955
0.376,9.26875986981203,0.9996712671222864,0.9997853722057527,0.9999871209084902,0.9999940169743176,0.9999179182840863,0.9999790675857364,0.9999660798396628,0.9999909826728761,0.9999812897022496,0.9996463483887686,0.9991820899832107,0.9980781005369365,0.9914770672273079,0.993935659898675,0.9770396123501884,0.8708702602571561,0.9810795765335573
0.377,9.280327658221493,0.9996745726072741,0.9997876409285719,0.9999873014726492,0.9999941068781156,0.9999188825697852,0.9999793486162188,0.9999665156321123,0.9999911137653311,0.9999815458529456,0.9996499188868896,0.9991894340761888,0.998093532802281,0.9915290172532635,0.993976894052175,0.9771537267842957,0.871206446508705,0.9811373140964563
0.378,9.291862922389877,0.9996778356169861,0.9997898793410956,0.9999874790051542,0.9999941951826862,0.9999198328458464,0.9999796250932655,0.9999669446126499,0.9999912425880044,0.9999817977844662,0.999653443350501,0.9991966916327789,0.9981087976035891,0.9915805023202419,0.9940177299116948,0.9772669450071998,0.8715407899571723,0.9811946810872634
0.379,9.303365799293402,0.9996810568028784,0.9997920879238488,0.9999876535645829,0.9999942819205312,0.9999207693509263,0.9999798971021804,0.9999673669049826,0.9999913691859746,0.9999820455770163,0.999656922487601,0.9992038638861656,0.9981238971692513,0.9916315277132018,0.9940581722971533,0.9773792761863309,0.8718733047175171,0.9812516808984959
0.38,9.314836425140186,0.9996842368048957,0.9997942671486135,0.9999878252082414,0.9999943671234144,0.9999216923190541,0.9999801647264658,0.9999677826302761,0.9999914936033163,0.9999822893090844,0.9996603569936497,0.9992109520491125,0.9981388336928902,0.9916820986450519,0.9940982259591469,0.977490729374909,0.8722040047667771,0.9813083168824148
0.381,9.326274935375643,0.9996873762517002,0.9997964174786086,0.9999879939921947,0.9999944508223796,0.9999226019797314,0.9999804280478649,0.9999681919072129,0.9999916158831252,0.9999825290574832,0.99966374755182,0.999217957314346,0.9981536093339796,0.9917322202577904,0.9941378955800972,0.9776013135136109,0.8725329039457055,0.9813645923516104
0.382,9.33768146468779,0.9996904757608961,0.9997985393686633,0.9999881599712962,0.9999945330477685,0.99992349855803,0.999980687146402,0.9999685948520486,0.9999917360675421,0.9999827648973886,0.999667094833241,0.9992248808549308,0.9981682262184506,0.9917818976236246,0.9941771857753794,0.977711037432212,0.8728600159603872,0.9814205105795779
0.383,9.349056147012563,0.999693535939248,0.9998006332653885,0.9999883231992165,0.9999946138292386,0.9999243822746876,0.9999809421004234,0.9999689915786671,0.9999918541977759,0.999982996902379,0.9996703994972381,0.9992317238246364,0.9981826864392869,0.9918311357460694,0.9942161010944272,0.9778199098511983,0.8731853543838314,0.9814760748012857
0.384,9.360399115539032,0.9996965573828965,0.9998026996073437,0.999988483728472,0.9999946931957799,0.9999252533462007,0.9999811929866361,0.9999693821986347,0.999991970314127,0.9999832251444728,0.9996736621915662,0.9992384873582978,0.9981969920571068,0.9918799395610276,0.9942546460218188,0.9779279393833534,0.8735089326575416,0.9815312882137298
0.385,9.371710502714617,0.9996995406775665,0.9998047388251995,0.9999886416104523,0.9999947711757314,0.999926111984916,0.9999814398801454,0.9999697668212522,0.9999920844560085,0.9999834496941645,0.999676883552638,0.9992451725721674,0.9982111451007347,0.9919283139378494,0.9942928249783425,0.9780351345353181,0.8738307640930643,0.9815861539764822
0.386,9.38299044025023,0.9997024863987731,0.9998067513418976,0.9999887968954464,0.9999948477967973,0.9999269583991187,0.9999816828544926,0.9999701455536057,0.9999921966619686,0.9999836706204613,0.9996800642057486,0.9992517805642601,0.998225147567761,0.9919762636803743,0.994330642322042,0.9781415037091246,0.8741508618735163,0.981640675212227
0.387,9.394239059125406,0.9997053951120219,0.9998087375728063,0.9999889496326695,0.9999949230860626,0.9999277927931198,0.999981921981691,0.9999705185006176,0.9999923069697112,0.9999838879909171,0.9996832047652936,0.9992583124146913,0.9982390014250909,0.9920237935279534,0.994368102349243,0.978247055203705,0.8744692390550903,0.9816948550072914
0.388,9.405456489593345,0.9997082673730053,0.9998106979258733,0.9999890998702878,0.9999949970700086,0.9999286153673401,0.9999821573322608,0.9999708857650937,0.999992415416116,0.9999841018716664,0.999686305834983,0.9992647691860077,0.9982527086094825,0.992070908156455,0.9944052092955596,0.9783517972163756,0.8747859085685407,0.981748696412163
0.389,9.416642861185972,0.9997111037277943,0.999812632801774,0.9999892476554436,0.9999950697745273,0.9999294263183937,0.9999823889752636,0.9999712474477721,0.9999925220372593,0.9999843123274582,0.999689368008051,0.9992711519235111,0.998266271028074,0.9921176121792508,0.9944419673368846,0.9784557378442955,0.8751008832206468,0.9818022024420019
0.39,9.427798302718893,0.999713904713026,0.9998145425940579,0.9999893930342794,0.9999951412249363,0.9999302258391682,0.9999826169783359,0.9999716036473685,0.9999926268684323,0.999984519421687,0.9996923918674603,0.9992774616555764,0.9982796905589012,0.9921639101481857,0.9944783805903588,0.9785588850859033,0.8754141756956588,0.9818553760771422
0.391,9.438922942296365,0.9997166708560883,0.9998164276892906,0.9999895360519605,0.9999952114459921,0.999931014118904,0.9999828414077216,0.9999719544606217,0.9999927299441606,0.9999847232164252,0.9996953779861029,0.9992836993939618,0.9982929690514044,0.9922098065545304,0.9945144531153243,0.9786612468423274,0.8757257985567214,0.981908220263587
0.392,9.450016907316176,0.9997194026752984,0.9998182884671933,0.9999896767526995,0.999995280461905,0.9999317913432706,0.9999830623283043,0.9999722999823376,0.9999928312982223,0.9999849237724527,0.9996983269269956,0.9992898661341141,0.9983061083269255,0.992255305829917,0.9945501889142598,0.9787628309187761,0.8760357642472794,0.9819607379134918
0.393,9.46108032447453,0.9997221006800794,0.9998201253007791,0.9999898151797768,0.9999953482963513,0.9999325576944431,0.9999832798036371,0.9999726403054321,0.9999929309636659,0.9999851211492878,0.9997012392434721,0.9992959628554663,0.998319110179195,0.9923004123472583,0.9945855919336992,0.9788636450259033,0.8763440850924626,0.9820129319056438
0.394,9.472113319770852,0.9997247653711323,0.9998219385564859,0.9999899513755638,0.9999954149724866,0.9999333133511745,0.9999834938959743,0.9999729755209729,0.9999930289728282,0.9999853154052153,0.9997041154793709,0.9993019905217304,0.9983319763748109,0.9923451304216512,0.9946206660651324,0.9789636967811517,0.8766507733004547,0.98206480508593
0.395,9.483116018512586,0.9997273972406043,0.999823728594307,0.9999900853815429,0.9999954805129585,0.9999340584888682,0.9999837046662999,0.9999733057182205,0.99999312535735,0.9999855065973151,0.9997069561692182,0.9993079500811833,0.9983447086537063,0.9923894643112638,0.9946554151458913,0.979062993710076,0.8769558409638388,0.9821163602677991
0.396,9.494088545319926,0.9997299967722535,0.9998254957679183,0.9999902172383289,0.9999955449399192,0.9999347932796478,0.9999839121743566,0.9999736309846686,0.9999932201481941,0.9999856947814902,0.9997097618384082,0.9993138424669477,0.99835730872961,0.992433418218208,0.9946898429600181,0.9791615432476423,0.87725930006093,0.9821676002327162
0.397,9.505031024130535,0.99973256444161,0.9998272404248032,0.9999903469856887,0.9999956082750366,0.9999355178924261,0.9999841164786739,0.9999739514060818,0.9999933133756604,0.9999858800124931,0.9997125330033788,0.999319668597266,0.9983697782904967,0.9924769962893957,0.9947239532391192,0.9792593527395083,0.8775611624570859,0.9822185277306078
0.398,9.515943578204192,0.9997351007161344,0.9998289629063742,0.999990474662561,0.999995670539507,0.9999362324929713,0.9999843176365956,0.9999742670665348,0.9999934050694019,0.9999860623439523,0.9997152701717833,0.9993254293757706,0.9983821189990287,0.992520202617381,0.9947577496632027,0.9793564294432819,0.8778614399060013,0.9822691454803015
0.399,9.526826330127447,0.9997376060553712,0.9998306635480927,0.9999906003070753,0.9999957317540654,0.999936937243973,0.9999845157043058,0.9999745780484487,0.9999934952584401,0.9999862418283976,0.9997179738426596,0.9993311256917474,0.9983943324929906,0.9925630412411878,0.9947912358615016,0.9794527805297597,0.8781601440509844,0.9823194561699583
0.4,9.537679401818181,0.9997400809111012,0.9998323426795849,0.999990723956571,0.9999957919389976,0.9999376323051061,0.9999847107368558,0.9999748844326276,0.9999935839711792,0.9999864185172854,0.9997206445065939,0.9993367584203938,0.998406420385713,0.9926055161471223,0.9948244154132814,0.9795484130841453,0.878457286426217,0.9823694624574961
