Beta,R_0,R1,R2,R3,R4,R5,R6,R7,R8,R9,R10,R11,R12,R13,R14,R15,R16,R_all
0.0,0.0,0.0,0.0,0.0,0.0,0.0,0.0,0.0,0.0,0.0,0.0,0.0,0.0,0.0,0.0,0.0,0.0,0.0
0.001,0.08469656739780658,0.0,0.0,0.0,0.0,0.0,0.0,0.0,0.0,0.0,0.0,0.0,0.0,0.0,0.0,0.0,0.0,0.0
0.002,0.1688879862823062,0.0,0.0,0.0,0.0,0.0,0.0,0.0,0.0,0.0,0.0,0.0,0.0,0.0,0.0,0.0,0.0,0.0
0.003,0.2525787624380575,0.0,0.0,0.0,0.0,0.0,0.0,0.0,0.0,0.0,0.0,0.0,0.0,0.0,0.0,0.0,0.0,0.0
0.004,0.3357733482213439,1.5543122344752192e-15,3.552713678800501e-15,4.218847493575595e-15,2.9976021664879227e-15,2.1094237467877974e-15,2.1094237467877974e-15,2.220446049250313e-15,2.1094237467877974e-15,2.220446049250313e-15,1.9984014443252818e-15,1.7763568394002505e-15,1.7763568394002505e-15,1.3322676295501878e-15,3.3306690738754696e-16,3.3306690738754696e-16,2.220446049250313e-16,2.4752907956604804e-15
0.005,0.41847614334975375,0.0,0.0,0.0,0.0,0.0,0.0,0.0,0.0,0.0,0.0,0.0,0.0,0.0,0.0,0.0,0.0,0.0
0.006,0.5006914956777997,0.0,0.0,0.0,0.0,0.0,0.0,0.0,0.0,0.0,0.0,0.0,0.0,0.0,0.0,0.0,0.0,0.0
0.007,0.582423701958864,0.0,0.0,0.0,0.0,0.0,0.0,0.0,0.0,0.0,0.0,0.0,0.0,0.0,0.0,0.0,0.0,0.0
0.008,0.66367700859375,0.0,0.0,0.0,0.0,0.0,0.0,0.0,0.0,0.0,0.0,0.0,0.0,0.0,0.0,0.0,0.0,0.0
0.009,0.7444556123661149,2.1094237467877974e-15,5.995204332975845e-15,7.105427357601002e-15,3.6637359812630166e-15,2.3314683517128287e-15,2.4424906541753444e-15,2.55351295663786e-15,2.55351295663786e-15,2.7755575615628914e-15,2.4424906541753444e-15,2.1094237467877974e-15,2.1094237467877974e-15,1.6653345369377348e-15,5.551115123125783e-16,3.3306690738754696e-16,2.220446049250313e-16,3.450826114028654e-15
0.01,0.8247636611650486,4.440892098500626e-16,2.55351295663786e-15,2.4424906541753444e-15,5.551115123125783e-16,2.220446049250313e-16,2.220446049250313e-16,5.551115123125783e-16,4.440892098500626e-16,4.440892098500626e-16,2.220446049250313e-16,2.220446049250313e-16,3.3306690738754696e-16,2.220446049250313e-16,2.220446049250313e-16,2.220446049250313e-16,2.220446049250313e-16,9.023235170326711e-16
0.011,0.9046052546950629,1.6653345369377348e-15,6.328271240363392e-15,9.658940314238862e-15,5.440092820663267e-15,2.6645352591003757e-15,2.3314683517128287e-15,2.6645352591003757e-15,2.7755575615628914e-15,2.9976021664879227e-15,2.55351295663786e-15,2.3314683517128287e-15,2.220446049250313e-15,1.5543122344752192e-15,6.661338147750939e-16,4.440892098500626e-16,4.440892098500626e-16,3.995270363003077e-15
0.012,0.9839844451737452,8.462200939973741e-10,2.8708895261075895e-09,4.112566953651253e-09,1.8653137923152485e-09,9.365191955268415e-10,8.443434840188502e-10,1.0199602273885944e-09,1.0165445152310326e-09,1.062248733418869e-09,8.714405863585739e-10,8.267710960296881e-10,8.179693589127623e-10,5.41932276831858e-10,3.668106929310966e-10,2.379537678010024e-10,2.1594093180254958e-10,1.6187628118717222e-09
0.013,1.0629052380173245,0.03425363129345882,0.10922818355003971,0.1486448396374339,0.07357956676511168,0.03854690430262531,0.0348419438871721,0.04134896782320141,0.041229367759274216,0.042930286291349096,0.03553110795171188,0.033832036642253205,0.033354937269514995,0.02218223961604293,0.014796873382172837,0.00959645225450223,0.00872357278141489,0.06246674031147197
0.014,1.1413715925143955,0.07780730703705385,0.23007878078913335,0.29766553752742253,0.16191252220873187,0.08912607713625087,0.08082192000522725,0.09404794791161086,0.09382943178517389,0.09732443382077982,0.08140572783839273,0.07784536418843857,0.07641963057512902,0.05109706254672719,0.033563580136864224,0.02177676043259924,0.019842231125105414,0.13467135889003437
0.015,1.219387422488038,0.12129107661614325,0.33387610245552546,0.4152364834765222,0.24454023452460205,0.14088335676494268,0.1282064225584939,0.14666992974330018,0.1464018733212199,0.1513507386023284,0.1278518228434269,0.12274616756977763,0.12003530985768962,0.08074722685259628,0.05238088537492602,0.034020251682539304,0.031071989726844218,0.20062129360676387
0.016,1.2969565969465648,0.16410979305258455,0.42245450875953494,0.5091401457629945,0.3205897790814075,0.19259232705650164,0.1759296102729322,0.1983407010207019,0.19805726652795597,0.20415880486352322,0.17404614455080658,0.16770617637595853,0.16346745411806962,0.11068989093706993,0.07109765000840518,0.046242482425478126,0.042333190682177224,0.26084323055643543
0.017,1.374082940723121,0.20582882774428157,0.49788687117349506,0.5849591483372152,0.38971787968195004,0.24327626040315975,0.22312100473978524,0.2484003320567021,0.24812099591449688,0.25511287384730996,0.2193290967012087,0.21204394486278677,0.20613560623868898,0.14056164749345101,0.0895999970439002,0.058377795771284435,0.053560553325973204,0.31581091654224597
0.018,1.4507702351043643,0.24614026999805516,0.5621490891012912,0.646773715209934,0.4519862987119543,0.29221550604540336,0.26911040890293103,0.29638006274232254,0.29611330559360094,0.30377096586331553,0.26320404486961524,0.2552310607982289,0.24760186247072502,0.1700733145856661,0.10780273868025447,0.07037565691363601,0.06470163106867688,0.3659626070023444
0.019,1.527022218448439,0.2848379452507279,0.6169952092799587,0.6976142515374186,0.5077260179885266,0.338923066014865,0.313414119759281,0.34197501557789967,0.3417223020915304,0.349856698479206,0.30532280734216355,0.29688327241996315,0.2875546957453451,0.19900326211150798,0.12564373697143738,0.08219811976418034,0.07571548016045593,0.41171015404736017
0.02,1.602842586792453,0.32179657421650243,0.6639289032852873,0.7397629355986146,0.5574218027280253,0.38310469521672363,0.3557093749916149,0.38501403103887677,0.38477298817043926,0.3932273718154544,0.34546306899752244,0.33674194606096997,0.3257891892592264,0.22718880554534449,0.14307949110335894,0.09381766932863722,0.0865711718191734,0.45344174881397903
0.021,1.6782349944496708,0.356953804999519,0.7042160745953718,0.7749597637791124,0.6016273518607504,0.4246157496362324,0.39580428421469305,0.42542990440458106,0.42519650117145746,0.43384267607474447,0.38350333934567316,0.3746515617408741,0.3621863608304797,0.25451666611382184,0.16008140776039248,0.10521527797786612,0.09724621309099257,0.49152157735666135
0.022,1.7532030545966228,0.39029492952590006,0.7389126433451996,0.8045462609550759,0.6409091161330747,0.46342169687036283,0.4336083549956331,0.4632325881280831,0.4630024707870082,0.47173690939795854,0.4193991900770401,0.41053729501010505,0.3966937681872541,0.28091357054155763,0.17663261710010392,0.11637868190307754,0.10772501347761909,0.5262886425240825
0.023,1.8277503398503276,0.42184023827466677,0.7688956926605847,0.8295674249321278,0.6758124288731604,0.49956519161449975,0.4691064023292809,0.49848664797136344,0.49825586712218317,0.5069959702483955,0.45316266110808423,0.44438493420829916,0.4293086250575383,0.30633770590792664,0.1927252977342635,0.1273009012451941,0.11799749599436704,0.5580558846616165
0.024,1.9018803828358208,0.451634854528567,0.794892918832154,0.850845080286606,0.7068432608533384,0.5331402277459831,0.5023369187514213,0.5312932415040734,0.5310585831711857,0.5397392554889288,0.48484544350601977,0.47622405232441656,0.4600638600640481,0.33077137272692825,0.20835847819560682,0.13797900765258897,0.12805789981222981,0.5871099997167717
0.025,1.975596676744186,0.4797407720052549,0.8175085192469083,0.8690313213866844,0.734460138795709,0.5642727025312754,0.5333749500270217,0.5617762780451261,0.5615353572080128,0.5701059797265098,0.5145257171237412,0.5061145422533828,0.4890170467268109,0.3542149134450764,0.22353626736078558,0.14841312330702727,0.13790378366978773,0.6137119713182506
0.026,2.0489026758812616,0.5062307601193072,0.8372451177757787,0.8846478900289012,0.7590722729875458,0.5931062928018627,0.5623190027695579,0.5900721410369629,0.589823364845475,0.5982451842799261,0.5422981795893567,0.5341362073428775,0.5162418763183475,0.37668183855982507,0.23826645554384351,0.158605623894841,0.1475352171065869,0.6380981750105336
0.027,2.1218017962072153,0.5311837951664561,0.8545219591660373,0.8981154933621012,0.7810412286641892,0.6197924971488322,0.5892813166349706,0.6163222866460626,0.6160647549989882,0.6243086728862015,0.5682666964093278,0.5603809330616734,0.5418217525679115,0.3981949994942289,0.25255942525722275,0.16856051382403447,0.1569541362209086,0.660481873644861
0.028,2.1942974158671587,0.5546817035949527,0.8696898372772023,0.909775846474948,0.8006844340810995,0.6444838264949788,0.6143808195817344,0.6406680778229172,0.6404014614812314,0.648446186351771,0.5925390182635413,0.5849469404283842,0.5658450874970886,0.41878363556804676,0.26642731401065334,0.17828294260793853,0.16616383764973686,0.6810549380652299
0.029,2.2663928757129717,0.5768067472675207,0.8830432703506604,0.9199083989543142,0.8182794782439538,0.6673293100081159,0.6377381556055575,0.6632473065555555,0.6629717250540254,0.6708022429833711,0.6152230822220988,0.6079346654782075,0.588401922763129,0.43848112870357936,0.27988337822263964,0.18777883447495491,0.1751685854738836,0.6999896614881517
0.03,2.338091479816514,0.5976399281764838,0.8948304045940122,0.9287431393393067,0.8340685844134113,0.6884716669703612,0.6594722755125888,0.6841919617118268,0.6839078722468375,0.6915141900510007,0.6364245002366437,0.629443879164534,0.6095815619422191,0.4573233188330136,0.2929415152231851,0.19705460738307468,0.183973308617694,0.7174405723608424
0.031,2.4093964959743825,0.6172598347521069,0.9052610658296265,0.9364704792349615,0.8482629198535464,0.7080456544389371,0.6796981841206082,0.7036268973321573,0.7033349992545186,0.7107111173304437,0.6562449217651118,0.6495717361512794,0.6294709608061109,0.4753472565240163,0.3056159081168861,0.20611696182160422,0.19258336978745738,0.7335461819943861
0.032,2.48031115620438,0.6357418906868273,0.9145133115163733,0.9432489438876179,0.8610465708638825,0.726177229048958,0.6985255288913816,0.7216691391465051,0.7213702950203518,0.7285133713562897,0.6747810297863612,0.6684115083830816,0.6481536777260276,0.49259029246707686,0.31792076528056434,0.214972723619978,0.20100439041319307,0.7484306279218477
0.033,2.5508386572338493,0.653157899268269,0.9227387724484879,0.9492112013148218,0.8725801125219702,0.7429832606783082,0.7160577911106814,0.7384276339565111,0.7381228062407028,0.7450324782383786,0.6921239886268185,0.6860518162305761,0.6657092324327397,0.5090894240519346,0.3298701322323374,0.22362872827559643,0.20924211911945156,0.7622051919951589
0.034,2.6209821609800366,0.6695758018983877,0.930067018675246,0.954468822914007,0.8830037600778985,0.7585716104050506,0.7323919013337279,0.754003298617474,0.7536935001612262,0.7603713359513655,0.7083592086237289,0.7025762159136221,0.6822127584057196,0.5248808365952773,0.341477758508118,0.23209173703019004,0.21730233384715825,0.7749696848077635
0.035,2.690744795022625,0.6850595895990287,0.9366091383966845,0.9591160681189795,0.8924401200761823,0.7730414402803942,0.7476181477324269,0.7684892649817173,0.7681755212497534,0.7746245768076844,0.7235663284652343,0.7180630378644581,0.6977348631500817,0.5399995908869781,0.35275700611217353,0.24036837711166625,0.2251907698791924,0.7868136963668235
0.036,2.760129653068592,0.6996693218262733,0.9424606811520021,0.9632329126899464,0.9009965745394171,0.7864836624976641,0.761820281607502,0.781971246791848,0.7816545677715765,0.7878790302100143,0.737819343103962,0.7325853983011814,0.712341632886105,0.5544794199422408,0.3637207892107659,0.24846510028949587,0.23291306773348497,0.7978177181671943
0.037,2.8291397954095414,0.713461218754911,0.94770408641206,0.9668874867107392,0.9087673375077693,0.7989814643489386,0.7750757510038625,0.7945279763736731,0.7942093363057083,0.8002142372089188,0.7511868253262348,0.7462113271786412,0.726094735056513,0.5683526066360318,0.37438153715894706,0.256388155245835,0.24047473624196347,0.808054144851947
0.038,2.8977782493716338,0.7264878021485401,0.9524106945094631,0.970138048821272,0.9158352239413592,0.8106108658984637,0.7874560131293962,0.8062316749399923,0.805911998261254,0.8117029838586771,0.763732203975614,0.7590039713343286,0.7390515847298642,0.5816499207076508,0.38475117482495,0.2641435703154327,0.24788112719554256,0.8175881651759638
0.039,2.9660480097582815,0.7387980666595808,0.9566424175709686,0.9730345937663281,0.9222731689167936,0.8214412818238939,0.7990268907946243,0.817148531864755,0.8168286840100328,0.8224118314253852,0.7755140727687586,0.7710218432732245,0.7512655504219918,0.5944005988629236,0.39484111561985424,0.27173714395857096,0.2551374187624119,0.8264785525288243
0.04,3.0339520392857144,0.7504376684335972,0.9604531327919164,0.9756201682535801,0.9281455316465038,0.8315360690624714,0.8098489486788292,0.8273391765714461,0.8270199585192036,0.8324016293393892,0.7865865116113678,0.7823190946152669,0.7627861818517968,0.6066323557106622,0.40466226374731096,0.2791744409551944,0.26224860552826257,0.8347783651822569
0.041,3.1014932690115766,0.7614491216355939,0.9638898482090864,0.9779319534280937,0.9335092149674267,0.8409530489812398,0.8199778728999296,0.8368591325708683,0.8365412782310934,0.8417280022836482,0.7969994080925855,0.792945799523628,0.7736594473006251,0.6183714163260188,0.41422502303514586,0.2864607927872119,0.26921949350312535,0.8425355659563263
0.042,3.168674598756661,0.7718719962898846,0.9669936814360592,0.9800021595801653,0.9384146270560614,0.8497449976627712,0.8294648428871233,0.8457592473326105,0.8454434230554498,0.8504418066240553,0.8067987709881781,0.8029482380244926,0.7839279720219234,0.6296425635564191,0.42353931035771897,0.29360130104292426,0.27605469882257416,0.8497935703171574
0.043,3.2354988975199293,0.7817431128716035,0.9698006841028974,0.9818587689882275,0.9429065084763444,0.857960101205299,0.8383568885007753,0.8540860945626126,0.8537729001973662,0.8585895539951425,0.8160270305688833,0.8123691724601776,0.7936312719025186,0.6404691949477384,0.43261457215151045,0.3006008429585483,0.28275864916656834,0.8565917311394152
0.044,3.301969003886926,0.7910967305904191,0.9723425385766679,0.9835261553142329,0.9470246443682321,0.8656423751411181,0.8466972281391641,0.861882347439993,0.8615723184976647,0.8662138016027555,0.8247233226113926,0.8212481127179985,0.8028059785740554,0.6508733855025246,0.4414598029026897,0.3074640784269349,0.2893355871471571,0.8629657675611324
0.045,3.3680877264317184,0.7999647274036272,0.9746471486048922,0.9850256021681836,0.9508044786748354,0.872832048509839,0.8545255855308744,0.8691871226977038,0.8688807332703771,0.8733535099456793,0.8329237544817905,0.8296215675935937,0.8114860536110285,0.6608759534905158,0.4500835647720185,0.3141954579682369,0.29578957509213866,0.8689481445712841
0.046,3.4338578441124783,0.8083767705903034,0.9767391415638321,0.9863757389363507,0.9542776447787348,0.8795659140186133,0.8618784842657532,0.8760362963012466,0.8757339624717583,0.8800443693719336,0.8406616526784763,0.8375232808623372,0.8197029904779778,0.6704965272925882,0.4584940077405487,0.3207992312832778,0.30212450078738284,0.8745684092276287
0.047,3.499282106660824,0.8163604772884152,0.9786402968058653,0.987592908422631,0.957472424746502,0.8858776462466114,0.8687895200356375,0.8824627920234842,0.8821648755626367,0.8863190973025403,0.8479677919107125,0.8449844514812849,0.8274860036123732,0.6797536118322397,0.4666988898253861,0.3272794561067691,0.3083440838452495,0.879853488717385
0.048,3.564363234965035,0.8239415648008344,0.9803699120264857,0.9886914780583534,0.960414147527786,0.891798090123713,0.8752896111619953,0.8884968445294978,0.8882036567284057,0.8922077081687743,0.8548706062427602,0.8520339379265945,0.8348622045325673,0.6886646535790044,0.4747055970406908,0.33364000715124387,0.31445188244732436,0.8848279548519026
0.049,3.6291039214472542,0.8311439907575348,0.9819451174868586,0.9896841042221847,0.9631255348823475,0.8973555220166898,0.8814072283711389,0.8941662387439212,0.8938780442685963,0.8977377581843278,0.8613963831196769,0.8586984470609981,0.8418567652019409,0.6972461034302728,0.4825211628744137,0.3398845849888751,0.3204513002720497,0.8895142590291429
0.05,3.6935068304347833,0.8379900834123651,0.9833811462340493,0.9905819574492883,0.9656270024771259,0.9025758857483916,0.8871686050042068,0.8994965273247032,0.8992135480107952,0.9029345670582307,0.8675694412584821,0.8650027081767511,0.8484930691052996,0.7055134770180478,0.49015228712335035,0.34601672476133294,0.3263455934659667,0.8939329412021938
0.051,3.757574598525585,0.8445006624777925,0.9846915670803208,0.9913949148988819,0.9679369224708115,0.9074830057972051,0.8925979289659561,0.9045112280477016,0.9042336465771971,0.9078214186806456,0.8734122934731604,0.8709696330110998,0.8547928506343321,0.7134814121650277,0.49760535398330374,0.3520398046405392,0.33213787755437296,0.8981028159539783
0.052,3.821309834948097,0.8506951509779632,0.9858884859738142,0.9921317253161496,0.9700718529543385,0.9120987798034619,0.8977175177578111,0.9092320028413734,0.9089599662614456,0.9124197427047908,0.8789457955296814,0.8766204626127111,0.8607763234595193,0.7211637233451973,0.5048864493317569,0.3579570539880307,0.33783113421579625,0.9020411383929222
0.053,3.8847151219154443,0.8565916786426931,0.9869827204666721,0.9928001508097072,0.9720467388150441,0.9164433523657701,0.9025479779311529,0.9136788201179665,0.9134124431762254,0.9167492788200899,0.8841892821164317,0.8819749019698669,0.8664622986039482,0.7285734530992827,0.5120013771706488,0.36377156117940823,0.34342821786661937,0.9057637522463587
0.054,3.947793014974183,0.862207177382551,0.9879839512244477,0.9934070890242613,0.9738750879166491,0.9205352719564526,0.9071083502541657,0.9178701019395095,0.9176094702205507,0.9208282253750373,0.8891606909795292,0.8870512433099517,0.8718682929429433,0.7357229204237459,0.5189556752190929,0.36948628107449544,0.34893186201908055,0.9092852222327795
0.055,4.01054604334764,0.8675574693853714,0.98890085389145,0.9939586786844778,0.9755691259167717,0.9243916326299481,0.9114162418221261,0.9218228574420388,0.9215680302981675,0.924673373870391,0.8938766762208578,0.8918664789559825,0.8770106288417003,0.7426237662000374,0.5257546296620585,0.37510404212435955,0.3543446853886898,0.9126189525357582
0.056,4.072976710273974,0.8726573483627825,0.9897412141057477,0.9944603909928024,0.9771399325616223,0.9280282020467492,0.9154879462657278,0.9255528038256813,0.9253038171005933,0.9283002307088764,0.898352711696059,0.8964364045877281,0.8819045256180544,0.749286995763702,0.5324032890725922,0.38062755311415974,0.3596691977369273,0.9157772929770506
0.057,4.135087493339027,0.8775206544556542,0.9905120280249534,0.9949171089593449,0.9785975618896559,0.9314595371915501,0.9193385531309665,0.9290744761051665,0.9288313446536541,0.9317231274594927,0.9026031853848014,0.9007757137080483,0.8865641834840712,0.7557230187344219,0.5389064775332065,0.38605940954644546,0.36490780544243595,0.9187716342898486
0.058,4.196880844804089,0.8821603432826679,0.9912195903636403,0.9953331964088158,0.9799511484304149,0.9346990890297129,0.9229820474215074,0.9324013267074605,0.9321640467172512,0.9349553207744548,0.9066414855396381,0.9048980840635641,0.8910028605818712,0.7619416862411513,0.5452688069874728,0.39140209967362427,0.37006281679947084,0.9216124937218788
0.059,4.258359191928632,0.886588549588625,0.9918695716423425,0.9957125581342707,0.9812090011916144,0.9377592972218269,0.9264314002131223,0.9355458159018553,0.935314367025774,0.9380090829855807,0.910480079354793,0.9088162567154556,0.8952329436884712,0.7679523256833376,0.5514946888562254,0.3966580101911138,0.37513644704643934,0.9243095920486503
0.06,4.319524937288136,0.890816645920135,0.9924670860960885,0.9960586924392733,0.9823786869783776,0.9406516759023016,0.9296986511715455,0.9385194939537344,0.9382938412617322,0.9408957843048378,0.9141305848337169,0.9125421084030627,0.8992660131232335,0.7737637731715216,0.5575883449547093,0.4018294316045983,0.38013082313032476,0.9268719229469147
0.061,4.380380459087067,0.8948552967270639,0.9930167514787919,0.996374737120316,0.9834671043764661,0.9433868914244166,0.932794983731065,0.9413330758065991,0.9411131715679883,0.9436259674606394,0.9176038364750457,0.9160867177912999,0.9031129023509274,0.779384403789657,0.5635538177477697,0.4069185632859724,0.38504798821491404,0.9293078155647351
0.062,4.440928111467116,0.8987145082592963,0.9935227418216388,0.9966635097830299,0.9844805495505236,0.9459748328805886,0.9357307936219633,0.9439965090177124,0.9437822943243301,0.9462094155170098,0.9209099453411899,0.9194604261435637,0.9067837527342302,0.784822159818225,0.5693949799801614,0.41192751823319373,0.389889905942167,0.9316249910253174
0.063,4.501170224810766,0.9024036746004998,0.9939888340531988,0.9969275432532159,0.9854247748539078,0.9484246761222294,0.9385157513708091,0.9465190356006387,0.9463104418417374,0.9486552135463864,0.9240583540223638,0.9226728929152719,0.9102880638522315,0.7900845770523919,0.5751155437184359,0.41685832754947916,0.39465846445700925,0.933830613515066
0.064,4.561109106040269,0.9059316201539812,0.9944184492616985,0.9971691167325333,0.9863050411145289,0.9507449419277384,0.9411588593386275,0.9489092483626343,0.948706198562152,0.9509718047580545,0.9270578869614953,0.9257331467197222,0.9136347397664464,0.7951788093435963,0.5807190688398289,0.42171294465724285,0.3993554802063679,0.935931336530479
0.065,4.620747038912135,0.909306638870605,0.9948146892719136,0.9973902832550822,0.9871261643478317,0.9529435488992131,0.9436685038080119,0.9511751422658288,0.9509775522923813,0.9531670416223761,0.9299167965620128,0.9286496320776658,0.9168321315831162,0.800111651486474,0.586208971002266,0.4264932492618684,0.40398270152352544,0.937933344792127
0.066,4.680086284307179,0.9125365304851851,0.9951803691173219,0.9975928939221191,0.9878925575507804,0.9550278616076382,0.9460525025810658,0.9533241612879374,0.9531319409474641,0.9552482324755075,0.9326428054608519,0.9314302523248528,0.9198880766302513,0.8048895605662132,0.5915885291280765,0.4312010510799804,0.4085418120088816,0.9398423922757971
0.067,4.739129080516237,0.9156286340058245,0.9955180459098968,0.9977786193253001,0.9886082681470205,0.9570047344519629,0.9483181485054059,0.9553632412103877,0.9551762952308916,0.9572221840395847,0.9352431453129293,0.93408240901773,0.9228099345398798,0.8095186758745343,0.596860892432437,0.4358380933463504,0.41303443371809256,0.9416638367598664
0.068,4.797877643521596,0.9185898586803122,0.9958300445430807,0.997948968512127,0.9892770115812726,0.9588805516489348,0.9504722493049959,0.9572988487187273,0.9571170776360258,0.9590952402488481,0.937724592400551,0.9366130381463017,0.9256046205002475,0.8140048374956168,0.6020290870258664,0.44040605611295414,0.41746213016829015,0.9434026712431565
0.069,4.856334167274235,0.9214267126448951,0.9961184806062486,0.9981053057990443,0.9899022014987503,0.960661263727249,0.9525211640559972,0.9591370171615834,0.9589603181144316,0.9608733177323613,0.9400935003515306,0.9390286434347488,0.9282786359191662,0.8183536036566155,0.6070960221184474,0.4449065593530559,0.42182640917275427,0.945063552548149
0.07,4.914500823966943,0.9241453294434085,0.9963852808398813,0.9982488656965106,0.9904869768915514,0.9623524208609204,0.9544708366147998,0.9608833792798045,0.9607116467222008,0.9625619382683598,0.9423558302229114,0.941335326984534,0.9308380967181679,0.8225702669309397,0.612064495851793,0.44934116588251827,0.42612872551400716,0.9466508273897674
0.071,4.97237976430338,0.92675149258884,0.9966322014184651,0.9983807661752344,0.9910342265473183,0.9639592033423221,0.9563268262756097,0.962543197186366,0.9623763235243022,0.9641662584934205,0.9445171781828964,0.9435388174912339,0.9332887594574938,0.8266598693763186,0.6169372007831557,0.45371138410987966,0.4303704834648727,0.9481685561593812
0.072,5.0299731177631575,0.9292506583247938,0.9968608443117827,0.9985020204726752,0.9915466110949881,0.9654864494645766,0.9580943359081395,0.9641213898497849,0.9639592660091678,0.9656910971211645,0.9465828010016478,0.9456444962450169,0.9356360454740602,0.8306272166838218,0.6217167290445402,0.45801867062605717,0.4345530391665845,0.94962053464675
0.073,5.087282992863003,0.9316479767309577,0.997072671943883,0.9986135476130877,0.9920265829072582,0.9669386810555521,0.9597782378017767,0.9656225583088324,0.9654650742407932,0.9671409598997387,0.948557639541813,0.9476574211053707,0.9378850631982756,0.8344768914084989,0.6264055771981765,0.46226443264389727,0.43867770287256613,0.95101031389881
0.074,5.1443114774140755,0.9339483113044376,0.9972690203418902,0.9987161817921768,0.9924764040887591,0.9683201268812259,0.9613830974208579,0.9670510088239709,0.9668980539532909,0.9685200625145372,0.9504463404217589,0.9495823486231835,0.9400406288007968,0.8382132653471335,0.6310061508083102,0.4664500302971677,0.4427457410660438,0.9523412183931628
0.075,5.201060638775511,0.9361562571376466,0.9974511109433074,0.9988106807582962,0.9928981627522007,0.969634744114311,0.9629131952560921,0.9684107741508783,0.9682622377727981,0.9698323516222406,0.9522532760083703,0.9514237544674401,0.9421072853068768,0.8418405111237668,0.6355207687479103,0.4705767788079612,0.446758378459188,0.953616362685493
0.076,5.257532524104235,0.9382761578032309,0.9976200612100732,0.9988977333055968,0.9932937877614187,0.9708862380445153,0.9643725469395614,0.9697056331034447,0.9695614047336909,0.9710815241839992,0.9539825628817244,0.9531858522994592,0.9440893203037658,0.8453626130391543,0.639951667257648,0.47464595053094427,0.45071679988104696,0.9548386666736138
0.077,5.313729160601137,0.9403121210471828,0.9977768941798963,0.9989779659802387,0.9936650620998289,0.972078080189336,0.9657649217748654,0.9709391285574779,0.9707990982399385,0.9722710452492392,0.9556380789008183,0.9548726112246235,0.9459907823555498,0.8487833772361135,0.6443010037732989,0.47865877688229375,0.45462215206108925,0.956010869606183
0.078,5.369652555753647,0.9422680333828016,0.9979225470699494,0.999051949088391,0.9940136350048974,0.9732135249486904,0.9670938598197006,0.9721145840318801,0.9719786426079811,0.9734041643269286,0.9572234789876863,0.9564877719398196,0.9478154962297705,0.8521064412288533,0.648570860536628,0.48261645016068866,0.4584755453147783,0.9571355429511117
0.079,5.425304697574778,0.9441475736703877,0.9980578790345328,0.9991202020839902,0.9943410329935389,0.9742956249327038,0.9683626876453099,0.9732351189710412,0.9731031583145275,0.9744839304679938,0.9587422097365466,0.9580348616841761,0.9495670770310397,0.8553352828407546,0.6527632480037482,0.48652012526720234,0.4622780551371788,0.9582151022270934
0.08,5.48068755483871,0.9459542257604866,0.9981836781665475,0.9991831984048742,0.9946486698895475,0.9753272450794661,0.9695745328856594,0.9743036628405095,0.9741755760610128,0.9755132061708055,0.9601975229449579,0.9595172080910793,0.951248943328593,0.8584732285917548,0.6568801080640012,0.49037092133051174,0.46603072371025145,0.959251817891367
0.081,5.535803077312953,0.9476912902720345,0.9983006678223176,0.999241369817762,0.9949378559520222,0.9763110756683574,0.9707323376787643,0.975322968137493,0.9751986497559686,0.9764946802110595,0.9615924881552476,0.9609379520307411,0.9528643293572021,0.8615234615733987,0.6609233170814901,0.4941699232433926,0.46973456132910707,0.9602478253676314
0.082,5.590653195987159,0.9493618955708679,0.9984095123402744,0.9992951103254405,0.9952098061930407,0.9772496443244841,0.9718388710931779,0.9762956224082908,0.976174968507131,0.9774308794878761,0.9629300042865797,0.9623000595247084,0.954416296364046,0.8644890288467777,0.6648946887705505,0.49791818311607583,0.4733905477521754,0.9612051342898094
0.083,5.645239823298639,0.9509690080086801,0.9985108222160941,0.9993447796833074,0.9954656479633851,0.9781453271007435,0.9728967406241743,0.9772240593562429,0.9771069677066246,0.9783241799693947,0.9642128104309083,0.9636063328065688,0.9559077431679349,0.8673728483959482,0.6687959769156693,0.5016167216516647,0.47699963347991625,0.9621256370300353
0.084,5.699564853354633,0.952515441477599,0.9986051587899106,0.9993907065669843,0.9957064278767722,0.9790003587159264,0.9739084028364967,0.9781105691161227,0.9779969392849127,0.9791768168134412,0.965443495879605,0.9648594205966279,0.95734141599165,0.870177715667001,0.6726288779456302,0.5052665294484604,0.4805627409664054,0.963011116572664
0.085,5.753630162151395,0.9540038663310797,0.9986930384951027,0.9994331914279472,0.9959331181356469,0.9798168420199783,0.974876173223628,0.9789573077639872,0.9788470412023185,0.979990893731926,0.9666245094417099,0.9660618276524712,0.958719917623036,0.8729063097207108,0.6763950333709854,0.5088685682337148,0.48408076576784753,0.9638632537902327
0.086,5.807437607790143,0.955436817717713,0.9987749367127444,0.9994725090699423,0.9961466223150487,0.98059675675099,0.9758022353472933,0.9797663061252644,0.9796593062407026,0.9807683916613883,0.9677581681094679,0.9672159236519996,0.960045715955825,0.8755611990246411,0.6800960320933347,0.5124237720330286,0.4875545776318101,0.9646836341720357
0.087,5.860989030689928,0.956816703370809,0.998851291271042,0.9995089109752767,0.9963477806552468,0.981341967642573,0.9766886493152558,0.9805394779382344,0.9804356501522742,0.9815111767964644,0.968846665122012,0.9683239514606908,0.96132115195693,0.8781448469086706,0.6837334125942985,0.5159330482793285,0.49098502153071866,0.965473754051242
0.088,5.914286253797468,0.9581458108931996,0.9989225056248666,0.9995426274068411,0.9965373749086753,0.9820542319349691,0.9775373596503565,0.9812786274249738,0.9811778792174465,0.9822210080379907,0.9698920774737096,0.9693880348304549,0.9625484471030854,0.8806596167061588,0.6873086650115422,0.5193972788650907,0.49437291864292954,0.966235026372241
0.089,5.967331082794002,0.9594263145735762,0.9989889517467607,0.9995738693088703,0.9967161327821076,0.9827352063384344,0.9783502025991212,0.9819854563172422,0.9818876972590634,0.9828995439028501,0.9708963729097397,0.9704101855734639,0.963729710326194,0.8831077766013474,0.6908232331087012,0.5228173211412339,0.49771906728448323,0.9669687860360863
0.09,6.020125306299212,0.9606602817678215,0.9990509727574932,0.999602830026933,0.996884732010914,0.9833864534931145,0.9791289129240711,0.9826615703806274,0.982566712156184,0.9835483489385284,0.9718614164478842,0.9713923102507087,0.9648669445035369,0.8854915042021083,0.694278516145594,0.5261940088658756,0.5010242437944354,0.9676762948584621
0.091,6.07267069607227,0.9618496788761759,0.9991088853213081,0.99962968686542,0.9970438040986029,0.9840094479657141,0.9798751302200711,0.9833084854765086,0.9832164418968561,0.9841688996815943,0.9727889764622581,0.9723362164117363,0.9659620525260775,0.887812890855765,0.6976758706546777,0.529528153105935,0.5042892033764795,0.9683587461715113
0.092,6.124969007210031,0.9629963769446843,0.9991629818284086,0.9996546024988353,0.9971939377515854,0.9846055818197257,0.9805904047916062,0.9839276331979817,0.9838383202059146,0.9847625901959145,0.973680730361744,0.9732436184190225,0.9670168429754241,0.8900739457244556,0.7010166121293074,0.5328205430943651,0.5075146808993973,0.9690172690980531
0.093,6.177021978342455,0.9641021569171725,0.999213532384903,0.9996777262514566,0.9973356820361943,0.9851761697927847,0.9812762031247477,0.9845203661127998,0.9844337017807543,0.9853307372233417,0.9745382698931929,0.9741161428876935,0.9680330354375799,0.8922765996353226,0.7043020166289704,0.5360719470456166,0.510701391658714,0.969652932524224
0.094,6.2288313318252735,0.9651687145619913,0.9992607866283852,0.9996991952583871,0.9974695492823836,0.9857224541118199,0.9819339129847312,0.985087962643579,0.985003867165235,0.9858745849768153,0.9753631060970109,0.9749553337688227,0.969012265479384,0.8944227087197437,0.7075333223063536,0.5392831129317611,0.513850032101782,0.970266748794265
0.095,6.280398773929961,0.9661976650959211,0.9993049753854794,0.9997191355196546,0.9975960177562032,0.9862456089740411,0.9825648481674848,0.9856316316129695,0.9855500272893337,0.9863953096032873,0.9761566739405003,0.9757626571022495,0.9699560893115146,0.8965140578548116,0.7107117308607492,0.5424547692215449,0.5169612805183678,0.9708596771491463
0.096,6.331725995031056,0.967190547525936,0.9993463121860489,0.9997376628577955,0.9977155341210503,0.9867467447194251,0.9831702529310964,0.9861525164791772,0.9860733276998538,0.986894023341579,0.9769203366522939,0.9765395054627968,0.9708659881600619,0.8985523639193538,0.7138384089220333,0.5455876255844996,0.5200357976987013,0.9714326269288344
0.097,6.38281466979086,0.9681488287279721,0.999384994647306,0.9997548837882856,0.9978285157058236,0.9872269117181982,0.9837513061310741,0.9866516992851169,0.9865748525054004,0.9873717783981888,0.9776553897793545,0.9772872021218653,0.9717433723669785,0.9005392788759266,0.7169144893691579,0.5486823735620874,0.5230742275608037,0.9719864605563303
0.098,6.433666457341577,0.9690739072804178,0.9994212057397527,0.9997708963112111,0.9979353525964199,0.9876871039948512,0.9843091250813016,0.9871302043425607,0.9870556280569255,0.9878295705621606,0.9783630649863148,0.9780070049446502,0.9725895852381536,0.9024763926894334,0.7199410725868576,0.5517396872077491,0.5260771977488068,0.9725219963200649
0.099,6.484283001464918,0.9699671170687292,0.9994551149457139,0.9997857906317212,0.9980364095654927,0.988128262608434,0.9848447691608205,0.9875890016709022,0.9875166263834014,0.9882683425784017,0.9790445336153755,0.9787001100416473,0.9734059066564297,0.9043652360922854,0.7229192276640193,0.5547602236975873,0.5290453202038736,0.9730400109698539
0.1,6.534665930769231,0.9708297306763715,0.9994868793201824,0.9997996498160387,0.9981320278540333,0.9885512788072573,0.9853592431849467,0.9880290102085643,0.9879587684006027,0.9886889872972512,0.9797009100235651,0.9793676551916595,0.9741935564755672,0.9062072832053508,0.7258499935369533,0.5577446239133131,0.5319791917092143,0.9735412421403461
0.101,6.584816858864159,0.9716629625761712,0.9995166444627512,0.9998125503891198,0.9982225268170983,0.9889569969746432,0.9858535005577569,0.9884511008136299,0.9883829269095254,0.9890923506166704,0.9803332547128594,0.9800107230521942,0.9749536977099648,0.9080039540233137,0.7287343800805954,0.5606935129989872,0.5348793944106139,0.9740263906147502
0.102,6.634737384532925,0.9724679721351465,0.9995445454085744,0.999824562879448,0.9983082054448996,0.9893462173810259,0.986328446221626,0.9888560990689522,0.9887899293996585,0.9894792342321094,0.980942577267471,0.980630344171923,0.9756874395338332,0.9097566167724839,0.731573369150474,0.5636075008929767,0.5377464963137908,0.9744961224405839
0.103,6.684429091902216,0.9732458664449399,0.999570707445537,0.9998357523159033,0.9983893437694744,0.9897196987564683,0.9867849394182645,0.9892447879057887,0.9891805606711118,0.98985039820791,0.9815298391115328,0.9812274998187619,0.9763958401025119,0.9114665901485697,0.7343679155781111,0.5664871828364791,0.5405810517598346,0.9749510709082332
0.104,6.733893550609757,0.9739977029891097,0.9995952468641406,0.9998461786811538,0.9984662041662418,0.9900781606965438,0.98722379627458,0.9896179100589018,0.98955556528851,0.9902065633830103,0.9820959560993906,0.9818031246361094,0.9770799092076816,0.9131351454414192,0.7371189481223421,0.5693331398598571,0.5433836018798804,0.9753918384022372
0.105,6.783132315969582,0.9747244921577368,0.999618271645996,0.9998558973255897,0.9985390325589398,0.9904222859135037,0.9876457922256472,0.9899761703650565,0.9899156498785483,0.9905484136227142,0.9826418009498137,0.9823581091388386,0.9777406107773705,0.9147635085532858,0.7398273703789042,0.5721459392479782,0.5461546750301216,0.9758189981344385
0.106,6.832146929135053,0.9754271996190667,0.9996398820962712,0.9998649593454185,0.9986080595356909,0.9907527223437191,0.9880516642861343,0.9903202379159228,0.9902614852821913,0.99087659792738,0.9831682055345817,0.9828933020597822,0.978378865230862,0.9163528619167413,0.7424940616504911,0.574926134985654,0.548894787208192,0.9762330957673956
0.107,6.880938917259653,0.9761067485572218,0.9996601714249409,0.9998734119281971,0.9986735013832755,0.9910700851215272,0.98844211318066,0.9906507480755409,0.9905937085716429,0.9911917324080359,0.9836759630311378,0.9834095125566532,0.9789955516978854,0.9179043463179618,0.7451198777793304,0.5776742681842302,0.5516044424518767,0.9766346509358105
0.108,6.92950979365559,0.9767640217843951,0.9996792262812451,0.9998812986687567,0.9987355610460852,0.991374958428828,0.9888178053427642,0.9909683043717324,0.990912924941453,0.9914944021381727,0.9841658299482845,0.983907512288618,0.9795915101108007,0.9194190626307496,0.7477056519442347,0.5803908674902942,0.5542841332210726,0.9770241586731129
0.109,6.977861057950264,0.9773998637353497,0.9996971272453556,0.9998886598581942,0.9987944290156713,0.9916678972290638,0.9891793747914465,0.9912734802701324,0.9912197094824075,0.9917851628902534,0.9846385280332463,0.9843880373710687,0.9801675431778727,0.9208980734663068,0.7502521954239416,0.5830764494774308,0.5569343407638453,0.9774020907497917
0.11,7.025994196240602,0.9780150823515135,0.9997139492808897,0.9998955327483499,0.9988502841563085,0.9919494288935534,0.9895274248935574,0.9915668208388579,0.9915146088462018,0.9920645427648379,0.9850947460678197,0.9848517902165239,0.9807244182451579,0.9223424047434623,0.7527602983284633,0.5857315190218781,0.5595555354673964,0.9777688969295617
0.111,7.073910681245312,0.9786104508614626,0.9997297621515802,0.9999019517939628,0.9989032944715329,0.9922200547275483,0.9898625300197095,0.9918488443112344,0.9917981428083016,0.992333043719628,0.98553514156078,0.9852994412690185,0.9812628690540053,0.9237530471837538,0.7552307303000558,0.5883565696629038,0.5621481771946946,0.9781250061489863
0.112,7.121611972455091,0.9791867094641233,0.9997446308051149,0.9999079488744875,0.9989536178162021,0.9924802514028305,0.9901852371008164,0.9921200435534487,0.9920708057358416,0.9925911430051948,0.9859603423431981,0.9857316306388206,0.9817835974006814,0.925130957735499,0.757664241185333,0.5909520839486692,0.5647127156074888,0.9784708276257567
0.113,7.169099516280807,0.9797445669205974,0.9997586157268901,0.9999135534973697,0.9990014025582471,0.9927304723031584,0.9904960670918407,0.9923808874434901,0.9923330679669121,0.9928392945136485,0.9863709480728551,0.9861489696438287,0.9822872747041882,0.9264770609307232,0.7600615616799484,0.5935185337682909,0.567249590476375,0.9788067519004353
0.114,7.216374746199703,0.9802847020601231,0.9997717732661776,0.9999187929844137,0.9990467881939418,0.9929711487884034,0.9907955163488597,0.9926318221672767,0.992585377107116,0.9930779300460548,0.986767531653506,0.9865520422635572,0.9827745434879201,0.9277922501785845,0.7624234039472035,0.5960563806707919,0.5697592319785534,0.9791331518161138
0.115,7.263439082899629,0.9808077652053143,0.9997841559369881,0.9999236926427223,0.9990899059202043,0.9932026913827888,0.9910840579251124,0.9928732724374364,0.9928281592488531,0.9933074605039759,0.98715064057434,0.986941406511208,0.9832460187804293,0.9290773889987047,0.7647504622118471,0.5985660761715743,0.5722420609838749,0.9794503834401133
0.116,7.310293934421366,0.9813143795214837,0.9997958126957099,0.9999282759215509,0.9991308791671561,0.9934254908922496,0.9913621427912894,0.9931056426398123,0.9930618201183952,0.9935282770101247,0.9875207981746192,0.9873175957289418,0.983702289440208,0.9303333121976153,0.7670434133302678,0.6010480620470153,0.5746984893297408,0.9797587869315392
0.117,7.356940696299038,0.9818051422945383,0.9998067891974232,0.999932564556298,0.999169824093909,0.9936399194555665,0.9916302009849477,0.9933293179124054,0.9932867461554497,0.9937407519627666,0.987878504838131,0.987681119811116,0.9841439194090706,0.9315608269913268,0.7693029173382113,0.6035027706177654,0.5771289200853915,0.9800586873582425
0.118,7.403380751698672,0.9822806261416465,0.9998171280326248,0.999936578700742,0.999206850050304,0.9938463315335948,0.9918886426935939,0.9935446651611266,0.9935033055295799,0.993945240028165,0.988224239121774,0.9880324663599244,0.9845714488984125,0.9327607140768589,0.7715296179770921,0.6059306250212745,0.5795337478060871,0.9803503954664687
0.119,7.449615471554901,0.9827413801585996,0.9998268689459506,0.9999403370485331,0.9992420600071203,0.9940450648405984,0.9921378592756541,0.9937520340164225,0.9937118490975372,0.9941420790750696,0.9885584588223065,0.9883721017775815,0.9849853955123392,0.933933728655391,0.7737241431999062,0.6083320394740617,0.5819133587776537,0.9806342084062487
0.12,7.495646214705882,0.9831879310075435,0.9998360490383421,0.9999438569448572,0.9992755509570616,0.9942364412214154,0.9923782242232587,0.9939517577345541,0.9939127113052769,0.9943315910549584,0.9888816019850112,0.9887004722989062,0.9853862553113977,0.935080601409543,0.7758871056577016,0.6107074195242004,0.5842681312518495,0.9809104104153656
0.121,7.541474328026413,0.9836207839485173,0.9998447029539872,0.9999471544891091,0.9993074142886517,0.9944207674779186,0.9926100940704954,0.9941441540470437,0.9941062110381679,0.9945140828314885,0.9891940878577807,0.9890180049679085,0.9857745038203996,0.9362020394371438,0.7780191031675066,0.6130571622944834,0.5865984356729723,0.981179273464532
0.122,7.587101146559297,0.9840404238180184,0.999852863053246,0.9999502446293348,0.9993377361350063,0.9945983361479941,0.9928338092505351,0.9943295259615593,0.9942926524226596,0.9946898469623704,0.9894963177938981,0.9893251085617396,0.9861505969835976,0.937298727143714,0.7801207191625696,0.6153816567166799,0.5889046348961142,0.9814410578662263
0.123,7.632527993644996,0.984447315957613,0.9998605595726756,0.9999531412491367,0.9993665976992886,0.994769426240033,0.9930496949048001,0.9945081625172846,0.99447232558245,0.9948591624366547,0.9897886761065638,0.989622174465146,0.9865149720702682,0.9383713270957532,0.782192523125716,0.6176812837573038,0.5911870843974399,0.9816960128494695
0.124,7.6777561810495625,0.984841907095417,0.9998678207731708,0.9999558572476744,0.9993940755585213,0.9949343039257288,0.9932580616471298,0.9946803394976085,0.9946455073519836,0.9950222953702205,0.9900715308780283,0.9899095774983598,0.9868680485335567,0.9394204808368083,0.7842350710065861,0.6199564166352691,0.5934461324768517,0.98194437710266
0.125,7.7227870090909105,0.9852246261831008,0.9998746730771546,0.9999584046133357,0.9994202419473001,0.9950932231937784,0.9934592062856998,0.9948463201027812,0.9948124619499229,0.9951794996620592,0.9903452347259963,0.9901876767011693,0.9872102288252638,0.9404468096681842,0.7862489056234804,0.6222074210317964,0.595682120453384,0.9821863792864479
0.126,7.767621766763426,0.9855958851909047,0.9998811411956747,0.9999607944916054,0.9994451650228297,0.9952464264669088,0.9936534125052647,0.9950063555849997,0.9949734416150527,0.9953310176137766,0.9906101255298019,0.9904568160757341,0.9875418991690764,0.9414509153960539,0.7882345570504928,0.6244346552929143,0.5978953828536473,0.9824222385184812
0.127,7.812261731860971,0.9859560798629977,0.9998872482461916,0.999963037247612,0.9994689091126043,0.9953941451844873,0.9938409515121256,0.9951606858482231,0.9951286872069156,0.9954770805145678,0.9908665271186877,0.9907173252905439,0.9878634302945952,0.9424333810466238,0.7901925429905854,0.6266384706248826,0.6000862475936267,0.9826521648317501
0.128,7.8567081710982665,0.9863055904353735,0.9998930158617776,0.9999651425237899,0.9994915349459462,0.9955366003528215,0.9940220826440608,0.9953095400148638,0.9952784287733203,0.9956179091937737,0.9911147499243782,0.9909695203477683,0.9881751781343614,0.9433947715509222,0.7921233691352173,0.6288192112828437,0.6022550361541346,0.9828763596081235
0.129,7.900962340230715,0.9866447823183392,0.9998984642923905,0.9999671192930566,0.9995130998705296,0.9956740030651137,0.9941970539473154,0.9954531369613574,0.9954228860867247,0.9957537145429834,0.9913550915999906,0.9912137042161014,0.9884774844859494,0.9443356344006874,0.7940275295111162,0.6309772147529951,0.6044020637501797,0.9830950159885729
0.13,7.945025484172663,0.9869740067455318,0.9999036124988293,0.9999689759078749,0.9995336580549342,0.9958065549929043,0.9943661027226037,0.9955916858244835,0.9955622691513639,0.9958846980095198,0.991587837607207,0.9914501674310705,0.9887706776410655,0.9452565002767523,0.7959055068147411,0.6331128119285632,0.6065276394945258,0.9833083192614784
0.131,7.988898837114143,0.9872936013912811,0.9999084782399298,0.99997072014553,0.9995532606781902,0.9959344488507188,0.9945294560419566,0.9957253864801855,0.9956967786828684,0.996011052063023,0.9918132617735022,0.991679188664658,0.9890550729834724,0.9461578836512488,0.7977577727349696,0.6352263272798371,0.6086320665556801,0.9835164472303235
0.132,8.032583622636105,0.987603890958024,0.9999130781535153,0.9999723592499309,0.9995719561072096,0.9960578688355176,0.9946873312381218,0.9958544299965242,0.9958266065620065,0.9961329606367356,0.9920316268211158,0.9919010352659675,0.9893309735574523,0.9470402833648771,0.7995847882645037,0.6373180790185189,0.6107156423105524,0.9837195705619876
0.133,8.076081053824161,0.9879051877353829,0.999917427831574,0.9999738999702155,0.9995897900629334,0.996176991042446,0.9948399363681214,0.9959789990622934,0.9959519362640785,0.9962505995449896,0.9922431848693505,0.992115963774559,0.9895986706084122,0.9479041831804252,0.8013870040004727,0.6393883792566195,0.612778658492005,0.9839178531167831
0.134,8.119392333380885,0.9881977921324163,0.9999215418900992,0.9999753485964157,0.9996068057759588,0.9962919838582847,0.9949874706524636,0.9960992683927299,0.9960729432653918,0.9963641368782958,0.9924481779116803,0.9923242204079769,0.9898584440971454,0.9487500523136538,0.8031648604346832,0.6414375341601358,0.6148214013315091,0.9841114522612963
0.135,8.162518653736655,0.9884819931844679,0.9999254340339901,0.9999767109924175,0.9996230441323622,0.9964030083339092,0.9951301248914135,0.9962154051136534,0.9961897954281543,0.9964737333773502,0.9926468382690629,0.9925260415249038,0.9901105631891672,0.9495783459426068,0.804918788233947,0.6434658440977143,0.6168441516971079,0.9843005191650307
0.136,8.205461197159092,0.9887580690359549,0.9999291171173855,0.9999779926264323,0.9996385438103744,0.9965102185369837,0.9952680818596394,0.9963275691252925,0.9963026533650394,0.9965795427871855,0.9928393890207668,0.9927216540652823,0.9903552867204611,0.9503895056963505,0.8066492085108933,0.6454736037845126,0.6188471852268794,0.9844851990817842
0.137,8.248221135861092,0.989026287400356,0.9999326031997667,0.9999791985991752,0.9996533414085248,0.9966137618860381,0.9954015166804656,0.9964359134469705,0.9964116707845956,0.996681712192618,0.9930260444139416,0.9929112759686691,0.9905928636408952,0.9511839601240893,0.8083565330856555,0.6474611024214472,0.6208307724580825,0.9846656316166339
0.138,8.290799632107497,0.9892869059985937,0.9999359035981444,0.9999803336699322,0.9996674715658206,0.9967137794670011,0.9955305971808901,0.9965405845437493,0.9965169948186006,0.996780382336069,0.9932070102530876,0.9930951165720066,0.9908235334364879,0.9519621251455614,0.8100411647388025,0.6494286238300171,0.6227951789521582,0.9848419509793463
0.139,8.333197838320396,0.9895401729769274,0.9999390289356184,0.999981402280683,0.9996809670744913,0.996810406333199,0.9956554842284511,0.9966417226360665,0.9966187663323917,0.9968756879187713,0.9933824842705135,0.9932733769879293,0.9910475265316433,0.9527244044835651,0.8117034974558661,0.6513764465828753,0.624740665415757,0.9850142862249834
0.14,8.3754168971831,0.9897863273054197,0.9999419891865748,0.9999824085784295,0.9996938589857892,0.9969037717897614,0.9957763320509587,0.9967394619933292,0.9967171202191383,0.9969677578863083,0.9935526564788042,0.993446250464654,0.9912650646724003,0.9534711900794265,0.8133439166638,0.653304844130318,0.6266674878179433,0.9851827614824181
0.141,8.417457941742796,0.9900255991579705,0.9999447937187688,0.9999833564358728,0.999706176709303,0.9969939996633237,0.9958932885400508,0.9968339312123743,0.9968121856789646,0.9970567156993744,0.9937177095062598,0.9936139227284406,0.9914763612916896,0.9542028624921786,0.8149627994596922,0.6552140849228507,0.6285758975037323,0.9853474961714395
0.142,8.459322095511922,0.9902582102748633,0.9999474513325162,0.9999842494705642,0.9997179481062073,0.9970812085578518,0.9960064955394663,0.9969252534816466,0.9969040864837725,0.9971426795905909,0.9938778189162135,0.9937765723095542,0.9916816218575296,0.954919791282177,0.8165605148320337,0.6571044325299826,0.630466141304102,0.9855086052090779
0.143,8.50101047256823,0.9904843743087097,0.9999499702972071,0.9999850910626502,0.9997291995768461,0.9971655120973727,0.996116089118882,0.9970135468318935,0.9969929412285673,0.9972257628081613,0.9940331535110806,0.9939343708526018,0.9918810442050399,0.9556223353798484,0.8181374238748357,0.6589761457553954,0.6323384616426155,0.9856661992057469
0.144,8.542524177653632,0.9907042971546328,0.9999523583853324,0.9999858843713193,0.9997399561430151,0.997247019156342,0.9962221998341044,0.9970989243741271,0.9970788635700326,0.9973060738470996,0.9941838756219412,0.99408748341207,0.9920748188531043,0.9563108434402259,0.8196938799948705,0.6608294787486222,0.6341930966387842,0.9858203846517571
0.145,8.583864306271778,0.9909181772654826,0.9999546229042018,0.9999866323500497,0.9997502415252859,0.9973258340783338,0.9963249529743593,0.9971814945255602,0.9971619624530637,0.9973837166687225,0.9943301413844168,0.9942360687338382,0.9922631293064659,0.9569856541838984,0.8212302291123063,0.6626646811133743,0.6360302802082995,0.9859712640947331
0.146,8.625031944784425,0.9911262059528302,0.9999567707255205,0.9999873377607503,0.9997600782156917,0.9974020568837015,0.9964244687973836,0.9972613612241781,0.9972423423259199,0.9974587909090564,0.9944721010015505,0.9943802795234011,0.9924461523439916,0.9576470967249657,0.8227468098549809,0.664481998012634,0.6378502421602459,0.9861189363084184
0.147,8.666028170506593,0.9913285676744513,0.999958808312975,0.999988003186879,0.9997694875460693,0.9974757834668156,0.9965208627529746,0.9973386241325695,0.9973201033446207,0.9975313920767656,0.9946098989943674,0.9945202627014894,0.9926240582938071,0.9582954908865648,0.8242439537465642,0.6662816702706416,0.6396532082914136,0.9862634964533398
0.148,8.706854051800555,0.9915254403089652,0.9999607417479706,0.9999886310456159,0.999778489752337,0.9975471057834475,0.9966142456956192,0.9974133788316029,0.9973953415671716,0.9976016117411788,0.9947436744407474,0.9946561596477396,0.9927970112959601,0.958931147504503,0.8257219853888325,0.6680639344718855,0.6414394004778186,0.9864050362297637
0.149,8.747510648168625,0.991716995418264,0.9999625767536507,0.9999892235991631,0.9997871040349627,0.9976161120288385,0.9967047240867857,0.9974857170044996,0.9974681491381695,0.9976695377109506,0.9948735612032126,0.994788106433028,0.9929651695532343,0.9595543687195093,0.8271812226382804,0.6698290230572066,0.6432090367635306,0.9865436440233554
0.15,8.787999010344828,0.9919033984983309,0.9999643187173202,0.999989782965236,0.9997953486158657,0.9976828868069578,0.9967924001874289,0.997555726611823,0.9975386144643102,0.9977352542038678,0.9949996881461904,0.9949162340410479,0.9931286855707051,0.9601654482585883,0.8286219767772794,0.671577164417128,0.6449623314469095,0.9866794050439289
0.151,8.82832018038541,0.9920848092190115,0.9999659727113815,0.9999903111268083,0.9998032407919752,0.997747511291424,0.9968773722412256,0.9976234920578708,0.9976068223812831,0.9977988420082757,0.9951221793432911,0.9950406685796765,0.9932877063845915,0.9607646717059415,0.8300445526799828,0.6733085829824983,0.6466994951643474,0.9868124014576513
0.152,8.868475191758241,0.9922613816532773,0.9999675435128927,0.9999908099411641,0.9998107969856547,0.9978100633785388,0.9969597346490293,0.9976890943489316,0.9976728543125152,0.9978603786365772,0.9952411542751001,0.9951615314826499,0.9934423737809324,0.9613523167638924,0.8314492489731733,0.6750234993125568,0.6484207349716001,0.9869427125130432
0.153,8.908465069431118,0.9924332644964858,0.9999690356218373,0.999991281148312,0.9998180327921883,0.9978706178328534,0.997039578135004,0.997752611243839,0.9977367884201981,0.9979199384712253,0.9953567280179633,0.9952789397020313,0.9935928245045851,0.9619286535042386,0.832836358192234,0.6767221301805046,0.6501262544228013,0.9870704146610999
0.154,8.94829082995896,0.992600601276122,0.9999704532781998,0.9999917263788051,0.9998249630245105,0.9979292464256636,0.9971169899048703,0.9978141173972304,0.9977986997490045,0.997977592903611,0.9954690114242163,0.9953930058919384,0.9937391904590177,0.9624939446104274,0.8342061669324221,0.6784046886566731,0.651816253647238,0.9871955816698381
0.155,8.987953481569965,0.9927635305524717,0.9999718004779278,0.9999921471610124,0.9998316017553515,0.997986018066811,0.9971920537966749,0.9978736844958964,0.9978586603628824,0.9980334104662195,0.9955781112942811,0.9955038385839605,0.9938815988973408,0.9630484456109366,0.8355589559956136,0.6800713841893724,0.6534909294239697,0.9873182847335542
0.156,9.027454024250682,0.9929221861106625,0.9999730809878563,0.9999925449278827,0.9998379623569545,0.9980409989301368,0.9972648504244664,0.9979313813885823,0.9979167394752865,0.9980874569584126,0.9956841305410342,0.995611542354682,0.9940201726050022,0.9635924051042238,0.8368950005326788,0.681722422683501,0.6551504752543609,0.9874385925770653
0.157,9.06679344983005,0.9930766971444788,0.9999742983596671,0.9999929210232373,0.9998440575385174,0.998094252572927,0.9973354573152458,0.997987274209585,0.9979730035731915,0.9981397955661684,0.9957871683468273,0.9957162179856993,0.9941550300745442,0.9641260649755894,0.8382145701816475,0.6833580065769944,0.6567950814326081,0.9875565715551905
0.158,9.105972742062416,0.99322718843234,0.9999754559429471,0.9999932767076251,0.9998498993814937,0.9981458400496583,0.9974039490395316,0.9980414264964674,0.9980275165352108,0.9981904869760961,0.995887320313519,0.9958179626165017,0.9942862856728035,0.9646496606062827,0.8395179292018086,0.6849783349151848,0.6584249351143241,0.9876722857477125
0.159,9.144992876709548,0.9933737805058092,0.9999765568974095,0.9999936131637734,0.9998554993728872,0.9981958200203414,0.9974703973358685,0.9980938993021943,0.998080339744122,0.9982395894840218,0.9959846786058598,0.9959168698905635,0.9944140498009119,0.9651634210751675,0.8408053366038895,0.6865836034231463,0.6600402203832487,0.987785797050046
0.16,9.183854821621622,0.9935165898109806,0.9999776042043315,0.9999939315016643,0.9998608684366583,0.9982442488537413,0.9975348712295831,0.9981447513019783,0.998131532194092,0.9982871590984271,0.9960793320885537,0.996013030094981,0.9945384290474396,0.9656675693532467,0.8420770462764506,0.6881740045760888,0.6616411183161505,0.987897165259833
0.161,9.222559536817263,0.9936557288630786,0.9999786006772636,0.9999942327632606,0.9998660169633581,0.9982911807257384,0.9975974371460781,0.9981940388951068,0.9981811505928684,0.9983332496390047,0.9961713664573003,0.9961065302939625,0.9946595263350039,0.9661623224913315,0.8433333071086252,0.689749727667872,0.6632278070459795,0.9880064481596598
0.162,9.261107974562586,0.9937913063945807,0.9999795489720593,0.9999945179269102,0.999870954838096,0.9983366677130779,0.9976581590189403,0.9982418163020054,0.9982292494591981,0.9983779128305815,0.9962608643641079,0.9961974544564718,0.9947774410606484,0.9666478918011318,0.8445743631093319,0.6913109588776947,0.6648004618233312,0.9881137015961015
0.163,9.299501079449296,0.9939234274971631,0.9999804515962686,0.9999947879114496,0.9998756914669406,0.9983807598827428,0.9977170983931188,0.9982881356567811,0.9982758812157118,0.9984211983926462,0.996347905537153,0.9962858835783042,0.9948922692302864,0.9671244830300257,0.8458004535230794,0.6928578813350269,0.6663592550762754,0.988218979555259
0.164,9.337739788471852,0.9940521937577534,0.9999813109179406,0.999995043580029,0.9998802358018472,0.998423505377174,0.9977743145234215,0.9983330470954738,0.998321096277507,0.9984631541247037,0.9964325668954438,0.9963718957988601,0.9950041035874806,0.9675922965297613,0.8470118129424792,0.6943906751828379,0.6679043564686068,0.9883223342349761
0.165,9.37582503110368,0.994177703388958,0.9999821291738735,0.9999952857436787,0.9998845963642,0.9984649504955452,0.9978298644685586,0.9983765988402314,0.9983649431366431,0.9985038259876682,0.9965149226585367,0.996455566512871,0.9951130337368236,0.9680515274193265,0.8482086714175775,0.6959095176391754,0.6694359329565702,0.988423816113888
0.166,9.413757729372499,0.9943000513541201,0.9999829084773466,0.9999955151646347,0.9998887812670502,0.9985051397712925,0.9978838031809556,0.9984188372796151,0.998407468442756,0.9985432581814947,0.9965950444515372,0.9965369684773132,0.9952191462621672,0.9685023657422177,0.8493912545621141,0.6974145830571539,0.6709541488441054,0.988523474017462
0.167,9.451538797934711,0.9944193294872528,0.999983650825372,0.9999957325594416,0.9998927982361269,0.9985441160460853,0.9979361835925411,0.9984598070452253,0.9984487170799828,0.998581493219236,0.9966730014056099,0.9966161719137401,0.9953225248399358,0.9689449966183228,0.8505597836568088,0.6989060429833964,0.6724591658366643,0.9886213551811719
0.168,9.489169144148939,0.9945356266080746,0.9999843581054948,0.999995938601847,0.9998966546296938,0.9985819205404163,0.9979870566967073,0.9984995510848335,0.9984887322403838,0.9986185719977055,0.9967488602542036,0.9966932446062446,0.995423250347749,0.9693796003906285,0.8517144757497752,0.7003840662149856,0.6739511430936457,0.9887175053109474
0.169,9.526649668148641,0.9946490286323719,0.9999850321021724,0.9999961339255036,0.9999003574573181,0.9986185929209782,0.998036471626628,0.9985381107321929,0.9985275554940313,0.998654533864914,0.9968226854251959,0.9967682519952581,0.9955214009685663,0.9698063527669525,0.8528555437541573,0.701848818854965,0.675430237279488,0.9888119686410263
0.17,9.56398126291391,0.9947596186778922,0.9999856745027609,0.9999963191264912,0.9999039133976155,0.9986541713649865,0.9980844757301128,0.99857552577369,0.9985652268559317,0.9986894166844393,0.9968945391291436,0.9968412572673783,0.9956170522905562,0.9702254249568876,0.853983196543077,0.7033004643664427,0.6768966026134708,0.9889047879893341
0.171,9.601164814342368,0.9948674771659699,0.9999862869031327,0.9999964947656718,0.9999073288150302,0.9986886926215972,0.9981311146411613,0.9986118345119941,0.9986017848499357,0.9987232568968814,0.9969644814438191,0.9969123214414105,0.9957102774028819,0.9706369838041454,0.8550976390419842,0.7047391636253358,0.6783503909182547,0.98899600481051
0.172,9.63820120131926,0.9949726819190727,0.999986870812951,0.9999966613708895,0.9999106097757072,0.9987221920705642,0.9981764323483784,0.9986470738268498,0.9986372665697828,0.9987560895785448,0.9970325703952055,0.9969815034507968,0.9958011469875881,0.9710411919144695,0.8561990723184898,0.7061650749717991,0.6797917516672091,0.9890856592466875
0.173,9.675091295786702,0.9950753082544481,0.9999874276606219,0.9999968194390255,0.9999137620625069,0.998754703778268,0.9982204712603996,0.998681279233154,0.9986717077374218,0.9987879484974852,0.99709886203511,0.9970488602225989,0.9958897294077613,0.9714382077792892,0.8572876936697653,0.7075783542603806,0.6812208320305606,0.9891737901761379
0.174,9.71183596281209,0.9951754290740411,0.9999879587979451,0.9999969694379184,0.9999167911892133,0.9987862605512464,0.9982632722684683,0.9987144849364459,0.9987051427587356,0.9988188661670466,0.9971634105155522,0.9971144467531917,0.9959760907921295,0.9718281858952724,0.8583636967075862,0.7089791549089404,0.6826377769204011,0.9892604352598748
0.175,9.748436060655738,0.9952731149508467,0.999988465504484,0.999997111808159,0.9999197024139805,0.998816893987346,0.9983048748063009,0.998746723885938,0.9987376047767997,0.9988488738970138,0.9972262681600729,0.997178316180819,0.9960602951162599,0.9722112768799299,0.8594272714410922,0.7103676279463721,0.6840427290345845,0.9893456309863133
0.176,9.784892440837696,0.9953684342118522,0.9999889489916701,0.9999972469647689,0.9999225007520623,0.99884663452461,0.9983453169073668,0.9987780278252043,0.9987691257227896,0.9988780018424915,0.9972874855321012,0.9972405198551506,0.9961424042805045,0.9725876275834215,0.860478604357341,0.711743922059162,0.6854358288995576,0.9894294127140804
0.177,9.821205948203788,0.9954614530177159,0.9999894104066628,0.9999973752987692,0.9999251909878638,0.9988755114880111,0.9983846352597056,0.9988084273406392,0.9987997363646509,0.9989062790506235,0.9973471115005156,0.9973011074039795,0.9962224781848339,0.9729573811967014,0.8615178784997207,0.7131081836368209,0.6868172149121434,0.9895118147130509
0.178,9.857377420990874,0.9955522354393254,0.9999898508359755,0.9999974971786489,0.9999277776863547,0.9989035531341324,0.9984228652583959,0.998837951907792,0.9988294663536393,0.9989337335052516,0.9974051933025218,0.9973601267971853,0.9963005748006987,0.9733206773561396,0.8625452735442902,0.7144605568162226,0.6881870233803216,0.9895928702037009
0.179,9.893407690891348,0.9956408435313667,0.9999902713088863,0.9999976129517378,0.9999302652038802,0.9989307866938927,0.9984600410557862,0.9988666299356798,0.9988583442688305,0.9989603921696156,0.9974617766039691,0.9974176244080873,0.996376750240046,0.9736776522447489,0.8635609658741108,0.7158011835248825,0.6895453885630253,0.9896726113948492
0.18,9.929297583116883,0.9957273374030349,0.9999906728006459,0.9999977229454918,0.9999326576984027,0.998957238413412,0.9984961956095912,0.9988944888091732,0.9988863976596961,0.9989862810271862,0.9975169055572186,0.9974736450723032,0.9964510588216147,0.9740284386901408,0.8645651286516338,0.7171302035232039,0.6908924427089906,0.9897510695198619
0.181,9.965047916461439,0.9958117752860062,0.999991056235494,0.9999978274686958,0.9999349591392067,0.9989829335931012,0.9985313607289514,0.9989215549295456,0.9989136530868382,0.9990114251207185,0.9975706228566711,0.9975282321442247,0.996523553134626,0.9743731662593292,0.8655579318892008,0.7184477544457277,0.6922283160946849,0.98982827487139
0.182,10.000659503363519,0.9958942135997884,0.9999914224894983,0.9999979268125899,0.9999371733160961,0.999007896625063,0.9985655671185509,0.9989478537532732,0.9989401361609662,0.9990358485896114,0.9976229697920598,0.9975814275512144,0.9965942840999842,0.9747119613504984,0.8665395425177165,0.7197539718414088,0.6935531370613388,0.9899042568347051
0.183,10.036133149967721,0.9959747070145613,0.9999917723932261,0.999998021251924,0.9999393038481135,0.9990321510288802,0.998598844420883,0.9989734098291665,0.9989658715802004,0.999059574705652,0.9976739862996031,0.9976332718456257,0.9966633010290898,0.9750449472818411,0.8675101244535487,0.7210489892129504,0.6948670320511104,0.9899790439196968
0.184,10.071469656185567,0.996053308511611,0.9999921067342588,0.9999981110459462,0.9999413541918059,0.9990557194858694,0.9986312212567459,0.9989982468339123,0.9989908831657794,0.9990826259072204,0.9977237110111155,0.9976838042547399,0.996730651680372,0.9753722443775744,0.8684698386637111,0.7223329380552255,0.6961701256424075,0.9900526637915922
0.185,10.106669815755627,0.996130069441461,0.9999924262595588,0.999998196439327,0.9999433276490645,0.999078623871869,0.9986627252640509,0.9990223876060982,0.9990151938962452,0.9991050238320265,0.9977721813011595,0.9977330627287121,0.9967963823136319,0.9756939700512346,0.8694188432293775,0.7236059478928039,0.6974625405843881,0.99012514330045
0.186,10.141734416302953,0.9962050395797949,0.9999927316776996,0.9999982776630283,0.999945227374559,0.9991008852886312,0.99869338313502,0.9990458541787915,0.9990388259401758,0.9991267893484472,0.9978194333323314,0.9977810839866128,0.9968605377422943,0.976010238886346,0.8703572934077815,0.7248681463166202,0.6987443978306674,0.9901965085094901
0.187,10.176664239397823,0.9962782671812634,0.9999930236609652,0.9999983549351151,0.9999470563827914,0.9991225240938812,0.998723220651843,0.9990686678107383,0.9990618006875338,0.9991479425855295,0.9978655020987532,0.9978279035606473,0.9969231613836527,0.9763211627145579,0.8712853416925457,0.726119659019798,0.7000158165722521,0.9902667847223058
0.188,10.21146006061381,0.9963497990312632,0.999993302847328,0.9999984284615181,0.9999488175547876,0.9991435599301061,0.9987522627208663,0.9990908490162459,0.9990841387796925,0.9991685029617194,0.9979104214678559,0.9978735558386314,0.9969842953071927,0.9766268506913397,0.8722031378724912,0.7273606098326602,0.7012769142697217,0.9903359965090054
0.189,10.246122649585194,0.9964196804957708,0.9999935698423132,0.9999984984367483,0.9999505136444491,0.9991640117521295,0.998780533405377,0.9991124175938082,0.9991058601382011,0.9991884892123767,0.9979542242205209,0.9979180741047987,0.9970439802810754,0.9769274093693178,0.8731108290889682,0.7285911207569449,0.702527806684682,0.990404167731336
0.19,10.280652770063694,0.9964879555693124,0.9999938252207552,0.9999985650445671,0.9999521472845808,0.9991838978535307,0.9988080559570471,0.999133392653534,0.999126983992346,0.9992079194161297,0.9979969420896546,0.9979614905790122,0.9971022558168553,0.9772229427693393,0.8740085598917555,0.7298113119992484,0.7037686079105073,0.9904713215668289
0.191,10.31505117997457,0.9965546669211454,0.9999940695284533,0.9999986284586158,0.9999537209926137,0.9992032358919566,0.9988348528460947,0.9991537926434283,0.9991475289055625,0.9992268110201249,0.9980386057972601,0.998003836454445,0.9971591602125074,0.9775135524493398,0.8748964722935668,0.7310213020037217,0.704999430402394,0.99053748053201
0.192,10.349318631472082,0.9966198559397254,0.9999943032837334,0.9999986888430048,0.9999552371760391,0.9992220429133807,0.9988609457902211,0.9991736353745824,0.9991675128007492,0.999245180864219,0.998079245090071,0.9980451419337989,0.9972147305938338,0.9777993375710925,0.8757747058232072,0.7322212074840319,0.7062203850067422,0.9906026665047152
0.193,10.3834558709943,0.9966835627755265,0.9999945269789206,0.999998746352868,0.9999566981375687,0.9992403353753535,0.9988863557823771,0.9991929380453192,0.9991869529845347,0.9992630452041632,0.9981188887738074,0.9980854362641206,0.9972690029543145,0.9780803949649113,0.8766433975774178,0.7334111434546178,0.7074315809898871,0.9906669007455517
0.194,10.41746363931732,0.9967458263822847,0.9999947410817269,0.9999988011348827,0.999958106080037,0.9992581291692915,0.9989111031174099,0.999211717264342,0.9992058661705425,0.9992804197338251,0.9981575647461127,0.998124747770275,0.9973220121934694,0.9783568191923783,0.8775026822714462,0.7345912232612528,0.7086331260661928,0.9907302039185392
0.195,10.451342671608835,0.9968066845567247,0.9999949460365627,0.9999988533277572,0.9999594631110573,0.999275439641847,0.9989352074176399,0.9992299890729309,0.9992242685017001,0.9992973196064899,0.9981953000282272,0.9981631038871334,0.997373792153788,0.9786287026071636,0.87835269228838,0.7357615586109361,0.7098251264255304,0.9907925961109622
0.196,10.48509369748111,0.9968661739768336,0.999995142265772,0.9999989030626898,0.9999607712474468,0.9992922816153998,0.9989586876574126,0.9992477689662291,0.9992421755716338,0.999313759455284,0.9982321207954484,0.998200531190527,0.99742437565629,0.9788961354140027,0.8791935577272778,0.7369222596011296,0.7110076867601567,0.9908540968524774
0.197,10.518717441043371,0.9969243302387386,0.9999953301708002,0.9999989504637994,0.9999620324194316,0.9993086694077106,0.9989815621866738,0.9992650719136598,0.9992596024451903,0.9993297534127585,0.9982680524064331,0.9982370554270231,0.9974737945347695,0.9791592057258924,0.8800254064501344,0.738073434748358,0.7121809102910044,0.9909147251334953
0.198,10.552214620953576,0.9969811878922441,0.9999955101332945,0.9999989956485296,0.9999632484746441,0.9993246168507715,0.9990038487536052,0.9992819123785119,0.9992765636781242,0.9993453151296713,0.998303119431385,0.9982727015425655,0.9975220796687746,0.9794179996195692,0.8808483641277082,0.739215191016189,0.7133448987934081,0.9909744994228752
0.199,10.585585950469632,0.9970367804750833,0.9999956825161445,0.9999990387280294,0.9999644211819223,0.999340137308891,0.9990255645263655,0.9992983043367313,0.9992930733359864,0.9993604577930022,0.9983373456791766,0.9983074937100335,0.9975692610153779,0.9796726011893232,0.8816625542842484,0.7403476338426106,0.7144997526222719,0.9910334376849574
0.2,10.6188321375,0.9970911405459322,0.999995847664464,0.9999990798075107,0.9999655522349236,0.9993552436960467,0.9990467261139732,0.9993142612949522,0.9993091450122498,0.9993751941432358,0.9983707542234488,0.9983414553557575,0.9976153676397822,0.9799230925992075,0.88246809834115,0.741470867166818,0.7156455707367009,0.9910915573959634
0.201,10.651953884653775,0.9971442997162379,0.9999960059065188,0.9999991189865836,0.9999666432555598,0.9993699484925355,0.9990673495863681,0.9993297963078024,0.9993247918457062,0.9993895364909434,0.9984033674277286,0.9983746091850401,0.99766042774481,0.9801695541336948,0.8832651156595657,0.7425849934554315,0.7167824507241054,0.9911488755597873
0.202,10.684951889290161,0.997196288680906,0.9999961575546026,0.9999991563595731,0.9999676957972667,0.9993842637609562,0.9990874504936867,0.9993449219945137,0.9993400265371647,0.9994034967326955,0.9984352069696081,0.9984069772067188,0.9977044686993205,0.9804120642468325,0.8840537235820061,0.7436901137281537,0.7179104888237952,0.9912054087232056
0.203,10.717826843567435,0.997247137247893,0.9999963029058648,0.9999991920158158,0.9999687113481123,0.9993982011615502,0.9991070438847853,0.9993596505548679,0.9993548613654815,0.999417086366333,0.9984662938640193,0.9984385807568116,0.9977475170655974,0.980650699609948,0.8848340374729544,0.7447863275828854,0.7190297799500736,0.9912611729905283
0.204,10.750579434491314,0.9972968743667446,0.999996442243094,0.9999992260399394,0.9999696913337551,0.9994117719669281,0.9991261443250419,0.9993739937845065,0.9993693082029531,0.9994303165056272,0.9984966484856456,0.9984694405212831,0.9977895986257475,0.9808855351579504,0.8856061707585245,0.7458737332203107,0.7201404177148487,0.9913161840377158
0.205,10.783210343962848,0.997345528156123,0.9999965758354562,0.9999992585121261,0.9999706371202601,0.9994249870762117,0.9991447659134681,0.9993879630896328,0.9993833785300967,0.9994431978943521,0.9985262905905005,0.9984995765579648,0.9978307384071493,0.981116644134275,0.8863702349651852,0.7469524274679664,0.7212424944497688,0.9913704571259783
0.206,10.81572024882571,0.9973931259303616,0.999996703939195,0.9999992895083595,0.9999715500167774,0.9994378570286138,0.9991629222991598,0.9994015695011309,0.999397083449846,0.9994557409197966,0.998555239336711,0.998529008317667,0.9978709607069898,0.9813440981345158,0.8871263397575813,0.748022505803809,0.722336101227899,0.9914240071148865
0.207,10.848109820913015,0.9974396942250845,0.9999968267982925,0.9999993191006582,0.9999724312780937,0.99945039201648,0.9991806266971139,0.9994148236881284,0.9994104337011873,0.9994679556257402,0.9985835133045355,0.9985577546645104,0.9979102891159228,0.9815679671487891,0.8878745929754706,0.7490840623792914,0.7234213278849484,0.9914768484750069
0.208,10.880379727093596,0.9974852588219264,0.9999969446450945,0.9999993473572947,0.9999732821070602,0.9994626018978183,0.9991978919034382,0.9994277359710243,0.9994234396722599,0.999479851724915,0.9986111305156471,0.9985858338955131,0.9979487465408864,0.9817883196028677,0.8886151006698051,0.7501371900419606,0.7244982630400572,0.9915289953000838
0.209,10.912530629317763,0.9975298447723889,0.9999970577009023,0.999999374343002,0.9999741036569055,0.9994744962083337,0.9992147303099798,0.999440316334008,0.9994361114129421,0.9994914386109754,0.998638108451712,0.9986132637594608,0.9979863552271089,0.9820052223981276,0.8893479671379774,0.7511819803575913,0.72556699411616,0.9915804613187845
0.21,10.944563184662577,0.9975734764208644,0.9999971661765321,0.9999994001191682,0.9999748970334387,0.9994860841729943,0.9992311539183948,0.999452574437087,0.9994484586469474,0.9995027253699985,0.9986644640722914,0.9986400614750871,0.9980231367793375,0.9822187409503447,0.8900732949582536,0.7522185236318635,0.7266276073599307,0.9916312599060262
0.211,10.976478045376608,0.9976161774268604,0.9999972702728447,0.99999942474402,0.999975663297146,0.9994973747171435,0.9992471743536845,0.9994645196276479,0.9994604907834482,0.999513720791532,0.9986902138320926,0.9986662437485951,0.9980591121823174,0.9824289392273778,0.8907911850234185,0.7532469089315978,0.7276801878613237,0.9916814040939032
0.212,11.008275858924204,0.9976579707864548,0.9999973701812463,0.9999994482727946,0.9999764034651913,0.999508376477181,0.9992628028772187,0.9994761609515675,0.9994722169282501,0.9995244333792124,0.9987153736975959,0.9986918267905426,0.9980943018205519,0.9826358797857759,0.8915017365736485,0.7542672241055575,0.7287248195727148,0.991730906582224
0.213,11.039957268029285,0.9976988788530107,0.9999974660841638,0.9999994707579033,0.9999771185133193,0.9995190978108303,0.9992780503992668,0.9994875071638949,0.9994836458945329,0.9995348713609681,0.9987399591630818,0.9987168263321183,0.9981287254973702,0.9828396238063402,0.8922050472286378,0.7552795558048299,0.7297615853276613,0.9917797797486814
0.214,11.071522910718636,0.9977389233571776,0.9999975581554933,0.9999994922490839,0.9999778093776711,0.999529546807007,0.9992929274910582,0.9994985667391207,0.9994947862131786,0.9995450426988277,0.9987639852660817,0.998741257640833,0.9981624024533291,0.9830402311286784,0.8929012130189942,0.7562839895027964,0.7307905668592822,0.9918280356586644
0.215,11.10297342036474,0.9977781254262094,0.9999976465610254,0.9999995127935464,0.9999784769565145,0.9995397312953098,0.9993074443963906,0.9995093478810527,0.9995056461427024,0.9995549550983484,0.9987874666022748,0.998765135535646,0.9981953513839752,0.9832377602847809,0.893590328416925,0.7572806095146996,0.7318118448182721,0.991875686074728
0.216,11.134309425728155,0.9978165056026197,0.9999977314588485,0.9999995324361081,0.9999791221118931,0.9995496588551447,0.9993216110428035,0.999519858532312,0.9995162336788034,0.9995646160176805,0.9988104173398529,0.998788474401553,0.9982275904569899,0.9834322685316498,0.8942724863662319,0.7582694990168198,0.7328254987905548,0.9919227424657344
0.217,11.165531550999393,0.997854083862204,0.9999978129997305,0.999999551219323,0.9999797456711981,0.9995593368245008,0.9993354370523365,0.9995301063834668,0.9995265565635503,0.999574032676285,0.9988328512333736,0.9988112882036521,0.9982591373287433,0.9836238118830103,0.8949477783116324,0.7592507400652702,0.7338316073145894,0.9919692160156776
0.218,11.196640415840386,0.9978908796314486,0.9999978913274796,0.9999995691836031,0.9999803484286688,0.999568772308392,0.9993489317518881,0.9995400988818202,0.9995366222942187,0.9995832120633145,0.9988547816371217,0.9988335905007116,0.9982900091602757,0.983812445140136,0.8956162942274241,0.7602244136144143,0.7348302478983324,0.9920151176322035
0.219,11.227636635425467,0.9979269118043518,0.999997966579288,0.999999586367332,0.9999809311468217,0.9995779721869759,0.9993621041831903,0.999549843239861,0.999546438131793,0.999592160945677,0.9988762215179983,0.9988553944582572,0.9983202226327322,0.9839982219218112,0.8962781226455118,0.7611905995349261,0.7358214970358684,0.9920604579548393
0.22,11.258520820481928,0.9979621987586766,0.9999980388860555,0.9999996028069738,0.9999814945578154,0.9995869431233662,0.9993749631124157,0.9995593464433985,0.9995560111091458,0.999600885875791,0.9988971834679544,0.9988767128611963,0.9983497939622674,0.9841811946934614,0.8969333506828108,0.7621493766314871,0.7368054302237135,0.9921052473629398
0.221,11.289293577330126,0.9979967583716587,0.9999981083726986,0.9999996185371741,0.9999820393647513,0.99959569157115,0.9993875170394321,0.9995686152593889,0.999565348038911,0.9996093931990463,0.9989176797159885,0.9988975581259997,0.998378738914442,0.9843614147954751,0.8975820640680439,0.7631008226601419,0.7377821219768017,0.9921494959833638
0.222,11.319955507923169,0.9980306080351861,0.9999981751584412,0.9999996335908571,0.9999825662429159,0.9996042237816205,0.9993997742067163,0.9995776562434671,0.9995744555210594,0.9996176890609837,0.9989377221397232,0.998917942312455,0.9984070728181295,0.9845389324707433,0.8982243471679479,0.7640450143453106,0.7387516458441619,0.9921932136978916
0.223,11.35050720988616,0.9980637646704734,0.999998239357092,0.9999996479993157,0.9999830758409655,0.9996125458107398,0.9994117426079439,0.9995864757471976,0.9995833399501922,0.9996257794142025,0.9989573222765772,0.99893787713501,0.9984348105789519,0.9847137968914393,0.8988602830129028,0.7649820273964713,0.7397140744242885,0.9922364101503905
0.224,11.380949276555024,0.9980962447422476,0.9999983010773066,0.9999996617922976,0.9999835687820567,0.9996206635258393,0.999423429996265,0.9995950799250539,0.999592007522561,0.9996336700250099,0.9989764913345488,0.9989573739737199,0.9984619666922603,0.9848860561850651,0.8994899533220011,0.76591193652452,0.7406694793802203,0.9922790947537398
0.225,11.411282297014925,0.9981280642724615,0.9999983604228367,0.9999996749980862,0.9999840456649272,0.9996285826120717,0.9994348438922799,0.9996034747411381,0.9996004642428277,0.9996413664798197,0.9989952402026244,0.9989764438848153,0.9984885552556787,0.9850557574597825,0.9001134385275688,0.7668348154578122,0.7416179314543269,0.9923212766965254
0.226,11.441506856138261,0.9981592388535552,0.9999984174927665,0.9999996876435767,0.999984507064925,0.9996363085786217,0.9994459915917265,0.9996116659756511,0.9996087159305725,0.9996488741913132,0.9990135794608277,0.9989950976109037,0.9985145899812267,0.9852229468290553,0.9007308177991535,0.7677507369578976,0.742559500482814,0.9923629649495088
0.227,11.471623534622248,0.9981897836612793,0.9999984723817362,0.9999996997543494,0.999984953534994,0.9996438467646872,0.9994568801728901,0.999619659231124,0.9996167682265625,0.9996561984043697,0.9990315193899213,0.9990133455908188,0.9985400842070351,0.9853876694356198,0.9013421690669918,0.768659772834952,0.7434942554099527,0.9924041682718838
0.228,11.50163290902613,0.9982197134670973,0.9999985251801555,0.999999711354737,0.9999853856066128,0.9996512023452385,0.9994675165037459,0.9996274599384187,0.9996246265987887,0.9996633442017777,0.9990490699807754,0.9990311979691314,0.9985650509086722,0.9855499694748069,0.9019475690449701,0.7695619939629138,0.7444222643020377,0.992444895217324
0.229,11.531535551807943,0.99824904265018,0.9999985759744047,0.9999997224678895,0.9999858037906928,0.9996583803365661,0.9994779072488472,0.999635073362509,0.9996322963482805,0.9996703165097343,0.9990662409434148,0.9990486646053337,0.9985895027100914,0.9857098902172321,0.9025470932530913,0.7704574702943345,0.745343594361084,0.9924851541398336
0.23,11.561332031360948,0.9982777852090106,0.999998624847027,0.9999997331158352,0.9999862085784358,0.999665385601624,0.9994880588759655,0.9996425046080487,0.9996397826147088,0.9996771201031412,0.9990830417157569,0.9990657550827097,0.9986134518942166,0.9858674740308768,0.9031408160394578,0.7713462708749448,0.7462583119382646,0.9925249531994027
0.231,11.591022912049617,0.9983059547726092,0.9999986718769099,0.999999743319539,0.9999866004421533,0.9996722228551778,0.9994979776624957,0.999649758624737,0.9996470903817822,0.9996837596107072,0.9990994814720521,0.9990824787169026,0.9986369104131775,0.9860227624025744,0.9037288106017858,0.7722284638579473,0.7471664825470965,0.9925643003674836
0.232,11.620608754245284,0.9983335646113951,0.9999987171394591,0.9999997530989557,0.9999869798360487,0.9996788966687641,0.9995076697016324,0.9996568402124882,0.9996542244824497,0.9996902395198619,0.9991155691310373,0.9990988445641926,0.9986598898982073,0.986175795958923,0.9043111490084603,0.7731041165180396,0.7480681708763813,0.9926032034322808
0.233,11.65009011436139,0.9983606276476955,0.9999987607067613,0.9999997624730829,0.9999873471969664,0.9996854114754697,0.9995171409083284,0.999663754026414,0.9996611896039115,0.9996965641814911,0.9991313133638131,0.9991148614294925,0.9986824016692148,0.9863266144866389,0.9048879022191416,0.7739732952651731,0.7489634408029038,0.9926416700038792
0.234,11.679467544888368,0.9983871564659169,0.9999988026477409,0.9999997714600088,0.9999877029451061,0.9996917715745377,0.9995263970250423,0.9996705045816243,0.9996679902924505,0.9997027378144993,0.9991467226014558,0.999130537874074,0.9987044567440432,0.9864752569523696,0.905459140104937,0.7748360656580574,0.7498523554038966,0.9926797075191965
0.235,11.708741594428151,0.9984131633223883,0.9999988430283081,0.9999997800769592,0.9999880474847067,0.9996979811358059,0.9995354436272844,0.9996770962578562,0.9996746309580887,0.9997087645102055,0.9991618050423717,0.9991458822230341,0.998726065847426,0.9866217615219806,0.9060249314681454,0.7756924924174093,0.7507349769692744,0.992717323246786
0.236,11.737912807728337,0.9984386601548887,0.9999988819114997,0.9999997883403409,0.9999883812046995,0.9997040442039863,0.9995442861289673,0.9996835333039353,0.9996811158790767,0.9997146482365812,0.999176568659407,0.9991609025725104,0.9987472394196516,0.9867661655793329,0.9065853440615865,0.776542639438959,0.7516113670136422,0.9927545242914794
0.237,11.766981725715954,0.9984636585918706,0.9999989193576128,0.9999997962657825,0.9999887044793331,0.9997099647027893,0.9995529297875698,0.9996898198420776,0.9996874492062209,0.9997203928423343,0.9991910212067165,0.9991756067966551,0.9987679876249467,0.9869085057445658,0.9071404446075246,0.7773865698062145,0.7524815862880856,0.9927913175988827
0.238,11.795948885530922,0.998488169961389,0.9999989554243317,0.9999998038681747,0.9999890176687711,0.9997157464389012,0.9995613797091207,0.9996959598720372,0.9996936349670575,0.9997260020608458,0.9992051702264069,0.999190002554376,0.9987883203595871,0.9870488178918981,0.9076902988161961,0.7782243458029898,0.753345694791742,0.9928277099597312
0.239,11.824814820559114,0.9985122052997465,0.9999989901668498,0.9999998111617063,0.999989321119664,0.9997213931058186,0.9995696408530093,0.9997019572751056,0.9996996770698772,0.9997314795139662,0.9992190230549558,0.9992040972958536,0.9988082472597485,0.9871871371669648,0.9082349714039518,0.7790560289257049,0.7542037517831675,0.9928637080141048
0.24,11.853580060465116,0.9985357753598652,0.9999990236379831,0.9999998181599002,0.9999896151656945,0.9997269082875467,0.9995777180366284,0.9997078158179702,0.9997055793076061,0.9997368287156747,0.9992325868294203,0.999217898268842,0.9988277777091027,0.9873234980036998,0.9087745261110209,0.7798816798954584,0.75505581579149,0.9928993182555119
0.241,11.882245131224607,0.998558890619393,0.999999055888281,0.9999998248756459,0.9999899001281022,0.9997322954621658,0.9995856159398584,0.9997135391564345,0.9997113453615504,0.9997420530756088,0.9992458684934387,0.999231412524761,0.998846920846172,0.9874579341407788,0.9093090257189083,0.7807013586698819,0.7559019446273678,0.9929345470348425
0.242,11.910810555156432,0.9985815612885557,0.9999990869661293,0.9999998313212314,0.9999901763161828,0.9997375580052709,0.9995933391093951,0.9997191308390073,0.9997169788050076,0.9997471559024678,0.9992588748030353,0.9992446469245879,0.9988656855714463,0.9875904786376365,0.9098385320674304,0.781515124454776,0.7567421953937465,0.9929694005642026
0.243,11.939276850954307,0.9986037973177622,0.9999991169178495,0.999999837508373,0.9999904440277679,0.9997426991932912,0.99960089196293,0.9997245943103662,0.9997224831067513,0.9997521404072954,0.9992716123322344,0.999257608144555,0.9988840805542751,0.9877211638900689,0.9103631060714031,0.7823230357155395,0.7575766244964253,0.9930038849206227
0.244,11.967644533718246,0.998625608404971,0.9999991457877928,0.9999998434482433,0.9999907035496823,0.999747722206691,0.9996082787931871,0.9997299329146981,0.9997278616343932,0.9997570097066467,0.9992840874784895,0.999270302681661,0.9989021142395391,0.9878500216454319,0.9108828077369844,0.7831251501883876,0.7584052876544322,0.9930380060496576
0.245,11.99591411498559,0.9986470040028275,0.99999917361843,0.9999998491514986,0.9999909551581839,0.9997526301330594,0.999615503771822,0.9997351498989236,0.9997331176576273,0.9997617668256431,0.9992963064679361,0.9992827368590014,0.9989197948541102,0.9879770830174504,0.9113976961776846,0.7839215248913716,0.7592282399102175,0.9930717697688705
0.246,12.024086102761798,0.9986679933255784,0.9999992004504364,0.9999998546283039,0.9999911991193825,0.9997574259700907,0.9996225709531867,0.9997402484158082,0.9997382543513614,0.9997664147009195,0.9993082753604728,0.9992949168309265,0.9989371304131079,0.9881023785006464,0.9119078296300483,0.7847122161351978,0.7600455356396627,0.993105181771212
0.247,12.052161001550832,0.9986885853557728,0.9999992263227728,0.9999998598883565,0.9999914356896427,0.9997621126284617,0.9996294842779699,0.9997452315269656,0.9997432747987391,0.9997709561834689,0.9993200000546774,0.9993068485880304,0.9989541287259585,0.9882259379843992,0.9124132654690191,0.7854972795338571,0.7608572285619158,0.993138247628295
0.248,12.080139312385322,0.9987087888507541,0.9999992512727631,0.99999986494091,0.9999916651159687,0.9997666929346082,0.9996362475767103,0.9997501022057563,0.9997481819940565,0.9997753940413868,0.9993314862925639,0.9993185379619791,0.9989707974022628,0.9883477907666451,0.9129140602229907,0.7862767700150596,0.7616633717490504,0.9931709727935704
0.249,12.108021532856325,0.9987286123489535,0.9999992753361677,0.9999998697947946,0.999991887636373,0.9997711696334052,0.9996428645731935,0.9997548633400865,0.9997529788455787,0.9997797309625202,0.9993427396641855,0.9993299906301828,0.998987143857481,0.9884679655672315,0.9134102695885555,0.7870507418304883,0.7624640176355566,0.993203362605403
0.25,12.135808157142858,0.9987480641759884,0.9999992985472534,0.9999998744584391,0.9999921034802297,0.9997755453907541,0.9996493388877343,0.9997595177351086,0.9997576681782592,0.9997839695570245,0.9993537656120905,0.9993412121203172,0.9990031753184394,0.9885864905409297,0.9139019484449543,0.7878192485658686,0.7632592180276649,0.9932354222900598
0.251,12.163499676041072,0.9987671524505746,0.9999993209388603,0.9999998789398888,0.9999923128686126,0.9997798227960815,0.9996556740403487,0.9997640681158317,0.9997622527363647,0.999788112359832,0.9993645694356335,0.9993522078146999,0.9990188988286657,0.9887033932901208,0.9143891508682377,0.7885823431508613,0.7640490241125089,0.9932671569646028
0.252,12.191096576993168,0.9987858850902572,0.9999993425424654,0.9999998832468254,0.9999925160146196,0.99978400436475,0.999661873453819,0.9997685171296395,0.9997667351860108,0.9997921618330342,0.9993751562951491,0.9993629829545265,0.9990343212535581,0.9888187008771605,0.9148719301451406,0.78934007786878,0.7648334864671247,0.9932985716396985
0.253,12.218599344115974,0.9988042698169673,0.9999993633882424,0.9999998873865837,0.9999927131236832,0.9997880925403891,0.9996679404566577,0.9997728673487237,0.9997711181176104,0.9997961203681834,0.9993855312159937,0.9993735426439719,0.9990494492853947,0.9889324398364335,0.9153503387866826,0.7900925043661398,0.7656126550672997,0.9933296712223401
0.254,12.246008458229287,0.9988223141624091,0.9999993835051203,0.9999998913661682,0.9999929043938681,0.9997920896971435,0.9996738782859728,0.9997771212724338,0.999775404048239,0.9997999902885135,0.9993956990924563,0.99938389185416,0.9990642894481884,0.9890446361861063,0.9158244285414955,0.7908396736620369,0.7663865792962634,0.9933604605184916
0.255,12.273324396883853,0.9988400254732837,0.9999994029208381,0.9999998951922695,0.9999930900161562,0.9997959981418462,0.9996796900902365,0.999781281329547,0.9997795954239188,0.9998037738510865,0.9994056646915471,0.9993940354270084,0.9990788481023908,0.9891553154395855,0.9162942504088868,0.7915816361573662,0.7671553079532318,0.9933909442356521
0.256,12.300547634389142,0.9988574109163556,0.9999994216619967,0.9999998988712788,0.9999932701747205,0.9997998201161172,0.9996853789319644,0.9997853498804615,0.9997836946218265,0.9998074732488639,0.999415432656665,0.9994039780789509,0.9990931314494534,0.9892645026166909,0.9167598546516437,0.7923184416438777,0.7679188892618032,0.993421126985343
0.257,12.327678641840768,0.9988744774833657,0.9999994397541093,0.9999999024093025,0.9999934450471867,0.9998035577983919,0.9996909477903049,0.9997893292193145,0.999787703952425,0.9998110906127087,0.9994250075111498,0.9994137244045423,0.9991071455362481,0.9893722222545509,0.9172212908085854,0.7930501393130763,0.7686773708782108,0.9934510132855234
0.258,12.35471788714769,0.9988912319957968,0.9999994572216491,0.999999905812175,0.9999936148048848,0.9998072133058786,0.9996963995635437,0.9997932215760299,0.9997916256615241,0.999814628013319,0.9994343936617226,0.9994232788799503,0.9991208962593524,0.989478498418228,0.9176786077068669,0.793776777764968,0.7694307998994346,0.9934806075629342
0.259,12.381665835059088,0.9989076811094965,0.9999994740880938,0.9999999090854726,0.9999937796130901,0.9998107886964527,0.9997017370715265,0.9997970291182963,0.999795461932272,0.9998180874630959,0.9994435954018179,0.9994326458663371,0.9991343893692046,0.9895833547110817,0.9181318534740426,0.7944984050166544,0.7701792228711754,0.9935099141553744
0.26,12.408522947191013,0.9989238313191615,0.9999994903759701,0.9999999122345251,0.9999939396312538,0.9998142859704846,0.9997069630580023,0.9998007539534789,0.9997992148870791,0.9998214709179486,0.9994526169148117,0.9994418296131352,0.9991476304741332,0.9896868142848757,0.9185810755498914,0.7952150685107799,0.7709226857956922,0.9935389373139075
0.261,12.43528968205272,0.9989396889626887,0.9999995061068941,0.9999999152644271,0.9999940950132254,0.9998177070726086,0.9997120801928899,0.9998043981304676,0.9998028865894787,0.9998247802790383,0.9994614622771486,0.9994508342612223,0.9991606250442627,0.989788899849637,0.919026320698014,0.7959268151238367,0.7716612341395098,0.993567681205011
0.262,12.46196649507279,0.998955260225396,0.9999995213016111,0.9999999181800495,0.9999942459074643,0.9998210538934307,0.9997170910744713,0.9998079636414631,0.9998064790459238,0.9998280173944639,0.9994701354613719,0.9994596638459946,0.9991733784153031,0.9898896336832738,0.9194676350172013,0.7966336911743219,0.7723949128409926,0.9935961499126543
0.263,12.488553838624929,0.9989705511441195,0.9999995359800328,0.9999999209860502,0.9999943924572448,0.9998243282711801,0.999721998231513,0.9998114524237037,0.9998099942075268,0.9998311840608909,0.999478640339059,0.9994683223003478,0.9991858957922239,0.9899890376409572,0.919905063952584,0.7973357424307639,0.773123766317795,0.993624347440326
0.264,12.515052162053573,0.9989855676111877,0.9999995501612734,0.9999999236868831,0.9999945348008505,0.9998275319933063,0.9997268041253204,0.9998148663611347,0.9998134339717386,0.9998342820251259,0.9994869806836666,0.9994768134575635,0.9991981822528193,0.9900871331642761,0.9203386523065654,0.7980330141196041,0.7738478384741848,0.9936522777129959
0.265,12.541461911699164,0.9990003153782806,0.9999995638636838,0.9999999262868084,0.9999946730717635,0.9998306667980225,0.9997315111517239,0.999818207286023,0.9998168001839743,0.9998373129856387,0.9994951601732878,0.9994851410541076,0.9992102427511642,0.9901839412901673,0.920768444249544,0.7987255509329529,0.7745671727082445,0.9936799445790252
0.266,12.56778353092325,0.9990148000601731,0.9999995771048842,0.9999999287899017,0.9999948073988434,0.9998337343757975,0.9997361216430022,0.9998214769805176,0.9998200946391841,0.9998402785940341,0.9995031823933239,0.9994933087323422,0.9992220821209697,0.990279482659631,0.9211944833304275,0.7994133970362077,0.775281811918952,0.9937073518120206
0.267,12.594017460133259,0.9990290271383706,0.999999589901795,0.9999999312000616,0.9999949379065007,0.9998367363708,0.9997406378697443,0.9998246771781596,0.9998233190833732,0.9998431804564742,0.9995110508390752,0.9995013200431545,0.9992337050788365,0.9903737775262349,0.9216168124869484,0.8000965960755495,0.7759917985131467,0.9937345031126359
0.268,12.620164136807096,0.9990430019646374,0.9999996022706671,0.9999999335210187,0.9999950647148629,0.9998396743822933,0.9997450620426509,0.9998278095653419,0.9998264752150713,0.9998460201350545,0.9995187689182511,0.9995091784485048,0.9992451162274125,0.9904668457644137,0.9220354740557779,0.8007751911853069,0.7766971744123755,0.9937614021103238
0.269,12.646223995517433,0.999056729764422,0.9999996142271095,0.999999935756343,0.9999951879399335,0.9998425499659856,0.9997493963142788,0.999830875782722,0.9998295646867542,0.9998487991491342,0.9995263399534047,0.999516887323897,0.9992563200584572,0.990558706877568,0.9224505097824497,0.8014492249952031,0.7773979810596305,0.9937880523650353
0.27,12.672197467955803,0.9990702156401832,0.9999996257861172,0.9999999379094513,0.9999953076937451,0.9998453646353362,0.9997536427807304,0.9998338774265876,0.9998325891062195,0.9998515189766223,0.9995337671842928,0.9995244499607736,0.9992673209558145,0.9906493800059705,0.9228619608310937,0.8021187396374768,0.7780942594259725,0.9938144573688759
0.271,12.698084982956425,0.99908346457462,0.9999996369620967,0.9999999399836142,0.9999954240845068,0.9998481198628176,0.9997578034832882,0.9998368160501786,0.9998355500379166,0.9998541810552228,0.9995410537701641,0.9995318695688385,0.9992781231982986,0.9907388839344821,0.9232698677939847,0.8027837767538891,0.7787860500170474,0.9938406205477129
0.272,12.723886966519826,0.9990964814338072,0.9999996477688907,0.999999941981963,0.9999955372167444,0.9998508170811382,0.9997618804099992,0.9998396931649658,0.9998384490042342,0.9998567867836383,0.9995482027919783,0.9995391492783091,0.9992887309624954,0.9908272371000842,0.9236742707009096,0.8034443775026092,0.7794733928794949,0.9938665452627367
0.273,12.749603841836173,0.9991092709702418,0.9999996582198017,0.9999999439074954,0.9999956471914366,0.9998534576844239,0.9997658754972081,0.9998425102418884,0.9998412874867465,0.9998593375227341,0.9995552172545582,0.9995462921420998,0.9992991483254805,0.9909144575992329,0.9240752090283595,0.8041005825649918,0.780156327607255,0.9938922348119823
0.274,12.775236029308454,0.9991218378258,0.9999996683276151,0.999999945763082,0.9999957541061448,0.999856043029363,0.9997697906310425,0.9998452687125515,0.9998440669274176,0.9998618345966654,0.9995621000886765,0.9995533011379408,0.9993093792674597,0.9910005631950364,0.9244727217085462,0.8047524321522375,0.7808348933477676,0.9939176924318055
0.275,12.800783946575342,0.9991341865346116,0.99999967810462,0.9999999475514726,0.9999958580551382,0.9998585744363123,0.9997736276488525,0.9998479699703847,0.9998467887297692,0.9998642792939672,0.9995688541530809,0.9995601791704327,0.9993194276743299,0.991085571324265,0.9248668471382512,0.8053999660119469,0.7815091288080762,0.9939429212983211
0.276,12.82624800853392,0.9991463215258504,0.99999968756263,0.9999999492753002,0.999995959129514,0.9998610531903691,0.9997773883406033,0.999850615371764,0.9998494542600094,0.9998666728686086,0.9995754822364572,0.9995669290730393,0.9993292973401685,0.9911694991041948,0.9252576231875069,0.8060432234345647,0.7821790722608298,0.9939679245287991
0.277,12.851628627362096,0.9991582471264455,0.9999996967130035,0.9999999509370877,0.9999960574173126,0.9998634805424077,0.9997810744502261,0.9998532062370976,0.9998520648481256,0.9998690165410152,0.9995819870593349,0.9995735536100216,0.9993389919696481,0.9912523633392897,0.9256450872081181,0.8066822432597224,0.7828447615501892,0.9939927051830255
0.278,12.876926212540896,0.999169967563716,0.9999997055666618,0.999999952539252,0.9999961530036289,0.9998658577100834,0.9997846876769264,0.9998557438518768,0.9998546217889429,0.9998713114990552,0.9995883712759351,0.9995800554783133,0.9993485151803829,0.9913341805277277,0.9260292760420211,0.807317063882471,0.7835062340976366,0.9940172662646236
0.279,12.902141170876428,0.99918148696793,0.9999997141341075,0.999999954084109,0.9999962459707182,0.9998681858788043,0.999788229676451,0.9998582294676936,0.9998571263431488,0.9998735588989971,0.9995946374759644,0.9995864373093408,0.9993578705052064,0.9914149668677735,0.9264102260294912,0.8079477232594192,0.7841635269076959,0.9940416107223409
0.28,12.92727390652174,0.9991928093747918,0.9999997224254416,0.999999955573878,0.9999963363980998,0.9998704662026714,0.9997917020623167,0.9998606643032263,0.9998595797382845,0.9998757598664346,0.9996007881863547,0.99959270167079,0.9993670613943845,0.9914947382640033,0.9267879730171942,0.8085742589147664,0.7848166765735561,0.9940657414513013
0.281,12.952324820998372,0.999203938727859,0.9999997304503797,0.999999957010686,0.9999964243626542,0.9998726998053901,0.9997951064070008,0.999863049545193,0.999861983169706,0.9998779154971834,0.9996068258729518,0.9995988510683197,0.9993760912177647,0.9915735103333829,0.9271625523660922,0.8091967079462417,0.7854657192826107,0.9940896612942228
0.282,12.977294313217769,0.9992148788808904,0.9999997382182685,0.9999999583965721,0.9999965099387185,0.9998748877811515,0.9997984442430944,0.9998653863492758,0.9998643378015138,0.9998800268581484,0.9996127529421549,0.9996048879472254,0.9993849632668632,0.9916512984112072,0.9275339989592012,0.8098151070309452,0.7861106908219031,0.9941133730426032
0.283,13.002182779502434,0.9992256336001301,0.9999997457380998,0.999999959733491,0.9999965931981774,0.9998770311954869,0.9998017170644211,0.9998676758410158,0.9998666447674543,0.9998820949881639,0.9996185717425068,0.9996108146940533,0.9993936807568936,0.9917281175568997,0.9279023472092067,0.8104294924310949,0.7867516265834911,0.9941368794378741
0.284,13.02699061360691,0.9992362065665248,0.999999753018526,0.9999999610233166,0.9999966742105505,0.9998791310860946,0.9998049263271207,0.9998699191166791,0.9998689051717919,0.9998841208988072,0.9996242845662381,0.9996166336381683,0.9994022468287369,0.9918039825596788,0.9282676310659399,0.8110398999996827,0.7873885615697216,0.9941601831725232
0.285,13.051718206738544,0.9992466013778822,0.9999997600678727,0.9999999622678462,0.9999967530430768,0.9998811884636413,0.9998080734507002,0.9998721172440972,0.9998711200901543,0.9998861055751862,0.9996298936507663,0.9996223470532745,0.9994106645508557,0.9918789079440945,0.9286298840237158,0.8116463651860395,0.7880215303984269,0.9941832868911894
0.286,13.076365947578042,0.999256821550967,0.999999766894153,0.9999999634688032,0.9999968297607953,0.9998832043125375,0.9998111598190527,0.999874271263479,0.9998732905703517,0.9998880499767029,0.9996354011801506,0.9996279571588923,0.9994189369211549,0.9919529079754364,0.928989139128539,0.8122489230413095,0.7886505673080345,0.994206193191725
0.287,13.100934222299838,0.9992668705235389,0.9999997735050797,0.9999999646278406,0.9999969044266233,0.9998851795916899,0.9998141867814454,0.9998763821882002,0.9998754176331691,0.9998899550377918,0.9996408092865049,0.9996334661217926,0.9994270668687886,0.9920259966650182,0.929345428985176,0.8128476082238398,0.7892757061626002,0.9942289046262353
0.288,13.125423414592275,0.9992767516563362,0.9999997799080768,0.999999965746544,0.9999969771014309,0.9998871152352291,0.9998171556534773,0.999878451005565,0.9998775022731361,0.9998918216686363,0.9996461200513694,0.9996388760573888,0.9994350572559174,0.9920981877753418,0.9296987857641015,0.8134424550044829,0.7898969804567606,0.9942514237020842
0.289,13.149833905677557,0.9992864682350013,0.9999997861102918,0.999999966826435,0.9999970478441133,0.9998890121532154,0.9998200677180082,0.9998804786775473,0.9998795454592708,0.9998936507558619,0.9996513355070427,0.999644189031089,0.9994429108794155,0.9921694948251426,0.9300492412083159,0.8140334972718151,0.790514423320609,0.99427375288288
0.29,13.17416607433155,0.999296023471956,0.9999997921186069,0.9999999678689729,0.9999971167116601,0.9998908712323223,0.99982292422606,0.9998824661415064,0.9998815481358019,0.9998954431632083,0.9996564576378751,0.9996494070596088,0.9994506304725301,0.9922399310943212,0.9303968266400422,0.814620768537273,0.7911280675244945,0.9942958945894327
0.291,13.198420296903363,0.9993054205082232,0.9999997979396485,0.9999999688755586,0.9999971837592224,0.9998926933364992,0.9998257263976901,0.9998844143108823,0.9998835112228677,0.9998971997321804,0.9996614883815257,0.9996545321122465,0.9994582187064946,0.9923095096287622,0.9307415729673003,0.8152043019402083,0.7917379454837482,0.994317851200685
0.292,13.222596947334756,0.9993146624152005,0.9999998035797987,0.9999999698475361,0.9999972490401763,0.9998944793076134,0.9998284754228393,0.9998863240758685,0.9998854356171947,0.9998989212826789,0.9996664296301814,0.9996595661121218,0.9994656781920966,0.9923782432450441,0.9310835106903638,0.8157841302528642,0.7923440892633342,0.9943396250546223
0.293,13.24669639717935,0.9993237521963828,0.9999998090452039,0.9999999707861958,0.9999973126061852,0.9998962299660721,0.9998311724621539,0.9998881963040651,0.9998873221927542,0.999900608613612,0.999671283231743,0.9996645109373782,0.9994730114812023,0.9924461445350432,0.9314226699081003,0.8163602858852712,0.7929465305824299,0.9943612184491568
0.294,13.27071901562168,0.9993326927890408,0.9999998143417849,0.9999999716927763,0.9999973745072595,0.9998979461114258,0.999833818647784,0.9998900318411111,0.9998891718013997,0.9999022625034875,0.9996760509909761,0.9996693684223523,0.9994802210682389,0.9925132258704338,0.9317590803241991,0.8169328008900698,0.7935453008189362,0.9943826336429917
0.295,13.294665169496021,0.9993414870658514,0.9999998194752452,0.9999999725684664,0.9999974347918131,0.999899628522953,0.9998364150841564,0.999891831511298,0.9998909852734839,0.9999038837109873,0.9996807346706297,0.9996741403587088,0.9994873093916355,0.992579499407086,0.9320927712532866,0.8175017069672545,0.7941404310139157,0.9944038728564588
0.296,13.318535223305085,0.9993501378364849,0.9999998244510802,0.999999973414408,0.9999974935067198,0.9999012779602268,0.9998389628487266,0.9998935961181638,0.9998927634184578,0.9999054729755241,0.9996853359925231,0.9996788284965437,0.999494278835225,0.9926449770893673,0.9324237716269337,0.8180670354688464,0.7947319518759677,0.9944249382723416
0.297,13.342329539238499,0.9993586478491495,0.9999998292745845,0.9999999742316974,0.9999975506973651,0.9999028951636645,0.9998414629927073,0.9998953264450702,0.9998945070254515,0.9999070310177807,0.9996898566386012,0.9996834345454555,0.9995011317296062,0.9927096706543453,0.9327521099995552,0.8186288174034915,0.7953198937855304,0.9944458320366695
0.298,13.36604847719113,0.9993670197920933,0.9999998339508606,0.9999999750213874,0.9999976064076982,0.9999044808550603,0.999843916541775,0.9998970232557616,0.9998962168638363,0.9999085585402332,0.9996942982519611,0.9996879601755876,0.9995078703534698,0.9927735916358994,0.9330778145542062,0.8191870834409886,0.7959042867991221,0.9944665562594986
0.299,13.389692394781234,0.9993752562950664,0.9999998384848259,0.9999999757844894,0.9999976606802808,0.9999060357381022,0.9998463244967571,0.9998986872949069,0.9998978936837719,0.9999100562276584,0.9996986624378487,0.9996924070186392,0.999514496934887,0.9928367513687382,0.9334009131082747,0.8197418639167469,0.7964851606535158,0.9944871130156698
0.3,13.413261647368422,0.9993833599307432,0.99999984288122,0.9999999765219749,0.9999977135563349,0.9999075604988729,0.9998486878342984,0.9999003192886257,0.9998995382167347,0.9999115247476251,0.9997029507646276,0.9996967766688498,0.9995210136525639,0.9928991609923301,0.9337214331190736,0.8202931888361753,0.7970625447698507,0.9945075043455477
0.301,13.436756588071466,0.9993913332161073,0.9999998471446117,0.9999999772347771,0.9999977650757883,0.9999090558063352,0.9998510075075063,0.9999019199449979,0.9999011511760318,0.9999129647509716,0.9997071647647211,0.9997010706839546,0.9995274226370604,0.9929608314547458,0.9340394016893361,0.8208410878790027,0.7976364682576814,0.9945277322557423
0.302,13.460177567785939,0.9993991786137983,0.9999998512794055,0.9999999779237928,0.9999978152773185,0.9999105223128041,0.9998532844465804,0.9999034899545589,0.9999027332572996,0.9999143768722678,0.9997113059355274,0.9997052905861138,0.9995337259719778,0.9930217735164156,0.9343548455726117,0.8213855904035345,0.7982069599189662,0.994547798719812
0.303,13.483524935201677,0.9994068985334243,0.999999855289848,0.9999999785898837,0.9999978641983953,0.9999119606544035,0.9998555195594205,0.9999050299907792,0.9999042851389862,0.9999157617302636,0.9997153757403092,0.999709437862816,0.999539925695112,0.9930819977538052,0.9346677911785706,0.821926725450841,0.7987740482519952,0.9945677056789497
0.304,13.506799036820084,0.9994144953328374,0.9999998591800341,0.9999999792338778,0.9999979118753218,0.9999133714515093,0.9998577137322191,0.9999065407105299,0.999905807482821,0.9999171199283244,0.9997193756090589,0.9997135139677554,0.9995460237995775,0.9931415145630089,0.9349782645782132,0.8224645217488841,0.799337761455259,0.9945874550426508
0.305,13.53000021697128,0.9994219713193774,0.9999998629539122,0.9999999798565712,0.9999979583432733,0.9999147553091803,0.9998598678300358,0.9999080227545347,0.9999073009342692,0.9999184520548526,0.9997233069393393,0.9997175203216869,0.9995520222348996,0.9932003341632659,0.9352862915089899,0.82299900771658,0.7998981274312602,0.994607048689366
0.306,13.553128817831075,0.9994293287510806,0.9999998666152909,0.9999999804587288,0.9999980036363358,0.9999161128175749,0.9998619826973549,0.9999094767478078,0.999908766122973,0.9999197586836972,0.9997271710971015,0.9997214583132548,0.9995579229080784,0.993258466600398,0.9355918973798315,0.8235302114678001,0.8004551737902668,0.9946264884671377
0.307,13.576185179437793,0.9994365698378587,0.9999998701678435,0.9999999810410864,0.9999980477875422,0.9999174445523562,0.9998640591586277,0.9999109033000797,0.9999102036631803,0.999921040374551,0.9997309694174792,0.9997253292998,0.9995637276846232,0.9933159217501738,0.9358951072760924,0.8240581608153122,0.8010089278540108,0.9946457761942222
0.308,13.59916963970894,0.999443696742645,0.9999998736151132,0.9999999816043511,0.9999980908289077,0.9999187510750854,0.9998660980187984,0.9999123030062096,0.9999116141541602,0.999922297673336,0.9997347032055625,0.9997291346081452,0.9995694383895596,0.9933727093215986,0.9361959459644076,0.8245828832746609,0.8015594166593305,0.9946649136596911
0.309,13.622082534457705,0.9994507115825112,0.9999998769605184,0.9999999821492027,0.9999981327914638,0.9999200329336025,0.9998681000638151,0.9999136764465858,0.9999129981806062,0.9999235311125767,0.9997383737371489,0.9997328755353578,0.9995750568084101,0.9934288388601332,0.9364944378974674,0.8251044060679892,0.8021066669617598,0.9946839026240276
0.31,13.644924197409326,0.9994576164297552,0.9999998802073573,0.9999999826762954,0.9999981737052909,0.9999212906623967,0.9998700660611262,0.999915024187515,0.9999143563130279,0.999924741211764,0.9997419822594753,0.9997365533494921,0.9995805846881477,0.9934843197508432,0.936790607218708,0.8256227561278046,0.8026507052390639,0.9947027448196997
0.311,13.667694960217279,0.9994644133129593,0.9999998833588123,0.999999983186258,0.9999982135995502,0.9999225247829654,0.999871996760163,0.9999163467815994,0.9999156891081311,0.9999259284777062,0.9997455299919279,0.999740169290311,0.9995860237381253,0.9935391612214797,0.9370844777669218,0.826137960100686,0.8031915576947218,0.9947214419517242
0.312,13.690395152479338,0.9994711042180225,0.9999998864179545,0.9999999836796957,0.9999982525025142,0.9999237358041633,0.9998738928928079,0.999917644768103,0.9999169971091866,0.9999270934048714,0.9997490181267346,0.9997437245699883,0.9995913756309792,0.9935933723454944,0.9373760730807903,0.826650044350937,0.8037292502613599,0.9947399956982158
0.313,13.713025101753482,0.9994776910891645,0.9999998893877476,0.99999998415719,0.9999982904415954,0.9999249242225399,0.9998757551738494,0.9999189186733074,0.9999182808463882,0.9999282364757189,0.9997524478296378,0.9997472203737917,0.9995966420035094,0.9936469620449887,0.9376654164033371,0.8271590349641836,0.804263808604132,0.9947584077109243
0.314,13.735585133573636,0.9994841758299041,0.9999998922710528,0.9999999846193014,0.9999983274433755,0.999926090522669,0.9998775843014248,0.9999201690108569,0.9999195408372012,0.9999293581610212,0.9997558202405484,0.9997506578607472,0.9996018244575368,0.993699939093601,0.9379525306863062,0.8276649577509176,0.8047952581240528,0.9947766796157557
0.315,13.758075571465296,0.9994905603040128,0.9999998950706315,0.9999999850665682,0.9999983635336323,0.9999272351774673,0.9998793809574493,0.9999213962820941,0.999920777586699,0.9999304589201764,0.999759136474183,0.9997540381642858,0.9996069245607373,0.9937523121193307,0.9382374385944658,0.8281678382499901,0.8053236239612791,0.9947948130132857
0.316,13.780496736960986,0.9994968463364428,0.9999998977891494,0.999999985499509,0.9999983987373658,0.9999283586485038,0.999881145808034,0.9999226009763851,0.9999219915878914,0.999931539201512,0.9997623976206828,0.9997573623928717,0.9996119438474546,0.9938040896073029,0.9385201625098383,0.8286677017320483,0.8058489309983474,0.9948128094792574
0.317,13.802848949615584,0.9995030357142316,0.9999999004291806,0.9999999859186227,0.9999984330788246,0.9999294613863009,0.9998828795038918,0.9999237835714359,0.9999231833220436,0.9999325994425791,0.999765604746217,0.999760631630615,0.999616883819491,0.9938552799024739,0.9388007245358585,0.8291645732029266,0.8063712038633596,0.9948306705650682
0.318,13.825132527021495,0.999509130187384,0.9999999029932104,0.9999999863243896,0.9999984665815292,0.9999305438306264,0.9998845826807312,0.9999249445335991,0.9999243532589842,0.9999336400704383,0.999768758893569,0.9997638469378671,0.9996217459468784,0.993905891212279,0.9390791465014626,0.8296584774069835,0.8068904669331265,0.9948483977982467
0.319,13.84734778482371,0.9995151314697296,0.9999999054836387,0.9999999867172717,0.9999984992682966,0.9999316064107767,0.9998862559596405,0.9999260843181728,0.9999255018574068,0.999934661501938,0.999771861082707,0.9997670093517996,0.999626531668628,0.9939559316092245,0.939355449965107,0.8301494388303923,0.8074067443362631,0.9948659926829161
0.32,13.869495036734696,0.999521041239761,0.9999999079027833,0.9999999870977143,0.9999985311612627,0.9999326495458526,0.9998878999474597,0.9999272033696893,0.9999266295651607,0.9999356641439836,0.9997749123113399,0.9997701198869691,0.9996312423934621,0.9940054090334242,0.9396296562187195,0.8306374817043799,0.8079200599562402,0.9948834567002484
0.321,13.89157459454916,0.9995268611414481,0.9999999102528828,0.9999999874661458,0.9999985622819043,0.9999336736450267,0.9998895152371431,0.9999283021221973,0.9999277368195346,0.9999366483937996,0.9997779135554574,0.9997731795358654,0.9996358795005253,0.9940543312950836,0.9399017862915853,0.8311226300084226,0.808430437434392,0.9949007913089081
0.322,13.913586768158698,0.9995325927850331,0.9999999125360997,0.9999999878229786,0.9999985926510611,0.9999346791078034,0.9998911024081114,0.9999293809995345,0.9999288240475324,0.9999376146391842,0.9997808657698568,0.9997761892694461,0.9996404443400783,0.9941027060769305,0.940171860954166,0.8316049074733902,0.8089379001728788,0.9949179979454839
0.323,13.93553186556628,0.9995382377478053,0.9999999147545228,0.9999999881686101,0.9999986222889552,0.9999356663242709,0.999892662026594,0.9999304404155941,0.9999298916661395,0.9999385632587559,0.9997837698886547,0.9997791500376566,0.9996449382341734,0.9941505409365954,0.9404399007218563,0.832084337584648,0.80944247133761,0.9949350780249135
0.324,13.95741019290061,0.999543797574855,0.9999999169101702,0.9999999885034229,0.9999986512152117,0.9999366356753466,0.9998941946459619,0.9999314807745817,0.9999309400825839,0.999939494622194,0.9997866268257857,0.9997820627699365,0.9996493624773132,0.9941978433089412,0.9407059258586772,0.8325609435851116,0.8099441738611228,0.9949520329408958
0.325,13.97922205443038,0.9995492737798107,0.999999919004992,0.9999999888277855,0.9999986794488774,0.9999375875330159,0.9998957008070516,0.9999325024712667,0.9999319696945878,0.9999404090904718,0.9997894374754879,0.9997849283757122,0.9996537183370907,0.9942446205083452,0.9409699563809079,0.8330347484782576,0.8104430304454207,0.9949688640662945
0.326,14.000967752578363,0.9995546678455548,0.9999999210408723,0.999999989142053,0.9999987070084396,0.9999385222605629,0.9998971810384795,0.9999335058912256,0.999932980890613,0.9999413070160825,0.9997922027127754,0.9997877477448767,0.9996580070548157,0.9942908797309323,0.9412320120606572,0.8335057750310905,0.8109390635647703,0.9949855727535329
0.327,14.022647587935387,0.9995599812249237,0.9999999230196321,0.9999999894465673,0.999998733911844,0.9999394402127956,0.9998986358569483,0.999934491411079,0.9999339740501,0.9999421887432602,0.9997949233938984,0.999790521748257,0.999662229846122,0.9943366280567634,0.9414921124293761,0.8339740457770672,0.8114322954684613,0.9950021603349807
0.328,14.044261859274194,0.9995652153413894,0.9999999249430311,0.999999989741658,0.9999987601765113,0.9999403417362649,0.9999000657675446,0.9999354593987214,0.999934949543699,0.9999430546081932,0.9997976003567913,0.9997932512380692,0.9996663879015623,0.9943818724519761,0.941750276781312,0.8344395830189785,0.8119227481835232,0.9950186281233285
0.329,14.065810863563161,0.9995703715897235,0.9999999268127705,0.9999999900276426,0.9999987858193546,0.9999412271694763,0.9999014712640288,0.9999364102135447,0.9999359077334953,0.9999439049392318,0.999800234421509,0.9997959370483607,0.9996704823871851,0.9944266197708829,0.9420065241769056,0.834902408831789,0.8124104435174063,0.9950349774119589
0.33,14.0872948959799,0.9995754513366455,0.9999999286304944,0.9999999903048271,0.9999988108567953,0.9999420968430972,0.9999028528291162,0.9999373442066561,0.9999368489732284,0.9999447400570904,0.9998028263906515,0.9997985799954427,0.9996745144450992,0.9944708767580255,0.9422608734461321,0.8353625450654374,0.8128954030606245,0.9950512094753042
0.331,14.108714249924738,0.9995804559214548,0.9999999303977923,0.9999999905735064,0.9999988353047783,0.9999429510801566,0.9999042109347511,0.9999382617210889,0.9999377736085046,0.9999455602750441,0.9998053770497778,0.9998011808783095,0.9996784851940221,0.9945146500501862,0.9425133431917883,0.8358200133475941,0.8133776481893589,0.9950673255692006
0.332,14.13006921703407,0.9995853866566463,0.9999999321162013,0.9999999908339647,0.9999988591787872,0.9999437901962411,0.999905546042374,0.9999391630920078,0.9999386819770038,0.9999463658991188,0.9998078871678088,0.9998037404790481,0.9996823957298161,0.9945579461783589,0.942763951792724,0.8362748350863825,0.8138572000680273,0.99508332693123
0.333,14.151360087193597,0.9995902448285117,0.9999999337872072,0.9999999910864761,0.9999988824938588,0.9999446144996841,0.9999068586031802,0.9999400486469089,0.9999395744086809,0.9999471572282768,0.99981035749742,0.9998062595632363,0.9996862471260096,0.9946007715696781,0.9430127174070225,0.8367270314730583,0.814334079651816,0.9950992147810591
0.334,14.17258714855145,0.9995950316977251,0.9999999354122471,0.9999999913313046,0.9999989052645973,0.9999454242917498,0.9999081490583723,0.9999409187058138,0.999940451225961,0.9999479345545976,0.9998127887754237,0.999808738880332,0.9996900404343063,0.9946431325493101,0.9432596579751278,0.8371766234846524,0.8148083076891761,0.9951149903207668
0.335,14.193750687531171,0.9995997484999148,0.9999999369927104,0.999999991568705,0.9999989275051877,0.9999462198668132,0.999909417839406,0.9999417735814582,0.9999413127439298,0.9999486981634524,0.9998151817231414,0.99981117916405,0.9996937766850806,0.9946850353423048,0.943504791222921,0.8376236318865758,0.8152799047242858,0.9951306547351659
0.336,14.214850988844622,0.9996043964462205,0.9999999385299413,0.9999999917989228,0.9999989492294082,0.9999470015125338,0.9999106653682286,0.9999426135794753,0.9999421592705184,0.9999494483336749,0.9998175370467668,0.9998135811327318,0.9996974568878618,0.9947264860754093,0.9437481346647476,0.8380680772351876,0.815748891099477,0.9951462091921188
0.337,14.235888335504725,0.9996089767238368,0.9999999400252398,0.9999999920221949,0.9999989704506443,0.9999477695100248,0.9999118920575119,0.9999434389985752,0.9999429911066828,0.9999501853377266,0.9998198554377189,0.9998159454897035,0.999701082031805,0.9947674907788449,0.943989705606395,0.8385099798803255,0.81621528695763,0.9951616548428447
0.338,14.256863008838135,0.9996134904965441,0.9999999414798634,0.9999999922387497,0.9999989911818997,0.999948524134019,0.9999130983108778,0.999944250130717,0.9999438085465793,0.999950909441858,0.9998221375729867,0.9998182729236263,0.999704653086151,0.9948080553880487,0.9442295211480213,0.8389493599678022,0.8166791122445323,0.9951769928222205
0.339,14.277775288497772,0.9996179389052258,0.9999999428950287,0.9999999924488073,0.9999990114358084,0.9999492656530277,0.9999142845231195,0.9999450472612789,0.9999446118777338,0.9999516209062654,0.9998243841154649,0.999820564108837,0.9997081710006748,0.9948481857453791,0.9444675981870381,0.8393862374418651,0.8171403867112068,0.995192224249076
0.34,14.298625452475248,0.9996223230683727,0.9999999442719127,0.9999999926525804,0.9999990312246467,0.999949994329497,0.9999154510804147,0.9999458306692217,0.9999454013812079,0.9999523199852426,0.9998265957142809,0.99982281970568,0.9997116367061223,0.9948878876017867,0.944703953420946,0.8398206320476227,0.8175991299162078,0.9952073502264807
0.341,14.3194137771132,0.9996266440825763,0.9999999456116543,0.999999992850274,0.9999990505603435,0.9999507104199602,0.9999165983605353,0.9999466006272494,0.9999461773317597,0.9999530069273295,0.9998287730051127,0.9998250403608311,0.9997150511146369,0.9949271666184523,0.9449386033501243,0.8402525633334355,0.818055361227883,0.9952223718420277
0.342,14.340140537117472,0.9996309030230086,0.9999999469153557,0.9999999930420856,0.9999990694544916,0.9999514141751839,0.9999177267330497,0.9999473574019632,0.999946939998,0.9999536819754559,0.9998309166105009,0.999827226707613,0.9997184151201753,0.9949660283683913,0.9451715642805765,0.840682050653274,0.8185090998266076,0.9952372901681074
0.343,14.360806005569248,0.9996351009438913,0.9999999481840832,0.9999999932282064,0.9999990879183572,0.999952105840312,0.9999188365595209,0.9999481012540138,0.9999476896425444,0.9999543453670816,0.9998330271401498,0.9998293793663025,0.999721729598913,0.9950044783380265,0.9454028523266315,0.841109113169044,0.8189603647069842,0.9952521062621789
0.344,14.381410453937008,0.9996392388789532,0.9999999494188693,0.9999999934088204,0.9999991059628909,0.9999527856550059,0.999919928193699,0.9999488324382484,0.9999484265221623,0.9999549973343329,0.9998351051912235,0.99983149894443,0.9997249954096401,0.9950425219287284,0.9456324834136021,0.8415337698528791,0.8194091746800158,0.9952668211670327
0.345,14.401954152088454,0.9996433178418773,0.9999999506207129,0.9999999935841053,0.9999991235987364,0.999953453853579,0.9999210019817085,0.9999495512038531,0.9999491508879199,0.9999556381041347,0.9998371513486332,0.9998335860370721,0.9997282133941464,0.9950801644583257,0.9458604732804002,0.8419560394894007,0.8198555483752467,0.9952814359110512
0.346,14.422437368302257,0.9996473388267356,0.9999999517905813,0.9999999937542325,0.9999991408362404,0.9999541106651295,0.9999220582622311,0.9999502577944929,0.9999498629853216,0.9999562678983399,0.9998391661853171,0.9998356412271355,0.999731384377599,0.9951174111625851,0.9460868374821116,0.8423759406779481,0.8202995042428746,0.9952959515084596
0.347,14.442860369279767,0.9996513028084151,0.9999999529294108,0.9999999939193678,0.9999991576854614,0.9999547563136689,0.9999230973666827,0.9999509524484465,0.9999505630544454,0.9999568869338546,0.999841150262514,0.9998376650856352,0.9997345091689085,0.995154267196662,0.9463115913925285,0.8427934918347755,0.8207410605558354,0.9953103689595741
0.348,14.463223420156554,0.9996552107430329,0.9999999540381077,0.9999999940796709,0.9999991741561786,0.9999553910182465,0.9999241196193873,0.9999516353987387,0.9999512513300766,0.9999574954227602,0.9998431041300297,0.9998396581719646,0.9997375885610881,0.995190737636522,0.9465347502066432,0.8432087111952202,0.8211802354118574,0.9953246892510456
0.349,14.483526784513924,0.9996590635683411,0.9999999551175499,0.9999999942352962,0.9999991902579001,0.9999560149930717,0.9999251253377452,0.9999523068732686,0.9999519280418363,0.9999580935724321,0.9998450283264968,0.99984162103416,0.9997406233316025,0.9952268274803346,0.9467563289431016,0.8436216168158407,0.8216170467354884,0.995338913356095
0.35,14.503770724390245,0.9996628622041224,0.9999999561685872,0.9999999943863924,0.999999205999871,0.9999566284476323,0.9999261148323969,0.9999529670949345,0.999952593414308,0.9999586815856557,0.9998469233796274,0.9998435542091565,0.9997436142427096,0.9952625416498393,0.9469763424466182,0.8440322265765241,0.8220515122800971,0.9953530422347469
0.351,14.523955500292256,0.9996666075525765,0.9999999571920425,0.9999999945331037,0.999999221391082,0.9999572315868093,0.9999270884073833,0.9999536162817552,0.9999532476671593,0.9999592596607383,0.9998487898064606,0.9998454582230405,0.9997465620417928,0.9952978849916846,0.9471948053903531,0.8444405581825658,0.822483649629844,0.9953670768340561
0.352,14.544081371206225,0.9996703004986969,0.9999999581887132,0.9999999946755689,0.999999236440276,0.9999578246109894,0.9999280463603014,0.9999542546469885,0.9999538910152616,0.9999598279916186,0.9998506281136031,0.9998473335912927,0.9997494674616864,0.9953328622787403,0.9474117322782515,0.8448466291667203,0.8229134762016292,0.995381018088331
0.353,14.564148594609035,0.9996739419106384,0.9999999591593711,0.999999994813922,0.9999992511559563,0.9999584077161741,0.9999289889824561,0.9999548823992466,0.9999545236688058,0.999960386767974,0.999852438797464,0.9998491808190277,0.999752331220992,0.9953674782113849,0.9476271374473468,0.8452504568912225,0.823341009247011,0.995394866919352
0.354,14.584157426479145,0.9996775326400775,0.9999999601047642,0.9999999949482928,0.9999992655463934,0.999958981094086,0.9999299165590073,0.9999554997426078,0.9999551458334155,0.9999609361753233,0.9998542223444834,0.9998510004012261,0.9997551540243886,0.9954017374187673,0.9478410350700275,0.8456520585497846,0.8237662658541012,0.9954086242365834
0.355,14.604108121307508,0.9996810735225624,0.9999999610256168,0.9999999950788063,0.9999992796196321,0.9999595449322726,0.9999308293691151,0.9999561068767263,0.999955757710257,0.9999614763951283,0.9998559792313564,0.9998527928229612,0.9997579365629337,0.9954356444600434,0.9480534391562684,0.8460514511695614,0.8241892629494324,0.9954222909373848
0.356,14.624000932108316,0.9996845653778559,0.999999961922631,0.9999999952055836,0.9999992933834979,0.999960099414206,0.9999317276860793,0.9999567039969379,0.9999563594961461,0.9999620076048916,0.9998577099252506,0.999854558559621,0.9997606795143587,0.9954692038255895,0.9482643635558277,0.8464486516130927,0.8246100172998037,0.9954358679072145
0.357,14.643836110429746,0.9996880090102698,0.9999999627964865,0.9999999953287414,0.9999993068456041,0.9999606447193825,0.9999326117774756,0.999957291294364,0.9999569513836526,0.9999625299782527,0.9998594148840183,0.9998562980771232,0.9997633835433563,0.9955024199381908,0.9484738219604091,0.8468436765802165,0.8250285455140975,0.9954493560198302
0.358,14.663613906364512,0.9996914052089919,0.9999999636478424,0.9999999954483927,0.9999993200133572,0.9999611810234166,0.9999334819052902,0.9999578689560115,0.9999575335612019,0.9999630436850808,0.9998610945564044,0.9998580118321261,0.9997660493018615,0.9955352971542085,0.9486818279057915,0.8472365426099584,0.8254448640450767,0.9954627561374867
0.359,14.683334568560426,0.999694754748405,0.9999999644773371,0.9999999955646464,0.999999332893964,0.9999617084981346,0.9999343383260484,0.9999584371648724,0.9999581062131733,0.9999635488915656,0.999862749382248,0.999859700272234,0.9997686774293257,0.9955678397647226,0.9488883947739242,0.847627266082393,0.8258589891911531,0.9954760691111273
0.36,14.702998344230767,0.9996980583883982,0.9999999652855893,0.9999999956776079,0.9999993454944365,0.9999622273116655,0.9999351812909414,0.9999589961000181,0.9999586695199973,0.9999640457603054,0.9998643797926795,0.9998613638361976,0.9997712685529841,0.9956000519966536,0.9490935357949912,0.8480158632204834,0.8262709370981369,0.9954892957805731
0.361,14.722605479164669,0.9997013168746718,0.999999966073199,0.9999999957873792,0.9999993578215983,0.9999627376285286,0.9999360110459498,0.9999595459366932,0.9999592236582485,0.9999645344503933,0.9998659862103142,0.9998630029541096,0.9997738232881179,0.9956319380138622,0.9492972640494425,0.8484023500918918,0.8266807237609597,0.9955024369747074
0.362,14.742156217737296,0.9997045309390344,0.9999999668407472,0.9999999958940587,0.99999936988209,0.9999632396097196,0.9999368278319637,0.9999600868464058,0.9999597688007371,0.9999650151175011,0.9998675690494384,0.999864618047595,0.9997763422383081,0.9956635019182279,0.949499592469995,0.8487867426107694,0.8270883650253769,0.9955154935116577
0.363,14.76165080292006,0.9997077012996933,0.9999999675887975,0.9999999959977417,0.9999993816823742,0.9999637334127942,0.9999376318848996,0.9999606189970162,0.9999603051165985,0.9999654879139603,0.9998691287161939,0.9998662095299975,0.9997788259956859,0.995694747750707,0.949700533843602,0.8491690565395201,0.8274938765896452,0.9955284661989726
0.364,14.781089476290628,0.9997108286615383,0.9999999683178961,0.99999999609852,0.9999993932287411,0.9999642191919498,0.9999384234358146,0.9999611425528223,0.999960832771379,0.9999659529888416,0.9998706656087564,0.9998677778065613,0.9997812751411755,0.9957256794923696,0.949900100813393,0.8495493074905416,0.8278972740061814,0.9955413558337957
0.365,14.800472478042963,0.9997139137164186,0.9999999690285726,0.9999999961964827,0.9999994045273133,0.9999646970981041,0.9999392027110178,0.9999616576746445,0.9999613519271211,0.9999664104880327,0.9998721801175091,0.999869323274608,0.9997836902447318,0.9957563010654178,0.9500983058805835,0.8499275109279416,0.8282985726831956,0.9955541632030361
0.366,14.81980004699714,0.9997169571434144,0.9999999697213403,0.9999999962917158,0.9999994155840506,0.9999651672789734,0.9999399699321788,0.9999621645199063,0.999961862742445,0.9999668605543132,0.9998736726252145,0.9998708463237098,0.9997860718655719,0.9957866163341841,0.9502951614063558,0.8503036821692342,0.8286977878863064,0.9955668890835364
0.367,14.839072420609234,0.9997199596091002,0.9999999703966972,0.9999999963843023,0.9999994264047549,0.9999656298791475,0.9999407253164334,0.9999626632427142,0.9999623653726297,0.9999673033274281,0.9998751435071794,0.9998723473358581,0.9997884205524026,0.9958166291061098,0.9504906796137109,0.8506778363870096,0.8290949347401319,0.9955795342422354
0.368,14.858289834980987,0.9997229217678048,0.9999999710551261,0.9999999964743227,0.9999994369950747,0.9999660850401625,0.9999414690764864,0.9999631539939355,0.99996285996969,0.9999677389441594,0.9998765931314173,0.9998738266856283,0.9997907368436412,0.9958463431327064,0.9506848725892927,0.8510499886105849,0.8294900282298624,0.9955920994363285
0.369,14.877452524869483,0.9997258442618626,0.9999999716970951,0.9999999965618549,0.9999994473605095,0.9999665329005731,0.999942201420713,0.9999636369212737,0.9999633466824533,0.9999681675383953,0.9998780218588067,0.9998752847403407,0.9997930212676319,0.9958757621104976,0.9508777522851841,0.8514201537276314,0.8298830832028112,0.9956045854134273
0.37,14.896560723696682,0.9997287277218617,0.9999999723230584,0.999999996646974,0.999999457506414,0.9999669735960219,0.9999429225532557,0.9999641121693416,0.9999638256566337,0.9999685892411988,0.9998794300432459,0.9998767218602174,0.9997952743428566,0.9959048896819435,0.9510693305206763,0.8517883464857807,0.8302741143699459,0.9956169929117112
0.371,14.915614663558921,0.9997315727668837,0.9999999729334564,0.9999999967297529,0.9999994674380022,0.9999674072593074,0.9999436326741209,0.9999645798797338,0.9999642970349039,0.9999690041808732,0.9998808180318033,0.9998781383985357,0.999797496578142,0.9959337294363484,0.9512596189840102,0.8521545814942093,0.8306631363073984,0.9956293226600796
0.372,14.934614575236292,0.999734380004741,0.9999999735287164,0.999999996810262,0.9999994771603518,0.9999678340204498,0.9999443319792717,0.9999650401910962,0.999964760956966,0.9999694124830267,0.9998821861648649,0.9998795347017772,0.99979968847286,0.99596228491075,0.9514486292340938,0.8525188732252033,0.8310501634579581,0.9956415753783017
0.373,14.953560688201984,0.9997371500322058,0.9999999741092528,0.9999999968885691,0.9999994866784077,0.9999682540067557,0.9999450206607186,0.9999654932391944,0.9999652175596199,0.999969814270635,0.9998835347762781,0.9998809111097745,0.9998018505171257,0.995990559590793,0.951636372702191,0.8528812360157001,0.8314352101325422,0.9956537517771605
0.374,14.972453230631478,0.9997398834352362,0.9999999746754678,0.9999999969647404,0.9999994959969859,0.9999686673428811,0.9999456989066086,0.9999659391569794,0.9999656669768303,0.999970209664103,0.9998848641934919,0.9998822679558532,0.9998039831919887,0.9960185569115854,0.9518228606935873,0.853241684068813,0.8318182905116501,0.9956658525585952
0.375,14.991292429411764,0.9997425807891964,0.9999999752277513,0.9999999970388396,0.9999995051207772,0.9999690741508922,0.9999463669013116,0.9999663780746534,0.999966109339792,0.9999705987813235,0.9998861747376938,0.9998836055669716,0.9998060869696221,0.9960462802585397,0.9520081043892292,0.853600231455333,0.8321994186467973,0.9956778784158424
0.376,15.010078510150375,0.999745242659071,0.999999975766482,0.9999999971109282,0.9999995140543506,0.9999694745503254,0.9999470248255046,0.9999668101197319,0.9999665447769931,0.9999709817377366,0.9998874667239438,0.9998849242638563,0.9998081623135054,0.9960737329681976,0.9521921148473396,0.853956892115213,0.8325786084619317,0.9956898300335733
0.377,15.028811697184423,0.9997478695996762,0.9999999762920274,0.9999999971810662,0.9999995228021572,0.9999698686582453,0.9999476728562541,0.999967235417106,0.9999669734142775,0.9999713586463848,0.9998887404613048,0.9998862243611348,0.9998102096786043,0.9961009183290396,0.9523749030050085,0.8543116798590307,0.8329558737548306,0.9957017080880266
0.378,15.047492213589502,0.999750462155865,0.9999999768047437,0.9999999972493113,0.9999995313685328,0.9999702565893016,0.9999483111670965,0.9999676540891016,0.9999673953749049,0.9999717296179693,0.9998899962529705,0.9998875061674657,0.9998122295115456,0.9961278395822794,0.952556479679761,0.8546646083694343,0.8333312281984815,0.9957135132471429
0.379,15.066120281188583,0.9997530208627284,0.999999977304977,0.9999999973157193,0.9999995397577017,0.999970638455784,0.9999489399281163,0.9999680662555387,0.9999678107796096,0.9999720947609038,0.9998912343963895,0.9998887699856648,0.9998142222507892,0.9961544999226439,0.9527368555711012,0.8550156912025675,0.8337046853424437,0.9957252461706916
0.38,15.084696120560746,0.9997555462457917,0.9999999777930632,0.9999999973803445,0.9999995479737798,0.9999710143676767,0.9999495593060224,0.9999684720337879,0.9999682197466587,0.9999724541813659,0.9998924551833873,0.9998900161128287,0.9998161883267951,0.9961809024991383,0.952916041262033,0.8553649417894776,0.834076258614193,0.9957369075104014
0.381,15.103219951049933,0.9997580388212067,0.999999978269328,0.9999999974432393,0.9999995560207771,0.9999713844327102,0.999950169464223,0.9999688715388259,0.9999686223919072,0.9999728079833496,0.9998936589002851,0.9998912448404559,0.9998181281621873,0.9962070504157967,0.9530940472205592,0.8557123734375046,0.8344459613204496,0.9957484979100821
0.382,15.121691990773531,0.99976049909594,0.999999978734088,0.9999999975044542,0.9999995639026014,0.9999717487564129,0.999950770562898,0.99996926488329,0.999969018828853,0.9999731562687141,0.9998948458280157,0.9998924564545646,0.9998200421719136,0.9962329467324205,0.9532708838011575,0.8560579993316518,0.8348138066484891,0.9957600180057471
0.383,15.140112456630993,0.9997629275679563,0.9999999791876503,0.9999999975640388,0.9999995716230606,0.9999721074421616,0.9999513627590704,0.999969652177531,0.9999694091686903,0.999973499137233,0.9998960162422369,0.9998936512358076,0.9998219307634023,0.9962585944653005,0.9534465612462355,0.8564018325359393,0.8351798076674359,0.9957714684257359
0.384,15.158481564312266,0.9997653247263978,0.9999999796303131,0.9999999976220402,0.9999995791858661,0.999972460591229,0.999951946206675,0.9999700335296642,0.9999697935203609,0.9999738366866415,0.9998971704134424,0.9998948294595853,0.9998237943367149,0.9962839965879284,0.9536210896875633,0.8567438859947406,0.8355439773295414,0.9957828497908288
0.385,15.176799528306265,0.9997676910517606,0.999999980062366,0.9999999976785048,0.9999995865946345,0.9999728083028323,0.9999525210566267,0.9999704090456206,0.9999701719906059,0.9999741690126824,0.9998983086070696,0.9998959913961554,0.9998256332846949,0.9963091560316935,0.9537944791476863,0.8570841725341003,0.8359063284714454,0.9957941627143649
0.386,15.195066561909174,0.9997700270160659,0.9999999804840902,0.999999997733477,0.9999995938528912,0.9999731506741791,0.9999530874568857,0.999970778829195,0.9999705446840141,0.9999744962091518,0.9998994310836058,0.9998971373107399,0.9998274479931152,0.9963340756865672,0.9539667395413166,0.857422704863037,0.8362668738154218,0.9958054078023537
0.387,15.213282877232764,0.9997723330830285,0.9999999808957588,0.9999999977870002,0.999999600964072,0.9999734878005124,0.9999536455525226,0.9999711429820944,0.999970911703071,0.9999748183679421,0.999900538098691,0.999898267463631,0.9998292388408195,0.9963587584017751,0.954137880676703,0.8577594955748267,0.8366256259706081,0.9958165856535888
0.388,15.231448685212568,0.9997746097082206,0.9999999812976368,0.9999999978391163,0.9999996079315269,0.9999738197751552,0.9999541954857812,0.9999715016039845,0.9999712731482047,0.9999751355790859,0.9999016299032187,0.9998993821102925,0.9998310061998631,0.9963832069864565,0.9543079122569832,0.8580945571482732,0.8369825974342208,0.9958276968597539
0.389,15.249564195616061,0.999776857339233,0.9999999816899818,0.9999999978898656,0.9999996147585208,0.9999741466895529,0.999954737396139,0.9999718547925351,0.999971629117833,0.999975447930797,0.999902706743435,0.999900481501461,0.9998327504356485,0.9964074242103125,0.9544768438815141,0.8584279019489593,0.8373378005927532,0.9958387420055328
0.39,15.26762961705069,0.9997790764158324,0.9999999820730441,0.9999999979392876,0.9999996214482372,0.9999744686333154,0.9999552714203684,0.9999722026434649,0.9999719797084075,0.9999757555095115,0.9999037688610344,0.9999015658832429,0.9998344719070593,0.996431412804241,0.9546446850471844,0.8587595422304837,0.8376912477231611,0.9958497216687147
0.391,15.28564515697193,0.9997812673701145,0.9999999824470663,0.9999999979874202,0.9999996280037795,0.9999747856942586,0.9999557976925941,0.999972545250584,0.9999723250144571,0.9999760583999275,0.9999048164932539,0.9999026354972104,0.9998361709665909,0.9964551754609622,0.9548114451497065,0.8590894901356809,0.8380429509940306,0.9958606364202949
0.392,15.303611021691175,0.9997834306266553,0.9999999828122849,0.9999999980343005,0.9999996344281741,0.9999750979584432,0.9999563163443507,0.9999728827058373,0.999972665128631,0.9999763566850443,0.9999058498729655,0.9999036905804951,0.9998378479604777,0.9964787148356307,0.9549771334848915,0.8594177576978276,0.8383929224667342,0.995871486824579
0.393,15.321527416383663,0.9997855666026578,0.9999999831689289,0.999999998079964,0.9999996407243715,0.9999754055102149,0.999956827504638,0.9999732150993447,0.9999730001417401,0.9999766504461993,0.9999068692287653,0.9999047313658791,0.9998395032288181,0.996502033546438,0.9551417592499041,0.8597443568418309,0.8387411740965699,0.9958822734392824
0.394,15.339394545096242,0.9997876757080961,0.9999999835172212,0.9999999981244455,0.999999646895249,0.9999757084322413,0.9999573312999763,0.9999735425194419,0.9999733301427971,0.9999769397631061,0.9999078747850618,0.9999057580818844,0.9998411371056964,0.9965251341752034,0.9553053315444998,0.8600692993854041,0.8390877177338887,0.9958929968156256
0.395,15.35721261075515,0.9997897583458565,0.9999999838573782,0.9999999981677785,0.9999996529436127,0.9999760068055494,0.9999578278544584,0.9999738650527196,0.9999736552190567,0.9999772247138895,0.9999088667621616,0.9999067709528603,0.999842749919303,0.9965480192679548,0.9554678593722453,0.8603925970402266,0.8394325651252057,0.9959036574984338
0.396,15.374981815173674,0.999791814911875,0.9999999841896102,0.9999999982099954,0.9999996588721991,0.9999763007095622,0.9999583172898023,0.9999741827840615,0.9999739754560539,0.9999775053751213,0.9999098453763535,0.999907770199068,0.9998443419920497,0.9965706913354981,0.9556293516417198,0.8607142614130887,0.8397757279142989,0.9959142560262287
0.397,15.392702359059793,0.9997938457952722,0.9999999845141219,0.999999998251128,0.9999996646836771,0.9999765902221333,0.9999587997254016,0.9999744957966822,0.9999742909376417,0.9999777818218545,0.99991081083999,0.9999087560367648,0.9998459136406852,0.9965931528539781,0.9557898171676996,0.8610343040070221,0.8401172176432938,0.9959247929313221
0.398,15.4103744420237,0.9997958513784858,0.9999999848311115,0.9999999982912067,0.99999967038065,0.9999768754195814,0.9999592752783746,0.9999748041721633,0.9999746017460278,0.9999780541276564,0.999911763361568,0.9999097286782852,0.9998474651764061,0.9966154062654269,0.9559492646723265,0.8613527362224174,0.8404570457537357,0.9959352687399069
0.399,15.427998262585346,0.9997978320373989,0.9999999851407724,0.999999998330261,0.9999996759656569,0.9999771563767245,0.9999597440636132,0.9999751079904894,0.9999749079618105,0.9999783223646416,0.9999127031458067,0.9999106883321203,0.9998489969049664,0.996637453978305,0.9561077027862585,0.8616695693581259,0.8407952235876461,0.9959456839721457
0.4,15.445574018181818,0.9997997881414674,0.999999985443292,0.9999999983683199,0.9999996814411749,0.9999774331669121,0.9999602061938299,0.9999754073300821,0.9999752096640142,0.9999785866035039,0.9999136303937248,0.9999116352029961,0.9998505091267844,0.9966592983680318,0.9562651400498036,0.8619848146125488,0.84113176238857,0.9959560391422605
