Beta,R_0,R1,R2,R3,R4,R5,R6,R7,R8,R9,R10,R11,R12,R13,R14,R15,R16,R_all
0.0,0.0,0.0,0.0,0.0,0.0,0.0,0.0,0.0,0.0,0.0,0.0,0.0,0.0,0.0,0.0,0.0,0.0,0.0
0.001,0.0596045629112662,0.0,0.0,0.0,0.0,0.0,0.0,0.0,0.0,0.0,0.0,0.0,0.0,0.0,0.0,0.0,0.0,0.0
0.002,0.11885363141153082,0.0,0.0,0.0,0.0,0.0,0.0,0.0,0.0,0.0,0.0,0.0,0.0,0.0,0.0,0.0,0.0,0.0
0.003,0.17775037641228938,0.0,0.0,0.0,0.0,0.0,0.0,0.0,0.0,0.0,0.0,0.0,0.0,0.0,0.0,0.0,0.0,0.0
0.004,0.23629793122529644,1.1102230246251565e-16,1.2212453270876722e-15,1.7763568394002505e-15,1.887379141862766e-15,4.440892098500626e-16,1.1102230246251565e-16,2.220446049250313e-16,3.3306690738754696e-16,2.220446049250313e-16,2.220446049250313e-16,2.220446049250313e-16,1.1102230246251565e-16,0.0,0.0,0.0,0.0,5.076244347906787e-16
0.005,0.2944993921182266,0.0,0.0,0.0,0.0,0.0,0.0,0.0,0.0,0.0,0.0,0.0,0.0,0.0,0.0,0.0,0.0,0.0
0.006,0.3523578188605108,0.0,0.0,0.0,0.0,0.0,0.0,0.0,0.0,0.0,0.0,0.0,0.0,0.0,0.0,0.0,0.0,0.0
0.007,0.40987623525954947,0.0,0.0,0.0,0.0,0.0,0.0,0.0,0.0,0.0,0.0,0.0,0.0,0.0,0.0,0.0,0.0,0.0
0.008,0.4670576296875,0.0,0.0,0.0,0.0,0.0,0.0,0.0,0.0,0.0,0.0,0.0,0.0,0.0,0.0,0.0,0.0,0.0
0.009,0.5239049555988314,0.0,0.0,0.0,0.0,0.0,0.0,0.0,0.0,0.0,0.0,0.0,0.0,0.0,0.0,0.0,0.0,0.0
0.01,0.5804211320388349,0.0,0.0,0.0,0.0,0.0,0.0,0.0,0.0,0.0,0.0,0.0,0.0,0.0,0.0,0.0,0.0,0.0
0.011,0.636609044143272,0.0,0.0,0.0,0.0,0.0,0.0,0.0,0.0,0.0,0.0,0.0,0.0,0.0,0.0,0.0,0.0,0.0
0.012,0.6924715436293436,1.1102230246251565e-15,2.1094237467877974e-15,4.551914400963142e-15,4.9960036108132044e-15,2.3314683517128287e-15,1.887379141862766e-15,1.6653345369377348e-15,1.6653345369377348e-15,1.887379141862766e-15,1.4432899320127035e-15,1.2212453270876722e-15,1.2212453270876722e-15,5.551115123125783e-16,2.220446049250313e-16,2.220446049250313e-16,2.220446049250313e-16,1.9971573629017436e-15
0.013,0.7480114492781521,2.6645352591003757e-15,6.106226635438361e-15,1.1435297153639112e-14,1.4099832412739488e-14,5.995204332975845e-15,3.885780586188048e-15,3.885780586188048e-15,3.6637359812630166e-15,4.107825191113079e-15,3.6637359812630166e-15,3.3306690738754696e-15,2.55351295663786e-15,1.5543122344752192e-15,1.1102230246251565e-15,9.992007221626409e-16,1.1102230246251565e-15,5.035343530643078e-15
0.014,0.8032315474088292,3.3306690738754696e-16,4.440892098500626e-16,1.887379141862766e-15,3.885780586188048e-15,1.4432899320127035e-15,4.440892098500626e-16,3.3306690738754696e-16,4.440892098500626e-16,5.551115123125783e-16,5.551115123125783e-16,4.440892098500626e-16,2.220446049250313e-16,1.1102230246251565e-16,0.0,1.1102230246251565e-16,1.1102230246251565e-16,8.437006817040274e-16
0.015,0.8581345923444975,1.4432899320127035e-15,3.6637359812630166e-15,6.772360450213455e-15,8.881784197001252e-15,3.885780586188048e-15,2.3314683517128287e-15,2.3314683517128287e-15,2.1094237467877974e-15,2.3314683517128287e-15,1.887379141862766e-15,1.5543122344752192e-15,1.2212453270876722e-15,8.881784197001252e-16,4.440892098500626e-16,3.3306690738754696e-16,2.220446049250313e-16,2.9563661049975197e-15
0.016,0.912723306870229,6.994405055138486e-15,1.6653345369377348e-14,3.375077994860476e-14,4.118927421359331e-14,1.7319479184152442e-14,1.0658141036401503e-14,9.992007221626409e-15,1.0325074129013956e-14,1.176836406102666e-14,9.658940314238862e-15,8.992806499463768e-15,6.328271240363392e-15,4.107825191113079e-15,3.219646771412954e-15,2.9976021664879227e-15,2.886579864025407e-15,1.4159426160462101e-14
0.017,0.9670003826831589,8.770761894538737e-15,2.1094237467877974e-14,4.4297898682543746e-14,5.395683899678261e-14,2.1871393585115584e-14,1.3100631690576847e-14,1.2323475573339238e-14,1.2545520178264269e-14,1.454392162258955e-14,1.2323475573339238e-14,1.099120794378905e-14,7.771561172376096e-15,5.218048215738236e-15,3.885780586188048e-15,3.9968028886505635e-15,3.552713678800501e-15,1.800113938027894e-14
0.018,1.0209684808349144,0.00855555136852637,0.02029121402084655,0.04396475150264634,0.05388479486844977,0.021986777208205965,0.012845477857463927,0.011878789369538123,0.012226201293704664,0.014209017719555295,0.012237831137763888,0.010942427077241246,0.007732192715265929,0.005085879204345112,0.0037350519552215022,0.0038601053785490835,0.0037186461650017266,0.017780210885211898
0.019,1.0746302321665089,0.03133905877730836,0.07266065262482246,0.1479312592723363,0.17679861742381342,0.0773111104121742,0.046600999444490365,0.043329718656316296,0.04422503388580368,0.05104837522057659,0.0438199671277798,0.0395180980894374,0.028183638020846447,0.018624557282214238,0.013687031801551175,0.014038546134299223,0.013450276551450924,0.06189465777818286
0.02,1.127988237735849,0.055096181706294156,0.12475246770133397,0.23980624501963377,0.28077437611147904,0.1308492961083476,0.0811958016457196,0.07584869531779037,0.07683817876304411,0.08814096489119738,0.07548070698651221,0.06860446841338452,0.049363288794269544,0.03277457106352488,0.024097504525398272,0.02454884802620161,0.023400657806973868,0.10391095219265618
0.021,1.1810450692380057,0.07959612214439837,0.17590942415611244,0.3207927463734065,0.36925581801246543,0.1824369276434189,0.11630445338013573,0.1090877305106348,0.10978019726371502,0.12520582260637625,0.10705547669244186,0.09799886539732594,0.07111627772041662,0.047442404979957664,0.03489753081297897,0.03533505103074075,0.03352460463591578,0.1439716074122943
0.022,1.2338032694183865,0.10460965145100509,0.22560426820838497,0.3921102971549063,0.44493360853132213,0.23190662783626392,0.15159723429856775,0.14270416219579307,0.14277644812198198,0.16197329605323874,0.13837633877625044,0.12749590472621686,0.09328093306536156,0.06252806011051848,0.04601675423348983,0.046340191578825296,0.04377749554479582,0.18216981426901513
0.023,1.2862653524789522,0.1299175098086569,0.2734335405013557,0.45491382179977,0.509947559267881,0.27911431017311694,0.18676023298586408,0.17637555473796573,0.17557289145002708,0.1981962664524327,0.16928253781915914,0.15689800336030746,0.11569695130176227,0.07793001817506962,0.05738547433095198,0.05750799442856591,0.05411605210121484,0.21856880774447252
0.024,1.3384338044776118,0.15531789636505833,0.3191089840116754,0.5102587226820283,0.5660236033952595,0.3239544644823418,0.22151049180113425,0.2098117528349871,0.20794425286830587,0.233658998967895,0.19962880281168727,0.1860240908893881,0.13821256776149538,0.09354983889098045,0.06893693365035036,0.06878475264292638,0.06449948598576183,0.2532169567938384
0.025,1.39031108372093,0.18063173015233647,0.3624449953986988,0.5590894023439017,0.6145691597232293,0.3663662903159459,0.255605358037132,0.24276257875912477,0.23969907758129172,0.26818230443170443,0.22929065941150018,0.2147154872499123,0.16068981100111634,0.10929572920339858,0.0806092095223141,0.08012086883864777,0.07489050183136459,0.28615810954179755
0.026,1.4418996211502781,0.20570539373926644,0.4033431366529673,0.6022397382237188,0.656741579854945,0.4063331618807542,0.288846488832176,0.2750211277669877,0.27068153424286134,0.30162505977661735,0.2581668761706303,0.242838879386149,0.18300764826920646,0.12508488326383038,0.09234647596963075,0.09147186346008218,0.08525595334750102,0.31743777803787826
0.027,1.4932018207215538,0.23041127237118064,0.4417755263546833,0.64043954589312,0.6934987825650183,0.44387790651836023,0.32107964974672465,0.30642343753494405,0.3007705404372525,0.3338828316638097,0.2861796156697799,0.27028686760030596,0.20506326569932354,0.14084468217888257,0.10409963165949054,0.102798853517854,0.09556712916020849,0.34710615364000375
0.028,1.5442200597785978,0.254646655120769,0.4777687636736936,0.6743238123540496,0.7256377420668022,0.4790559694255323,0.35219164392686897,0.33684560718930734,0.32987703398704493,0.36488456241534106,0.31327299632600625,0.29697675585079686,0.2267719211547673,0.15651298382523415,0.1158264050530542,0.11406860048260714,0.10579973099571205,0.37521896903524954
0.029,1.5949566894204232,0.27833159110318106,0.5113895014220071,0.7044429067247429,0.7538244060465812,0.5119479700418703,0.3821055889829197,0.36619940585996413,0.3579401861475169,0.3945882062987245,0.33941071712598936,0.32284824889840447,0.24806583593078413,0.17203776863223708,0.1274910845984596,0.12525325399387954,0.11593363439437421,0.401837060098697
0.03,1.6454140348623854,0.3014062029600356,0.5427322259374019,0.731272761080574,0.7786173552496565,0.5426526068966893,0.41077549290074034,0.39442721116330104,0.3849231934283467,0.4229760069851889,0.3645732591623305,0.34786060099051264,0.26889252943086905,0.18737638235123477,0.13906401398845314,0.13632990908698994,0.12595251807316632,0.42702525908861144
0.031,1.6955943957913997,0.3238278294124093,0.5719093715371633,0.7552244719894534,0.8004867503281641,0.5712804268034604,0.43818078813736094,0.42149687465446894,0.41080909327957993,0.4500498867334871,0.38875502312160115,0.3719896114217962,0.28921290507796804,0.20249456645324482,0.15052096523644942,0.14728007028915624,0.13584343071374727,0.45085104152769484
0.032,1.7455000467153288,0.3455682429872201,0.5990436255713217,0.7766530498950112,0.8198296407565128,0.5979486637395796,0.46432122876466786,0.4473968902388151,0.4355968774340312,0.47582722707038727,0.4119616265060351,0.3952247240946015,0.30899929996076125,0.21736541268770893,0.16184247090888892,0.1580890889282397,0.1455963439576221,0.4733831823802557
0.033,1.7951332373066426,0.36661108719048907,0.6242621412480833,0.7958652119621782,0.836982413065416,0.6227771582166729,0.48921236231027054,0.4721320690876999,0.4592980448914282,0.5003371774318264,0.4342074810965554,0.4175663785565379,0.3282336307910637,0.2319683312915608,0.1730131688936365,0.16874561644815356,0.15520372279075378,0.4946905579667058
0.034,1.844496192740472,0.3869496035328668,0.6476923286186603,0.8131262143945469,0.8522309601284281,0.6458852613174109,0.5128816553363987,0.49571980367461244,0.481933645562469,0.5236175314627787,0.45551369984219126,0.43902368160418836,0.34690570897686823,0.24628808599687413,0.18402119128445527,0.1792410984464351,0.16466013098116417,0.5148411519829855
0.035,1.8935911140271497,0.4065846697439448,0.669458902319495,0.8286657768557171,0.8658190188135115,0.6673895803900678,0.5353652689576283,0.518186926296242,0.5035318086090934,0.545712151631618,0.47590633731217613,0.45961241715284085,0.3650117564676325,0.26031392314682844,0.19485761341100227,0.18956932143705396,0.17396187976344923,0.533901276946591
0.036,1.94242017833935,0.4255231406285197,0.6896819006346471,0.8426831802340293,0.8779550266938638,0.687402412587463,0.5567054341627709,0.5395671229440495,0.5241257176185183,0.5666688910695434,0.4954149421214116,0.47935338126291527,0.3825531277523547,0.27403880508687084,0.20551596872781974,0.19972601603627693,0.18310672182467436,0.55193499674717
0.037,1.9909855393339335,0.4437764667140177,0.7084754366758337,0.855351630102772,0.8888177763834387,0.7060307215571406,0.5769483550930568,0.5598988414155321,0.5437519798326564,0.5865379479358213,0.514071387117611,0.4982710128125236,0.39953522796286123,0.2874587473848934,0.21599182890719548,0.20970851523767575,0.1920935889741826,0.5690037240655585
0.038,2.0392893274685817,0.4613595584952719,0.7259469890093109,0.8668219788732103,0.8985610906467385,0.7233755309395724,0.5961425621198391,0.5792236249614792,0.5624493323972384,0.6053705851331486,0.5319089387725966,0.5163922833150005,0.4159666090036601,0.3005722534016101,0.2262824448832257,0.21951546367743713,0.20092236990830192,0.5851659627268714
0.039,2.0873336503133393,0.47828986227465375,0.7421970809550476,0.877225894431219,0.9073176980048945,0.7395316295180696,0.614337639126411,0.597584803674459,0.5802576304974107,0.6232181519577662,0.5489615277215998,0.5337458081326947,0.4318582223546974,0.3133798367404079,0.2363864428342174,0.22914657250825154,0.20959372361347883,0.6004771658867951
0.04,2.135120592857143,0.49458661495314504,0.7573192331665648,0.8866785549395292,0.9152024540918725,0.7545875034086721,0.6315832565025747,0.615026481268827,0.5972170673198135,0.6401313510669104,0.56526318546006,0.5503611433188829,0.4472228067944527,0.3258836210299435,0.24630356848472557,0.2386024141334917,0.2181089237593783,0.614989683995979
0.041,2.182652217809439,0.5102702481023416,0.7714001027708361,0.8952809402943886,0.9223150264451457,0.7686254289316787,0.6479284503096504,0.631592762363434,0.6133675821553848,0.6561597020187695,0.580847616401492,0.5662682358975527,0.4620743905007675,0.3380870065549423,0.25603447318522954,0.24788425121713964,0.2264697296265108,0.6287527803670219
0.042,2.229930565896981,0.5253619152771788,0.7845197449219985,0.9031217815145955,0.9287421382630279,0.7817216751919326,0.6634210972920921,0.6473271733473287,0.6287484195352764,0.6713511604648896,0.595747878971462,0.5814969995633947,0.476427888990553,0.3499943939368535,0.26558053567543094,0.25699389482785395,0.23467827950280906,0.6418126961163041
0.043,2.27695765615589,0.539883120250356,0.7967519500261753,0.9102792206939163,0.9345594488133657,0.7939467779143015,0.6781075440544214,0.6622722375484354,0.6433978084809177,0.6857518592695588,0.6099961536927014,0.5960769919713419,0.4902987826563,0.3616109560492411,0.2749437140589416,0.26593358714046267,0.2427370029538699,0.6542127498824036
0.044,2.3237354862190815,0.5538554273564353,0.8081646230965928,0.9168222263432733,0.9398331337744015,0.8053658560144143,0.6920323563976034,0.6764691723223243,0.657352736470199,0.6994059441444889,0.6236235800761967,0.6100371736787502,0.5037028599567719,0.37294245043461727,0.2841264231935524,0.2747059047118896,0.25064854885393517,0.665993460872402
0.045,2.370266032599119,0.5673002382806769,0.8188201815823217,0.9228118020820888,0.9446212171489272,0.8160389501170755,0.7052381613924061,0.6899576816742119,0.6706487974819733,0.7123554817605058,0.6366601474863937,0.623405732263558,0.5166560144654291,0.3839950655552167,0.29313143336372727,0.2833136789188122,0.25841572652161104,0.677192686420295
0.046,2.416551250966608,0.5802386223647898,0.8287759553315722,0.92830202069963,0.9489746969760211,0.8260213681620587,0.7177655602814446,0.7027758231091574,0.6833200974915774,0.7246404227747713,0.6491346279900713,0.6362099581273326,0.5291740859006782,0.39477529519941823,0.3019617867147316,0.2917599306649655,0.26604145771764776,0.6878457673860744
0.047,2.4625930764241897,0.5926911898323581,0.8380845777122177,0.9333409105325003,0.9529384994368181,0.8353640277216509,0.7296530948422515,0.7149599316357252,0.695399204113744,0.7362986058848557,0.6610745415642075,0.6484761610162765,0.5412727369342603,0.4052898362505244,0.3106207284747883,0.3000478169263562,0.2735287376251023,0.697985676436857
0.048,2.5083934237762238,0.6046779992917171,0.8467943608008883,0.9379712168037423,0.9565522897635959,0.844113788007488,0.7409372535359904,0.7265445873239695,0.706917129810799,0.7473657919997418,0.6725061459829652,0.660229618396647,0.5529673590028541,0.4155455057974873,0.31911165046874446,0.3081805871011124,0.2808806032447835,0.7076431655986596
0.049,2.553954187794246,0.616218492496587,0.8549496503414075,0.9422310569451031,0.9598511633350513,0.8523137670225693,0.7516525067403105,0.7375626156461369,0.7179033402925006,0.7578757200125026,0.6834544452876357,0.6714945485552937,0.5642730015526576,0.4255491742310179,0.3274380448361317,0.31616154747052383,0.288100107904382,0.7168469105134865
0.05,2.5992772434782614,0.6273314506808911,0.8625911581491286,0.9461544858821419,0.962866236250155,0.8600036411240053,0.7618313627424109,0.7480451121116636,0.7283857815136867,0.7678601775712094,0.6939432120238663,0.6822941027147325,0.5752043201527915,0.4353077115321041,0.33560346621404025,0.32399403236476454,0.29519030080299447,0.7256236496393486
0.051,2.644364446313963,0.6380349678780732,0.8697562710154885,0.9497719847147584,0.9656251513377604,0.8672199255654632,0.7715044380577922,0.7580214845406779,0.7383909201024954,0.777349081762273,0.7039950194599931,0.6926503716057756,0.5857755397476638,0.444827944434417,0.3436115009377534,0.33168138086720134,0.3021542106993539,0.7339983172402866
0.052,2.689217632525952,0.6483464375270798,0.8764793361084044,0.9531108840959454,0.968152512834159,0.8739962355116659,0.7807005371343199,0.7675195077843129,0.7479437931904671,0.7863705658194476,0.713631280824412,0.7025844028744777,0.596000430006782,0.4541166225391401,0.35146574205703573,0.3392269180916654,0.308994833007185,0.7419941694708572
0.053,2.733838619327006,0.6582825493918689,0.8827919234892168,0.956195731831763,0.9704702607294895,0.8803635276576963,0.7894467376776558,0.77656538686512,0.7570680645211513,0.7949510689149688,0.7228722932571536,0.7121162264531835,0.6058922902962218,0.4631803917915549,0.35916976917015275,0.3466339402335431,0.31571511968962873,0.749632903198396
0.054,2.7782292051635116,0.6678592944089587,0.8887230667647441,0.9590486127381836,0.9725979939527003,0.8863503230172836,0.7977684787568843,0.7851838254347344,0.7657860844315234,0.8031154268284287,0.7317372846934351,0.7212648856310342,0.615463942259705,0.47202577400358625,0.3667271322475536,0.3539057027335598,0.32231797145096597,0.7569347674537723
0.055,2.8223911699570814,0.6770919755530053,0.8942994831290876,0.9616894275468357,0.974553250058327,0.8919829117225926,0.805689649570155,0.7933980971762304,0.7741189518677027,0.8108869618658392,0.7402444623112366,0.7300484720449827,0.624727728376508,0.48065915133430903,0.3741413387580661,0.3610454110072646,0.3288062318115643,0.7639186675785211
0.056,2.866326275342466,0.685995223194775,0.899545774172191,0.9641361366109573,0.9763517478360687,0.8972855408454941,0.8132326773114722,0.8012301183541966,0.7820865770435557,0.8182875708497375,0.7484110615025793,0.7384841632012238,0.6336955151732331,0.4890867548290375,0.3814158435273377,0.36805621328759763,0.33518268272435325,0.7706022622600555
0.057,2.9100362649017937,0.6945830137361083,0.9044846088757708,0.9664049732909061,0.9780075982371806,0.9022805863382795,0.8204186130149002,0.8087005201678104,0.7897077437021058,0.8253378103481303,0.7562533945864952,0.7465882614475003,0.64237870001921,0.4973146562736258,0.3885540408550753,0.3749411952058881,0.3414500414507765,0.7770020537301265
0.058,2.95352286439523,0.7028686905567665,0.9091368902075039,0.9685106311669831,0.979533488160602,0.906988710223774,0.8272672145883128,0.8158287199163858,0.7970001702149516,0.8320569785771547,0.7637868986848042,0.7543762335644462,0.6507882206413679,0.5053487627496115,0.3955592584979024,0.3817033758010582,0.34761095846338186,0.7831334714549686
0.059,2.996787781988105,0.7108649865097232,0.913521906679582,0.9704664286125444,0.9809408409346222,0.9114290041580516,0.8337970265066379,0.8226329902632397,0.8039805689697735,0.8384631936166493,0.7710261823409865,0.7618627503411414,0.6589345666622737,0.513194813382472,0.4024347531910972,0.38834570470003826,0.35366801618276755,0.7890109496764164
0.06,3.0398327084745764,0.7185840473638745,0.9176574701710011,0.9722844537428715,0.9822399567409198,0.9156191204562238,0.840025455831227,0.8291305260984542,0.8106647036630837,0.8445734677329682,0.7779850705867035,0.7690617256565196,0.6668277926017436,0.5208583778634468,0.409183707437633,0.3948710602564347,0.3596237283901075,0.7946479991777228
0.061,3.0826593174978867,0.7260374557238144,0.9215600412335376,0.9739756923188605,0.9834401357360295,0.9195753916223155,0.8459688443708602,0.8353375086671506,0.8170674442446112,0.8504037777200699,0.7846766482570982,0.7759863547121542,0.6744775318937145,0.5283448563983226,0.4158092273386462,0.4012822484709063,0.3654805401841036,0.8000572736503775
0.062,3.125269265767285,0.7332362550613265,0.9252448430157489,0.9755501408158811,0.984549786213631,0.9233129393647359,0.8516425369114515,0.8412691667574099,0.8232028193590731,0.8559691312566299,0.7911133014306314,0.7826491511597476,0.6818930115605837,0.5356594807969178,0.4223143412774162,0.4075820025468707,0.37124082837406647,0.8052506310324004
0.063,3.1676641932716567,0.7401909735775283,0.9287259648519901,0.9770169065560371,0.9855765198056202,0.9268457740141072,0.8570609455240794,0.8469398348392445,0.8290840662068901,0.8612836293403259,0.7973067569264811,0.7890619829435992,0.689083067260833,0.5428073164669668,0.4287019993004658,0.4137729829601511,0.37690690221970646,0.810239190176968
0.064,3.209845723489933,0.7469116476821692,0.9320164564773815,0.9783842965373374,0.9865272354293626,0.9301868851935835,0.8622376100210087,0.8523630081194498,0.834723677802691,0.8663605249058334,0.8032681198361056,0.7952361067385807,0.6960561584855876,0.5497932651174857,0.43497507306562044,0.41985777794190093,0.3824810044438486,0.8150333831948048
0.065,3.2518154635983265,0.7534078449305971,0.9351284137468128,0.9796598963683012,0.9874081934435187,0.9333483245255829,0.8671852546720287,0.8575513945318985,0.8401334476531616,0.8712122777644922,0.8090079090983239,0.8011822009110807,0.7028203837282996,0.5566220680109955,0.44113635624867276,0.42583890429135696,0.38796531245722854,0.8196430037959613
0.066,3.2935750046744574,0.7596886863020329,0.9380730566576526,0.9808506405249479,0.9882250812677723,0.936341281094637,0.87191584132271,0.8625169637229784,0.8453245119071373,0.8758506060243867,0.8145360911515398,0.8069103969666724,0.7093834954911571,0.5632983096323969,0.44718856531847584,0.4317188084492548,0.3933619397452369,0.8240772519374986
0.067,3.335125921898418,0.7657628677370887,0.9408608004025114,0.9819628749836528,0.9889830715463719,0.9391761503248316,0.8764406190752395,0.8672709931206055,0.8503073890532695,0.8802865341622074,0.8198621117143442,0.8124303094761113,0.7157529150237034,0.5698264216658933,0.4531343406054369,0.43749986777463956,0.3986729373753949,0.8283447750639947
0.068,3.3764697747508308,0.7716386808796318,0.9435013201104626,0.9830024131436068,0.9896868737864635,0.9418625968726415,0.8807701707037563,0.8718241111951429,0.8550920172561234,0.8845304379247328,0.8249949257581266,0.8177510644923431,0.7219357467149472,0.5762106871909052,0.45897624760103317,0.4431843919776821,0.4039002955917006,0.8324537062082198
0.069,3.417608107207954,0.7773240329895523,0.9460036098726371,0.9839745858328999,0.9903407802754511,0.9444096120821913,0.8849144559815522,0.8761863380336194,0.85968778943175,0.8885920862396564,0.8299430257436948,0.8228813264869864,0.7279387920810516,0.5824552450241833,0.4647167784365115,0.44877462466935647,0.409045945468123,0.8364116992001971
0.07,3.4585424479338847,0.7828264660097763,0.9483760365909184,0.9848842860895067,0.990948706973534,0.9468255665001807,0.888882852098547,0.8803671233564684,0.8641035861698316,0.8924806803139527,0.8347144681991117,0.82782932384625,0.7337685633074169,0.588564094148784,0.47035835349776567,0.45427274499569115,0.4141117605986019,0.8402259612144526
0.071,3.4992743104699087,0.7881531747839576,0.950626389136376,0.9857360093200952,0.9915142299851972,0.9491182579018866,0.8926841913453331,0.8843753821098461,0.868347806612452,0.8962048900940139,0.8393168987187913,0.8326028729744608,0.7394312963173988,0.5945410981817906,0.4759033231407559,0.45968086933001995,0.41909955880513183,0.8439032828676922
0.072,3.5398051934210524,0.793311024431342,0.9527619232567673,0.9865338893634549,0.9920406181343121,0.9512949552376591,0.8963267962356501,0.8882195277674222,0.8724283974000976,0.8997728882560764,0.8437575754648721,0.8372094010589306,0.7449329633506072,0.6003899898419303,0.48135396947800135,0.46500105300144357,0.4240111038490232,0.8474500660626008
0.073,3.5801365806398686,0.798306566892959,0.9547894026295966,0.9872817309196318,0.9925308620996102,0.9533624388709803,0.8998185122331254,0.8919075034741344,0.8763528797943148,0.9031923818885824,0.8480433912514994,0.8416559675534085,0.7502792850422314,0.6061143753859562,0.4867125082118451,0.4702352920416679,0.428848107133341,0.8508723497578886
0.074,3.6202699414075283,0.803146056669022,0.9567151364185021,0.9879830387490355,0.9929877005089043,0.9553270374442531,0.903166738241019,0.8954468111613774,0.8801283750839667,0.9064706420205019,0.8521808942912366,0.8459492844393025,0.7554757420015465,0.6117177389890589,0.49198109049450367,0.47538552493573105,0.43361222938694466,0.8541758338302383
0.075,3.660206730612245,0.8078354657715852,0.9585450136557908,0.9886410439965498,0.9934136433401236,0.9571946616767596,0.9063784550059509,0.8988445387589105,0.8837616283786298,0.9096145311415902,0.856176307680656,0.8500957353245402,0.7605275858929822,0.6172034470498479,0.4971618047985422,0.4804536343648641,0.4383050823225494,0.8573659011803167
0.076,3.699948388925081,0.8123804979194618,0.9602845347424512,0.989258727952961,0.9938109929338029,0.9589708353704847,0.9094602515784784,0.9021073856237971,0.887259030888654,0.912630528852348,0.8600355476995021,0.8541013934397159,0.7654398500271993,0.6225747524048586,0.5022566787844378,0.48544144893207364,0.44292823026290873,0.8604476382225659
0.077,3.739496342973192,0.8167866020043475,0.9619388403286011,0.9898388435288661,0.9941818628840989,0.9606607238734407,0.9124183499651435,0.9052416863012028,0.8906266407869567,0.9155247557732253,0.8637642409947639,0.8579720385902225,0.7702173594726819,0.6278347984411226,0.5072676811544323,0.4903507448629286,0.4474831917305725,0.8634258538869721
0.078,3.778852005510535,0.8210589848583046,0.9635127378118008,0.9903839346838808,0.9945281950428685,0.9622691602265834,0.915258628098429,0.9082534327261124,0.8938702027429694,0.9183029958345449,0.8673677407177646,0.8617131731216193,0.7748647407006747,0.6329866230983672,0.5121967234840022,0.4951832476756529,0.4519714409978389,0.8663050972504093
0.079,3.8180167755860954,0.8252026233533142,0.9650107256676864,0.9908963540257434,0.9948517748430853,0.9638006691991009,0.9179866412430204,0.9111482949691079,0.8969951662143514,0.9209707170607662,0.8708511416789881,0.8653300369536469,0.7793864307779363,0.6380331627548312,0.5170456620240369,0.499940633815942,0.45639440959442956,0.8690896739054138
0.08,3.856992038709677,0.829222275863728,0.966437015806722,0.9913782787692555,0.9951542451233099,0.965259489397624,0.9206076419490167,0.9139316406234606,0.9000067025773166,0.9235330909551759,0.8742192945819682,0.8688276217362181,0.7837866861229608,0.6429772559927311,0.5218162994683078,0.5046245322530436,0.4607534877712094,0.8717836611653003
0.081,3.8957791670152853,0.8331224931221765,0.9677955541322792,0.991831725223421,0.9954371186135296,0.9666495936175282,0.9231265986552626,0.9166085529249497,0.9029097211716836,0.9259950105838772,0.8774768193941604,0.8722106841784527,0.7880695908420481,0.6478216472410336,0.5265103866820462,0.5092365260345466,0.46505002591890177,0.8743909221963153
0.082,3.934379519422151,0.8369076284989558,0.9690900394585403,0.9922585619562264,0.9957017892240173,0.9679747075888128,0.9255482130388898,0.9191838476901685,0.9057088843321578,0.9283611074511178,0.8806281179094014,0.8754837585994697,0.792239064662049,0.6525689902945582,0.5311296243884736,0.5137781537980821,0.46928533594125665,0.8769151191600263
0.083,3.972794441793435,0.8405818477341636,0.9703239409316795,0.9926605217699026,0.9959495422625414,0.9692383272548747,0.927876936200412,0.9216620891535952,0.908408621472905,0.9306357672515355,0.8836773855533069,0.8786511687472496,0.7962988704767502,0.6572218517094904,0.5356756648109893,0.5182509112387765,0.47346069258256374,0.8793597254422417
0.084,4.011025267092652,0.8441491381509567,0.9715005140842449,0.993039212604902,0.9961815636909818,0.9704437347097131,0.9301169837673919,0.9240476047784822,0.911013142288205,0.932823144578828,0.8866286224798535,0.8817170389294824,0.8002526215238515,0.6617827140762852,0.5401501132694324,0.5226562525317935,0.4775773347097305,0.8817280370384752
0.085,4.049073315537849,0.8476133173772944,0.972622815640481,0.9933961274779711,0.9963989485198861,0.97159401290755,0.9322723499937302,0.9263444991116158,0.913526449127901,0.9349271766646521,0.8894856440043841,0.8846853044979373,0.8041037882092674,0.6662539791716056,0.5445545297294117,0.526995591709736,0.4816364665494236,0.8840231831602043
0.086,4.086939894753577,0.8509780416024575,0.9736937171793625,0.9937326535483584,0.9966027084285124,0.9726920592484295,0.9343468209260614,0.9285566667472855,0.9159523486025082,0.9369515962162398,0.8922520904154343,0.8875597217255816,0.8078557045951911,0.670637970991517,0.5488904303041984,0.5312703039950117,0.48563925888098836,0.886248136120898
0.087,4.124626299920697,0.8542468133935063,0.9747159177522227,0.9940500803961863,0.9967937786882382,0.9737405981339339,0.9363439867035246,0.9306878044613333,0.9182944624691722,0.9388999434162378,0.8949314362050624,0.8903438771134211,0.8115115745679222,0.6749369386685531,0.5531592887090564,0.53548172708755,0.489586850186016,0.8884057205559823
0.088,4.16213381392405,0.8574229890957135,0.9756919555429574,0.9943496075881614,0.9969730244587074,0.9747421925786443,0.9382672530523339,0.9327414225719592,0.9205562378462476,0.9407755771436609,0.897526998754807,0.8930411961618683,0.8150744777010097,0.6791530592756104,0.5573625376682229,0.5396311624084693,0.4934803477555888,0.8904986220265022
0.089,4.199463707498026,0.8605097858398467,0.9766242186507443,0.9946323515979582,0.9971412465185835,0.975699254955277,0.9401198520320507,0.9347208555800248,0.922740956801012,0.9425816854705361,0.9000419465119758,0.8956549516393731,0.8185473748287075,0.6832884405198514,0.5615015702749998,0.5437198763004785,0.4973208287562887,0.8925293950522095
0.09,4.236617239370078,0.8635102881780667,0.9775149550679709,0.9948993521416564,0.9972991864861527,0.9766140569444675,0.9419048520862758,0.9366292721379038,0.9248517453520098,0.9443212954848267,0.9024793066886981,0.8981882713790662,0.8219331133442086,0.6873451233299745,0.5655777413056396,0.5477491011859267,0.5011093412561687,0.8945004706161273
0.091,4.273595656402199,0.8664274543690766,0.9783662819195191,0.9951515779824462,0.9974475315791602,0.9774887387538735,0.9436251674465854,0.9384696843924939,0.9268915819246726,0.9459972824865122,0.9048419725140335,0.9006441456322828,0.8252344322365254,0.6913250843403083,0.5695923684878684,0.5517200366835223,0.5048469052118965,0.8964141631792727
0.092,4.310400193730407,0.86926412233209,0.9791801940236375,0.9953899322533228,0.9975869189580806,0.9783253176655691,0.9452835669349321,0.940244956744783,0.9288633052962112,0.9476123786002694,0.9071327100674269,0.9030254340060512,0.8284539668793093,0.6952302382752604,0.5735467337250213,0.5556338506848219,0.5085345134183459,0.8982726772411336
0.093,4.347032074902267,0.8720230152881293,0.9799585718292877,0.9956152573416126,0.9977179396924208,0.9791256959655344,0.9468826822063928,0.9419578140653732,0.9307696220632936,0.9491691808450118,0.909354164719924,0.905334872009938,0.831594253584305,0.6990624402376684,0.577442084276861,0.5594916803916348,0.5121731324218979,0.9000781134786761
0.094,4.38349251201248,0.8747067471061635,0.9807031887800148,0.99582833937482,0.9978411423855784,0.9798916683043704,0.9484250154710596,0.9436108494025793,0.9326131136637181,0.9506701586976057,0.9115088672078071,0.9075750772360556,0.8346577339315585,0.7028234879045958,0.5812796338982351,0.5632946333155484,0.5157637033987305,0.9018324744940819
0.095,4.4197827058365755,0.8773178273706213,0.9814157181500139,0.9960299123434015,0.9979570364901486,0.9806249285341156,0.9499129467310081,0.945206531217129,0.9343962429811333,0.9521176611853496,0.913599239361671,0.9097485551945329,0.8376467588879154,0.7065151236340903,0.5850605639367676,0.567043788240778,0.5193071429993763,0.9035376701990435
0.096,4.455903845962733,0.8798586661858944,0.9820977393940964,0.996220661892606,0.9980660953423475,0.9813270760621999,0.9513487405656423,0.9467472101750811,0.9361213605598552,0.9535139235392844,0.9156275995124297,0.9118577048253415,0.8405635927247902,0.7101390364863613,0.5887860243908241,0.5707401961515626,0.5228043441607958,0.9051955228612831
0.097,4.4918571109217655,0.882331578732556,0.9827507440496693,0.9964012288124171,0.9981687589413462,0.9819996217600656,0.9527345524962645,0.9482351255283478,0.9377907104549696,0.9548610734380732,0.9175961675943127,0.913904823706043,0.843410416745637,0.713696864162775,0.5924571349290078,0.5743848811253437,0.5262561768872062,0.9068077718369749
0.098,4.527643668315301,0.8847387895891876,0.9833761412255779,0.9965722122518595,0.9982654364967455,0.9826439934608177,0.9540724349584719,0.9496724111101299,0.9394064357411734,0.9561611368700276,0.919507069963586,0.9158921129737853,0.8461893328330264,0.7171901948659788,0.5960749858724512,0.5779788411929211,0.529663489000881,0.9083760780109308
0.099,4.5632646749421735,0.8870824368329052,0.9839752627097017,0.9967341726814417,0.9983565087651358,0.9832615410773731,0.9553643429088918,0.951061100970649,0.9409705837021962,0.9574160436388713,0.9213623439504813,0.9178216819787033,0.8489023668247261,0.7206205690843926,0.5996406391411713,0.5815230491668022,0.5330271068640942,0.9099020279647408
0.1,4.598721276923077,0.8893645759309204,0.9845493677245074,0.9968876346252731,0.9984423301946385,0.983853541369954,0.9566121390908385,0.952403134676775,0.94248511072115,0.9586276325369837,0.923163942160671,0.9196955526847939,0.8515514717276865,0.7239894813041875,0.6031551291657404,0.5850184534389129,0.536347836073368,0.9113871378915256
0.101,4.634014609823484,0.8915871834347601,0.9850996473573193,0.9970330891823912,0.9985232308944971,0.984421202389384,0.9578175989817019,0.9537003622974939,0.9439518868907611,0.9597976562081658,0.9249137365415413,0.9215156638333117,0.8541385307783778,0.7272983816517969,0.6066194637655141,0.5884659787488296,0.5396264621271349,0.9128328572745521
0.102,4.669145798774885,0.8937521604880895,0.9856272286898434,0.9971709963550308,0.99859951844515,0.9849656676204643,0.9589824154432289,0.9549545490956252,0.9453727003611493,0.9609277857203967,0.9266135222275174,0.9232838748827763,0.8566653603574623,0.7305486774698868,0.6100346249946358,0.5918665269236525,0.5428637510678938,0.9142405723456768
0.103,4.704115958594347,0.8958613361584495,0.9861331786494608,0.997301787199944,0.9986714795627416,0.9854880198477274,0.9601082030943393,0.9561673799447711,0.946749261441616,0.9620196148675874,0.928265021177757,0.9250019697387868,0.8591337127663748,0.7337417348296148,0.6134015699570099,0.5952209775906203,0.5460604500999091,0.915611609338384
0.104,4.738926193902439,0.8979164706026121,0.9866185076029621,0.9974258658174183,0.9987393816307175,0.9859892847640576,0.961196502424716,0.9573404634891682,0.9480832064717917,0.9630746642179997,0.9298698856186612,0.9266716602860069,0.8615452788729621,0.7368788799818962,0.6167212315914103,0.5985301888635248,0.5492172881834557,0.9169472375491039
0.105,4.773577599239544,0.8999192580746976,0.9870841727117176,0.9975436111913255,0.9988034741099594,0.9864704343410157,0.9622487836661084,0.9584753360628803,0.9493761014764563,0.9640943849257461,0.9314297013028389,0.9282945897338991,0.8639016906329616,0.7399614007503015,0.6199945194278579,0.6017949980039614,0.5523349766065806,0.9182486722194856
0.106,4.8080712591805765,0.90187132978566,0.9875310810657447,0.9976553788923385,0.9988639898378532,0.9869323899782007,0.9632664504370931,0.9595734653836441,0.9506294456173862,0.9650801623206361,0.9329459905954091,0.9298723357870609,0.8662045234937248,0.7429905478680965,0.6232223203163709,0.6050162220584057,0.555414209535317,0.9195170772513817
0.107,4.842408248448145,0.9037742566222423,0.9879600926127367,0.997761502655386,0.9989211462257257,0.9873760254476033,0.9642508431759174,0.9606362540356239,0.951844674454683,0.9660333192905692,0.9344202153978188,0.9314064136503282,0.8684552986862399,0.7459675362618364,0.6264054991291536,0.6081946584720783,0.5584556645432449,0.9207535677654406
0.108,4.876589632024169,0.9056295517330367,0.9883720228968417,0.9978622958414379,0.9989751463632196,0.9878021696476512,0.9652032423750355,0.9616650427543568,0.9530231630292194,0.9669551194696866,0.9358537799187051,0.9328982788781819,0.870655485411191,0.7488935462838331,0.629544899437263,0.6113310856805296,0.5614600031212627,0.9219592125134289
0.109,4.910616465259985,0.9074386729888356,0.9887676456208138,0.9979580527928374,0.9990261800374016,0.9882116091804916,0.9661248716299907,0.9626611135262665,0.954166228777054,0.9678467702445783,0.9372480333007146,0.9343493300773891,0.8728065029244676,0.751769724895703,0.6326413441627476,0.6144262636798328,0.5644278711683933,0.9231350361536773
0.11,4.944489793984962,0.9092030253240411,0.98914769504409,0.9980490500906001,0.9990744246736932,0.9886050907650054,0.9670169005144194,0.9636256925142821,0.9552751342859601,0.968709425590001,0.9386042721116288,0.9357609114712627,0.8749097225272491,0.7545971868051247,0.6356956362072245,0.6174809345762429,0.5673598994644145,0.9242820213983771
0.111,4.978210654613654,0.910923962965512,0.9895128682283739,0.9981355477213764,0.9991200462050801,0.9889833234970833,0.9678804472921412,0.9645599528203239,0.9563510899035413,0.9695441887447702,0.9399237427076153,0.9371343153333992,0.8769664694655096,0.7573770155578297,0.6387085590578263,0.6204958231161541,0.5702567041250831,0.9254011110408421
0.112,5.011780074251497,0.9126027915548546,0.9898638271414101,0.998217790161121,0.9991631998754846,0.9893469809678092,0.9687165814765462,0.9654650170946906,0.9573952562057908,0.970352114737773,0.9412076434759267,0.938470784298268,0.8789780247435243,0.7601102645867724,0.6416808773714113,0.6234716371971404,0.5731188870406658,0.9264932098702825
0.113,5.045199070799104,0.9142407701698149,0.9902012006288153,0.9982960073819173,0.9992040309826644,0.9896967032493847,0.9695263262467886,0.9663419600017135,0.9584087463343706,0.9711342127733652,0.9424571269639154,0.9397715135555769,0.8809456268557075,0.7627979582203277,0.644613337537898,0.6264090683608465,0.5759470362984804,0.9275591864811067
0.114,5.078468653055142,0.9158391132501115,0.9905255862630824,0.9983704157878626,0.9992426755655319,0.9900330987578877,0.9703106607296567,0.9671918105504224,0.9593926282103572,0.9718914484847986,0.9436733019007977,0.9410376529349076,0.8828704734408832,0.7654410926512947,0.6475066682235533,0.6293087922684562,0.5787417265901135,0.9285998749832912
0.115,5.111589820817844,0.9173989924327332,0.9908375520781845,0.9984412190854324,0.9992792610403646,0.9903567460012724,0.971070522155382,0.9680155542983853,0.9603479266316948,0.9726247460637432,0.9448572351182052,0.9422703088867265,0.8847537228628585,0.7680406368683966,0.6503615808950325,0.6321714691594421,0.5815035196039462,0.9296160766199091
0.116,5.144563564985163,0.9189215383014422,0.9911376381975716,0.99850860909329,0.9993139067899882,0.9906681952203935,0.9718068078951018,0.9688141354363484,0.9612756252611364,0.9733349902734287,0.9460099533751838,0.9434705463654977,0.8865964957209691,0.7705975335518935,0.6531787703249274,0.6349977442942604,0.5842329644036001,0.9306085612974779
0.117,5.17739086765359,0.9204078420549552,0.9914263583627756,0.9985727664961055,0.9993467247096681,0.9909679699302578,0.9725203773871679,0.9695884587608042,0.9621766685110228,0.9740230283524363,0.9471324450929572,0.9446393906202859,0.8883998762940637,0.7731126999348545,0.6559589150795678,0.6377882483816444,0.5869305977928865,0.9315780690344317
0.118,5.210072702215657,0.9218589570980156,0.9917042013693014,0.9986338615465702,0.9993778197131215,0.9912565683681797,0.9732120539590209,0.9703393915411481,0.9630519633308398,0.9746896718157015,0.948225662004442,0.9457778288979067,0.8901649139212051,0.7755870286315582,0.6587026779897682,0.6405435979911038,0.5895969446678111,0.932525311332638
0.119,5.2426100334561525,0.9232759005593355,0.991971632415995,0.9986920547194615,0.9994072902017794,0.9915344648550257,0.9738826265509014,0.9710677652876554,0.9639023809031274,0.9753356981588656,0.9492905207231997,0.9468868120633844,0.8918926243221982,0.7780213884344345,0.6614107066052031,0.6432643959512234,0.5922325183561683,0.9334509724765739
0.12,5.275003817647058,0.9246596547401605,0.9922290943736236,0.9987474973212968,0.999435228500161,0.9918021110752886,0.9745328513472611,0.9717743774261047,0.9647287582529602,0.9759618524717079,0.9503279042362294,0.9479672561421884,0.8935839908608786,0.7804166250808833,0.6640836336330525,0.6459512317343259,0.5948378209452342,0.9343557107644506
0.121,5.307255002641233,0.9260111684969989,0.9924770089779908,0.9988003320588369,0.9994617212599843,0.9920599372813106,0.975163453321349,0.9724599928845045,0.9655318997758907,0.9765688489660209,0.9513386633247346,0.9490200437884584,0.8952399657539472,0.7827735619912585,0.6667220773615427,0.6486046818280389,0.59741334359804,0.9352401596753086
0.122,5.33936452796486,0.9273313585618614,0.9927157779525231,0.9988506935694422,0.999486849835421,0.9923083534266032,0.975775127698098,0.9731253455970265,0.9663125786889504,0.9771573724229471,0.9523236179167566,0.9500460256831793,0.8968614712279831,0.7850930009792343,0.6693266420689725,0.6512253100942852,0.5999595668586963,0.9361049289758362
0.123,5.371333324908692,0.9286211108031651,0.9929457840649141,0.998898708916042,0.9995106906317038,0.9925477502328499,0.9763685413400991,0.9737711399299297,0.9670715384090118,0.9777280795644693,0.9532835583753283,0.9510460218660295,0.8984494006271286,0.7873757229357243,0.6718979184187946,0.6538136681161879,0.602476960947202,0.9369506057704153
0.124,5.403162316618076,0.9298812814302889,0.9931673921220844,0.9989444980492708,0.9995333154291133,0.9927785001948609,0.9769443340611487,0.9743980520339536,0.9678094938625552,0.9782816003534519,0.9542192467255917,0.9520208230044162,0.9000046194738108,0.7896224884874651,0.6744364838413024,0.6563702955333678,0.6049659860441692,0.9377777554976817
0.125,5.434852418181818,0.931112698144597,0.993380949907416,0.9989881742391189,0.9995547916842072,0.9930009585274436,0.9775031198715654,0.9750067311273798,0.9685271327306361,0.9788185392263502,0.9551314178241156,0.9529711916030013,0.9015279664847364,0.7918340386313278,0.6769429029024372,0.6588957203660868,0.6074270925658672,0.9385869228766708
0.126,5.466404536719884,0.9323161612395915,0.9935867890639416,0.9990298444782694,0.9995751828100038,0.9932154640578804,0.978045488159206,0.9755978007136986,0.9692251166326175,0.9793394762624437,0.9560207804734628,0.9538978631568319,0.903020254544283,0.794011095345374,0.679417727660224,0.6613904593286688,0.60986072142997,0.9393786328054204
0.127,5.497819571469949,0.9334924446527137,0.9937852259269133,0.9990696098591229,0.9995945484366926,0.993422340067446,0.9785720048098621,0.9761718597375717,0.9699040822520156,0.9798449682932093,0.9568880184848755,0.9548015472510122,0.9044822716372934,0.7961543621776166,0.6818614980093085,0.6638550181326138,0.6122673043123761,0.9401533912147314
0.128,5.529098413872832,0.9346422969711758,0.9939765623089385,0.9991075659263622,0.9996129446543229,0.9936218950851607,0.9790832132704889,0.9767294836825543,0.9705646424076098,0.980335549955225,0.9577337916917861,0.9556829286096801,0.9059147817431836,0.7982645248134209,0.6842747420140598,0.6662898917798064,0.6146472638954585,0.9409116858796048
0.129,5.560241947656814,0.9357664423940689,0.9941610862406498,0.9991438030067658,0.9996304242388006,0.9938144236367592,0.9795796355585012,0.9772712256138284,0.9712073870727723,0.9808117346897818,0.9585587369166998,0.9565426680969027,0.9073185256931681,0.8003422516224177,0.6866579762306761,0.6686955648461959,0.6170010141080796,0.9416539871907222
0.13,5.5912510489208636,0.9368655816528837,0.9943390726696758,0.9991784065178532,0.9996470368624221,0.9940002069516477,0.9800617732201702,0.9777976171689979,0.9718328843458074,0.9812740156921904,0.9593634688938522,0.9573814036719472,0.9086942219923175,0.8023881941857756,0.6890117060187121,0.6710725117563102,0.6193289603576905,0.9423807488881951
0.131,5.622126586216798,0.9379403928924538,0.9945107841204883,0.9992114572568256,0.9996628292900781,0.994179513630439,0.9805301082409689,0.9783091694998128,0.9724416813739135,0.981722866813581,0.9601485811499072,0.9581997513012537,0.9100425676080759,0.8044029878046357,0.6913364258424369,0.6734211970489592,0.6216314997548287,0.943092408759657
0.132,5.652869420630373,0.9389915325142331,0.9946764713175317,0.9992430316711554,0.9996778455621678,0.9943526002754774,0.9809851039105375,0.978806374167515,0.973034305233238,0.9821587434178259,0.960914646844834,0.9589983058292982,0.9113642387267789,0.8063872519904761,0.6936326195624054,0.6757420756344525,0.623909021330308,0.9437893893046602
0.133,5.68348040586133,0.9400196359837105,0.9948363737738737,0.9992732021120804,0.9996921271651863,0.9945197120866068,0.9814272056447793,0.9792897039943369,0.9736112637673442,0.9825820831960578,0.9616622195749766,0.9597776418104208,0.9126598914796377,0.8083415909381375,0.6959007607176121,0.6780355930436595,0.6261619062453768,0.9444720983672076
0.134,5.713960388302426,0.9410253186036744,0.9949907203474735,0.9993020370721645,0.9997057131908746,0.9946810834242835,0.9818568417674409,0.979759613873532,0.9741730463862762,0.982993306941102,0.9623918341402239,0.9605383143035682,0.91393016263958,0.8102665939822131,0.6981413127985838,0.6803021856692084,0.6283905279951236,0.9451409297381512
0.135,5.7443102071174375,0.942009176254947,0.9951397297670196,0.9993296014080022,0.999718640484749,0.9948369383419986,0.9822744242533961,0.9802165415401768,0.974720124828283,0.9833928192840067,0.9631040072770747,0.9612808596318023,0.9151756702902676,0.8121628360374706,0.7003547295117513,0.6825422809991284,0.63059525260538,0.9457962637290686
0.136,5.774530694318182,0.9429717861061219,0.9952836111291627,0.9993559565490663,0.9997309437847678,0.994987491089845,0.9826803494357087,0.9806609083048473,0.9752529538861411,0.9837810093947227,0.9637992383592972,0.9620057961083179,0.916397014468543,0.8140308780239431,0.7025414550354232,0.6847562978432029,0.6327764388233716,0.9464384677191505
0.137,5.804622674840539,0.9439137072937646,0.9954225643688507,0.9993811606936264,0.9997426558508352,0.9951329465909426,0.9830749986784378,0.9810931197521542,0.9757719720999078,0.9841582516488623,0.9644780100677867,0.9627136247306205,0.9175947777814999,0.815871267277303,0.704701924267676,0.6869446465523152,0.6349344383023545,0.9470678966765285
0.138,5.8345869666195185,0.9448354815744506,0.9955567807043599,0.9994052689925977,0.999753807585789,0.9952735008923291,0.9834587390170225,0.9815135664060003,0.9762776024178301,0.9845249062623541,0.9651407890311395,0.9634048298444238,0.9187695259993056,0.8176845379450998,0.7068365630664568,0.6891077292310319,0.6370695957804573,0.9476848936553899
0.139,5.864424380663373,0.9457376339499534,0.9956864430585151,0.9994283337221201,0.9997644281484679,0.9954093415918132,0.9838319237679797,0.9819226243633185,0.9767702528270367,0.9848813198957033,0.9657880264383752,0.9640798797787437,0.9199218086248538,0.8194712113694211,0.7089457884821873,0.691245939943681,0.6391822492539525,0.9482897902701545
0.14,5.894135721126761,0.9466206732668206,0.995811726457493,0.9994504044456086,0.9997745450594141,0.9955406482421981,0.9841948931095471,0.9823206558979444,0.977250316955552,0.9852278262294673,0.9664201586251633,0.9647392274535852,0.9210521594412705,0.8212317964565088,0.7110300089831412,0.6933596649141548,0.6412727301451586,0.9488829071479038
0.141,5.923721785382993,0.94748509279152,0.9959327984085182,0.999471528165967,0.9997841842997223,0.9956675927341885,0.9845479746348048,0.9827080100361846,0.977718174647081,0.985564746512463,0.9670376076348394,0.9653833109615437,0.9221610970382444,0.822966790033842,0.7130896246738616,0.6954492827196661,0.6433413634651741,0.9494645543601936
0.142,5.953183364095372,0.9483313707622679,0.9960498192576724,0.999491749468604,0.999793370403508,0.9957903396592129,0.9848914838787234,0.9830850231055493,0.9781741925099351,0.9858923900841345,0.9676407817554227,0.966012554124571,0.9232491253181093,0.824676677195172,0.7151250275068655,0.697515164478675,0.6453884679716313,0.9500350318353059
0.143,5.982521241287614,0.9491599709186049,0.9961629425289656,0.9995111106558497,0.9998021265444363,0.995909046653317,0.9852257248205005,0.983452019258038,0.9786187244413938,0.9862110548724284,0.9682300760337854,0.9666273670270943,0.9243167339825566,0.8263619316339792,0.7171366014878842,0.699557674033195,0.6474143563216557,0.9505946297519459
0.144,6.011736194413408,0.9499713430097256,0.9962723152457427,0.9995296518733275,0.9998104746167171,0.9960238647232077,0.9855509903624721,0.9838093109692835,0.9790521121287226,0.9865210278684454,0.9688058727680617,0.967228146526606,0.9253643990008171,0.8280230159657915,0.719124722874864,0.7015771681256759,0.6494193352201982,0.9511436289153256
0.145,6.040828994425087,0.9507659232825191,0.9963780782354318,0.9995474112287971,0.9998184353109432,0.996134938555464,0.9858675627868068,0.9841571995147909,0.9794746855280059,0.9868225855790675,0.9693685419793294,0.9678152767427937,0.9263925830601105,0.829660382039802,0.7210897603709563,0.7035739965706596,0.6514037055639157,0.9516823011165225
0.146,6.0698004058414465,0.9515441349502287,0.9964803664185815,0.9995644249039511,0.9998260281851234,0.9962424068098656,0.9861757141911288,0.9844959754244353,0.9798867633218852,0.9871159944586892,0.969918441863537,0.9683891295262118,0.9274017359991187,0.8312744712401808,0.7230320753117071,0.7055485024213854,0.6533677625807526,0.952210909475959
0.147,6.098651186814712,0.9523063886425973,0.9965793090830701,0.9995807272596133,0.9998332717312334,0.9963464023977341,0.9864757069041462,0.9848259189163181,0.9802886533572358,0.9874015113211196,0.9704559192246072,0.9689500649074588,0.9283922952252097,0.8328657147774863,0.7249520218466522,0.7075010221315309,0.6553117959653822,0.9527297087717868
0.148,6.127382089196676,0.9530530828383177,0.9966750301443218,0.9995963509347551,0.9998401834375864,0.9964470527461209,0.9867677938823,0.9851473003110195,0.9806806530637614,0.9876793837326627,0.9709813098895896,0.9694984315277582,0.9293646861160989,0.8344345339705368,0.7268499471155135,0.7094318857122449,0.6572360900106493,0.9532389457539346
0.149,6.155993858604008,0.9537846042805691,0.9967676483923084,0.9996113269397208,0.9998467798473039,0.9965444800486349,0.9870522190883978,0.9854603804272319,0.9810630498544299,0.9879498503873252,0.9714949391067006,0.9700345670518091,0.9303193224066039,0.8359813405191132,0.7287261914191872,0.7113414168846511,0.6591409237351639,0.9537388594445233
0.15,6.184487234482758,0.9545013283763845,0.9968572777260717,0.9996256847440251,0.9998530766131452,0.9966388015036449,0.9873292178531368,0.9857654109596977,0.9814361215086271,0.9882131414650511,0.9719971219270331,0.9705587985637214,0.9312566065611197,0.8375065367678263,0.7305810883857027,0.713229933227961,0.6610265710071689,0.9542296814253127
0.151,6.212862950172058,0.955203619580553,0.9969440273764556,0.9996394523590602,0.9998590885489387,0.9967301295405541,0.9875990172203731,0.9860626348403309,0.9818001365388574,0.9884694789738315,0.9724881635706932,0.9710714429468064,0.9321769301324101,0.8390105159614838,0.7324149651313304,0.7150977463233599,0.6628933006648254,0.9547116361128232
0.152,6.2411217329670325,0.9558918317647314,0.9970280021176952,0.9996526564160297,0.9998648296778377,0.996818572034799,0.9878618362769485,0.9863522865833498,0.9821553545417758,0.9887190770764908,0.9729683597780683,0.9715728072479632,0.933080674107282,0.8404936624922695,0.7342281424169981,0.7169451618938019,0.6647413766330286,0.9551849410217153
0.153,6.269264304180947,0.9565663085724034,0.9971093024684721,0.9996653222394054,0.9998703132776118,0.9969042325121888,0.9881178864678379,0.9866345926152075,0.9825020265342969,0.9889621424029079,0.9734379971469067,0.9720631890273556,0.9339682092396879,0.8419563521390373,0.7360209348001854,0.7187724799398545,0.6665710580368799,0.9556498070170107
0.154,6.297291379206566,0.9572273837602979,0.9971880248830098,0.9996774739161801,0.999875551923164,0.9969872103431616,0.9883673718973438,0.9869097715900575,0.9828403952754854,0.9891988743483912,0.9738973534558469,0.9725428766940438,0.9348398963717711,0.8433989522990091,0.7377936507824451,0.7205799948717262,0.6683825993119302,0.9561064385556719
0.155,6.325203667576791,0.9578753815268434,0.9972642619327475,0.999689134361177,0.9998805575264601,0.9970676009275011,0.9886104896170193,0.9871780346914631,0.9831706955748956,0.9894294653588829,0.9743466979750077,0.9730121498282024,0.9356960867433491,0.8448218222121546,0.7395465929526994,0.7223679956376041,0.6701762503113011,0.9565550339180616
0.156,6.353001873024524,0.9585106168282139,0.997338102479098,0.9997003253786536,0.9998853413740321,0.997145495870028,0.9888474299009701,0.9874395859210082,0.9834931545879949,0.9896541012036376,0.9747862917642166,0.9734712794905205,0.9365371222903045,0.8462253131785192,0.7412800581264567,0.7241367658484223,0.6719522564097931,0.956995785429753
0.157,6.380686693541809,0.9591333956824919,0.9974096318377714,0.9997110677204272,0.9998899141622167,0.9972209831477459,0.9890783765091465,0.9876946223744446,0.9838079920992728,0.9898729612359809,0.9752163879594274,0.9739205285193568,0.9373633359323339,0.8476097687687532,0.7429943374810833,0.7258865838991848,0.6737108586050798,0.9574288796741496
0.158,6.408258821438263,0.9597440154624486,0.99747893193511,0.9997213811407315,0.999894286030273,0.9972941472688971,0.9893035069392067,0.9879433345059695,0.9841154207936039,0.990086218642724,0.9756372320478504,0.9743601518161892,0.938175051850484,0.8489755250280898,0.744689716687263,0.7276177230869453,0.6754522936160898,0.9578544976963448
0.159,6.435718943398782,0.9603427651774219,0.9975460814568603,0.9997312844480009,0.9998984665915146,0.9973650694243558,0.9895229926674994,0.9881859063811981,0.9844156465164078,0.9902940406827802,0.9760490621322904,0.9747903966198729,0.9389725857548848,0.8503229106740057,0.7463664760367701,0.7293304517255685,0.6771767939786645,0.9582728151986266
0.16,6.463067740540541,0.9609299257447461,0.9976111559897822,0.9997407955537666,0.9999024649625851,0.9974338276317619,0.9897369993796883,0.9884225159193674,0.9847088685231198,0.990496588915498,0.9764521091851696,0.9752115027702003,0.9397562451430711,0.8516522472877871,0.748024890566679,0.7310250332573633,0.6788845881385875,0.9586840027280189
0.161,6.490305888469319,0.9615057702511697,0.9976742281564692,0.9997499315188385,0.9999062897909912,0.9975004968727751,0.9899456871915092,0.9886533351252791,0.9849952797184589,0.990694019419201,0.9768465972926809,0.975623702961225,0.9405263295492665,0.8529638495002222,0.7496652301801268,0.7327017263616956,0.6805759005420693,0.9590882258562228
0.162,6.517434057335128,0.9620705642046733,0.9977353677437372,0.9997587085969314,0.9999099492810077,0.9975651492238096,0.9901492108601289,0.9888785303114612,0.9852750668859577,0.9908864830003988,0.9772327438895039,0.9760272229847957,0.9412831307849887,0.8542580251716223,0.7512877597637402,0.7343607850606801,0.6822509517237706,0.9594856453523074
0.163,6.5444529118871735,0.9626245657770871,0.9977946418249145,0.9997671422758891,0.9999134512180544,0.9976278539805851,0.9903477199865475,0.9890982623110074,0.9855484109081932,0.9910741253941068,0.9776107599844887,0.9764222819647228,0.942026933171315,0.8555350755663758,0.7528927393018396,0.7360024588220386,0.6839099583924466,0.9598764173484817
0.164,6.571363111528151,0.9631680260378811,0.9978521148763513,0.9997752473166474,0.9999168029916405,0.9976886777768156,0.9905413592094651,0.9893126866815243,0.9858154869781388,0.9912570874556939,0.9779808503776969,0.9768090925819783,0.9427580137631382,0.8567952955222221,0.7544804239875187,0.7376269926592185,0.6855531335142873,0.9602606934992594
0.165,6.598165310367894,0.9637011891794918,0.9979078488884432,0.9997830377900673,0.9999200116169683,0.9977476846973358,0.9907302683910104,0.9895219539006008,0.9860764648020314,0.991435505344652,0.9783432138691702,0.9771878612913144,0.9434766425657227,0.8580389736144323,0.7560510643307039,0.7392346272288588,0.6871806863940291,0.9606386211343138
0.166,6.624860157276369,0.9642242927345277,0.9979619034714541,0.9997905271117654,0.9999230837552776,0.9978049363859501,0.990914582794711,0.9897262095531876,0.9863315087941362,0.9916095107006647,0.9786980434597778,0.9775587885296635,0.9441830827438608,0.859266392315071,0.7576049062632931,0.7408255989256851,0.6887928227539091,0.9610103434053098
0.167,6.651448295936043,0.9647375677851818,0.9980143359564015,0.999797728075056,0.9999260257330089,0.9978604921482735,0.9910944332560607,0.9899255945112572,0.9865807782637649,0.9917792308123282,0.9790455265444781,0.9779220689166693,0.9448775908239149,0.8604778281475116,0.7591421912414578,0.7424001399749152,0.6903897448105314,0.9613759994269767
0.168,6.677930364893618,0.9652412391651661,0.998065201491256,0.9998046528821141,0.9999288435598602,0.9979144090498161,0.9912699463460286,0.990120245106098,0.9868244275948901,0.9919447887788654,0.9793858450983157,0.9782778914476806,0.9455604168890192,0.8616735518363643,0.7606631563452093,0.7439584785222513,0.6919716513497091,0.9617357244126796
0.169,6.704306997611148,0.9657355256544664,0.9981145531326923,0.9998113131734646,0.9999315429458028,0.9979667420095536,0.9914412445278298,0.9903102932935751,0.9870626064186826,0.9921063036651536,0.979719175855459,0.9786264396795225,0.9462318047677022,0.8628538284529768,0.7621680343753074,0.7455008387215364,0.6935387377993503,0.9620896498047329
0.17,6.7305788225165575,0.9662206401672045,0.998162441933616,0.9998177200558911,0.9999341293171218,0.9980175438892097,0.9916084463072665,0.9904958668126765,0.987295459779279,0.9922638906503705,0.9800456904815662,0.9789678919093477,0.946891992216182,0.8640189175566567,0.7636570539475992,0.7470274408201453,0.6950911963004454,0.9624379033996856
0.171,6.7567464630535365,0.9666967899328821,0.9982089170266774,0.999823884128856,0.9999366078315404,0.9980668655784631,0.9917716663769315,0.9906770893376451,0.9875231282930764,0.9924176611705471,0.9803655557397617,0.9793024213468564,0.9475412110945728,0.8651690733317604,0.7651304395848667,0.7485385012421776,0.6966292157762167,0.9627806094687957
0.172,6.78281053773087,0.9671641766712659,0.9982540257039733,0.9998298155095172,0.9999389833924823,0.9981147560762842,0.9919310157545487,0.9908540806239852,0.9877457483018319,0.9925677230553056,0.9806789336504833,0.9796301962801566,0.9481796875372327,0.866304544720789,0.7665884118062605,0.7500342326695233,0.698152981999487,0.963117888873909
0.173,6.808771660171165,0.9676229967611664,0.9982978134931256,0.9998355238564196,0.9999412606625271,0.9981612625685923,0.9920866019157182,0.9910269566486153,0.9879634520198374,0.9927141806590417,0.9809859816454554,0.979951380235529,0.9488076421174741,0.8674255755536227,0.7680311872143949,0.7515148441208639,0.6996626776583229,0.9634498591789324
0.174,6.834630439159001,0.9680734414033486,0.9983403242299181,0.999841018391939,0.9999434440761038,0.9982064305024136,0.9922385289213125,0.9911958297444274,0.9881763676754209,0.9928571349868014,0.9812868527160274,0.9802661321313453,0.9494252900068468,0.8685324046730258,0.7694589785801778,0.752980541028671,0.7011584824200049,0.9637766347571
0.175,6.860387478688524,0.9685156967778029,0.998381600127657,0.9998463079235449,0.9999455378514722,0.998250303656715,0.9923868975397642,0.9913608087294986,0.9883846196470201,0.9929966838150875,0.9815816955561096,0.9805746064263794,0.9500328411291948,0.8696252660565436,0.77087199492544,0.7544315253142617,0.7026405729933738,0.9640983268942025
0.176,6.88604337801047,0.9689499441955961,0.9984216818434204,0.9998514008639534,0.9999475460020306,0.9982929242100713,0.992531805364471,0.9915219990311912,0.9885883285940549,0.9931329218078229,0.981870654699923,0.9808769532627379,0.9506305003096832,0.8707043889349115,0.7722704416034373,0.7558679954609723,0.7041091231896085,0.9644150438879604
0.177,6.911598731678642,0.9693763602455113,0.998460608541346,0.999856305250227,0.9999494723469935,0.9983343328053259,0.9926733469265336,0.9916795028053641,0.9887876115828246,0.9932659406276833,0.9821538706547752,0.9811733186036291,0.9512184674189774,0.8717699979070919,0.7736545203772848,0.7572901465855014,0.705564303981474,0.9647268911436985
0.178,6.937054129595827,0.9697951169356775,0.9984984179531016,0.999861028761884,0.9999513205214745,0.9983745686113846,0.9928116138030314,0.9918334190509092,0.9889825822076344,0.9933958290430036,0.9824314800290636,0.9814638443661767,0.9517969375127563,0.8728223130520477,0.7750244294963883,0.7586981705074817,0.707006283561094,0.9650339712664797
0.179,6.962410157059207,0.9702063818303809,0.9985351464356754,0.9998655787380709,0.9999530939860106,0.9984136693822866,0.9929466947210311,0.9919838437198142,0.9891733507073546,0.9935226730304519,0.9827036156556932,0.9817486685494795,0.9523661009667268,0.8738615500373608,0.7763803637709326,0.7600922558173262,0.7084352273962851,0.9653363841498449
0.18,6.987667394805195,0.9706103181822407,0.9985708290266152,0.9998699621938489,0.9999547960355604,0.9984516715136781,0.9930786756575153,0.9921308698229467,0.9893600240776034,0.9936465558736557,0.9829704067110973,0.9820279253581031,0.9529261436073059,0.8748879202247968,0.7777225146444845,0.7614725879424067,0.7098512982855014,0.9656342270613034
0.181,7.012826419053791,0.9710070850599283,0.9986054994968375,0.9998741858356449,0.9999564298080071,0.9984886100968179,0.9932076399354046,0.9922745875317417,0.9895427061787333,0.9937675582579565,0.9832319788300313,0.9823017453211893,0.9534772468381261,0.8759016307729153,0.7790510702647669,0.7628393492116073,0.7112546564114266,0.9659275947247056
0.182,7.037887801552393,0.9713968374715931,0.9986391904011263,0.9998782560759113,0.9999579982921961,0.9985245189702283,0.993333668315847,0.9924150842759685,0.9897214978397975,0.9938857583614596,0.9834884542163103,0.9825702554073528,0.9540195877625154,0.8769028847368201,0.780366215552657,0.7641927189183022,0.7126454593932532,0.966216579399627
0.183,7.062852109619109,0.9717797264841633,0.9986719331264272,0.9998821790470395,0.9999595043355319,0.9985594307691059,0.9934568390869297,0.9925524448377449,0.9898964969586604,0.9940012319425396,0.983739951749648,0.9828335791355343,0.9545533393020964,0.8778918811651429,0.781668132269463,0.7655328733818039,0.7140238623376916,0.9665012709578891
0.184,7.0877199061855665,0.9721558993386705,0.998703757938045,0.9998859606145654,0.9999609506511639,0.9985933769725962,0.9935772281489698,0.992686751441957,0.9900677985984122,0.9941140524239526,0.9839865870887515,0.9830918366819665,0.9550786703116433,0.8788688151943461,0.7829569990825279,0.7668599860073255,0.7153900178887405,0.9667817569573307
0.185,7.1124917498392275,0.9725254995617494,0.9987346940238417,0.9998896063897078,0.9999623398247801,0.9986263879490348,0.9936949090965288,0.9928180838432359,0.9902354950802366,0.9942242909737008,0.9842284727708168,0.9833451449834062,0.9555957456903299,0.879833878140432,0.7842329916292107,0.7681742273444969,0.7167440762762585,0.9670581227129439
0.186,7.137168194865212,0.972888667073454,0.9987647695365297,0.9998931217412745,0.9999636743210361,0.9986584929992475,0.9938099532972893,0.9929465194096373,0.9903996760728785,0.994332016582787,0.9844657183075664,0.9835936178367765,0.9561047264894977,0.8807872575881399,0.7854962825792894,0.7694757651444795,0.71808618536337,0.9673304513654769
0.187,7.161749791287636,0.9732455382915283,0.9987940116341498,0.9998965118069695,0.9999649564896361,0.9986897203980022,0.9939224299679269,0.9930721332031617,0.9905604286788482,0.9944372961399921,0.9846984302779613,0.9838373659953594,0.9566057700170654,0.8817291374777092,0.7867470416958368,0.7707647644157181,0.7194164906927378,0.9675988239476155
0.188,7.186237084910485,0.9735962462322578,0.9988224465188179,0.9998997815041353,0.999966188571089,0.9987200974336983,0.9940324062471038,0.9931949980572468,0.9907178375174942,0.9945401945037985,0.9849267124177188,0.9840764972616717,0.9570990299386986,0.8826596981892872,0.7879854358946063,0.7720413874783664,0.7207351355317373,0.9678633194478283
0.189,7.210630617358008,0.9739409206080333,0.9988500994738212,0.9999029355399582,0.9999673727021555,0.9987496504463738,0.9941399472657045,0.9933151846513575,0.9908719848050705,0.9946407745715824,0.9851506657057529,0.9843111165771496,0.9575846563758544,0.8835791166250517,0.7892116293019753,0.7733057940174259,0.7220422609165604,0.9681240148719762
0.19,7.23493092611465,0.9742796879217418,0.9988769948991408,0.999905978421168,0.999968510921007,0.9987784048641085,0.9942451162144285,0.9934327615827947,0.9910229504319192,0.9947390973461869,0.985370388447663,0.984541326108768,0.958062796000808,0.8844875662891234,0.7904257833114862,0.7745581411346323,0.7233380056952823,0.9683809853027744
0.191,7.259138544564526,0.974612671558103,0.9989031563454726,0.9999089144632557,0.9999696051721088,0.9988063852378983,0.9943479744088494,0.9935477954358359,0.9911708120368833,0.9948352219999865,0.9855859763563752,0.9847672253327068,0.9585335921287664,0.8853852173653329,0.7916280566390232,0.775798583399125,0.724622506569919,0.9686343039571886
0.192,7.283254002030457,0.9749399918720616,0.9989286065468154,0.9999117477992372,0.9999706573108456,0.998833615275067,0.994448581352047,0.993660350848319,0.991315645079059,0.994929205936546,0.985797522630051,0.9849889111151793,0.9589971848071716,0.8862722367929111,0.7928186053766659,0.7770272728969321,0.7258958981375018,0.9688840422418502
0.193,7.30727782381254,0.9752617662743409,0.9989533674516924,0.9999144823879863,0.9999716691079046,0.9988601178712863,0.9945469947949095,0.993770490575771,0.9914575229069944,0.9950211048499739,0.9860051180273611,0.9852064777905297,0.9594537109022876,0.8871487883401653,0.7939975830452539,0.7782443592793066,0.7271583129302004,0.9691302698065646
0.194,7.331210531226296,0.9755781093142605,0.9989774602530684,0.9999171220221585,0.9999726422534262,0.9988859151412645,0.9946432707942041,0.9938782755531845,0.9915965168254334,0.995110972782065,0.9862088509402281,0.9854200172367001,0.9599033041831673,0.8880150326762033,0.7951651406457027,0.77944998980994,0.7284098814545175,0.9693730545959901
0.195,7.355052641640379,0.9758891327599156,0.9990009054170204,0.999919670335729,0.9999735783609389,0.998911028448165,0.994737463768505,0.9939837649545354,0.9917326961597028,0.9951988621773229,0.9864088074641293,0.9856296189481686,0.9603460954030851,0.888871127440764,0.7963214267091001,0.7806443094110901,0.7296507322295813,0.9696124628995558
0.196,7.378804668513855,0.9761949456758129,0.9990237227102197,0.9999221308111628,0.9999744789710888,0.9989354784318114,0.9948296265520679,0.9940870162501331,0.991866128317833,0.9952848239359486,0.9866050714660523,0.9858353701064506,0.9607822123785257,0.8897172273122131,0.7974665873456241,0.7818274607086462,0.7308809918245613,0.9698485593996878
0.197,7.4024671214330615,0.9764956544980514,0.999045931226279,0.9999245067862377,0.999975345555175,0.9989592850357338,0.9949198104467322,0.9941880852618911,0.9919968788505029,0.995368907464879,0.9867977246501913,0.9860373556482556,0.9612117800658072,0.890553484073759,0.7986007662923061,0.7829995840761655,0.7321007848952317,0.9700814072184091
0.198,7.4260405061480546,0.9767913631071377,0.9990675494110142,0.9999268014605376,0.9999761795185017,0.9989824675331092,0.995008065271933,0.9942870262166006,0.99212501150889,0.9954511607269523,0.9869868466214659,0.9862356583313848,0.9616349206354234,0.8913800466779412,0.7997241049596806,0.7841608176779062,0.7333102342197033,0.9703110679623722
0.199,7.449525324608641,0.9770821728985166,0.9990885950866695,0.9999290179016331,0.9999769822035582,0.999005044551642,0.9950944394128954,0.9943838917972873,0.9922505883005105,0.995531630288278,0.9871725149469436,0.9864303587984536,0.9620517535441774,0.892197061309444,0.8008367424773436,0.7853112975108826,0.734509460733349,0.9705376017663899
0.2,7.472922075,0.9773681828508994,0.999109085475154,0.9999311590509654,0.9999777548930342,0.9990270340974362,0.9951789798670886,0.9944787331927261,0.9923736695431239,0.9956103613638825,0.9873548052152438,0.9866215356385191,0.9624623956051824,0.8930046714462863,0.801938815738455,0.7864511574459709,0.7356985835629433,0.9707610673355147
0.201,7.496231251777917,0.9776494895924648,0.9991290372203309,0.9999332277294483,0.9999784988126812,0.9990484535778995,0.9952617322890034,0.994571600145189,0.992494313916777,0.9956873978616999,0.9875337910939954,0.9868092654466887,0.9628669610558023,0.8938030179194337,0.8030304594432118,0.7875805292680912,0.7368777200600367,0.9709815219857264
0.202,7.519453345703611,0.9779261874650075,0.999148466409403,0.999935226642804,0.9999792151340272,0.9990693198237248,0.9953427410333255,0.9946625409964933,0.9926125785140588,0.9957627824249734,0.9877095443854207,0.9869936228817835,0.9632655616235971,0.894592238970881,0.8041118061413185,0.7886995427154853,0.7380469858335859,0.971199021683276
0.203,7.542588843878185,0.9781983685861069,0.9991673885934342,0.9999371583866451,0.9999799049769543,0.9990896491099878,0.995422049196564,0.9947516027324186,0.9927285188886346,0.9958365564731303,0.9878821350801111,0.9871746807221276,0.9636583065903418,0.8953724703102487,0.8051829862734834,0.789808325518121,0.7392064947818597,0.9714136210827424
0.204,7.565638229776674,0.9784661229093812,0.9991858188070432,0.9999390254513156,0.9999805694121437,0.9991094571764005,0.9954996986571972,0.994838831025555,0.9928421891021225,0.9959087602411928,0.988051631409064,0.9873525099195303,0.964045302854182,0.8961438451699405,0.8062441282119696,0.7909070034352399,0.7403563591236393,0.9716253735638417
0.205,7.588601983281732,0.9787295382828961,0.9992037715873083,0.9999408302265044,0.999981209463399,0.9991287592467573,0.9955757301143955,0.9949242702766458,0.992953641769378,0.9959794328177796,0.9882180998940386,0.9875271796515267,0.9644266549899846,0.8969064943588981,0.8072953583002169,0.7919957002920742,0.7414966894287303,0.9718343312670407
0.206,7.6114805807169335,0.9789887005057892,0.9992212609919154,0.9999425750056402,0.9999818261098503,0.9991475700476065,0.9956501831253732,0.9950079636544789,0.9930629281022432,0.9960486121817558,0.988381605396295,0.9876987573719397,0.9648024653079476,0.897660546315001,0.8083368008915716,0.7930745380157534,0.7426275946478085,0.9720405451280194
0.207,7.634274494879703,0.9792436933831717,0.9992383006165829,0.9999442619900826,0.9999824202880501,0.9991659038261845,0.995723096141428,0.9950899531343889,0.9931700979518211,0.9961163352375837,0.9885422111637719,0.9878673088598219,0.96517283391052,0.8984061271561438,0.809368578387137,0.7941436366704209,0.7437491821416116,0.9722440649110186
0.208,7.656984195073891,0.9794945987793666,0.9992549036117951,0.9999458932931155,0.9999829928939614,0.9991837743676412,0.995794506542713,0.9951702795354175,0.9932751998493276,0.9961826378494235,0.9886999788767599,0.9880328982668372,0.9655378587476916,0.8991433607300352,0.8103908112727751,0.7952031144915819,0.7448615577094969,0.9724449392411223
0.209,7.679610147141978,0.9797414966695384,0.999271082698873,0.9999474709437555,0.9999835447848493,0.9992011950115877,0.995864450671796,0.995248982556188,0.9933782810455755,0.9962475548740347,0.988854968692122,0.9881955881631349,0.9658976356707015,0.8998723686627508,0.8114036181552768,0.7962530879197033,0.7459648256173825,0.9726432156355036
0.21,7.702152813496932,0.9799844651897699,0.9992868501854122,0.9999489968903834,0.999984076781076,0.999218178667997,0.995932963866049,0.9953261008095405,0.9934793875491406,0.9963111201925229,0.9890072392861154,0.9883554395817731,0.966252258484219,0.9005932704060778,0.812407115797726,0.7972936716330797,0.7470590886250827,0.9728389405336815
0.211,7.724612653153704,0.980223580685638,0.9993022179801133,0.9999504730042079,0.9999845896678093,0.999234737832483,0.9960000804889133,0.9954016718559762,0.9935785641632592,0.9963733667409779,0.9891568478958613,0.9885125120617377,0.9666018189970437,0.9013061832836868,0.8134014191540772,0.7983249785799931,0.7481444480130596,0.9730321593268165
0.212,7.74699012176039,0.9804589177593385,0.9993171976070326,0.999951901082569,0.9999850841966446,0.9992508846009848,0.9960658339600851,0.995475732235955,0.9936758545215021,0.9964343265400444,0.9893038503595103,0.9886668636896112,0.9669464070713741,0.9020112225361602,0.8143866414029648,0.7993471200101727,0.749221003608601,0.9732229163860844
0.213,7.769285671629041,0.9806905493154078,0.999331800219276,0.9999532828520903,0.9999855610871479,0.9992666306838824,0.9961302567846606,0.9955483175010915,0.9937713011222714,0.9964940307234668,0.9894483011551507,0.988818551139935,0.9672861106706887,0.9027085013649149,0.8153628939807693,0.8003602055055843,0.7502888538114416,0.9734112550901584
0.214,7.791499751766139,0.9809185466050903,0.9993460366121611,0.9999546199716866,0.9999860210283231,0.9992819874195675,0.9961933805812813,0.9956194622442882,0.9938649453621626,0.9965525095656474,0.9895902534385026,0.9889676297143117,0.9676210159062836,0.9033981309750462,0.816330286613953,0.8013643430105561,0.7513480956188394,0.9735972178518322
0.215,7.813632807902734,0.9811429792693934,0.9993599172358683,0.9999559140354338,0.999986464680008,0.9992969657874898,0.9962552361093161,0.9956892001288485,0.9939568275682332,0.9966097925082552,0.9897297590794382,0.9891141533792931,0.9679512070825109,0.9040802206171252,0.8172889273506894,0.8023596388612649,0.7523988246501245,0.9737808461438153
0.216,7.835685282524271,0.9813639153808763,0.9993734522076044,0.9999571665753096,0.9999868926742002,0.9993115764207053,0.996315853295119,0.9957575639166055,0.9940469870292167,0.996665908185921,0.9898668686973721,0.9892581748030911,0.9682767667407562,0.9047548776279791,0.8182389225918009,0.8033461978145932,0.753441135170729,0.9739621805237303
0.217,7.857657614900059,0.9815814214842119,0.9993866513232975,0.9999583790638079,0.9999873056163211,0.999325829617943,0.9963752612573928,0.9958245854951041,0.9941354620257212,0.9967208844510537,0.9900016316955573,0.9893997453911577,0.9685977757021966,0.9054222074704807,0.8191803771210239,0.8043241230763764,0.7544751201157154,0.9741412606583352
0.218,7.879550241112454,0.9817955626355634,0.9993995240688435,0.9999595529164362,0.9999877040864174,0.9993397353552127,0.9964334883316973,0.9958902959038723,0.994222289859449,0.9967747483978108,0.9901340962943272,0.989538915320669,0.9689143131093759,0.9060823137723781,0.8201133941346184,0.8052935163290528,0.7555008711128113,0.9743181253470065
0.219,7.901363594085696,0.9820064024408144,0.9994120796309219,0.9999606894941009,0.9999880886403036,0.9993533032969713,0.9964905620941297,0.9959547253598139,0.9943075068814707,0.9968275263852546,0.990264309563317,0.9896757335739517,0.9692264564666359,0.9067352983641884,0.8210380752703367,0.8062544777587345,0.7565184785049683,0.9744928125444986
0.22,7.923098103614458,0.9822140030926886,0.9994243269074012,0.9999617901053837,0.9999884598106521,0.9993665428068677,0.9965465093842097,0.9960179032817551,0.9943911485195901,0.9968792440597245,0.9903923174527013,0.9898102479708887,0.9695342816794358,0.9073812613161812,0.821954520635771,0.8072071060817079,0.757528031372451,0.9746653593830171
0.221,7.944754196392061,0.9824184254067961,0.9994362745173476,0.999962856008718,0.999988818108028,0.9993794629580808,0.9966013563270001,0.9960798583141779,0.9944732493048295,0.9969299263764543,0.9905181648234804,0.989942505200338,0.9698378630925988,0.9080203009744795,0.8228628288360914,0.8081514985703829,0.7585296175544705,0.9748358021936137
0.222,7.966332296038415,0.9826197288566414,0.9994479308106555,0.9999638884144672,0.9999891640218764,0.9993920725432704,0.9966551283544869,0.9961406183501679,0.994553842897069,0.9969795976204633,0.9906418954768477,0.9900725508505983,0.9701372735275136,0.9086525139962991,0.8237630970011922,0.8090877510787018,0.7595233236703753,0.9750041765269439
0.223,7.987832823127621,0.9828179716076244,0.9994593038773146,0.9999648884869096,0.9999894980214624,0.9994043800841544,0.9967078502262511,0.9962002105536052,0.9946329621098683,0.9970282814267474,0.9907635521826681,0.9902004294389531,0.9704325843183271,0.9092779953843515,0.8246554208122598,0.8100159580670214,0.7605092351404059,0.9751705171733939
0.224,8.009256195215311,0.9830132105500698,0.9994704015563295,0.9999658573461377,0.999989820556765,0.9994163938407286,0.9967595460494547,0.9962586613806285,0.9947106389344993,0.9970760007997955,0.9908831767071001,0.990326184440325,0.9707238653471573,0.9098968385204331,0.8255398945277781,0.8109362126264799,0.7614874362060273,0.9753348581826079
0.225,8.030602826865671,0.9832055013313131,0.999481231444303,0.9999667960698709,0.9999901320593305,0.9994281218201433,0.996810239298167,0.9963159966003943,0.9947869045632195,0.9971227781324573,0.991000809839386,0.9904498583150696,0.9710111850783556,0.910509135198223,0.8264166110089814,0.8118486065028638,0.7624580099498476,0.9754972328824315
0.226,8.051873129678189,0.9833948983868752,0.9994918009037013,0.9999677056951902,0.9999904329430845,0.999439571785251,0.9968599528320551,0.9963722413151616,0.9948617894118096,0.9971686352241848,0.991116491417842,0.9905714925359367,0.9712946105918496,0.9111149756553085,0.8272856617447765,0.8127532301199845,0.7634210383151343,0.975657673897295
0.227,8.073067512314099,0.9835814549707531,0.9995021170708098,0.9999685872201952,0.9999907236051059,0.9994507512628378,0.9969087089144619,0.9964274199797217,0.9949353231414036,0.9972135932986709,0.9912302603550721,0.9906911276142291,0.9715742076155912,0.9117144486044632,0.8281471368761348,0.8136501726025754,0.7643766021249365,0.9758162131660485
0.228,8.094186380522565,0.983765223184856,0.9995121868633942,0.99996944160559,0.9999910044263642,0.9994616675515515,0.9969565292298932,0.9964815564202004,0.9950075346796342,0.9972576730209076,0.9913421546624329,0.9908088031251822,0.97185004055714,0.9123076412641923,0.8290011252199796,0.8145395217987246,0.7653247811008217,0.9759728819592767
0.229,8.115230137166566,0.9839462540076129,0.9995220169880783,0.9999702697761982,0.9999912757724233,0.9994723277295386,0.9970034349009353,0.9965346738522515,0.9950784522411185,0.9973008945136835,0.991452211473773,0.9909245577325927,0.9721221725344048,0.912894639388571,0.8298477142925731,0.8154213643018496,0.7662656538812402,0.9761277108961018
0.23,8.136199182248522,0.9841245973217778,0.9995316139474497,0.9999710726224137,0.9999915379941113,0.9994827386618016,0.9970494465046242,0.9965867948986663,0.9951481033473047,0.997343277373542,0.991560467068472,0.9910384292127201,0.9723906654055724,0.9134755272963884,0.830686990332417,0.8162957854722296,0.7671992980395204,0.976280729960498
0.231,8.157093912935617,0.9843003019414572,0.9995409840469048,0.9999718510015871,0.99999179142816,0.999492907007288,0.9970945840882842,0.9966379416064184,0.9952165148457057,0.9973848406862182,0.9916669568938008,0.9911504544774851,0.9726555797982427,0.9140503878996201,0.8315190383226803,0.8171628694581009,0.7681257901015072,0.9764319685171307
0.232,8.177914723584905,0.9844734156383863,0.9995501334012422,0.9999726057393526,0.9999920363978139,0.9995028392257213,0.9971388671848573,0.9966881354631629,0.9952837129285349,0.9974256030415757,0.9917717155866264,0.9912606695969864,0.9729169751377993,0.9146193027312455,0.8323439420131638,0.81802269921633,0.7690452055628533,0.9765814553267343
0.233,8.1986620057681,0.9846439851674735,0.9995590679410162,0.9999733376308982,0.9999922732134121,0.9995125415841846,0.9971823148277388,0.9967373974132108,0.9953497231507701,0.9974655825480577,0.9918747769944819,0.9913691098213615,0.9731749096750334,0.9151823519724251,0.833161783941812,0.8188753565326706,0.7699576189059654,0.9767292185610509
0.234,8.219336148296122,0.9848120562916399,0.9995677934186586,0.9999740474421804,0.9999925021729427,0.9995220201634659,0.9972249455651389,0.9967857478729963,0.9954145704476615,0.9975047968466725,0.9919761741960227,0.9914758096020088,0.9734294405130464,0.9157396144790595,0.8339726454557851,0.8197209220416182,0.7708631036166207,0.9768752858173352
0.235,8.239937537243401,0.9849776738059726,0.9995763154143786,0.999974735911087,0.9999927235625716,0.9995312808641756,0.9972667774739853,0.9968332067460549,0.9954782791517037,0.9975432631245286,0.992075939520888,0.9915808026121944,0.9736806236334505,0.9162911678077401,0.8347766067321005,0.820559475245866,0.7717617322002562,0.9770196841324468
0.236,8.260466555971897,0.9851408815612137,0.999584639341849,0.9999754037485512,0.9999929376571478,0.999540329412643,0.9973078281733843,0.9968797934375281,0.9955408730090904,0.9975809981279352,0.9921741045689882,0.9916841217670624,0.973928513921889,0.9168370882411127,0.8355737467978519,0.8213910945353783,0.7726535761979402,0.9771624399965396
0.237,8.280923585154879,0.9853017224866077,0.999592770453688,0.9999760516396168,0.9999931447206848,0.9995491713666033,0.9973481148376536,0.9969255268682137,0.9956023751956681,0.9976180181750852,0.9922707002292347,0.9917857992430679,0.9741731651928944,0.9173774508126662,0.8363641435500221,0.8222158572060841,0.7735387062020332,0.9773035793663625
0.238,8.301309002800467,0.985460238612122,0.9996007138467431,0.999976680244459,0.9999933450068204,0.9995578121206803,0.9973876542089454,0.9969704254881746,0.9956628083324058,0.9976543391683315,0.9923657566977315,0.9918858664968511,0.9744146302141069,0.9179123293309617,0.8371478737748903,0.8230338394782017,0.7744171918715455,0.9774431276781832
0.239,8.321623184274898,0.9856164710900648,0.9996084744671865,0.9999772901993615,0.9999935387592561,0.9995662569116753,0.9974264626094695,0.9970145072899241,0.9957221945003987,0.9976899766060758,0.9924593034954453,0.9919843542835707,0.9746529607298676,0.9184417964033171,0.8379250131670519,0.8238451165142059,0.7752891019471979,0.9775811098603502
0.24,8.341866502325582,0.9857704602161151,0.9996160571154283,0.9999778821176535,0.9999937262121762,0.9995745108236678,0.9974645559533349,0.9970577898211993,0.9957805552554179,0.9977249455942793,0.9925513694853706,0.9920812926747138,0.9748882074842085,0.9189659234589613,0.8386956363480531,0.8246497624364394,0.7761545042661921,0.9777175503454985
0.241,8.362039327103886,0.985922245449785,0.9996234664508543,0.9999784565906048,0.9999939075906473,0.9995825787929358,0.9975019497580193,0.9971002901973388,0.9958379116420248,0.9977592608576104,0.992641982889205,0.9921767110753981,0.9751204202432529,0.9194847807716704,0.8394598168846548,0.8254478503443832,0.7770134657766992,0.9778524730824185
0.242,8.382142026187719,0.9860718654343288,0.9996307069963961,0.9999790141882866,0.9999940831110015,0.9995904656127033,0.9975386591554811,0.9971420251132782,0.9958942842072627,0.9977929367502418,0.9927311713035524,0.9922706382411831,0.975349647817047,0.9199984374818998,0.840217627306729,0.8262394523315889,0.7778660525520681,0.9779859015475897
0.243,8.402174964603816,0.9862193580161185,0.9996377831429397,0.9999795554603934,0.9999942529812007,0.9995981759377202,0.9975746989029264,0.9971830108551754,0.995949693013939,0.9978259872663092,0.9928189617156663,0.9923631022944067,0.9755759380808359,0.920506961618426,0.8409691391248021,0.8270246395022832,0.7787123298047681,0.9781178587563993
0.244,8.422138504849885,0.9863647602634993,0.9996446991535778,0.9999800809370318,0.999994417401186,0.9996057142886834,0.9976100833932415,0.9972232633116777,0.9960041576535142,0.9978584260500416,0.9929053805187494,0.9924541307400591,0.9757993379958005,0.9210104201195086,0.8417144228472466,0.8278034819876501,0.779552361900061,0.9782483672740463
0.245,8.442033006916425,0.9865081084851424,0.9996514591677129,0.9999805911294775,0.9999945765632104,0.9996130850565015,0.9976448266651041,0.9972627979848463,0.9960576972586068,0.9978902664055777,0.9929904535268228,0.9925437504812124,0.976019893629273,0.9215088788535863,0.8424535479971359,0.8285760489618005,0.7803862123694201,0.9783774492261489
0.246,8.4618588283084,0.9866494382479083,0.9996580672050172,0.9999810865308981,0.9999947306521574,0.9996202925064128,0.9976789424127819,0.9973016300007441,0.99611033051513,0.9979215213064759,0.9930742059891782,0.9926319878340166,0.9762376501744414,0.9220024026395166,0.843186583128764,0.8293424086574326,0.7812139439236907,0.9785051263090591
0.247,8.481616324066627,0.9867887843942367,0.999664527169253,0.9999815676170498,0.9999948798458451,0.9996273407819594,0.9977124439956307,0.9973397741197043,0.99616207567407,0.9979522034049304,0.9931566626044259,0.9927188685422772,0.976452651969562,0.9224910552663742,0.8439135958438441,0.8301026283811945,0.7820356184660086,0.9786314197998969
0.248,8.501305846788991,0.9869261810590761,0.9996708428519606,0.9999820348469415,0.9999950243153177,0.9996342339088243,0.9977453444473032,0.997377244746285,0.9962129505629193,0.9979823250407022,0.9932378475341521,0.9928044177916262,0.9766649425166903,0.9229748995128146,0.844634652807384,0.8308567745287502,0.7828512971044713,0.9787563505663107
0.249,8.5209277466514,0.9870616616863679,0.9996770179360179,0.9999824886634746,0.9999951642251229,0.9996409757985367,0.9977776564846745,0.9974140559389241,0.9962629725967742,0.9980118982497755,0.9933177844161956,0.9928886602233006,0.976874564499946,0.9234539971660176,0.8453498197632585,0.8316049125995615,0.7836610401645768,0.9788799390759729
0.25,8.540482371428572,0.9871952590450946,0.9996830559990768,0.9999829294940551,0.9999952997335778,0.9996475702520482,0.9978093925164976,0.997450221419303,0.9963121587891092,0.9980409347727487,0.9933964963775579,0.9929716199475388,0.9770815598033238,0.9239284090402188,0.846059161549472,0.8323471072113866,0.7844649072014291,0.9790022054058207
0.251,8.559970066514545,0.9873270052449113,0.9996889605168807,0.9999833577511805,0.9999954309930233,0.9996540209631888,0.9978405646517966,0.9974857545814284,0.9963605257622372,0.9980694460629679,0.9934740060469563,0.9930533205566079,0.9772859695280631,0.9243981949948404,0.8467627421131297,0.8330834221145051,0.7852629570117169,0.9791231692510457
0.252,8.579391174943053,0.987456931751365,0.999694734866468,0.9999837738330041,0.9999955581500674,0.9996603315220026,0.9978711847080053,0.9975206685004425,0.9964080897574673,0.998097443294413,0.9935503355670318,0.9931337851374717,0.9774878340095898,0.9248634139522304,0.8474606245251157,0.833813920205675,0.7860552476454711,0.9792428499338461
0.253,8.598746037407617,0.9875850694007199,0.9997003823292653,0.9999841781238749,0.9999956813458167,0.9996665054179715,0.9979012642188615,0.9975549759411694,0.9964548666449675,0.9981249373693437,0.9936255066062215,0.9932130362841135,0.9776871928340398,0.9253241239150212,0.8481528709944898,0.8345386635418247,0.7868418364176064,0.979361266411942
0.254,8.6180349922815,0.9877114484143972,0.9997059060940754,0.9999845709948565,0.9999958007161005,0.9996725460431286,0.9979308144420632,0.9975886893664073,0.9965008719333439,0.998151938925714,0.9936995403703067,0.9932910961095189,0.9778840848543783,0.9257803819831144,0.8488395428826059,0.8352577133534905,0.7876227799192501,0.979478437286866
0.255,8.637258375637392,0.9878360984130402,0.9997113092599624,0.9999849528042248,0.9999959163916822,0.9996784566950663,0.9979598463666968,0.9976218209449756,0.9965461207789449,0.9981784583443617,0.9937724576136463,0.9933679862573354,0.9780785482061243,0.926232244370305,0.8495207007169614,0.8359711300580009,0.7883981340288635,0.9795943808120346
0.256,8.65641652126697,0.9879590484302182,0.9997165948390396,0.9999853238979458,0.9999960284984631,0.9996842405798426,0.9979883707204416,0.9976543825595217,0.9965906279948973,0.9982045057559829,0.9938442786501035,0.9934437279132119,0.9782706203226916,0.9266797664205487,0.8501964042047797,0.8366789732724152,0.7891679539231597,0.979709114900604
0.257,8.675509760700168,0.9880803269257756,0.9997217657591617,0.9999856846101336,0.9999961371576782,0.9996899008147906,0.9980163979765623,0.9976863858140991,0.996634408059886,0.9982300910478953,0.993915023363678,0.9935183418158341,0.9784603379503577,0.9271230026238854,0.8508667122463357,0.8373813018262214,0.7899322940878251,0.9798226571331229
0.258,8.694538423224351,0.9881999617988405,0.9997268248665271,0.9999860352634911,0.9999962424860815,0.9996954404312322,0.9980439383606918,0.997717842041522,0.9966774751266827,0.9982552238706002,0.993984711218849,0.9935918482676599,0.9786477371628683,0.9275620066320244,0.8515316829480257,0.838078173773798,0.7906912083280421,0.9799350247649823
0.259,8.713502835903206,0.9883179804004997,0.9997317749281915,0.9999863761697317,0.9999963445961253,0.9997008623771022,0.9980710018574147,0.997748762310505,0.9967198430304318,0.9982799136441471,0.9940533612706417,0.9936642671453659,0.9788328533756913,0.9279968312736018,0.8521913736351924,0.8387696464066468,0.7914447497788268,0.9800462347336718
0.26,8.732403323595507,0.9884344095461501,0.999736618634498,0.9999867076299864,0.9999964435961307,0.9997061695194841,0.9980975982166558,0.9977791574325922,0.9967615252967033,0.9983041695643111,0.9941209921744206,0.9937356179100145,0.9790157213599244,0.9284275285691148,0.8528458408647044,0.8394557762653969,0.7921929709151756,0.9801563036658464
0.261,8.75124020897364,0.9885492755275376,0.9997413586014243,0.9999870299351918,0.9999965395904515,0.9997113646470622,0.9981237369598817,0.9978090379688863,0.9968025351493167,0.9983280006085842,0.9941876221954232,0.9938059196169482,0.9791963752558723,0.9288541497455445,0.8534951404373022,0.840136619151592,0.7929359235620328,0.9802652478842108
0.262,8.770013812541995,0.9886626041244886,0.9997459973728524,0.9999873433664653,0.9999966326796309,0.9997164504724918,0.9981494273861189,0.9978384142365813,0.9968428855179461,0.9983514155419914,0.994253269218037,0.9938751909254193,0.9793748485862954,0.9292767452506707,0.8541393274097083,0.8408122301392569,0.793673658904077,0.9803730834142266
0.263,8.788724452655114,0.9887744206163477,0.999750537422763,0.9999876481954642,0.9999967229605511,0.9997214296346912,0.9981746785777984,0.9978672963153056,0.9968825890455106,0.9983744229227344,0.9943179507548306,0.9939434501079649,0.9795511742693442,0.92969536476709,0.8547784561065142,0.8414826635862565,0.7944062274953357,0.9804798259906461
0.264,8.807372445535714,0.9888847497931249,0.9997549811573555,0.9999879446847307,0.9999968105265777,0.9997263047010582,0.9981994994064273,0.9978956940532823,0.9969216580953587,0.9983970311076688,0.9943816839553448,0.994010715059532,0.9797253846311856,0.9301100572259411,0.8554125801318423,0.8421479731454449,0.7951336792686253,0.9805854910638788
0.265,8.825958105292479,0.9889936159663641,0.9997593309170995,0.9999882330880241,0.9999968954676971,0.9997310781696136,0.9982238985380978,0.9979236170733122,0.9969601047582524,0.9984192482576215,0.9944444856146502,0.9940770033063612,0.9798975114183291,0.9305208708203452,0.8560417523807934,0.8428082117756128,0.795856063544827,0.9806900938061954
0.266,8.84448174393771,0.9891010429797388,0.9997635889787169,0.9999885136506392,0.9999969778706481,0.9997357524710747,0.9982478844388352,0.9979510747785844,0.9969979408591562,0.9984410823425521,0.9945063721816804,0.9941423320146372,0.9800675858096612,0.9309278530185688,0.8566660250506787,0.843463431752236,0.7965734290419946,0.980793649117774
0.267,8.862943671404775,0.9892070542193833,0.9997677575571,0.9999887866097126,0.9999970578190491,0.9997403299708605,0.9982714653797918,0.9979780763583207,0.9970351779638387,0.9984625411465637,0.9945673597673446,0.9942067179989109,0.9802356384281972,0.9313310505769165,0.8572854496520461,0.8441136846780303,0.7972858238843064,0.9808961716325927
0.268,8.881344195565411,0.9893116726239669,0.9997718388071655,0.9999890521945166,0.9999971353935184,0.9997448129710321,0.998294649442292,0.9980046307932599,0.9970718273852909,0.9984836322727685,0.9946274641524272,0.994270177730301,0.9804016993525542,0.9317305095523551,0.8579000770195019,0.8447590214933136,0.7979932956108545,0.9809976757241748
0.269,8.899683622246817,0.9894149206945176,0.9997758348256482,0.9999893106267432,0.9999972106717908,0.9997492037121696,0.9983174445227306,0.9980307468609835,0.9971079001899683,0.9985043631480109,0.9946867007952825,0.9943327273444812,0.9805657981281577,0.9321262753148833,0.8585099573223335,0.8453994924861852,0.7986958911842847,0.9810981755111875
0.27,8.91796225524862,0.9895168205040027,0.999779747652837,0.999989562120775,0.9999972837288287,0.9997535043751883,0.9983398583373332,0.9980564331410935,0.9971434072038605,0.9985247410274568,0.9947450848393261,0.9943943826494589,0.9807279637781843,0.9325183925596449,0.8591151400749362,0.8460351473025186,0.7993936569992813,0.9811976848629005
0.271,8.936180396359624,0.9896173937066729,0.9997835792742519,0.9999898068839473,0.999997354636929,0.9997577170830965,0.9983618984267785,0.9980816980202407,0.997178359018395,0.9985447729990472,0.9948026311203332,0.9944551591331529,0.9808882248142495,0.9329069053187974,0.8597156741470514,0.8466660349557802,0.8000866388909066,0.9812962174045101
0.272,8.95433834537445,0.9897166615471763,0.9997873316222692,0.9999900451167989,0.9999974234658249,0.999761843902696,0.9983835721606907,0.9981065496970131,0.9972127659961794,0.9985644659878266,0.9948593541735465,0.9945150719707727,0.9810466092468478,0.9332918569731378,0.8603116077738142,0.8472922038366666,0.8007748821427944,0.9813937865223277
0.273,8.972436400109949,0.989814644869449,0.9997910065776928,0.9999902770133146,0.9999974902827847,0.9997658868462287,0.9984048867420036,0.9981309961866854,0.9972466382765869,0.9985838267601457,0.9949152682406015,0.9945741360320095,0.9812031445955499,0.9336732902634947,0.8609029885656221,0.847913701722577,0.8014584314952016,0.9814904053688428
0.274,8.990474856421516,0.989911364125388,0.9997946059712743,0.999990502761157,0.9999975551527053,0.9997698478729696,0.9984258492112005,0.9981550453258367,0.9972799857811908,0.9986028619277445,0.9949703872762717,0.9946323658880395,0.9813578578989646,0.9340512473018875,0.861489863517821,0.8485305757869122,0.8021373311529209,0.9815860868676579
0.275,9.008454008219177,0.9900068393833118,0.9997981315851852,0.9999907225418906,0.9999976181382025,0.9997737288907702,0.9984464664504362,0.9981787047768372,0.9973128182190502,0.9986215779517196,0.9950247249550412,0.9946897758183496,0.9815107757244708,0.9344257695824638,0.8620722790202187,0.849142872608213,0.8028116247930568,0.9816808437183046
0.276,9.02637414748359,0.9901010903362162,0.9998015851544405,0.9999909365311966,0.999997679299698,0.9997775317575508,0.9984667451875414,0.9982019820322118,0.997345145091854,0.9986399811463772,0.9950782946775082,0.9947463798173861,0.9816619241777262,0.9347968979922142,0.8626502808664239,0.8497506381791338,0.8034813555726676,0.9817746884009373
0.277,9.044235564281813,0.9901941363098291,0.9998049683682786,0.99999114489908,0.9999977386955015,0.9997812582827474,0.9984866919999152,0.9982248844188802,0.9973769756989267,0.9986580776829789,0.9951311095766253,0.9948021916010352,0.9818113289119579,0.9351646728214746,0.8632239142630199,0.8503539179152617,0.8041465661362787,0.9818676331809192
0.278,9.06203854678299,0.9902859962704702,0.9998082828714946,0.9999913478100686,0.9999977963818916,0.9997849102287113,0.9985063133183092,0.9982474191022812,0.9974083191420978,0.9986758735933797,0.99518318252378,0.9948572246129375,0.98195901513704,0.935529133774217,0.8637932238385706,0.8509527566637777,0.8048072986232633,0.9819596901132868
0.279,9.079783381273815,0.9903766888327218,0.9998115302657337,0.9999915454234045,0.999997852413191,0.999788489312065,0.9985256154305047,0.9982695930903818,0.9974391843304424,0.9986933747735652,0.9952345261347212,0.9949114920306421,0.9821050076283656,0.9358903199781362,0.8643582536524677,0.8515471987119684,0.8054635946751021,0.9820508710471156
0.28,9.097470352173914,0.990466232266914,0.9998147121107411,0.9999917378932288,0.9999979068418405,0.9997919972050155,0.9985446044848894,0.998291413237576,0.9974695799848945,0.9987105869870884,0.9952851527753346,0.9949650067716054,0.9822493307355161,0.9362482699945365,0.864919047203618,0.8521372877955878,0.8061154954425167,0.9821411876297734
0.281,9.115099742051003,0.9905546445064314,0.9998178299255747,0.9999919253687587,0.9999979597184698,0.9997954355366265,0.9985632864939334,0.9983128862484767,0.9974995146427376,0.9987275158684099,0.9953350745672727,0.9950177814990377,0.9823920083907344,0.9366030218280207,0.865475647438978,0.8527230671070747,0.8067630415924827,0.9822306513110742
0.282,9.13267183163597,0.9906419431548441,0.9998208851897769,0.9999921079944584,0.9999980110919641,0.9997988058940496,0.9985816673375694,0.9983340186816035,0.997528996661975,0.9987441669261462,0.9953843033934422,0.9950698286276032,0.9825330641172066,0.9369546129359896,0.866028096761934,0.853304579303625,0.807406273315125,0.9823192733473303
0.283,9.150186899837749,0.990728145492869,0.9998238793445118,0.9999922859102035,0.9999980610095294,0.9998021098237186,0.9985997527664799,0.9983548169529692,0.997558034225586,0.9987605455462256,0.9954328509033543,0.9951211603289757,0.9826725210371572,0.9373030802379535,0.8665764370405369,0.8538818665151277,0.8080452303304968,0.9824070648053095
0.284,9.167645223758099,0.9908132684851652,0.9998268137936654,0.9999924592514393,0.9999981095167554,0.9998053488325056,0.9986175484052939,0.9983752873395687,0.9975866353456679,0.9987766569949583,0.9954807285183396,0.9951717885372564,0.9828104018797619,0.9376484601246602,0.867120709615589,0.85445497035196,0.8086799518952438,0.9824940365660961
0.285,9.185047078706198,0.9908973287869681,0.9998296899049113,0.9999926281493332,0.9999981566576742,0.9998085243888412,0.9986350597556953,0.9983954359827736,0.99761480786747,0.9987925064220198,0.9955279474366332,0.9952217249542556,0.9829467289888835,0.937990788467045,0.8676609553085897,0.8550239319126511,0.8093104768091579,0.9825801993288605
0.286,9.202392738213133,0.9909803427505672,0.9998325090107437,0.9999927927309218,0.9999982024748189,0.9998116379238002,0.9986522921994472,0.9984152688916336,0.9976425594733205,0.9988080988633524,0.995574518638333,0.9952709810546433,0.9830815243306351,0.9383301006250055,0.8681972144295408,0.8555887917914119,0.809936843421621,0.9826655636145399
0.287,9.21968247404621,0.9910623264316298,0.9998352724094776,0.9999929531192514,0.9999982470092778,0.999814690832154,0.9986692510013326,0.9984347919460899,0.997669897686452,0.9988234392439879,0.9956204528902345,0.9953195680909706,0.9832148095007738,0.9386664314560053,0.8687295267846159,0.8561495900855375,0.8105590896379417,0.9827501397694307
0.288,9.236916556223175,0.991143295595377,0.9998379813662184,0.9999931094335149,0.9999982903007477,0.9998176844733903,0.9986859413120164,0.9984540109001008,0.9976968298747252,0.9988385323807902,0.9956657607505454,0.9953674970985686,0.983346605731931,0.9389998153235097,0.8692579316836939,0.8567063664026816,0.8111772529255858,0.9828339379686977
0.289,9.254095253026245,0.9912232657226137,0.9998406371138011,0.9999932617891829,0.9999983323875855,0.9998206201727005,0.9987023681708284,0.9984729313846841,0.997723363254257,0.9988533829851257,0.9957104525734839,0.9954147789003249,0.983476933900682,0.9393302861052601,0.8697824679477634,0.8572591598680075,0.8117913703203057,0.982916968219801
0.29,9.271218831016041,0.991302252015619,0.9998432408537005,0.9999934102981294,0.9999983733068558,0.9998234992219389,0.9987185365084714,0.9984915589108773,0.9977495048929536,0.998867995665458,0.9957545385137636,0.9954614241113425,0.9836058145344593,0.9396578772013856,0.8703031739161968,0.8578080091312178,0.8124014784321649,0.9829992403658403
0.291,9.28828755504538,0.9913802694038972,0.9998457937569133,0.999993555068754,0.9999984130943791,0.9998263228805512,0.9987344511496571,0.9985098988726184,0.9977752617139515,0.9988823749298739,0.9957980285309674,0.9955074431434849,0.9837332678183134,0.9399826215423602,0.8708200874538983,0.8583529523734633,0.8130076134514679,0.983080764088825
0.292,9.305301688272921,0.9914573325497963,0.9998482969648136,0.9999936962060993,0.9999984517847763,0.9998290923764739,0.9987501168156696,0.9985279565495513,0.997800640498971,0.998896525188539,0.9958409323938147,0.9955528462098088,0.9838593136015255,0.9403045515968061,0.8713332459583287,0.8588940273141372,0.8136098111545886,0.9831615489128652
0.293,9.32226149217669,0.9915334558539953,0.9998507515899813,0.9999938338119635,0.9999984894115123,0.9998318089070086,0.9987655381268611,0.9985457371097547,0.9978256478915817,0.998910450756089,0.9958832596843235,0.9955976433288893,0.9839839714040742,0.9406236993791479,0.8718426863664094,0.8594312712175518,0.8142081069097052,0.9832416042072892
0.294,9.339167226567481,0.9916086534608651,0.9998531587170054,0.9999939679850093,0.9999985260069376,0.9998344736396678,0.9987807196050803,0.9985632456123994,0.9978502904003845,0.9989241558539533,0.9959250198018718,0.9956418443290399,0.9841072604229621,0.9409400964571198,0.8723484451613059,0.8599647208995056,0.8148025356824415,0.9833209391896918
0.295,9.35601914960212,0.9916829392637047,0.9998555194032638,0.9999940988208693,0.9999985616023288,0.999837087712996,0.9987956656760366,0.998580487010336,0.997874574402113,0.9989376446126191,0.9959662219671592,0.9956854588524281,0.984229199538403,0.9412537739591298,0.8728505583790966,0.8604944127337373,0.815393132041415,0.9833995629289078
0.296,9.37281751779661,0.9917563269098574,0.9998578346796775,0.9999942264122469,0.9999985962279265,0.9998396522373659,0.9988103806716002,0.9985974661526128,0.9978985061446534,0.9989509210738319,0.9960068752260728,0.9957284963590936,0.9843498073198755,0.9415647625814844,0.8733490616153263,0.8610203826582741,0.8159799301636957,0.983477484347923
0.297,9.389562586039132,0.99182882980571,0.9998601055514437,0.9999943508490134,0.9999986299129732,0.9998421682957506,0.9988248688320422,0.998614187786929,0.9979220917499895,0.9989639891927389,0.9960469884534592,0.9957709661308677,0.9844691020320447,0.9418730925954748,0.8738439900314481,0.8615426661816721,0.8165629638401768,0.983554712226712
0.298,9.406254607602957,0.9919004611215758,0.9998623329987453,0.9999944722183033,0.9999986626857479,0.9998446369444722,0.9988391343082151,0.9986306565620222,0.9979453372170715,0.9989768528399738,0.9960865703568055,0.9958128772751986,0.9845871016405564,0.9421787938543307,0.874335378361156,0.8620612983891531,0.8171422664808571,0.9836312552050173
0.299,9.422893834159199,0.9919712337964679,0.9998645179774405,0.9999945906046033,0.9999986945736015,0.9998470592139294,0.9988531811636755,0.9986468770299942,0.9979682484246125,0.9989895158036871,0.9961256294798316,0.9958542387288855,0.9847038238177055,0.9424818958000414,0.8748232609166087,0.8625763139486398,0.8177178711200396,0.9837071217850624
0.3,9.439480515789473,0.9920411605427624,0.9998666614197297,0.9999947060898411,0.999998725602989,0.9998494361093013,0.9988670133767505,0.9986628536485759,0.9979908311338139,0.9990019817915213,0.9961641742059965,0.9958950592617208,0.9848192859479832,0.9427824274700491,0.8753076715945488,0.8630877471166898,0.8182898104214459,0.9837823203342039
0.301,9.456014900998424,0.992110253850756,0.9998687642348043,0.999994818753469,0.9999987557995015,0.9998517686112319,0.9988806348425511,0.9986785907833329,0.9980130909910226,0.9990142544325341,0.9962022127619196,0.9959353474800486,0.984933505133504,0.943080417503817,0.8757886438823187,0.8635956317443325,0.8188581166832483,0.9838568590875231
0.302,9.472497236726127,0.9921785259931211,0.9998708273094749,0.9999949286725455,0.9999987851878966,0.9998540576764938,0.9988940493749311,0.9986940927098144,0.99803503353032,0.9990263372790711,0.9962397532207214,0.9959751118302351,0.985046498199318,0.9433758941492728,0.8762662108637743,0.8641000012828095,0.8194228218430217,0.9839307461503614
0.303,9.488927768360398,0.9922459890292582,0.9998728515087807,0.9999950359218136,0.9999988137921282,0.9998563042386317,0.9989072607083965,0.998709363615646,0.9980566641760475,0.999038233808588,0.9962768035052839,0.996014360602058,0.9851582816986085,0.943668885269134,0.8767404052250994,0.8646008887892184,0.8199839574826171,0.984003989500797
0.304,9.505306739748955,0.9923126548095526,0.9998748376765815,0.9999951405737766,0.9999988416353739,0.9998585092085878,0.9989202724999641,0.9987244076025686,0.9980779882452684,0.9990499474254265,0.9963133713914334,0.9960531019320152,0.9852688719177795,0.943959418347113,0.8772112592605227,0.8650983269320667,0.8205415548329553,0.984076596992066
0.305,9.521634393211487,0.992378534979533,0.9998767866361313,0.9999952426987712,0.9999988687400629,0.9998606734753078,0.9989330883309716,0.9987392286884246,0.9980990109501666,0.9990614814625417,0.996349464511048,0.9960913438065553,0.9853782848814346,0.9442475204940094,0.8776788048779391,0.8655923479967333,0.8210956447787473,0.9841485763549317
0.306,9.537910969551616,0.9924436409839388,0.9998786991906361,0.9999953423650373,0.9999988951279019,0.9998627979063303,0.9989457117088417,0.9987538308090931,0.9981197374003884,0.9990728391831853,0.9963850903550917,0.9961290940652312,0.9854865363572516,0.9445332184536865,0.8781430736044367,0.8660829838908402,0.8216462578631383,0.9842199351999994
0.307,9.554136708068715,0.992507984070695,0.9998805761237928,0.9999954396387871,0.9999989208199003,0.9998648833483574,0.9989581460687998,0.9987682178203761,0.9981401726053238,0.9990840237825449,0.9964202562765767,0.9961663604037798,0.9855936418607525,0.9448165386089402,0.8786040965917326,0.8665702661495369,0.8221934242922782,0.9842906810199807
0.308,9.570311846569647,0.992571575294799,0.9998824182003153,0.9999955345842696,0.9999989458363945,0.9998669306278102,0.9989703947755479,0.9987823934998352,0.9981603214763323,0.9990950383893399,0.9964549694934559,0.9962031503771297,0.9856996166599741,0.9450975069872573,0.8790619046215169,0.8670542259406998,0.8227371739398209,0.9843608211919074
0.309,9.586436621380383,0.9926344255221207,0.999884226166443,0.9999956272638346,0.999998970197071,0.9998689405513668,0.9989824611248949,0.9987963615485832,0.9981801888289128,0.9991058860673765,0.996489237091448,0.9962394714023378,0.9858044757800398,0.9453761492664687,0.8795165281107099,0.8675348940700452,0.8232775363513525,0.9844303629792978
0.31,9.602511267357512,0.9926965454331182,0.9998860007504345,0.9999957177379936,0.9999989939209891,0.9998709139064853,0.9989943483453453,0.9988101255930282,0.9981997793848216,0.9991165698170625,0.9965230660267953,0.9962753307614574,0.9859082340076363,0.9456524907803001,0.8799679971166308,0.868012300986161,0.8238145407487495,0.9844993135342742
0.311,9.618536017899638,0.9927579455264717,0.9998877426630484,0.9999958060654783,0.9999990170266025,0.9998728514619118,0.9990060595996477,0.998823689186575,0.9982190977741366,0.999127092576882,0.996556463128959,0.9963107356043398,0.986010905895395,0.9459265565238186,0.8804163413420815,0.8684864767854567,0.8243482160344702,0.9845676798996358
0.312,9.634511104958678,0.992818636122636,0.9998894525980077,0.9999958923032987,0.9999990395317804,0.999874753968173,0.9990175979863029,0.9988370558112829,0.9982381485372716,0.9991374572248333,0.9965894351032494,0.9963456929513703,0.9861125057661845,0.946198371158782,0.8808615901403477,0.8689574512170333,0.8248785907957776,0.9846354690108837
0.313,9.650436759051058,0.9928786273673156,0.9998911312324531,0.9999959765067968,0.9999990614538264,0.9998766221580554,0.9990289665410342,0.9988502288794813,0.9982569361269413,0.9991476665798287,0.9966219885333969,0.996380209696141,0.9862130477173111,0.9464679590188896,0.8813037725201168,0.8694252536874747,0.8254056933088976,0.9847026876982051
0.314,9.666313209268795,0.9929379292348638,0.9998927792273813,0.9999960587297007,0.9999990828094997,0.9998784567470698,0.9990401682382205,0.9988632117353452,0.9982754649100783,0.9991577234030591,0.9966541298840623,0.9964142926080618,0.9863125456246341,0.9467353441149375,0.8817429171503153,0.8698899132655631,0.8259295515431122,0.9847693426884125
0.315,9.682140683290488,0.9929965515316058,0.9998943972280715,0.999996139024175,0.9999991036150319,0.9998802584339034,0.9990512059922924,0.9988760076564314,0.9982937391697035,0.9991676303993237,0.9966858655032897,0.9964479483349107,0.9864110131465952,0.9470005501398819,0.8821790523648676,0.8703514586869179,0.82645019316479,0.9848354406068422
0.316,9.697919407392197,0.9930545038990908,0.9998959858644997,0.9999962174408711,0.9999991238861461,0.9998820279008583,0.9990620826590932,0.9988886198551745,0.9983117631067508,0.999177390218325,0.9967172016249023,0.9964811834053259,0.9865084637281637,0.9472636004738085,0.8826122061673771,0.8708099183585607,0.826967645541353,0.9849009879792116
0.317,9.713649606458226,0.9931117958172716,0.9998975457517397,0.9999962940289744,0.9999991436380735,0.999883765814278,0.9990728010372067,0.9989010514803485,0.9983295408418476,0.9991870054559315,0.9967481443708429,0.9965140042312408,0.9866049106047028,0.9475245181888144,0.8830424062357314,0.8712653203634081,0.8274819357451835,0.984965991233435
0.318,9.729331503991812,0.9931684366076166,0.9998990774903551,0.9999963688362508,0.9999991628855708,0.9998854728249607,0.9990833638692499,0.9989133056184888,0.9983470764170526,0.9991964786554086,0.996778699753462,0.9965464171102623,0.9867003668057535,0.9477833260538013,0.883469679926632,0.8717176924646927,0.8279930905574713,0.9850304567014049
0.319,9.744965322125703,0.9932244354361526,0.9999005816667773,0.9999964419090912,0.9999991816429352,0.9998871495685622,0.9990937738431346,0.9989253852952811,0.9983643737975516,0.999205812308617,0.996808873677752,0.9965784282279959,0.9867948451587435,0.9480400465391822,0.8838940542800511,0.872167062110313,0.8285011364719997,0.9850943906207301
0.32,9.760551281632653,0.9932798013164433,0.9999020588536743,0.9999965132925549,0.999999199924021,0.9998887966659866,0.9991040335932964,0.9989372934769151,0.9983814368733126,0.9992150088571826,0.9968386719435309,0.9966100436603172,0.9868883582926187,0.9482947018215049,0.884315556023617,0.8726134564371169,0.8290060996988767,0.9851577991364406
0.321,9.776089601935812,0.9933345431125025,0.9999035096103089,0.9999965830304105,0.9999992177422533,0.9998904147237663,0.9991141457018943,0.9989490330714044,0.9983982694607004,0.999224070693635,0.9968681002475771,0.9966412693755915,0.986980918641401,0.9485473137879925,0.8847342115769283,0.8730569022751147,0.8295080061682069,0.9852206883026557
0.322,9.791580501119023,0.9933886695416442,0.9999049344828863,0.9999966511651771,0.9999992351106435,0.9998920043344302,0.9991241126999791,0.9989606069298744,0.998414875304054,0.9992330001625189,0.996897164185714,0.996672111236844,0.9870725384476744,0.9487979040410022,0.8851500470557984,0.8734974261516277,0.8300068815337076,0.9852830640842154
0.323,9.807024195937025,0.9934421891772728,0.9999063340048916,0.9999967177381625,0.9999992520418023,0.9998935660768635,0.9991339370686341,0.9989720178478185,0.9984312580772251,0.9992417995614774,0.9969258692548487,0.9967025750038797,0.9871632297659989,0.9490464939024066,0.8855630882764324,0.8739350542953706,0.8305027511762719,0.9853449323582788
0.324,9.822420901825557,0.9934951104516124,0.9999077086974184,0.9999967827895008,0.9999992685479536,0.9998951005166559,0.999143621240086,0.998983268566323,0.9984474213850805,0.9992504711423071,0.9969542208549647,0.9967326663353567,0.9872530044662569,0.9492931044178954,0.8859733607595377,0.8743698126404704,0.8309956402074754,0.9854062989158892
0.325,9.837770832911392,0.9935474416583779,0.9999090590694878,0.9999968463581892,0.999999284640947,0.99989660820644,0.99915316759879,0.9989943617732623,0.9984633687649689,0.9992590171119881,0.9969822242910681,0.9967623907908121,0.9873418742369305,0.9495377563612027,0.8863808897343679,0.8748017268304223,0.8314855734730322,0.9854671694635054
0.326,9.853074202022245,0.9935991909553896,0.9999103856183584,0.9999969084821226,0.9999993003322705,0.9998980896862214,0.999162578482487,0.999005300104465,0.9984791036881528,0.9992674396336875,0.9970098847750921,0.996791753832642,0.9874298505883146,0.9497804702382587,0.8867857001427027,0.8752308222219831,0.831972575556196,0.9855275496245023
0.327,9.868331220696618,0.9936503663671312,0.9999116888298273,0.999996969198128,0.9999993156330619,0.9998995454836986,0.9991718561832353,0.9990160861448514,0.9984946295612067,0.9992757408277386,0.9970372074277573,0.9968207608280383,0.9875169448556629,0.9500212662912683,0.8871878166427654,0.8756571238890053,0.8324566707811132,0.9855874449406383
0.328,9.883542099193548,0.9937009757872547,0.9999129691785232,0.9999970285419967,0.9999993305541213,0.9999009761145743,0.9991810029484169,0.9990267224295437,0.9985099497273816,0.9992839227725959,0.9970641972803903,0.9968494170508817,0.9876031682022735,0.9502601645027186,0.8875872636130767,0.8760806566262103,0.8329378832161235,0.985646860873495
0.329,9.898707046502265,0.9937510269810315,0.9999142271281914,0.9999970865485165,0.9999993451059213,0.9999023820828578,0.9991900209817194,0.999037211444949,0.9985250674679389,0.9992919875057654,0.9970908592767033,0.996877727683592,0.9876885316225108,0.9504971845993164,0.8879840651562493,0.8765014449529042,0.8334162366770113,0.9857058028058857
0.33,9.913826270351759,0.9938005275877516,0.9999154631319697,0.9999971432515024,0.9999993592986183,0.9999037638811599,0.9991989124440931,0.9990475556298155,0.9985399860034517,0.9992999370247133,0.9971171982745316,0.9969056978189376,0.9877730459447683,0.950732346055856,0.8883782451027212,0.876919513116635,0.8338917547302096,0.9857642760432336
0.331,9.92889997722027,0.9938494851230731,0.9999166776326577,0.9999971986838259,0.9999993731420626,0.9999051219909786,0.9992076794546862,0.9990577573762651,0.998554708495076,0.9993077732877518,0.9971432190475348,0.9969333324618055,0.9878567218343717,0.95096566809902,0.8887698270144312,0.877334885096794,0.834364460695955,0.9858222858149248
0.332,9.94392837234469,0.9938979069813212,0.9999178710629788,0.9999972528774438,0.9999993866458085,0.9999064568829777,0.9992163240917563,0.999067819030799,0.9985692380457925,0.9993154982149027,0.9971689262868586,0.9969606365309316,0.9879395697964245,0.9511971697111146,0.8891588341884358,0.8777475846081622,0.8348343776513969,0.9858798372756311
0.333,9.958911659729864,0.9939458004377397,0.999919043845834,0.9999973058634265,0.9999993998191239,0.9999077690172574,0.9992248483935597,0.9990777428952805,0.9985835777016191,0.9993231136887408,0.9971943246027609,0.9969876148605918,0.9880216001785977,0.9514268696337389,0.8895452896604706,0.8781576351044004,0.8353015284336591,0.9859369355066064
0.334,9.973850042157842,0.9939931726506952,0.9999201963945492,0.9999973576719837,0.9999994126709998,0.9999090588436171,0.9992332543592201,0.999087531227894,0.998597730452796,0.9993306215552161,0.9972194185262014,0.9970142722022585,0.988102823173864,0.9516547863713919,0.8899292162084549,0.878565059781488,0.8357659356428573,0.9859935855169577
0.335,9.988743721197007,0.9940400306638355,0.9999213291131157,0.9999974083324915,0.9999994252101587,0.9999103268018124,0.9992415439495752,0.9990971862440802,0.9986116992349416,0.9993380236244561,0.9972442125103966,0.9970406132262172,0.9881832488231777,0.9518809381950163,0.890310636355942,0.8789698815811078,0.8362276216450724,0.9860497922448881
0.336,10.003592897211155,0.9940863814082026,0.999922442396424,0.9999974578735167,0.9999994374450643,0.999911573321803,0.9992497190880044,0.999106710117451,0.9986254869301844,0.9993453216715483,0.99726871093234,0.9970666425231514,0.9882628870181028,0.9521053431454819,0.890689572375516,0.8793721231939792,0.836686608575278,0.9861055605589175
0.337,10.018397769368473,0.994132231704302,0.9999235366304913,0.9999975063228416,0.9999994493839284,0.9999127988239962,0.9992577816612351,0.9991161049806808,0.9986390963682655,0.9993525174373047,0.9972929180942903,0.9970923646056894,0.988341747503389,0.9523280190370083,0.8910660462921359,0.8797718070631407,0.8371429183402272,0.9861608952590766
0.338,10.033158535650447,0.9941775882641295,0.9999246121926824,0.9999975537074872,0.9999994610347206,0.9999140037194816,0.9992657335201307,0.999125372926377,0.9986525303276189,0.9993596126290063,0.9973168382252252,0.9971177839099202,0.988419839879497,0.9525489834605299,0.8914400798864275,0.8801689553871836,0.8375965726212955,0.986215801078078
0.339,10.047875392860686,0.9942224576931556,0.9999256694519252,0.9999976000537361,0.9999994724051747,0.999915188410261,0.9992735764804597,0.999134516007931,0.998665791536425,0.9993666089211315,0.9973404754822655,0.9971429047968745,0.9884971736050752,0.9527682537870028,0.8918116946979242,0.8805635901234345,0.838047592877283,0.9862702826824624
0.34,10.062548536633663,0.9942668464922694,0.9999267087689198,0.9999976453871544,0.9999994835027975,0.9999163532894715,0.9992813123236458,0.9991435362403476,0.99867888267364,0.9993735079560649,0.9973638339520665,0.9971677315539744,0.9885737579993874,0.9529858471706553,0.8921809120282592,0.8809557329910916,0.8384960003471749,0.9863243446737239
0.341,10.077178161443403,0.9943107610596817,0.999927730496342,0.9999976897326132,0.9999994943348748,0.9999174987416026,0.9992889427975014,0.9991524356010563,0.9986918063700035,0.9993803113447913,0.9973869176521802,0.9971922683964515,0.9886496022446942,0.9532017805521826,0.8925477529443064,0.8813454054743123,0.8389418160528624,0.9863779915894114
0.342,10.091764460612042,0.9943542076927904,0.9999287349790416,0.9999977331143088,0.9999995049084791,0.9999186251427076,0.9992964696169422,0.9991612160307022,0.998704565209021,0.9993870206675708,0.9974097305323882,0.9972165194687346,0.9887247153885872,0.9534160706618885,0.8929122382812755,0.8817326288252547,0.8393850608018243,0.986431227904208
0.343,10.106307626318385,0.994397192590006,0.9999297225542347,0.9999977755557833,0.9999995152304768,0.9999197328606089,0.9993038944646865,0.9991698794339198,0.998717161727925,0.9993936374745996,0.9974322764760044,0.9972404888458072,0.9887991063462789,0.953628734022772,0.8932743886457569,0.8821174240670746,0.8398257551897687,0.9864840580309912
0.344,10.1208078496063,0.9944397218525415,0.9999306935516917,0.9999978170799434,0.9999995253075337,0.9999208222550983,0.9993112189919365,0.9991784276800872,0.9987295984186152,0.9994001632866544,0.9974545593011517,0.9972641805345357,0.9888727839028478,0.9538397869535641,0.893634224418723,0.8824998119968748,0.8402639196032374,0.9865364863218681
0.345,10.13526532039312,0.9944818014861646,0.9999316482939197,0.999997857709079,0.999999535146122,0.9999218936781323,0.9993184448190449,0.9991868626040641,0.9987418777285755,0.9994065995957206,0.9974765827620089,0.9972875984749698,0.988945756715441,0.9540492455717102,0.8939917657584812,0.8828798131886126,0.8406995742221723,0.9865885170691949
0.346,10.14968022747792,0.9945234374029148,0.9999325870963394,0.999997897464882,0.9999995447525266,0.9999229474740211,0.9993255735361646,0.9991951860069114,0.9987540020617721,0.9994129478656077,0.9974983505500333,0.9973107465416142,0.9890180333154336,0.9542571257963058,0.894347032603584,0.8832574479959635,0.8411327390224455,0.9866401545065725
0.347,10.164052758549731,0.9945646354227854,0.9999335102674588,0.999997936368463,0.9999995541328504,0.9999239839796134,0.9993326067038845,0.9992033996565953,0.99876597377953,0.999419209532548,0.9975198662951553,0.9973336285446739,0.989089622110547,0.9544634433509801,0.8947000446756923,0.8836327365551403,0.8415634337783511,0.9866914028098248
0.348,10.178383100195692,0.9946054012753719,0.9999344181090409,0.9999979744403689,0.9999995632930201,0.9999250035244761,0.9993395458538489,0.9992115052886743,0.9987777952013909,0.9994253860057819,0.997541133566948,0.9973562482312719,0.9891605313869274,0.9546682137667324,0.8950508214823993,0.8840056987876731,0.8419916780650643,0.9867422660979576
0.349,10.192671437909135,0.9946457406014865,0.9999353109162676,0.9999980117005991,0.9999995722387923,0.9999260064310692,0.9993463924893644,0.9992195046069703,0.9987894686059511,0.9994314786681302,0.997562155875772,0.9973786092866429,0.9892307693111837,0.9548714523847215,0.8953993823200068,0.8843763544031461,0.8424174912610625,0.9867927484340981
0.35,10.206917956097561,0.9946856589547407,0.9999361889778987,0.9999980481686213,0.9999995809757583,0.9999269930149163,0.9993531480859907,0.9992273992842247,0.9988009962316808,0.9994374888765517,0.9975829366738967,0.9974007153352994,0.9893003439323873,0.9550731743590075,0.8957457462762637,0.8847447229018943,0.842840892550514,0.9868428538264157
0.351,10.221122838090599,0.9947251618030953,0.9999370525764275,0.9999980838633871,0.9999995895093492,0.9999279635847704,0.999359814092119,0.999235190962739,0.998812380277726,0.9994434179626888,0.9976034793565959,0.997422569942175,0.9893692631840332,0.955273394659249,0.8960899322330612,0.8851108235776602,0.8432619009256301,0.9868925862290283
0.352,10.235286266147858,0.9947642545303805,0.9999379019882313,0.999998118803347,0.9999995978448413,0.9999289184427753,0.9993663919295366,0.9992428812550016,0.9988236229046906,0.9994492672333993,0.9976237872632218,0.9974441766137427,0.9894375348859648,0.9554721280733547,0.8964319588690879,0.8854746755202123,0.8436805351889878,0.9869419495428855
0.353,10.249408421466732,0.9948029424377842,0.9999387374837189,0.9999981530064646,0.9999996059873603,0.9999298578846227,0.9993728829939782,0.9992504717442985,0.9988347262354033,0.9994550379712768,0.9976438636782559,0.9974655387991095,0.9895051667462615,0.9556693892100914,0.8967718446624446,0.8858362976179229,0.8440968139558145,0.9869909476166403
0.354,10.263489484190105,0.9948412307453117,0.9999395593274734,0.9999981864902309,0.9999996139418865,0.9999307821997061,0.9993792886556654,0.9992579639853116,0.998845692355666,0.9994607314351583,0.9976637118323376,0.9974866598910888,0.9895721663630919,0.955865192501649,0.8971096078932224,0.8861957085603109,0.8445107556562449,0.9870395842475012
0.355,10.277529633414044,0.9948791245932157,0.9999403677783917,0.9999982192716776,0.9999996217132592,0.9999316916712689,0.9993856102598323,0.9992653595047034,0.9988565233149868,0.9994663488606206,0.9976833349032715,0.9975075432272492,0.9896385412265298,0.9560595522061629,0.8974452666460376,0.8865529268405443,0.8449223785375432,0.9870878631820673
0.356,10.291529047195358,0.9949166290433978,0.9999411630898204,0.9999982513673906,0.9999996293061806,0.9999325865765507,0.9993918491272409,0.9992726598016871,0.9988672211272952,0.9994718914604639,0.9977027360170132,0.9975281920909427,0.9897042987203396,0.9562524824101954,0.8977788388125344,0.8869079707579091,0.8453317006662953,0.9871357881171502
0.357,10.30548790255915,0.9949537490807835,0.9999419455096875,0.9999982827935227,0.9999996367252206,0.9999334671869283,0.9993980065546828,0.9992798663485849,0.9988777877716437,0.9994773604251862,0.9977219182486347,0.9975486097123103,0.9897694461237244,0.9564439970311752,0.8981103420938458,0.8872608584202387,0.8457387399305696,0.9871833627005778
0.358,10.319406375506267,0.9949904896146675,0.9999427152806317,0.9999983135658053,0.9999996439748204,0.9999343337680537,0.9994040838154711,0.9992869805913736,0.9988882251928919,0.9994827569234452,0.9977408846232696,0.9975687992692672,0.989833990613045,0.9566341098197986,0.8984397940030209,0.8876116077463119,0.8461435140420479,0.9872305905319835
0.359,10.333284641020704,0.9950268554800354,0.9999434726401274,0.9999983436995614,0.9999996510592968,0.9999351865799884,0.9994100821599198,0.9992940039502171,0.9988985353023773,0.9994880821025102,0.9977596381170387,0.9975887638884676,0.9898979392635038,0.9568228343623897,0.8987672118674144,0.8879602364682122,0.846546040538126,0.9872774751635824
0.36,10.347122873076922,0.9950628514388569,0.9999442178206068,0.9999983732097165,0.9999996579828456,0.999936025877334,0.9994160028158134,0.9993009378199881,0.9989087199785703,0.9994933370887032,0.9977781816579567,0.9976085066462492,0.9899612990507995,0.9570101840832234,0.8990926128310426,0.8883067621336559,0.8469463367839853,0.9873240201009288
0.361,10.360921244647145,0.9950984821813549,0.9999449510495788,0.9999984021108103,0.9999996647495454,0.9999368519093602,0.999421846988865,0.999307783570777,0.9989187810677155,0.9994985229878307,0.997796518126819,0.9976280305695584,0.9900240768527504,0.95719617224681,0.8994160138569027,0.8886512021082842,0.8473444199746358,0.987370228803663
0.362,10.374679927708533,0.9951337523272498,0.9999456725497454,0.9999984304170069,0.9999996713633615,0.9999376649201289,0.9994276158631646,0.9993145425483898,0.9989287203844589,0.9995036408856046,0.9978146503580714,0.9976473386368564,0.9900862794508869,0.9573808119601428,0.8997374317292597,0.8889935735779237,0.8477403071369295,0.9874161046862435
0.363,10.38839909325036,0.9951686664269783,0.9999463825391138,0.9999984581421063,0.999999677828149,0.9999384651486146,0.9994333106016167,0.9993212160748355,0.9989385397124614,0.9995086918480545,0.9978325811406613,0.9976664337790065,0.9901479135320158,0.957564116174909,0.9000568830558986,0.8893338935508139,0.8481340151315477,0.9874616511186641
0.364,10.402078911281068,0.9952032289628903,0.9999470812311069,0.999998485299554,0.999999684147656,0.9999392528288233,0.9994389323463688,0.9993278054488012,0.9989482408049989,0.9995136769219297,0.9978503132188713,0.9976853188801438,0.9902089856897553,0.9577460976896656,0.9003743842703444,0.8896721788598021,0.848525560654959,0.9875068714271573
0.365,10.415719550835323,0.9952374443504199,0.9999477688346702,0.9999985119024514,0.9999996903255272,0.9999400281899069,0.9994444822192299,0.9993343119461179,0.9989578253855501,0.9995185971350928,0.9978678492931359,0.9977039967785254,0.9902695024260411,0.9579267691519788,0.9006899516340485,0.890008446164507,0.848914960241351,0.9875517688948887
0.366,10.429321179980933,0.995271316939237,0.9999484455543761,0.9999985379635645,0.9999996963653065,0.9999407914562751,0.9994499613220791,0.9993407368202155,0.9989672951483706,0.9995234534969042,0.9978851920208414,0.9977224702673659,0.9903294701526056,0.9581061430605311,0.9010036012385452,0.8903427119534525,0.8493022302645366,0.9875963467626324
0.367,10.442883965825796,0.9953048510143728,0.9999491115905262,0.9999985634953348,0.9999997022704408,0.9999415428477051,0.9994553707372661,0.9993470813025679,0.9989766517590555,0.9995282469985973,0.9979023440171092,0.9977407420956533,0.9903888951924303,0.9582842317671917,0.9013153490075742,0.8906749925461688,0.8496873869398301,0.9876406082294387
0.368,10.456408074524713,0.995338050797327,0.9999497671392495,0.9999985885098868,0.999999708044282,0.9999422825794476,0.999460711528002,0.9993533466031275,0.9989858968550895,0.9995329786136463,0.9979193078555636,0.9977588149689497,0.9904477837811704,0.9584610474790568,0.9016252106991747,0.8910053040952653,0.8500704463259037,0.9876845564532877
0.369,10.469893671286188,0.9953709204471513,0.9999504123926001,0.9999986130190377,0.9999997136900904,0.9999430108623307,0.9994659847387417,0.9993595339107514,0.9989950320463855,0.9995376492981248,0.9979360860690835,0.9977766915501752,0.9905061420685547,0.9586366022604546,0.9019332019077474,0.8913336625884731,0.8504514243266121,0.9877281945517302
0.37,10.483340920379145,0.9954034640615126,0.99995104753865,0.9999986370343058,0.9999997192110375,0.999943727902861,0.9994711913955578,0.9993656443936171,0.999004058915811,0.9995422599910571,0.9979526811505393,0.9977943744603767,0.9905639761197593,0.9588109080349196,0.9022393380660879,0.8916600838506586,0.8508303366927972,0.9877715256025179
0.371,10.496749985139612,0.9954356856777371,0.9999516727615824,0.9999986605669187,0.999999724610208,0.9999444339033224,0.9994763325065058,0.9993716791996295,0.9990129790197045,0.9995468116147607,0.997969095553514,0.9978118662794795,0.9906212919167567,0.9589839765871361,0.9025436344473898,0.8919845835458089,0.8512071990240649,0.9878145526442226
0.372,10.510121027977315,0.9954675892738318,0.9999522882417796,0.999998683627821,0.9999997298906033,0.9999451290618719,0.9994814090619821,0.9993776394568196,0.9990217938883797,0.9995513050751823,0.9979853316930112,0.997829169547026,0.9906780953596402,0.9591558195648486,0.9028461061672195,0.8923071771789888,0.85158202677054,0.9878572786768423
0.373,10.523454210382257,0.995499178769489,0.9999528941559116,0.9999987062276825,0.9999997350551428,0.9999458135726335,0.9994864220350732,0.9993835262737328,0.9990305050266195,0.9995557412622255,0.998001391946147,0.9978462867628977,0.9907343922679247,0.9593264484807442,0.9031467681854619,0.8926278800982693,0.8519548352345943,0.9878997066623968
0.374,10.536749692931195,0.9955304580270704,0.99995349067702,0.999998728376906,0.9999997401066677,0.9999464876257893,0.9994913723818978,0.9993893407398107,0.9990391139141599,0.999560121050071,0.9980172786528296,0.9978632203880233,0.9907901883818234,0.9594958747143041,0.9034456353082401,0.8929467074966311,0.8523256395725554,0.9879418395255143
0.375,10.550007635294117,0.995561430852572,0.9999540779746015,0.9999987500856334,0.9999997450479421,0.9999471514076692,0.9994962610419409,0.9993950839257633,0.9990476220061629,0.9995644452974909,0.998032994116424,0.9978799728450729,0.9908454893635025,0.9596641095136257,0.9037427221898044,0.8932636744138385,0.8526944547963885,0.987983680154005
0.376,10.563228196240601,0.9955921009965719,0.999954656214688,0.9999987713637547,0.9999997498816556,0.9999478051008373,0.9995010889383813,0.9994007568839335,0.9990560307336803,0.9995687148481546,0.9980485406044044,0.9978965465191381,0.9909003007983124,0.9598311639972166,0.9040380433343979,0.89357879573829,0.853061295775358,0.988025231399425
0.377,10.576411533646176,0.9956224721551594,0.9999552255599267,0.9999987922209131,0.9999997546104262,0.9999484488841766,0.999505856978411,0.999406360648654,0.9990643415041067,0.9995729305309288,0.9980639203489926,0.9979129437583979,0.9909546281959973,0.9599970491557597,0.9043316130980918,0.8938920862088396,0.853426177237665,0.9880664960776315
0.378,10.589557804498593,0.9956525479708465,0.999955786169655,0.9999988126665127,0.9999997592368012,0.999949082932972,0.9995105660535487,0.9994118962365959,0.9990725557016239,0.9995770931601707,0.9980791355477845,0.9979291668747732,0.9910084769918837,0.9601617758538513,0.9046234456905989,0.8942035604165959,0.8537891137720641,0.988107476969326
0.379,10.602667164904071,0.995682332033462,0.9999563381999771,0.9999988327097247,0.9999997637632602,0.9999497074189909,0.9995152170399454,0.9994173646471101,0.9990806746876357,0.999581203536015,0.9980941883643634,0.9979452181445655,0.991061852548046,0.9603253548317117,0.9049135551770564,0.8945132328066934,0.8541501198294577,0.9881481768205885
0.38,10.615739770093457,0.9957118278810299,0.9999568818038358,0.9999988523594938,0.9999997681922165,0.9999503225105612,0.9995198107986839,0.9994227668625615,0.9990886998011936,0.9995852624446537,0.9981090809289016,0.9979610998090861,0.9911147601544537,0.9604877967068685,0.9052019554797877,0.8948211176800412,0.8545092097244692,0.9881885983434038
0.381,10.628775774428373,0.9957410390006294,0.9999574171310845,0.9999988716245444,0.9999997725260193,0.9999509283726488,0.9995243481760723,0.9994281038486558,0.9990966323594132,0.9995892706586108,0.9981238153387502,0.9979768140752697,0.9911672050300959,0.9606491119758144,0.9054886603800368,0.895127229195046,0.854866397636995,0.9882287442161737
0.382,10.641775331407269,0.9957699688292407,0.9999579443285564,0.9999988905133861,0.9999997767669558,0.9999515251669316,0.9995288300039298,0.9994333765547593,0.9991044736578827,0.9995932289370107,0.9981383936590161,0.9979923631162787,0.9912191923240877,0.960809311015639,0.9057736835196797,0.895431581369311,0.8552216976137368,0.9882686170842276
0.383,10.654738593671475,0.9957986207545739,0.999958463540132,0.9999989090343201,0.9999997809172523,0.9999521130518737,0.999533257099868,0.999438585914212,0.9991122249710624,0.9995971380258404,0.9981528179231298,0.9980077490720937,0.991270727116756,0.9609684040856356,0.9060570384029095,0.8957341880813134,0.8555751235697107,0.9883082195603163
0.384,10.66766571301115,0.995826998115882,0.9999589749068051,0.9999989271954444,0.9999997849790764,0.9999526921827949,0.9995376302675647,0.9994437328446336,0.9991198875526764,0.9996009986582062,0.9981670901333993,0.9980229740500929,0.9913218144207064,0.9611264013288813,0.9063387383979008,0.8960350630720557,0.8559266892897405,0.9883475542251021
0.385,10.68055684037123,0.99585510420476,0.999959478566748,0.9999989450046591,0.9999997889545388,0.9999532627119417,0.9995419502970326,0.999448818248224,0.999127462636095,0.999604811554585,0.9981812122615551,0.9980380401256211,0.9913724591818713,0.9612833127737958,0.9066187967384481,0.8963342199466964,0.8562764084299268,0.9883866236276384
0.386,10.693412125857273,0.9958829422659283,0.9999599746553736,0.9999989624696722,0.9999997928456947,0.9999538247885544,0.9995462179648823,0.9994538430120561,0.9991349514347109,0.9996085774230702,0.998195186249284,0.9980529493425457,0.9914226662805395,0.9614391483356729,0.9068972265255832,0.8966316721761574,0.8566242945191004,0.988425430285841
0.387,10.706231718741323,0.9959105154980017,0.9999604633053969,0.9999989795980044,0.9999997966545453,0.9999543785589331,0.999550434034579,0.9994588080083633,0.9991423551423065,0.9996122969596115,0.9982090140087523,0.9980677037138037,0.9914724405323682,0.961593917818191,0.9071740407291681,0.8969274330987094,0.8569703609602533,0.9884639766869515
0.388,10.719015767467651,0.995937827054244,0.9999609446468951,0.9999989963969941,0.9999998003830397,0.9999549241665024,0.9995545992566945,0.9994637140948206,0.9991496749334141,0.9996159708482508,0.9982226974231182,0.9980823052219369,0.9915217866893763,0.9617476309148985,0.9074492521894674,0.8972215159215357,0.8573146210319535,0.9885022652879922
0.389,10.731764419658514,0.9959648800433095,0.9999614188073654,0.9999990128738019,0.999999804033076,0.9999554617518749,0.9995587143691534,0.99946856211482,0.9991569119636683,0.9996195997613518,0.9982362383470357,0.9980967558196169,0.9915707094409217,0.961900297210677,0.907722873618698,0.897513933722274,0.8576570878897392,0.9885402985162134
0.39,10.744477822119816,0.9959916775299695,0.9999618859117827,0.9999990290354163,0.999999807606503,0.9999559914529115,0.999562780097474,0.9994733528977399,0.9991640673701518,0.9996231843598258,0.9982496386071473,0.9981110574301604,0.9916192134146603,0.9620519261831838,0.9079949176025573,0.8978046994505382,0.8579977745674963,0.9885780787695326
0.391,10.757156120846755,0.9960182225358264,0.9999623460826547,0.9999990448886569,0.9999998111051213,0.9999565134047825,0.9995667971550044,0.9994780872592081,0.9991711422717338,0.9996267252933514,0.9982629000025679,0.9981252119480339,0.9916673031774887,0.9622025272042685,0.9082653966017303,0.8980938259294186,0.8583366939788157,0.9886156084169665
0.392,10.769799461029411,0.9960445180400141,0.999962799440076,0.9999990604401802,0.9999998145306852,0.9999570277400257,0.9995707662431534,0.9994827660013613,0.9991781377694012,0.9996302232005905,0.9982760243053586,0.9981392212393494,0.9917149832364716,0.9623521095413723,0.9085343229533758,0.8983813258569614,0.8586738589183365,0.9886528897990552
0.393,10.782407987058283,0.9960705669798868,0.9999632461017814,0.9999990756964827,0.9999998178849036,0.9999575345886035,0.9995746880516168,0.9994873899130972,0.9991850549465839,0.9996336787093995,0.9982890132609924,0.9981530871423491,0.9917622580397509,0.962500682358903,0.9088017088725915,0.8986672118076294,0.8590092820630663,0.9886899252282786
0.394,10.79498184252979,0.9960963722516931,0.9999636861831974,0.9999990906639061,0.9999998211694411,0.9999580340779586,0.9995785632585982,0.9994919597703219,0.9991918948694726,0.9996370924370358,0.99830186858881,0.9981668114678829,0.9918091319774416,0.9626482547195905,0.9090675664538609,0.8989514962337415,0.8593429759736901,0.9887267169894668
0.395,10.807521170251716,0.9961219367112395,0.9999641197974924,0.9999991053486404,0.9999998243859196,0.9999585263330689,0.9995823925310259,0.9994964763361929,0.9991986585873306,0.9996404649903597,0.9983145919824675,0.9981803959998746,0.9918556093825103,0.9627948355858214,0.9093319076724771,0.899234191466893,0.8596749530958577,0.9887632673402025
0.396,10.820026112248629,0.9961472631745414,0.9999645470556263,0.9999991197567288,0.9999998275359198,0.9999590114765001,0.9995861765247656,0.9995009403613558,0.9992053471327997,0.9996437969660328,0.9983271851103747,0.9981938424957811,0.9919016945316398,0.9629404338209533,0.9095947443859502,0.8995153097193582,0.860005225761457,0.988799578511217
0.397,10.83249680976723,0.996172354418462,0.9999649680663981,0.9999991338940709,0.9999998306209813,0.999959489628458,0.9995899158848267,0.9995053525841775,0.9992119615221989,0.9996470889507111,0.9983396496161256,0.9982071526870412,0.9919473916460779,0.9630850581906095,0.9098560883353934,0.8997948630854714,0.8603338061898695,0.9888356527067794
0.398,10.844933403281676,0.9961972131813397,0.9999653829364928,0.9999991477664264,0.9999998336426048,0.999959960906839,0.9995936112455673,0.9995097137309727,0.9992185027558182,0.9996503415212351,0.998351987118921,0.9982203282795165,0.9919927048924727,0.9632287173639541,0.9101159511468908,0.900072863542992,0.8606607064892102,0.9888714921050783
0.399,10.857336032498862,0.9962218421636043,0.9999657917705276,0.9999991613794191,0.9999998366022527,0.9999604254272797,0.9995972632308919,0.9995140245162283,0.9992249718182057,0.9996535552448151,0.9983641992139819,0.9982333709539243,0.9920376383836924,0.9633714199149477,0.910374344332846,0.9003493229544486,0.860985938657551,0.9889070988585977
0.4,10.869704836363635,0.9962462440283824,0.999966194671096,0.9999991747385405,0.9999998395013502,0.9999608833032048,0.9996008724544472,0.9995182856428202,0.9992313696784493,0.9996567306792135,0.9983762874729559,0.998246282366262,0.9920821961796326,0.963513174323585,0.9106312792933141,0.9006242530684684,0.8613095145841287,0.9889424750944882
