Beta,R_0,R1,R2,R3,R4,R5,R6,R7,R8,R9,R10,R11,R12,R13,R14,R15,R16,R_all
0.0,0.0,0.0,0.0,0.0,0.0,0.0,0.0,0.0,0.0,0.0,0.0,0.0,0.0,0.0,0.0,0.0,0.0,0.0
0.001,0.07487301475573281,0.0,0.0,0.0,0.0,0.0,0.0,0.0,0.0,0.0,0.0,0.0,0.0,0.0,0.0,0.0,0.0,0.0
0.002,0.14929947077534794,0.0,0.0,0.0,0.0,0.0,0.0,0.0,0.0,0.0,0.0,0.0,0.0,0.0,0.0,0.0,0.0,0.0
0.003,0.22328335123885035,0.0,0.0,0.0,0.0,0.0,0.0,0.0,0.0,0.0,0.0,0.0,0.0,0.0,0.0,0.0,0.0,0.0
0.004,0.2968285920948617,8.881784197001252e-16,2.6645352591003757e-15,3.552713678800501e-15,3.552713678800501e-15,1.887379141862766e-15,1.5543122344752192e-15,1.6653345369377348e-15,1.6653345369377348e-15,1.7763568394002505e-15,1.7763568394002505e-15,1.3322676295501878e-15,1.1102230246251565e-15,1.1102230246251565e-15,2.220446049250313e-16,0.0,0.0,1.9302856426477083e-15
0.005,0.36993908275862075,0.0,0.0,0.0,0.0,0.0,0.0,0.0,0.0,0.0,0.0,0.0,0.0,0.0,0.0,0.0,0.0,0.0
0.006,0.4426186667976425,0.0,0.0,0.0,0.0,0.0,0.0,0.0,0.0,0.0,0.0,0.0,0.0,0.0,0.0,0.0,0.0,0.0
0.007,0.514871142605289,0.0,0.0,0.0,0.0,0.0,0.0,0.0,0.0,0.0,0.0,0.0,0.0,0.0,0.0,0.0,0.0,0.0
0.008,0.5867002640625001,0.0,0.0,0.0,0.0,0.0,0.0,0.0,0.0,0.0,0.0,0.0,0.0,0.0,0.0,0.0,0.0,0.0
0.009,0.658109741187926,4.440892098500626e-16,2.1094237467877974e-15,2.886579864025407e-15,2.4424906541753444e-15,5.551115123125783e-16,3.3306690738754696e-16,4.440892098500626e-16,4.440892098500626e-16,5.551115123125783e-16,4.440892098500626e-16,3.3306690738754696e-16,3.3306690738754696e-16,3.3306690738754696e-16,2.220446049250313e-16,0.0,0.0,1.0069402895618484e-15
0.01,0.7291032407766991,0.0,0.0,0.0,0.0,0.0,0.0,0.0,0.0,0.0,0.0,0.0,0.0,0.0,0.0,0.0,0.0,0.0
0.011,0.7996843870280737,4.440892098500626e-16,2.1094237467877974e-15,2.886579864025407e-15,2.4424906541753444e-15,5.551115123125783e-16,3.3306690738754696e-16,4.440892098500626e-16,4.440892098500626e-16,5.551115123125783e-16,4.440892098500626e-16,3.3306690738754696e-16,3.3306690738754696e-16,3.3306690738754696e-16,2.220446049250313e-16,0.0,0.0,1.0069402895618484e-15
0.012,0.8698567621621622,2.886579864025407e-15,1.0769163338864018e-14,1.765254609153999e-14,1.63202784619898e-14,5.329070518200751e-15,4.551914400963142e-15,4.773959005888173e-15,5.551115123125783e-15,5.551115123125783e-15,4.551914400963142e-15,4.6629367034256575e-15,3.3306690738754696e-15,2.4424906541753444e-15,1.5543122344752192e-15,7.771561172376096e-16,8.881784197001252e-16,7.306427245767397e-15
0.013,0.9396239070259866,1.1435297153639112e-14,4.196643033083092e-14,7.09432512735475e-14,6.150635556423367e-14,2.1760371282653068e-14,1.7541523789077473e-14,1.865174681370263e-14,2.0872192862952943e-14,2.1094237467877974e-14,1.7763568394002505e-14,1.6653345369377348e-14,1.2434497875801753e-14,9.547918011776346e-15,6.106226635438361e-15,3.885780586188048e-15,3.9968028886505635e-15,2.8440525567919384e-14
0.014,1.0089893216890595,0.0034376428524743874,0.013134101370099294,0.022728926603779676,0.019311115107436994,0.006664250404839311,0.005236430383588231,0.00564934919833493,0.006353915772099983,0.006466918156246004,0.005424582933980293,0.0050105653561014485,0.0037496394616320927,0.0028532546285108262,0.0018875910147566621,0.0012415255940492198,0.0013058085197331648,0.008847068902135023
0.015,1.077956466028708,0.030282736559049006,0.1098248948141477,0.17714995903488584,0.15460436322506266,0.05776804162887483,0.04637241264175984,0.049650565590089624,0.0554583724713249,0.05627649577809202,0.04745704679189677,0.044113925008761545,0.03316210544583331,0.02535719368638667,0.01660932081063715,0.010903865832287085,0.011424341328308163,0.07347913584914437
0.016,1.1465287603053436,0.05761616948546555,0.19841726275886706,0.30167619788778566,0.2688943456837638,0.10813744326611363,0.08851661843924652,0.09415515850192524,0.10449777422996298,0.10577299385748529,0.08966171893536945,0.08383575919047381,0.06331647355181136,0.04864825230499903,0.03160623758833436,0.020722054273097146,0.02163746353697993,0.13259055076186052
0.017,1.2147095857278782,0.08517380149297804,0.2787858494315709,0.4032389594953879,0.36557244643588305,0.15730774872479847,0.131056579612001,0.13860719478061811,0.15292580124749866,0.15446632153337425,0.13161297230245417,0.12372463058303751,0.09389062477853793,0.07248423521115333,0.04678179125127968,0.030647971296762666,0.03190600931780552,0.18686353345469484
0.018,1.2825022850094876,0.11272286370412232,0.35116081193284077,0.4868823220189892,0.4475730075484736,0.20492268472849118,0.17345352586593876,0.18251958677443003,0.20027858137811927,0.20194039562966337,0.172940435561882,0.163374059955664,0.1245907298844019,0.09663980800361038,0.062046105857221034,0.040636215543667586,0.0421922251326996,0.23683293881250003
0.019,1.3499101629139074,0.14006479138142558,0.41600592234770195,0.5563579632992166,0.5173512345244824,0.2507127388334668,0.2152480262448616,0.22548351294623414,0.24617948702786718,0.247857374278035,0.21333097661671685,0.20242999461694522,0.155156095097291,0.12091091241542029,0.07731826707185985,0.05064509216712687,0.052460745750284477,0.2829289923270982
0.02,1.416936486792453,0.16703531022497298,0.4739137772791989,0.6145058405936892,0.576935895310142,0.2944849178487883,0.256063878952582,0.26717203449990157,0.2903395101545265,0.29195884451086873,0.2525311908943165,0.24059681259495003,0.18536304661246927,0.14511830351804378,0.09252757845798432,0.06063736880653503,0.06267952368922214,0.32550879669939575
0.021,1.4835844871119475,0.19350267150085465,0.5255289095425932,0.6635072946401893,0.6279967811831455,0.3361145233489454,0.295607332870208,0.30733795345916093,0.33255255374528336,0.33406235580392973,0.2903469934359837,0.277639256633863,0.21502645970795375,0.16910934078755901,0.10761396179199356,0.07058067985888483,0.07282044485289307,0.3648780623229237
0.022,1.5498573579737336,0.21936478908903478,0.5714970402347745,0.7050587588510742,0.6719080296590461,0.37553631297161694,0.33366185660322367,0.34580733035100797,0.37268688001208616,0.3740541412947329,0.32664004659888646,0.313380369442514,0.24399896381686814,0.1927580675134729,0.12252774229750862,0.08044762195415178,0.08285961735424552,0.40130556995172273
0.023,1.6157582576239478,0.24454576503417302,0.6124344960045087,0.7404939526773062,0.7098022672614783,0.41273483911314623,0.3700796985949991,0.3824702747631633,0.41067428543468965,0.41187944226202833,0.36132178205701526,0.34769639403901176,0.27216830635749956,0.21596389310474895,0.13722899314727144,0.09021559474168117,0.09277737102627903,0.43503246772225374
0.024,1.681290308955224,0.26899217125467534,0.6489117429716815,0.7708715838709401,0.7426152891944517,0.44773457717058296,0.4047717221961161,0.4172705064858241,0.4464984750074058,0.4475318605926776,0.3943460705622537,0.38050985161916173,0.2994535204311053,0.23864931165398384,0.15168659421046748,0.09986645493512758,0.10255803541451858,0.4662780742036899
0.025,1.7464566000000001,0.2926693704352864,0.681446192425181,0.7970393735425498,0.7711224226709913,0.48059054544007496,0.4376968112063946,0.4501948695783403,0.4801837753074891,0.48104287651596767,0.42570150098910187,0.41178189346306515,0.32580051376348496,0.26075708728404046,0.16587714272255782,0.10938605482162944,0.11218957292210574,0.49524344477500154
0.026,1.8112601844155845,0.31555807571136874,0.7105007724477592,0.8196814836256452,0.7959679779276685,0.5113799273252382,0.46885177908743225,0.48126359706423505,0.511784923281559,0.5124722844151068,0.4554039772886542,0.44150474819202257,0.35117756874761563,0.28224726176328074,0.17978382697732898,0.11876372817789127,0.12166313647100924,0.52211358966446
0.027,1.875704081961147,0.3376512693869338,0.7364858714954503,0.8393540982176939,0.8176890751380254,0.5401949598546394,0.49826234131505787,0.5105217699923754,0.5413783056130144,0.5418999437693506,0.48349006674092565,0.4696947867213136,0.3755710875075585,0.30309423864701646,0.19339534246714285,0.12799177184530153,0.13097260559348012,0.5470589318837227
0.028,1.93979127896679,0.35895153469622687,0.7597630851305182,0.856512416843678,0.8367349311816674,0.5671371477447866,0.5259754056126478,0.538032141273054,0.5690547521362708,0.569418971706604,0.5100113037243257,0.4963864749518807,0.39898177464027285,0.3232841015486093,0.20670489974772477,0.13706495536882424,0.14011413783315163,0.5702363693556618
0.029,2.0035247287948486,0.37946880624000456,0.7806497745411011,0.8715313361969694,0.8534824903538935,0.5923127260518468,0.55205272200531,0.5638693115387807,0.5949138119778963,0.5951303271870931,0.5350294911013536,0.5216273018586263,0.4214213418796482,0.3428122467630643,0.2197093488177022,0.14598007735972618,0.14908575747093922,0.5917901508322241
0.03,2.0669073522935784,0.39921851382973716,0.7994238346428435,0.8847214377584267,0.8682491120900724,0.6158292208956004,0.5765658055356991,0.5881151384273584,0.6190593463953246,0.6191386394125564,0.5586129417306438,0.5454736548073813,0.4429097455273294,0.3616813557484624,0.2324084272267577,0.15473557686486994,0.15788699230919345,0.6118526755763625
0.031,2.129942038243367,0.4182200777944153,0.8163283243819586,0.8963414472773691,0.8813028887539518,0.6377929300502052,0.5995919790418816,0.6108552115786838,0.6415962344885198,0.6415490922631238,0.580833551148642,0.5679875503703185,0.4634729235354226,0.3798996983288778,0.24480412785973593,0.16333120100582876,0.1665185615473309,0.6305452669165298
0.032,2.192631643795621,0.43649570727882137,0.8315757743984222,0.9066080174767616,0.8928710535254861,0.658307146386985,0.6212113607074914,0.6321762134754962,0.6626279858379386,0.6624651715671892,0.6017645735966561,0.5892341015770707,0.48314097677314916,0.3974797381833426,0.25690017601136417,0.17176772589231404,0.17498211302908862,0.6479789364849303
0.033,2.254978994904459,0.45406945301901,0.8453520880273313,0.9157034626288004,0.903146847593218,0.6774709639348455,0.641504624062593,0.6521639954502172,0.6822550715091571,0.6819870968379411,0.621478974450942,0.6092795978352272,0.5019467309786954,0.4144370034702811,0.2687016024978247,0.18004672557403878,0.18328000554859736,0.6642551392591517
0.034,2.3169868867513617,0.47096646970182665,0.857820012045631,0.923781913820715,0.9122951429401629,0.6953785296965425,0.6605513745311068,0.6709022178805502,0.7005738108696482,0.7002107829438717,0.6400482434944478,0.6281900816764308,0.5199246164933305,0.43078918340805683,0.28021439890316757,0.18817038290416954,0.1914151307618056,0.6794665125538001
0.035,2.378658084162897,0.4872124483588117,0.8691221880946274,0.9309742476546821,0.9204570585161411,0.7121186288890555,0.678429008586676,0.68847142696705,0.7176756796640559,0.7172272033978376,0.6575415693226545,0.646030320365633,0.5371098080947624,0.44655541344699246,0.29144524170283737,0.19614133612689888,0.19939076901229713,0.6936975904089867
0.036,2.4399953220216606,0.5028331850886929,0.8793838139603438,0.9373920559324946,0.9277537606986977,0.727774514059528,0.6952119444253424,0.7049484636137457,0.7336469311892129,0.7331220519132351,0.6740252919141321,0.6628630861654206,0.5535375744976656,0.4617557154157985,0.3024012733093103,0.2039625554042349,0.20721047365725587,0.7070254856927798
0.037,2.5010013056705676,0.5178542580468612,0.8887149521727511,0.943130860762242,0.9342896013898381,0.7424239082812969,0.7109711343154337,0.7204061208476628,0.7485684455422343,0.747975620879586,0.6895625660942202,0.6787486743879181,0.569242794815324,0.4764105635092032,0.3130899296435403,0.21163724412140628,0.21487797901335692,0.7195205341275228
0.038,2.5616787113105928,0.5323007897323966,0.897212525744109,0.9482727323746644,0.940154717041436,0.7561391290220053,0.7257737873429824,0.7349129841343177,0.7625157412781072,0.7618628338944662,0.7042131824018188,0.6937446021667188,0.5842596066233317,0.49054055150710196,0.3235188054129867,0.21916876050731215,0.22239712767392117,0.7312468965405944
0.039,2.6220301863921223,0.546197276006454,0.9049620398720759,0.9528884314435028,0.9454271878626087,0.7689872924634281,0.7396832468360137,0.7485334037670847,0.7755590995217696,0.7748533845198465,0.7180335034741323,0.7079054427128431,0.5986211568261544,0.5041661408108379,0.33369554974532645,0.22656055579086032,0.2297718135851201,0.7422631175339636
0.04,2.68205835,0.5595674669767849,0.9120390656797512,0.9570391707968042,0.9501748372363199,0.7810305684317881,0.7527589794501588,0.7613275604639509,0.7877637630388026,0.7870119453712706,0.7310764835622321,0.7212827596444988,0.61235943215761,0.5173074725848423,0.3436277861283148,0.23381612574174027,0.23700593786105673,0.7526226403103751
0.041,2.7417657932324135,0.5724342879328836,0.9185105185215187,0.9607780708734489,0.9544567359916348,0.7923264641281994,0.7650566430552774,0.7733515947754541,0.7991901824837985,0.7983984209680421,0.7433917464072879,0.7339251139602929,0.6255051508522473,0.5299842304567366,0.3533230517235485,0.24093897299625733,0.24410337484284172,0.7623742785609329
0.042,2.8011550795737126,0.58481979099413,0.9244357596213769,0.9641513675137844,0.9583244638645931,0.8029281209786404,0.7766282085675138,0.7846577783060446,0.8098942895200141,0.8090682249471775,0.7550257027240795,0.7458781226017701,0.638087700885662,0.5422155428760083,0.3627887520606995,0.24793257804148516,0.25106794635899643,0.7715626471432808
0.043,2.8602287452612933,0.5967451301257236,0.9298675461501632,0.9671994184969708,0.9618231706118502,0.812884613547646,0.7875221171075342,0.7952947104679369,0.819927782191374,0.8190725677043152,0.766021693235576,0.7571845525836006,0.6501351133071493,0.5540199164112185,0.37203212789562656,0.25480037712788706,0.25790340252565513,0.7802285538183262
0.044,2.9189892996466433,0.6082305537673015,0.9348528514565098,0.9699575457805637,0.9649924713201623,0.8222412429133167,0.7977834586799541,0.805307528864408,0.8293384122143602,0.8284587446397476,0.7764201468353156,0.7678844386039401,0.6616740616931136,0.5654151930412473,0.38106023165167013,0.26154574570959377,0.26461340774180975,0.7884093546275539
0.045,2.977439225550661,0.619295410580924,0.9394335741170793,0.9724567430131108,0.96786720408575,0.8310398194541861,0.8074541622567739,0.814738124725854,0.8381702670592249,0.8372704182602779,0.7862587462419957,0.7780152150993247,0.6727298807424023,0.5764185259305168,0.38987991137990907,0.2681719862816412,0.27120153079527465,0.7961392756378411
0.046,3.035580979613357,0.6299581648221524,0.9436471517837498,0.9747242720941068,0.9704780731060866,0.8393189318663237,0.8165731899534385,0.8236253573312556,0.8464640420607964,0.8455478896609665,0.7955725956349777,0.7876118560604761,0.6833265986108936,0.587046369330102,0.39849780059117546,0.2746823197037599,0.27767123820758,0.8034497038031939
0.047,3.0934169926380375,0.6402364186232639,0.9475270934677099,0.9767841679831779,0.9728521960830002,0.847114200579947,0.8251767301072652,0.8320052632273998,0.8542572995382535,0.8533283565765621,0.8043943863676394,0.7967070177275862,0.6934869788237299,0.597314479167693,0.40692031264802553,0.2810798792790187,0.2840258901185595,0.8103694496304247
0.048,3.1509496699300703,0.6501469390946726,0.9511034418859945,0.9786576673359882,0.9750135714819285,0.8544585147085475,0.8332983856612848,0.839911257455868,0.8615847131655044,0.8606461563994902,0.812754558065068,0.8053311806570034,0.7032325685771628,0.6072379216232933,0.4151536386737691,0.287367707000166,0.29026873815083776,0.8169249842174142
0.049,3.2081813916303403,0.6597056886343644,0.9544031757712245,0.9803635736580893,0.9769834784703612,0.8613822523392554,0.8409693554451982,0.8473743250285036,0.8684782967383071,0.8675329934243138,0.8206814533159387,0.8135127886920427,0.7125837510033597,0.6168310875708947,0.4232037481508052,0.2935487514930434,0.2964029248068818,0.8231406530799333
0.05,3.265114513043479,0.6689278572138505,0.9574505605750373,0.981918569359087,0.9787808201439605,0.8679134844361887,0.8482186068251608,0.8544232016448344,0.874967617122049,0.8740181501852553,0.8282014648377709,0.8212783831548107,0.7215597995652921,0.6261077112291502,0.43107639155242383,0.2996258672803196,0.30243148404171427,0.8290388690118748
0.051,3.321751364960971,0.6778278957050392,0.9602674547459885,0.9833374832344953,0.9804224188421228,0.8740781629355213,0.8550730388395856,0.8610845431880911,0.8810799916041214,0.8801286831700801,0.8353391744859824,0.8286527311627733,0.7301789332106222,0.635080891730569,0.4387771044893993,0.30560181506426887,0.3083573427270573,0.8346402860453969
0.052,3.3780942539792393,0.6864195495432948,0.9628735777024169,0.9846335204059838,0.9819232708767032,0.8799002938045664,0.8615576354062864,0.867383083922372,0.8868406701692841,0.8858896034706946,0.8421174838334609,0.8356589474095384,0.7384583712716686,0.643763116608671,0.4463112129621144,0.31147926278797855,0.3141833227809929,0.8399639563996762
0.053,3.43414546281277,0.6947158922017387,0.9652867447220667,0.9858184605382393,0.9832967667850816,0.8854020959490465,0.8676956085207755,0.87334178358197,0.8922730034044706,0.8913240431058858,0.8485577363018285,0.8423186090696813,0.7464143873754894,0.6521662864315146,0.45368383939614176,0.31726078728310547,0.31991214378394894,0.8450274721348554
0.054,3.48990725060241,0.7027293580915913,0.9675230732088018,0.9869028291645205,0.9845548822212652,0.8906041469065363,0.8735085315998572,0.8789819637251847,0.8973985968505446,0.8964534078530677,0.8546798310035907,0.8486518637200829,0.7540623618415406,0.6603017399906908,0.4608999092086957,0.32294887635144764,0.3255464259393337,0.849847093064574
0.055,3.5453818532188843,0.7104717746116721,0.9695971641514699,0.9878960461478534,0.9857083437758436,0.8955255162772414,0.8790164632842431,0.8843234338419289,0.9022374526744256,0.9012975174746964,0.8605023285752278,0.8546775303363809,0.7614168322081304,0.6681802795971961,0.46796415770866395,0.32854593115902475,0.33108869326712487,0.8544378623280843
0.056,3.6005714835616445,0.717954393153878,0.9715222620428824,0.9888065546450375,0.9867667733349069,0.9001838878286758,0.8842380621181171,0.8893846077744225,0.9068080995520584,0.90587473423687,0.8660425493597773,0.8604131935391047,0.7684915416539413,0.6758121961475352,0.474881137176989,0.33405426884660394,0.3365413769427642,0.8588137108822211
0.057,3.655478331853118,0.7251879189358879,0.9733103960626429,0.9896419333980282,0.987738814023386,0.90459567117778,0.8891906925870213,0.894182611046187,0.9111277116428971,0.9102020806040461,0.8713166643446885,0.8658752913423783,0.7752994851757506,0.6832072937112675,0.4816552240091565,0.3394761252808639,0.3419068187129394,0.8629875520446714
0.058,3.71010456592845,0.7321825395816863,0.9749725049332344,0.9904089947294685,0.9886322403086233,0.9087761039094178,0.8938905230292163,0.8987333797061966,0.9152122175087696,0.9142953469632983,0.876339779285223,0.8710791967083035,0.7818529534548855,0.6903749134600154,0.4882906258294043,0.3448136578866643,0.34718727433520724,0.8669713671028605
0.059,3.7644523315208156,0.7389479524080316,0.9765185475234076,0.9911138702483567,0.9894540544482907,0.9127393449388526,0.8983526159480785,0.9030517512896236,0.9190763997905992,0.9181691901902461,0.8811260124517373,0.8760392932395601,0.78816357439811,0.6973239568116449,0.49479138850833804,0.3500689485139328,0.3523849170006994,0.8707762828967867
0.06,3.818523752542373,0.7454933904032949,0.9779576009873214,0.9917620859638048,0.990210571139255,0.9164985598712447,0.9025910112504139,0.9071515484795708,0.9227339864101853,0.9218372238212064,0.8856885664356628,0.8807690453569563,0.794242352377698,0.7040629077050715,0.5011614030331404,0.35524400630314434,0.35750184070895485,0.8744126421886447
0.061,3.872320931360947,0.7518276469062415,0.9792979479843065,0.9923586282481565,0.9909074919493995,0.9200659990558392,0.9066188029224688,0.9110456560294959,0.9261977340144083,0.9253121005454292,0.8900397944374677,0.8852810633118473,0.800099705223587,0.7105998539534617,0.5074044121934207,0.3603407705217576,0.36254006357173907,0.8778900675463359
0.062,3.925845949072513,0.7579590990078062,0.9805471543160633,0.9929080018761546,0.9915499708836325,0.9234530689779824,0.9104482096353341,0.9147460914766068,0.9294795043281857,0.9286055876797084,0.894191261442994,0.889587163378687,0.8057454990402478,0.7169425076484006,0.51352401705664,0.36536111335068044,0.3675015310289036,0.8812175193910793
0.063,3.979100865769554,0.7638957297101,0.9817121381400987,0.9934142811869651,0.9921426722408515,0.9266703975795323,0.9140906397469842,0.9182640701445,0.9325903340319065,0.9317286362367696,0.8981538006743311,0.8936984235629087,0.8111890809342043,0.7230982246065378,0.5195236832156531,0.37030684260519797,0.3723881189642866,0.8844033487906329
0.064,4.03208772080537,0.7696451488846572,0.982799231765661,0.9938811552646172,0.9926898217543857,0.9297278940482842,0.9175567511412033,0.9216100649002321,0.9355404987300068,0.9346914441496623,0.9019375656792257,0.8976252351456485,0.8164393097465308,0.7290740228644912,0.5254067467975985,0.3751797043790651,0.37720163671352225,0.8874553455182178
0.065,4.084808533054394,0.775214613077114,0.9838142369074828,0.9943119679049031,0.9931952518693743,0.9326348035701275,0.9208565063155015,0.9247938610979265,0.9383395715305091,0.9375035141675542,0.9055520784000002,0.9013773503708513,0.8215045848893213,0.7348766002383915,0.5311764202285958,0.37998138560387884,0.38194382995871046,0.8903807818424682
0.066,4.137265301168615,0.7806110442087077,0.9847624741600498,0.9947097530289839,0.9936624418925235,0.9353997574939764,0.9239992231017848,0.9278246071087011,0.9409964767111979,0.9401737068942693,0.9090062735398287,0.9049639265630565,0.8263928733870037,0.7405123509721871,0.5368357977527495,0.3847135165185064,0.3866163835072758,0.8931864524648833
0.067,4.189460003830143,0.7858410472266391,0.9856488273581282,0.9950772661125797,0.994094553649298,0.9380308193191175,0.9269936213756811,0.9307108608056102,0.9435195389068213,0.9427102893997907,0.9123085395214887,0.9083935669463464,0.8311117352231916,0.7459873815043077,0.5423878607070189,0.3893776730455113,0.3912209239542247,0.8958787109777151
0.068,4.241394600000001,0.7909109267558543,0.986477783405608,0.9954170121219866,0.9944944631980311,0.9405355268774316,0.9298478660835057,0.9334606323427731,0.9459165282134053,0.94512097979684,0.9154667563117589,0.9116743584170911,0.8356683470920523,0.7513075253859927,0.5478354825558618,0.3939753790731352,0.39575902222842696,0.8984635031764244
0.069,4.293071029163215,0.7958267028044705,0.9872534680824061,0.9957312703820296,0.9948647890773251,0.9429209310488862,0.932569606890182,0.9360814235400772,0.9481947015704139,0.9474129881395065,0.9184883303636929,0.9148139065056072,0.8400695246504153,0.7564783573869669,0.5531814336912718,0.3985081086427289,0.4002321960246479,0.9009463975262758
0.07,4.344491211570249,0.800594125574071,0.987979678276561,0.9960221167446,0.9952079175005167,0.945193631317555,0.9351660147271659,0.9385802641588764,0.9503608407489905,0.949593053968637,0.9213802269091921,0.9178193677449094,0.8443217433633007,0.7615052068254202,0.5584283860050788,0.4029772880424931,0.40464191212387046,0.9033326130518151
0.071,4.395657048474855,0.8052186894246881,0.9886599110343615,0.9962914433781005,0.995526024857283,0.9473598084470684,0.9376438154966917,0.9409637453300006,0.9524212872447637,0.9516674807991713,0.9241489998157206,0.9206974796485522,0.8484311580315622,0.7663931701597669,0.5635789172412653,0.4073842978091674,0.4089895886050475,0.9056270448905165
0.072,4.4465704223684215,0.8097056460425262,0.9892973897741977,0.9965409764566753,0.9958210978362942,0.9494252545285972,0.9400093211674608,0.9432380503730704,0.9543819743465112,0.9536421678176571,0.9268008192036671,0.923454588484224,0.8524036210860195,0.7711471228795297,0.5686355151366151,0.41173047463986,0.4132765969518418,0.907834287727376
0.073,4.497233197210829,0.8140600168565285,0.9898950879687863,0.9967722919924781,0.9960949514430535,0.9513954006310583,0.9422684584772286,0.9454089832255638,0.9562484566272098,0.955522639033629,0.9293414970047518,0.9260966750153311,0.8562446997280087,0.7757717307321261,0.5736005813583601,0.4160171132166327,0.4175042640582005,0.9099586573053974
0.074,4.5476472186579375,0.8182866047478053,0.9904557505646747,0.9969868300235433,0.9963492451527437,0.9532753422619902,0.9444267954395867,0.9474819946811931,0.9580259370814561,0.9573140701062133,0.9317765106269755,0.9286293783693148,0.8599596919917994,0.78027146032143,0.5784764352476606,0.420245467946743,0.42167387413679147,0.9120042101873771
0.075,4.597814314285714,0.82239000509378,0.9909819133767145,0.9971859073433339,0.9965854974082254,0.9550698628282991,0.946489565835486,0.94946220661982,0.9597192921127574,0.9590213130470394,0.9341110248778471,0.9310580181788642,0.8635536417998624,0.7846505891128233,0.5832653173777596,0.4244167546216332,0.4257866705344078,0.9139747619269992
0.076,4.647736293811075,0.8263746161867564,0.9914759206679185,0.9973707289351395,0.996805098647626,0.9567834552686615,0.9484616918546742,0.9513544343953039,0.9613330945556138,0.9606489189821479,0.9363499122849799,0.9333876151305232,0.8670313530776509,0.7889132148781627,0.5879693929355945,0.4285321519978903,0.4298438574584891,0.9158739037916579
0.077,4.697414949309504,0.8302446490644351,0.9919399411012223,0.9975423982546383,0.9970093230236501,0.9584203420135902,0.9503478050380968,0.953163207533182,0.9628716349004355,0.9622011591388956,0.9384977719414981,0.935622910044374,0.8703974029903377,0.793063264612644,0.5925907549354539,0.4325928033034325,0.4338466016188637,0.9177050181655078
0.078,4.746852055429498,0.8340041367878182,0.9923759822287326,0.9977019264867126,0.9971993389573551,0.9599844934149092,0.9521522656593989,0.9548927888768705,0.9643389408740671,0.9636820442087495,0.9405589469930404,0.9377683815985144,0.8736561543599362,0.797104502954094,0.5971314272730821,0.43659981767221046,0.4377960337887662,0.9194712927487763
0.079,4.796049369603881,0.8376569431998735,0.9927859036656412,0.9978502408876124,0.9973762186522447,0.9614796447734729,0.9538791806718294,0.9565471923090162,0.9657387955148318,0.9650953422231567,0.9425375408733554,0.9398282628028283,0.876811767317379,0.8010405401336924,0.6015933676283248,0.4405542715106646,0.4416932502890797,0.921175733658198
0.08,4.8450086322580646,0.8412067711963684,0.993171429079814,0.9979881923105101,0.9975409466798081,0.9629093120822891,0.955532420336058,0.9581301991636448,0.9670747538684621,0.9664445950672853,0.9444374323865424,0.9418065563181016,0.8798682102404969,0.8048748394856462,0.6059784702241557,0.4444572097991356,0.44553931439963557,0.9228211775234351
0.081,4.893731567015286,0.8446571705383854,0.9935341571138108,0.9981165620010869,0.9976944277347695,0.9642768065916415,0.9571156336345422,0.9596453734347431,0.9683501584199193,0.9677331337451834,0.9462622897257966,0.9437070487087358,0.8828292700253946,0.8086107245418329,0.6102885684495769,0.44830964733135037,0.44933525770128324,0.9244103026653628
0.082,4.942219880898877,0.8480115452342298,0.9938755713435258,0.9982360677398344,0.9978374936470488,0.9655852482932481,0.9586322625690838,0.9610960758778032,0.969568153365802,0.9689640924997449,0.9480155835110351,0.9455333237101707,0.8856985617354838,0.8122513857360021,0.6145254373535807,0.45211256989499393,0.45308208135228867,0.925945639434036
0.083,4.990475264531626,0.8512731605167297,0.9941970493665416,0.998347369399026,0.9979709097275734,0.9668375784118398,0.9600855554300001,0.9624854770925588,0.9707316978227205,0.9701404218816381,0.9497005989209346,0.9472887745855645,0.8884795376693986,0.8157998867407037,0.6186907960170226,0.4558669353963064,0.4567807573024779,0.9274295797769178
0.084,5.038499392332269,0.8544451494403059,0.9944998711034713,0.998451073974666,0.9980953805164222,0.9680365709847109,0.9614785791178422,0.9638165696675935,0.9718435780585548,0.971264900853018,0.9513204469886628,0.9489766156402584,0.8911754958861743,0.8192591704587733,0.6227863098089249,0.45957367493150525,0.4604322294483951,0.9288643861014302
0.085,5.086293922709164,0.8575305191206585,0.9947852263868692,0.9985477401470045,0.9982115549941709,0.969184843602695,0.9628142305917683,0.9650921794606243,0.972906418825858,0.9723401480042645,0.952878075124869,0.9505998929570382,0.8937895882234054,0.8226320646899039,0.6268135925334093,0.4632336938077335,0.46403741473257987,0.9302521994900268
0.086,5.133860498251193,0.8605321566384835,0.9950542219045891,0.9986378824172915,0.9983200313106129,0.9702848673795983,0.9640952475124482,0.9663149760820091,0.9739226938697176,0.9733686319551398,0.9543762769262891,0.9521614944101466,0.8963248278416338,0.8259212874916084,0.6307742084731358,0.46684787251611237,0.4675972041899381,0.93159504732071
0.087,5.181200745915939,0.863452834627267,0.9953078875576152,0.9987219748632414,0.998421361079123,0.9713389762112845,0.9653242181416959,0.967487482643324,0.9748947356760871,0.9743526810055281,0.9558177013235435,0.9536641590113619,0.8987840963258912,0.8291294522526963,0.6346696743348182,0.4704170676593672,0.4711124639440154,0.9328948503411427
0.088,5.22831627721519,0.8662952165639409,0.9955471822863163,0.9988004545510842,0.9985160532797275,0.9723493753803296,0.9665035905558522,0.9686120848276674,0.9758247445208851,0.9752944920952854,0.9572048611173579,0.9551104856372155,0.9011701503731777,0.8322590724962902,0.6385014611020852,0.4739421128363639,0.4745840361558429,0.934153429240228
0.089,5.2752086883977904,0.8690618617799892,0.995772999413653,0.9988737246380194,0.9986045778093298,0.9733181495573611,0.9676356812252114,0.9696910393336201,0.9767147968749723,0.9761961391275993,0.9585401409484525,0.9565029411825241,0.9034856280926581,0.835312566428347,0.6422709958006696,0.4774238194857947,0.4780127399278954,0.9353725107571277
0.09,5.321879560629921,0.8717552302094737,0.9959861715490446,0.998942157195303,0.9986873687134786,0.9742472702458461,0.9687226830074772,0.9707264817404817,0.9775668532153999,0.9770595807056107,0.9598258047427064,0.9578438681818485,0.9057330549434929,0.8382922612466701,0.6459796631806372,0.48086297769112973,0.48139937216554707,0.9365537333641981
0.091,5.36833046017282,0.8743776868894082,0.9961874750922965,0.9990060957790202,0.9987648271304471,0.9751386027131361,0.9697666725993044,0.9717204338384724,0.9783827652890479,0.9778866673278225,0.9610640026698782,0.9591354919372177,0.9079148493334988,0.8412003972244642,0.6496288073200973,0.4842603569488473,0.48474470839830264,0.9376986525571532
0.092,5.414562938557994,0.8769315062269268,0.9963776343731456,0.9990658577727726,0.9988373239751929,0.9759939124469765,0.9707696174863852,0.9726748104640119,0.9791642828708752,0.9786791480839793,0.9622567776511192,0.960379927187465,0.9100333279002272,0.8440391315816058,0.6532197331545948,0.4876167069018559,0.48804950356294075,0.9388087457828709
0.093,5.4605785327599685,0.8794188760467779,0.9965573254585374,0.9991217365240103,0.9989052023879267,0.9768148711734249,0.9717333824292677,0.9735914258769146,0.9799130600554671,0.9794386768896083,0.9634060714477295,0.9615791843517683,0.9120907104945594,0.8468105421559868,0.6567537079361394,0.4909327580398969,0.4913144927505977,0.9398854170326882
0.094,5.506378765366615,0.8818419014318261,0.9967271796566793,0.9991740032935149,0.9989687799694875,0.9776030624691413,0.9726597355190932,0.9744719997133564,0.9806306611173411,0.9801668182942336,0.9645137303610635,0.9627351753774698,0.9140891248855393,0.8495166308865132,0.6602319626256064,0.49420922236866505,0.4945403919196998,0.9409300011266395
0.095,5.551965144747082,0.8842026083684392,0.9968877867441468,0.9992229090355552,0.9990283508234712,0.9783599869983035,0.9735503538347086,0.9753181625457494,0.9813185659725433,0.9808650528953791,0.9655815105711503,0.9638497192199386,0.9160306112038785,0.8521593271186201,0.6636556932220341,0.49744679404923475,0.49772789857655586,0.9419437677119732
0.096,5.597339165217392,0.8865029472078975,0.9970396979398517,0.9992686860244786,0.9990841874230555,0.9790870674019345,0.9744068287300975,0.9761314610781642,0.9819781752713914,0.9815347823878431,0.9666110831394631,0.9649245469801113,0.9179171261403801,0.8547404907424854,0.6670260620321309,0.5006461500093502,0.5008776924253104,0.9429279249973284
0.097,5.642502307203718,0.8887447959542589,0.9971834286474556,0.9993115493419241,0.9991365423186758,0.9797856528651737,0.9752306707787974,0.9769133630036685,0.9826108151497859,0.9821773342753171,0.9676040386993061,0.9659613067234046,0.9197505469144257,0.8572619151734944,0.6703441988831265,0.5038079505280025,0.5039904359888612,0.9438836232421778
0.098,5.687456037403401,0.8909299633884755,0.9973194609858157,0.9993516982374396,0.9991856497011063,0.9804570233859707,0.9760233143998613,0.9776652615478719,0.9832177416642914,0.9827939662692348,0.968561891855495,0.9669615680018973,0.9215326750266425,0.859725330183908,0.6736112022819163,0.506932839794678,0.5070667752022661,0.9448119580195518
0.099,5.732201808943716,0.8930601920379336,0.9974482461252531,0.9993893173740307,0.9992317268330755,0.9811023937668081,0.9767861221880177,0.9783884797210559,0.9838001449341576,0.9833858703977328,0.9694860853133556,0.967926826100038,0.9232652398089212,0.8621324045941392,0.676828140523282,0.5100214464445567,0.5101073399800612,0.945713973268572
0.1,5.776741061538462,0.8951371610000395,0.9975702064458127,0.9994245779690426,0.9992749753612645,0.98172291734934,0.9775203889689142,0.9790842742995316,0.984359153011602,0.9839541768457788,0.9703779937555531,0.9688585060226235,0.9249499017840672,0.8644847488315188,0.6799960527498086,0.5130743840708928,0.5131127447588502,0.9465906641520108
0.101,5.821075221642364,0.8971624886279268,0.997685737532227,0.9994576388397752,0.9993155825193967,0.9823196895102769,0.9782273455987291,0.9797538395552672,0.9848958354999826,0.9844999575458515,0.9712389274838772,0.9697579662423986,0.926588255846556,0.8667839173639464,0.6831159499659718,0.5160922517157205,0.5160835890164247,0.9474429797328556
0.102,5.86520570260337,0.899137735085883,0.997795210018976,0.9994886473623223,0.999353722232094,0.9828937509354044,0.9789081625259518,0.980398310751365,0.9854112069379403,0.985024229537033,0.972070135841825,0.9706265022233538,0.9281818342750967,0.8690314110153701,0.6861888160087302,0.5190756343399789,0.5190204577686306,0.9482718254827608
0.103,5.909133904812835,0.9010644047816172,0.9978989712976489,0.9995177403513241,0.9993895561282613,0.9834460906873232,0.9795639531317829,0.9810187674196261,0.9859062299661789,0.9855279581089736,0.97287281043266,0.9714653497346168,0.9297321095870057,0.8712286791696148,0.6892156084768185,0.5220251032740868,0.5219239220451038,0.9490780656342495
0.104,5.952861215853659,0.9029439486820663,0.9979973470977362,0.9995450448675897,0.9994232344719296,0.9839776490812894,0.9801957768643601,0.9816162364352082,0.9863818182922519,0.9860120597459153,0.9736480881465366,0.9722756879687504,0.9312404972437346,0.8733771218686763,0.6921972596208165,0.5249412166499319,0.5247945393449466,0.9498625253876014
0.105,5.996389010646388,0.9047777665190336,0.9980906429510061,0.9995706789598946,0.9994548970177446,0.9844893203824389,0.9808046421808722,0.982191694902253,0.9868388394675396,0.9864774048847833,0.9743970540092921,0.9730586424772706,0.9327083582162873,0.8754780918112361,0.695134677195955,0.5278245198152021,0.5276328540733564,0.9506259929825163
0.106,6.039718651593324,0.9065672088905746,0.998179145548743,0.9995947523466728,0.9994846737976204,0.9849819553366702,0.9813915093105795,0.9827460728633223,0.9872781174895138,0.9869248205002885,0.9751207438645935,0.9738152879352786,0.9341370014186962,0.8775328962567985,0.6980287452795062,0.5306755457309189,0.5304393979601569,0.9513692216438665
0.107,6.082851488720667,0.9083135792636907,0.9982631240003204,0.9996173670427876,0.9995126858444751,0.9854563635465332,0.9819572928507874,0.9832802558445246,0.9877004352413887,0.9873550925289929,0.9758201469002793,0.9745466507462496,0.9355276860171973,0.8795427988405262,0.7008803250544967,0.5334948153529967,0.5332146904611288,0.9520929314101401
0.108,6.125788859818732,0.910018135883568,0.9983428310008634,0.9996386179360948,0.9995390458584198,0.9859133157026233,0.9825028642069391,0.9837950872473418,0.9881065367803409,0.9877689681433928,0.9764962080289681,0.9752537114972388,0.9368816236222572,0.8815090213035546,0.7036902555613967,0.536282837998602,0.5359592391429908,0.952797810852526
0.109,6.168532090580257,0.9116820935942817,0.9984185039150918,0.9996585933180778,0.9995638588202862,0.9863535456802011,0.9830290538871733,0.9842913705973517,0.9884971294846434,0.9881671578862397,0.977149830132281,0.975937407274044,0.9381999803701494,0.8834327451432711,0.7064593544193406,0.5390401116980441,0.5386735400528333,0.9534845186920001
0.11,6.211082494736843,0.9133066255756065,0.9984903657838419,0.9996773753724462,0.9995872225569332,0.986777752510037,0.9835366536609419,0.9847698716593076,0.9888728860692856,0.9885503376745625,0.9777818761773719,0.9765986338451914,0.9394838789003483,0.8853151131877887,0.7091884185183416,0.5417671235328916,0.5413580780727576,0.9541536853212101
0.111,6.2534413741935495,0.9148928650002942,0.9985586262592192,0.9996950406252382,0.9996092282623742,0.9871866022318248,0.9840264185905901,0.9852313204273424,0.9892344464789404,0.9889191506821505,0.9783931712138456,0.9772382477229993,0.9407344002346223,0.8871572310985869,0.7118782246838996,0.5444643499609667,0.5440133272604382,0.954805914237469
0.112,6.295610019161678,0.9164419066159376,0.9986234824738429,0.9997116603596534,0.9996299609784062,0.9875807296378979,0.9844990689441635,0.985676412998444,0.9895824196664917,0.9892742091086139,0.9789845042585819,0.9778570681094007,0.9419525855633314,0.8889601688050692,0.7145295303153067,0.5471322571288417,0.5466397511762887,0.9554417833926949
0.113,6.337589708289769,0.9179548082552902,0.9986851198491884,0.9997273009985495,0.9996495000380945,0.9879607399144243,0.9849552919971154,0.986105813336758,0.9899173852647281,0.9896160958425464,0.9795566300754618,0.978455878733679,0.9431394379440983,0.8907249618745561,0.7171430739988935,0.5497713011724177,0.5492378031978564,0.9560618464657116
0.114,6.379381708792848,0.9194325922787012,0.9987437128476288,0.9997420244572811,0.9996679194751715,0.988327210186741,0.98539574373005,0.9865201549357452,0.9902398951582629,0.9899453660257689,0.9801102708565164,0.9790354295887842,0.9442959239176975,0.8924526128210419,0.7197195760973951,0.5523819285061431,0.551807926822068,0.9566666340619314
0.115,6.420987276579927,0.9208762469521118,0.998799425672399,0.9997558884693242,0.9996852884021382,0.9886806909750139,0.985821050429127,0.9869200423847215,0.9905504749622287,0.9902625485251285,0.9806461178105647,0.9795964385724415,0.9454229750457144,0.8941440923558442,0.7222597393165421,0.5549645761014009,0.5543505559558819,0.9572566548450915
0.116,6.462407656379823,0.9222867277638582,0.998852412919367,0.9997689468869108,0.9997016713596167,0.9890217075659721,0.986231810195299,0.9873060528458523,0.9908496254138215,0.9905681473178662,0.9811648326650035,0.9801395930388505,0.9465214893742425,0.8958003405830937,0.7247642492499314,0.5575196717545511,0.5568661151958956,0.9578323966053601
0.117,6.503644081865286,0.9236649586833592,0.998902820184183,0.999781249958712,0.9997171286392807,0.9893507613060589,0.9866285943681179,0.9876787374472507,0.9911378236823442,0.9908626427961374,0.9816670490860259,0.9806655512663808,0.9475923328276328,0.8974222681428539,0.7272337749031721,0.5600476343451122,0.5593550200974209,0.9583943272678516
0.118,6.544697775775481,0.9250118333645759,0.9989507846280945,0.9997928445864263,0.9997317165824882,0.9896683308209717,0.9870119488694546,0.9880386225974408,0.9914155246029925,0.9911464929958763,0.9821533740221927,0.9811749438463121,0.9486363405360644,0.8990107573044921,0.7296689691982498,0.5625488740845178,0.5618176774335043,0.9589428958452837
0.119,6.585569950036846,0.9263282162969858,0.9989964355054542,0.9998037745619723,0.9997454878565616,0.9899748731662151,0.9873823954721092,0.9883862112260811,0.9916831618392634,0.9914201347548289,0.9826243889759552,0.9816683749973338,0.9496543181004801,0.900566663012782,0.7320704694590014,0.5650237927558754,0.5642544854443587,0.9594785333382619
0.12,6.626261805882353,0.9276149439066526,0.9990398946557087,0.999814080786842,0.999758491710496,0.9902708249129758,0.9877404329979472,0.9887219839555141,0.991941148978519,0.9916839848042458,0.9830806512074207,0.9821464238102082,0.9506470427982198,0.9020908138890771,0.73443889787855,0.567472783945127,0.5666658340776337,0.9600016535864311
0.121,6.666774533969186,0.9288728256098341,0.9990812769624393,0.9998238014750339,0.999770774211721,0.9905566031733293,0.9880865384498907,0.9890464002073959,0.9921898805649324,0.9919384407984111,0.9835226948743737,0.9826096454267144,0.9516152647324871,0.9035840131897637,0.736774861969501,0.5698962332639912,0.5690521052199436,0.9605126540735102
0.122,6.7071093144948755,0.9301026448214412,0.9991206907818253,0.9998329723408714,0.99978237846541,0.9908326065685203,0.9884211680817924,0.9893598992483736,0.992429733073742,0.9921838822859018,0.9839510321123015,0.9830585721567232,0.9525597079285999,0.9050470397240833,0.7390789549976631,0.5722945185650495,0.5714136729200384,0.9610119166890286
0.123,6.747267317311906,0.9313051599205253,0.9991582383427179,0.9998416267728963,0.9997933448177034,0.9910992161438005,0.9887447584099592,0.9896629011785131,0.9926610658304788,0.9924206716261978,0.9843661540579315,0.9834937145370063,0.9534810713798016,0.9064806487332941,0.7413517564000123,0.5746680101493155,0.5737509036039862,0.961499808449377
0.124,6.787249702040817,0.9324811051748662,0.9991940161203435,0.999849795994932,0.9998037110440986,0.9913567962330782,0.9890577271698408,0.9899558078659325,0.992884221878576,0.9926491548550263,0.9847685318195598,0.9839155623351481,0.9543800300452524,0.9078855727330384,0.7435938321875917,0.5770170709666116,0.5760641562827242,0.9619766821806289
0.125,6.827057618181819,0.9336311916266115,0.9992281151855038,0.9998575092153191,0.9998135125241565,0.9916056952764144,0.98936047422116,0.9902390038308698,0.993099528798544,0.9928696625015854,0.9851586173972449,0.9843245855017204,0.9552572358026634,0.9092625223206804,0.745805735333992,0.5793420568090653,0.5783537827523042,0.9624428771654046
0.126,6.866692205224965,0.9347561079408212,0.9992606215309948,0.9998647937652423,0.9998227824035805,0.9918462465932001,0.9896533824045584,0.9905128570821995,0.9933072994816776,0.9930825103605905,0.9855368445557374,0.9847212350736748,0.9561133183578987,0.9106121869492811,0.7479880061500364,0.5816433164980148,0.5806201277871561,0.9628987197559193
0.127,6.906154592758872,0.935856521218667,0.9992916163768399,0.9998716752269917,0.9998315517446359,0.9920787691136613,0.9899368183526173,0.9907777199092166,0.9935078328610624,0.9932880002218836,0.9859036296528453,0.985105944031724,0.9569488861137357,0.9119352356697913,0.7501411726452514,0.5839211920645997,0.5828635293266597,0.9633445239551994
0.128,6.945445900578036,0.9369330777769491,0.9993211764558126,0.9998781775529357,0.9998398496658003,0.9923035680711676,0.9902111332579413,0.9910339296313241,0.9937014146024677,0.9934864205601661,0.9862593724257543,0.9854791281143119,0.957764526999852,0.9132323178429556,0.7522657508766897,0.5861760189243068,0.5850843186553205,0.9637805919683278
0.129,6.984567238788754,0.9379864038955027,0.9993493742806105,0.9998843231759144,0.9998477034714632,0.9925209356576563,0.9904766636008075,0.99128180930809,0.9938883177575385,0.9936780471872497,0.9866044567376749,0.985841186590606,0.9585608092659871,0.9145040638223461,0.7543622452856297,0.5884081260457177,0.587282820576811,0.964207214725465
0.13,7.02351970791367,0.9390171065339841,0.9993762783939479,0.9998901331117098,0.999855138772426,0.992731151644337,0.9907337318387329,0.9915216684119794,0.9940688033815419,0.9938631438690583,0.9869392512870332,0.9861925029948015,0.9593382822401214,0.9157510856098632,0.7564311490226598,0.5906178361136983,0.589459353582143,0.9646246723782647
0.131,7.062304398994976,0.9400257740194534,0.9994019536027345,0.9998956270541947,0.999862179597896,0.9929344839697009,0.9909826470601543,0.9917538034659257,0.9942431211177781,0.9940419629094722,0.9872641102812911,0.9865334458238806,0.9600974770534104,0.9169739774849784,0.7584729442616274,0.5928054656872583,0.5916142300122058,0.9650332347712148
0.132,7.100922393696276,0.9410129767060915,0.9994264611974256,0.9999008234637103,0.9998688484996099,0.9931311892967296,0.9912237056042837,0.9919784986477594,0.9944115097506256,0.99421474570297,0.9875793740773517,0.9868643692008426,0.9608389073335161,0.9181733166089204,0.7604881025029111,0.5949713253522961,0.5937477562149145,0.9654331618893269
0.133,7.139374764403146,0.9419792676083253,0.9994498591575506,0.999905739649186,0.9998751666486733,0.9933215135410808,0.991457191649068,0.9921960263633971,0.9945741977290667,0.9943817232578944,0.9878853697903859,0.9871856135052993,0.9615630698678875,0.9193496636049491,0.7624770848664477,0.5971157198694366,0.5958602326971787,0.9658247042835114
0.134,7.177662574322398,0.9429251830085686,0.9994722023443493,0.9999103918444664,0.9998811539256577,0.9935056923719114,0.99168337776906,0.9924066477905614,0.9947314036624182,0.9945431166920581,0.9881824118728053,0.9874975059732114,0.9622704452384567,0.9205035631158001,0.7644403423749346,0.5992389483171536,0.5979519542719107,0.9662081034748918
0.135,7.215786877580072,0.9438512430407252,0.9994935426813859,0.9999147952792792,0.9998868290044504,0.993683951686899,0.9919025254649027,0.9926106133947042,0.9948833367898847,0.9946991377022879,0.988470802665007,0.9878003612674398,0.962961498429138,0.9216355443393296,0.7663783162275966,0.6013413042303712,0.6000232102002674,0.9665835923392313
0.136,7.253748719318183,0.9447579522505413,0.9995139293239389,0.9999189642452418,0.9998922094303181,0.9938565080629223,0.9921148856660138,0.9928081634186936,0.9950301974254481,0.9948499890094141,0.9887508329194094,0.9880944820206846,0.9636366794074418,0.9227461215433332,0.7682914380648984,0.6034230757347125,0.6020742843293225,0.9669513954725751
0.137,7.291549135790221,0.9456458001338433,0.9995334088179171,0.9999229121572716,0.9998973116926069,0.9940235691837721,0.9923206992079686,0.9929995283477328,0.9951721773795104,0.9949958647801084,0.9890227822992186,0.9883801593522905,0.9642964236814444,0.9238357945604675,0.7701801302245593,0.605484545676577,0.6041054552253459,0.9673117295391417
0.138,7.329189154455446,0.9465152616536423,0.9995520252489916,0.9999266516107389,0.9999021512924681,0.9941853342461804,0.9925201972859825,0.9931849293508893,0.9953094603586218,0.9951369510268909,0.9892869198532721,0.9886576733603099,0.9649411528332901,0.9249050492641533,0.7720448059892113,0.6075259917491946,0.6061169963028674,0.9676648036024318
0.139,7.366669794071984,0.947366797737039,0.9995698203825897,0.9999301944346755,0.9999067428059719,0.9943419943453723,0.9927136018858109,0.993364578700528,0.9954422223445385,0.9952734259875464,0.9895435044682301,0.9889272935901365,0.9655712750303356,0.9259543580262983,0.773885869826032,0.6095476866148248,0.6081091759496864,0.9680108194404723
0.14,7.403992064788734,0.9482008557528174,0.9995868337953493,0.9999335517413235,0.9999110999429406,0.99449373284128,0.9929011261933072,0.9935386801708628,0.9955706319537803,0.9954054604851057,0.9897927852993113,0.9891892794809419,0.9661871855149944,0.9269841801576318,0.7757037176186565,0.6115498980232366,0.6100822576479905,0.968349971846043
0.141,7.441156968236121,0.9490178699705716,0.9996031029985892,0.9999367339722935,0.9999152356018087,0.9946407257064791,0.9930829749837994,0.9937074294167711,0.9956948507787862,0.9955332182694868,0.9900350021806993,0.9894438807910788,0.9667892670742757,0.927994962331409,0.7774987368916737,0.6135328889266165,0.6120365000917257,0.9686824489127047
0.142,7.478165497615709,0.9498182620021683,0.9996186635543151,0.9999397509415748,0.9999191619207949,0.9947831418568531,0.9932593449923832,0.9938710143339439,0.9958150337116981,0.9956568563418161,0.9902703860166818,0.9896913380035472,0.9673778904899675,0.9289871389912021,0.7792713070279846,0.6154969175910381,0.6139721573003704,0.9690084323073686
0.143,7.515018637788665,0.9506024412263103,0.9996335491842429,0.9999426118756254,0.9999228903256473,0.9949211434659245,0.9934304252661589,0.9940296154013823,0.995931329251738,0.9957765252623909,0.9904991591545214,0.9899318827125563,0.9679534149703589,0.9299611327434625,0.7810217994792981,0.6174422377046174,0.6158894787292424,0.9693280975301372
0.144,7.551717365363129,0.9513708051969259,0.9996477918722881,0.9999453254507505,0.9999264315742061,0.9950548862637395,0.9935963974993822,0.9941834060071916,0.9960438797970907,0.9958923694431868,0.9907215357400034,0.9901657379921553,0.9685161885643532,0.9309173547355031,0.7827505779700197,0.6193690984824815,0.6177887093764738,0.969641614162075
0.145,7.588262648780488,0.952123740036081,0.9996614219609412,0.9999478998279644,0.9999297957980071,0.9951845198211392,0.9937574363524408,0.9943325527585655,0.996152821922143,0.9960045274257585,0.9909377220565497,0.9903931187478564,0.9690665485587795,0.9318562050195218,0.7844579986947867,0.621277744768664,0.6196700898867783,0.9699491461015421
0.146,7.624655448400557,0.9528616208120689,0.9996744682419146,0.9999503426855126,0.9999329925411344,0.9953101878201998,0.9939137097555145,0.9944772157768064,0.996258286640884,0.9961131321453304,0.9911479168487378,0.9906142320521117,0.9696048218596685,0.932778072903253,0.7861444105098793,0.623168417135041,0.6215338566521289,0.9702508517896961
0.147,7.660896716585706,0.9535848119033085,0.9996869580414306,0.9999526612492219,0.9999360307965156,0.995432028311582,0.9940653791977284,0.9946175489781709,0.9963603996572206,0.9962183111818297,0.9913523116310189,0.9908292774644677,0.9701313253582188,0.9336833372878103,0.7878101551187399,0.6250413519774142,0.6233802419094614,0.9705468844257031
0.148,7.696987397783934,0.9542936673486484,0.9996989173004829,0.9999548623208305,0.9999389190398362,0.9955501739594825,0.9942126000025623,0.9947537003412913,0.9964592816029191,0.996320186998566,0.9915510909823815,0.9910384473371683,0.9706463662821455,0.9345723669932543,0.7894555672518156,0.6268967816088427,0.6252094738355107,0.9708373921722059
0.149,7.7329284286109194,0.9549885311846487,0.9997103706503917,0.9999569523044397,0.9999416652612401,0.9956647522748446,0.9943555215902325,0.9948858121618745,0.9965550482638392,0.996418877169223,0.9917444328276689,0.991241927106937,0.9711502425330655,0.9354455210723944,0.79108097484093,0.6287349343503223,0.6270217766388868,0.9711225183515318
0.15,7.7687207379310355,0.9556697377703814,0.9997213414839458,0.9999589372312201,0.9999442769949669,0.9957758858374414,0.9944942877277249,0.9950140212953453,0.9966478107950927,0.9965144945937875,0.9919325087062175,0.99143989557363,0.9716432430105432,0.9363031491133109,0.7926866991883843,0.630556034618907,0.6288173706494877,0.9714024016331205
0.151,7.804365246937372,0.9563376121002715,0.9997318520224058,0.9999608227824921,0.9999467613470708,0.9958836925074179,0.9946290367671178,0.9951384593880571,0.9967376759257148,0.9966071477040045,0.9921154840284466,0.9916325251664097,0.9721256479233887,0.9371455915310607,0.7942730551309773,0.6323603030133585,0.6305964724053472,0.9716771762126091
0.152,7.839862869230769,0.95699247010547,0.999741923378627,0.9999626143112949,0.9999491250213507,0.9959882856268361,0.9947599018727974,0.995259253097664,0.9968247461534101,0.9966969406589147,0.9922935183209964,0.9918199821980578,0.9725977290887712,0.9379731798490067,0.7958403511991263,0.6341479563974181,0.6323592947370048,0.9719469719829932
0.153,7.875214510897877,0.9576346189442324,0.9997515756165408,0.9999643168625473,0.9999513743436129,0.9960897742117434,0.9948870112381337,0.9953765243032086,0.9969091199298957,0.9967839735309951,0.9924667654609794,0.9920024271080117,0.9730597502196814,0.9387862369701936,0.7973888897712622,0.6359192079807694,0.634106046849491,0.9722119146982636
0.154,7.910421070588236,0.9582643572817532,0.999760827807219,0.9999659351918992,0.9999535152843828,0.9961882631352509,0.9950104882921554,0.9954903903054527,0.9969908918373382,0.9968683424833988,0.9926353738998763,0.9921800146946729,0.9735119672012545,0.9395850774391706,0.7989189672236695,0.6376742673977887,0.6358369344020062,0.9724721261298838
0.155,7.945483439590444,0.9588819755598837,0.9997696980817296,0.9999674737833608,0.9999555534801668,0.9962838533020825,0.9951304518967296,0.9956009640179501,0.9970701527563521,0.9969501399387558,0.9927994868775847,0.9923528943375134,0.9739546283564366,0.9403700076946464,0.8004308740759262,0.639413340784142,0.6375521595853767,0.9727277242164702
0.156,7.980402501907358,0.9594877562571459,0.9997782036809819,0.9999689368657957,0.9999574942533653,0.9963766418150314,0.9952470165347254,0.9957083541493251,0.9971469900259975,0.9970294547399756,0.9929592426270948,0.9925212102094719,0.9743879747014534,0.9411413263133404,0.8019248951321007,0.6411366308513133,0.6392519211973634,0.9729788232070004
0.157,8.015179134330388,0.9600819741394325,0.9997863610027417,0.999970328428353,0.9999593426309253,0.9964667221337313,0.9953602924896156,0.9958126653772065,0.9972214875961959,0.9971063723034643,0.9931147745702479,0.9926851014801095,0.9748122401915245,0.9418993242453817,0.803401309617853,0.6428443369591264,0.6409364147158974,0.9732255337978685
0.158,8.049814206512892,0.9606648965017679,0.9997941856459884,0.9999716522349127,0.9999611033618182,0.9965541842261353,0.9954703860169417,0.9959139985142302,0.9972937261729533,0.9971809747651469,0.9932662115050034,0.9928447025099665,0.9752276519572357,0.9426442850415893,0.8048603913135802,0.6445366551863301,0.6426058323703132,0.9734679632640845
0.159,8.084308581042656,0.9612367834014869,0.9998016924527762,0.9999729118376088,0.9999627809334205,0.9966391147130637,0.9955773995080486,0.9960124506665105,0.9973637833567628,0.9972533411196636,0.9934136777846226,0.9930001430365424,0.9756344305319719,0.9433764850729515,0.8063024086837414,0.6462137783993128,0.6442603632106465,0.9737062155849039
0.16,8.118663113513515,0.9617978878831733,0.9998088955477454,0.999974110589493,0.9999643795868698,0.9967215970061727,0.9956814316464712,0.9961081153849519,0.9974317337745331,0.9973235473530879,0.993557293489152,0.9931515483522959,0.9760327900707854,0.9440961937426123,0.8077276250024943,0.6478758963190031,0.6459001931750642,0.9739403915641426
0.161,8.15287865259609,0.9623484561956843,0.9998158083754286,0.9999752516563977,0.9999659033314654,0.9968017114396677,0.9957825775573336,0.9962010828097576,0.9974976492053769,0.9973916665694956,0.993697174589572,0.993299039475042,0.9764229385610638,0.944803673690653,0.8091362984757677,0.6495231955860206,0.6475255051554838,0.9741705889454465
0.162,8.186956040107674,0.9628887280015725,0.9998224437354793,0.9999763380280491,0.9999673559581743,0.9968795353960732,0.9958809289501054,0.9962914398084673,0.9975615987005672,0.9974577691116954,0.9938334331049554,0.9934427333111047,0.9768050780253401,0.9454991809919501,0.8105286823598884,0.6511558598241289,0.649136479061448,0.9743969025227405
0.163,8.220896111081265,0.963418936579205,0.9998288138159491,0.9999773725284842,0.9999687410523029,0.9969551434263526,0.995976574255037,0.9963792701078437,0.9976236486979575,0.9975219226764147,0.9939661772529659,0.9935827428115648,0.9771794047165729,0.9461829653473751,0.811905025076879,0.6527740697020518,0.6507332918823094,0.9746194242460928
0.164,8.254699693833782,0.9639393090178631,0.9998349302247265,0.9999783578258135,0.9999700620053885,0.997028607364654,0.9960695987535823,0.9964646544199066,0.9976838631311451,0.9975841924242185,0.9940955115940036,0.9937191771219234,0.9775461093062114,0.9468552702685917,0.8132655703265387,0.654378002993697,0.6523161177477796,0.9748382433232049
0.165,8.288367610033447,0.964450066406097,0.9998408040192475,0.999979296441376,0.999971322026361,0.9970999964379468,0.9961600847030978,0.9965476705623988,0.997742303533639,0.9976446410844232,0.9942215371692971,0.9938521417254885,0.977905377065341,0.947516333256694,0.8146105571954103,0.6559678346368452,0.6538851279868962,0.9750534463167323
0.166,8.321900674766356,0.9649514240135969,0.9998464457345773,0.9999801907583246,0.9999725241520223,0.9971693773707953,0.9962481114560965,0.9966283935739538,0.9977990291382824,0.9977033290552549,0.9943443516332187,0.993981738580773,0.9782573880391966,0.9481663859749191,0.8159402202627396,0.6575437367903487,0.6554404911854619,0.9752651172376281
0.167,8.355299696602266,0.9654435914668285,0.99985186540996,0.9999810430296804,0.9999736712568886,0.9972368144855073,0.9963337555743127,0.9967068958242189,0.997854096972165,0.9977603144994859,0.9944640493800903,0.99410806625318,0.9786023172153145,0.9488056544156587,0.8172547897035218,0.6591058788898889,0.6569823732419999,0.9754733376346969
0.168,8.388565477659577,0.9659267729186742,0.9998570726139238,0.9999818553858892,0.999974766062434,0.9973023697978799,0.9964170909378294,0.9967832471191765,0.9979075619472478,0.997815653435772,0.994580721665732,0.9942312200412373,0.9789403346855813,0.9494343590619823,0.8185544913887327,0.6606544277023327,0.6585109374222757,0.9756781866805246
0.169,8.421698813669543,0.966401167212308,0.9998620764680273,0.9999826298419145,0.9999758111457765,0.9973661031087522,0.9964981888495005,0.996857514801893,0.9979594769469117,0.997869399825903,0.9946944567239937,0.9943512920976287,0.9792716058024287,0.9500527150438784,0.8198395469828339,0.6621895473787394,0.6600263444124308,0.9758797412539589
0.17,8.454700494039738,0.9668669680395234,0.9998668856693226,0.9999833683038954,0.999976808947841,0.9974280720915687,0.9965771181348895,0.9969297638489097,0.9980098929086283,0.9979216056581619,0.9948053398784965,0.994468371545259,0.9795962913294107,0.9506609322894088,0.8211101740386404,0.6637113995060506,0.6615287523707707,0.9760780760192878
0.171,8.487571301916724,0.9673243640937257,0.9998715085116122,0.9999840725753975,0.9999777617810321,0.9974883323761404,0.9966539452379372,0.9970000569624867,0.9980588589029439,0.9979723210269861,0.9949134536498012,0.9945825445885752,0.9799145475863881,0.9512592156709649,0.8223665860896345,0.6652201431575099,0.663018316978248,0.976273263502272
0.172,8.52031201424802,0.9677735392177867,0.9998759529055664,0.9999847443632848,0.9999786718364484,0.9975469376287852,0.9967287343125573,0.9970684546588889,0.9981064222089538,0.9980215942091054,0.9950188778582099,0.9946938946203593,0.9802265265895361,0.9518477651468066,0.8236089927398071,0.6667159349418479,0.6644951914876863,0.9764653741631689
0.173,8.55292340184332,0.9682146725469594,0.9998802263977667,0.9999853852832356,0.9999795411906669,0.997603939629018,0.9968015473103502,0.9971350153529046,0.9981526283864376,0.9980694717363294,0.9951216897223955,0.9948025023241941,0.980532376186383,0.9524267758980555,0.8248375997511058,0.6681989290512683,0.6659595267717773,0.9766544764668816
0.174,8.585406229434955,0.9686479386470325,0.9998843361887371,0.9999859968649238,0.9999803718121252,0.9976593883429538,0.9968724440646142,0.9971997954387704,0.9981975213448159,0.9981159984651434,0.9952219639540459,0.9949084457727946,0.980832240186075,0.95299643846131,0.826052609128563,0.669669277308278,0.667411471369892,0.9768406369503649
0.175,8.617761255737705,0.9690735076479057,0.9998882891500199,0.9999865805568908,0.9999811655671259,0.9977133319935739,0.9969414823708266,0.9972628493676685,0.9982411434090813,0.9981612176432646,0.9953197728487002,0.995011800522389,0.9811262584850559,0.9535569388570388,0.8272542192031782,0.6711271292113834,0.6688511715337424,0.9770239202874039
0.176,8.649989233507853,0.9694915453727537,0.9998920918403503,0.9999871377311228,0.9999819242254876,0.9977658171280079,0.9970087180637561,0.9973242297219579,0.9982835353828471,0.9982051709733045,0.9954151863729435,0.9951126397033244,0.9814145671883435,0.9541084587139073,0.8284426247126242,0.6725726319796994,0.6702787712719274,0.9772043893508842
0.177,8.682090909601568,0.9699022134629418,0.9998957505209797,0.9999876696873562,0.9999826494658635,0.9978168886819622,0.9970742050913615,0.9973839872862859,0.9983247366086516,0.9982478986736745,0.995508272248123,0.9952110341070605,0.9816972987265731,0.9546511753891818,0.8296180168798428,0.6740059305964956,0.6716944123933957,0.9773821052726628
0.178,8.714067025032595,0.97030566949885,0.9998992711701965,0.9999881776571264,0.9999833428807495,0.997866590041433,0.9971379955856218,0.9974421711157265,0.9983647850256481,0.9982894395368619,0.9955990960307368,0.9953070522697133,0.9819745819689734,0.9551852620853537,0.8307805834895979,0.6754271678517099,0.6730982345498607,0.9775571275011432
0.179,8.745918315029279,0.9707020671167543,0.9999026594970882,0.9999886628075758,0.9999840059812004,0.9979149631018259,0.9972001399304395,0.9974988286010807,0.998403717224802,0.9983298309852036,0.9956877211896401,0.9954007605522964,0.9822465423324338,0.9557108879631151,0.8319305089630462,0.6768364843834653,0.6744903752771951,0.977729513856654
0.18,8.77764550909091,0.9710915561219108,0.9999059209545882,0.9999891262450366,0.999984640201271,0.9979620483246012,0.997260686826748,0.9975540055314662,0.9984415685017156,0.9983691091242718,0.995774209180208,0.9954922232178043,0.9825133018868122,0.9562282182508185,0.8330679744303858,0.6782340187186127,0.675870970035838,0.9778993205847273
0.181,8.809249331043423,0.9714742825979783,0.9999090607518452,0.9999895690184033,0.9999852469022019,0.9980078847915578,0.9973196833549475,0.9976077461543208,0.998478372907187,0.998407308793984,0.9958586195155862,0.9955815025052741,0.9827749794566292,0.956737414350543,0.8341931578016432,0.679619907312331,0.6772401522502416,0.9780666024073631
0.182,8.840730499094438,0.9718503890129131,0.9999120838659538,0.9999899921223063,0.9999858273763625,0.9980525102568635,0.9973771750347936,0.9976600932329364,0.9985141632956129,0.998444463617542,0.9959410098351558,0.9956686587009558,0.9830316907192863,0.9572386339408862,0.8353062338356524,0.6809942845868113,0.6785980533473883,0.978231412572372
0.183,8.872089725887669,0.9722200143214627,0.9999149950530821,0.9999903965001002,0.9999863828509681,0.9980959611969336,0.9974332058828476,0.9977110881016333,0.9985489713713329,0.9984806060483014,0.9960214359703307,0.9957537502067146,0.9832835482999412,0.9577320310765967,0.8364073742072817,0.6823572829690482,0.6799448027943994,0.9783938029008682
0.184,8.903327718556701,0.9725832940643807,0.9999177988590273,0.9999907830466773,0.9999869144915831,0.9981382728582546,0.9974878184675998,0.9977607707186822,0.9985828277330103,0.9985157674146653,0.996099952007802,0.9958368336057855,0.9835306618631664,0.9582177562851573,0.8374967475729596,0.6837090329277673,0.6812805281352696,0.9785538238330012
0.185,8.934445178778136,0.9729403604644795,0.9999204996292321,0.9999911526111185,0.9999874234054257,0.9981794793032446,0.9975410539623683,0.9978091797170717,0.9986157619161414,0.9985499779630941,0.9961766103503397,0.9959179637259886,0.9837731382015125,0.9586959566604245,0.8385745196345507,0.6850496630095102,0.6826053550267444,0.9787115244719921
0.186,8.965442802824136,0.9732913425196341,0.9999231015182911,0.9999915059991893,0.9999879106444838,0.9982196134542397,0.9975929521960708,0.9978563524532198,0.9986478024337777,0.9985832668993164,0.9962514617752517,0.9959971937005175,0.9840110813210945,0.9591667759534255,0.8396408532016315,0.6863792998739018,0.6839194072733702,0.9788669526265498
0.187,8.996321281614351,0.9736363660928435,0.9999256084989747,0.999991843975693,0.9999883772084539,0.9982587071356885,0.9976435517019643,0.9979023250537185,0.998678976815543,0.9986156624278236,0.9963245554906034,0.9960745750264,0.98424459252431,0.9596303546604107,0.8406959082522107,0.6876980683281215,0.6852228068617383,0.9790201548517324
0.188,9.027081300767264,0.973975553999456,0.9999280243707956,0.9999921672666876,0.9999888240475145,0.9982967911146352,0.9976928897644389,0.9979471324601982,0.998709311645023,0.9986471917897244,0.9963959391892883,0.9961501576207291,0.9844737704897981,0.9600868301082557,0.841739841991941,0.6890060913606022,0.6865156739939454,0.9791711764883202
0.189,9.057723540650926,0.9743090260916556,0.999930352768145,0.9999924765615763,0.9999892520649438,0.9983338951395656,0.9977410024639549,0.997990808472396,0.9987388325956013,0.9986778812990357,0.996465659101042,0.9962239898747599,0.9846987113497419,0.9605363365373033,0.8427728089118671,0.6903034901739747,0.6877981271202938,0.9793200617007566
0.19,9.088248676433123,0.9746368993403076,0.9999325971680184,0.9999927725150776,0.9999896621195892,0.99837004797769,0.9977879247201987,0.998033385789504,0.9987675644648119,0.998707756377477,0.9965337600424846,0.9962961187059578,0.9849195087646105,0.9609790051817311,0.8437949608447499,0.6915903842172823,0.6890702829712498,0.9794668535137245
0.191,9.11865737813096,0.9749592879142539,0.9999347608973553,0.9999930557490839,0.9999900550282,0.99840527745073,0.9978336903335386,0.9980748960498741,0.9987955312072743,0.9987368415878388,0.9966002854652732,0.9963665896080864,0.9851362539954385,0.9614149643475297,0.8448064470200113,0.6928668912174814,0.6903322565886841,0.9796115938474036
0.192,9.1489503106599,0.9752763032571475,0.9999368471400134,0.9999933268544146,0.9999904315676297,0.9984396104692747,0.997878332024852,0.9981153698691504,0.9988227559662751,0.9987651606659852,0.9966652775024433,0.9964354466994141,0.9853490359737295,0.9618443394881713,0.8458074141173344,0.6941331272102497,0.6915841613564122,0.9797543235514701
0.193,9.179128133882205,0.9755880541619112,0.9999388589433947,0.9999935863924693,0.9999907924769155,0.998473073065769,0.9979218814737933,0.9981548368768965,0.9988492611040579,0.9987927365515531,0.9967287770130131,0.9965027327691174,0.9855579413690743,0.9622672532780457,0.8467980063189642,0.6953892065701207,0.6928261090300529,0.9798950824378839
0.194,9.20919150265487,0.9758946468429024,0.9999407992247438,0.9999938348967887,0.9999911384592433,0.9985056904261944,0.9979643693555714,0.998193325751783,0.9988750682308755,0.9988195914174064,0.9967908236249232,0.9965684893219549,0.9857630546545637,0.962683825683739,0.8477783653607376,0.6966352420399603,0.6940582097662256,0.980033909312518
0.195,9.239141066876973,0.9761961850058629,0.9999426707771355,0.9999940728745271,0.9999914701838043,0.9985374869204954,0.998005825376297,0.9982308642553964,0.9989001982328626,0.9988457466978986,0.9968514557763783,0.9966327566212831,0.985964458170078,0.9630941740332246,0.8487486305818869,0.6978713447598044,0.6952805721511028,0.9801708420056698
0.196,9.268977471536525,0.9764927699157299,0.9999444762751668,0.9999943008078426,0.9999917882875491,0.9985684861318089,0.9980462783069635,0.9982674792647291,0.9989246712987797,0.998871223115996,0.9969107107556573,0.996695573730481,0.9861622321835294,0.9634984130830393,0.8497089389736443,0.6990976242950737,0.6964933032283358,0.9803059174015041
0.197,9.298701356756759,0.9767845004623794,0.9999462182803708,0.9999945191552095,0.9999920933768459,0.9985987108845474,0.9980857560161176,0.9983031968034061,0.9989485069456777,0.9988960407093133,0.9969686247394527,0.9967569785528476,0.9863564549501302,0.9638966550835064,0.8506594252266861,0.7003141886641845,0.6976965085263698,0.9804391714664673
0.198,9.328313357841907,0.9770714732243758,0.9999478992463643,0.9999947283526585,0.9999923860290482,0.998628183271382,0.9981242855012746,0.9983380420717007,0.9989717240435302,0.9989202188551068,0.9970252328298012,0.9968170078700351,0.9865472027697593,0.964289009842073,0.8516002217774465,0.7015211443655656,0.6988902920851656,0.9805706392767145
0.199,9.35781410532248,0.9773537825307905,0.9999495215237463,0.9999949288149464,0.999992666793977,0.9986569246791763,0.9981618929191319,0.9983720394753942,0.9989943408388794,0.998943776294272,0.9970805690896587,0.9968756973790762,0.9867345500424927,0.9646755847848222,0.8525314588533315,0.7027185964041025,0.7000747564823411,0.9807003550445882
0.2,9.387204225000001,0.977631520521159,0.9999510873647574,0.9999951209366631,0.9999929361953229,0.9986849558139123,0.9981986036146305,0.9984052126535221,0.9990163749775385,0.9989667311543877,0.9971346665771776,0.9969330817280612,0.9869185693223649,0.9650564850162191,0.8534532645168671,0.7039066483170218,0.7012500028587526,0.9808283521441844
0.201,9.416484337991267,0.9779047772036361,0.9999525989277136,0.9999953050932762,0.9999931947319721,0.9987122967246524,0.9982344421489119,0.9984375845050606,0.9990378435263897,0.9989891009718485,0.9971875573787362,0.99698919455052,0.9870993313694238,0.9654318133771481,0.854365764708807,0.7050854021992263,0.7024161309435248,0.9809546631360444
0.202,9.445655060772106,0.9781736405114106,0.9999540582812274,0.9999954816421185,0.9999934428792608,0.9987389668265787,0.9982694323262175,0.9984691772145908,0.99905876299432,0.9990109027131241,0.9972392726407698,0.9970440684985604,0.9872769052001384,0.965801670501297,0.8552690832902301,0.706254958728102,0.7035732390785482,0.9810793197910032
0.203,9.474717005220635,0.9784381963574387,0.9999554674082238,0.9999956509233219,0.9999936810901626,0.9987649849231455,0.9983035972197729,0.998500012276989,0.9990791493523279,0.9990321527951836,0.9972898426004533,0.99709773527481,0.9874513581362176,0.9661661548699401,0.8561633420836563,0.7074154171878033,0.704721424242455,0.9812023531132278
0.204,9.50367077866005,0.9786985286875484,0.9999568282097663,0.9999958132607001,0.999993909796412,0.9987903692273858,0.9983369591966995,0.9985301105211789,0.9990990180528413,0.9990528671051201,0.9973392966152779,0.9971502256632125,0.9876227558518971,0.9665253628651734,0.857048660913206,0.7085668754930348,0.7058607820740904,0.9813237933624792
0.205,9.532516983900928,0.978954719531974,0.9999581425086977,0.9999959689625826,0.9999941294095681,0.9988151373824042,0.9983695399419934,0.9985594921329873,0.999118384048275,0.9990730610190083,0.9973876631915675,0.9972015695587201,0.9877911624197449,0.9668793888216491,0.8579251576438283,0.7097094302123401,0.7069914068954866,0.981443670075623
0.206,9.561256219283065,0.9792068490553675,0.9999594120531095,0.9999961183226047,0.999994340322022,0.998839306481091,0.9984013604816091,0.9985881766771395,0.9991372618088646,0.9990927494200307,0.9974349700119753,0.9972517959959274,0.9879566403550403,0.9672283250768577,0.858792948219626,0.710843176590908,0.7081133917343574,0.9815620120874207
0.207,9.58988907871684,0.9794549956053404,0.9999606385196448,0.9999962616204539,0.9999945429079495,0.9988628930850898,0.9984324412046851,0.9986161831184287,0.9991556653398054,0.9991119467158995,0.9974812439620014,0.9973009331766873,0.9881192506587735,0.9675722620200048,0.8596521467012986,0.7119682085729124,0.7092268283461244,0.9816788475506288
0.208,9.618416151724137,0.9796992357595828,0.9999618235166466,0.999996399122576,0.9999947375242159,0.9988859132430489,0.9984628018849458,0.9986435298420941,0.9991736081977252,0.9991306668556073,0.9975265111555686,0.997349008496749,0.9882790528593142,0.9679112881395259,0.860502865302728,0.7130846188233944,0.7103318072354827,0.9817942039554295
0.209,9.646838023478795,0.9799396443716055,0.9999629685871567,0.9999965310828441,0.99999492451123,0.9989083825081863,0.9984924617013138,0.9986702346734406,0.9991911035065211,0.9991489233455313,0.9975707969596936,0.9973960485714551,0.9884361050527943,0.9682454900692814,0.8613452144267306,0.7141924987496986,0.7114284176775247,0.9819081081482206
0.21,9.675155274846626,0.9801762946151513,0.9999640752117736,0.9999966577431911,0.999995104193756,0.9989303159551962,0.9985214392577623,0.9986963148967285,0.9992081639725845,0.9991667292649216,0.9976141260182891,0.9974420792605352,0.9885904639422509,0.9685749526334749,0.8621793026999961,0.7152919385224736,0.7125167477384253,0.9820205863497862
0.211,9.703368482424985,0.9804092580273183,0.9999651448113764,0.9999967793342085,0.9999952768816818,0.9989517281965241,0.9985497526024412,0.9987217872733654,0.9992248018994417,0.9991840972807958,0.9976565222751285,0.9974871256920305,0.9887421848755682,0.9688997588903323,0.8630052370072363,0.7163830270962513,0.7135968842957068,0.982131664172875
0.212,9.731478218581907,0.9806386045504355,0.9999661787497226,0.9999968960757136,0.9999954428707459,0.998972633398035,0.998577419246103,0.9987466680594271,0.9992410292018343,0.9992010396622677,0.9976980089960076,0.9975312122853826,0.9888913218822631,0.9692199901745823,0.8638231225245626,0.7174658522296072,0.7146689130580866,0.982241366639203
0.213,9.759485051494813,0.9808644025727331,0.9999671783359229,0.9999970081772864,0.9999956024432296,0.9989930452941012,0.9986044561798587,0.9987709730225338,0.9992568574192608,0.9992175682943307,0.9977386087901331,0.9975743627737179,0.9890379277091512,0.9695357261387731,0.8646330627521146,0.7185405005049217,0.7157329185849247,0.9823497181959058
0.214,9.787389545188795,0.9810867189678438,0.9999681448268031,0.9999971158387782,0.99999575586861,0.9990129772021314,0.998630879892288,0.9987947174581092,0.9992722977290046,0.9992336946911201,0.9977783436307665,0.9976166002253604,0.989182053854931,0.9698470447934646,0.8654351595459578,0.7196070573477438,0.7167889843052762,0.9824567427314586
0.215,9.815192259574468,0.9813056191331748,0.9999690794291557,0.9999972192507931,0.9999959034041814,0.9990324420365649,0.9986567063859324,0.998817916205045,0.9992873609586674,0.999249430008675,0.9978172348751531,0.9976579470645982,0.9893237506037244,0.9701540225463259,0.8662295131492697,0.720665607045772,0.7178371925365601,0.9825624635910857
0.216,9.842893750485437,0.981521167027184,0.9999699833018877,0.9999973185951453,0.9999960452956442,0.9990514523223508,0.9986819511931916,0.9988405836607964,0.9993020575982292,0.999264785057221,0.9978553032837629,0.997698425091737,0.9894630670576071,0.970456734240176,0.8670162222228328,0.7217162327674574,0.7188776245028539,0.9826669035916762
0.217,9.870494569715325,0.9817334252055976,0.99997085755807,0.9999974140452906,0.9999961817776628,0.9990700202079341,0.9987066293916512,0.9988627337959302,0.9993163978116537,0.9992797703129921,0.9978925690388691,0.9977380555024633,0.9896000511681627,0.9707552531899971,0.8677953838748526,0.7227590165802422,0.7199103603528225,0.9827700850362227
0.218,9.897995265054414,0.981942454856601,0.9999717032668924,0.9999975057667374,0.9999963130743958,0.999088157477768,0.9987307556188597,0.9988843801681461,0.9993303914480591,0.999294395929611,0.9979290517624884,0.9977768589065451,0.9897347497670936,0.9710496512189531,0.8685670936901173,0.7237940394684382,0.7209354791772906,0.9828720297278015
0.219,9.925396380325891,0.9821483158350356,0.99997252145553,0.9999975939174341,0.999996439399999,0.9991058755643707,0.998754344086579,0.9989055359357942,0.9993440480524695,0.9993086717490467,0.9979647705337088,0.9978148553458949,0.9898672085959196,0.9713399986934422,0.8693314457585166,0.7248213813507567,0.7219530590264657,0.9829727589831148
0.22,9.952698455421688,0.9823510666956337,0.9999733131109235,0.9999976786481388,0.9999965609591023,0.9991231855599455,0.9987774085945281,0.9989262138709067,0.9993573768761668,0.9993226073121648,0.9979997439054266,0.9978520643120183,0.9899974723347942,0.9716263645572143,0.8700885327029357,0.7258411210974965,0.7229631769268237,0.9830722936456026
0.221,9.979902026337943,0.9825507647253201,0.9999740791814801,0.9999977601027681,0.999996677947263,0.99914009822758,0.9987999625436393,0.9989464263717632,0.9993703868866569,0.9993362118688879,0.9980339899205144,0.9978885047628717,0.9901255846304684,0.9719088163645797,0.8708384457065402,0.7268533365473974,0.7239659088976598,0.9831706540981447
0.222,10.007007625210084,0.9827474659746115,0.9999748205786958,0.9999978384187285,0.999996790551396,0.9991566240120432,0.9988220189488464,0.9989661854750079,0.9993830867772677,0.999349494387981,0.9980675261274425,0.9979241951391501,0.9902515881234293,0.9721874203127374,0.8715812745394675,0.7278581045241697,0.7249613299673181,0.9832678602753683
0.223,10.034015780347515,0.9829412252881391,0.9999755381787059,0.9999979137272306,0.9999968989501821,0.9991727730501939,0.9988435904514222,0.9989855028673362,0.9993954849763907,0.9993624635664792,0.9981003695953723,0.9979591533800266,0.9903755244742399,0.9724622412732482,0.8723171075849391,0.7288555008527028,0.7259495141891018,0.9833639316755713
0.224,10.060927016267943,0.9831320963343245,0.9999762328237649,0.9999979861535878,0.9999970033144557,0.999188555181017,0.9988646893308832,0.999004389896767,0.999407589656385,0.999375127838767,0.9981325369287424,0.9979933969383643,0.9904974343891086,0.9727333428226795,0.873046031864809,0.7298456003749654,0.7269305346568765,0.9834588873722778
0.225,10.087741853731345,0.9833201316342332,0.9999769053236605,0.999998055817499,0.999997103807574,0.9992039799553016,0.9988853275164779,0.999022857583517,0.9994194087421523,0.9993874953853297,0.9981640442813653,0.998026942795419,0.99061735764471,0.9730007872724449,0.8737681330645627,0.7308284769655987,0.7279044635203715,0.9835527460254363
0.226,10.114460809773542,0.9835053825896314,0.9999775564570638,0.9999981228333172,0.9999972005857664,0.9992190566449751,0.9989055165982741,0.9990409166304925,0.9994309499194001,0.9993995741411836,0.9981949073700537,0.9980598074750512,0.990735333112284,0.9732646356978626,0.8744834955577785,0.7318042035472162,0.7288713720001856,0.9836455258922776
0.227,10.14108439773944,0.9836878995102708,0.9999781869728199,0.9999981873103044,0.9999972937984676,0.9992337942521062,0.9989252678378614,0.9990585774334119,0.9994422206426024,0.9994113718040019,0.9982251414877923,0.9980920070574673,0.9908513987810353,0.9735249479664566,0.8751922024300663,0.7327728521054091,0.7298313304025046,0.9837372448378382
0.228,10.167613127315915,0.9838677316404253,0.9999787975911815,0.9999982493528736,0.9999973835886334,0.9992482015175901,0.998944592178682,0.9990758500905755,0.9994532281426712,0.9994228958419461,0.9982547615164719,0.9981235571925039,0.9909655917808562,0.9737817827655219,0.8758943355024966,0.7337344937034708,0.7307844081335386,0.9838279203451634
0.229,10.194047504564315,0.9840449271847013,0.9999793890049862,0.999998309060819,0.9999974700930419,0.9992622869295271,0.9989635002560061,0.9990927444122941,0.9994639794343513,0.9994341535012158,0.9982837819392026,0.9981544731124748,0.9910779484043932,0.9740351976289748,0.8765899753545312,0.7346891984968438,0.7317306737136826,0.9839175695252041
0.23,10.220388031952664,0.9842195333331454,0.9999799618807835,0.9999983665295334,0.9999975534425778,0.9992760587313082,0.9989820024065622,0.9991092699299893,0.9994744813233465,0.9994451518133265,0.9983122168522209,0.9981847696445951,0.991188504128481,0.9742852489635109,0.877279201346468,0.7356370357472932,0.7326701947914096,0.9840062091264137
0.231,10.24663520838748,0.984391596285669,0.9999805168599118,0.9999984218502167,0.9999976337625058,0.999289524929416,0.9990001086778387,0.9991254359049794,0.99948474041319,0.9994558976021274,0.9983400799764038,0.9982144612229961,0.9912972936349612,0.9745319920740884,0.8779620916414141,0.7365780738368184,0.7336030381569013,0.9840938555440554
0.232,10.272789529245284,0.9845611612758118,0.9999810545595278,0.9999984751100717,0.9999977111727276,0.9993026933009552,0.9990178288370658,0.9991412513369613,0.9994947631118684,0.9994663974905682,0.9983673846684072,0.9982435619003497,0.9914043508309064,0.9747754811887586,0.8786387232267946,0.7375123802813015,0.7345292697554207,0.9841805248292343
0.233,10.298851486403768,0.9847282725938636,0.9999815755735901,0.9999985263924918,0.9999977857880281,0.9993155714009196,0.9990351723798919,0.9991567249722005,0.9995045556382083,0.9994766579072252,0.9983941439314388,0.9982720853591119,0.9915097088682694,0.9750157694828608,0.8793091719354112,0.7384400217439068,0.7354489547004341,0.9842662326976573
0.234,10.324821568272622,0.9848929736093632,0.9999820804738022,0.9999985757772385,0.9999978577183091,0.9993281665692082,0.9990521485387654,0.9991718653114404,0.9995141240280354,0.9994866850925955,0.9984203704256805,0.9983000449224021,0.991613400162974,0.9752529091026005,0.8799735124660624,0.7393610640482273,0.7363621572864891,0.984350994538135
0.235,10.350700259824047,0.9850553067929944,0.9999825698105115,0.9999986233406108,0.9999979270688113,0.9993404859373981,0.9990687662910318,0.9991866806175401,0.999523474140115,0.9994964851051696,0.9984460764783727,0.9983274535645288,0.9917154564134663,0.9754869511880279,0.880631818403731,0.7402755721911938,0.7372689410018511,0.984434825420833
0.236,10.376488042622952,0.985215313737895,0.999983044113572,0.9999986691556055,0.9999979939403266,0.9993525364352843,0.9990850343667573,0.9992011789228523,0.9995326116618807,0.9995060638272887,0.9984712740935708,0.998354323921177,0.9918159086187422,0.9757179458954347,0.8812841622393556,0.7411836103557422,0.7381693685409056,0.9845177401052793
0.237,10.402185394856808,0.9853730351803986,0.9999835038931676,0.9999987132920701,0.9999980584293987,0.9993643247971947,0.9991009612562898,0.9992153680363506,0.9995415421149619,0.9995154269707962,0.9984959749615887,0.9983806682992656,0.9919147870958691,0.9759459424191862,0.8819306153891924,0.742085241923252,0.7390635018163326,0.984599753048136
0.238,10.42779279136523,0.9855285110202247,0.9999839496406014,0.9999987558168476,0.9999981206285152,0.9993758575680886,0.9991165552175649,0.9992292555505143,0.9995502708605165,0.9995245800824922,0.9985201904681361,0.9984064986864905,0.9920121214970148,0.9761709890130015,0.8825712482137749,0.7429805294857557,0.7399514019710538,0.9846808784107476
0.239,10.45331070366919,0.9856817803401322,0.9999843818290505,0.9999987967939152,0.9999981806262899,0.9993871411094472,0.9991318242831687,0.9992428488479815,0.9995588031043754,0.9995335285493964,0.9985439317031642,0.9984318267605603,0.992107940826003,0.9763931330107022,0.8832061300364884,0.7438695348579278,0.7408331293899627,0.9847611300664675
0.24,10.4787396,0.985832881425056,0.9999848009142875,0.9999988362845152,0.9999982385076366,0.999398181604964,0.9991467762671639,0.9992561551079774,0.9995671439020082,0.9995422776038272,0.9985672094694286,0.9984566638981395,0.9922022734544056,0.9766124208464404,0.8838353291617592,0.7447523190888545,0.7417087437114392,0.9848405216077731
0.241,10.504079945327916,0.9859818517807369,0.9999852073353732,0.9999988743472803,0.9999982943539345,0.9994089850660408,0.9991614187716893,0.9992691813125266,0.9995752981633138,0.9995508323283064,0.9985900342907774,0.9984810211835053,0.9922951471371894,0.9768288980744233,0.8844589128928759,0.7456289424735933,0.7425783038386558,0.9849190663531745
0.242,10.5293322013905,0.9861287281518639,0.9999856015153182,0.9999989110383521,0.9999983482431858,0.9994195573370989,0.9991757591933406,0.9992819342524584,0.9995832706572467,0.9995591976602921,0.9986124164201782,0.9985049094169316,0.9923865890279291,0.9770426093881461,0.8850769475494449,0.7464994645645207,0.7434418679506738,0.9849967773539294
0.243,10.554496826720646,0.9862735465397404,0.9999859838617167,0.9999989464114948,0.9999984002501657,0.9994299041007104,0.9991898047293402,0.9992944205332098,0.9995910660162804,0.9995673783967489,0.9986343658474887,0.9985283391228067,0.9924766256936006,0.9772535986391501,0.8856894984844934,0.74736394418248,0.7442994935133456,0.9850736674005591
0.244,10.579574276674366,0.9864163422194892,0.9999863547673535,0.9999989805182019,0.9999984504465654,0.9994400308825578,0.9992035623835033,0.9993066465804379,0.9995986887407177,0.999575379198561,0.9986558923069828,0.9985513205574964,0.9925652831289675,0.9774619088553149,0.8862966301012248,0.748222439427727,0.7451512372900129,0.9851497490291846
0.245,10.604565003458214,0.9865571497568101,0.9999867146107865,0.9999990134078,0.9999984989011286,0.9994499430562259,0.9992170389720089,0.999318618645443,0.9996061432028522,0.9995832045947939,0.9986770052846392,0.9985738637169588,0.9926525867705726,0.9776675822587032,0.886898405869438,0.7490750076906836,0.745997155352019,0.9852250345276823
0.246,10.629469456156505,0.9866960030243023,0.9999870637569019,0.9999990451275452,0.9999985456797807,0.9994596458478346,0.9992302411289806,0.999330342810415,0.9996134336509868,0.9995908589868099,0.9986977140252012,0.9985959783441218,0.9927385615103466,0.9778706602829635,0.8874948883416128,0.7499217056624939,0.7468373030890266,0.9852995359416614
0.247,10.654288080758185,0.9868329352173639,0.9999874025574494,0.9999990757227167,0.9999985908457535,0.9994691443405168,0.999243175311886,0.9993418249935053,0.9996205642133138,0.9995983466522435,0.9987180275390155,0.9986176739360294,0.9928232317088468,0.9780711835903108,0.8880861391686775,0.7507625893454026,0.7476717352191582,0.9853732650802786
0.248,10.679021320183487,0.9869679788696821,0.9999877313515528,0.9999991052367051,0.999998634459702,0.9994784434787477,0.9992558478067599,0.9993530709537322,0.999627538901663,0.9996056717488417,0.9987379546086572,0.9986389597507659,0.9929066212081346,0.9782691920880889,0.8886722191154567,0.7515977140629407,0.7485005057989473,0.9854462335218875
0.249,10.703669614310247,0.9871011658683242,0.9999880504661997,0.9999991337110964,0.9999986765798181,0.9994875480725303,0.9992682647332584,0.9993640862957252,0.9996343616151221,0.9996128383181738,0.9987575037953486,0.9986598448141647,0.9929887533443048,0.9784647249449332,0.889253188075814,0.752427134469939,0.7493236682331235,0.9855184526195286
0.25,10.7282334,0.987232527468441,0.999988360216711,0.9999991611857526,0.9999987172619367,0.9994964628014428,0.9992804320495481,0.9993748764743152,0.9996410361435336,0.999619850289216,0.9987766834451788,0.9986803379263103,0.993069650959676,0.9786578206065385,0.8898291050874927,0.7532509045623615,0.7501412752842133,0.9855899335062709
0.251,10.752713111123787,0.9873620943075964,0.9999886609071916,0.9999991876988882,0.9999987565596388,0.9995051922185527,0.99929235555704,0.999385446798974,0.9996475661708736,0.9996267114818149,0.9987955016951313,0.9987004476678387,0.9931493364146524,0.978848516811047,0.8904000283466627,0.7540690776869694,0.750953379081982,0.9856606871004004
0.252,10.777109178587702,0.987489896419728,0.9999889528309611,0.9999992132871426,0.9999987945243484,0.9995137407542023,0.9993040409049684,0.9993958024381094,0.9996539552785162,0.9996334256100351,0.9988139664789245,0.9987201824060448,0.9932278315992675,0.9790368506040646,0.8909660152221796,0.7548817065508138,0.7517600311327023,0.9857307241104701
0.253,10.801422030358157,0.9876159632487566,0.9999892362709678,0.9999992379856502,0.9999988312054261,0.9995221127196698,0.9993154935948243,0.9994059484232227,0.9996602069483885,0.999639996285394,0.9988320855326738,0.9987395503008016,0.993305157944418,0.9792228583533166,0.8915271222695633,0.7556888432305675,0.7525612823282645,0.9858000550402083
0.254,10.82565209148695,0.9877403236618473,0.9999895115001848,0.9999992618281058,0.9999988666502576,0.9995303123107118,0.9993267189846473,0.9994158896529298,0.999666324566019,0.999646427019989,0.9988498664003786,0.9987585593102992,0.9933813364327981,0.9794065757629505,0.8920834052447021,0.75649053918169,0.7533571829551255,0.9858686901932937
0.255,10.849799784135978,0.9878630059623379,0.9999897787819907,0.9999992848468285,0.9999989009043383,0.9995383436109889,0.9993377222931797,0.9994256308968541,0.9996723114234839,0.9996527212295203,0.9988673164392429,0.9987772171966081,0.9934563876095425,0.9795880378874994,0.8926349191172882,0.7572868452474387,0.7541477827031048,0.9859366396780003
0.256,10.873865527601811,0.9879840379023395,0.9999900383705342,0.9999993070728215,0.9999989340113543,0.9995462105953821,0.9993485086038891,0.9994351767993945,0.9996781707222561,0.999658882236213,0.9988844428248324,0.9987955315310735,0.9935303315925864,0.9797672791455099,0.8931817180839908,0.7580778116677221,0.7549331306740246,0.986003913411714
0.257,10.897849738339922,0.9881034466950215,0.9999902905110845,0.9999993285358287,0.9999989660132594,0.9995539171331999,0.9993590828688631,0.9994445318833713,0.9996839055759575,0.9996649132716432,0.9989012525560755,0.9988135096995464,0.9936031880827519,0.9799443333328479,0.8937238555813735,0.7588634880878017,0.7557132753902027,0.9860705211253328
0.258,10.921752829988728,0.9882212590265887,0.9999905354403654,0.9999993492643912,0.999998996950349,0.9995614669912827,0.9993694499125814,0.9994537005535574,0.9996895190130222,0.9996708174794698,0.9989177524601125,0.9988311589074561,0.993674976373568,0.9801192336356889,0.8942613842985594,0.7596439235668452,0.7564882648027994,0.9861364723675407
0.259,10.94557521339336,0.9883375010679585,0.9999907733868794,0.9999993692858973,0.99999902686133,0.9995688638370079,0.999379614435568,0.9994626871000959,0.9996950139792693,0.999676597918077,0.9989339491969977,0.9988484861847302,0.9937457153608316,0.9802920126431998,0.8947943561896532,0.7604191665863335,0.757258146300019,0.9862017765089719
0.26,10.969317296629216,0.9884521984861466,0.9999910045712148,0.999999388626634,0.9999990557833885,0.9995761112411972,0.9993895810179303,0.9994714957018094,0.9997003933403922,0.9996822575631295,0.9989498492642606,0.9988654983905658,0.9938154235519178,0.9804627023599242,0.8953228224859209,0.7611892650583245,0.7580229667151724,0.9862664427462632
0.261,10.992979485025238,0.988565376455372,0.9999912292063435,0.9999994073118333,0.9999990837522532,0.9995832126809315,0.9993993541227854,0.9994801304294049,0.9997056598843659,0.9996877993100449,0.9989654590013288,0.998882202218059,0.9938841190748469,0.9806313342178749,0.8958468337077381,0.7619542663335769,0.7587827723346018,0.9863304801059971
0.262,11.016562181187012,0.9886770596678838,0.9999914474979049,0.9999994253657185,0.9999991108022575,0.9995901715422767,0.9994089380995802,0.9994885952485772,0.9997108163237745,0.999693225976384,0.9989807845938197,0.998898604198695,0.9939518196871147,0.9807979390883441,0.8963664396763064,0.7627142172095361,0.7595376089054703,0.9863938974485393
0.263,11.040065785019564,0.9887872723445228,0.9999916596444793,0.9999994428115465,0.9999991369663968,0.9995969911229208,0.9994183371873088,0.999496894023015,0.9997158652980631,0.9996985403041648,0.9989958320777023,0.9989147107067051,0.994018542784292,0.9809625472934372,0.8968816895251468,0.763469163938187,0.7602875216434193,0.9864567034717784
0.264,11.063490693750001,0.9888960382450219,0.9999918658378504,0.9999994596716496,0.9999991622763855,0.9996036746347294,0.9994275555176279,0.9995050305173113,0.9997208093757168,0.9997037449620999,0.9990106073433366,0.9989305279632932,0.9940843054084025,0.9811251886173383,0.8973926317113742,0.7642191522337708,0.7610325552400958,0.986518906714763
0.265,11.08683730194986,0.9890033806780533,0.9999920662632563,0.9999994759674747,0.9999991867627102,0.9996102252062197,0.999436597117878,0.999513008399785,0.999725651056367,0.9997088425477625,0.9990251161393915,0.9989460620407382,0.9941491242560829,0.9812858923173137,0.897899314026756,0.7649642272803785,0.7617727538705555,0.986580515561247
0.266,11.11010600155729,0.9891093225110292,0.9999922610996321,0.9999994917196209,0.99999921045468,0.9996166458849546,0.9994454659140097,0.9995208312452122,0.9997303927728314,0.9997138355896823,0.9990393640766471,0.998961318866375,0.9942130156865322,0.9814446871344605,0.8984017836085622,0.7657044337394104,0.7625081612005365,0.9866415382431376
0.267,11.133297181898946,0.9892138861796647,0.9999924505198421,0.9999995069478753,0.9999992333804759,0.9996229396398649,0.99945416573342,0.9995285025374736,0.9997350368930864,0.9997187265493731,0.9990533566316852,0.9989763042264566,0.9942759957292575,0.9816016013042078,0.8989000869502094,0.7664398157569186,0.7632388203936166,0.9867019828438591
0.268,11.156411229711754,0.989317093697305,0.9999926346909017,0.9999995216712478,0.9999992555671974,0.9996291093634952,0.9994627003077026,0.9995360256721201,0.9997395857221771,0.9997235178232967,0.9990670991504697,0.9989910237699056,0.9943380800916202,0.9817566625665745,0.8993942699117039,0.7671704169708198,0.7639647741182455,0.9867618573016247
0.269,11.179448529164361,0.9894189666640285,0.999992813774193,0.9999995359080031,0.9999992770409065,0.9996351578741818,0.9994710732753118,0.9995434039588574,0.9997440415040652,0.9997282117447626,0.9990805968518228,0.9990054830119526,0.9943992841661892,0.9819098981761929,0.8998843777298895,0.767896280517995,0.7646860645546651,0.9868211694126264
0.27,11.202409461878455,0.9895195262755273,0.9999929879256697,0.9999995496756923,0.9999992978266711,0.9996410879181615,0.9994792881841476,0.9995506406239558,0.9997484064234167,0.9997328105857676,0.9990938548307995,0.999019687337671,0.9944596230379068,0.9820613349121017,0.9003704550285004,0.7686174490412678,0.7654027334017113,0.9868799268341419
0.271,11.225294406949807,0.9896187933317747,0.999993157296055,0.9999995629911828,0.9999993179486051,0.9996469021716153,0.9994873484940601,0.9995577388125848,0.999752682607335,0.9997373165587772,0.9991068780619615,0.9990336420054068,0.994519111491072,0.9822109990873162,0.9008525458280294,0.7693339646962702,0.7661148218835039,0.9869381370875614
0.272,11.248103740969166,0.989716788245482,0.9999933220310315,0.999999575870687,0.9999993374299074,0.9996526032426484,0.9994952575792783,0.9995647015910756,0.9997568721270356,0.9997417318184494,0.9991196714025586,0.9990473521501098,0.9945777640161464,0.9823589165581798,0.9013306935554085,0.7700458691581931,0.766822370756026,0.9869958075613372
0.273,11.27083783804288,0.9898135310503543,0.9999934822714242,0.9999995883297892,0.9999993562928997,0.9996581936732085,0.9995030187307659,0.9995715319491155,0.9997609769994695,0.9997460584633053,0.999132239595615,0.9990608227865679,0.9946355948163883,0.9825051127335029,0.9018049410535123,0.7707532036284279,0.767525420313597,0.9870529455138595
0.274,11.293497069813395,0.9899090414091458,0.999993638153375,0.9999996003834719,0.9999993745590615,0.9996636759409463,0.9995106351585054,0.999578232801875,0.9997649991888952,0.9997502985373458,0.9991445872729278,0.9990740588125484,0.994692617814319,0.9826496125834963,0.9022753305904819,0.7714560088410995,0.7682240103952351,0.9871095580762567
0.275,11.316081805479453,0.9900033386215248,0.9999937898085127,0.9999996120461407,0.9999993922490646,0.9996690524610168,0.999518109993713,0.9995848069920688,0.9997689406083986,0.9997544540316173,0.9991567189579773,0.9990870650118476,0.9947488466580261,0.9827924406485004,0.90274190386888,0.7721543250694919,0.7689181803909202,0.9871656522551264
0.276,11.338592411816196,0.9900964416317499,0.9999939373641137,0.9999996233316482,0.9999994093828053,0.9996743255878269,0.9995254462909883,0.9995912572919566,0.9997728031213686,0.99975852688573,0.9991686390687553,0.9990998460572542,0.9948042947273099,0.9829336210475194,0.9032047020346731,0.7728481921323691,0.7696079692477507,0.987221234935199
0.277,11.361029253194975,0.9901883690361641,0.9999940809432588,0.9999996342533162,0.9999994259794363,0.9996794976167285,0.9995326470303977,0.9995975864052812,0.9997765885429228,0.999762518989326,0.9991803519205105,0.9991124065134267,0.9948589751396739,0.983073177486564,0.9036637656860504,0.7735376494001954,0.7702934154760042,0.9872763128819316
0.278,11.383392691603056,0.9902791390905108,0.9999942206649827,0.9999996448239583,0.9999994420573955,0.9996845707856604,0.9995397151194971,0.9996037969691491,0.9997802986412906,0.9997664321835035,0.9991918617284152,0.9991247508396888,0.9949129007561673,0.9832111332668053,0.9041191348820812,0.7742227358012536,0.7709745571550937,0.9873308927440374
0.279,11.405683086663037,0.9903687697170775,0.9999943566444182,0.9999996550559003,0.9999994576344362,0.9996895472767401,0.999546653395294,0.9996098915558547,0.9997839351391521,0.9997702682621962,0.9992031726101568,0.9991368833927456,0.9949660841870815,0.9833475112925485,0.9045708491512118,0.7749034898276639,0.7716514319394352,0.9873849810559552
0.28,11.427900795652176,0.9904572785116704,0.9999944889929346,0.9999996649610001,0.9999994727276527,0.9996944292178073,0.9995534646261505,0.9996158726746485,0.9997874997149355,0.9997740289735093,0.9992142885884546,0.9991488084293222,0.9950185377975052,0.9834823340790275,0.9050189474996089,0.7755799495413078,0.7723240770642136,0.9874385842402539
0.281,11.450046173521432,0.990544682750425,0.9999946178182716,0.9999996745506666,0.9999994873535077,0.99969921868392,0.9995601515136305,0.9996217427734541,0.999790994004074,0.9997777160210147,0.9992252135935049,0.9991605301087269,0.9950702737127416,0.983615623760027,0.9054634684193503,0.7762521525796569,0.7729925293510598,0.9874917086099788
0.282,11.47211957291441,0.990630999396457,0.9999947432246666,0.9999996838358783,0.9999995015278571,0.9997039176988068,0.9995667166942929,0.9996275042405321,0.9997944196002236,0.999781331065006,0.9992359514653569,0.9991720524953429,0.9951213038235924,0.9837474020953351,0.9059044498964667,0.7769201361615052,0.7736568252136349,0.9875443603709428
0.283,11.494121344186047,0.9907162451063579,0.9999948653129789,0.9999996928272005,0.9999995152659739,0.999708528236274,0.9995731627414302,0.9996331594060964,0.9997977780564437,0.9997848757237143,0.9992465059562221,0.9991833795610493,0.9951716397915112,0.9838776904780316,0.9063419294188377,0.7775839370926154,0.7743170006631264,0.9875965456239537
0.284,11.516051835421166,0.9908004362365385,0.9999949841808077,0.9999997015348019,0.999999528582571,0.9997130522215711,0.9995794921667581,0.99963871054388,0.9998010708863398,0.999788351574488,0.9992568807327167,0.9991945151875742,0.9952212930536305,0.9840065099416154,0.9067759439839457,0.7782435917712704,0.7749730913136548,0.9876482703669978
0.285,11.53791139245283,0.9908835888494245,0.999995099922607,0.9999997099684709,0.999999541491824,0.9997174915327158,0.9995857074220539,0.9996441598726569,0.9998042995651735,0.9997917601549345,0.9992670793780432,0.9992054631687808,0.9952702748276652,0.9841338811669745,0.9072065301064887,0.7788991361937397,0.7756251323875955,0.9876995404973604
0.286,11.559700358880518,0.9909657187195097,0.999995212629795,0.9999997181376302,0.9999995540073915,0.9997218480017781,0.9995918109007477,0.9996495095577176,0.9998074655309356,0.9997951029640291,0.9992771053941085,0.9992162272128914,0.9953185961166964,0.9842598244892042,0.9076337238258576,0.7795506059596577,0.7762731587208167,0.9877503618137011
0.287,11.581419076088125,0.9910468413392669,0.9999953223908598,0.9999997260513522,0.9999995661424359,0.9997261234161277,0.9995978049394671,0.9996547617123014,0.9998105701853881,0.9997983814631882,0.9992869622035848,0.9992268109446476,0.9953662677138393,0.9843843599042754,0.9080575607134791,0.7801980362773185,0.7769172047678327,0.9878007400180753
0.288,11.603067883261803,0.9911269719249245,0.9999954292914618,0.9999997337183729,0.9999995779096424,0.999730319519643,0.9996036918195373,0.9996599183989865,0.9998136148950745,0.9998015970773111,0.999296653151911,0.9992372179074113,0.9954133002067964,0.9845075070755577,0.9084780758800257,0.7808414619688856,0.7775573046068757,0.9878506807179088
0.289,11.624647117407605,0.9912061254221081,0.9999955334145311,0.9999997411471044,0.999999589321238,0.9997344380138853,0.9996094737684369,0.9996649816310401,0.9998166009922975,0.9998047511957897,0.9993061815092396,0.9992474515652069,0.995459703982301,0.9846292853402,0.9088953039824992,0.7814809174755212,0.7781934919448903,0.9879001894279253
0.29,11.646157113368984,0.9912843165113538,0.9999956348403621,0.9999997483456489,0.9999996003890087,0.9997384805592372,0.999615152961212,0.9996699533737275,0.9998195297760694,0.999807845173488,0.9993155504723295,0.9992575153047074,0.9955054892304532,0.9847497137153735,0.9093092792311868,0.782116436862435,0.7788258001224471,0.9879492715720248
0.291,11.6675982038441,0.9913615596134949,0.9999957336467045,0.9999997553218103,0.9999996111243172,0.9997424487760086,0.9996207315218499,0.9996748355455849,0.9998224025130316,0.9998108803316913,0.9993247631663854,0.9992674124371659,0.9955506659489516,0.9848688109043784,0.9097200353964937,0.7827480538238534,0.7794542621185799,0.9879979324851211
0.292,11.688970719402986,0.9914378688949248,0.9999958299088503,0.9999997620831063,0.9999996215381189,0.9997463442455089,0.9996262115246126,0.9996796300196535,0.9998252204383474,0.9998138579590278,0.9993338226468478,0.9992771462002923,0.9955952439472221,0.9849865953026202,0.9101276058156559,0.7833758016879115,0.7800789105555479,0.9880461774149323
0.293,11.710274988504525,0.9915132582727411,0.9999959236997187,0.9999997686367793,0.9999996316409778,0.9997501685110892,0.9996315949953325,0.9996843386246792,0.9998279847565683,0.9998167793123619,0.9993427319011321,0.9992867197600811,0.9956392328504488,0.9851030850034552,0.9105320233993319,0.7839997134214697,0.7806997777035228,0.9880940115237307
0.294,11.731511337513284,0.9915877414197711,0.9999960150899365,0.9999997749898076,0.9999996414430813,0.9997539230791523,0.9996368839126704,0.9996889631462762,0.9998306966424725,0.9998196456176611,0.999351493850321,0.9992961362125865,0.995682642103508,0.9852182978039127,0.9109333206380816,0.7846198216348549,0.7813168954852039,0.9881414398900514
0.295,11.752680090716181,0.9916613317694855,0.9999961041479172,0.9999997811489156,0.9999996509542547,0.999757609420135,0.9996420802093384,0.9996935053280585,0.9998333572418802,0.9998224580708367,0.99936011135081,0.9993053985856508,0.9957254809748082,0.9853322512102924,0.9113315296087284,0.7852361585865285,0.7819302954803607,0.9881884675103598
0.296,11.773781570338985,0.9917340425207988,0.9999961909399351,0.9999997871205838,0.9999996601839751,0.9997612289694603,0.9996471857732875,0.9996979668727374,0.9998359676724431,0.9998252178385597,0.9993685871959086,0.9993145098405847,0.9957677585600387,0.9854449624436444,0.9117266819806112,0.785848756187683,0.7825400089303074,0.9882350993006795
0.297,11.794816096562666,0.9918058866427627,0.999996275530199,0.9999997929110579,0.9999996691413848,0.9997647831284625,0.9996522024488611,0.9997023494431887,0.9998385290244113,0.9998279260590524,0.9993769241173963,0.9993234728738024,0.9958094837858292,0.9855564484451298,0.9121188090217268,0.7864576460067665,0.783146066742304,0.9882813400981835
0.298,11.8157839875396,0.9918768768791535,0.9999963579809211,0.9999997985263585,0.999999677835304,0.9997682732652864,0.9996571320379167,0.9997066546634888,0.9998410423613767,0.9998305838428564,0.999385124787038,0.9993322905184124,0.9958506654133225,0.9856667258812699,0.912507941604765,0.7870628592739397,0.7837484994938957,0.9883271946627493
0.299,11.836685559409595,0.9919470257529562,0.9999964383523853,0.9999998039722894,0.9999996862742424,0.9997717007157586,0.9996619763009154,0.999710884119921,0.9998435087209947,0.9998331922735785,0.9993931918180573,0.999340965545765,0.9958913120416634,0.9857758111490816,0.9128941102130389,0.7876644268854628,0.7843473374371802,0.9883726676784734
0.3,11.85752112631579,0.9920163455707491,0.9999965167030112,0.9999998092544462,0.9999996944664119,0.9997750667842357,0.99966673695798,0.9997150393619533,0.9998459291156843,0.9998357524086139,0.9994011277665699,0.999349500666958,0.9959314321114043,0.9858837203811066,0.9132773449463116,0.7882623794080164,0.7849426105030131,0.9884177637551563
0.301,11.87829100042039,0.9920848484269893,0.999996593089417,0.9999998143782243,0.9999997024197371,0.9997783727444264,0.9996714156899255,0.9997191219031889,0.9998483045333075,0.9998382652798481,0.9994089351329787,0.9993578985343026,0.9959710339078323,0.985990469450332,0.9136576755265231,0.7888567470829566,0.7855343483051476,0.9884624874297501
0.302,11.898995491920253,0.9921525462082031,0.9999966675664802,0.9999998193488264,0.9999997101418666,0.9997816198401916,0.9996760141392577,0.999723133222289,0.9998506359378296,0.9998407318943391,0.9994166163633311,0.9993661617427486,0.9960101255642161,0.986096073975009,0.9140351313034172,0.7894475598305047,0.7861225801443122,0.9885068431677724
0.303,11.919634909062337,0.9922194505970842,0.999996740187395,0.9999998241712703,0.9999997176401829,0.9997848092863206,0.9996805339111462,0.9997270747638702,0.9998529242699581,0.999843153234979,0.99942417385064,0.9993742928312731,0.9960487150649794,0.98620054932337,0.9144097412600719,0.7900348472538745,0.7867073350122253,0.98855083536469
0.304,11.940209558158998,0.9922855730764996,0.9999968110037288,0.9999998288503954,0.9999997249218127,0.9997879422692849,0.9996849765743697,0.9997309479393761,0.9998551704477651,0.9998455302611358,0.999431609936169,0.9993822942842309,0.9960868102487982,0.9863039106182462,0.9147815340183347,0.7906186386433357,0.7872886415955496,0.9885944683472696
0.305,11.960719743603134,0.9923509249334078,0.9999968800654763,0.99999983339087,0.9999997319936362,0.9997910199479718,0.9996893436622346,0.9997347541279243,0.9998573753672897,0.9998478639092778,0.9994389269106836,0.9993901685326693,0.9961244188116273,0.9864061727415898,0.915150537844165,0.7911989629802176,0.7878665282797864,0.9886377463748981
0.306,11.981165767883214,0.9924155172626904,0.9999969474211109,0.9999998377971975,0.9999997388622964,0.9997940434543962,0.9996936366734678,0.9997384946771306,0.9998595399031244,0.9998501550935791,0.9994461270156692,0.9993979179556083,0.9961615483096555,0.986507350338901,0.9155167806528838,0.7917758489408515,0.7884410231531127,0.9886806736408722
0.307,12.001547931598127,0.9924793609708995,0.9999970131176359,0.9999998420737227,0.9999997455342081,0.9997970138943922,0.9996978570730858,0.9997421709039088,0.9998616649089832,0.9998524047065073,0.9994532124445161,0.9994055448812863,0.9961982061621938,0.9866074578235635,0.9158802900143356,0.792349324900454,0.7890121540101581,0.9887232542736605
0.308,12.021866533471934,0.9925424667799224,0.9999970772006322,0.9999998462246382,0.9999997520155658,0.9997999323482862,0.9997020062932394,0.9997457840952491,0.9998637512182537,0.9998546136193949,0.999460185343674,0.9994130515883733,0.9962343996544953,0.9867065093810897,0.9162410931579611,0.792919418936952,0.789579948355727,0.9887654923381372
0.309,12.04212187036845,0.9926048452305664,0.9999971397143055,0.9999998502539895,0.9999997583123523,0.9998027998715494,0.9997060857340343,0.9997493355089746,0.9998657996445331,0.9998567826829937,0.9994670478137745,0.999420440307152,0.9962701359405112,0.9868045189732784,0.9165992169777846,0.7934861588347519,0.7901444334084635,0.9888073918367843
0.31,12.0623142373057,0.9926665066860654,0.999997200701531,0.9999998541656809,0.9999997644303464,0.9998056174954336,0.9997100967643308,0.9997528263744766,0.9998678109821495,0.9998589127280139,0.9994738019107259,0.9994277132206678,0.9963054220455827,0.9869015003422862,0.9169546880373157,0.7940495720884505,0.7907056361044644,0.9888489567108728
0.311,12.082443927470255,0.9927274613355099,0.9999972602038969,0.9999998579634809,0.9999997703751304,0.999808386227588,0.9997140407225197,0.99975625789343,0.9998697860066664,0.9998610045656467,0.9994804496467771,0.9994348724658486,0.996340264869072,0.986997467014616,0.9173075325743695,0.7946096859064922,0.7912635831008344,0.9888901908416126
0.312,12.102511232231405,0.9927877191972028,0.999997318261747,0.9999998616510268,0.9999997761520971,0.9998111070526597,0.9997179189172785,0.9997596312404883,0.9998717254753751,0.9998630589880737,0.9994869929915554,0.9994419201345953,0.9963746711869325,0.9870924323050222,0.9176577765058045,0.7951665272147714,0.7918183007791924,0.9889310980512802
0.313,12.122516441155236,0.9928472901219413,0.9999973749142201,0.9999998652318304,0.9999997817664569,0.9998137809328768,0.9997217326283061,0.9997629475639597,0.9998736301277704,0.9998650767689593,0.999493433873076,0.9994488582748441,0.9964086476542201,0.987186409320337,0.9180054454321813,0.7957201226601813,0.7923698152491224,0.988971682104319
0.314,12.142459842018539,0.9929061837962296,0.9999974301992903,0.9999998687092816,0.9999997872232442,0.9998164088086148,0.9997254831070382,0.999766207986465,0.9998755006860153,0.9998670586639318,0.999499774178725,0.9994556888916007,0.9964422008075483,0.987279410963218,0.918350564642343,0.7962704986141115,0.7929181523515767,0.9890119467084174
0.315,12.162341720822624,0.9929644097454211,0.9999974841538035,0.999999872086654,0.9999997925273246,0.9998189915989493,0.9997291715773424,0.9997694136055773,0.9998773378553901,0.9998690054110483,0.9995060157562182,0.999462413947948,0.9964753370674869,0.9873714499358198,0.9186931591179186,0.7968176811758929,0.7934633376622262,0.9890518955155613
0.316,12.182162361806983,0.9930219773367929,0.9999975368135147,0.9999998753671085,0.9999997976833997,0.9998215302021906,0.9997327992361954,0.9997725654944433,0.9998791423247307,0.999870917731249,0.9995121604145326,0.9994690353660273,0.996508062740906,0.98746253874339,0.9190332535377518,0.7973616961761911,0.794005396494763,0.9890915321230649
0.317,12.20192204746284,0.9930788957825546,0.9999975882131226,0.9999998785536979,0.9999998026960143,0.9998240254964061,0.9997363672543409,0.999775664702389,0.999880914766853,0.9998727963287963,0.9995182099248164,0.9994755550279949,0.9965403840232682,0.9875526896977932,0.9193708722822548,0.7979025691803533,0.7945443539041533,0.9891308600745783
0.318,12.221621058546573,0.9931351741427933,0.9999976383863035,0.9999998816493705,0.9999998075695611,0.9998264783399269,0.9997398767769313,0.9997787122555084,0.9998826558389659,0.9998746418917029,0.9995241660212731,0.999481974776953,0.9965723070008676,0.9876419149209633,0.919706039437691,0.7984403254917023,0.7950802346898447,0.9891698828610738
0.319,12.241259674093,0.9931908213283545,0.9999976873657446,0.999999884656974,0.9999998123082867,0.9998288895718399,0.9997433289241504,0.9997817091572355,0.9998843661830727,0.9998764550921481,0.9995300304020246,0.9994882964178574,0.9966038376530202,0.9877302263482858,0.9200387788003864,0.7989749901547853,0.7956130633989239,0.9892086039218093
0.32,12.260838171428572,0.993245846103662,0.9999977351831748,0.9999998875792596,0.9999998169162968,0.9998312600124689,0.9997467247918206,0.9997846563889021,0.9998860464263616,0.9998782365868807,0.9995358047299506,0.9994945217184017,0.9966349818542032,0.9878176357319121,0.92036911388087,0.7995065879585739,0.7961428643292306,0.9892470266452741
0.321,12.280356826184413,0.9933002570894786,0.999997781869396,0.9999998904188852,0.999999821397561,0.9998335904638397,0.9997500654519934,0.9997875549102794,0.9998876971815838,0.999879987017613,0.9995414906335075,0.999500652409879,0.9966657453761484,0.9879041546440077,0.9206970679079474,0.8000351434396182,0.7966696615324257,0.9892851543701083
0.322,12.299815912309258,0.9933540627656068,0.9999978274543118,0.9999998931784184,0.9999998257559182,0.9998358817101339,0.9997533519535247,0.9997904056601055,0.9998893190474225,0.9998817070114023,0.999547089707526,0.999506690188021,0.9966961338898871,0.9879897944799346,0.9210226638327067,0.8005606808851551,0.7971934788170136,0.9893229903860103
0.323,12.319215702082277,0.9934072714735336,0.9999978719669566,0.9999998958603408,0.99999982999508,0.9998381345181311,0.9997565853226333,0.9997932095565991,0.9998909126088512,0.9998833971810217,0.9995526035139881,0.9995126367138167,0.9967261529677508,0.9880745664613699,0.9213459243324584,0.801083224336171,0.7977143397513228,0.9893605379346185
0.324,12.338556466125763,0.9934598914190191,0.9999979154355226,0.9999998984670502,0.9999998341186369,0.9998403496376368,0.9997597665634471,0.9997959674979584,0.9998924784374814,0.9998850581253214,0.9995580335827841,0.9995184936143098,0.9967558080853267,0.988158481639363,0.9216668718146105,0.8016027975904213,0.798232267666442,0.9893978002103772
0.325,12.357838473417722,0.9935119306746303,0.9999979578873869,0.9999999010008641,0.9999998381300614,0.9998425278019013,0.9997628966585319,0.9997986803628479,0.9998940170919013,0.9998866904295796,0.9995633814124513,0.9995242624833753,0.9967851046233702,0.9882415508973313,0.9219855284204809,0.8021194242054067,0.7987472856591148,0.9894347803613824
0.326,12.37706199130435,0.9935633971822213,0.9999979993491365,0.9999999034640225,0.9999998420327126,0.9998446697280259,0.9997659765694089,0.9998013490108707,0.9998955291180048,0.9998882946658438,0.9995686484708928,0.9995299448824777,0.9968140478696746,0.9883237849539963,0.9223019160290465,0.802633127501304,0.7992594165945915,0.9894714814902126
0.327,12.396227285512369,0.9936142987553632,0.9999980398465934,0.9999999058586903,0.99999984582984,0.9998467761173575,0.9997690072370564,0.9998039742830299,0.9998970150493116,0.9998898713932626,0.9995738361960788,0.999535542341409,0.9968426430209005,0.988405194366262,0.9226160562606328,0.8031439305638588,0.7997686831094424,0.9895079066547372
0.328,12.41533462016129,0.9936646430817208,0.9999980794048388,0.9999999081869609,0.9999998495245875,0.9998488476558748,0.9997719895824001,0.9998065570021768,0.9998984754072782,0.9998914211584083,0.9995789459967301,0.9995410563590087,0.9968708951843637,0.9884857895320359,0.9229279704805412,0.8036518562472341,0.8002751076143281,0.9895440588689136
0.329,12.434384257775543,0.9937144377253818,0.9999981180482357,0.9999999104508579,0.9999998531199974,0.9998508850145615,0.9997749245067893,0.9998090979734466,0.9998999107016004,0.9998929444955911,0.999583979252984,0.9995464884038656,0.9968988093797846,0.9885655806929947,0.9232376798026201,0.8041569271768187,0.800778712296732,0.9895799411035632
0.33,12.453376459296484,0.9937636901291361,0.9999981558004518,0.9999999126523379,0.999999856619013,0.999852888849772,0.9997778128924608,0.9998115979846844,0.9999013214305078,0.9998944419271637,0.9995889373170439,0.9995518399150022,0.996926390541,0.9886445779372954,0.923545205092776,0.8046591657519969,0.8012795191236538,0.989615556287131
0.331,12.472311484094332,0.9938124076167085,0.9999981926844805,0.999999914793293,0.9999998600244833,0.999854859803585,0.9997806556029919,0.9998140578068582,0.9999027080810495,0.9998959139638192,0.9995938215138125,0.999557112302541,0.9969536435176354,0.9887227912022332,0.9238505669724296,0.8051585941488772,0.8017775498442634,0.9896509073064348
0.332,12.491189589979962,0.9938605973949451,0.9999982287226624,0.999999916875553,0.999999863339165,0.9998567985041499,0.9997834534837395,0.9998164781944618,0.9999040711293733,0.9998973611048791,0.9995986331415088,0.999562306948356,0.9969805730767428,0.9888002302768472,0.9241537858219148,0.8056552343229831,0.8022728259925196,0.9896859970073911
0.333,12.510011033216609,0.993908266555954,0.999998263936705,0.9999999189008876,0.9999998665657271,0.9998587055660223,0.99978620736227,0.9998188598859075,0.9999054110409954,0.9998987838385753,0.9996033734722702,0.9995674252067065,0.9970071839044023,0.9888769048044754,0.9244548817838241,0.8061491080119059,0.802765368889749,0.9897208281957327
0.334,12.52877606853147,0.9939554220792023,0.9999982983477024,0.9999999208710082,0.9999998697067526,0.9998605815904912,0.9997889180487762,0.9998212036039074,0.9999067282710646,0.9999001826423224,0.9996080437527397,0.9995724684048555,0.9970334806072884,0.9889528242852601,0.9247538747662998,0.8066402367379197,0.8032551996471904,0.9897554036377056
0.335,12.547484949127183,0.9940020708335702,0.9999983319761543,0.9999999227875709,0.9999998727647422,0.9998624271658982,0.9997915863364849,0.9998235100558459,0.9999080232646184,0.9999015579829845,0.9996126452046374,0.9995774378436734,0.9970594677142027,0.9890279980786035,0.9250507844462729,0.8071286418105605,0.803742339168503,0.9897897260607577
0.336,12.566137926693228,0.994048219579362,0.999998364841984,0.9999999246521774,0.9999998757421172,0.9998642428679472,0.999794213002053,0.9998257799341421,0.9999092964568317,0.9999029103171342,0.9996171790253197,0.999582334798226,0.9970851496775743,0.9891024354055771,0.92534563027265,0.8076143443291672,0.8042268081522387,0.9898237981542066
0.337,12.584735251417207,0.994093874970277,0.9999983969645561,0.9999999264663771,0.9999998786412218,0.9998660292600063,0.9997967988059537,0.9998280139166023,0.9999105482732603,0.9999042400913034,0.9996216463883223,0.9995871605183485,0.9971105308749262,0.9891761453512832,0.9256384314694497,0.8080973651853887,0.8047086270942807,0.9898576225699012
0.338,12.60327717199603,0.9941390435553396,0.9999984283626936,0.9999999282316699,0.9999998814643258,0.9998677868934026,0.9997993444928533,0.999830212666764,0.9999117791300762,0.99990554774223,0.9996260484438925,0.9995919162292055,0.9971356156103117,0.9892491368671715,0.9259292070388884,0.8085777250656554,0.805187816290247,0.989891201922862
0.339,12.621763935647003,0.9941837317807893,0.9999984590546945,0.9999999299495067,0.9999998842136278,0.9998695163077077,0.9998018507919775,0.9998323768342305,0.9999129894342977,0.9999068336970952,0.999630386319506,0.9995966031318365,0.9971604081157194,0.989321418773311,0.9262179757644183,0.8090554444536162,0.8056643958378616,0.9899245387919143
0.34,12.640195788118813,0.9942279459919346,0.9999984890583474,0.9999999316212915,0.9999998868912567,0.9998712180310175,0.9998043184174685,0.9998345070549978,0.9999141795840126,0.9999080983737563,0.9996346611203726,0.9996012224036893,0.9971849125524478,0.9893929997606176,0.9265047562137166,0.8095305436325408,0.8061383856392913,0.9899576357203067
0.341,12.658572973702425,0.994271692434966,0.9999985183909473,0.9999999332483835,0.9999998894992747,0.9998728925802234,0.999806748068734,0.9998366039517714,0.9999153499685959,0.9999093421809725,0.9996388739299288,0.9996057751991388,0.9972091330124513,0.9894638883930396,0.9267895667416274,0.8100030426876901,0.8066098054034506,0.9899904952163149
0.342,12.676895735241857,0.9943149772587354,0.9999985470693104,0.999999934832098,0.9999998920396791,0.9998745404612766,0.9998091404307861,0.9998386681342766,0.9999165009689216,0.9999105655186253,0.9996430258103182,0.9996102626499953,0.9972330735196565,0.9895340931097012,0.9270724254930577,0.8104729615086521,0.8070786746482755,0.9900231197538374
0.343,12.6951643141449,0.9943578065164972,0.9999985751097883,0.9999999363737083,0.9999998945144051,0.9998761621694465,0.9998114961745719,0.9998407001995603,0.9999176329575686,0.9999117687779321,0.9996471178028608,0.9996146858659978,0.9972567380312517,0.9896036222270048,0.9273533504058273,0.8109403197916469,0.8075450127029646,0.9900555117729756
0.344,12.7133789503937,0.9944001861676159,0.9999986025282823,0.9999999378744472,0.9999998969253272,0.9998777581895716,0.9998138159572963,0.9998427007322844,0.9999187462990217,0.9999129523416552,0.9996511509285105,0.9996190459352978,0.9972801304389484,0.9896724839406935,0.9276323592134751,0.8114051370417984,0.8080088387101898,0.9900876736806044
0.345,12.731539882555284,0.9944421220792387,0.9999986293402569,0.9999999393355079,0.999999899274262,0.9998793289963035,0.9998161004227365,0.999844670305013,0.999919841349866,0.9999141165843044,0.9996551261883019,0.9996233439249298,0.9973032545702156,0.9897406863278743,0.9279094694480192,0.8118674325753763,0.8084701716282761,0.9901196078509301
0.346,12.749647347791953,0.9944836200279339,0.9999986555607523,0.9999999407580459,0.9999999015629693,0.999880875054346,0.9998183502015472,0.9998466094784909,0.999920918458978,0.999915261872335,0.9996590445637852,0.9996275808812716,0.9973261141894894,0.9898082373490026,0.9281846984426773,0.8123272255220062,0.8089290302333529,0.9901513166260394
0.347,12.767701581871634,0.9945246857012984,0.999998681204398,0.9999999421431802,0.9999999037931547,0.9998823968186864,0.9998205659115607,0.9998485188019166,0.9999219779677105,0.9999163885643402,0.9996629070174516,0.999631757830492,0.9973487129993556,0.9898751448498296,0.9284580633345406,0.8127845348268488,0.8093854331214736,0.9901828023164331
0.348,12.78570281917808,0.9945653246995307,0.9999987062854245,0.9999999434919943,0.999999905966471,0.9998838947348228,0.9998227481580769,0.9998503988132064,0.9999230202100724,0.9999174970112383,0.999666714493149,0.9996358757789896,0.9973710546417089,0.9899414165633132,0.9287295810672103,0.8132393792527512,0.8098393987107083,0.9902140672015551
0.349,12.803651292721057,0.9946055425369749,0.999998730817675,0.9999999448055376,0.9999999080845203,0.9998853692389832,0.9998248975341484,0.9998522500392538,0.9999240455129041,0.9999185875564557,0.9996704679164857,0.9996399357138197,0.9973931426988866,0.9900070601114913,0.9289992683933894,0.8136917773823672,0.8102909452432058,0.9902451135303056
0.35,12.821547234146342,0.9946453446436314,0.9999987548146171,0.9999999460848265,0.9999999101488554,0.9998868207583413,0.9998270146208558,0.9998540729961815,0.9999250541960496,0.9999196605361039,0.9996741681952263,0.9996439386031118,0.9974149806947791,0.9900720830073219,0.9292671418774372,0.8141417476202484,0.8107400907872302,0.990275943521548
0.351,12.83939087374574,0.9946847363666408,0.9999987782893538,0.9999999473308453,0.9999999121609814,0.9998882497112258,0.999829099987579,0.999855868189586,0.9999260465725213,0.9999207162791535,0.999677816219677,0.9996478853964763,0.9974365720959172,0.9901364926564871,0.9295332178978825,0.8145893081949087,0.8111868532391666,0.9903065593646034
0.352,12.857182440466925,0.9947237229717352,0.9999988012546346,0.9999999485445479,0.9999999141223574,0.9998896565073234,0.9998311541922594,0.9998576361147787,0.9999270229486632,0.9999217551076022,0.9996814128630628,0.9996517770254025,0.9974579203125369,0.9902002963591644,0.9297975126498992,0.815034477160859,0.811631250325503,0.9903369632197369
0.353,12.874922161923266,0.9947623096446631,0.9999988237228655,0.9999999497268582,0.9999999160343984,0.9998910415478788,0.9998331777816575,0.9998593772570181,0.9999279836243082,0.9999227773366393,0.9996849589818944,0.9996556144036466,0.9974790286996218,0.9902635013117642,0.9300600421477431,0.8154772724006144,0.8120732996047817,0.9903671572186332
0.354,12.89261026440349,0.9948005014925856,0.9999988457061191,0.9999999508786716,0.9999999178984759,0.999892405225888,0.9998351712916023,0.999861092091738,0.9999289288929326,0.9999237832748058,0.999688455416327,0.9996593984276104,0.9974999005579238,0.9903261146086352,0.9303208222271514,0.815917711626676,0.8125130184695284,0.9903971434648653
0.355,12.910246972881358,0.9948383035454444,0.9999988672161446,0.9999999520008552,0.9999999197159201,0.9998937479262869,0.9998371352472362,0.9998627810847694,0.9999298590418049,0.9999247732241504,0.9996919029905112,0.9996631299767117,0.9975205391349631,0.9903881432437378,0.9305798685477056,0.8163558123834836,0.8129504241481509,0.9904269240343503
0.356,12.927832511025144,0.9948757207573042,0.9999988882643771,0.9999999530942497,0.9999999214880207,0.9998950700261364,0.9998390701632527,0.9998644446925571,0.9999307743521322,0.9999257474803808,0.9996953025129345,0.9996668099137449,0.9975409476260072,0.9904495941122873,0.9308371965951583,0.8167915920493438,0.8133855337068165,0.9904565009758001
0.357,12.945367101207149,0.994912758007668,0.9999989088619469,0.9999999541596697,0.9999999232160289,0.9998963718948009,0.9998409765441291,0.9998660833623704,0.9999316750992026,0.9999267063330125,0.999698654776755,0.9996704390852346,0.99756112917503,0.990510474012365,0.9310928216837239,0.817225067838331,0.8138183640513008,0.9904858763111613
0.358,12.962850964513018,0.9949494201027665,0.9999989290196878,0.9999999551979045,0.9999999249011577,0.9998976538941237,0.9998428548843529,0.9998676975325095,0.9999325615525232,0.9999276500655122,0.9997019605601284,0.9996740183217789,0.9975810868756508,0.9905707896465017,0.9313467589583355,0.8176562568021642,0.8142489319288141,0.9905150520360473
0.359,12.980284320751087,0.9949857117768235,0.9999989487481465,0.9999999562097196,0.9999999265445843,0.9998989163785981,0.9998447056686426,0.9998692876325059,0.9999334339759557,0.9999285789554392,0.9997052206265251,0.9996775484383873,0.9976008237720545,0.9906305476232299,0.9315990233968665,0.8180851758320572,0.8146772539298013,0.9905440301201623
0.36,12.997667388461537,0.9950216376932954,0.9999989680575907,0.9999999571958565,0.9999999281474499,0.9999001596955331,0.999846529372164,0.9998708540833184,0.9999342926278468,0.9999294932745812,0.9997084357250423,0.9996810302348076,0.9976203428598928,0.9906897544586089,0.9318496298123188,0.8185118416605457,0.8151033464897202,0.9905728125077162
0.361,13.01500038492559,0.9950572024460874,0.9999989869580165,0.9999999581570345,0.9999999297108623,0.9999013841852163,0.9998483264607403,0.9998723972975242,0.9999351377611577,0.9999303932890891,0.999711606590707,0.9996844644958479,0.9976396470871665,0.9907484165777212,0.9320985928549779,0.8189362708632875,0.8155272258907936,0.9906014011178337
0.362,13.032283526174497,0.9950924105607463,0.9999990054591571,0.9999999590939505,0.9999999312358957,0.9999025901810716,0.9998500973910572,0.9998739176795047,0.9999359696235878,0.9999312792596058,0.9997147339447728,0.99968785199169,0.9976587393550909,0.9908065403161418,0.932345927014536,0.8193584798608428,0.8159489082637403,0.9906297978449528
0.363,13.049517026998567,0.9951272664956292,0.9999990235704896,0.9999999600072805,0.9999999327235929,0.9999037780098139,0.9998518426108638,0.9998754156256282,0.9999367884576968,0.9999321514413936,0.9997178184950092,0.9996911934781948,0.9976776225189428,0.9908641319213802,0.932591646622182,0.8197784849204257,0.8163684095894812,0.990658004559218
0.364,13.066701100956022,0.9951617746430513,0.9999990413012432,0.9999999608976801,0.9999999341749654,0.9999049479915991,0.9998535625591677,0.9998768915244264,0.9999375945010235,0.9999330100844578,0.999720860935985,0.999694489697202,0.9976962993888903,0.9909211975542969,0.9328357658526609,0.8201963021576377,0.8167857457008251,0.9906860231068657
0.365,13.083835960381863,0.9951959393304102,0.9999990586604052,0.9999999617657845,0.9999999355909949,0.9999061004401715,0.9998552576664258,0.9998783457567677,0.9999383879862012,0.9999338554336671,0.9997238619493444,0.999697741376822,0.9977147727308061,0.9909777432904929,0.9330782987263021,0.8206119475381739,0.8172009322841292,0.990713855310601
0.366,13.100921816396568,0.995229764821289,0.999999075656729,0.9999999626122105,0.999999936972634,0.9999072356630068,0.999856928354731,0.9998797786960262,0.9999391691410702,0.9999346877288706,0.9997268222040767,0.9997009492317214,0.9977330452670646,0.9910337751216753,0.9333192591110169,0.8210254368795097,0.8176139848809414,0.9907415029699692
0.367,13.117958878914804,0.9952632553165389,0.9999990922987397,0.9999999634375554,0.9999999383208076,0.9999083539614512,0.9998585750379931,0.9998811907082462,0.9999399381887879,0.9999355072050129,0.9997297423567808,0.9997041139634019,0.9977511196773221,0.9910892989569975,0.933558660724267,0.8214367858525632,0.8180249188896168,0.9907689678617198
0.368,13.134947356653992,0.9952964149553404,0.9999991085947418,0.9999999642423995,0.9999999396364131,0.9999094556308585,0.9998601981221171,0.9998825821523029,0.9999406953479358,0.9999363140922453,0.9997326230519218,0.9997072362604724,0.9977689985992823,0.9911443206243743,0.9337965171350028,0.8218460099833378,0.8184337495669177,0.990796251740162
0.369,13.151887457142857,0.9953292478162443,0.9999991245528241,0.9999999650273048,0.9999999409203217,0.9999105409607223,0.9998617980051757,0.9998839533800594,0.9999414408326238,0.9999371086160347,0.9997354649220836,0.9997103167989158,0.9977866846294459,0.9911988458717752,0.934032841765573,0.8222531246545406,0.818840492029588,0.9908233563375165
0.37,13.168779386729858,0.9953617579181937,0.9999991401808669,0.9999999657928172,0.9999999421733792,0.9999116102348062,0.9998633750775785,0.9998853047365196,0.9999421748525921,0.9999378909972697,0.9997382685882144,0.9997133562423485,0.9978041803238449,0.991252880368493,0.9342676478936063,0.822658145107183,0.8192451612559104,0.9908502833642595
0.371,13.185623350591577,0.9953939492215254,0.9999991554865473,0.999999966539466,0.9999999433964067,0.9999126637312696,0.9998649297222371,0.9998866365599776,0.9999428976133101,0.9999386614523643,0.999741034659867,0.9997163552422751,0.9978214881987634,0.9913064297063895,0.9345009486538648,0.8230610864421564,0.8196477720872418,0.9908770345094583
0.372,13.20241955274102,0.9954258256289529,0.9999991704773448,0.9999999672677646,0.9999999445902016,0.9999137017227921,0.999866462314726,0.9998879491821636,0.9999436093160735,0.9999394201933585,0.9997437637354337,0.9997193144383364,0.9978386107314422,0.9913594994011199,0.93473275704007,0.823461963621791,0.8200483392295287,0.9909036114411053
0.373,13.219168196035868,0.9954573909865314,0.9999991851605475,0.9999999679782117,0.9999999457555377,0.9999147244766932,0.9998679732234401,0.9998892429283864,0.9999443101580986,0.9999401674280164,0.9997464564023761,0.9997222344585528,0.9978555503607714,0.991412094893334,0.9349630859067015,0.8238607914713921,0.8204468772548034,0.9909300158064409
0.374,13.235869482186615,0.9954886490846035,0.9999991995432569,0.9999999686712906,0.9999999468931671,0.9999157322550496,0.9998694628097481,0.9998905181176716,0.9999450003326141,0.9999409033599232,0.9997491132374489,0.9997251159195606,0.9978723094879679,0.9914642215498577,0.9351919479707705,0.824257584680757,0.8208434006026606,0.9909562492322729
0.375,13.252523611764707,0.9955196036587279,0.9999992136323931,0.9999999693474706,0.9999999480038194,0.999916725314811,0.9998709314281423,0.999891775062898,0.999945680028951,0.9999416281885777,0.9997517348069189,0.999727959426845,0.9978888904772394,0.9915158846648511,0.9354193558135653,0.8246523578056724,0.8212379235817147,0.9909823133252922
0.376,13.269130784210526,0.9955502583905904,0.9999992274347002,0.9999999700072072,0.9999999490882039,0.9999177039079111,0.9998723794263854,0.9998930140709293,0.9999463494326299,0.9999423421094843,0.99975432166678,0.9997307655749659,0.9979052956564365,0.991567089460948,0.9356453218823726,0.825045125269392,0.8216304603710385,0.9910082096723772
0.377,13.285691197841393,0.9955806169088974,0.9999992409567509,0.9999999706509425,0.9999999501470092,0.999918668281377,0.9998738071456529,0.9998942354427444,0.9999470087254468,0.9999430453142415,0.9997568743629619,0.9997335349477801,0.9979215273176906,0.9916178410903742,0.9358698584921729,0.8254359013640958,0.8220210250215831,0.9910339398408992
0.378,13.302205049859419,0.9956106827902537,0.9999992542049514,0.9999999712791056,0.9999999511809039,0.9999196186774362,0.9998752149206731,0.9998954394735619,0.9999476580855559,0.9999437379906295,0.9997593934315349,0.9997362681186575,0.9979375877180403,0.9916681446360468,0.9360929778273118,0.82582470025233,0.8224096314575804,0.9910595053790157
0.379,13.318672536359385,0.9956404595600227,0.999999267185546,0.999999971892113,0.999999952190538,0.99992055533362,0.9998766030798635,0.9998966264529648,0.9999482976875506,0.9999444203226943,0.9997618793989098,0.9997389656506931,0.9979534790800447,0.9917180051126526,0.936314691943146,0.826211535968428,0.8227962934779255,0.991084907815964
0.38,13.335093852336447,0.9956699506931719,0.9999992799046215,0.9999999724903691,0.9999999531765429,0.9999214784828659,0.9998779719454637,0.9998977966650202,0.9999489277025435,0.9999450924908305,0.999764332782034,0.999741628096914,0.997969203592385,0.9917674274677089,0.9365350127676658,0.8265964224199138,0.8231810247575444,0.9911101486623461
0.381,13.35146919169389,0.995699159615101,0.9999992923681114,0.9999999730742665,0.9999999541395315,0.9999223883536164,0.9998793218336656,0.9998989503883966,0.9999495482982431,0.9999457546718625,0.999766754088582,0.9997442560004818,0.9979847634104542,0.991816416582605,0.9367539521030944,0.8269793733888875,0.8235638388487414,0.9911352294104109
0.382,13.3677987472507,0.995728089702457,0.9999993045818005,0.9999999736441865,0.9999999550800999,0.9999232851699154,0.9998806530547404,0.999900087896479,0.9999501596390293,0.9999464070391225,0.9997691438171427,0.9997468498948903,0.998000160656936,0.9918649772736258,0.936971521627463,0.8273604025333924,0.823944749182531,0.9911601515343283
0.383,13.384082710749187,0.995756744283931,0.9999993165513289,0.9999999742004992,0.9999999559988271,0.9999241691515034,0.9998819659131628,0.9999012094574804,0.9999507618860273,0.9999470497625277,0.9997715024574019,0.9997494103041591,0.9980153974223713,0.9919131142929568,0.9371877328961641,0.8277395233887652,0.8243237690699521,0.9911849164904607
0.384,13.400321272862453,0.9957851266410439,0.9999993282821953,0.9999999747435641,0.9999999568962756,0.9999250405139096,0.9998832607077321,0.9999023153345518,0.9999513551971784,0.9999476830086552,0.9997738304903212,0.9997519377430232,0.9980304757657145,0.9919608323296719,0.9374025973434819,0.8281167493689686,0.8247009117033659,0.9912095257176299
0.385,13.416514623201858,0.9958132400089147,0.9999993397797617,0.9999999752737302,0.9999999577729924,0.9999258994685416,0.9998845377316907,0.9999034057858885,0.9999519397273112,0.9999483069408152,0.9997761283883124,0.9997544327171175,0.9980453977148784,0.9920081360107043,0.9376161262841002,0.8284920937679077,0.8250761901577368,0.9912339806373773
0.386,13.432662950324374,0.9958410875770161,0.999999351049257,0.9999999757913366,0.9999999586295089,0.9999267462227741,0.99988579727284,0.9999044810648351,0.9999525156282095,0.999948921719122,0.9997783966154088,0.999756895723158,0.9980601652672697,0.9920550299017998,0.9378283309145902,0.8288655697607281,0.8254496173918979,0.9912582826542216
0.387,13.448766441739938,0.9958686724899158,0.99999936209578,0.9999999762967128,0.9999999594663413,0.9999275809800341,0.9998870396136529,0.9999055414199866,0.9999530830486787,0.9999495275005645,0.9997806356274315,0.9997593272491186,0.9980747803903123,0.9921015185084541,0.9380392223148742,0.8292371904050997,0.8258212062497992,0.9912824331559107
0.388,13.464825283918668,0.9958959978480051,0.9999993729243034,0.9999999767901784,0.9999999602839921,0.9999284039398851,0.9998882650313848,0.9999065870952887,0.9999536421346112,0.9999501244390733,0.9997828458721535,0.9997617277744048,0.9980892450219626,0.9921476062768334,0.9382488114496714,0.8296069686424823,0.8261909694617418,0.9913064335136688
0.389,13.480839662298111,0.9959230667082121,0.9999993835396773,0.9999999772720443,0.9999999610829491,0.9999292152981094,0.9998894737981814,0.9999076183301345,0.9999541930290501,0.9999507126855876,0.999785027789459,0.9997640977700218,0.9981035610712131,0.9921932975946794,0.9384571091699206,0.8299749172993763,0.8265589196455945,0.9913302850824401
0.39,13.496809761290324,0.9959498820847043,0.9999993939466325,0.9999999777426124,0.9999999618636868,0.9999300152467875,0.999890666181184,0.9999086353594604,0.9999547358722505,0.9999512923881196,0.9997871818115,0.9997664376987414,0.9981177304185875,0.9922385967921986,0.9386641262141839,0.830341049088558,0.8269250693079973,0.991353989201129
0.391,13.512735764289003,0.9959764469495769,0.9999994041497829,0.9999999782021761,0.9999999626266666,0.9999308039743765,0.999891842442633,0.9999096384138378,0.9999552708017408,0.9999518636918185,0.9997893083628486,0.9997687480152627,0.9981317549166262,0.9922835081429358,0.9388698732100299,0.8307053766102974,0.8272894308455477,0.9913775471928338
0.392,13.52861785367647,0.9960027642335291,0.9999994141536303,0.9999999786510203,0.9999999633723368,0.9999315816657868,0.9998930028399675,0.9999106277195647,0.9999557979523817,0.9999524267390314,0.9997914078606472,0.9997710291663718,0.9981456363903615,0.9923280358646335,0.9390743606753972,0.8310679123535635,0.8276520165459742,0.9914009603650777
0.393,13.544456210830658,0.9960288368265281,0.9999994239625652,0.999999979089422,0.9999999641011337,0.999932348502456,0.9998941476259254,0.999911603498754,0.9999563174564229,0.9999529816693639,0.999793480714754,0.9997732815910959,0.998159376637785,0.9923721841200757,0.9392775990199387,0.831428668697212,0.8280128385892926,0.9914242300100363
0.394,13.560251016131991,0.996054667578461,0.9999994335808722,0.9999999795176502,0.9999999648134812,0.9999331046624225,0.9998952770486382,0.9999125659694199,0.9999568294435609,0.9999535286197391,0.9997955273278866,0.9997755057208548,0.9981729774303054,0.9924159570179174,0.9394795985463473,0.8317876579111598,0.8283719090489514,0.99144735740476
0.395,13.576002448970254,0.9960802592997747,0.9999994430127307,0.9999999799359665,0.9999999655097919,0.9999338503203957,0.9998963913517259,0.9999135153455632,0.9999573340409927,0.9999540677244549,0.9997975480957614,0.9997777019796104,0.9981864405131984,0.9924593586135004,0.9396803694516616,0.8321448921575441,0.8287292398929582,0.9914703438113932
0.396,13.591710687751371,0.9961056147621055,0.9999994522622189,0.9999999803446252,0.9999999661904667,0.9999345856478268,0.9998974907743883,0.9999144518372531,0.9999578313734703,0.9999545991152403,0.9997995434072312,0.9997798707840103,0.9981997676060462,0.9925023929096548,0.9398799218285544,0.8325003834918668,0.8290848429849976,0.9914931904773895
0.397,13.607375909904157,0.996130736698895,0.9999994613333163,0.9999999807438732,0.9999999668558959,0.9999353108129755,0.9998985755514953,0.9999153756507088,0.9999583215633523,0.9999551229213097,0.9998015136444182,0.9997820125435312,0.9982129604031713,0.9925450638574862,0.9400782656666022,0.8328541438641256,0.8294387300855303,0.9915158986357239
0.398,13.622998291886963,0.9961556278059978,0.9999994702299061,0.9999999811339508,0.9999999675064587,0.9999360259809771,0.9998996459136745,0.999916286988378,0.9999588047306561,0.9999556392694173,0.999803459182846,0.9997841276606166,0.9982260205740601,0.992587375357151,0.9402754108535382,0.8332061851199299,0.8297909128528816,0.9915384695050997
0.399,13.638578009194358,0.9961802907422758,0.9999994789557777,0.9999999815150915,0.9999999681425245,0.9999367313139069,0.9999007020873973,0.9999171860490143,0.999959280993107,0.9999561482839083,0.9998053803915669,0.999786216530814,0.9982389497637788,0.9926293312586177,0.940471367176485,0.8335565190016045,0.8301414028443154,0.9915609042901542
0.4,13.654115236363635,0.9962047281301838,0.9999994875146296,0.9999999818875221,0.999999968764452,0.9999374269708442,0.9999017442950625,0.9999180730277525,0.9999597504661872,0.9999566500867709,0.9998072776332881,0.999788279542907,0.9982517495933829,0.9926709353624145,0.9406661443231739,0.8339051571492774,0.8304902115170952,0.9915832041816581
