Beta,R_0,R1,R2,R3,R4,R5,R6,R7,R8,R9,R10,R11,R12,R13,R14,R15,R16,R_all
0.0,0.0,0.0,0.0,0.0,0.0,0.0,0.0,0.0,0.0,0.0,0.0,0.0,0.0,0.0,0.0,0.0,0.0,0.0
0.001,0.04823356695912264,0.0,0.0,0.0,0.0,0.0,0.0,0.0,0.0,0.0,0.0,0.0,0.0,0.0,0.0,0.0,0.0,0.0
0.002,0.09617945856858849,0.0,0.0,0.0,0.0,0.0,0.0,0.0,0.0,0.0,0.0,0.0,0.0,0.0,0.0,0.0,0.0,0.0
0.003,0.14384024081268584,0.0,0.0,0.0,0.0,0.0,0.0,0.0,0.0,0.0,0.0,0.0,0.0,0.0,0.0,0.0,0.0,0.0
0.004,0.19121844924901188,0.0,0.0,0.0,0.0,0.0,0.0,0.0,0.0,0.0,0.0,0.0,0.0,0.0,0.0,0.0,0.0,0.0
0.005,0.23831658945812811,0.0,0.0,0.0,0.0,0.0,0.0,0.0,0.0,0.0,0.0,0.0,0.0,0.0,0.0,0.0,0.0,0.0
0.006,0.28513713748526526,0.0,0.0,0.0,0.0,0.0,0.0,0.0,0.0,0.0,0.0,0.0,0.0,0.0,0.0,0.0,0.0,0.0
0.007,0.331682540274241,0.0,0.0,0.0,0.0,0.0,0.0,0.0,0.0,0.0,0.0,0.0,0.0,0.0,0.0,0.0,0.0,0.0
0.008,0.37795521609375005,0.0,0.0,0.0,0.0,0.0,0.0,0.0,0.0,0.0,0.0,0.0,0.0,0.0,0.0,0.0,0.0,0.0
0.009,0.42395755495618304,0.0,0.0,0.0,0.0,0.0,0.0,0.0,0.0,0.0,0.0,0.0,0.0,0.0,0.0,0.0,0.0,0.0
0.01,0.46969191902912627,0.0,0.0,0.0,0.0,0.0,0.0,0.0,0.0,0.0,0.0,0.0,0.0,0.0,0.0,0.0,0.0,0.0
0.011,0.5151606430396902,0.0,0.0,0.0,0.0,0.0,0.0,0.0,0.0,0.0,0.0,0.0,0.0,0.0,0.0,0.0,0.0,0.0
0.012,0.5603660346718147,6.661338147750939e-16,1.3322676295501878e-15,1.887379141862766e-15,3.6637359812630166e-15,1.887379141862766e-15,1.9984014443252818e-15,1.7763568394002505e-15,1.7763568394002505e-15,1.887379141862766e-15,1.6653345369377348e-15,1.7763568394002505e-15,1.4432899320127035e-15,9.992007221626409e-16,0.0,5.551115123125783e-16,2.220446049250313e-16,1.4932153341247092e-15
0.013,0.6053103749566892,1.7763568394002505e-15,2.886579864025407e-15,3.552713678800501e-15,6.106226635438361e-15,3.885780586188048e-15,3.774758283725532e-15,3.4416913763379853e-15,3.774758283725532e-15,3.4416913763379853e-15,3.1086244689504383e-15,3.1086244689504383e-15,2.3314683517128287e-15,1.4432899320127035e-15,7.771561172376096e-16,1.3322676295501878e-15,8.881784197001252e-16,2.8882538124429575e-15
0.014,0.64999591865643,0.0,0.0,0.0,0.0,0.0,0.0,0.0,0.0,0.0,0.0,0.0,0.0,0.0,0.0,0.0,0.0,0.0
0.015,0.6944248946411483,4.440892098500626e-16,1.3322676295501878e-15,1.887379141862766e-15,3.6637359812630166e-15,1.887379141862766e-15,1.7763568394002505e-15,1.6653345369377348e-15,1.6653345369377348e-15,1.7763568394002505e-15,1.5543122344752192e-15,1.6653345369377348e-15,1.3322676295501878e-15,7.771561172376096e-16,0.0,3.3306690738754696e-16,2.220446049250313e-16,1.3976482349539363e-15
0.016,0.7385995062595421,2.1094237467877974e-15,3.552713678800501e-15,5.551115123125783e-15,9.880984919163893e-15,6.106226635438361e-15,5.551115123125783e-15,4.884981308350689e-15,4.884981308350689e-15,5.10702591327572e-15,4.6629367034256575e-15,4.884981308350689e-15,3.6637359812630166e-15,2.3314683517128287e-15,1.5543122344752192e-15,1.7763568394002505e-15,1.3322676295501878e-15,4.277582676418406e-15
0.017,0.78252193170314,1.6653345369377348e-15,2.886579864025407e-15,3.4416913763379853e-15,6.106226635438361e-15,3.6637359812630166e-15,3.6637359812630166e-15,3.219646771412954e-15,3.552713678800501e-15,3.3306690738754696e-15,2.9976021664879227e-15,2.886579864025407e-15,2.220446049250313e-15,1.4432899320127035e-15,6.661338147750939e-16,1.2212453270876722e-15,8.881784197001252e-16,2.7775085089885146e-15
0.018,0.8261943243643264,1.6653345369377348e-15,2.886579864025407e-15,3.774758283725532e-15,7.216449660063518e-15,4.107825191113079e-15,3.774758283725532e-15,3.3306690738754696e-15,3.774758283725532e-15,3.4416913763379853e-15,3.1086244689504383e-15,2.9976021664879227e-15,2.4424906541753444e-15,1.5543122344752192e-15,7.771561172376096e-16,1.3322676295501878e-15,9.992007221626409e-16,2.980823311467698e-15
0.019,0.8696188131882687,1.6653345369377348e-15,2.886579864025407e-15,3.6637359812630166e-15,7.216449660063518e-15,3.9968028886505635e-15,3.774758283725532e-15,3.3306690738754696e-15,3.774758283725532e-15,3.4416913763379853e-15,3.1086244689504383e-15,2.9976021664879227e-15,2.3314683517128287e-15,1.5543122344752192e-15,7.771561172376096e-16,1.3322676295501878e-15,9.992007221626409e-16,2.9601060811271262e-15
0.02,0.912797503018868,8.215650382226158e-15,1.432187701766452e-14,2.1094237467877974e-14,4.0967229608668276e-14,2.4980018054066022e-14,2.120525977034049e-14,1.8207657603852567e-14,1.8984813721090177e-14,1.9317880628477724e-14,1.7541523789077473e-14,1.8207657603852567e-14,1.354472090042691e-14,8.770761894538737e-15,4.218847493575595e-15,7.216449660063518e-15,5.88418203051333e-15,1.6542965347666205e-14
0.021,0.9557324749388524,8.215650382226158e-15,1.432187701766452e-14,2.1094237467877974e-14,4.196643033083092e-14,2.5091040356528538e-14,2.1094237467877974e-14,1.8096635301390052e-14,1.865174681370263e-14,1.9206858326015208e-14,1.7430501486614958e-14,1.787459069646502e-14,1.3433698597964394e-14,8.548717289613705e-15,3.9968028886505635e-15,6.994405055138486e-15,5.551115123125783e-15,1.647011418761425e-14
0.022,0.9984257866041276,0.00024861422937516586,0.00043073174887442445,0.0006597858152014302,0.0013447699842673577,0.0007772975360502699,0.0006502124644125473,0.0005596260529627806,0.0005738926288268997,0.0005918868926209075,0.0005456516717146087,0.00055351490375255,0.00041426392797305756,0.00025894198163067816,0.00012575089628552583,0.00020691787897764158,0.00017264844139885938,0.000510831501301549
0.023,1.0408794725724977,0.02520021242131798,0.04346752091862849,0.06426354791422173,0.12272641478680857,0.07499955884031229,0.06402061345316257,0.055626849598991,0.056889613006212425,0.058373212594180934,0.053692040462224755,0.054627792057176605,0.041292631624745835,0.02606511516292742,0.01278822825381376,0.02084469228140262,0.017321791872924153,0.04992449721629023
0.024,1.0830955446268657,0.05191449241642021,0.08902315099927804,0.12743726139357603,0.22951279360514676,0.14734974740704465,0.12803980659025882,0.11226060636930535,0.11454667344253078,0.11702326523502316,0.10750623348974753,0.10963335051270817,0.08370069042132833,0.053378053310666584,0.026464116491261458,0.042756270668316776,0.03541281341951663,0.09940544119143613
0.025,1.1250759920930233,0.07867506143511704,0.13399493169548116,0.18650746772039462,0.3193573582379585,0.2137866166662321,0.18857589601945368,0.16669291922297758,0.1697729983864823,0.17283111928336947,0.15871649740570937,0.16213118748958621,0.12496202388771749,0.08049954429170358,0.04031897546718266,0.0646219149504278,0.053387277870370564,0.14611341027540414
0.026,1.1668227821521335,0.10513430494725284,0.17771389852682484,0.24135153988308933,0.39554542027504935,0.2744341282019416,0.24517272332851858,0.21833662837668477,0.22203246315132785,0.22537672804820263,0.20702421715257557,0.2117370631921015,0.16467795016063214,0.10713757869073637,0.054194622406739223,0.08622801260288993,0.0710992674861094,0.18992155435850866
0.027,1.208337860148011,0.1310671176370347,0.21977021051982426,0.2920597122099021,0.46064617217891834,0.3296290304419649,0.29771128150487247,0.2669237542859092,0.27109612708304576,0.2745184991665325,0.2523451773246085,0.2583130152722187,0.2026384838301255,0.13311087065168492,0.06798372691896948,0.10743747504024848,0.08845817784668597,0.23085406682462925
0.028,1.2496231498892991,0.15633299169351011,0.25993354220958165,0.3388363846662157,0.5166695185523658,0.37980056732564016,0.34627056589700933,0.3123870823124736,0.31692643652037766,0.3202833000902311,0.29472296099380635,0.30187075599718616,0.2387555659366083,0.15831295041928894,0.08161445389825339,0.1281653179859915,0.10541038886673515,0.2690206267035638
0.029,1.2906805539466422,0.18084892414967113,0.29809498744098073,0.38194029538122864,0.565196489692276,0.4254029213838676,0.3910384461192533,0.3547806825804243,0.35960006604065686,0.36279478558562295,0.3342733577939563,0.3425087807323872,0.27301786974489195,0.18268711535048798,0.09503947024957882,0.1483616214190404,0.1219267273393525,0.3045751583047593
0.03,1.3315119539449543,0.20457073266866144,0.3342263338267426,0.42164945016770095,0.6074806019065682,0.4668794357310728,0.432256698028323,0.39422846940226763,0.39925829330869367,0.40222825176550625,0.3711497687025559,0.38037271327211153,0.3054611324365971,0.20620948929018312,0.10822833610463711,0.16799997420465185,0.1379941022379907,0.33769080984520333
0.031,1.3721192108508693,0.22748033290200464,0.3683520101316424,0.4582411995511755,0.6445244981047987,0.5046451343757112,0.4701879929077579,0.4308915744926656,0.43607572215760904,0.438782795184426,0.40552209680984574,0.41563077470796994,0.3361489398051425,0.22887768720179535,0.121162292915594,0.1870697031136539,0.1536099605939797,0.3685451924046304
0.032,1.4125041652554748,0.24957709326768063,0.40052990918291886,0.4919814093271594,0.6771373752126262,0.5390794665670571,0.5050966044362171,0.46494795940838085,0.4702408794039641,0.4726644695579306,0.4375641055647892,0.4484588553424562,0.3651603624505325,0.2507032406254286,0.13383069122290592,0.20557064136934977,0.16877860637097852,0.3973119531529312
0.033,1.4526686376524116,0.2708719445672536,0.430838327576072,0.5231190278749834,0.7059780232479254,0.570524595701595,0.5372375595141319,0.4965798825646883,0.5019443966109509,0.5040763489118683,0.4674460419408957,0.4790316208416282,0.3925820415461816,0.27170652327780054,0.1462285281567538,0.22350958868441384,0.18350874373913328,0.4241562091204801
0.034,1.492614428711434,0.2913833489384906,0.4593671004671628,0.5518838192168039,0.7315872407819274,0.5992865677439547,0.5668509342833522,0.5259663764243819,0.5313720081265785,0.5332129005993786,0.49533051722336774,0.5075173921731138,0.4185031607815771,0.2919133396062674,0.15835473648546394,0.24089790041409753,0.19781182793251062,0.44923231103501937
0.035,1.5323433195475118,0.31113452922309603,0.4862116141007996,0.5784859202650836,0.7544124288889773,0.625637860809338,0.5941592518125521,0.553278909043639,0.5587005951783126,0.5602570329202027,0.5213703939996817,0.5340753769590104,0.44301229427060507,0.3113526251350237,0.17021098578463723,0.2577498355378187,0.2117009527740491,0.4726829965514054
0.036,1.5718570719855596,0.3301515585754661,0.5114687967279998,0.6031164165309499,0.774826409205818,0.6498204862859756,0.6193667201516212,0.578679061004534,0.5840961466202694,0.5853787889433155,0.5457078989897025,0.5588543574730596,0.46619547711690046,0.3300548953570579,0.18180083564345273,0.27408141906937433,0.22519009805178525,0.4946393557965656
0.037,1.6111574288208823,0.34846204167941985,0.5352344729784602,0.6259484534904217,0.7931419505367656,0.6720491932780435,0.6426595337378376,0.6023174686084742,0.6077129150356486,0.6087350391856934,0.568474474050249,0.5819922711975355,0.4881350741794661,0.3480512023633995,0.19312913323587233,0.2899096564348561,0.23829362039784496,0.5152212555657137
0.038,1.6502461140754041,0.3660942058967016,0.5576016594747326,0.6471385960814076,0.809623082265765,0.692514544720535,0.6642067607706609,0.6243335523191188,0.6296933067227817,0.6304697652821778,0.5897910600467329,0.6036163275039361,0.5089091695833232,0.36537243826958554,0.20420158219931284,0.30525199081538446,0.2510259103447461,0.5345380060149627
0.039,1.6891248332497764,0.3830762784160795,0.5786595103245252,0.6668282673356689,0.8244939815338598,0.7113857555881251,0.684161524918494,0.6448557211625803,0.6501682100466482,0.6507146778537615,0.6097686224717929,0.6238434350207194,0.5285912944812717,0.38204887691141953,0.21502443275137506,0.32012592957449293,0.26340116362674815,0.5526891386268865
0.04,1.7277952735714288,0.3994360641053297,0.5984927104015678,0.6851451692731505,0.8379460124526471,0.7288132514609602,0.7026623051455281,0.6640018542717778,0.669257573122328,0.6695900075212247,0.6285087995943082,0.6427807973563703,0.5472503723739193,0.3981098799656986,0.22560425837150633,0.3345487891826585,0.27543323148683774,0.5697652168616061
0.041,1.7662591042386468,0.4152006648453157,0.6171811756109424,0.7022046330582197,0.8501433456234767,0.7449309424296024,0.7198342492834044,0.6818799321838169,0.6870711104457172,0.6872053689419775,0.6461045994288677,0.6605265878480201,0.5649508018378202,0.41358371682060413,0.23594779478837213,0.34853752365921364,0.2871355258436037,0.5858486335922746
0.042,1.8045179766607462,0.43039629889283093,0.6347999616817948,0.7181108719843383,0.8612274777885491,0.7598582262308098,0.7357904416606684,0.6985887368694019,0.7037090625208455,0.7036606366430924,0.662641100721937,0.6771706479529386,0.5817526233172756,0.4284974631487837,0.24606182413165767,0.3621086121219018,0.29852096262615413,0.6010143697106357
0.043,1.84257352469442,0.4450481910386449,0.6514193124772281,0.7329581267675622,0.8713208924780494,0.7737017433029754,0.7506330928013633,0.714218569671464,0.7192629613689312,0.7190467962776503,0.6781961315399749,0.6927951756971472,0.5977117344860867,0.4428769537787094,0.255953092023127,0.37527798826745473,0.30960193164680805,0.6153307008238389
0.044,1.8804273648763254,0.45918051280841765,0.6671047994082135,0.7468317019668196,0.8805300445700258,0.786556909598071,0.7644546362289729,0.7288519560231301,0.7338163735299149,0.7334467507857936,0.6928409107264533,0.7074753845924026,0.612880130647358,0.45674677277358877,0.2656282488123215,0.3880609996061791,0.3203902848532374,0.628859846632227
0.045,1.9180810966519826,0.47281635789147936,0.6819175180197132,0.7598088976265005,0.8889478088070875,0.7985092530728475,0.7773387277149677,0.7425643186441613,0.7474456043026243,0.7469360709983892,0.7066406448745689,0.7212801223922738,0.6273061546951609,0.4701302686957556,0.2750938085796645,0.40047238776191674,0.33089733720552095,0.6416585621818723
0.046,1.9555363026010548,0.4859777421723973,0.6959143180430036,0.7719598430178741,0.8966555003344532,0.8096355782998066,0.7893611483800875,0.7554246092375058,0.7602203547898968,0.7595836865294946,0.7196550780720605,0.7342724447490394,0.641034746606119,0.483049586574559,0.2843561212491429,0.41252628360409893,0.3411338761021673,0.6537786728598256
0.047,1.9927945486590712,0.49868562071903966,0.7091480504534806,0.7833482406158991,0.9037245512768286,0.8200049814422804,0.800590616465253,0.7674958940605972,0.7722043283004709,0.7714525166846656,0.7319389944964263,0.7465101423969218,0.6541076861148141,0.4955257105854908,0.2934213543864894,0.42423621272091105,0.3511101764604504,0.6652675564627941
0.048,2.0298573843356644,0.5109599162126512,0.7216678202184924,0.7940320287974113,0.910217909146811,0.8296797354068104,0.8110895143375485,0.77883589213801,0.78345578577983,0.7826000434216832,0.7435426756072308,0.7580462226649596,0.6665638247210725,0.5075785132099131,0.3022954821512509,0.43561510798783143,0.36083601939339227,0.6761685763778634
0.049,2.0667263429293814,0.5228195548402459,0.7335192370776791,0.804063971567393,0.9161912089601502,0.8387160625796138,0.8209145380220226,0.7894974669788664,0.7940280518362939,0.7930788296964734,0.7545123146089789,0.7689293473990311,0.6784393048596672,0.5192268078976764,0.3109842795216453,0.44667532688175793,0.37032071302231073,0.6865214701583855
0.05,2.103402941739131,0.534282506780335,0.7447446592979119,0.8134921831500775,0.9216937602272521,0.8471648103040383,0.8301172766579306,0.7995290739055547,0.8039699740191196,0.8029369871746153,0.7648903913116426,0.7792042300650442,0.6897677651902503,0.530488403149755,0.3194933203886273,0.45742867183926794,0.3795731143912252,0.6963626977450128
0.051,2.139888682272333,0.5453658292203014,0.755383427188633,0.8223605946681507,0.9267693816969111,0.8550720422209308,0.8387447290265617,0.8089751657838593,0.8133263385728262,0.8122185975269294,0.7747160106717189,0.7889119951234734,0.7005805317117586,0.5413801565790642,0.32782797846831313,0.46788641242901796,0.38860165175677,0.7057257533893584
0.052,2.1761850504498272,0.5560857104325805,0.7654720844655429,0.8307093694659938,0.9314571102605883,0.8624795567909185,0.8468397638502223,0.8178765602648267,0.8221382461231426,0.8209640915128931,0.7840252082693994,0.7980905028473348,0.710906794890466,0.5519180279677445,0.3359934302440285,0.47805930845262856,0.3974143467489639,0.7146414450608084
0.053,2.212293516807593,0.5664575138674125,0.775044586463944,0.8385752729649538,0.9357918053493064,0.8694253427414528,0.8544415300204201,0.8262707717366724,0.830443450769104,0.8292105898904746,0.7928512258417673,0.806774642692368,0.7207737732962451,0.5621171306695774,0.34399465934502027,0.4879576333406146,0.40601883605832556,0.723138144802319
0.054,2.248215536695353,0.576495821535371,0.7841324948369643,0.8459920023003654,0.9398046661467007,0.875943979815761,0.8615858223408257,0.8341923111283989,0.8382766659455217,0.836992209942115,0.8012247597965622,0.8149965981795486,0.7302068644241937,0.5719917809432314,0.3518364619158242,0.4975911973952212,0.41442239242063383,0.731242013177491
0.055,2.283952550472103,0.5862144761839694,0.7927651588069138,0.8529904803973036,0.9435236757578437,0.882066992024298,0.8683054078046862,0.8416729565637111,0.8456698402348128,0.8443403411168621,0.8091741854070541,0.8227860860550963,0.739229783477729,0.5815555449714873,0.3595234526410084,0.5069693705682212,0.4226319447541439,0.7389772006357577
0.056,2.3195059836986305,0.5956266219418709,0.8009698833268702,0.8595991186018744,0.9469739839304546,0.8878231595895409,0.8746303168886402,0.8487419976728588,0.8526524060828985,0.8512838929853893,0.8167257591557797,0.8301705722771933,0.7478646909318905,0.5908212834421249,0.3670600711737637,0.5161011045619348,0.4306540973642081,0.746366028324913
0.057,2.3548772473270714,0.6047447432277933,0.8087720846952032,0.865844051498802,0.9501782378831816,0.8932387949103693,0.8805881038464575,0.8554264561564019,0.8592515041337008,0.8578495184045873,0.8239038014654183,0.8371754671577075,0.7561323097008088,0.5998011936510796,0.374450588780338,0.5249949541153058,0.43849514817324264,0.7534291506052222
0.058,2.390067737887564,0.6135807018110526,0.8161954342778313,0.8717493471126587,0.9531568691477712,0.898337987132885,0.886204079531985,0.861751284974801,0.8654921856554292,0.8640618145016434,0.8307308618361642,0.843824301771223,0.7640520327143203,0.6085068491475456,0.38169911506061494,0.5336590973907982,0.44616110596446446,0.7601857012689753
0.059,2.4250788376720473,0.6221457719755346,0.8232619910530827,0.8773371953059991,0.9559283429956112,0.9031428192825406,0.8915015198713365,0.8677395483213703,0.8713975952983433,0.8699435038194772,0.8372278682044636,0.8501388875384533,0.7716420216745676,0.6169492369809133,0.38880960464191994,0.5421013554171361,0.45365770664914684,0.7666534252436069
0.06,2.4599119149152546,0.6304506737852195,0.8299923237177267,0.8826280768488048,0.9585093759304425,0.9076735613722029,0.8965018527387092,0.8734125843295989,0.8769891362032808,0.8755155977187254,0.843414262149796,0.8561394606997991,0.7789192977204762,0.6251387926359886,0.3957858637711875,0.5503292105713403,0.46099042858172223,0.7728487973544574
0.061,2.4945683239729504,0.6385056044819905,0.8364056230914035,0.887640915335649,0.960915125838182,0.9119488424387607,0.9012248256654175,0.8787901522725948,0.8822866192756744,0.8807975439069116,0.8493081214047666,0.8618448132188496,0.7858998246805212,0.6330854327595683,0.40263155675200657,0.558349824103843,0.46816450695678313,0.7787871295433368
0.062,2.5290494054974704,0.6463202680688338,0.8425198055384715,0.8923932138654277,0.963159358652721,0.9159858040654022,0.9056886565244245,0.8838905658340217,0.887308398252157,0.8858073597625994,0.8549262709687978,0.8672724114952814,0.7925985855450728,0.640798585790946,0.40935021218933865,0.5661700527247548,0.47518494732812167,0.7844826677794169
0.063,2.5633564866105973,0.6539039031464335,0.8483516080971484,0.8969011781692702,0.9652545947925472,0.9198002376078271,0.9099101690792708,0.8887308138669175,0.8920714920162587,0.8905617529401781,0.8602843839863594,0.872438504121541,0.7990296527407925,0.6482872206133071,0.4159452290171145,0.5737964642791735,0.4820565382934633,0.7899486797577067
0.064,2.597490881073826,0.6612653090804614,0.85391667597,0.901179827671494,0.9672122381227414,0.9234067070519449,0.9139049150632933,0.8933266699089283,0.8965916954655695,0.8950762305780338,0.8653970734258765,0.8773582197870862,0.8052062527422711,0.6555598733437484,0.42241988229328686,0.58123535254593,0.4887838633902105,0.7951975343555645
0.065,2.631453889456067,0.6684128705821082,0.8592296429902966,0.9052430957927028,0.9690426897809672,0.9268186591808423,0.9176872842590158,0.8976927915890794,0.9008836800941237,0.8993651982876147,0.8702779754839862,0.8820456563168244,0.8111408255111119,0.6626246723779158,0.4287773287540194,0.5884927511981805,0.4953713122477982,0.8002407737075754
0.066,2.665246799298832,0.6753545807866757,0.8643042056377042,0.9091039206502691,0.9707554488590492,0.9300485225139182,0.921270603875445,0.9018428109413247,0.9049610853295396,0.9034420499717006,0.8749398255404799,0.8865139617255975,0.8168450792104054,0.6694893618018098,0.43502061212399123,0.5955744469664793,0.5018230910416421,0.8050891786620029
0.067,2.698870885278935,0.6820980629151936,0.8691531911356398,0.9127743271767028,0.9723592016412109,0.9331077962959133,0.924667228369896,0.9057894165326934,0.90883660155342,0.9073192494054115,0.879394527400855,0.8907754080770246,0.8223300406032295,0.6761613232787598,0.44115266818374743,0.6024859920458796,0.5081432322924053,0.8097528282964088
0.068,2.7323274093687715,0.688650590602654,0.873788620122393,0.9162655015583547,0.9738619008560163,0.9360071306537274,0.9278886207283059,0.9095444282178116,0.9125220456344304,0.9110084044116504,0.8836532164847757,0.8948414588516103,0.8276061015074626,0.6826475965143054,0.44717632959790765,0.6092327157885247,0.5143356040525855,0.8142411540945447
0.069,2.765617620994201,0.6950191069740528,0.8782217643494897,0.9195878587934257,0.9752708361934475,0.9387563989007566,0.9309454261015321,0.9131188652458435,0.916028429715197,0.9145203343723605,0.8877263175488787,0.8987228304547422,0.8326830616458123,0.6889548983961409,0.4530943305101247,0.6158197357225098,0.5204039185205,0.8185629893200539
0.07,2.7987427571900834,0.7012102425463038,0.882463199824123,0.9227511040774405,0.9765926971647667,0.9413647628488225,0.9338475385928269,0.9165230083694426,0.9193660239155586,0.9178651317369048,0.8916235974702661,0.9024295484290576,0.8375701681993765,0.6950896409004872,0.45890931091213405,0.622251967936551,0.5263517401196077,0.822726614063796
0.071,2.8317040427535036,0.7072303320305589,0.8865228557780314,0.9257642886446252,0.9778336292355118,0.9438407318839865,0.9366041619017804,0.9197664565371743,0.9225444135447561,0.921052218117893,0.8953542135618695,0.9059709988767964,0.8422761523451565,0.70105794785053,0.4646238207952027,0.6285341368685209,0.5321824930789549,0.8267397963897465
0.072,2.864502690394737,0.7130854301056576,0.8904100598130916,0.9286358606235378,0.9789992840367585,0.9461922164723682,0.9392238644509598,0.9228581786901882,0.9255725513529204,0.9240903955018418,0.898926757841825,0.9093559755453523,0.8468092630325288,0.7068656706069256,0.4702403240929086,0.6346707845341917,0.5378994685483491,0.8306098299586393
0.073,2.897139900885972,0.7187813262295223,0.8941335795440969,0.9313737114036326,0.98009486435306,0.9484265766836045,0.9417146295518819,0.9258065611298545,0.9284588052968391,0.926987893046225,0.9023492976354105,0.912592722982587,0.8511772982305832,0.7125184027649342,0.4757612024244866,0.640666279230707,0.543505831279719,0.8343435684680158
0.074,2.929616863207856,0.7243235585514086,0.8977016610316798,0.9339852179551315,0.9811251644942651,0.9505506662511846,0.9440839011056661,0.9286194508749486,0.9312110022457365,0.9297524098849337,0.9056294128493108,0.9156889761269302,0.8553876338572752,0.718021493927569,0.48118875864811905,0.6465248237474448,0.5490046259040631,0.8379474572115096
0.075,2.961934754693878,0.729717426984042,0.9011220642730269,0.9364772814966625,0.9820946065802801,0.9525708726291465,0.9463386252796561,0.9313041953840528,0.9338364680089302,0.932391154320178,0.9087742302234452,0.9186519966602643,0.8594472505823123,0.7233800626192002,0.4865252202334961,0.6522504631150535,0.5543987828313826,0.8414275620284595
0.076,2.9940947411726384,0.7349680054909584,0.9044020959948057,0.938856362862858,0.983007273200723,0.9544931534523962,0.9484852885536046,0.9338676789806336,0.9363420640281956,0.9349108797397843,0.9117904548348574,0.921488606418602,0.86336275867847,0.7285990083994501,0.49177274246283076,0.6578470919216195,0.5596911237991296,0.8447895958868079
0.077,3.026097977108042,0.7400801536407375,0.9075486399714486,0.9411285148867143,0.9838669368536491,0.9563230697621289,0.9505299524868621,0.9363163562841488,0.9387342210428656,0.9373179175640873,0.9146843991007348,0.9242052181261191,0.8671404210804017,0.7336830232328329,0.4969334114692673,0.6633184612231221,0.5648843670928922,0.8480389433172575
0.078,3.0579456057374395,0.7450585274764188,0.9105681850725101,0.9432994120784581,0.9846770865176722,0.9580658163176984,0.9524782855207405,0.9386562829201391,0.941018970004687,0.939618207495708,0.9174620095031856,0.9268078636918331,0.8707861747958705,0.7386366021655723,0.5020092471213421,0.6686681850736338,0.5699811324613882,0.8511806828944821
0.079,3.089638759207761,0.7499075897451029,0.913466851225052,0.9453743778533541,0.9854409516687,0.9597262492809827,0.9543355920972139,0.9408931437550949,0.9432019704917721,0.9418173253179524,0.9201288912365482,0.9293022202847295,0.8743056508015056,0.7434640533572108,0.5070022057618111,0.6738997466990584,0.5749839457462367,0.8542196079414428
0.08,3.1211785587096776,0.754631619529713,0.9162504134608416,0.9473584095349086,0.9861615240151435,0.9613089115282585,0.9561068393458692,0.9430322788776513,0.9452885368462939,0.9439205084630437,0.9226903309585035,0.9316936343821577,0.877704192543577,0.7481695075111411,0.5119141828088077,0.6790165043366725,0.5798952432455442,0.8571602456153032
0.081,3.152566114609815,0.7592347213219681,0.9189243242033951,0.9492562013368461,0.9868415771930147,0.9628180558172199,0.95779668156506,0.9450787075259677,0.9472836622384926,0.945932679549482,0.9251513178087929,0.9339871439675255,0.8809868731537626,0.7527569267449181,0.5167470152269268,0.6840216967612422,0.5847173758289392,0.8600068745177668
0.082,3.1838025265810597,0.7637208335729561,0.9214937339364702,0.9510721655067141,0.9874836846341053,0.9642576660126265,0.9594094827001587,0.9470371501417605,0.949192040839829,0.9478584680682851,0.927516562843717,0.936187499036501,0.8841585114803399,0.757230112938197,0.5215024838754472,0.6889184485171218,0.5894526128204545,0.862763540958696
0.083,3.214888883730985,0.7680937367551443,0.9239635103833881,0.9528104517957149,0.9880902357958183,0.965631476552711,0.9609493370012937,0.9489120487140819,0.9510180882704609,0.9497022303803802,0.9297905170205814,0.93829918055585,0.8872236870265864,0.7615927155933551,0.526182315740551,0.693709774874429,0.5941031456644457,0.8654340739893867
0.084,3.245826264728435,0.7723570609673258,0.9263382563154374,0.9544749654030846,0.988663450919735,0.9669429903195716,0.962420088024706,0.9507075855603766,0.9527659604703952,0.9514680681717798,0.9319773878536851,0.9403264180055024,0.8901867538803298,0.7658482392412739,0.530788186057999,0.6983985865261934,0.5986710913886657,0.8680220993107113
0.085,3.2766157379282874,0.7765142931118,0.9286223260974841,0.9560693835288229,0.9892053944671788,0.9681954950600257,0.9638253461255826,0.9524277006783852,0.9544395711294916,0.9531598454991757,0.9340811548521654,0.9422732056222939,0.8930518537114562,0.7700000504223722,0.5353217203324023,0.7029876940422175,0.603158495877581,0.870531052151356
0.086,3.3072583614944357,0.780568783671057,0.9308198410697025,0.9575971706556057,0.9897179873635562,0.969392078488518,0.9651685045757098,0.9540761077899387,0.9560426077987701,0.9547812045460333,0.9361055838398724,0.9441433174529056,0.8958229279077342,0.7740513842707987,0.539784496258855,0.7074798120943646,0.6075673369681023,0.8729641892024261
0.087,3.337755183521015,0.7845237531093262,0.9329347038559463,0.9590615926691203,0.9902030181687599,0.9705356421904661,0.9664527544263178,0.9556563091864224,0.9575785467940434,0.956335580198003,0.9380542402483167,0.9459403213136979,0.8985037289134141,0.7780053507276404,0.5441780455523811,0.711877563466961,0.6118995273790082,0.8753245996866523
0.088,3.3681072421518983,0.7883822979226072,0.9349706116816524,0.9604657299156776,0.9906621532781912,0.9716289144326525,0.9676810982248945,0.957171609475572,0.9590506669926321,0.9578262135363614,0.9399305014655236,0.9476675917462862,0.9010978308297346,0.7818649404071516,0.5485038556903195,0.7161834828651228,0.6161569174845648,0.877615215633232
0.089,3.3983155656985002,0.7921473963591508,0.9369310687772096,0.9618124892866564,0.9910969462477272,0.9726744619767902,0.9688563626843635,0.9586251283201498,0.9604620626146766,0.9592561643390952,0.941737568316215,0.949328322049731,0.9036086393315949,0.785633030138265,0.5527633715724747,0.72040002053293,0.6203412979420758,0.8798388214228454
0.09,3.4283811727559055,0.7958219138308631,0.9388193979364005,0.9631046154109852,0.991508846326056,0.9736747009830315,0.9699812103937222,0.960019812250844,0.9618156550722409,0.9606283226710672,0.9434784757420638,0.9509255354630217,0.9060394009502316,0.7893123882020644,0.5569579971035786,0.7245295456925994,0.6244544021824404,0.8819980626615522
0.091,3.4583050723173603,0.799408608034683,0.9406387512937512,0.964344701029376,0.9918992062690505,0.974631907081833,0.9710581506508903,0.9613584456283369,0.9631142039619085,0.9619454196373349,0.9451561027447275,0.9524620955650341,0.9083932117677019,0.7929056792844209,0.5610890967023339,0.7285743498150627,0.6284979087721391,0.8840954544370245
0.092,3.4880882638871475,0.802910133801697,0.9423921203793673,0.9655351966172783,0.9922692895030973,0.975548224685108,0.972089549491026,0.9626436608228084,0.9643603172698028,0.9632100373670517,0.9467731816489169,0.9539407159532747,0.9106730255652993,0.7964154691616346,0.5651579967410503,0.7325366497316661,0.6324734436544961,0.886133389005826
0.093,3.517731737591869,0.8063290476905333,0.9440823455050376,0.966678419317465,0.9926202766974344,0.9764256756009086,0.9730776389768352,0.9638779476731153,0.9655564608518624,0.9644246182893893,0.9483323067378155,0.9553639692574074,0.9128816614646734,0.7998442291356783,0.5691659869196546,0.7364185905960765,0.6363825822775142,0.888114142956164
0.094,3.547236474290172,0.8096678123404726,0.9457121245310188,0.9677765612376911,0.9929532717994495,0.9772661670098716,0.9740245258113355,0.9650636622824353,0.9667049672466834,0.9655914737575086,0.9498359423087057,0.9567342955387583,0.9150218110973659,0.8031943402344707,0.5731143215776174,0.7402222487048912,0.64022685161509,0.8900398838866922
0.095,3.576603445680934,0.8129288005986643,0.9472840210589181,0.9688316971639398,0.9932693075814724,0.9780714988562748,0.9749321993280835,0.9662030352022344,0.9678080438732491,0.9667127920717143,0.9512864301925968,0.9580540101226295,0.9170960453356753,0.8064680971915508,0.5770042209471384,0.7439496341848877,0.6440077320879429,0.8919126766384267
0.096,3.605833614409938,0.8161142994348791,0.9488004720924458,0.9698457917353281,0.9935693507427684,0.9788433707017113,0.9758025389089489,0.9672981790519511,0.9688677806613527,0.9677906459485053,0.952685996777985,0.9593253109063045,0.9191068206152049,0.809667712218522,0.5808368723507189,0.74760269355435,0.6477266593901638,0.8937344891136794
0.097,3.6349279341750584,0.8192265136563351,0.9502637952044852,0.9708207061227148,0.9938543066061412,0.9795833880850289,0.9766373208750819,0.9683510956177478,0.9698861571584247,0.9688269994782205,0.9540367595755337,0.9605502851820434,0.9210564848771132,0.8127953185827315,0.5846134313460697,0.7511833121654278,0.6513850262269001,0.8955071977130546
0.098,3.663887349829985,0.8222675694343073,0.9516761952458778,0.9717582042494282,0.9941250234447133,0.9802930684282617,0.9774382248927092,0.9693636824700075,0.9708650491527693,0.9698237146103558,0.9553407333574312,0.9617309160111005,0.9229472831559404,0.8158529740017986,0.5883350228211333,0.7546933165340437,0.6549841839683155,0.8972325924189358
0.099,3.6927127974865073,0.8252395176534606,0.9530397706285402,0.9726599585892338,0.9943822964710259,0.9809738465247457,0.978206839931766,0.9703377391359247,0.9718062348498439,0.9707825572023225,0.9565998359024288,0.9628690881818402,0.9247813628369245,0.8188426638658297,0.5920027420418155,0.7581344765634586,0.6585254442246296,0.8989123815515416
0.1,3.721405204615385,0.8281443370941325,0.9543565192129856,0.9735275555736828,0.9946268715175282,0.9816270796424156,0.9789446698120946,0.9712749728605145,0.972711400635159,0.9717052026644383,0.957815893375046,0.9639665937823291,0.9265607786049244,0.8217663042974253,0.5956176556548878,0.7615085076672157,0.6620100803467239,0.9005481962214809
0.101,3.7499654901458173,0.8309839374571325,0.9556283438279861,0.9743625006382755,0.9948594484347796,0.9822540522724,0.9796531383689598,0.9721770039866098,0.973582146454599,0.9725932412312117,0.9589906453651489,0.9650251374153214,0.928287497105412,0.8246257450589218,0.5991808026483613,0.7648170727968364,0.6654393288565095,0.9021415945007806
0.102,3.7783945645635533,0.8337601622400026,0.956857057447977,0.975166222934422,0.9950806842312253,0.9828559805504246,0.9803335942669481,0.9730453709819167,0.974419990840429,0.9734481828865207,0.9601257496120162,0.9660463410813269,0.9299634013364878,0.827422772315684,0.6026931952715022,0.7680617843793055,0.668814390810976,0.903694065332591
0.103,3.80669333000764,0.8364747914731228,0.9580443880518503,0.9759400797319472,0.9952911959761906,0.9834340163761717,0.9809873154888629,0.9738815351389163,0.9752263756089606,0.9742714619680263,0.9612227864351106,0.9670317487533971,0.9315902947894773,0.8301591112636909,0.606155819916544,0.7712442061690803,0.6721364331035986,0.9052070321981531
0.104,3.834862680365854,0.8391295443234956,0.9591919831849827,0.9766853605348611,0.9954915634857502,0.9839892512536114,0.9816155135240129,0.9746868849713245,0.9760026702537417,0.9750644414741203,0.9622832628920263,0.9679828306654096,0.9331699053543898,0.8328364286291204,0.6095696379640037,0.7743658550190642,0.6754065897065329,0.9066818565581295
0.105,3.8629035013688218,0.8417260815735739,0.9603014142447022,0.9774032909312697,0.9956823318093438,0.9845227198733743,0.9822193372782739,0.9754627403289259,0.9767501760562307,0.9758284170948351,0.9633086166825062,0.9689009873339235,0.934703889005346,0.8354563350471444,0.6129355865934303,0.7774282025747274,0.6786259628568222,0.9081198410840674
0.106,3.8908166706828533,0.8442660079820091,0.9613741805078801,0.9780950361966172,0.9958640135333928,0.9850354034564834,0.9827998767264641,0.9762103562508699,0.9774701299341679,0.9765646209864379,0.9643002198159593,0.9697875533321246,0.9361938332799944,0.8380203873266868,0.6162545795612884,0.7804326768953026,0.6817956241896351,0.9095222326945254
0.107,3.9186030580015148,0.8467508745327915,0.9624117129179471,0.9787617046679193,0.9960370909167213,0.9855282328771596,0.9833581663259053,0.9769309265759354,0.97816370804626,0.977274225307879,0.9652593820585813,0.9706438008329514,0.9376412605659425,0.8405300906074635,0.6195275079475879,0.783380664005751,0.6849166158213587,0.9108902254092651
0.108,3.946263525135952,0.8491821805788381,0.9634153776473547,0.9794043509052468,0.9962020178712759,0.9860020915809615,0.9838951882085211,0.9776255873268271,0.9788320291703423,0.9779583455358396,0.9661873541749673,0.9714709429371894,0.9390476312063086,0.8429869004152308,0.6227552408727821,0.7862735093829796,0.6879899513852077,0.9122249630338974
0.109,3.9737989261039943,0.8515613758857257,0.9643864794503301,0.9800239786554411,0.9963592218004498,0.9864578183132025,0.9844118751674289,0.9782954198842477,0.9794761578708482,0.9786180435738252,0.9670853309779801,0.9722701368011271,0.940414346435652,0.845392224620799,0.6259386261863656,0.789112519379588,0.6910166170218395,0.9135275416864154
0.11,4.0012101072180455,0.8538898625809082,0.9653262648196873,0.9806215436318785,0.9965091053062477,0.986896209671376,0.984909113452723,0.9789414539652764,0.9800971074701956,0.9792543306695609,0.9679544541996205,0.9730424865772694,0.9417427511567577,0.8477474253080177,0.6290784911285261,0.7918989625882313,0.6939975723273151,0.9147990121761933
0.111,4.0284979071717935,0.856168997013443,0.9662359249604674,0.9811979561230267,0.9966520477755587,0.9873180224942286,0.9853877453899823,0.9795646704194801,0.9806958428375856,0.9798681701538556,0.9687958151946983,0.9737890461805992,0.9430341365680295,0.8500538205556276,0.6321756429661293,0.7946340711495111,0.6969337512606105,0.9160403822452369
0.112,4.05566315712575,0.8584000915289476,0.9671165985922585,0.9817540834415678,0.996788406854924,0.9877239760991112,0.9858485718339829,0.980166003855169,0.9812732830076841,0.9804604800131042,0.9696104574882426,0.9745108218919519,0.9442897426505793,0.8523126861375695,0.6352308696042437,0.7973190420061441,0.699826063012742,0.9172526186807485
0.113,4.082706680791636,0.8605844161642218,0.9679693745912049,0.9822907522249572,0.9969185198223894,0.988114754378331,0.9862923544691269,0.9807463451072703,0.9818303036407191,0.9810321353066795,0.9703993791767931,0.975208774809223,0.945510760523478,0.8545252571460604,0.6382449401743426,0.7999550381059928,0.7026753928394536,0.9184366493073958
0.114,4.109629294515649,0.8627232002657135,0.9687952944819319,0.9828087505974772,0.9970427048643131,0.9884910077643848,0.986719817967212,0.9813065435574481,0.9823677393346635,0.9815839704396289,0.9711635351929803,0.9758838231563435,0.9466983346750717,0.8566927295414994,0.6412186056002698,0.8025431895564124,0.7054826028592975,0.9195933648670713
0.115,4.136431807360596,0.8648176340357621,0.9695953547888967,0.9833088302030839,0.9971612622643368,0.9888533550731928,0.9871316520123596,0.9818474093163031,0.9828863857993837,0.9821167813003147,0.9719038394421364,0.9765368444592443,0.94785356507773,0.858816261633008,0.6441525991429784,0.8050845947322216,0.7082485328188337,0.9207236207933621
0.116,4.163115021186944,0.866868870010314,0.9703705092560087,0.983791708117659,0.9972744755111348,0.9892023852337503,0.9875285132021696,0.9823697152767705,0.983387001901908,0.9826313272719323,0.9726211668190479,0.9771686775973657,0.9489775091929082,0.8608969754931963,0.6470476369250209,0.8075803213394805,0.7109740008265713,0.9218282388874283
0.117,4.189679730732791,0.8688780244716046,0.9711216709427498,0.9842580686486437,0.9973826123310124,0.9895386589119753,0.987911026833495,0.982874199047165,0.9838703115912971,0.9831283331261864,0.9733163551123982,0.9777801247386607,0.9500711838729525,0.8629359583105309,0.6499044184356904,0.8100314074371441,0.7136598040571815,0.9229080089015173
0.118,4.216126723692763,0.8708461787990873,0.9718497142044589,0.9847085650294455,0.9974859256509276,0.9898627100359423,0.9882797885805964,0.9833615647717152,0.9843370057109863,0.9836084908068045,0.9739902068039161,0.9783719531654796,0.9511355671656524,0.8649342636824824,0.6527236270176915,0.8124388624185404,0.7163067194274335,0.9239636900359002
0.119,4.242456780795873,0.8727743807617114,0.9725554765639195,0.9851438210154759,0.9975846544970599,0.9901750472291497,0.98863536607287,0.9838324848458633,0.9847877437059029,0.9840724611100174,0.9746434907687593,0.9789448969982038,0.9521716000271591,0.8668929128524466,0.6555059303361499,0.8148036679545257,0.7189155042452043,0.9249960123546072
0.12,4.268670675882353,0.8746636457544705,0.9732397604809033,0.9855644323881817,0.9976790248336416,0.9904761551579823,0.988978300378804,0.9842876015330893,0.9852231552311389,0.9845208752686265,0.9752769438832144,0.9794996588230185,0.9531801879485248,0.8688128958932667,0.6582519808307459,0.8171267789000648,0.7214868968328598,0.9260056781249703
0.121,4.294769175979458,0.8765149579819791,0.9739033350258751,0.9859709683729756,0.9977692503463862,0.9907664957990642,0.9893091074023428,0.9847275284895397,0.9856438416684765,0.9849543364458053,0.9758912725453763,0.9800369112297751,0.9541622025007794,0.8706951728400119,0.6609624161517021,0.8194091241658936,0.7240216171262142,0.9269933630856356
0.122,4.320753041376281,0.8783292715916816,0.974546937463647,0.9863639729765575,0.9978555331745104,0.991046509631792,0.9896282791973839,0.9851528522022998,0.9860503775566266,0.9853734211443569,0.9764871541140885,0.9805572982654807,0.9551184828031529,0.8725406747745295,0.6636378595803316,0.8216516075568365,0.7265203672502201,0.9279597176473837
0.123,4.346623025697589,0.8801075117591518,0.9751712747523825,0.9867439662487254,0.99793806459503,0.9913166167609427,0.989936285205723,0.9855641333467404,0.986443311940621,0.9857786805367418,0.9770652382710668,0.9810614368085788,0.9560498369187556,0.874350304864135,0.6662789204347996,0.8238551085782664,0.7289838320724684,0.9289053680308083
0.124,4.3723798759766765,0.8818505757278068,0.9757770249629989,0.9871114454734239,0.9980170256627227,0.9915772179739069,0.9902335734233828,0.9859619080679952,0.9868231696454295,0.9861706417208278,0.9776261483108027,0.9815499178688349,0.9569570431817626,0.8761249393566816,0.6688861944617404,0.8260204832121183,0.731412679735529,0.9298309173446265
0.125,4.398024332727274,0.8835593338052299,0.9763648386236768,0.987466886293444,0.9980925878088909,0.991828695736764,0.9905205714999145,0.9863466891912754,0.9871904524785188,0.9865498089059692,0.9781704823625346,0.9820233078173161,0.9578408514598966,0.877865428534119,0.6714602642143154,0.8281485646638009,0.7338075621691017,0.9307369466081438
0.126,4.4235571300145144,0.8852346303181803,0.9769353399938849,0.9878107437728872,0.9981649134018143,0.9920714151331238,0.9907976877749297,0.9867189673654072,0.9875456403657474,0.9869166645337084,0.9786988145482951,0.982482149550655,0.9587019843557649,0.8795725976265415,0.6740016994172935,0.8302401640812722,0.7361691155828907,0.931624015721161
0.127,4.448978995524983,0.8868772845282509,0.9774891282720377,0.9881434534012224,0.9982341562715639,0.9923057247493726,0.9910653122558329,0.9870792121436803,0.9878891924246928,0.9872716703371027,0.9792116960807783,0.9829269635935116,0.959541138350391,0.8812472476886097,0.6765110573196805,0.8322960712474892,0.7384979609410808,0.9324926643843957
0.128,4.474290650635838,0.8884880915100345,0.9780267787406396,0.9884654320425073,0.9983004622016425,0.9925319575097182,0.9913238175404421,0.9874278730058206,0.9882215479792287,0.987615268342406,0.979709656304527,0.9833582491428872,0.9603589848920809,0.8828901564401347,0.6789888830354198,0.8343170552473806,0.7407947044192316,0.9333434129732869
0.129,4.499492810483058,0.8900678229935567,0.9785488438525232,0.9887770788331016,0.998363969389739,0.9927504314641811,0.9915735596879316,0.987765380324642,0.9885431275189164,0.9879478818165888,0.9801932036837169,0.9837764850577071,0.9611561714335658,0.8845020790725105,0.6814357098726519,0.836303865110431,0.7430599378443768,0.9341767633678736
0.13,4.524586184028777,0.8916172281726398,0.9790558542615561,0.9890787760309804,0.9984248088797032,0.9929614505324684,0.9918148790413007,0.9880921462807007,0.9888543336065327,0.9882699161639449,0.9806628267396009,0.9841821307968662,0.9619333224201941,0.8860837490225942,0.6838520596519939,0.83825723042991,0.7452942391190615,0.9349931997412494
0.131,4.549571474127783,0.8931370344807774,0.9795483198009829,0.9893708898195429,0.9984831049667005,0.9931653052064653,0.992048101004347,0.988408565728051,0.989155551736841,0.9885817597748217,0.981118994940485,0.9845756273087276,0.9626910402317759,0.8876358787155493,0.6862384430142856,0.8401778619597381,0.7474981726300293,0.9357931893089529
0.132,4.574449377593124,0.8946279483360153,0.9800267304123639,0.9896537710686297,0.998538975577354,0.993362273213886,0.9922735367759273,0.9887150170140013,0.9894471511495042,0.9888837848293072,0.9815621595469233,0.9849573978748678,0.9634299060805274,0.8891591602780818,0.6885953597182215,0.842066452189922,0.7496722896422168,0.9365771830414902
0.133,4.599220585260901,0.8960906558562519,0.9804915570278903,0.9899277560552732,0.9985925326265558,0.9935526201454649,0.9924914840441003,0.9890118627555783,0.9897294855988502,0.9891763480585274,0.9819927544146503,0.9853278489106914,0.9641504808674249,0.8906542662234319,0.6909232989282696,0.8439236759014528,0.7518171286786929,0.9373456163420525
0.134,4.623885782054209,0.8975258235463088,0.9809432524086841,0.9901931671465498,0.9986438823525002,0.9937366000478967,0.9927022276425703,0.9892994505752332,0.9900028940830249,0.9894597914660307,0.9824111967576171,0.9856873707253657,0.9648533059991334,0.8921218501094039,0.693222739493262,0.8457501907015179,0.7539332158871423,0.9380989096913658
0.135,4.648445647046263,0.8989340989580417,0.9813822519415266,0.9904503134467438,0.998693125631385,0.9939144559845975,0.9929060401716969,0.989578113798159,0.9902677015349024,0.9897344430115802,0.9828178878733416,0.9860363382433774,0.9655389041675568,0.8935625471706602,0.6954941502160208,0.847546637539835,0.7560210653934645,0.9388374692614825
0.136,4.672900853522727,0.9003161113247021,0.9818089743963124,0.9906994914108936,0.9987403582731204,0.9940864205662127,0.993103182586177,0.989848172113439,0.9905242194769718,0.9900006172595243,0.9832132138326566,0.9863751116898636,0.9662077800939344,0.8949769749264334,0.6977379901143663,0.8493136412068784,0.7580811796430288,0.9395616875002163
0.137,4.697252069043232,0.9016724721707022,0.982223822646384,0.9909409854266562,0.9987856712992883,0.9942527164526771,0.9932939047513786,0.9901099322011021,0.9907727466422777,0.9902586159937781,0.9835975461358072,0.9867040372417425,0.9668604212392999,0.8963657337647574,0.6999547086738421,0.8510518108147338,0.7601140497301045,0.9402719436878209
0.138,4.7214999555021215,0.9030037758978688,0.9826271843537735,0.9911750683663055,0.998829151204511,0.9944135568285102,0.993478445970168,0.9903636883270319,0.9910135695633593,0.9905087288013216,0.9839712423367285,0.9870234476465403,0.967497298483012,0.8977294075042611,0.7021447460924715,0.8527617402612815,0.7621201557159534,0.9409686044674085
0.139,4.7456451691884265,0.9043106003492263,0.9830194326212541,0.9914020021105627,0.9988708802022996,0.9945691458529219,0.9936570354819589,0.990609722907555,0.9912469631310122,0.990751233625998,0.9843346466372304,0.9873336628106949,0.9681188667709738,0.8990685639345132,0.7043085335178486,0.8544440086783749,0.7640999669360532,0.941652024350519
0.14,4.7696883608450715,0.9055935073512897,0.9834009266129901,0.9916220380458534,0.9989109364563863,0.9947196790862035,0.9938298929355984,0.9908483070454158,0.9914731911245809,0.9909863972942872,0.984688090452706,0.98763499035901,0.9687255657350623,0.9003837553358602,0.7064464932768539,0.8560991808646528,0.7660539422968948,0.9423225461991636
0.141,4.793630175727337,0.9068530432358088,0.9837720121454697,0.9918354175364839,0.9989493942984652,0.9948653438937801,0.9939972288376021,0.9910797010387455,0.9916925067153856,0.9912144760146235,0.9850318929508888,0.9879277261668321,0.969317820285208,0.9016755189796529,0.7085590390982692,0.857727807703595,0.7679825305627799,0.9429805016855897
0.142,4.81747125366059,0.9080897393418461,0.9841330222503046,0.9920423723731391,0.9989863244332108,0.9950063198292167,0.9941592449771559,0.991304154864528,0.9919051529447864,0.9914357158517316,0.9853663615650888,0.9882121548664258,0.9698960411754809,0.9029443776097088,0.710646576328557,0.8593304265673977,0.769886170633016,0.9436262117309364
0.143,4.8412122290972714,0.9093041124990418,0.9844842777103842,0.9922431251990168,0.9990217941313775,0.9951427789973872,0.9943161348292114,0.9915219086379774,0.9921113631782966,0.9916503531773624,0.9856917924832597,0.9884885503289388,0.9704606255454676,0.9041908399058197,0.7127095021410546,0.8609075617072288,0.7717652918098984,0.9442599869238849
0.144,4.864853731173185,0.9104966654928659,0.9848260875707898,0.9924378899148327,0.9990558674117319,0.9952748863989375,0.9944680839369192,0.9917331930491532,0.9923113615370698,0.9918586150987299,0.9860084711141621,0.9887571761232619,0.9710119574381498,0.9054154009300732,0.7147482057388271,0.8624597246303864,0.7736203140578418,0.9448821279203425
0.145,4.888396383763067,0.9116678875126273,0.9851587496257918,0.992626872063857,0.9990886052125156,0.9954028002571053,0.9946152702745672,0.9919382297780616,0.9925053633080054,0.9920607198658665,0.9863166725318238,0.9890182859530129,0.9715504082954333,0.9066185425567193,0.7167630685514077,0.8639874144648727,0.7754516482540124,0.9454929258251353
0.146,4.9118408055354665,0.9128182545829667,0.9854825508831713,0.9928102691980706,0.9991200655530936,0.9955266723278932,0.9947578645921183,0.9921372318894127,0.9926935753336426,0.9922568772590465,0.9866166618994178,0.9892721240728041,0.9720763374324081,0.9078007338862774,0.7187544644256469,0.8654911183118613,0.7772596964307918,0.9460926625566343
0.147,4.93518761000694,0.9139482299795297,0.9857977680070444,0.9929882712264673,0.9991503036863927,0.9956466481945263,0.9948960307423756,0.9923304042081366,0.9928761963829412,0.9924472889573531,0.9869086948736259,0.9895189256848805,0.972590092491368,0.9089624316445474,0.7207227598108834,0.8669713115865259,0.7790448520103916,0.94668161119518
0.148,4.958437405595568,0.915058264629481,0.9861046677402933,0.9931610607464625,0.999179372242701,0.995762867547075,0.9950299259917383,0.9925179436766948,0.9930534175039846,0.9926321488894059,0.987193017990484,0.9897589173171571,0.9730920098765579,0.9101040805671549,0.7226683139386356,0.8684284583476669,0.7808075000319219,0.9472600363161309
0.149,4.981590795673808,0.9161487974974909,0.9864035073076488,0.9933288133593174,0.9992073213653567,0.9958754644480617,0.995159701315456,0.9927000396951603,0.9932254223595747,0.9928116435672016,0.987469869033658,0.989992317183623,0.9735824151705683,0.9112261137702322,0.7245914789970145,0.8698630116165635,0.7825480173712014,0.947828194308297
0.15,5.00464837862069,0.9172202559577936,0.9866945348004105,0.9934916979704284,0.9992341988388197,0.9959845675848277,0.9952855016782304,0.9928768744449867,0.9933923875466374,0.9929859524039664,0.9877394773860373,0.9902193355280229,0.9740616235332467,0.9123289531078079,0.7264926003000337,0.8712754136854536,0.7842667729535885,0.9483863336785027
0.151,5.027610747873366,0.9182730561528923,0.9869779895437332,0.9936498770752862,0.9992600502095909,0.996090300509385,0.9954074663009669,0.9930486231973267,0.9935544829002967,0.9931552480168655,0.9880020643654907,0.990440174951678,0.9745299400839499,0.9134130095164511,0.728372016452007,0.8726660964160295,0.7859641279600957,0.948934695342953
0.152,5.050478491978022,0.9193076033394557,0.9872541024473577,0.9938035070318596,0.9992849189004093,0.9961927818664361,0.9955257289144256,0.9932154546067172,0.99371187178343,0.993319696515368,0.9882578435455766,0.9906550307262557,0.9749876602679183,0.9144786833476902,0.7302300595071922,0.8740354815283211,0.7876404360270391,0.9494735129060649
0.153,5.073252194640165,0.9203242922219267,0.9875230963406156,0.9939527383201162,0.999308846318131,0.9962921256102036,0.9956404180004813,0.993377530990896,0.99386471136247,0.9934794577760153,0.9885070210619589,0.9908640910922557,0.9754350702075106,0.9155263646887041,0.7320670551248539,0.875383980880319,0.7892960434394678,0.9500030129273691
0.154,5.095932434774282,0.9213235072743435,0.987785186292491,0.9940977157893514,0.999331871955668,0.9963884412106735,0.9957516570216577,0.9935350085974723,0.9940131528701706,0.9936346857043026,0.9887497959052367,0.9910675375439344,0.9758724470390033,0.9165564336717577,0.7338833227198993,0.876711996738683,0.7909312893185987,0.9505234151770704
0.155,5.118519786552901,0.9223056230508438,0.9880405799174801,0.9942385788939565,0.9993540334883396,0.9964818338498198,0.9958595646395612,0.9936880378581349,0.9941573418560173,0.9937855284843394,0.9889863602008595,0.9912655451013492,0.9763000592356179,0.9175692607728364,0.7356791756092357,0.8780199220408554,0.7925465058034835,0.9510349328808094
0.156,5.141014819455042,0.9232710044853074,0.9882894776679473,0.9943754619182252,0.9993753668649692,0.9965724046083463,0.9959642549228058,0.993836763631036,0.9942974184249225,0.9939321288169193,0.9892168994767583,0.99145828257017,0.9767181669174092,0.9185652070999077,0.7374549211539989,0.8793081406488975,0.7941420182271153,0.9515377729541503
0.157,5.163418098314073,0.9242200071805688,0.9885320731136423,0.9945084941907587,0.9993959063940319,0.9966602506434482,0.9960658375449848,0.9939813254319636,0.9944335174648075,0.9940746241465913,0.9894415929192957,0.9916459127898638,0.9771270221486119,0.9195446246712246,0.739210860897787,0.8805770275953442,0.7957181452871773,0.9520321362272793
0.158,5.185730183364994,0.9251529776876153,0.9887685532090014,0.9946378002890014,0.9994156848251476,0.9967454653580679,0.9961644179732103,0.9941218576548678,0.9945657688636428,0.9942131468782949,0.9896606136180991,0.9918285928708316,0.9775268692230168,0.9205078566840628,0.7409472907010364,0.8818269493213667,0.7972751992116293,0.9525182176603875
0.159,5.207951630291131,0.9260702537751607,0.9889990985488276,0.9947635002344086,0.9994347334261883,0.9968281385620917,0.9962600976477184,0.9942584897822865,0.9946942977164841,0.9943478245840854,0.9898741288003139,0.9920064744210392,0.9779179449379143,0.9214552377742685,0.7426645008716667,0.8830582639075184,0.7988134859193154,0.9529962065501685
0.16,5.230082990270271,0.9269721646899772,0.9892238836129095,0.9948857096787195,0.9994530820562544,0.9969083566259109,0.9963529741530005,0.9943913465861771,0.9948192245230095,0.9944787802004527,0.9900823000547863,0.992179703762659,0.9783004788571197,0.9223870942669755,0.7443627762921183,0.8842713212973257,0.8003333051757735,0.9534662867278574
0.161,5.25212481002023,0.9278590314083425,0.9894430770001106,0.9950045400817813,0.9994707592347607,0.9969862026267396,0.9964431413809036,0.9945205483196394,0.9949406653760411,0.9946061322167009,0.9902852835466549,0.9923484221392085,0.9786746935635677,0.9233037444188344,0.7460423965429013,0.885466463513981,0.8018349507444124,0.9539286367491986
0.162,5.274077631843877,0.9287311668789469,0.9896568416524313,0.9951200988813492,0.9994877922068532,0.9970617564880697,0.9965306896861108,0.9946462108999811,0.9950587321415003,0.9947299948548401,0.9904832302228075,0.9925127659136477,0.9790408049019387,0.9242054986520829,0.7477036360227662,0.8866440248703782,0.8033187105332233,0.9543834300767186
0.163,5.295941993673607,0.9295888762575932,0.9898653350695209,0.9952324896552595,0.9995042070053691,0.9971350951126119,0.996615706034394,0.9947684460835605,0.9951735326302275,0.994850478241407,0.9906762860086348,0.9926728667578709,0.9793990222117579,0.9250926597807713,0.749346764065614,0.8878043321727263,0.8047848667371831,0.9548308352546634
0.164,5.317718429115283,0.9304324571340016,0.9900687095140907,0.9953418122763529,0.9995200285095354,0.9972062925090589,0.9966982741440069,0.9948873616328111,0.9952851707620696,0.9949676885716162,0.9908645919964908,0.9928288518340072,0.9797495485513866,0.925965523229442,0.7509720450542412,0.8889477049179628,0.8062336959764943,0.9552710160769311
0.165,5.33940746749164,0.9312621997510214,0.9902671122086555,0.995448163060509,0.999535280500592,0.9972754199129842,0.9967784746205675,0.9950030614758321,0.9953937467226179,0.995081728266219,0.9910482846262467,0.9929808439679196,0.9800925809133016,0.9268243772445517,0.7525797385310272,0.8900744554851856,0.8076654694308122,0.9557041317483204
0.166,5.361009633885181,0.9320783872165415,0.9904606855240121,0.9955516349081232,0.9995499857145131,0.9973425459021752,0.9968563850857575,0.9951156458589125,0.9954993571129599,0.9951926961214251,0.9912274958583079,0.9931289618152773,0.9804283104310456,0.9276695030989109,0.7541700993056621,0.8911848893213075,0.8090804529695926,0.9561303370394012
0.167,5.382525449180547,0.932881295708372,0.9906495671598362,0.9956523174393518,0.999564165891989,0.9974077365066804,0.9969320803001511,0.9952252114923305,0.9956020950927839,0.9953006874522267,0.9914023533394414,0.9932733200205468,0.980756922578206,0.9285011752894029,0.755743377560004,0.8922793051211341,0.8104789072786953,0.95654978243529
0.168,5.403955430106384,0.9336711946723646,0.9908338903177656,0.995750297123424,0.9995778418258233,0.997471055313837,0.9970056322804659,0.9953318516897538,0.9957020505171655,0.9954057942294421,0.9915729805617465,0.993414029369241,0.9810785973597668,0.9293196617282351,0.7572998189501592,0.8933579950020539,0.8118610879833691,0.9569626142786084
0.169,5.42530008927671,0.9344483470140238,0.9910137838673151,0.9958456574023088,0.999591033405888,0.9975325635685287,0.9970771104115133,0.9954356565015547,0.995799310067339,0.9955081052107857,0.9917394970150828,0.9935511969337392,0.9813935094961606,0.9301252239279639,0.7588396647058752,0.8944212446735273,0.8132272457677422,0.9573689749068789
0.17,5.4465599352317895,0.9352130092838514,0.9911893725049529,0.9959384788090073,0.9996037596617726,0.997592320268913,0.9971465815531128,0.9955367128423256,0.9958939573757445,0.9956077060662467,0.9919020183332534,0.9936849262129782,0.9817018286003325,0.9309181171805243,0.7603631517273233,0.8954693336015475,0.814577626490935,0.9577690027846079
0.171,5.4677354724785205,0.935965431856659,0.9913607769066495,0.9960288390807283,0.9996160388032556,0.9976503822578392,0.9972141101422161,0.9956351046128782,0.9959860731456286,0.9957046794980507,0.9920606564342277,0.9938153172662997,0.9820037193481115,0.9316985907304841,0.7618705126793578,0.8965025351682462,0.8159124712999062,0.9581628326302883
0.172,5.488827201530343,0.936705859105068,0.9915281138741978,0.9961168132671897,0.9996278882587155,0.997706804310173,0.9972797582904783,0.9957309128169858,0.9960757352654565,0.995799105355462,0.9922155196546726,0.9939424668417229,0.9822993416421721,0.9324668879427382,0.7633619760833281,0.8975211168268056,0.8172320167391443,0.9585505955385469
0.173,5.509835618946676,0.9374345295674137,0.9916914964755851,0.9962024738342776,0.9996393247115979,0.9977616392162254,0.9973435858774976,0.9958242156731184,0.996163018918384,0.9958910607446692,0.9923667128790485,0.9940664684988998,0.9825888507698581,0.9332232464648422,0.764837766406515,0.8985253402518336,0.818536494857306,0.9589324190976437
0.174,5.53076121737188,0.938151676110258,0.9918510341796836,0.9962858907632817,0.9996503641350412,0.997814937861478,0.9974056506399342,0.9959150887214077,0.9962479966870241,0.9959806201339861,0.9925143376635134,0.9941874127269954,0.9828723975551211,0.9339678983841846,0.7662981041492707,0.8995154614853554,0.8198261333109023,0.959308427502529
0.175,5.551604485573771,0.9388575260857043,0.9920068329855173,0.9963671316459132,0.9996610218247629,0.9978667493027837,0.9974660082567082,0.9960036049260644,0.9963307386537286,0.9960678554545888,0.9926584923548656,0.9943053870577246,0.9831501285048232,0.9347010703801806,0.7677432059299247,0.900491731078564,0.8211011554651302,0.9596787416636468
0.176,5.572365908481675,0.9395523014837068,0.9921589955463441,0.9964462617753049,0.9996713124303006,0.997917120841214,0.9975247124304647,0.996089834773462,0.9964113124965971,0.996152836196995,0.992799272204746,0.9944204761737655,0.9834221859496339,0.9354229838716706,0.7691732845675284,0.9014543942294716,0.8223617804919399,0.9600434793116691
0.177,5.593045967224037,0.9402362190795527,0.992307621288785,0.9965233442331783,0.9996812499846951,0.9979660980917131,0.9975818149654869,0.9961738463660869,0.9964897835814129,0.9962356295034853,0.992936769479309,0.9945327620127569,0.9836887081797469,0.9361338551596919,0.770588549162501,0.902403690916597,0.8236082234654298,0.9604027550983318
0.178,5.61364513916558,0.9409094905766905,0.9924528065272183,0.9965984399733548,0.9996908479326997,0.9980137250497142,0.9976373658422244,0.9962557055125478,0.9965662150496946,0.996316300256653,0.99307107356456,0.9946423238670791,0.9839498295756273,0.9368338955657926,0.7719892051752395,0.9033398560288168,0.8248406954546545,0.9607566806935427
0.179,5.634163897944047,0.9415723227450721,0.9925946445736484,0.9966716079017818,0.9997001191575958,0.9980600441548598,0.9976914132885996,0.9963354758138258,0.9966406679030438,0.9963949111642599,0.9932022710675512,0.9947492384796071,0.9842056807339946,0.9375233115660411,0.7733754545027534,0.9042631194915067,0.8260594036139258,0.9611053648789104
0.18,5.654602713506494,0.9422249175551672,0.992733225843246,0.9967429049532303,0.9997090760066863,0.9981050963519666,0.9977440038482437,0.9964132187459355,0.9967132010839618,0.9964715228405705,0.9933304459136122,0.9948535801356131,0.984456388589233,0.9382023049208897,0.7747474955533828,0.9051737063890939,0.827264551270689,0.9614489136378523
0.181,5.6749620521451725,0.9428674723078045,0.9928686379557493,0.9968123861648194,0.9997177303155393,0.9981489211493632,0.9977951824458073,0.9964889937391652,0.9967838715532927,0.9965461938843203,0.9934556794397927,0.9949554207509929,0.9847020765304155,0.938871072801033,0.7761055233196562,0.906071837084135,0.8284563380110526,0.9617874302424229
0.182,5.695242376532988,0.9435001797599857,0.9930009658329058,0.9968801047465092,0.999726093431046,0.9981915566747254,0.9978449924494825,0.9965628582540478,0.9968527343644539,0.9966189809534762,0.9935780504846745,0.9950548299569738,0.9849428645141186,0.9395298079094033,0.7774497294493415,0.9069577273330321,0.8296349597630401,0.9621210153369932
0.183,5.715444145758554,0.9441232282468143,0.9931302917921248,0.9969461121487005,0.9997341762333575,0.9982330397285264,0.9978934757308672,0.9966348678542128,0.9969198427345938,0.9966899388369297,0.9936976354747141,0.9951518751814622,0.9851788691731962,0.9401786985994389,0.7787803023147444,0.9078315883984956,0.8308006088776412,0.9624497670189176
0.184,5.735567815360826,0.9447368017996757,0.9932566956365046,0.9970104581270719,0.9997419891567564,0.9982734058352124,0.9979406727222951,0.9967050762762594,0.9969852481128205,0.9967591205232641,0.9938145085072602,0.9952466217271767,0.9854102039216741,0.940817928989753,0.780097427080304,0.908693627158855,0.831953474207725,0.9627737809163096
0.185,5.755613837363344,0.9453410802607982,0.9933802547413904,0.9970731908047772,0.9997495422095215,0.9983126892922102,0.9979866224717484,0.9967735354967838,0.9970490002456321,0.9968265772667252,0.9939287414303899,0.995339132846705,0.9856369790559197,0.9414476790753287,0.7814012857685346,0.9095440462143211,0.8330937411848864,0.9630931502630441
0.186,5.775582660308088,0.9459362393943196,0.9935010441376071,0.9971343567321228,0.9997568449928353,0.9983509232168667,0.9980313626954649,0.9968402957966898,0.9971111472396741,0.9968923586505206,0.9940404039196982,0.9954294698146215,0.9858593018522344,0.9420681248353585,0.7826920573243606,0.9103830439902925,0.834221591894286,0.9634079659710981
0.187,5.795474729288918,0.946522450993983,0.9936191365915137,0.9971940009438347,0.9997639067187857,0.9983881395914164,0.9980749298283452,0.9969054058229001,0.9971717356219439,0.9969565126475671,0.9941495635521677,0.995517691996788,0.9860772766610083,0.9426794383378454,0.7839699176778934,0.9112108148378034,0.835337205147547,0.9637183167003419
0.188,5.815290485984655,0.9470998829875736,0.9937346026820087,0.9972521670140245,0.9997707362275083,0.9984243693060656,0.9981173590722616,0.9969689126475885,0.9972308103975577,0.9970190856787974,0.994256285877243,0.9956038569169632,0.9862910049975755,0.9432817878410735,0.7852350398056893,0.9120275491311999,0.8364407565537669,0.964024288925878
0.189,5.8350303686917675,0.9476686995382114,0.9938475108746179,0.9973088971089539,0.9997773420035124,0.9984596422002814,0.9981586844423618,0.9970308618250368,0.9972884151051841,0.9970801226691358,0.9943606344852267,0.9956880203208325,0.9865005856298947,0.9438753378920558,0.7864875937905373,0.9128334333631302,0.8375324185887021,0.9643259670030282
0.19,5.854694812356689,0.9482290611426049,0.9939579275927845,0.9973642320376949,0.9997837321912334,0.998493987102366,0.9981989388114609,0.997091297446226,0.9973445918702531,0.9971396671012431,0.9944626710731058,0.99577023623757,0.9867061146631823,0.944460249422062,0.7877277468798131,0.9136286502369372,0.8386123606621796,0.9646234332300629
0.191,5.874284248607756,0.9487811247263696,0.9940659172864807,0.9974182113007785,0.9997899146098504,0.9985274318673947,0.9982381539526071,0.9971502621912567,0.9973993814560331,0.9971977610671303,0.9945624555079191,0.9958505570390368,0.9869076856216134,0.9450366798393224,0.7889556635424417,0.9144133787565283,0.8396807491837908,0.9649167679087646
0.192,5.893799105786803,0.9493250437365104,0.9941715424982502,0.9974708731369187,0.9997958967674078,0.9985600034135903,0.998276360579902,0.9972077973796962,0.9974528233126723,0.9972544453177313,0.9946600458877638,0.9959290334967157,0.9871053895272056,0.9456047831190056,0.79017150552451,0.9151877943138041,0.8407377476269161,0.9652060494029027
0.193,5.913239808980368,0.949860968231164,0.9942748639267883,0.9975222545678956,0.9998016858742726,0.9985917277572058,0.9983135883876558,0.997263943018941,0.9975049556242933,0.9973097593105259,0.9947554986005407,0.9960057148364769,0.9872993149759931,0.9461647098905581,0.79137543190356,0.9159520687737208,0.8417835165911333,0.9654913541947121
0.194,5.93260678005057,0.9503890449666903,0.9943759404881611,0.9975723914416761,0.9998072888559663,0.9986226300459811,0.9983498660879498,0.9973187378506801,0.9975558153542251,0.9973637412552941,0.9948488683805279,0.9960806487912673,0.9874895482115942,0.9467166075224949,0.7925675991416066,0.9167063705570556,0.8428182138630532,0.9657727569394468
0.195,5.951900437665616,0.9509094174822064,0.9944748293747617,0.9976213184738505,0.9998127123653958,0.9986527345912369,0.9983852214466781,0.997372219395543,0.9976054382884522,0.9974164281580858,0.9949402083628752,0.9961538816518076,0.9876761731962728,0.9472606202047257,0.7937481611369105,0.9174508647209504,0.8438419944756336,0.966050330518084
0.196,5.971121197329976,0.9514222261816416,0.9945715861120934,0.9976690692874538,0.9998179627945212,0.9986820648986686,0.9984196813181347,0.9974244239960063,0.9976538590773588,0.9974678558634781,0.9950295701360999,0.9962254583153823,0.9878592716795882,0.9477968890284971,0.7949172692745403,0.9181857130372961,0.844855010766012,0.9663241460882527
0.197,5.990269471414206,0.9519276084134022,0.994666264613471,0.9977156764512443,0.9998230462854812,0.998710643697894,0.9984532716782121,0.9974753868576379,0.9977011112758426,0.9975180590951961,0.9951170037926678,0.9962954223328,0.9880389232647238,0.9483255520640298,0.7960750724757611,0.9189110740690276,0.8458574124319037,0.9665942731334544
0.198,6.009345669184442,0.9524256985477189,0.9947589172327225,0.9977611715165007,0.9998279687412086,0.9987384929708135,0.9984860176562691,0.9975251420887462,0.9977472273818643,0.9975670714951669,0.9952025579777337,0.9963638159536,0.9882152054725828,0.9488467444359248,0.7972217172462752,0.9196271032443883,0.8468493465866047,0.9668607795106374
0.199,6.02835019683156,0.9529166280517571,0.9948495948149731,0.9978055850524052,0.9998327358355572,0.9987656339788324,0.9985179435657295,0.9975737227385026,0.9977922388735035,0.9976149256610698,0.9952862799361185,0.9964306801695783,0.988388193803735,0.9493605983964132,0.7983573477233501,0.9203339529292289,0.8478309578126395,0.9671237314961953
0.2,6.047283457500001,0.953400525562561,0.9949383467455881,0.9978489466800688,0.9998373530229672,0.9987920872889957,0.9985490729334643,0.9976211608336025,0.997836176244582,0.9976616531824508,0.9953682155575904,0.9964960547566987,0.9885579617982936,0.9498672433965178,0.7994821057218644,0.921031772497396,0.8488023882140948,0.9673831938304397
0.201,6.066145851316283,0.953877516957903,0.9950252209973482,0.9978912851052564,0.9998418255476893,0.9988178727990835,0.9985794285280112,0.9976674874135257,0.9978790690389147,0.9977072846754567,0.9954484094205189,0.9965599783154586,0.988724581093799,0.9503668061551943,0.8005961307792958,0.9217207083992706,0.8497637774676753,0.9676392297606143
0.202,6.084937775417186,0.954347725425105,0.9951102641759283,0.9979326281498667,0.9998461584525913,0.9988430097617109,0.998609032386682,0.9977127325644544,0.997920945883249,0.9977518498162509,0.995526904833967,0.99662248830977,0.9888881214811855,0.9508594107265179,0.8016995601996858,0.9224009042285091,0.8507152628725175,0.967891901082499
0.203,6.103659623977626,0.9548112715278998,0.9951935215637456,0.9979730027822203,0.9998503565875646,0.9988675168074768,0.9986379058416051,0.9977569254519059,0.9979618345189439,0.9977953773731626,0.9956037438782808,0.9966836211044147,0.9890486509588988,0.9513451785649764,0.8027925290966018,0.923072500787041,0.8516569793987987,0.9681412681806553
0.204,6.122311788238213,0.9552682732713922,0.9952750371622447,0.9980124351462013,0.9998544246175542,0.9988914119672003,0.9986660695447485,0.9978000943521317,0.9980017618324438,0.9978378952376236,0.9956789674442383,0.9967434120011346,0.9892062357852334,0.9518242285889318,0.8038751704351292,0.9237356361483755,0.8525890597351725,0.9683873900673736
0.205,6.140894656532508,0.9557188461651834,0.9953548537326771,0.9980509505893035,0.9998583670302262,0.9989147126932872,0.9986935434919678,0.9978422666823362,0.9980407538845968,0.9978794304539421,0.9957526152708123,0.9968018952734083,0.9893609405289555,0.9522966772423069,0.8049476150729147,0.9243904457192651,0.8535116343350666,0.9686303244203563
0.206,6.159408614313968,0.9561631032847164,0.9954330128354368,0.9980885736896258,0.9998621881432925,0.9989374358802601,0.9987203470461204,0.9978834690297615,0.9980788359388646,0.9979200092479621,0.9958247259816009,0.9968591041999684,0.9895128281182737,0.9527626385545548,0.8060099918002861,0.925037062299775,0.8544248314618721,0.9688701276191943
0.207,6.177854044182603,0.9566011553308978,0.9955095548680093,0.9981253282818575,0.9998658921115098,0.9989595978844901,0.9987464989592845,0.9979237271796862,0.9981160324884716,0.9979596570546524,0.9958953371199797,0.9969150710971091,0.9896619598882157,0.9532222241989635,0.8070624273794766,0.925675616141806,0.855328777233058,0.9691068547806779
0.208,6.19623132591133,0.9570331106880535,0.9955845191015839,0.9981612374822985,0.9998694829333657,0.9989812145431639,0.998772017394121,0.9979630661423823,0.9981523672825342,0.9979983985446715,0.9959644851830223,0.9969698273498323,0.9898083956264718,0.9536755435493497,0.8081050465829719,0.9263062350061141,0.8562235956632378,0.9693405597929814
0.209,6.214540836472034,0.9574590754802673,0.9956579437163862,0.9981963237129496,0.9998729644574713,0.9990023011925168,0.9987969199444171,0.9980015101790721,0.9981878633512151,0.9980362576499476,0.9960322056542389,0.9970234034418773,0.9899521936177574,0.9541227037351909,0.809137972231005,0.9269290442178709,0.8571094087062189,0.969571295348767
0.21,6.23278295006135,0.9578791536261564,0.9957298658357763,0.9982306087247148,0.9998763403886681,0.9990228726853647,0.9988212236548404,0.9980390828269273,0.9982225430299398,0.9980732575883152,0.9960985330351768,0.9970758289846796,0.9900934106867493,0.9545638096952446,0.8101613252282224,0.9275441667208081,0.8579863362960627,0.9697991129772456
0.211,6.250958038126148,0.95829344689213,0.9958003215591626,0.9982641136197478,0.9998796142938697,0.9990429434079625,0.998844945039942,0.9980758069231468,0.9982564279827155,0.9981094208872455,0.9961635008759281,0.9971271327452988,0.9902321022396461,0.9549989642297024,0.8111752245995385,0.9281517231299851,0.8588544963871824,0.9700240630752298
0.212,6.269066469388752,0.9587020549441815,0.9958693459937749,0.9982968588729795,0.9998827896076449,0.999062527296219,0.9988681001024362,0.9981117046281514,0.9982895392245873,0.9981447694067079,0.9962271418045836,0.9971773426733576,0.9903683223044025,0.9554282680509232,0.8121797875252053,0.9287518317832202,0.8597140049935027,0.9702461949372173
0.213,6.287108609871873,0.9591050753982556,0.9959369732853414,0.9983288643528587,0.9998858696375577,0.9990816378512933,0.9988907043507885,0.9981467974479319,0.9983218971432679,0.9981793243611966,0.996289487555676,0.9972264859270287,0.9905021235696835,0.9558518198327889,0.8131751293751098,0.9293446087912235,0.8605649762267116,0.9704655567845417
0.214,6.3050848229232646,0.9595026038692392,0.9960032366477117,0.9983601493413375,0.9998888575692753,0.9991002881545997,0.9989127728161395,0.9981811062555828,0.9983535215199726,0.9982131063409556,0.9963505689976487,0.9972745888981088,0.9906335574225833,0.9562697162587277,0.8141613637423271,0.9299301680864682,0.8614075223336226,0.9706821957936176
0.215,6.322995469240121,0.9598947340186151,0.9960681683914644,0.9983907325531305,0.9998917564714532,0.9991184908822445,0.9989343200685936,0.9982146513120544,0.9983844315494933,0.9982461353324359,0.9964104161593867,0.9973216772362129,0.9907626739851553,0.9566820520684413,0.8151386024759396,0.9305086214708367,0.8622417537326774,0.9708961581233178
0.216,6.340840906893204,0.9602815576008201,0.9961317999515377,0.9984206321542782,0.9998945693004099,0.9991362583189191,0.9989553602328958,0.9982474522861553,0.9984146458595395,0.9982784307380117,0.996469058255847,0.9973677758721223,0.9908895221497903,0.9570889201033792,0.8161069557131484,0.9310800786620749,0.8630677790496075,0.9711074889415101
0.217,6.358621491350696,0.9606631645083493,0.9961941619139221,0.9984498657800419,0.9998972989045992,0.9991536023712706,0.9989759070035243,0.9982795282738335,0.9984441825293785,0.9983100113949889,0.9965265237128188,0.9974129090403226,0.991014149613488,0.957490411350996,0.8170665319106881,0.9316446473390895,0.8638857051522794,0.9713162324507856
0.218,6.376337575501814,0.9610396428156422,0.9962552840414475,0.9984784505521546,0.9998999480288916,0.9991705345807725,0.9989959736592219,0.9983108978167661,0.9984730591077996,0.9983408955939309,0.9965828401908501,0.9974571003007571,0.9911366029110558,0.9578866149878292,0.818017437875568,0.932202433186121,0.8646956371847442,0.9715224319134004
0.219,6.393989509680145,0.9614110788217891,0.996315195298699,0.9985064030954555,0.9999025193186705,0.999187066136115,0.9990155730769871,0.9983415789202835,0.9985012926304313,0.9983711010963296,0.9966380346083673,0.9975003725598298,0.9912569274472759,0.9582776184214331,0.8189597787951528,0.9327535399358219,0.8654976786005142,0.9717261296754709
0.22,6.411577641686748,0.9617775570920929,0.9963739238760966,0.998533739553931,0.999905015323755,0.9992032078851338,0.9990347177455504,0.9983715890706547,0.9985288996364358,0.9984006451516471,0.9966921331640212,0.9975427480906857,0.9913751675280735,0.9586635073312031,0.8198936582665992,0.9332980694112734,0.8662919311950843,0.9719273671904313
0.221,6.429102316812989,0.9621391604985219,0.9964314972131648,0.9985604756061853,0.9999074385021552,0.9992189703462986,0.9990534197783523,0.9984009452517586,0.9985558961846056,0.9984295445137527,0.9967451613582863,0.9975842485527925,0.9914913663907228,0.9590443657081219,0.8208191783256686,0.9338361215669677,0.8670784951377204,0.9721261850417945
0.222,6.446563877863145,0.9624959702590852,0.9964879420210276,0.9985866264803637,0.9999097912236682,0.9992343637197757,0.9990716909260466,0.9984296639611647,0.9985822978688855,0.9984578154567779,0.9967971440143404,0.9976248950108554,0.9916055662331215,0.9594202758934638,0.8217364394749251,0.9343677945287863,0.8678574690025331,0.972322622965231
0.223,6.463962665176753,0.9628480659761646,0.9965432843041528,0.9986122069685476,0.9999120757733219,0.9992493978980845,0.9990895425885459,0.998457761225647,0.9986081198333426,0.9984854737904141,0.9968481052982527,0.9976647079530848,0.9917178082421675,0.9597913186164821,0.8226455407113383,0.9348931846330006,0.8686289497988542,0.9725167198699901
0.224,6.481299016650718,0.9631955256738332,0.9965975493813757,0.9986372314406451,0.9999142943546739,0.9992640824763627,0.9991069858266279,0.9984852526161521,0.9986333767866058,0.9985125348746703,0.9968980687385032,0.9977037073088448,0.9918281326212676,0.9601575730311163,0.8235465795533037,0.9354123864643235,0.8693930330009361,0.97270851385969
0.225,6.498573267761194,0.9635384258341912,0.9966507619062278,0.9986617138577932,0.999916449092972,0.9992784267622559,0.9991240313731209,0.9985121532622427,0.9986580830157941,0.9985390136341168,0.9969470572448601,0.9977419124657039,0.9919365786170073,0.9605191167517408,0.8244396520670958,0.9359254928930351,0.8701498125769908,0.9728980422524948
0.226,6.515785751585221,0.9638768414327487,0.9967029458865959,0.9986856677852918,0.9999185420381818,0.999292439785448,0.9991406896436834,0.9985384778660373,0.9986822523999564,0.99856492457163,0.9969950931266365,0.9977793422859094,0.9920431845450117,0.960876025887991,0.8253248528927661,0.9364325951112125,0.8708993810175841,0.9730853416006978
0.227,6.53293679882213,0.9642108459728808,0.9967541247037355,0.9987091064050873,0.9999205751678885,0.9993061303068443,0.9991569707471957,0.9985642407156636,0.9987058984230379,0.9985902817816605,0.9970421981103503,0.9978160151223098,0.9921479878150213,0.9612283750786864,0.8262022752695027,0.9369337826680825,0.8716418293634048,0.9732704477097346
0.228,6.550026737814727,0.9645405115193874,0.9968043211306622,0.9987320425278235,0.9999225503900775,0.9993195068274229,0.9991728844957773,0.9985894556982464,0.9987290341863936,0.9986150989630406,0.997088393356808,0.9978519488337416,0.9922510249552138,0.9615762375248816,0.8270720110604581,0.9374291435045258,0.8723772472324204,0.9734533956566443
0.229,6.5670558945702435,0.9648659087311786,0.9968535573499443,0.998754488604475,0.9999244695457998,0.9993325775967662,0.9991884404144458,0.9986141363124458,0.9987516724208659,0.9986393894313491,0.9971336994776323,0.9978871607999034,0.9923523316357925,0.9619196850220704,0.8279341507770673,0.9379187639867526,0.8731057228464391,0.9736342198079927
0.23,6.584024592781066,0.9651871068931153,0.9969018549709155,0.9987764567375788,0.9999263344117277,0.9993453506212867,0.9992036477504299,0.9986382956805636,0.9987738254984424,0.9986631661308518,0.9971781365512562,0.997921667935734,0.99245194269187,0.962258787991564,0.8287887836028582,0.9384027289391734,0.8738273430570904,0.9738129538372822
0.231,6.600933153845246,0.9655041739470263,0.9969492350463325,0.9987979586920814,0.9999281467026044,0.9993578336721567,0.9992185154821526,0.998661946560234,0.9987955054435096,0.9986864416460309,0.9972217241383986,0.9979554867053141,0.9925498921456658,0.9625936155110716,0.8296359974167755,0.9388811216764876,0.8745421933712416,0.9739896307418607
0.232,6.617781896886793,0.9658171765219292,0.9969957180884925,0.9988190059058135,0.999929908073593,0.9993700342929557,0.9992330523278931,0.9986851013557142,0.9988167239437189,0.9987092282127206,0.997264481297043,0.9979886331353082,0.9926462132280462,0.9629242353445033,0.8304758788160232,0.9393540240350073,0.87525035797586,0.9741642828593463
0.233,6.634571138775751,0.9661261799634757,0.9970413240848346,0.9988396094996064,0.9999316201225306,0.9993819598070448,0.9992472667541451,0.9987077721287894,0.9988374923604784,0.9987315377288627,0.9973064265969359,0.9980211228279627,0.9927409383994226,0.963250713971018,0.8313085131384399,0.9398215164032411,0.8759519197623402,0.974336941883586
0.234,6.651301194148062,0.966431248362644,0.9970860725130393,0.9988597802870652,0.9999332843920878,0.9993936173246801,0.9992611669836784,0.9987299706093075,0.9988578217390847,0.9987533817648979,0.997347578133621,0.9980529709736784,0.9928340993700333,0.9635731166133393,0.8321339844844178,0.9402836777517545,0.8766469603503052,0.9745076388801616
0.235,6.66797237542522,0.9667324445837008,0.9971299823556464,0.9988795287840104,0.9999349023718436,0.9994050137498739,0.9992747610033182,0.9987517082053564,0.9988777228185093,0.9987747715738037,0.9973879535420264,0.9980841923631691,0.9929257271196276,0.9638915072653584,0.8329523757383757,0.9407405856623285,0.8773355601108977,0.9746764043014577
0.236,6.684584992833725,0.9670298302914532,0.9971730721142077,0.998898865217599,0.999936475500273,0.9994161557870137,0.999288056571452,0.9987729960130983,0.9988972060408504,0.9987957181007945,0.9974275700096207,0.9981148013992259,0.9930158519165709,0.9642059487190455,0.8337637685897963,0.9411923163564317,0.8780177981895716,0.9748432680013048
0.237,6.701139354424313,0.9673234659778116,0.9972153598229893,0.9989177995351394,0.9999380051666561,0.9994270499472494,0.9993010612252736,0.9987938448262711,0.9989162815604651,0.9988162319926946,0.997466444289152,0.998144812108097,0.9931045033363914,0.9645165025906883,0.8345682435538393,0.9416389447230291,0.8786937525283982,0.9750082592492172
0.238,6.717635766091016,0.9676134109876808,0.9972568630622414,0.99893634141261,0.9999394927129099,0.9994377025546558,0.9993137822877763,0.9988142651453729,0.9989349592527911,0.9988363236069976,0.9975045927109855,0.9981742381504989,0.9931917102797847,0.9648232293464776,0.8353658799915367,0.9420805443457382,0.8793634998878972,0.9751714067442274
0.239,6.734074531589982,0.9678997235442024,0.99729759897105,0.998954500262892,0.9999409394353459,0.9994481197521803,0.9993262268745027,0.9988342671865379,0.9989532487228717,0.998856003020622,0.9975420311950518,0.9982030928322719,0.9932775009900954,0.965126188327457,0.8361567561295861,0.9425171875293572,0.880027115868407,0.975332738628343
0.24,6.7504559525581405,0.9681824607733625,0.9973375842597832,0.9989722852437273,0.9999423465863576,0.9994583075073834,0.9993384019000606,0.9988538608901173,0.9989711593135945,0.998875280038376,0.9975787752624229,0.9982313891146922,0.9933619030702915,0.9654254377738557,0.8369409490797434,0.9429489453257756,0.8806846749310004,0.9754922824996269
0.241,6.76678032853163,0.9684616787279856,0.9973768352221495,0.9989897052654123,0.9999437153760405,0.99946827161798,0.9993503140844159,0.9988730559289736,0.9989887001136522,0.99889416420114,0.9976148400465232,0.9982591396244526,0.9934449434994486,0.9657210348488208,0.837718534857832,0.943375887559286,0.8813362504179636,0.9756500654249208
0.242,6.78304795696408,0.968737432411131,0.9974153677468774,0.9990067689982358,0.9999450469737483,0.9994780177171889,0.9993619699589681,0.9988918617165014,0.999005879965239,0.9989126647937792,0.9976502403039945,0.9982863566633235,0.9935266486487584,0.9660130356615659,0.8384895884023711,0.9437980828513131,0.8819819145728423,0.9758061139522157
0.243,6.799259133244649,0.9690097757989077,0.997453197329034,0.9990234848796712,0.9999463425095856,0.9994875512788974,0.9993733758724175,0.9989102874143826,0.9990227074714902,0.998930790852794,0.997684990425221,0.9983130522175067,0.9936070442970787,0.9663014952899531,0.8392541835928361,0.944215598644573,0.8826217385600712,0.9759604541226906
0.244,6.815414150715936,0.9692787618627251,0.9974903390809903,0.9990398611213313,0.9999476030758432,0.9994968776226492,0.9993845379964335,0.9989283419400866,0.9990391910036744,0.9989485511737201,0.9977191044445295,0.9983392379666898,0.9936861556460374,0.9665864678025219,0.8400123932675561,0.9446285012266802,0.8832557924841921,0.9761131114824175
0.245,6.831513300691642,0.9695444425909956,0.997526807743048,0.9990559057156947,0.9999488297283757,0.9995060019184602,0.9993954623311282,0.9989460339741236,0.9990553387081477,0.9989659543182836,0.9977525960500757,0.9983649252928147,0.9937640073347057,0.9668680062799829,0.8407642892412603,0.9450368557532137,0.8838841454086745,0.9762641110937547
0.246,6.84755687247411,0.969806869010301,0.99756261769374,0.9990716264426125,0.9999500234879259,0.9995149291914708,0.999406154710346,0.9989633719670615,0.9990711585130785,0.9989830086213245,0.9977854785934243,0.9983901252885691,0.9938406234538546,0.9671461628361885,0.841509942322277,0.945440726270258,0.8845068653743448,0.9764134775464288
0.247,6.863545153371625,0.970066091206043,0.9975977829598122,0.9990870308756007,0.9999511853413958,0.9995236643264385,0.9994166208067726,0.9989803641463133,0.9990866581349512,0.9989997221974929,0.9978177650988369,0.998414848765609,0.9939160275598061,0.9674209886385968,0.8422494223293988,0.9458401757364328,0.8851240194174359,0.9765612349683219
0.248,6.879478428715598,0.9703221583425867,0.9976323172259013,0.99910212638793,0.9999523162430689,0.9995322120720792,0.9994268661368735,0.9989970185227042,0.9991018450848568,0.9990161029477281,0.9978494682722757,0.9984391062625243,0.9939902426878938,0.9676925339282415,0.8429827981084137,0.9462352660444218,0.8857356735872652,0.9767074070359676
0.249,6.895356981877504,0.9705751186829147,0.9976662338439162,0.9991169201585156,0.9999534171157847,0.9995405770452606,0.9994368960656645,0.999013342896825,0.9991167266745766,0.9990321585655282,0.997880600510132,0.998462908052554,0.9940632913655437,0.967960848039221,0.8437101375483183,0.9466260580420169,0.8863418929635498,0.9768520169847704
0.25,6.911181094285715,0.9708250196078024,0.9976995458421339,0.9991314191776187,0.9999544888520674,0.999548763735054,0.9994467158113248,0.9990293448651817,0.9991313100224696,0.9990478965430157,0.9979111739076902,0.998486264151061,0.9941351956249878,0.9682259794177207,0.8444315075972131,0.9470126115526876,0.8869427416733672,0.9769950876189503
0.251,6.926951045442099,0.971071907634531,0.9977322659340202,0.9991456302523619,0.9999555323152106,0.9995567765066503,0.9994563304496533,0.9990450318261453,0.9991456020591665,0.9990633241768104,0.997941200267335,0.9985091843227739,0.9942059770156219,0.9684879756405804,0.8451469742778915,0.9473949853956877,0.8875382829077714,0.9771366413212274
0.252,6.942667112938498,0.9713158284351462,0.9977644065267821,0.9991595600120686,0.9999565483403208,0.9995646196051443,0.9994657449183787,0.9990604109857117,0.9991596095330809,0.9990784485737109,0.9979706911065113,0.9985316780888044,0.9942756566160175,0.9687468834334187,0.8458566027031267,0.9477732374057134,0.8881285789380694,0.9772767000622494
0.253,6.958329572472996,0.9715568268542796,0.9977959797296639,0.9991732149134306,0.9999575377353195,0.9995722971591919,0.999474964021325,0.9990754893630767,0.9991733390157418,0.999093276656196,0.9979996576654435,0.9985537547334468,0.9943442550456009,0.9690027486883274,0.846560457090664,0.9481474244521206,0.8887136911317698,0.9774152854097738
0.254,6.973938697866063,0.9717949469265413,0.9978269973619925,0.9991866012455106,0.9999585012819079,0.9995798131845466,0.9994839924324399,0.9990902737960328,0.9991867969069541,0.9991078151677504,0.9980281109146244,0.9985754233107689,0.9944117924760068,0.9692556164811461,0.8472586007779265,0.9485176024577151,0.8892936799682079,0.9775524185376078
0.255,6.989494761076488,0.9720302318934969,0.9978574709609829,0.9991997251345854,0.9999594397364941,0.9995871715874766,0.9994928346996902,0.9991047709461947,0.9991999894397942,0.9991220706780204,0.9980560615620783,0.9985966926509994,0.9944782886421188,0.9695055310883295,0.8479510962364378,0.9488838264171259,0.889868605053857,0.9776881202343174
0.256,7.004998032217196,0.9722627242202391,0.9978874117893088,0.9992125925488347,0.9999603538310853,0.9995943761680702,0.9995014952488285,0.9991189873040589,0.9992129226854448,0.9991360495878064,0.9980835200604092,0.9986175713667195,0.994543762852805,0.9697525360034168,0.8486380050859698,0.9492461504147703,0.8904385251373317,0.9778224109117101
0.257,7.020448779570864,0.9724924656115655,0.99791683084245,0.9992252093028818,0.9999612442741446,0.9996014306234314,0.9995099783870367,0.9991329291939034,0.9992256025578764,0.9991497581338978,0.9981104966136379,0.9986380678588659,0.9946082340013583,0.9699966739531151,0.8493193881084216,0.9496046276424237,0.8910034981240913,0.9779553106130986
0.258,7.035847269605412,0.9727194970277733,0.9979457388558192,0.9992375810621907,0.9999621117514176,0.9996083385507696,0.9995182883064508,0.9991466027785321,0.9992380348183793,0.9991632023937549,0.9981370011838373,0.9986581903225498,0.9946717205756515,0.9702379869130056,0.8499953052614335,0.9499593104164017,0.8915635810908498,0.9780868390213517
0.259,7.051193766989308,0.9729438587000797,0.9979741463116794,0.9992497133473246,0.9999629569267259,0.9996151034503881,0.9995264290875695,0.9991600140638707,0.9992502250799515,0.9991763882900441,0.9981630434975703,0.9986779467527003,0.9947342406680131,0.9704765161228841,0.850665815691746,0.950310250194365,0.8921188302996989,0.9782170154667391
0.26,7.066488534606743,0.9731655901456796,0.9980020634458568,0.9992616115380706,0.9999637804427308,0.9996217287285754,0.9995344047025531,0.9991731689034188,0.9992621788115493,0.9991893215950307,0.99818863305214,0.9986973449495358,0.9947958119848361,0.9707123021017441,0.851330977748302,0.9506574975917563,0.8926693012119506,0.9783458589345752
0.261,7.08173183357263,0.9733847301824491,0.9980295002542557,0.9992732808774355,0.9999645829216692,0.9996282177004011,0.999542219018415,0.9991860730025619,0.9992739013422016,0.9992020079348347,0.9982137791216537,0.9987163925238705,0.9948564518559243,0.9709453846624121,0.8519908489951082,0.9510011023978784,0.8932150485017081,0.9784733880726705
0.262,7.096923923247482,0.9736013169433047,0.9980564664991828,0.9992847264755167,0.9999653649660608,0.999634573592421,0.9995498758001102,0.99919873192275,0.9992853978649969,0.9992144527935538,0.9982384907629108,0.9987350969022615,0.9949161772435855,0.971175802925845,0.8526454862238498,0.951341113591622,0.8937561260691654,0.9785996211985909
0.263,7.112065061252096,0.9738153878902269,0.9980829717154859,0.9992959533132526,0.9999661271593896,0.9996407995452945,0.9995573787135243,0.9992111510855451,0.9992966734409446,0.9992266615172581,0.9982627768211186,0.9987534653320007,0.9949750047514806,0.9714035953350975,0.8532949454662724,0.951677579356852,0.8942925870536494,0.9787245763067385
0.264,7.127155503482144,0.9740269798279575,0.9981090252165143,0.9993069662460562,0.9999668700667592,0.9996468986163167,0.9995647313283659,0.9992233357765455,0.9993077330027151,0.9992386393178622,0.9982866459354404,0.9987715048859576,0.9950329506332322,0.9716287996689675,0.8539392820063312,0.9520105470974604,0.8948244838464033,0.9788482710752495
0.265,7.142195504122562,0.9742361289173779,0.9981346360999056,0.9993177700073372,0.9999675942355247,0.9996528737818698,0.999571937120967,0.9992352911491859,0.9993185813582641,0.9992503912768758,0.9983101065443836,0.9987892224672776,0.995090030800804,0.9718514530553304,0.8545785503921147,0.952340063452094,0.8953518681031223,0.978970722872722
0.266,7.157185315661848,0.9744428706885786,0.9981598132532044,0.9993283692119143,0.9999683001959001,0.9996587279397945,0.9995789994769939,0.9992470222284229,0.9993292231943441,0.9992619223490404,0.9983331668910315,0.9988066248139402,0.9951462608326553,0.9720715919841664,0.8552128044475464,0.9526661743085656,0.8958747907562431,0.9790919487647751
0.267,7.172125188906164,0.9746472400536267,0.9981845653593188,0.9993387683593232,0.9999689884615439,0.9996644639116856,0.9995859216940711,0.9992585339143064,0.9993396630799066,0.9992732373658545,0.9983558350281233,0.9988237185031821,0.9952016559816773,0.9722892523202933,0.8558420972838707,0.9529889248179544,0.8963933020269971,0.9792119655204468
0.268,7.18701537299335,0.974849271319039,0.9982089009018201,0.9993489718370231,0.9999696595301227,0.9996700844451144,0.999592706984323,0.9992698309854416,0.9993499054694003,0.9992843410389888,0.998378118822989,0.9988405099557893,0.9952562311829187,0.9725044693158069,0.856466481310926,0.9533083594084051,0.8969074514372269,0.9793307896184298
0.269,7.201856115406752,0.9750489981979685,0.9982328281700895,0.9993589839235042,0.9999703138838547,0.9996755922157796,0.9995993584768336,0.9992809181023455,0.9993599547059662,0.9992952379636,0.9984000259623411,0.9988570054402629,0.9953100010611066,0.9727172776222427,0.8570860082482102,0.9536245217986324,0.897417287820978,0.9794484372531567
0.27,7.216647661988952,0.9752464538221137,0.9982563552643177,0.9993688087913019,0.999970951990032,0.9996809898295903,0.99960587922003,0.9992917998107007,0.9993698150245363,0.9993059326215413,0.9984215639569306,0.9988732110768616,0.995362979937968,0.9729277113024596,0.8577007291357444,0.9539374550111367,0.8979228593358637,0.9795649243407335
0.271,7.231390256955322,0.9754416707533532,0.9982794901003615,0.9993784505099178,0.9999715743015253,0.9996862798246826,0.9996122721839898,0.9993024805445111,0.9993794905548357,0.9993164293844773,0.9984427401460688,0.9988891328415264,0.9954151818393578,0.9731358038422583,0.8583106943447354,0.95424720138514,0.8984242134742151,0.9796802665247302
0.272,7.24608414290749,0.9756346809951182,0.9983022404144627,0.9993879130486536,0.9999721812572687,0.999691464673372,0.9996185402626768,0.999312964629162,0.9993889853242943,0.9993267325169028,0.9984635617020217,0.9989047765696903,0.9954666205022006,0.9733415881617371,0.8589159535880447,0.9545538025892467,0.8989213970740146,0.9797944791818269
0.273,7.2607295608466185,0.9758255160035051,0.9983246137678317,0.9993972002793573,0.9999727732827285,0.9996965467840453,0.9996246862761061,0.9993232562843872,0.9993983032608694,0.9993368461790727,0.9984840356342776,0.9989201479599764,0.9955173093812484,0.9735450966263941,0.859516555930468,0.9548572996338384,0.8994144563296227,0.9799075774273247
0.274,7.2753267501866095,0.9760142066981374,0.9983466175511025,0.9994063159790886,0.9999733507903532,0.9997015285029913,0.9996307129724419,0.9993333596271479,0.9994074481957821,0.9993467744298415,0.9985041687936965,0.9989352525777888,0.9955672616556636,0.9737463610579805,0.860112549798825,0.9551577328832047,0.8999034368022992,0.9800195761205235
0.275,7.289875948767123,0.9762007834727823,0.9983682589886614,0.9994152638327028,0.9999739141800086,0.9997064121161757,0.9996366230300299,0.9993432786744236,0.9994164238661719,0.9993565212294192,0.9985239678765403,0.9989500958587996,0.9956164902354291,0.9739454127451129,0.8607039829918692,0.9554551420674217,0.9003883834305254,0.9801304898699676
0.276,7.304377392866523,0.9763852762057277,0.9983895451428537,0.9994240474353581,0.9999744638393963,0.9997111998509591,0.9996424190593669,0.9993530173459213,0.9994252339176701,0.9993660904420439,0.9985434394283904,0.9989646831123341,0.9956650077675917,0.9741422824536488,0.8612909026900173,0.9557495662939793,0.90086934054013,0.9802403330385683
0.277,7.318831317214637,0.976567714269928,0.9984104829180723,0.9994326702949463,0.9999750001444578,0.9997158938777626,0.9996481036050091,0.9993625794667023,0.9994338819068964,0.9993754858385754,0.9985625898479551,0.9989790195246603,0.9957128266423443,0.9743370004368336,0.8618733554649032,0.9560410440591671,0.9013463518542252,0.9803491197486016
0.278,7.333237955005454,0.9767481265429202,0.9984310790647323,0.9994411358344538,0.999975523459764,0.9997204963116801,0.9996536791474215,0.9993719687697321,0.9994423713038805,0.9993847110990104,0.9985814253907708,0.9989931101621807,0.9957599589989501,0.9745295964452216,0.8624513872887607,0.9563296132592208,0.901819460502953,0.9804568638865853
0.279,7.347597537909635,0.9769265414165216,0.998451340183134,0.999449447394249,0.9999760341388898,0.9997250092140423,0.9996591481047707,0.9993811888983537,0.9994507054944104,0.9993937698149244,0.9985999521727994,0.9990069599745364,0.9958064167315143,0.9747200997363807,0.8630250435436383,0.9566153112012389,0.9022887090330521,0.9805635791080447
0.28,7.3619102960869585,0.9771029868063092,0.9984712727272187,0.9994576082343046,0.9999765325247767,0.9997294345939304,0.999664512834662,0.9993902434086879,0.9994588877823121,0.999402665491841,0.9986181761739259,0.9990205737976185,0.9958522114946073,0.9749085390843809,0.8635943690304478,0.9568981746138703,0.9027541394172421,0.9806692788421609
0.281,7.376176458198589,0.9772774901608906,0.9984908830082201,0.9994656215363529,0.9999770189500818,0.9997337744096448,0.9996697756358242,0.9993991357719632,0.9994669213916597,0.9994114015515299,0.9986361032413585,0.9990339563564969,0.9958973547087441,0.9750949427890775,0.8641594079778537,0.9571782396577836,0.9032157930634348,0.9807739762963114
0.282,7.390396251419285,0.9774500784709679,0.9985101771982149,0.9994734904059773,0.9999774937375145,0.9997380305701278,0.9996749387497421,0.9994078693767768,0.9994748094689216,0.9994199813342397,0.9986537390929355,0.9990471122682639,0.9959418575657225,0.9752793386851902,0.8647202040510025,0.9574555419359175,0.9036737108237727,0.980877684460502
0.283,7.404569901449432,0.9776207782782028,0.9985291613335746,0.999481217874643,0.9999779572001608,0.9997422049363418,0.9996800043622406,0.9994164475312893,0.9994825550850414,0.9994284081008635,0.9986710893203395,0.9990600460447976,0.9959857310338268,0.9754617541511843,0.8652768003600981,0.9577301165035225,0.9041279330035001,0.980980416111698
0.284,7.418697632526998,0.9777896156838867,0.9985478413183237,0.9994888069016679,0.9999784096417972,0.9997462993226072,0.9996849746050186,0.9994248734653551,0.9994901612374589,0.9994366850350415,0.9986881593922243,0.999072762095447,0.9960289858628973,0.9756422161179593,0.8658292394688255,0.958001997877994,0.9045784993696697,0.9810821838180508
0.285,7.432779667439354,0.9779566163574192,0.9985662229274043,0.9994962603761354,0.9999788513571926,0.9997503154978978,0.9996898515571389,0.9994331503325908,0.9994976308520708,0.9994448152452018,0.9987049546572555,0.9990852647296424,0.996071632589273,0.9758207510773487,0.8663775634026254,0.9582712200485065,0.905025449159688,0.981182999943028
0.286,7.446816227534985,0.9781218055446017,0.9985843118098513,0.999503581118752,0.9999792826324,0.9997542551870976,0.9996946372464709,0.9994412812123833,0.9995049667851338,0.9994528017665435,0.998721480347068,0.9990975581594306,0.9961136815406075,0.9759973850904364,0.8669218136568236,0.9585378164854488,0.905468821089704,0.9812828766494474
0.287,7.460807532735089,0.9782852080757506,0.9986021134918829,0.9995107718836507,0.9999797037450382,0.9997581200722191,0.9996993336510918,0.9994492691118394,0.9995121718251124,0.99946064756296,0.9987377415791421,0.9991096465019402,0.9961551428405655,0.976172143795694,0.8674620312046173,0.9588018201496681,0.9059086533628431,0.9813818259034167
0.288,7.474753801545065,0.9784468483736326,0.9986196333799044,0.999517835360141,0.999980114964563,0.9997619117935846,0.9997039427006441,0.9994571169676798,0.9995192486944722,0.9994683555289081,0.9987537433596024,0.9991215337817783,0.9961960264133989,0.9763450524169422,0.8679982565049211,0.959063263501526,0.90634498367729,0.9814798594781825
0.289,7.488655251065881,0.978606750461228,0.9986368767634322,0.9995247741744108,0.9999805165525293,0.9997656319509727,0.999708466277654,0.9994648276480771,0.9995262000514216,0.9994759284912226,0.9987694905859401,0.9991332239333585,0.9962363419884097,0.9765161357711428,0.8685305295100776,0.9593221785097706,0.9067778492342246,0.9815769889578946
0.29,7.502512097005347,0.9787649379693266,0.9986538488179373,0.9995315908911756,0.9999809087628446,0.9997692821047287,0.9997129062188086,0.9994724039544424,0.9995330284916024,0.9994833692108791,0.9987849880496608,0.9991447208031662,0.9962760991043011,0.9766854182760231,0.8690588896734314,0.9595785966602296,0.9072072867456121,0.9816732257412776
0.291,7.516324553689269,0.9789214341439585,0.9986705546076138,0.9995382880152841,0.9999812918420128,0.9997728637768432,0.9997172643161967,0.999479848623159,0.9995397365497314,0.9994906803847053,0.9988002404388625,0.99915602815196,0.9963153071134191,0.9768529239575376,0.869583375956773,0.9598325489643272,0.9076333324418525,0.9817685810452234
0.292,7.530092834072495,0.9790762618536654,0.9986869990880709,0.9995448679932742,0.9999816660293703,0.9997763784519974,0.9997215423185122,0.9994871643272679,0.9995463267011954,0.9994978646470447,0.9988152523407424,0.9991671496569121,0.9963539751858893,0.9770186764571722,0.8701040268376532,0.9600840659674307,0.9080560220792907,0.9818630659083015
0.293,7.543817149749867,0.9792294435966156,0.998703187108954,0.999551333214887,0.9999820315573136,0.9997798275785776,0.9997257419322214,0.9994943536781046,0.9995528013635989,0.9995049245713712,0.9988300282440378,0.9991780889136898,0.996392112313651,0.9771826990390916,0.8706208803165707,0.960333177757029,0.9084753909475908,0.9819566911941892
0.294,7.5574977109670565,0.9793810015075664,0.9987191234164948,0.9995576860145363,0.9999823886515188,0.9997832125696595,0.9997298648226963,0.9995014192268888,0.9995591628982686,0.9995118626718589,0.9988445725414005,0.99918884943848,0.9964297273143913,0.9773450145971371,0.8711339739240362,0.9605799139707469,0.9088914738769778,0.9820494675950221
0.295,7.5711347266313,0.9795309573646775,0.9987348126559941,0.9995639286727362,0.9999827375311546,0.9997865348039625,0.9997339126153147,0.9995083634662699,0.9995654136117139,0.9995186814049067,0.998858889531708,0.9991994346699579,0.9964668288353818,0.9775056456616757,0.8716433447275148,0.9608243038042007,0.9093043052453483,0.9821414056346747
0.296,7.584728404322035,0.9796793325961801,0.9987502593742372,0.9995700634174891,0.9999830784090867,0.9997897956267771,0.9997378868965271,0.999515188831828,0.9995715557570465,0.9995253831706206,0.998872983422314,0.9992098479712012,0.996503425357222,0.977664614406306,0.8721490293382486,0.9610663760186957,0.9097139189852547,0.9822325156719618
0.297,7.598278950301428,0.9798261482869026,0.9987654680218464,0.9995760924256332,0.9999834114920765,0.9997929963508635,0.9997417892148934,0.9995218977035326,0.9995775915353583,0.9995319703142521,0.9988868583312378,0.9992200926315535,0.9965395251974887,0.9778219426544215,0.8726510639179634,0.9613061589487719,0.9101203485907624,0.9823228079037715
0.298,7.611786569524816,0.9799714251846595,0.9987804429555708,0.9995820178241528,0.9999837369809718,0.9997961382573246,0.9997456210820888,0.9995284924071608,0.9995835230970617,0.999538445127599,0.998900518289296,0.9992301718684352,0.9965751365142982,0.9779776518856388,0.8731494841854603,0.9615436805095997,0.9105236271241871,0.9824122923681277
0.299,7.625251465651028,0.980115183706504,0.9987951884405151,0.9995878416914512,0.9999840550708918,0.999799222596453,0.9997493839738796,0.9995349752156747,0.9995893525431906,0.9995448098503641,0.998913967242179,0.9992400888291066,0.9966102673097801,0.97813176324209,0.8736443254230952,0.9617789682042289,0.9109237872227097,0.9825009789471842
0.3,7.638673841052633,0.9802574439448495,0.9988097086523099,0.9995935660585882,0.9999843659514063,0.9998022505885531,0.9997530793310727,0.9995413483505612,0.999595081926665,0.9995510666714774,0.9989272090524703,0.9992498465923826,0.9966449254334673,0.9782842975345842,0.8741356224831479,0.962012049130696,0.9113208611048755,0.9825888773701538
0.301,7.6520538968260645,0.9803982256734621,0.9988240076792257,0.9995991929104819,0.9999846698067073,0.9998052234247389,0.9997567085604353,0.9995476139831333,0.9996007132535206,0.999557217730381,0.9989402475016158,0.9992594481703005,0.9966791185856029,0.9784352752486417,0.8746234097940833,0.9622429499889903,0.9117148805769767,0.98267599721617
0.302,7.66539183280168,0.980537548353327,0.9988380895242305,0.9996047241870792,0.9999849668157763,0.9998081422677095,0.9997602730355893,0.999553774235796,0.9996062484841027,0.9995632651182776,0.9989530862918384,0.9992688965097449,0.9967128543203675,0.9785847165504024,0.8751077213667069,0.9624716970878839,0.9121058770393238,0.9827623479170906
0.303,7.678687847553693,0.9806754311383922,0.9988519581069937,0.9996101617844904,0.9999852571525454,0.9998110082525011,0.9997637740978796,0.9995598311832771,0.9996116895342273,0.9995692108793457,0.9989657290480047,0.9992781944940261,0.9967461400490283,0.9787326412924121,0.8755885908002163,0.9626983163516281,0.9124938814924051,0.9828479387602345
0.304,7.691942138410043,0.9808118928811929,0.9988656172658383,0.999615507556095,0.999985540986053,0.999813822487217,0.9997672130572174,0.9995657868538221,0.9996170382763097,0.9995750570119192,0.9989781793194421,0.9992873449444185,0.9967789830430124,0.9788790690192904,0.876066051288151,0.9629228333265185,0.9128789245429376,0.9829327788910625
0.305,7.705154901462142,0.9809469521383578,0.9988790707596422,0.9996207633136155,0.9999858184805943,0.9998165860537376,0.9997705911928991,0.9995716432303591,0.9996222965404611,0.9995808054696357,0.9989904405817079,0.9992963506216566,0.9968113904369058,0.979024018973281,0.8765401356242409,0.9631452731873331,0.9132610364098137,0.9830168773157983
0.306,7.718326331574557,0.981080627176002,0.9988923222696899,0.999625930828162,0.9999860897958668,0.9998193000084087,0.9997739097544024,0.9995774022516286,0.9996274661155558,0.999586458162553,0.9990025162383145,0.9993052142273917,0.9968433692313813,0.9791675100996882,0.87701087620816,0.9633656607436438,0.913640246929942,0.9831002429039936
0.307,7.731456622394587,0.9812129359750074,0.9989053754014761,0.9996310118312473,0.9999863550871111,0.9998219653827108,0.9997771699621587,0.999583065813284,0.9996325487502671,0.9995920169582342,0.9990144096224075,0.9993139384056094,0.9968749262960555,0.9793095610522031,0.8774783050511803,0.9635840204460073,0.914016585563986,0.9831828843910351
0.308,7.7445459663617475,0.9813438962361941,0.9989182336864635,0.9996360080157747,0.9999866145052471,0.9998245831839089,0.9997803730083047,0.9995886357689615,0.999637546154076,0.9995974836828037,0.9990261239984023,0.9993225257440103,0.9969060683722779,0.9794501901981206,0.8779424537817336,0.9638003763920349,0.9143900814020051,0.9832648103806023
0.309,7.757594554717177,0.9814735253853859,0.9989309005837947,0.9996409210369985,0.9999868681970049,0.9998271543956828,0.9997835200574113,0.9995941139313201,0.9996424599982514,0.9996028601219737,0.9990376625635775,0.9993309787753526,0.9969368020758542,0.9795894156234494,0.8784033536508806,0.9640147523323453,0.9147607631689948,0.9833460293470673
0.31,7.770602577512953,0.9816018405783707,0.9989433794819609,0.9996457525134583,0.9999871163050528,0.9998296799787417,0.9997866122471933,0.9995995020730543,0.9996472919168031,0.9996081480220439,0.9990490284496278,0.9993392999787613,0.996967133899704,0.9797272551379195,0.8788610355376886,0.9642271716764039,0.9151286592303328,0.9834265496378471
0.311,7.7835702236213145,0.9817288587057595,0.9989556737004263,0.9996505040278872,0.9999873589681199,0.9998321608714184,0.9997896506891976,0.9996048019278779,0.9996520435074094,0.9996133490908716,0.999060224724177,0.999347491781001,0.9969970702164562,0.9798637262798877,0.8793155299545201,0.964437657498249,0.9154937975971307,0.9835063794757027
0.312,7.796497680743802,0.9818545963977467,0.998967786491213,0.999655177128096,0.999987596321115,0.9998345979902485,0.9997926364694731,0.9996100151914825,0.999656716332318,0.9996184649988181,0.9990712543922521,0.9993555565577169,0.9970266172809831,0.979998846321144,0.8797668670522357,0.9646462325421077,0.9158562059314924,0.9835855269609924
0.313,7.809385135420321,0.981979070028772,0.9989797210404446,0.9996597733278328,0.9999878284952417,0.9998369922305331,0.9997955706492215,0.9996151435224692,0.9996613119192237,0.9996234973796679,0.9990821203977203,0.9993634966346421,0.9970557812328741,0.9801326322716207,0.8802150766253085,0.9648529192279067,0.9162159115516837,0.9836640000738752
0.314,7.822232773038106,0.9821022957220882,0.9989914804698502,0.99966429410762,0.9999880556181103,0.9998393444668846,0.9997984542654296,0.9996201885432547,0.9996658317621212,0.9996284478315232,0.9990928256246888,0.9993713142887739,0.9970845680988529,0.9802651008840083,0.8806601881168571,0.9650577396566757,0.9165729414372115,0.9837418066764676
0.315,7.835040777840618,0.9822242893542362,0.9990030678382307,0.9996687409155675,0.9999882778138445,0.9998416555537575,0.9998012883314839,0.9996251518409541,0.9996702773221351,0.9996333179176746,0.9991033728988697,0.9993790117495193,0.997112983795136,0.9803962686582766,0.8811022306235944,0.9652607156158493,0.9169273222338176,0.9838189545149557
0.316,7.847809332936345,0.9823450665594295,0.9990144861428882,0.9996731151681651,0.9999884952031864,0.999843926325965,0.9998040738377685,0.9996300349682394,0.9996746500283271,0.9996381091674487,0.99911376498891,0.999386591199811,0.9971410341297375,0.9805261518461075,0.881541232900696,0.9654618685844675,0.9172790802583859,0.9838954512216642
0.317,7.860538620307535,0.9824646427338495,0.9990257383210193,0.9996774182510533,0.9999887079035974,0.99984615759918,0.9998068117522458,0.9996348394441745,0.9996789512784817,0.9996428230770317,0.9991240046076878,0.9993940547771939,0.9971687248047196,0.980654766455238,0.8819772233665892,0.9656612197382789,0.9176282415037673,0.9839713043170786
0.318,7.873228820818834,0.9825830330398544,0.999036827251073,0.9996816515197725,0.9999889160293547,0.9998483501704231,0.9998095030210219,0.999639566755029,0.9996831824398705,0.9996474611102726,0.9991340944135765,0.9994014045748841,0.9971960614183908,0.9807821282537176,0.8824102301076643,0.9658587899547468,0.9179748316435213,0.9840465212118285
0.319,7.8858801142258566,0.9827002524101045,0.9990477557540747,0.9996858163004938,0.9999891196916473,0.9998505048185353,0.9998121485688952,0.9996442183550688,0.9996873448499962,0.9996520246994636,0.9991440370116768,0.9994086426428003,0.9972230494674532,0.98090825277408,0.882840280882908,0.9660545998179604,0.9183188760365787,0.9841211092086282
0.32,7.898492679183675,0.9828163155516033,0.9990585265949176,0.9996899138907287,0.9999893189986659,0.9998526223046402,0.9998147492998907,0.9996487956673273,0.9996914398173157,0.9996565152461007,0.9991538349550176,0.9994157709885683,0.9972496943491003,0.9810331553174338,0.8832674031284632,0.9662486696234547,0.9186603997318235,0.9841950755041774
0.321,7.911066693255222,0.9829312369496587,0.9990691424836207,0.9996939455600208,0.9999895140556928,0.9998547033725905,0.9998173060977796,0.9996533000843549,0.9996954686219451,0.9996609341216234,0.999163490745728,0.9994227915785006,0.9972760013630656,0.9811568509574708,0.8836916239621151,0.96644101938294,0.9189994274725997,0.9842684271910224
0.322,7.923602332919635,0.9830450308717646,0.9990796060765571,0.9996979125506188,0.999989704965186,0.9998567487494041,0.9998198198265842,0.9996577329689491,0.9996994325163452,0.9996652826681353,0.9991730068361778,0.9994297063385501,0.9973019757136249,0.9812793545443965,0.8841129701877031,0.9666316688289421,0.919335983701141,0.984341171259379
0.323,7.936099773580499,0.983157711371406,0.9990899199776501,0.9997018160781317,0.9999898918268635,0.9998587591456873,0.9998222913310687,0.9996620956548653,0.9997033327259887,0.9996695621991051,0.999182385630093,0.9994365171552396,0.9973276225115522,0.9814006807087823,0.8845314682994638,0.9668206374193564,0.9196700925629259,0.9844133145989182
0.324,7.948559189574038,0.9832692922917873,0.9991000867395409,0.9997056573321669,0.9999900747377825,0.9998607352560462,0.999824721437218,0.9996663894475087,0.9997071704500093,0.9996737740000498,0.9991916294836397,0.9994432258765683,0.9973529467760305,0.9815208438653429,0.8849471444863033,0.9670079443419173,0.9200017779109604,0.9844848640005146
0.325,7.960980754177216,0.9833797872694883,0.9991101088647266,0.999709437476951,0.9999902537924179,0.9998626777594877,0.9998271109527016,0.9996706156246086,0.999710946861835,0.9996779193291997,0.9992007407064851,0.9994498343128938,0.9973779534365197,0.9816398582166396,0.8853600246360007,0.9671936085185843,0.9203310633099895,0.9845558261579611
0.326,7.973364639615775,0.9834892097380464,0.9991199888066714,0.9997131576519346,0.999990429082737,0.999864587319808,0.9998294606673263,0.999674775436874,0.999714663109803,0.9996819994181454,0.9992097215628287,0.9994563442377936,0.9974026473345813,0.981757737756711,0.8857701343393448,0.967377648609847,0.9206579720406374,0.9846262076696451
0.327,7.985711017072187,0.9835975729314694,0.9991297289708886,0.9997168189723813,0.9999906006982728,0.999866464585972,0.9998317713534755,0.999678870108633,0.9997183203177589,0.9996860154724687,0.999218574272411,0.9994627573889033,0.9974270332256612,0.9818744962746336,0.8861774988942053,0.9675600830189507,0.9209825271034796,0.9846960150401945
0.328,7.998020056693549,0.9837048898876785,0.9991393317159978,0.9997204225299411,0.9999907687261943,0.9998683101924812,0.9998340437665378,0.9996829008384551,0.9997219195856408,0.9996899686723566,0.9992273010114957,0.9994690754687342,0.9974511157808333,0.9819901473580124,0.886582143309538,0.9677409298960432,0.9213047512230477,0.984765254682089
0.329,8.010291927599397,0.9838111734518836,0.9991487993547552,0.9997239693932084,0.9999909332513747,0.9998701247597324,0.9998362786453233,0.9996868687997573,0.9997254619900474,0.9996938601731992,0.9992359039138283,0.9994753001454706,0.9974748995885027,0.9821047043964042,0.8869840923093278,0.9679202071422462,0.9216246668517665,0.9848339329172362
0.33,8.022526797889448,0.9839164362798937,0.9991581341550593,0.9997274606082668,0.9999910943564583,0.9998719088943656,0.9998384767124681,0.9996907751413947,0.999728948584791,0.9996976911061726,0.9992443850715713,0.9994814330537466,0.99749838915607,0.9822181805846754,0.887383370336468,0.9680979324136517,0.921942296173828,0.9849020559785221
0.331,8.03472483465128,0.9840206908413608,0.9991673383409316,0.9997308971992178,0.9999912521219237,0.999873663189604,0.9998406386748296,0.9996946209882352,0.9997323804014369,0.9997014625788058,0.9992527465362169,0.9994874757954038,0.9975215889115595,0.9823305889262939,0.8877800015565787,0.9682741231252445,0.9222576611090002,0.9849696300113236
0.332,8.046886203967937,0.9841239494229628,0.9991764140934745,0.9997342801686978,0.999991406626147,0.9998753882255833,0.9998427652238696,0.9996984074417203,0.9997357584498275,0.9997051756755341,0.9992609903194767,0.9994934299402296,0.9975445032052099,0.9824419422365586,0.8881740098617654,0.9684487964547542,0.9225707833163734,0.9850366610749967
0.333,8.059011070925463,0.9842262241315223,0.9991853635518042,0.99973761049838,0.9999915579454611,0.9998770845696725,0.999844857036028,0.9997021355804104,0.9997390837185948,0.9997088314582373,0.9992691183941506,0.9994992970266781,0.9975671363110291,0.9825522531457661,0.8885654188743183,0.9686219693464359,0.9228816841980461,0.9851031551443303
0.334,8.07109959962038,0.9843275268970667,0.999194188813963,0.9997408891494645,0.9999917061542144,0.9998787527767872,0.9998469147730864,0.9997058064605172,0.9997423571756567,0.9997124309667645,0.9992771326949741,0.9995050785625713,0.9975894924283149,0.9826615341023174,0.8889542519503524,0.9687936585147824,0.9231903849027486,0.9851691181109744
0.335,8.083151953167082,0.9844278694758284,0.9992028919378086,0.9997441170631554,0.9999918513248274,0.9998803933896927,0.9998489390825216,0.9997094211164212,0.9997455797687035,0.999715975219445,0.9992850351194459,0.9995107760257854,0.9976115756831413,0.9827697973757648,0.8893405321833925,0.9689638804481696,0.92349690632941,0.985234555784839
0.336,8.09516829370518,0.9845272634531869,0.9992114749418817,0.9997472951611255,0.9999919935278474,0.9998820069393002,0.9998509305978506,0.9997129805611774,0.9997487524256693,0.9997194652135868,0.999292827528634,0.9995163908649176,0.9976333901298121,0.9828770550598009,0.8897242824079005,0.969132651412435,0.9238012691306644,0.9852994738954645
0.337,8.107148782406764,0.9846257202465545,0.9992199398062536,0.9997504243459692,0.9999921328320018,0.9998835939449549,0.9998528899389653,0.9997164857870063,0.9997518760551933,0.9997229019259621,0.9993005117479646,0.9995219244999379,0.997654939752282,0.9829833190751912,0.8901055252027482,0.9692999874543916,0.9241034937163025,0.9853638780933668
0.338,8.119093579483616,0.9847232511082067,0.9992282884733533,0.999753505501644,0.9999922693042491,0.9998851549147156,0.9998548177124595,0.9997199377657746,0.9997549515470676,0.9997262863132799,0.9993080895679901,0.9995273783228247,0.997676228465546,0.98308860117265,0.8904842828946365,0.9694659044052794,0.9244036002566658,0.9854277739513543
0.339,8.13100284419435,0.9848198671280585,0.9992365228487742,0.9997565394939005,0.9999924030098293,0.9998866903456287,0.9998567145119469,0.9997233374494612,0.9997579797726747,0.9997296193126473,0.9993155627451399,0.9995327536981843,0.9976972601169983,0.9831929129356625,0.8908605775614615,0.9696304178841535,0.9247016086859859,0.9854911669658196
0.34,8.142876734851486,0.9849155792363868,0.9992446448020627,0.9997595271707016,0.9999925340123118,0.9998882007239923,0.9998585809183697,0.9997266857706139,0.9997609615854128,0.9997329018420189,0.9993229330024528,0.9995380519638558,0.9977180384877615,0.9832962657832542,0.8912344310356267,0.9697935433012125,0.9249975387056707,0.9855540625580086
0.341,8.154715408828475,0.985010398206502,0.9992526561674867,0.9997624693626309,0.9999926623736427,0.9998896865256157,0.999860417500301,0.9997299836427924,0.9997638978211117,0.9997361348006346,0.9993302020302921,0.9995432744315009,0.9977385672939865,0.983398670972707,0.8916058649073069,0.9699552958610665,0.9252914097875369,0.985616466075259
0.342,8.166519022566634,0.9851043346573681,0.9992605587447875,0.999765366883291,0.9999927881541901,0.999891148216071,0.9998622248142379,0.999733231961002,0.9997667892984365,0.9997393190694468,0.9993373714870437,0.999548422387179,0.9977588501881227,0.9835001396022245,0.891974900527659,0.9701156905659469,0.9255832411769909,0.9856783827922215
0.343,8.178287731582062,0.985197399056173,0.9992683542999123,0.9997682205296917,0.999992911412788,0.9998925862509377,0.9998640034048873,0.999736431602114,0.9997696368192818,0.9997424555115361,0.9993444429997977,0.9995534970919091,0.9977788907601629,0.9836006826135485,0.8923415590119854,0.9702747422188592,0.9258730518961589,0.9857398179120528
0.344,8.190021690472442,0.9852896017208502,0.9992760445657306,0.9997710310826281,0.9999930322067792,0.9998940010760419,0.9998657538054446,0.9997395834252791,0.9997724411691561,0.9997455449725173,0.9993514181650138,0.9995584997822172,0.9977986925388583,0.9837003107945245,0.8927058612428476,0.9704324654266798,0.9261608607469662,0.985800776567587
0.345,8.201721052923833,0.9853809528225538,0.9992836312427331,0.9997737993070495,0.9999931505920567,0.9998953931276879,0.9998674765378646,0.9997426882723264,0.9997752031175564,0.9997485882809355,0.999358298549171,0.9995634316706711,0.9978182589929085,0.9837990347816211,0.8930678278731318,0.9705888746031968,0.9264466863141685,0.9858612638224855
0.346,8.21338597171737,0.9854714623880849,0.9992911159997145,0.999776525952419,0.9999932666231042,0.9998967628328856,0.9998691721131254,0.9997457469681553,0.9997779234183332,0.9997515862486507,0.9993650856894017,0.999568293946402,0.9978375935321259,0.9838968650624017,0.8934274793290696,0.9707439839720985,0.9267305469683333,0.9859212846723635
0.347,8.225016598735916,0.9855611403022743,0.9992985004744402,0.9997792117530642,0.9999933803530344,0.9998981106095699,0.9998708410314868,0.999748760321117,0.9997806028100459,0.9997545396712146,0.9993717810941122,0.9995730877756135,0.9978566995085733,0.9839938119779499,0.8937848358132101,0.970897807569908,0.9270124608687758,0.9859808440458948
0.348,8.236613084970644,0.9856499963103192,0.9993057862742973,0.9997818574285189,0.9999934918336276,0.9998994368668156,0.9998724837827396,0.9997517291233856,0.9997832420163102,0.9997574493282372,0.9993783862435865,0.9995778143020784,0.997875580217679,0.9840898857252509,0.8941399173073484,0.9710503592488662,0.9272924459664461,0.9860399468058958
0.349,8.248175580527603,0.9857380400200773,0.9993129749769306,0.9997844636838564,0.9999936011153677,0.9999007420050464,0.9998741008464511,0.999754654151321,0.9997858417461364,0.9997603159837442,0.9993849025905782,0.9995824746476235,0.9978942388993259,0.9841850963595284,0.8944927435754086,0.9712016526797644,0.9275705200067733,0.9860985977503919
0.35,8.259704234634146,0.9858252809043159,0.9993200681308638,0.9997870312100147,0.9999937082474785,0.9999020264162392,0.999875692692202,0.9997575361658223,0.9997884026942588,0.9997631403865258,0.9993913315608871,0.9995870699126034,0.9979126787389183,0.9842794537965376,0.8948433341662841,0.9713517013547271,0.9278467005324622,0.986156801613657
0.351,8.271199195645398,0.9859117283029225,0.9993270672561064,0.999789560684113,0.9999938132779571,0.9999032904841214,0.9998772597798189,0.9997603759126729,0.9997909255414577,0.9997659232704773,0.9993976745539229,0.9995916011763616,0.9979309028684255,0.9843729678148173,0.8951917084166335,0.9715005185899456,0.9281210048862476,0.9862145630672413
0.352,8.282660611050582,0.9859973914250708,0.999333973844746,0.9997920527697614,0.999993916253609,0.9999045345843649,0.9998788025596004,0.9997631741228764,0.9997934109548727,0.9997686653549301,0.999403932943256,0.9995960694976823,0.9979489143674024,0.9844656480578999,0.8955378854536363,0.9716481175283642,0.9283934502136043,0.986271886720973
0.353,8.29408862747936,0.986082279351349,0.9993407893615273,0.9997945081173623,0.9999940172200792,0.9999057590847743,0.9998803214725366,0.9997659315129853,0.9997958595883089,0.9997713673449761,0.9994101080771551,0.9996004759152302,0.9979667162639899,0.9845575040364809,0.8958818841977046,0.9717945111423199,0.9286640534654154,0.9863287771239441
0.354,8.30548339070805,0.986166401035847,0.9993475152444182,0.9997969273644041,0.9999941162218844,0.99990696434547,0.9998818169505244,0.9997686487854204,0.9997982720825345,0.9997740299317822,0.999416201279113,0.9996048214479804,0.9979843115358916,0.9846485451305487,0.8962237233651565,0.9719397122361351,0.9289328314005982,0.9863852387654802
0.355,8.316845045665861,0.9862497653082065,0.9993541529051623,0.9997993111357484,0.9999942133024434,0.9999081507190672,0.9998832894165762,0.9997713266287833,0.9998006490655723,0.9997766537928998,0.9994222138483596,0.9996091070956382,0.9980017031113321,0.9847387805914756,0.8965634214708473,0.9720837334486665,0.9291998005886896,0.9864412760760864
0.356,8.328173736441006,0.9863323808756325,0.9993607037298183,0.9998016600439099,0.9999943085041072,0.9999093185508503,0.9998847392850242,0.9997739657181612,0.9998029911529833,0.9997792395925639,0.9994281470603634,0.9996133338390487,0.9980188938699932,0.9848282195440713,0.8969009968307625,0.9722265872558091,0.9294649774123906,0.9864968934283811
0.357,8.33946960628682,0.9864142563248673,0.9993671690792887,0.9998039746893292,0.9999944018681871,0.9999104681789419,0.9998861669617185,0.9997765667154238,0.9998052989481436,0.9997817879819868,0.9994340021673218,0.9996175026405969,0.998035886643931,0.9849168709885976,0.8972364675645721,0.9723682859729567,0.9297283780700722,0.9865520951380083
0.358,8.350732797627773,0.9864954001241303,0.9993735502898342,0.9998062556606391,0.9999944934349835,0.9999115999344692,0.9998875728442214,0.9997791302695133,0.9998075730425137,0.9997842995996442,0.9994397803986396,0.9996216144445985,0.9980526842184735,0.9850047438027487,0.8975698515981458,0.9725088417574207,0.929990018578241,0.9866068854645368
0.359,8.361963452065481,0.9865758206250193,0.9993798486735785,0.9998085035349246,0.9999945832438125,0.9999127141417244,0.9998889573219956,0.9997816570167273,0.9998098140159026,0.9997867750715537,0.9994454829613969,0.9996256701776812,0.9980692893330996,0.9850918467435934,0.8979011666660321,0.9726482666108069,0.930249914773968,0.9866612686123385
0.36,8.373161710384615,0.98665552606438,0.999386065519,0.9998107188779762,0.9999946713330325,0.9999138111183223,0.999890320776589,0.999784147580995,0.9998120224367248,0.9997892150115476,0.9994511110408065,0.9996296707491578,0.9980857046822986,0.985178188449484,0.8982304303138996,0.9727865723813514,0.9305080823172793,0.9867152487314551
0.361,8.384327712558811,0.9867345245661399,0.9993922020914132,0.9998129022445379,0.99999475774007,0.9999148911753531,0.9998916635818139,0.9997866025741466,0.9998141988622503,0.9997916200215384,0.9994566658006606,0.9996336170513893,0.998101932916413,0.9852637774419302,0.8985576599009422,0.9729237707662158,0.9307645366935097,0.986768829918445
0.362,8.395461597756471,0.9868128241431083,0.9993982596334395,0.9998150541785479,0.9999948425014439,0.9999159546175321,0.9998929861039217,0.9997890225961766,0.9998163438388499,0.9997939906917783,0.9994621483837671,0.9996375099601412,0.9981179766424624,0.985348622127439,0.8988828726022495,0.973059873313745,0.9310192932156202,0.9868220162172165
0.363,8.406563504346579,0.9868904326987459,0.9994042393654663,0.9998171752133744,0.9999949256527904,0.999917001743345,0.9998942887017742,0.9997914082354995,0.9998184579022336,0.9997963276011119,0.9994675599123772,0.9996413503349304,0.9981338384249508,0.9854327307993219,0.8992060854111414,0.9731948914256845,0.9312723670264805,0.986874811619847
0.364,8.417633569904396,0.9869673580288993,0.9994101424860964,0.999819265872046,0.9999950072288856,0.9999180328451899,0.9998955717270092,0.9997937600692014,0.9998205415776834,0.9997986313172238,0.9994729014886016,0.9996451390193638,0.9981495207866575,0.9855161116394706,0.8995273151414691,0.9733288363593606,0.9315237731011162,0.9869272200673838
0.365,8.428671931217185,0.9870436078235073,0.9994159701725875,0.9998213266674754,0.9999950872636691,0.9999190482095154,0.9998968355242035,0.9997960786632836,0.9998225953802811,0.999800902396879,0.9994781741948189,0.9996488768414704,0.9981650262094105,0.985598772720099,0.8998465784298806,0.9734617192298246,0.9317735262489208,0.9869792454506328
0.366,8.439678724289799,0.9871191896682738,0.999421723581282,0.9998233581026789,0.9999951657902658,0.9999200481169559,0.9998980804310309,0.999798364572902,0.9998246198151294,0.9998031413861592,0.999483379094074,0.9996525646140246,0.9981803571348441,0.9856807220054562,0.9001638917380559,0.9735935510119584,0.9320216411158355,0.9870308916109345
0.367,8.45065408435031,0.9871941110463127,0.999427403848026,0.9998253606709903,0.9999952428410069,0.9999210328424627,0.9998993067784167,0.9998006183425997,0.999826615377569,0.9998053488206917,0.9994885172304678,0.9996562031348624,0.998195515965142,0.9857619673535082,0.9004792713549061,0.973724342542547,0.9322681321864942,0.9870821623409216
0.368,8.461598145855513,0.9872683793397614,0.9994330120885798,0.999827334856269,0.9999953184474518,0.9999220026554327,0.9999005148906877,0.9998028405065343,0.9998285825533898,0.999807525225874,0.9994935896295378,0.9996597931871902,0.9982105050637631,0.9858425165175894,0.9007927333987436,0.9738541045223138,0.9325130137863378,0.9871330613852656
0.369,8.472511042496441,0.9873420018313672,0.9994385493990203,0.9998292811331044,0.9999953926404072,0.999922957819833,0.9999017050857197,0.9998050315887007,0.9998305218190371,0.9998096711170931,0.9994985972986309,0.999663335539887,0.9982253267561538,0.9859223771480257,0.9011042938194177,0.9739828475179231,0.932756300083694,0.987183592441411
0.37,8.483392907203791,0.9874149857060441,0.9994440168561322,0.9998311999670146,0.9999954654499477,0.999923898594323,0.9999028776750811,0.9998071921031471,0.9998324336418126,0.9998117869999388,0.9995035412272675,0.9996668309477991,0.9982399833304454,0.9860015567937284,0.901413968400422,0.9741105819639483,0.9329980050918288,0.9872337591602944
0.371,8.494243872153337,0.9874873380524025,0.9994494155177919,0.9998330918146404,0.9999955369054343,0.9999248252323736,0.9999040329641714,0.999809322554187,0.9998343184800718,0.9998138733704128,0.999508422387497,0.9996702801520283,0.9982544770381362,0.9860800629037599,0.9017217727609682,0.9742373181648069,0.9332381426709635,0.9872835651470512
0.372,8.505064068771265,0.9875590658642512,0.9994547464233433,0.9998349571239349,0.9999956070355336,0.9999257379823832,0.9999051712523588,0.9998114234366063,0.999836176783415,0.9998159307151324,0.9995132417342469,0.9996736838802139,0.9982688100947612,0.9861579028288731,0.902027722358033,0.9743630662966637,0.933476726530264,0.9873330139617097
0.373,8.515853627739501,0.9876301760420734,0.9994600105939643,0.9998367963343491,0.9999956758682355,0.9999266370877905,0.9999062928331123,0.9998134952358648,0.9998380089928753,0.9998179595115299,0.9995180002056622,0.9996770428468077,0.9982829846805464,0.986235083823021,0.9023318324883726,0.9744878364093017,0.9337137702297993,0.987382109119873
0.374,8.526612679000943,0.9877006753944756,0.9994652090330255,0.9998386098770119,0.9999957434308705,0.9999275227871852,0.9999073979941322,0.9998155384282935,0.9998398155411012,0.9998199602280463,0.9995226987234388,0.999680357753343,0.9982970029410514,0.986311613044844,0.9026341182905101,0.9746116384279618,0.93394928718247,0.9874308540933897
0.375,8.537341351764706,0.987770570639612,0.9994703427264416,0.9998403981749074,0.9999958097501274,0.9999283953144157,0.9999084870174766,0.9998175534812871,0.9998415968525354,0.9998219333243218,0.9995273381931493,0.9996836292886975,0.9983108669877977,0.986387497559127,0.9029345947466934,0.9747344821551522,0.9341832906559093,0.9874792523110115
0.376,8.54803977451128,0.9878398684065834,0.9994754126430143,0.9998421616430472,0.9999958748520692,0.9999292548986941,0.9999095601796847,0.9998195408534919,0.999843353343589,0.999823879251381,0.9995319195045609,0.9996868581293507,0.9983245788988846,0.9864627443382341,0.9032332766848248,0.9748563772724277,0.9344157937743542,0.987527307159039
0.377,8.558708074997655,0.9879085752368104,0.9994804197347683,0.9998439006886379,0.9999959387621499,0.9999301017646985,0.9999106177518976,0.99982150099499,0.9998450854228118,0.999825798451814,0.999536443531947,0.9996900449396346,0.998338140719593,0.9865373602635168,0.9035301787803638,0.974977333342139,0.9346468095204895,0.9875750219819572
0.378,8.569346380262417,0.9879766975853845,0.9994853649372796,0.9998456157112467,0.9999960015052295,0.9999309361326736,0.999911659999976,0.9998234343474781,0.9998467934910592,0.9998276913599532,0.9995409111343923,0.9996931903719801,0.9983515544629765,0.9866113521266985,0.9038253155582019,0.9750973598091536,0.9348763507372648,0.9876224000830592
0.379,8.579954816630792,0.9880442418223939,0.9994902491699968,0.9998473071029614,0.9999960631055895,0.9999317582185274,0.9999126871846152,0.9998253413444435,0.9998484779416535,0.9998295584020463,0.9995453231560896,0.9996962950671561,0.9983648221104406,0.9866847266312346,0.9041187013945103,0.9752164660025485,0.9351044301296829,0.9876694447250602
0.38,8.590533509719625,0.9881112142342265,0.9994950733365556,0.9998489752485474,0.9999961235869481,0.9999325682339274,0.9999136995614571,0.9998272224113343,0.999850139160544,0.999831399996425,0.9995496804266326,0.9996993596545046,0.9983779456123106,0.9867574903936497,0.904410350518563,0.9753346611372744,0.9353310602665643,0.9877161591306974
0.381,8.601082584442372,0.9881776210248512,0.9994998383250862,0.999850620525601,0.9999961829724737,0.9999333663863927,0.9999146973811995,0.9998290779657277,0.9998517775264606,0.9998332165536699,0.9995539837613002,0.9997023847521707,0.9983909268883879,0.9868296499448505,0.9047002770145314,0.9754519543157925,0.9355562535822826,0.9877625464833246
0.382,8.611602165013979,0.988243468317075,0.9995045450085138,0.9998522433046988,0.9999962412847998,0.9999341528793851,0.9999156808897033,0.999830908417493,0.9998533934110662,0.9998350084767714,0.9995582339613357,0.999705370967326,0.9984037678284948,0.9869012117314174,0.904988494823256,0.9755683545296856,0.9357800223784768,0.9878086099274914
0.383,8.622092374955795,0.9883087621537798,0.9995091942448534,0.9998538439495446,0.999996298546038,0.9999349279123976,0.9999166503280963,0.999832714168951,0.9998549871791037,0.9998367761612877,0.9995624318142196,0.999708318896389,0.9984164702930091,0.9869721821168738,0.9052750177439911,0.9756838706612412,0.9360023788257371,0.9878543525695167
0.384,8.63255333710037,0.9883735084991375,0.9995137868774978,0.9998554228171117,0.9999963547777914,0.9999356916810404,0.9999176059328756,0.9998344956150306,0.9998565591885412,0.9998385199954981,0.9995665780939367,0.9997112291252389,0.9984290361133872,0.9870425673829322,0.9055598594361254,0.97579851148501,0.936223334965266,0.9878997774780477
0.385,8.642985173596289,0.9884377132398035,0.9995183237354992,0.9998569802577829,0.9999964100011675,0.9999364443771258,0.9999185479360067,0.9998362531434205,0.9998581097907128,0.9998402403605531,0.9995706735612372,0.9997141022294254,0.9984414670926777,0.9871123737307212,0.9058430334208789,0.9759122856693385,0.9364429027105152,0.9879448876846142
0.386,8.653388005912882,0.9885013821860897,0.9995228056338448,0.9998585166154866,0.9999964642367907,0.9999371861887502,0.9999194765650202,0.999837987134719,0.9998596393304561,0.999841937630622,0.9995747189638925,0.9997169387743744,0.9984537650060241,0.9871816072819899,0.9061245530829755,0.9760252017778765,0.9366610938487994,0.9879896861841703
0.387,8.663761954844981,0.9885645210731183,0.9995272333737273,0.9998600322278303,0.9999965175048144,0.9999379173003741,0.9999203920431072,0.9998396979625791,0.9998611481462476,0.9998436121730359,0.9995787150369453,0.999719739315588,0.9984659316011576,0.9872502740802922,0.906404431672291,0.9761372682710607,0.9368779200428843,0.9880341759356266
0.388,8.67410714051756,0.9886271355619546,0.9995316077428084,0.9998615274262308,0.999996569824933,0.999938637892901,0.9999212945892115,0.9998413859938508,0.9998626365703338,0.9998452643484276,0.9995826625029544,0.9997225043988412,0.9984779685988805,0.9873183800921513,0.9066826823054804,0.9762484935075735,0.9370933928325539,0.9880783598623752
0.389,8.684423682390403,0.9886892312407203,0.9995359295154778,0.9998630025360417,0.9999966212163933,0.9999393481437538,0.99992218441812,0.9998430515887202,0.9998641049288599,0.9998468945108696,0.999586562072234,0.9997252345603737,0.9984898776935397,0.9873859312082043,0.9069593179675801,0.9763588857457788,0.9373075236361537,0.9881222408528044
0.39,8.694711699262673,0.988750813625689,0.9995401994531056,0.9998644578766771,0.9999966716980053,0.9999400482269497,0.9999230617405506,0.9998446951008455,0.9998655535419956,0.9998485030080074,0.9995904144430884,0.999727930327077,0.998501660553491,0.9874529332443273,0.9072343515135889,0.9764684531451345,0.9375203237521113,0.9881658217608059
0.391,8.704971309277498,0.9888118881623617,0.9995444183042907,0.9998658937617341,0.999996721288154,0.9999407383131727,0.9999239267632392,0.9998463168774898,0.9998669827240577,0.9998500901811905,0.9995942203020416,0.9997305922166791,0.9985133188215545,0.9875193919427415,0.9075077956700263,0.9765772037675824,0.9377318043604361,0.9882091054062702
0.392,8.71520262992647,0.9888724602265248,0.9995485868051024,0.999867310499111,0.999996770004809,0.9999414185698451,0.9999247796890229,0.9998479172596508,0.9998683927836305,0.9998516563656005,0.9995979803240613,0.9997332207379234,0.9985248541154605,0.9875853129731008,0.9077796630364702,0.9766851455789148,0.9379419765241961,0.9882520945755784
0.393,8.725405778054155,0.9889325351252894,0.9995527056793183,0.999868708391124,0.9999968178655355,0.9999420891611975,0.9999256207169229,0.9998494965821882,0.9998697840236825,0.9998532018903762,0.9996016951727796,0.9997358163907444,0.9985362680282873,0.9876507019335612,0.9080499660870718,0.9767922864501211,0.9381508511909735,0.9882947920220827
0.394,8.735580869862511,0.9889921180981139,0.999556775638656,0.9998700877346196,0.999996864887504,0.9999427502483362,0.9999264500422246,0.9998510551739471,0.9998711567416817,0.999854727078736,0.9996053655007072,0.9997383796664401,0.9985475621288898,0.9877155643518318,0.9083187171720506,0.9768986341587105,0.9383584391943011,0.9883372004665777
0.395,8.745728020915333,0.9890512143178081,0.9995607973830011,0.9998714488210871,0.9999969110875001,0.9999434019893096,0.9999272678565555,0.9998525933578798,0.9998725112297071,0.9998562322480973,0.9996089919494446,0.9997409110478394,0.9985587379623206,0.9877799056862089,0.9085859285191679,0.9770041963900155,0.9385647512550747,0.9883793225977675
0.396,8.755847346142597,0.9891098288915209,0.9995647716006293,0.999872791936766,0.9999969564819343,0.9999440445391735,0.9999280743479628,0.9998541114511644,0.9998738477745587,0.9998577177101935,0.9996125751498884,0.9997434110094675,0.998569797050242,0.9878437313265918,0.9088516122351811,0.977108980738474,0.9387697979829489,0.988421161072722
0.397,8.76593895984482,0.9891679668617122,0.9995686989684246,0.9998741173627524,0.9999970010868505,0.9999446780500535,0.9999288697009874,0.9998556097653207,0.9998751666578641,0.9998591837711882,0.9996161157224328,0.9997458800177065,0.9985807408913303,0.9879070465954829,0.9091157803072764,0.9772129947088902,0.9389735898777103,0.9884627185173266
0.398,8.776002975697356,0.9892256332071067,0.9995725801520927,0.9998754253751029,0.9999970449179361,0.9999453026712078,0.9999296540967373,0.9998570886063234,0.9998764681561838,0.9998606307317872,0.9996196142771673,0.9997483185309526,0.998591570961673,0.9879698567489703,0.9093784446044827,0.9773162457176768,0.9391761373306322,0.9885039975267239
0.399,8.786039506754667,0.9892828328436329,0.9995764158063699,0.9998767162449353,0.9999970879905293,0.999945918549087,0.9999304277129591,0.9998585482747131,0.9998777525411129,0.9998620588873475,0.9996230714140704,0.9997507269997707,0.9986022887151565,0.988032166977694,0.9096396168790667,0.9774187410940767,0.9393774506258095,0.9885450006657489
0.4,8.796048665454546,0.9893395706253466,0.9995802065752276,0.999877990238529,0.9999971303196292,0.9999465258273929,0.9999311907241081,0.9998599890657051,0.9998790200793812,0.999863468527984,0.999626487723199,0.9997531058670456,0.9986128955838492,0.9880939824077971,0.9098993087679073,0.9775204880813652,0.9395775399414752,0.9885857304693564
