Beta,R_0,R1,R2,R3,R4,R5,R6,R7,R8,R9,R10,R11,R12,R13,R14,R15,R16,R_all
0.0,0.0,0.0,0.0,0.0,0.0,0.0,0.0,0.0,0.0,0.0,0.0,0.0,0.0,0.0,0.0,0.0,0.0,0.0
0.001,0.07575324197407778,0.0,0.0,0.0,0.0,0.0,0.0,0.0,0.0,0.0,0.0,0.0,0.0,0.0,0.0,0.0,0.0,0.0
0.002,0.15105467534791253,0.0,0.0,0.0,0.0,0.0,0.0,0.0,0.0,0.0,0.0,0.0,0.0,0.0,0.0,0.0,0.0,0.0
0.003,0.22590833012884043,0.0,0.0,0.0,0.0,0.0,0.0,0.0,0.0,0.0,0.0,0.0,0.0,0.0,0.0,0.0,0.0,0.0
0.004,0.30031818853754944,1.7763568394002505e-15,3.219646771412954e-15,3.552713678800501e-15,3.1086244689504383e-15,1.9984014443252818e-15,1.9984014443252818e-15,1.887379141862766e-15,1.887379141862766e-15,1.9984014443252818e-15,1.9984014443252818e-15,1.887379141862766e-15,1.6653345369377348e-15,1.3322676295501878e-15,3.3306690738754696e-16,3.3306690738754696e-16,0.0,2.362620833356724e-15
0.005,0.37428818571428574,0.0,0.0,0.0,0.0,0.0,0.0,0.0,0.0,0.0,0.0,0.0,0.0,0.0,0.0,0.0,0.0,0.0
0.006,0.44782221041257375,0.0,0.0,0.0,0.0,0.0,0.0,0.0,0.0,0.0,0.0,0.0,0.0,0.0,0.0,0.0,0.0,0.0
0.007,0.5209241056807052,0.0,0.0,0.0,0.0,0.0,0.0,0.0,0.0,0.0,0.0,0.0,0.0,0.0,0.0,0.0,0.0,0.0
0.008,0.59359766953125,0.0,0.0,0.0,0.0,0.0,0.0,0.0,0.0,0.0,0.0,0.0,0.0,0.0,0.0,0.0,0.0,0.0
0.009,0.6658466555988315,1.7763568394002505e-15,2.886579864025407e-15,3.552713678800501e-15,3.1086244689504383e-15,1.9984014443252818e-15,1.9984014443252818e-15,1.887379141862766e-15,1.887379141862766e-15,1.9984014443252818e-15,1.9984014443252818e-15,1.887379141862766e-15,1.6653345369377348e-15,1.3322676295501878e-15,3.3306690738754696e-16,3.3306690738754696e-16,0.0,2.3169551772421827e-15
0.01,0.7376747737864078,0.0,0.0,0.0,0.0,0.0,0.0,0.0,0.0,0.0,0.0,0.0,0.0,0.0,0.0,0.0,0.0,0.0
0.011,0.8090856909002905,5.551115123125783e-16,2.3314683517128287e-15,2.7755575615628914e-15,2.1094237467877974e-15,6.661338147750939e-16,4.440892098500626e-16,4.440892098500626e-16,4.440892098500626e-16,6.661338147750939e-16,4.440892098500626e-16,3.3306690738754696e-16,4.440892098500626e-16,3.3306690738754696e-16,2.220446049250313e-16,2.220446049250313e-16,0.0,1.2087913881642812e-15
0.012,0.8800830312741312,7.327471962526033e-15,1.7430501486614958e-14,2.020605904817785e-14,1.3988810110276972e-14,7.771561172376096e-15,7.105427357601002e-15,7.549516567451064e-15,7.216449660063518e-15,7.882583474838611e-15,6.8833827526759706e-15,6.661338147750939e-15,5.662137425588298e-15,4.440892098500626e-15,2.6645352591003757e-15,2.1094237467877974e-15,8.881784197001252e-16,1.083176810525785e-14
0.013,0.9506703773820983,2.942091015256665e-14,7.316369732279782e-14,8.526512829121202e-14,5.928590951498336e-14,3.175237850427948e-14,2.7977620220553945e-14,3.008704396734174e-14,2.964295475749168e-14,3.1308289294429414e-14,2.731148640577885e-14,2.631228568361621e-14,2.3092638912203256e-14,1.7541523789077473e-14,1.1102230246251565e-14,8.992806499463768e-15,4.9960036108132044e-15,4.4793275032352575e-14
0.014,1.0208512704414587,0.017518251994097067,0.04369307181022486,0.05199353507411286,0.035606663516766446,0.018777692041347382,0.016828612351887595,0.017933485405871696,0.017599244006517356,0.018845187964604215,0.016253345501745398,0.015737076173078957,0.013769438677095791,0.010545380827350903,0.006763920207016549,0.0053798734299175255,0.0031688044799276227,0.026891140412892183
0.015,1.0906292110047846,0.07516577453664819,0.17494185075952373,0.20243548154489266,0.14672233869245943,0.08143473992737904,0.07344861784439627,0.07734632140161368,0.07590455798037676,0.08097490839239962,0.07045835441842163,0.06849097817351635,0.06002508222142766,0.04608198192257629,0.02920380232870068,0.023237912036294994,0.013757671652756098,0.11076710816500211
0.016,1.1600076595419848,0.13055335160642034,0.2852925686200698,0.3229169797888768,0.24497987209741523,0.14248528806248772,0.12934771325192873,0.13489916992058337,0.13239412501407322,0.140754096907854,0.12345240307550132,0.12043074692070366,0.10575589765217974,0.08143938728356725,0.05113739596547495,0.04071953995082911,0.024227147036126495,0.18566929687973938
0.017,1.2289900370123692,0.18331803711714445,0.37831149277737364,0.4206601305787847,0.3312062914174263,0.20102447226508435,0.1836567771060419,0.19003136896445938,0.18652851741361776,0.19767948953981074,0.17463348506975607,0.1708949818258958,0.15041859200144803,0.11624777697182131,0.07249728338653172,0.05778081225302478,0.03454279355245171,0.2527111514114286
0.018,1.297579725426945,0.23326028169667257,0.45701667530490764,0.500855268439597,0.4065666708501754,0.2564960657746883,0.2357759762302042,0.24238742329764018,0.23796717903048237,0.2514538909124495,0.22359893287391963,0.21941973270276782,0.19362496548797192,0.150234207735924,0.09324214527043317,0.07439469805404553,0.044680033456011126,0.3128479502578971
0.019,1.3657800684011354,0.2802984371308338,0.523896697817027,0.5673091543653234,0.4723224586226207,0.3086049594083293,0.28532296815032987,0.2917720385957351,0.2865240388394722,0.3019379618580894,0.2701045444029425,0.26570348220242845,0.23511328816964916,0.1832048514446234,0.11334921820992849,0.09054637199367899,0.054621829527659926,0.36690289925084363
0.02,1.4335943716981132,0.3244360348340286,0.5809823794509572,0.6228635527787928,0.5296978865021247,0.3572437076102364,0.33208491167518694,0.3381119059248482,0.33213003224087234,0.3491096693719232,0.3140281322200935,0.3095736474024765,0.2747227577063073,0.21502986640985244,0.13280948927708824,0.10623013899939338,0.0643570812049653,0.41558887233940917
0.021,1.5010259037629352,0.36573678479129523,0.6299257471054509,0.6696730980343146,0.5798154624832998,0.40243446157409457,0.3759763588328149,0.3814233859586189,0.3748017401425444,0.3930307926748946,0.35533834953028365,0.35095640530437566,0.3123709393500129,0.24563016016853845,0.15162423215654486,0.12144718040628455,0.07387938199946287,0.4595257641180549
0.022,1.5680778962476547,0.4043052003180556,0.6720713038099783,0.7093941821429387,0.6236716477343008,0.4442848532092486,0.4170040521042091,0.42178595808126307,0.41461585261927825,0.4338200765240908,0.39406903393402526,0.38985087839700305,0.34803444661753113,0.27496595641740973,0.16980232669406803,0.1362037904524479,0.08318599964914941,0.49925430055300435
0.023,1.634753544527596,0.44027174228837296,0.7085158899575265,0.7433160555094797,0.6621342234276046,0.4829555190248024,0.4552386957541964,0.45932115250641803,0.45168903641542013,0.4716324175302671,0.43029881822321514,0.4263079924192702,0.3817329619997315,0.3030271796561995,0.18735813281220415,0.15050996629968605,0.09227702727564502,0.5352472097288796
0.024,1.7010560082089552,0.4737816722540429,0.7401574015628849,0.7724535099983496,0.6959503698073134,0.5186368590050241,0.49079311312397467,0.4941763971873271,0.4861625648267597,0.5066432546252936,0.4641354288728714,0.46041378459772764,0.41351644080402805,0.32982559406873435,0.20430980720773262,0.16437828460555715,0.10115468275976347,0.567918457120457
0.025,1.7669884116279069,0.5049869061578233,0.7677338588298056,0.7976134857036934,0.7257592669390791,0.5515328605885778,0.5238058630131008,0.5265130292994193,0.5181909397961282,0.5390372400539787,0.4957039349090129,0.4922766316701864,0.443455151490339,0.355388539854121,0.22067798865435684,0.1778230193364283,0.10982273997275915,0.5976310325236482
0.026,1.832553844341373,0.534040235328484,0.7918545295440171,0.8194436477053872,0.7521058918333093,0.5818501743337909,0.554429294511495,0.5564976759077493,0.5479337221679277,0.5690002919374666,0.525138186973683,0.5220177441773595,0.4716321152829309,0.3797540527045915,0.23648478952379737,0.19085946173481394,0.1182860753536521,0.624703610167997
0.027,1.8977553616096206,0.5610913669594881,0.8130246672492236,0.8384682881092584,0.7754543365563962,0.609791000482459,0.5828210768186404,0.5842962611952243,0.5755498527638288,0.5967142302703841,0.55257474792524,0.5497642739180746,0.4981374964659938,0.4029671343361493,0.25175303722056386,0.203503406413289,0.12655031262895022,0.6494162952389604
0.028,1.962595984870849,0.5862843295635184,0.8316651796642902,0.855115184229339,0.796199892343277,0.6355486827810022,0.6091383711160552,0.6100700007683626,0.6011938534205479,0.6223533316035927,0.5781487179317105,0.5756444484831373,0.5230645314250442,0.4250769522895058,0.2665057153837356,0.2157707710018093,0.13462154883227573,0.6720156046853227
0.029,2.0270787022079118,0.6097558798847409,0.8481282949575756,0.8697359158911946,0.814679640476824,0.6593051872416986,0.6335339640668409,0.6339728617422642,0.625013413225245,0.646082273574268,0.6019909685293638,0.5997842404521287,0.5465066432718204,0.4461347727317211,0.2807655617041511,0.22767732101645766,0.1425061461697532,0.6927187920918051
0.03,2.0912064688073397,0.6316346290435088,0.86271007539253,0.8826213934050686,0.8311815448546783,0.6812298662832444,0.6561538283869065,0.6561500798589625,0.6471479734669134,0.6680550626056886,0.6242264044988911,0.6223051753194879,0.5685554528399159,0.4661924611244074,0.2945547864544851,0.23923847618770766,0.15021057625402878,0.7117176039532721
0.031,2.154982207410796,0.6520406739469526,0.8756604472729649,0.8940138387298087,0.845952160872113,0.7014790787700697,0.6771357022137166,0.676737422222745,0.6677280174708584,0.6884146400747022,0.6449729620393583,0.6433229694883451,0.5892994566680603,0.485301416562573,0.3078948826809311,0.2504691788997695,0.15774130538772768,0.7291815406181431
0.032,2.2184088087591247,0.6710855748547397,0.8871912711550232,0.9041161122986037,0.859203122144805,0.7201963629595912,0.6966083820080827,0.6958609635897335,0.6868748465757677,0.7072929433665218,0.6643411246608808,0.6629467631075845,0.6088231942022095,0.5035118333787012,0.320806505057567,0.26138380934446526,0.16510471164743112,0.7452606853688976
0.033,2.281489132029118,0.688872562706066,0.8974828618847525,0.9130990339378695,0.8711165755970846,0.7375129516100616,0.7146915045479119,0.713637206370034,0.7047006821938265,0.7248112606528676,0.6824337954851482,0.6812787715814899,0.6272067688083266,0.5208722071324385,0.33330939950296823,0.27199613535333267,0.17230702636161,0.7600881574505711
0.034,2.3442260052631583,0.7054968923149766,0.9066892785709362,0.9211071740329476,0.8818497260043384,0.753548484759401,0.7314956553064679,0.7301734219720705,0.7213089785811224,0.7410807651075417,0.6993464084886041,0.69841422564229,0.644525620825906,0.5374290212780259,0.3454223698116131,0.2823192876276953,0.1793542941388243,0.7737822383324843
0.035,2.406622225791856,0.7210462818390224,0.9149426350122498,0.9282634680651028,0.8915386338057822,0.7684118226993515,0.7471226867551033,0.745568126619053,0.7367948643342155,0.7562031488443737,0.715167194183623,0.7144415050397557,0.6608504770016909,0.5532265660291936,0.3571632708549939,0.2923657532900473,0.18625234688644843,0.7864482146598579
0.036,2.4686805606498194,0.7356013968423759,0.922356627071036,0.9346729188399661,0.9003013904863305,0.7822018946801106,0.7616661642755725,0.7599116309118811,0.7512456552134658,0.7702713019897716,0.7299775396712557,0.7294423973289692,0.6762474205808877,0.5683068528217287,0.3685490204878966,0.30214738240972694,0.19300678829181284,0.7981799760582082
0.037,2.5304037469846987,0.7492363503353009,0.9290294315518635,0.9404255859844227,0.9082407768540455,0.7950085418339103,0.7752118822902545,0.7732866214301973,0.7647413987830719,0.7833700003428072,0.7438524009231373,0.743492432863415,0.6907780413768203,0.582709596925993,0.37959562428602,0.31167540349541656,0.19962298605380335,0.8090614011452131
0.038,2.5917944924596052,0.7620191995975498,0.935046098560206,0.9455990146441717,0.9154464923665491,0.8069133286076754,0.7878384112378269,0.7857687463496082,0.777355424242591,0.7955765778839365,0.7568607381782089,0.7566612615384232,0.7044996363876098,0.5964722477472013,0.39031820876205037,0.32096044497394005,0.20610606979134694,0.8191675607688989
0.039,2.6528554756490603,0.7740124273303706,0.9404805339498902,0.9502602199423534,0.9219970287206851,0.8179903077525169,0.7996176489388036,0.797427186804836,0.7891548800166506,0.8069615693855816,0.769065954733384,0.769013047366856,0.7174654398774467,0.6096300516470468,0.4007310598607543,0.33001256045618566,0.21246093305071556,0.8285657636181221
0.04,2.713589346428572,0.7852733994487995,0.9453971486676735,0.9544673172803059,0.9279612482318538,0.8283067311426093,0.8106153590775274,0.8083252026061589,0.8002012481629819,0.8175893146139467,0.7805263261272726,0.7806068646029823,0.7297248679997157,0.6222161361142917,0.4108476644032454,0.3388412561818257,0.21869223821584727,0.8373164659242202
0.041,2.77399872635797,0.7958547951604032,0.949852236300619,0.9582708685826483,0.9333997169146333,0.8379237034627793,0.8208916859964901,0.8185206457119142,0.8105508291960852,0.8275185198737214,0.7912954114835902,0.7914970846216611,0.7413237675587079,0.6342616071118445,0.4206807528028186,0.34745551947903974,0.22480442341954932,0.8454740639653106
0.042,2.834086209058615,0.8058050072765631,0.9538951279530817,0.9617149994019325,0.9383658333804077,0.846896778872556,0.8305016395099911,0.8280664381577645,0.8202551940526646,0.8368027755067577,0.8014224421310987,0.8017337466791981,0.7523046618047837,0.6457956536733607,0.4302423418618708,0.35586384740842825,0.23080171077838474,0.8530875854641269
0.043,2.893854360584588,0.8151685122597486,0.9575691639780713,0.9648383301715981,0.9429067874224945,0.855276502658231,0.8394955465496621,0.8370110133713408,0.829361602046127,0.8454910298255847,0.8109526849434602,0.8113629084540965,0.762706988550509,0.6568456554977449,0.4395437768214361,0.3640742750085917,0.23668811544580004,0.860201293699595
0.044,2.953305719787986,0.8239862105382786,0.9609125144890992,0.9676747559350614,0.9470643762125298,0.8631089009974813,0.8479194685566854,0.8453987212696634,0.8379133850625129,0.8536280211402333,0.8199277794335136,0.8204269742044794,0.7725673276194467,0.6674372905359286,0.4485957721027357,0.3720944027451677,0.24246745510900825,0.8668552161937323
0.045,3.0124427986784146,0.8322957382734572,0.9639588745424538,0.9702541019277868,0.950875701159918,0.8704359225434986,0.855815584925838,0.8532701984708684,0.8459502991499271,0.8612546702348837,0.8283860487019397,0.828964999714833,0.7819196158713821,0.6775946404876074,0.4574084503771394,0.3799314229011945,0.24814335965473044,0.8730856081517006
0.046,3.0712680827768017,0.8401317521546052,0.9667380550664315,0.9726026769642232,0.9543737644972632,0.8772958357679409,0.8632225436949843,0.860662705512796,0.8535088451996949,0.8684084360207485,0.8363627850323377,0.837012974107031,0.7907953489189001,0.6873402928069017,0.4659913797448658,0.3875921447465218,0.2537192808044806,0.878925359389063
0.047,3.129784031463629,0.8475261890058894,0.969276486760942,0.9747437423226595,0.9575879813880226,0.8837235860088576,0.8701757812113429,0.867610433274566,0.8606225607189213,0.8751236372405429,0.8438905113535013,0.844604079182609,0.7992237692574748,0.6966954383159774,0.47435360890700107,0.3950830183966467,0.25919850157734226,0.8844043522444994
0.048,3.1879930783216786,0.8545085020726688,0.9715976510946837,0.9766979104589915,0.9605446206749817,0.8897511160363226,0.8767078128008997,0.8741447809258209,0.8673222848285742,0.8814317431033151,0.8509992200345016,0.8517689273348286,0.8072320409462826,0.7056799638901996,0.48250370029000544,0.4024101573236971,0.2645841454813824,0.8895497769195989
0.049,3.2458976314734094,0.8611058758555413,0.9737224500296744,0.9784834852120194,0.9632671851903396,0.8954076537327726,0.8828484965969088,0.8802946077403211,0.8736363986438794,0.8873616356390935,0.8577165905960746,0.8585357792852991,0.8148454112526677,0.7143125399417722,0.4904497611344817,0.4095793595194194,0.2698791853673397,0.8943864097845624
0.05,3.3035000739130442,0.8673434213065375,0.9756695240809908,0.980116753034258,0.9657767407411179,0.9007199702258804,0.8886252727023212,0.8860864610472702,0.8795910431437445,0.892939846417381,0.864068187953634,0.8649307430080336,0.822087359848566,0.7226107026168525,0.49819947259622055,0.41659612733593576,0.2750864519025723,0.8989368594173812
0.051,3.360802763833478,0.8732443531145906,0.9774555266765846,0.9816122330758057,0.9680922013948569,0.9057126115348538,0.8940633798079161,0.8915447824839546,0.8852103165404664,0.8981907700970677,0.8700776427819872,0.8709779552377519,0.8289797362507645,0.7305909307531582,0.5057601169317384,0.423465686047511,0.28020864164132386,0.9032217844850996
0.052,3.4178080349480973,0.8788301507008061,0.979095361442208,0.9829828925744291,0.9702305774614048,0.9104081065129279,0.8991860512900481,0.8966920945770013,0.890516453039194,0.9031368570848767,0.8757668155301876,0.8766997469434701,0.8355428862496754,0.7382687177356473,0.5131386028558724,0.43019300118795345,0.2852483246807008,0.9072600870125016
0.053,3.474518196807593,0.8841207044280843,0.9806023879399999,0.9842403328930485,0.972207191549445,0.91482715359981,0.9040146926881432,0.9015491695304525,0.8955299847415594,0.907798787386217,0.8811559455313248,0.8821167941003337,0.8417957680886323,0.7456586384477952,0.5203414891678639,0.4367827947250562,0.2902079519014997,0.9110690841017577
0.054,3.5309355351118765,0.8891344484110162,0.9819886004889076,0.9853949506422851,0.974035867232669,0.9189887886440737,0.908569042325375,0.9061351819461495,0.9002698883084338,0.9121956275436168,0.8862637865565467,0.8872482550246765,0.8477560591488017,0.7527744115535712,0.5273750067466261,0.443239560137087,0.29508986179998575,0.9146646607540965
0.055,3.5870623120171676,0.8938884811950715,0.9832647839532731,0.9864560775884967,0.9757290941589011,0.9229105358201438,0.9128673166950564,0.9104678470515742,0.9047537178586926,0.9163449723781426,0.8911077300620965,0.8921118954580696,0.8534402538717203,0.7596289573664011,0.5342450790167689,0.4495675764574678,0.29989628692163184,0.9180614060910897
0.056,3.642900766438357,0.8983986754618066,0.9844406497727155,0.9874321024438015,0.9772981728506217,0.9266085434489548,0.916926342096002,0.9145635458661754,0.9089977254479427,0.920263073080981,0.8957039172773025,0.8967242025017217,0.858863753618094,0.7662344515708899,0.5409573409855722,0.45577092135336716,0.3046293599111597,0.9212727349698474
0.057,3.6984531143467128,0.9026797778107785,0.9855249549979638,0.9883305771379532,0.978753341956586,0.9300977063357063,0.9207616738661162,0.9184374386014931,0.9130169703455818,0.9239649530468789,0.9000673411833016,0.9011004884171192,0.8640409491220268,0.7726023750641693,0.5475171569480692,0.46185348330225495,0.3092911191953719,0.9243109967259012
0.058,3.7537215490630325,0.9067454995700341,0.9865256066743517,0.9891583097620114,0.9801038903047693,0.9333917760617282,0.9243877044369577,0.922103567464326,0.9168254182115568,0.9274645126987922,0.9042119393387307,0.9052549852249765,0.8689852961572522,0.7787435601790393,0.5539296369533904,0.4678189729281127,0.3138835143165357,0.927187572553431
0.059,3.808708241546304,0.9106085994957852,0.9874497535618403,0.9899214460342215,0.9813582557629802,0.9365034605092325,0.9278177613142151,0.9255749499161647,0.9204360311662707,0.9307746244236819,0.9081506784207622,0.9092009309541875,0.8737093849882938,0.7846682335424177,0.5601996521208241,0.4736709335560817,0.31840841093469885,0.9299129628394527
0.06,3.8634153406779665,0.9142809591382163,0.9883038668851981,0.990625540856307,0.9825241126239584,0.9394445137563168,0.9310641959803994,0.9288636633361559,0.9238608496483083,0.9339072186223664,0.9118956312682648,0.9129506483165479,0.8782250041362137,0.7903860558113954,0.5663318488890228,0.47941275104117953,0.32286759551743816,0.9324968656020468
0.061,3.917844973541843,0.9177736515741153,0.9890938115602483,0.9912756212930482,0.9836084489874243,0.9422258173535893,0.9341384646166702,0.9319809219386289,0.9271110668647761,0.9368733617709549,0.9154580471387169,0.9165156165121813,0.8825431989466834,0.795906158516468,0.5723306622766275,0.48504766292341117,0.3272627797353598,0.9349482470388303
0.062,3.9719992456998314,0.921097004137755,0.9898249091336547,0.991876242111161,0.9846176354048233,0.9448574538817355,0.9370512014502876,0.9349371467091723,0.930197096557615,0.9396833272967574,0.9188484158216943,0.9199065368050324,0.886674325408096,0.8012371782279375,0.5782003282274177,0.49057876695827196,0.331595604581187,0.9372754050674098
0.063,4.0258802414634145,0.9242606557187958,0.9905019934978716,0.992431534848292,0.9855574858772204,0.9473487735898755,0.9398122854522845,0.9377420290447971,0.9331286347357335,0.942346659986813,0.9220765261890801,0.9231333924475301,0.8906280996297444,0.8063872882476634,0.5839448951080439,0.4960090290683604,0.3358676442296674,0.9394860266316583
0.064,4.079490024161075,0.9272736091394143,0.991129460294147,0.9929452512439282,0.986433312147799,0.9497084548263357,0.9424309010360373,0.9404045887131873,0.9359147159566136,0.9448722345714032,0.925151519705272,0.9262055034784137,0.8944136433548613,0.811364228014606,0.5895682344215576,0.5013412907586449,0.34008040965479247,0.9415872394540666
0.065,4.132830636401674,0.9301442790718917,0.9917113107903363,0.9934208017466735,0.9872499721034991,0.9519445588952614,0.9449155933408704,0.9429332266827313,0.9385637646815475,0.9472683090572398,0.9280819393691842,0.9291315768675121,0.8980395258506318,0.816175330399228,0.5950740507952929,0.50657827603487,0.3442353520200183,0.9435856588330326
0.066,4.18590410033389,0.9328805359120483,0.9922511909130646,0.9938612897130455,0.9880119129919568,0.9540645799032191,0.9472743186250372,0.9453357733183032,0.9410836421752847,0.9495425733246465,0.9308757745133663,0.931919752435683,0.9015138024871286,0.8208275470489699,0.6004658912972851,0.5117225978617113,0.34833386585634407,0.9454874300131116
0.067,4.238712417901749,0.9354897459827003,0.9927524260224192,0.994269541828665,0.9887232100671837,0.9560754900985745,0.9495144902387995,0.9476195323869824,0.9434816893730249,0.9517021934492184,0.9335405018436702,0.9345776449368242,0.9048440502893975,0.8253274719347973,0.605747154131295,0.516776764194546,0.35237729204226764,0.9472982665944962
0.068,4.291257571096346,0.9379788084043013,0.9932180519393157,0.9946481352110176,0.9893876011979145,0.9579837811520577,0.9516430206002569,0.9497913212724648,0.9457647660948257,0.9537538521604589,0.9360831230651748,0.9371123826515285,0.9080374007215266,0.8296813632373019,0.6109210967566432,0.5217431836161668,0.3563669205987745,0.949023485394057
0.069,4.343541522203812,0.9403541889367149,0.9936508426688968,0.9949994215918113,0.9900085179042284,0.9597955017787615,0.9536663595535547,0.9518575077563065,0.9479392869491422,0.9557037858071326,0.9385101994061588,0.9395306428082401,0.9111005699383301,0.833895163700042,0.6159908434755013,0.5266241706073647,0.36030399331173024,0.95066803812311
0.07,4.3955662140495875,0.9426219510662441,0.9940533352060119,0.9953255489246717,0.9905891132292222,0.9615162920591089,0.9555905294505841,0.953824043687815,0.9500112542328654,0.9575578181609451,0.94082788332141,0.9418386841173518,0.9140398867191202,0.8379745195677358,0.6209593925269383,0.531421950478101,0.3641897061932179,0.9522365402057702
0.071,4.447333570239076,0.9447877845852931,0.9944278517595688,0.9956284807191051,0.9911322868017602,0.9631514147784662,0.9574211572628342,0.9556964958319508,0.9519862881045057,0.9593213913561978,0.9430419476287649,0.9440423766762833,0.9168613182787809,0.8419247982175855,0.625829622723957,0.5361386639839256,0.3680252117926306,0.9537332970255207
0.072,4.498845495394737,0.9468570318880248,0.9947765196901046,0.9959100133631797,0.9916407074024558,0.964705784071462,0.9591635039992326,0.957480074155572,0.9538696542796617,0.9609995942327503,0.9451578123081492,0.9461472294788726,0.9195704941338404,0.8457511045833369,0.6306042996669146,0.5407763716503877,0.3718116213675906,0.9551623278557887
0.073,4.550103875389664,0.948834712183832,0.9951012894182897,0.9961717916642417,0.9921168333070343,0.9661839916272476,0.9608224916782382,0.9591796577864049,0.9556662894732968,0.9625971883226021,0.9471805691702783,0.9481584157401834,0.9221727281853251,0.8494582964636971,0.6352860815640908,0.5453370578264377,0.3755500069240837,0.9565273877023415
0.074,4.6011105775777414,0.9507255438110863,0.9954039505303901,0.9964153228084066,0.9925629306482657,0.9675903306854137,0.9624027280777728,0.9607998188559104,0.9573808247913046,0.9641186316962788,0.9491150045823101,0.9500807962278015,0.9246730391657368,0.853050998799355,0.6398775246877688,0.5498226344861841,0.3792414031345638,0.9578319872606277
0.075,4.651867451020409,0.9525339648162554,0.9956861462792532,0.9966419889148603,0.9929810900089877,0.9689288180287103,0.963908529464493,0.9623448444164352,0.9590176072540904,0.9655681008636565,0.9509656204198811,0.9519189407726575,0.9270761695843723,0.8565336169960674,0.6443810884919485,0.554234944796874,0.3828868091421548,0.959079411169452
0.076,4.702376326710098,0.9542641519478643,0.9959493866555431,0.9968530583396099,0.9933732414337851,0.970203214157732,0.9653439414841363,0.9638187566044468,0.9605807196172084,0.9669495109046174,0.9527366533989166,0.953677148116178,0.9293866032933222,0.8599103493650454,0.6487991404158046,0.5585757664695947,0.38648719025854095,0.9602727347231426
0.077,4.752639017790414,0.9559200382007359,0.9961950601832157,0.9970496958647507,0.9937411680251195,0.9714170418140492,0.9667127583769528,0.9652253312049774,0.9620739986382177,0.9682665339877042,0.9544320929261642,0.9553594642359301,0.9316085817856821,0.8631851987461383,0.6531339603950839,0.5628468149079124,0.39004347956256935,0.9614148391873626
0.078,4.802657319773096,0.9575053290333243,0.9964244445751588,0.997232971893173,0.9940865182706788,0.9725736030016084,0.9680185406663679,0.9665681147574777,0.9635010519246875,0.9695226164195441,0.9560556975944243,0.9569696992787519,0.9337461193277292,0.8663619833740741,0.6573877451019539,0.5670497461685109,0.3935565794061311,0.9625084258486771
0.079,4.852433010751819,0.9590235173695828,0.9966387163691529,0.9974038707545673,0.994410817232066,0.9736759946413606,0.9692646314547773,0.9678504403298784,0.9648652734854987,0.9707209943540175,0.9576110104367563,0.9585114432184668,0.9358030170179307,0.8694443470431836,0.6615626119321908,0.5711861597468043,0.3970273628333967,0.9635560289146011
0.08,4.901967851612903,0.9604778974865806,0.9968389596505248,0.9975632982163135,0.994715476710347,0.9747271229808068,0.970454171447609,0.9690754420756403,0.9661698580961096,0.9718647082777867,0.9591013730434169,0.9599880803445752,0.9377828758575909,0.8724357686216258,0.6656606027571759,0.5752576011995245,0.4004566749190719,0.9645600273690256
0.081,4.951263586242961,0.9618715778798528,0.9970261739557963,0.9977120882821127,0.9950018044911658,0.9757297168682894,0.9715901128153133,0.9702460686777701,0.9674178145781265,0.9729566163777117,0.9605299386358038,0.9614028026786394,0.939689108910633,0.8753395709620824,0.6696836874568102,0.5792655646153686,0.40384533403093603,0.9655226558773407
0.082,5.000321941733548,0.9632074931901543,0.9972012814410419,0.9978510093518277,0.9952710127608586,0.9766863399912403,0.9726752319926387,0.9713650957740797,0.9686119780842403,0.9739994068857353,0.9618996841831198,0.9627586224063569,0.9415249526233627,0.878158929252178,0.6736337672482391,0.5832114949439526,0.4071941330215513,0.9664460148262088
0.083,5.049144628582867,0.9644884152677774,0.997365133389374,0.9979807698077603,0.9955242257750749,0.977599402168099,0.9737121415052888,0.9724351374492327,0.9697550214712258,0.9749956094878772,0.9632134216397585,0.9640583834054273,0.9432934773690353,0.8808968788444812,0.6775126778241537,0.5870967901925654,0.4105038403537006,0.967332079574555
0.084,5.097733340894569,0.965716963443818,0.9975185161237904,0.9981020230853572,0.9957624868526602,0.9784711697750902,0.9747033009057153,0.9734586568712639,0.9708494658361716,0.9759476058759441,0.9644738083744442,0.9653047719422,0.9449975972765599,0.8835563226028277,0.6813221923133981,0.5909228034994918,0.4137752011637721,0.9681827089848764
0.085,5.146089756573706,0.9668956140716446,0.997662156384414,0.9982153722799711,0.9959867647598167,0.9793037753814131,0.9756510268923012,0.9744379761431815,0.9718976902843155,0.9768576395133314,0.9656833568558592,0.9665003266036397,0.94664007939769,0.8861400377988466,0.685064024075656,0.5946908450920338,0.4170089382670439,0.9689996532972996
0.086,5.194215537519873,0.968026709396286,0.9977967262227982,0.9983213743356963,0.9961979595427248,0.9800992266595318,0.9765575026794229,0.9753752854338781,0.9729019409907379,0.9777278246797853,0.9668444436538038,0.9676474475253244,0.9482235522625241,0.8886506825899575,0.6887398293411302,0.5984021841367679,0.42020575310851616,0.9697845614028425
0.087,5.242112329817605,0.9691124658044356,0.9979228474603522,0.998420543857347,0.996396907860744,0.9808594146310855,0.9774247866797813,0.9762726514468149,0.9738643396126258,0.9785601548541192,0.9679593178097794,0.9687484049709009,0.9497505138690026,0.8910908021076944,0.6923512097052993,0.6020580504890067,0.4233663266627101,0.9705389875669849
0.088,5.28978176392405,0.9701549815032312,0.998041095752972,0.9985133565822751,0.9965843878669446,0.9815861213033938,0.9782548205548898,0.9771320252797513,0.9747868911038252,0.9793565104885964,0.969030108626221,0.9698053473136509,0.9512233391483412,0.8934628341830224,0.6958997144881289,0.6056596363479466,0.426491320285605,0.971264397649866
0.089,5.337225454853986,0.9711562436718469,0.9981520042995615,0.9986002525448568,0.996761123677945,0.9822810267465322,0.9790494366846352,0.9779552497240868,0.9756714909788758,0.9801186662239005,0.97005883291938,0.970820308466472,0.9526442869449105,0.8957691147332768,0.6993868429664004,0.6092080978235028,0.4295813765216683,0.9719621748651188
0.09,5.384445002362204,0.9721181351262005,0.9982560672282261,0.998681638963048,0.9969277894707909,0.9829457156564518,0.979810365102336,0.9787440660481334,0.9765199320696253,0.9808482975893095,0.9710474017770253,0.9717952148026497,0.9540155065459563,0.898011882833509,0.7028140464872192,0.6127045564204092,0.43263711986873743,0.9726336251154833
0.091,5.4314419911233305,0.9730424405336904,0.9983537426904484,0.9987578928733662,0.9970850132408325,0.9835816834455584,0.9805392399376593,0.9795001203047957,0.9773339108138189,0.9815469872287783,0.9719976268586511,0.9727318916062204,0.9553390437937075,0.9001932854933147,0.7061827304701729,0.6161501004447599,0.43565915750331696,0.973279981939865
0.092,5.478217990909091,0.9739308522117911,0.9984454556904795,0.9988293635379614,0.997233380251193,0.9841903418984911,0.9812376054060793,0.9802249692006446,0.9781150331116916,0.9822162306901056,0.9729112262727206,0.9736320690874771,0.9566168468098197,0.9023153821586521,0.7094942563050839,0.61954578633781,0.4386480799686897,0.9739024111033773
0.093,5.524774556763096,0.974784975541538,0.9985316006744308,0.9988963746450267,0.9973734362014107,0.9847730244275382,0.9819069213802248,0.9809200855602148,0.9788648197835442,0.9828574418111587,0.9737898300626062,0.9744973879962202,0.9578507713597322,0.9043801489567205,0.7127499431518053,0.622892639941503,0.44160446182806745,0.9745020148590756
0.094,5.571113229173167,0.9756063340243837,0.9986125439011065,0.9989592263216718,0.9975056901401609,0.9853309909591189,0.9825485685754498,0.981586863416494,0.9795847116585159,0.9834719577342323,0.974634985330272,0.9753294048626668,0.9590425858823459,0.9063894827006447,0.7159510696480651,0.6261916576998977,0.4445288622848753,0.9750798359075504
0.095,5.617235534241245,0.9763963740085845,0.9986886256144347,0.9990181969764645,0.9976306171445541,0.9858654324800548,0.98316385337921,0.9822266227559635,0.9802760743222462,0.984061043576982,0.9754481610243712,0.9761295968934872,0.9601939762084509,0.9083452046694933,0.7190988755309349,0.6294438078003624,0.4474218257721031,0.9756368610782445
0.096,5.663142983850932,0.9771564691091645,0.998760162035406,0.9990735449871535,0.9977486607863653,0.9863774752698942,0.9837540123513475,0.9828406139441914,0.9809402025488353,0.9846258967859893,0.9762307524172609,0.9768993665482089,0.961306549989513,0.9102490641780367,0.7221945631771227,0.6326500312581518,0.450283882512552,0.9761740247542865
0.097,5.708837075832688,0.9778879243435755,0.9988274471896843,0.999125510247556,0.997860235403612,0.9868681848433205,0.9843202164201204,0.9834300218558254,0.9815783244404261,0.9851676511968398,0.9769840852934712,0.9776400458191957,0.9623818408567744,0.9121027419496155,0.7252392990669303,0.6358112429477245,0.4531155490516653,0.9766922120607393
0.098,5.75431929412674,0.9785919800034064,0.9988907545854954,0.9991743155862426,0.9979657281941805,0.9873385696246577,0.9848635747967577,0.9839959697308795,0.9821916052958364,0.985687380822623,0.9777094198703554,0.9783529002365552,0.9634213123290944,0.9139078533045438,0.7282342151763832,0.6389283325839437,0.45591732876452995,0.9771922618344713
0.099,5.799591108943716,0.9792698152808988,0.9989503387549996,0.9992201680684265,0.9980655011466344,0.9877895843746448,0.9853851386294487,0.9845395227774238,0.98278115122794,0.9861861033909692,0.978407954470014,0.9790391326176361,0.964426361486571,0.9156659511755897,0.7311804103017436,0.6420021656560789,0.45868971233853917,0.9776749693923075
0.1,5.844653976923078,0.9799225516675455,0.999006436671102,0.9992632601913788,0.9981598928219517,0.9882221333879835,0.985885904415972,0.9850616915391642,0.9833480125479218,0.9866647836480982,0.9790808289600779,0.9796998865792286,0.965398322425693,0.9173785289612657,0.7340789513203266,0.6450335843173478,0.46143317823309393,0.9781410891127189
0.101,5.889509341289332,0.9805512561407135,0.999059269050525,0.9993037709827075,0.9982492199986726,0.9886370734786418,0.9863668171926149,0.9855634350449184,0.9838931869330879,0.9871243364468656,0.9797291279795662,0.9803362498291676,0.9663384695106085,0.9190470232269188,0.7369308743912875,0.6480234082325405,0.46414819311765243,0.9785913368450321
0.102,5.934158632006126,0.9811569441530013,0.9991090415529607,0.9993418670099622,0.9983337791928119,0.9890352167685135,0.9868287735156162,0.9860456637556403,0.9844176223936026,0.987565629634434,0.9803538839647796,0.9809492572527443,0.9672480204340107,0.9206728162629145,0.739737186099799,0.6509724353861099,0.46683521228932934,0.979026392158992
0.103,5.97860326592819,0.9817405824379134,0.9991559458852041,0.9993777033092337,0.9984138480628632,0.9894173332937746,0.9872726242500757,0.9865092423234131,0.9849222200523192,0.9879894867539507,0.9809560799890369,0.981539893808147,0.9681281391001519,0.9222572385085764,0.7424988645478192,0.6538814428529642,0.4694946800711999,0.9794469004464504
0.104,6.02284464695122,0.9823030916444063,0.9992001608183555,0.9994114242397085,0.9984896867093054,0.9897841534421248,0.9876991771800888,0.9869549921756982,0.9854078367507737,0.9883966895734839,0.9815366524290159,0.9821090972440658,0.9689799383415856,0.9238015708499501,0.7452168603944396,0.6567511875340273,0.47212703019236224,0.979853474886004
0.105,6.066884166159697,0.9828453488119102,0.9992418531254349,0.9994431642704944,0.998561538877182,0.990136370233057,0.988109199452786,0.9873836939371011,0.9858752874934037,0.9887879804544288,0.9820964934694886,0.9826577606516024,0.9698044824803962,0.9253070467989154,0.7478920978486092,0.6595824068585352,0.47473268615076414,0.9802466982805224
0.106,6.110723201972686,0.9833681896965681,0.9992811784460899,0.999473048705461,0.9986296330695769,0.9904746414523359,0.9885034198679724,0.9877960896999634,0.9863253477411362,0.989164064570652,0.9826364534573584,0.9831867348617114,0.9706027897439068,0.9267748545606711,0.7505254756168608,0.662375819454881,0.4773120615597348,0.980627124776726
0.107,6.154363120287662,0.9838724109586306,0.9993182820844766,0.9995011943513135,0.9986941835791214,0.9907995916509953,0.9888825310241539,0.9881928851542289,0.9867587555646374,0.9895256119887662,0.9831573431150956,0.9836968306985632,0.9713758345441379,0.9282061389961391,0.753117867808481,0.6651321257917227,0.4798655604790937,0.9809952814752274
0.108,6.197805274622357,0.9843587722202177,0.999353299745847,0.9995277101336489,0.9987553914440574,0.9911118140183597,0.9892471913309148,0.988574751586238,0.9871762136667496,0.9898732596191426,0.983659935622916,0.984188821098448,0.9721245496296405,0.9296020034854152,0.7556701248004366,0.6678520087909556,0.48239357773167213,0.9813516699388091
0.109,6.24105100625471,0.9848279980019818,0.999386358216887,0.9995526976653243,0.9988134453348113,0.9914118721378635,0.9895980268968464,0.9889423277553746,0.9875783912829239,0.9902076130465298,0.9841449685783688,0.9846634431031318,0.9728498281177151,0.930963511697979,0.7581830740641997,0.6705361344140564,0.48489649920601563,0.9816967676060856
0.11,6.284101644360903,0.9852807795465875,0.9994175759944067,0.9995762517710718,0.9988685223765352,0.9917003016337722,0.9899356333015382,0.9892962216568243,0.987965925967808,0.9905292482484864,0.984613145841361,0.9851213997359278,0.9735525254144777,0.9322916892750144,0.7606575209565025,0.6731851522231982,0.48737470214600065,0.9820310291171533
0.111,6.326958506151539,0.9857177765363548,0.9994470638665759,0.9995984609719587,0.9989207889126049,0.9919776117162906,0.990260577259497,0.9896370121780871,0.9883394252755442,0.9908387132092156,0.9850651392720716,0.9855633617681445,0.974233461029707,0.9335875254288397,0.7630942494759143,0.6757996959184722,0.4898285554280487,0.9823548875573245
0.112,6.369622897005989,0.9861396187118848,0.999474925450541,0.9996194079329682,0.9989704012136429,0.9922442866319829,0.9905733981832798,0.989965250656327,0.988699468340785,0.9911365294358322,0.9855015903686698,0.9859899693830214,0.9748934202929439,0.934851974464129,0.7654940229870273,0.6783803838524529,0.49225841982658103,0.982668755624571
0.113,6.41209611060493,0.9865469073980025,0.9995012576899202,0.9996391698766943,0.9990175061362596,0.9925007870259092,0.9908746096525829,0.9902814623431192,0.9890466073669222,0.9914231933835675,0.9859231118112592,0.9864018337437559,0.9755331559768592,0.9360859572253064,0.7678575849139178,0.6809278195232711,0.49466464826832324,0.9829730267258795
0.114,6.454379429061104,0.9869402169429077,0.9995261513153811,0.9996578189658847,0.9990622417353535,0.9927475512214071,0.9911647007955374,0.9905861477826801,0.989381369027559,0.9916991777959481,0.986330288918019,0.9867995384717563,0.9761533898335101,0.9372903624742205,0.7701856594044665,0.683442592047303,0.4970475860760243,0.9832680760073389
0.115,6.496474123048328,0.9873200960760078,0.9995496912712261,0.99967542265733,0.9991047378334957,0.9929849964230122,0.9914441375880042,0.990879784109228,0.989704255786825,0.9919649329655403,0.9867236810190888,0.9871836410408226,0.9767548140487211,0.9384660482019477,0.7724789519670099,0.6859252766124964,0.4994075712021334,0.9835542613223988
0.116,6.538381451928784,0.98768706918953,0.9995719571106654,0.999692044029385,0.9991451165506394,0.9932135198476069,0.9917133640762426,0.9911628262687139,0.9900157471437315,0.9922208879204528,0.9871038227533611,0.9875546740925583,0.9773380926194773,0.9396138428783307,0.7747381500807199,0.6883764349133157,0.5017449344529337,0.9838319241424375
0.117,6.580102663878608,0.9880416375486563,0.9995930233622331,0.9997077420852134,0.9991834927971258,0.9934334997885181,0.9919728035279394,0.9914357081697917,0.9903163008054068,0.9924674515414152,0.9874712252929854,0.9879131466779494,0.9779038626588958,0.9407345466426408,0.7769639237810203,0.6907966155682115,0.5040599997036128,0.984101390413449
0.118,6.621638996011818,0.9883842804345989,0.9996129598695951,0.9997225720336693,0.9992199747327257,0.9936452966169448,0.9922228595162317,0.9916988437685522,0.9906063537937027,0.9927050136139082,0.9878263775000593,0.9882595454297051,0.9784527356330375,0.9418289324385404,0.7791569262212779,0.6931863545204852,0.5063530841047188,0.9843629713623979
0.119,6.662991674502579,0.9887154562247352,0.9996318321068085,0.9997365855495713,0.9992546641942297,0.9938492537247797,0.9924639169410248,0.9919526280912289,0.9908863234893587,0.9929339458195061,0.9881697470196744,0.9885943356696382,0.9789852985335463,0.9428977470963313,0.7813177942119277,0.6955461754233525,0.5086244982804219,0.9846169642565246
0.12,6.704161914705883,0.9890356034136413,0.9996497014709272,0.9997498310149753,0.9992876570939043,0.9940456984126047,0.9926963429916057,0.9921974381987861,0.9911566086176181,0.9931546026702979,0.9885017813132057,0.9889179624550769,0.9795021149898424,0.943941712365291,0.7834471487381356,0.6978765900099777,0.5108745465189872,0.9848636531186523
0.121,6.745150921276597,0.9893451415786041,0.9996666255536875,0.999762353742922,0.9993190437909468,0.9942349427263674,0.9929204880542745,0.9924336340970367,0.9914175901789236,0.9933673223899853,0.9888229086354658,0.9892308515680244,0.9800037263243537,0.9449615258987347,0.7855455954570248,0.7001780984491977,0.5131035269558271,0.9851033094013265
0.122,6.7859598882869685,0.9896444722929576,0.999682658393869,0.9997741961850103,0.9993489094379027,0.9944172842460047,0.9931366865684516,0.9926615595956768,0.9916696323280735,0.9935724277450079,0.9891335389591107,0.9895334104505366,0.980490652554053,0.9459578621942804,0.7876137251754534,0.7024511896876159,0.5153117317494982,0.9853361926224186
0.123,6.826589999342586,0.9899339799903609,0.9996978507117961,0.9997853981240399,0.999377334303859,0.9945930068290489,0.9933452578344878,0.9928815431194028,0.9919130832049899,0.9937702268288112,0.9894340648494498,0.9898260290895566,0.9809633933413532,0.9469313734916486,0.7896521143092528,0.7046963417787135,0.5174994472509689,0.9855625509646393
0.124,6.867042427696793,0.9902140327829356,0.9997122501273249,0.9997959968528627,0.9994043940760832,0.9947623813120423,0.9935465067761768,0.993093898474052,0.9921482757200415,0.9939610138021661,0.9897248622926147,0.9901090808542286,0.9814224288972253,0.9478826906301928,0.7916613253248088,0.7069140221995811,0.5196669541664836,0.9857826218412405
0.125,6.9073183363636375,0.9904849832359879,0.9997259013625571,0.999806027340492,0.9994301601416501,0.994925666172393,0.9937407246607679,0.9932989255705195,0.9923755282966619,0.9941450695922447,0.9900062914798389,0.9903829232885153,0.9818682208392232,0.9488124238682257,0.7936419071638029,0.709104688155848,0.5218145277143196,0.985996632430017
0.126,6.9474188782293185,0.9907471691018613,0.9997388464304178,0.9998155223864323,0.9994546998504804,0.9950831081531234,0.9939281897790878,0.9934969111090091,0.9925951455738287,0.994322662552982,0.9902786975504266,0.9906478988617607,0.98230121300693,0.9497211636660886,0.7955943956518898,0.7112687868753509,0.5239424377757208,0.9862048001775845
0.127,6.987345196162202,0.9910009140153063,0.9997511248101478,0.9998245127641177,0.9994780767611073,0.9952349428527983,0.9941091680882047,0.993688129226017,0.9928074190707952,0.994494049089075,0.990542411295822,0.9909043356796644,0.9827218322371871,0.9506094814348006,0.7975193138920538,0.7134067558910544,0.5260509490402749,0.9864073332757696
0.128,7.027098423121388,0.9912465281525937,0.999762773610677,0.9998330273542712,0.9995003508703846,0.9953813952827625,0.9942839138189037,0.9938728421062787,0.9930126278163119,0.9946594742458235,0.990797749827031,0.9911525481579775,0.9831304891013227,0.9514779302520144,0.7994171726433339,0.7155190233137106,0.528140321145993,0.9866044311118225
0.129,7.06667968226388,0.9914843088564652,0.9997738277227683,0.9998410932689407,0.9995215788282621,0.9955226803936778,0.9944526700500946,0.9940513005617685,0.9932110389444293,0.9948191722668616,0.9910450172075104,0.9913928376610814,0.983527578606458,0.9523270455469138,0.8012884706855804,0.7176060080947182,0.5302108088143266,0.9867962846940479
0.13,7.106090087050361,0.9917145412288719,0.9997843199607547,0.9998487359668977,0.9995418141386677,0.9956590035732172,0.9946156692521316,0.9942237445797045,0.9934029082588375,0.9949733671217038,0.9912845050534987,0.9916254931074725,0.9839134808628456,0.95315734575559,0.803133695170866,0.7196681202796112,0.5322626619803534,0.9869830770543456
0.131,7.145330741349606,0.9919374986933392,0.9997942811946247,0.9998559793610416,0.9995611073474581,0.9957905611166482,0.9947731338008947,0.9943904038413822,0.9935884807675751,0.9951222730048945,0.9915164931036443,0.9918507915440475,0.9842885617190772,0.9539693329483523,0.8049533219621436,0.721705761252599,0.534296125918344,0.9871649836290499
0.132,7.184402739541548,0.9921534435286717,0.9998037404731569,0.9998628459183918,0.9995795062183284,0.9959175406719253,0.9949252764643632,0.9945514982135447,0.9937679911898191,0.9952660948084415,0.9917412497596642,0.9920689986909658,0.9846531733668856,0.9547634934303453,0.8067478159597117,0.7237193239725404,0.5363114413629193,0.9873421726193649
0.133,7.223307166619014,0.9923626273756143,0.9998127251387472,0.9998693567532129,0.9995970558975089,0.9960401216608077,0.9950723008632985,0.9947072382138887,0.9939416644363621,0.9954050285691003,0.9919590325996653,0.9922803694587539,0.9850076549171648,0.9555402983167693,0.8085176314160178,0.7257091932007267,0.5383088446259874,0.987514805332605
0.134,7.262045098288161,0.9925652917179784,0.9998212609345243,0.9998755317137724,0.9996137990680102,0.9961584756774156,0.9952144019075498,0.994857825452201,0.9941097160652811,0.995539261891977,0.9921700888656553,0.9924851484392131,0.9853523329487353,0.9563002040839306,0.8102632122393058,0.7276757457208246,0.5402885677096451,0.987683036505386
0.135,7.300617601067616,0.9927616683396538,0.9998293721043053,0.9998813894631903,0.9996297760941281,0.9962727668655508,0.9953517662094007,0.9950034530485278,0.9942723527142059,0.9956689743518273,0.9923746559266742,0.9926835703715948,0.9856875220312923,0.9570436530972792,0.8119849922865855,0.7296193505513129,0.542250838415221,0.9878470146098082
0.136,7.339025732386364,0.9929519797588399,0.9998370814858983,0.9998869475548087,0.9996450251568659,0.9963831522760224,0.9954845724752813,0.9951443060296902,0.9944297725105119,0.9957943378733348,0.992572961718899,0.9928758605854193,0.9860135252238913,0.9577710741175324,0.8136833956463786,0.7315403691507295,0.5441958804486214,0.9880068821436405
0.137,7.37727054068037,0.9931364396407462,0.9998444105982228,0.9998922225024733,0.9996595823808837,0.9964897822051352,0.9956129918770915,0.9952805617053768,0.9945821654606753,0.9959155170915786,0.9927652251639795,0.993062235421229,0.9863306345502443,0.95848288278592,0.8153588369116743,0.7334391556160307,0.5461239135221416,0.9881627759054202
0.138,7.415353065487977,0.9933152531899402,0.9998513797226836,0.9998972298460925,0.9996734819535411,0.9965928005154311,0.9957371884042985,0.9954123900249691,0.9947297138199553,0.9960326696938178,0.9929516565667986,0.9932429026304879,0.9866391314520294,0.9591794820895329,0.8170117214435026,0.7353160568743471,0.548035153452885,0.9883148272553465
0.139,7.453274337544108,0.9934886175234479,0.9998580079792,0.9999019842128071,0.9996867562365613,0.9966923449396995,0.9958573191979007,0.9955399539161813,0.994872592443496,0.9961459467436565,0.9931324579937723,0.9934180617557681,0.9869392872213459,0.959861262807707,0.8186424456255168,0.7371714128684097,0.5499298122579399,0.9884631623627733
0.14,7.4910353788732404,0.9936567220256471,0.9998643133972638,0.9999064993740845,0.9996994358708019,0.9967885473692142,0.9959735348672845,0.995663409606533,0.9950109691198746,0.9962554929885814,0.9933078236327385,0.9935879044922938,0.9872313634133835,0.96052860394032,0.8202513971099564,0.7390055567359046,0.5518080982464413,0.9886079024410737
0.141,7.528637202881237,0.9938197486859316,0.99987031298237,0.9999107882990232,0.9997115498745908,0.9968815341270891,0.9960859797909328,0.9957829069286083,0.9951450048880601,0.9963614471518056,0.9934779401354261,0.9937526150318511,0.9875156122403116,0.9611818731188388,0.8218389550553425,0.7408188149830008,0.5536702161086511,0.9887491639705779
0.142,7.5660808144460034,0.9939778724200671,0.999876022778141,0.9999148632041348,0.9997231257360454,0.9969714262275958,0.9961947924018886,0.9958985896099988,0.9952748543386878,0.9964639422092971,0.9936429869434317,0.9939123703900096,0.9877922769473412,0.9618214270009068,0.8234054903562421,0.7426115076522868,0.5555163670021772,0.9888870589102683
0.143,7.603367210006999,0.9941312613761067,0.9998814579244404,0.9999187355998478,0.9997341894997714,0.9970583396222297,0.9963001054588205,0.9960105955487725,0.9954006659005037,0.996563105652812,0.9938031365985794,0.9940673407175497,0.9880615921718555,0.9624476116492213,0.8249513658654195,0.7443839484853378,0.5573467486354449,0.9890216948988514
0.144,7.640497377653632,0.9942800772256807,0.999886632711751,0.9999224163339653,0.9997447658483044,0.9971423854332641,0.9964020463034869,0.9961190570752605,0.9955225821127781,0.9966590597397078,0.9939585550384905,0.9942176895969338,0.9883237842864583,0.9630607628954149,0.8264769366086823,0.7461364450801264,0.5591615553485372,0.9891531754458015
0.145,7.677472297212544,0.9944244754414304,0.9998915606320717,0.9999259156322833,0.9997548781786345,0.99722367017549,0.9965007371053449,0.9962241012009065,0.9956407398844448,0.9967519217302622,0.9941094018781373,0.9943635743246134,0.9885790717267383,0.9636612066896123,0.8279825499927093,0.74786929904348,0.5609609781915001,0.9892816001129278
0.146,7.714292940333798,0.9945646055613121,0.9998962544265696,0.9999292431365693,0.9997645486741326,0.9973022959667912,0.9965962950940089,0.9963258498548793,0.9957552707406732,0.9968418041131809,0.9942558306781141,0.9945051461799147,0.9888276653045085,0.9642492594363082,0.8294685460061386,0.7495828061387723,0.5627452050002248,0.9894070646869872
0.147,7.750960270575989,0.9947006114404517,0.9999007261302078,0.9999324079400808,0.9997737983721702,0.9973783607281719,0.9966888327802178,0.9964244201091064,0.9958663010575445,0.9969288148199372,0.9943979892003153,0.9946425506812077,0.9890697685072355,0.9648252283171714,0.8309352574141785,0.7512772564290431,0.5645144204699897,0.9895296613438331
0.148,7.787475243490305,0.9948326314911973,0.9999049871135505,0.999935418620793,0.9997826472277108,0.9974519583738101,0.9967784581659348,0.9965199243923517,0.9959739522854596,0.9970130574285464,0.9945360196516716,0.9947759278300179,0.9893055777843321,0.965389411601354,0.8323830099469934,0.7529529344157094,0.566268806226763,0.9896494788045554
0.149,7.823838806703525,0.994960798911975,0.999909048121937,0.9999382832724917,0.9997911141731266,0.9975231789916829,0.9968652749441629,0.9966124706939179,0.9960783411618718,0.9970946313573452,0.994670058916558,0.9949054123437064,0.9895352828209582,0.9659420989438573,0.8338121224821053,0.7546101191730455,0.5680085408963479,0.9897666024840504
0.15,7.8600519,0.995085241905524,0.9999129193121983,0.9999410095338758,0.9997992171744797,0.9975921090152723,0.9969493826890283,0.996702162757526,0.9961795799139045,0.9971736320493118,0.9948002387784527,0.9950311338773065,0.9897590667999288,0.9664835716724731,0.8352229072210369,0.756249084478584,0.5697338001714538,0.9898811146324221
0.151,7.896115455402616,0.9952060838870503,0.9999166102870807,0.9999436046158059,0.9998069732844925,0.9976588313868323,0.9970308770366497,0.99678910026589,0.9962777764513808,0.9972501511474282,0.9949266861313936,0.9951532172350714,0.9899771066523089,0.9670141030638001,0.8366156698604195,0.7578700989395957,0.5714447568767735,0.9899930944696009
0.152,7.932030397252747,0.9953234436828117,0.9999201301275281,0.9999460753268217,0.999814398692412,0.9977234257126694,0.9971098498572818,0.9968733790164737,0.9963730345507609,0.9973242766615646,0.9950495231817498,0.9952717825722602,0.9901895732972322,0.9675339586088049,0.837990709757772,0.7594734261157905,0.5731415810321407,0.9901026183135401
0.153,7.9677976422892405,0.9954374357196156,0.9999234874229648,0.9999484280970461,0.9998215087709645,0.9977859684108633,0.9971863894191941,0.9969550910888931,0.9964654540304576,0.9973960931273278,0.9951688676407948,0.9953869455876525,0.9903966318714601,0.9680433962683789,0.8393483200921489,0.7610593246383808,0.5748244399138397,0.9902097597023237
0.154,8.003418099726403,0.9955481702056885,0.9999266902997077,0.9999506690005828,0.9998283181205805,0.9978465328518284,0.9972605805447177,0.997034325004396,0.9965551309179719,0.9974656817572995,0.9952848329085429,0.995498817707265,0.9905984419491671,0.9685426667193169,0.8406887880198526,0.7626280483256371,0.5764934981141363,0.9903145895105184
0.155,8.038892671331059,0.995655753303345,0.9999297464476345,0.9999528037765087,0.9998348406110587,0.9979051894920943,0.9973325047588701,0.9971111658778292,0.9966421576092667,0.9975331205850619,0.9953975282492836,0.9956075062597071,0.9907951577524142,0.9690320135911255,0.8420123948253884,0.7641798462950683,0.5781489175990977,0.990417176060054
0.156,8.07422225149864,0.9957602872938662,0.9999326631452168,0.9999548378485531,0.9998410894208282,0.9979620060016614,0.9974022404309442,0.9971856955624815,0.9967266230207728,0.9975984846023833,0.9955070589592271,0.9957131146435964,0.9909869283527473,0.969511673694048,0.8433194160678376,0.7657149630723418,0.5797908577647584,0.9905175852259294
0.157,8.10940772732835,0.9958618707349737,0.9999354472830276,0.9999567763435513,0.9998470770739556,0.998017047385269,0.9974698629094229,0.997257992788166,0.9968086127344008,0.9976618458899212,0.9956135265266491,0.9958157424874263,0.9911738978643344,0.9699818772386753,0.8446101217228179,0.7672336386970657,0.5814194754916995,0.9906158805370067
0.158,8.144449978697423,0.9959605986112604,0.9999381053858207,0.999958624108754,0.9998528154750344,0.9980703760978912,0.9975354446505664,0.9973281332928863,0.9968882091359098,0.9977232737417744,0.9957170287849042,0.9959154858022619,0.9913562056290375,0.9704428480474941,0.8458847763201867,0.7687361088255407,0.583034925198092,0.990712123272147
0.159,8.179349878334463,0.9960565624779285,0.9999406436332736,0.9999603857280656,0.9998583159420873,0.9981220521547609,0.9975990553409942,0.9973961899484136,0.9969654915469662,0.9977828347842,0.9958176600586562,0.9960124371276138,0.991533986393788,0.9708948037587077,0.8471436390776437,0.7702226048305882,0.584637358891262,0.9908063725519242
0.16,8.214108291891893,0.9961498505981558,0.9999430678794795,0.9999620655372824,0.9998635892376004,0.9981721332362035,0.9976607620145671,0.9974622328800807,0.9970405363512082,0.9978405930887949,0.9959155113036555,0.996106685670828,0.9917073704806245,0.9713379560226486,0.8483869640303774,0.7716933538985622,0.5862269262178332,0.9908986854261436
0.161,8.248726078017533,0.9962405480744033,0.9999453836712695,0.9999636676383972,0.9998686455978038,0.9982206747875468,0.9977206291638616,0.997526329581084,0.9971134171146112,0.9978966102804203,0.9960106702403754,0.9961983174403054,0.9918764839497255,0.9717725106910882,0.8496150001568965,0.7731485791236334,0.587803774512491,0.9909891169573803
0.162,8.283204088425304,0.9963287369739567,0.999947596265438,0.9999651959130278,0.9998734947603014,0.9982677301143602,0.9977787188465069,0.9975885450215694,0.997184204700439,0.9979509456401378,0.9961032214818047,0.9962874153728495,0.9920414487557584,0.9721986679997324,0.8508279915011796,0.7745884995994485,0.589368048845418,0.9910777203007316
0.163,8.317543167965079,0.9964144964489763,0.9999497106449421,0.9999666540350287,0.9998781459901535,0.9983133504732572,0.9978350907866441,0.9976489417527601,0.9972529673790438,0.9980036562034057,0.9961932466556755,0.9963740594554303,0.9922023828978465,0.972616622744183,0.8520261772912732,0.776013330508249,0.5909198920684532,0.9911645467799789
0.164,8.35174415469169,0.9964979028513214,0.999951731534138,0.9999680454823371,0.999882608104499,0.9983575851584905,0.9978898024717513,0.9977075800063736,0.9973197709327685,0.998054796853776,0.9962808245213925,0.9964583268416282,0.9923594005634432,0.9730265644496263,0.8532097920544605,0.7774232832075376,0.5924594448600073,0.9912496459603348
0.165,8.385807879933113,0.9965790298423979,0.999953663413117,0.9999693735481024,0.999886889495809,0.9984004815845486,0.9979429092450659,0.9977645177895597,0.9973846787561907,0.9981044204123131,0.9963660310819155,0.9965402919630146,0.9925126122663864,0.9734286775345041,0.8543790657291201,0.7788185653143745,0.5939868457687874,0.9913330657179463
0.166,8.419735168357812,0.9966579484982623,0.9999555105311968,0.9999706413511465,0.9998909981538492,0.9984420853649556,0.9979944643938221,0.9978198109755793,0.9974477519519336,0.9981525777229503,0.9964489396908337,0.9966200266357111,0.9926621249793941,0.9738231414684068,0.8555342237733878,0.7801993807873833,0.595502231256368,0.991414852306313
0.167,8.453526838041306,0.9967347274102105,0.9999572769196196,0.9999718518457947,0.9998949416864301,0.9984824403874636,0.9980445192335105,0.9978735133904338,0.9975090494222565,0.9981993177339826,0.9965296211548593,0.9966976001623544,0.992808042261247,0.9742101309244181,0.85667548727073,0.7815659300065426,0.5970057357386415,0.9914950504197727
0.168,8.487183700531917,0.9968094327810607,0.9999589664035082,0.9999730078311196,0.9998987273390146,0.998521588885818,0.9980931231883537,0.99792567689564,0.9975686279566314,0.9982446875758867,0.9966081438319532,0.9967730794296843,0.9929504643788956,0.974589815926134,0.8578030730325341,0.7829184098508359,0.5984974916261945,0.9915737032541989
0.169,8.520706560915727,0.9968821285173323,0.9999605826131251,0.9999741119596341,0.9999023620132497,0.9985595715082649,0.998140323868187,0.9979763514673393,0.9976265423154932,0.9982887326356484,0.9966845737252881,0.9968465290019618,0.9930894884247142,0.9749623619895634,0.8589171936978172,0.7842570137738307,0.5999776293636412,0.9916508525650416
0.17,8.554096217880796,0.9969528763175138,0.9999621289944778,0.999975166745468,0.999905852284487,0.9985964273829611,0.9981861671419137,0.9980255852719175,0.9976828453103505,0.9983314966277687,0.9967589745732423,0.9969180112104101,0.9932252084291149,0.9753279302601121,0.8600180578301462,0.7855819318772526,0.6014462774679461,0.9917265387228449
0.171,8.58735346378057,0.9970217357565998,0.9999636088193097,0.999976174572061,0.9999092044183491,0.9986321941804385,0.9982306972077064,0.9980734247383026,0.9977375878804257,0.9983730216621072,0.9968314079356072,0.996987586238866,0.9933577154687242,0.9756866776448431,0.8611058700118663,0.7868933509826226,0.6029035625657725,0.991800800766359
0.172,8.62047908469657,0.9970887643670694,0.9999650251945164,0.999977137699402,0.9999124243863964,0.9986669081732686,0.9982739566601084,0.9981199146271001,0.9977908191659908,0.9984133483087206,0.9969019332761836,0.9970553122058152,0.9934870977703169,0.9760387569401962,0.8621808309357235,0.7881914547010169,0.6043496094298892,0.991873676453365
0.173,8.65347386050033,0.9971540177164702,0.99996638107102,0.9999780582708433,0.9999155178809496,0.9987006042930617,0.9983159865541846,0.9981650980967158,0.9978425865785533,0.9984525156598364,0.9969706080419312,0.9971212452429817,0.9936134408106877,0.976384316955342,0.8632431374939679,0.7894764235010089,0.6057845410146603,0.9919452023093185
0.174,8.686338564914587,0.9972175494817641,0.9999676792521361,0.9999789383195162,0.9999184903291124,0.9987333161849302,0.9983568264668642,0.9982090167666102,0.9978929358680408,0.9984905613891017,0.9970374877388302,0.9971854395706259,0.9937368274126399,0.9767235026313393,0.8642929828650219,0.7907484347748538,0.6072084784906542,0.9920154136739182
0.175,8.71907396557377,0.9972794115205814,0.9999689224014635,0.9999797797743715,0.9999213469060426,0.9987650762595397,0.9983965145556083,0.998251710777819,0.9979419111871222,0.9985275218082373,0.9971026260046038,0.9972479475697046,0.9938573378372529,0.9770564551562563,0.8653305565977881,0.792007662902968,0.6086215412783935,0.9920843447456958
0.176,8.751680824083769,0.9973396539395237,0.9999701130503246,0.9999805844658695,0.9999240925475145,0.9987959157428624,0.9984350876145293,0.9982932188508681,0.9979895551528007,0.9985634319212205,0.9971660746784431,0.9973088198510357,0.9939750498725924,0.9773833120764088,0.8663560446936769,0.7932542793167601,0.6100238470812784,0.9921520286247204
0.177,8.784159896080993,0.9973983251596507,0.9999712536047863,0.9999813541313408,0.9999267319618108,0.9988258647237447,0.998472581128083,0.9983335783412064,0.9980359089054038,0.9985983254761123,0.9972278838678702,0.9973681053216029,0.9940900389190109,0.9777042074038644,0.8673696296864254,0.7944884525598598,0.6114155119177047,0.9922184973535053
0.178,8.816511931290743,0.9974554719792755,0.9999723463522836,0.9999820904200364,0.9999292696409857,0.9988549521993898,0.9985090293224477,0.9983728252922717,0.9980810121650899,0.9986322350146424,0.9972881020128682,0.9974258512481294,0.9942023780711848,0.978019271720352,0.8683714907197789,0.7957103483478014,0.6127966501524054,0.992283781956204
0.179,8.848737673584907,0.9975111396341912,0.9999733934678705,0.9999827948978885,0.9999317098715301,0.9988832061188597,0.9985444652146978,0.9984109944862989,0.998124903285986,0.9986651919196565,0.9973467759473993,0.9974821033180452,0.9943121381970258,0.9783286322777124,0.8693618036230998,0.7969201296262001,0.6141673745270358,0.9923479124761702
0.18,8.88083786103896,0.9975653718554423,0.9999743970201215,0.9999834690519981,0.9999340567444764,0.9989106534246843,0.998578920659876,0.9984481194929756,0.9981676193080644,0.9986972264605248,0.9974039509584282,0.9975369056979624,0.9944193880135962,0.9786324130950205,0.8703407409849745,0.7981179566274762,0.6155277961900294,0.9924109180119578
0.181,8.912813225988335,0.99761821092475,0.9999753589767032,0.9999841142948653,0.9999363141649725,0.9989373200926718,0.9986124263960614,0.9984842327160454,0.9982091960068613,0.998728367836609,0.9974596708425608,0.9975903010897721,0.9945241941601559,0.9789307350525006,0.8713084722248762,0.7993039869261658,0.6168780247257433,0.992472826751838
0.182,8.944664495084087,0.9976696977276971,0.9999762812096359,0.9999847319683801,0.9999384858613545,0.9989632311700013,0.9986450120875265,0.9985193654379505,0.998249667941135,0.9987586442188763,0.9975139779604043,0.9976423307844667,0.9946266212684581,0.9792237159823567,0.8722651636629462,0.800478375492861,0.618218168182918,0.9925336660068933
0.183,8.976392389347966,0.9977198718047694,0.9999771655002634,0.999985323347586,0.9999405753937467,0.9989884108116805,0.9986767063660701,0.9985535478626062,0.9982890684985571,0.9987880827897463,0.9975669132887469,0.99769303471379,0.9947267320304096,0.9795114707566294,0.8732109785879529,0.8016412747468229,0.6195483331024665,0.9925934622427591
0.184,9.007997624226805,0.9977687714003481,0.9999780135439487,0.9999858896442312,0.9999425861622151,0.9990128823154427,0.9987075368706113,0.99858680915639,0.998327429939525,0.9988167097812539,0.9976185164706559,0.9977424514998093,0.9948245872632033,0.9797941113721891,0.874146077323483,0.8027928346073048,0.620868624544621,0.9926522411100712
0.185,9.039480909646302,0.9978164335097454,0.9999788269545101,0.9999864320101184,0.9999445214144983,0.9990366681551566,0.9987375302851244,0.9986191774874277,0.9983647834391782,0.9988445505116026,0.9976688258635811,0.997790618502502,0.994920245972028,0.980071747032972,0.8750706172924201,0.8039332025436249,0.6221791461154472,0.992710027473681
0.186,9.070842950064186,0.9978628939243639,0.9999796072684154,0.9999869515402686,0.9999463842533397,0.9990597900128166,0.9987667123749877,0.998650680063253,0.9984011591277023,0.9988716294201846,0.9977178785855535,0.9978375718654429,0.9950137654104533,0.980344484229556,0.8759847530797619,0.8050625236240248,0.623479999992752,0.9927668454406859
0.187,9.102084444522742,0.9979081872750671,0.999980355948745,0.9999874492759064,0.9999481776434426,0.9990822688091812,0.9987951080218226,0.9986813431669138,0.998436586128992,0.998897970101136,0.9977657105595598,0.9978833465596748,0.9951052011385861,0.9806124268161774,0.8768886364938285,0.8061809405633491,0.624771286951397,0.9928227183873396
0.188,9.133206086700767,0.9979523470738333,0.9999810743889406,0.9999879262072783,0.9999499044180693,0.9991041247331175,0.998822741256886,0.9987111921915947,0.9984710925977496,0.9989235953354938,0.9978123565561717,0.9979279764258425,0.9951946070790875,0.9808756760852759,0.8777824166259085,0.8072885937695815,0.6260531063880403,0.9928776689848792
0.189,9.164208564964902,0.9979954057537695,0.999981763916349,0.9999883832763159,0.9999515672853032,0.9991253772697157,0.9988496352930853,0.9987402516738219,0.9985047057550861,0.998948527122018,0.9978578502345056,0.9979714942146631,0.9952820355711381,0.9811343308396604,0.878666239908389,0.8083856213892682,0.6273255563453162,0.9929317192243294
0.19,9.195092562420383,0.9980373947075566,0.9999824257955751,0.99998882137915,0.9999531688339915,0.9991460452272254,0.9988758125556773,0.9987685453253147,0.9985374519226905,0.9989727867067393,0.9979022241815826,0.9980139316258061,0.9953675374224341,0.9813884874623799,0.8795402501714185,0.8094721593518636,0.6285887335354756,0.9929848904403182
0.191,9.225858756961221,0.9980783443243894,0.9999830612316534,0.9999892413684868,0.9999547115393876,0.9991661467628695,0.998901294711706,0.9987960960635411,0.998569356555631,0.9989963946112888,0.9979455099501593,0.9980553193452512,0.9954511619592916,0.9816382399843802,0.8804045886981413,0.8105483414130265,0.629842733363499,0.9930372033339565
0.192,9.256507821319799,0.9981182840254796,0.999983671373049,0.9999896440558529,0.9999561977685074,0.999185699407586,0.9989261026982414,0.9988229260410384,0.9986004442738469,0.9990193706600646,0.9979877380950913,0.9980956870811873,0.9955329570749378,0.9818836801500258,0.8812593942785505,0.8116142991968971,0.6310876499496967,0.9930886779948138
0.193,9.287040423115897,0.9981572422981809,0.9999842573144981,0.9999900302137169,0.9999576297852164,0.9992047200897447,0.9989502567494674,0.9988490566735485,0.9986307388923884,0.9990417340062877,0.9980289382082944,0.9981350635985178,0.9956129692760586,0.9821248974805631,0.8821048032619954,0.8126701622373858,0.6323235761518109,0.9931393339220371
0.194,9.317457224905185,0.9981952467287935,0.9999848200996967,0.9999904005774958,0.9999590097550607,0.9992232251578871,0.9989737764226724,0.9988745086670243,0.9986602634504578,0.9990635031569943,0.9980691389523603,0.9981734767520274,0.9956912437276724,0.9823619793355955,0.8829409496083876,0.813716058018498,0.6335506035866358,0.9931891900446477
0.195,9.347758884227131,0.9982323240341053,0.9999853607238458,0.9999907558474508,0.9999603397498571,0.9992412304025307,0.9989966806231901,0.9988993020435537,0.9986890402393047,0.9990846959970147,0.9981083680928844,0.9982109535182706,0.9957678242963981,0.982595010972643,0.8837679649381396,0.8147521120137237,0.6347688226511654,0.9932382647410463
0.196,9.377946053652394,0.9982685000917236,0.999985880136062,0.9999910966904815,0.999961621752054,0.9992587510770802,0.9990189876283363,0.9989234561662487,0.9987170908290243,0.9991053298119805,0.9981466525295596,0.9982475200262335,0.9958427535921776,0.9828240756048489,0.884585978580874,0.8157784477245198,0.6359783225432842,0.9932865758577684
0.197,9.408019380829668,0.9983037999692442,0.999986379241661,0.9999914237418215,0.9999628576588749,0.9992758019178866,0.9990407151103862,0.9989469897631458,0.9987444360943042,0.9991254213104049,0.9981840183260863,0.9982832015868209,0.9959160730085149,0.983049254456903,0.8853951176229403,0.8167951867179053,0.6371791912820142,0.9933341407275174
0.198,9.437979508531996,0.9983382479523102,0.9999868589043194,0.9999917376066441,0.9999640492862576,0.9992923971634894,0.9990618801586332,0.9989699209501588,0.9987710962391667,0.9991449866448747,0.9982204907389494,0.9983180227212177,0.9959878227612909,0.9832706268192393,0.8861955069537711,0.8178024486631996,0.6383715157273246,0.9933809761865057
0.199,9.467827074702567,0.9983718675716052,0.9999873199481244,0.9999920388615798,0.9999651983725983,0.9993085505730794,0.99908249930057,0.9989922672531252,0.998797090820748,0.9991640414323941,0.9982560942451075,0.998352007188172,0.9960580419262067,0.9834882701005685,0.8869872693111119,0.8188003513679216,0.6395553815995271,0.9934270985911369
0.2,9.4975627125,0.9984046816288246,0.9999877631595155,0.999992328056154,0.9999663065823114,0.9993242754442165,0.999102588522229,0.9990140456289855,0.9988224387721543,0.9991826007739174,0.998290852568641,0.9983851780102434,0.9961267684749107,0.9837022598788044,0.887770525325157,0.8197890108128768,0.6407308734982538,0.9934725238340527
0.201,9.527187050343107,0.9984367122216663,0.9999881892891249,0.9999926057141469,0.9999673755092152,0.9993395846298336,0.9991221632877183,0.9990352724861326,0.9988471584244363,0.9992006792731035,0.9983247887063988,0.9984175574990609,0.9961940393098593,0.9839126699504368,0.888545393561621,0.8207685411864527,0.6418980749210398,0.9935172673595734
0.202,9.556700711955168,0.9984679807678849,0.9999885990535221,0.9999928723348815,0.9999684066797515,0.999354490554559,0.9991412385579889,0.9990559637039648,0.9988712675277157,0.9992182910543285,0.9983579249526889,0.9984491672796294,0.9962598902979606,0.9841195723784042,0.8893119905637774,0.8217390549181433,0.6430570682815175,0.9935613441785583
0.203,9.586104316407708,0.9984985080284421,0.9999889931368684,0.9999931283944425,0.9999694015560483,0.9993690052303871,0.9991598288088639,0.9990761346516792,0.9988947832715023,0.9992354497799861,0.9983902829230469,0.9984800283137247,0.9963243563030469,0.9843230375385189,0.8900704308934921,0.8227006627113236,0.6442079349272306,0.993604768882707
0.204,9.61539847816377,0.9985283141297946,0.9999893721924856,0.9999933743468318,0.9999703615388345,0.9993831402717234,0.9991779480483642,0.999095800206335,0.9989177223042334,0.9992521686671076,0.9984218835771238,0.9985101609224155,0.9963874712172223,0.984523134164492,0.890820827171281,0.8236534735752957,0.6453507551570792,0.9936475556583282
0.205,9.644583807120743,0.9985574185853532,0.9999897368443439,0.9999936106250613,0.9999712879702121,0.9993969069098343,0.9991956098333566,0.9991149747702183,0.9989401007520681,0.9992684605033298,0.9984527472407273,0.9985395848077444,0.996449267991125,0.9847199293916048,0.8915632901154164,0.8245975948566228,0.6464856082384086,0.9936897182995974
0.206,9.673660908652657,0.9985858403161455,0.9999900876884734,0.9999938376421906,0.9999721821362962,0.9994103160067235,0.9992128272855568,0.9991336722875379,0.9989619342369692,0.9992843376622388,0.9984828936270495,0.9985683190736062,0.9965097786631503,0.9849134887990739,0.8922979285801116,0.8255331322697725,0.6476125724237449,0.9937312702213214
0.207,9.702630383652066,0.9986135976707161,0.9999904252943037,0.9999940557923077,0.9999730452697265,0.9994233780684624,0.9992296131069116,0.9991519062604806,0.9989832378940992,0.9992998121181157,0.9985123418571153,0.998596382245853,0.9965690343876689,0.9851038764511527,0.8930248495928071,0.8264601899270863,0.6487317249671922,0.9937722244712336
0.208,9.731492828571428,0.998640708444294,0.9999907502059346,0.9999942654514606,0.9999738785520597,0.9994361032579961,0.9992459795943885,0.9991696897646506,0.99900402638856,0.9993148954601109,0.9985411104794837,0.998623792291659,0.9966270654622811,0.9852911549370108,0.8937441583905832,0.827378870368093,0.6498431421404972,0.9938125937418397
0.209,9.760248835464044,0.998667189897256,0.9999910629433427,0.9999944669785388,0.999974683116046,0.9994485014074483,0.999261938654196,0.9991870354639218,0.9990243139315049,0.9993295989058683,0.9985692174892268,0.9986505666381725,0.9966839013541422,0.9854753854094326,0.8944559584557226,0.8282892745881832,0.6509468992487881,0.9938523903818253
0.21,9.78889899202454,0.9986930587729165,0.9999913640035262,0.9999946607161098,0.999975460047799,0.9994605820299458,0.9992775018154587,0.9992039556247237,0.9990441142956451,0.9993439333146253,0.9985966803462225,0.9986767221904874,0.996739570725394,0.9856566276223743,0.895160351550447,0.8291915020666617,0.6520430706460008,0.9938916264070552
0.211,9.817443881628904,0.9987183313146669,0.9999916538615925,0.9999948469912125,0.9999762103888608,0.9994723543309824,0.9992926802433706,0.9992204621297877,0.9990634408301773,0.9993579091998092,0.9986235159927819,0.9987022753489564,0.996794101457735,0.9858349399674157,0.8958574377508505,0.8300856507941923,0.6531317297499952,0.9939303135111669
0.212,9.845884083374083,0.9987430232824946,0.9999919329717909,0.9999950261161092,0.9999769351381704,0.9994838272193433,0.9993074847518473,0.9992365664913723,0.999082306475157,0.99937153674115,0.9986497408706402,0.9987272420258767,0.9968475206761626,0.9860103795091445,0.8965473154800474,0.8309718172996536,0.6542129490573726,0.9939684630757868
0.213,9.874220172117145,0.9987671499689018,0.9999922017684931,0.9999951983889983,0.9999776352539387,0.9994950093176064,0.999321925815698,0.9992522798639931,0.9991007237753368,0.999384825796332,0.9986753709373373,0.9987516376615699,0.9968998547719168,0.9861830020195073,0.897230081540561,0.8318500966764175,0.6552868001579997,0.9940060861803749
0.214,9.902452718514008,0.9987907262142518,0.9999924606671247,0.999995364094692,0.9999783116554355,0.9995059089722393,0.9993360135823379,0.999267613056673,0.9991187048934943,0.9993977859122014,0.9987004216820087,0.9987754772398818,0.9969511294246554,0.9863528620111602,0.8979058311459711,0.8327205826080664,0.6563533537492472,0.9940431936117211
0.215,9.93058228905775,0.9988137664215619,0.9999927100650504,0.9999955235052584,0.9999789652246925,0.9995165342633087,0.9993497578830581,0.9992825765447356,0.9991362616232686,0.9994104263355481,0.9987249081406135,0.9987987753031231,0.9970013696238885,0.9865200127698533,0.898574657951837,0.8335833673935642,0.6574126796499509,0.9940797958730997
0.216,9.958609446116505,0.998836284570767,0.9999929503424155,0.9999956768806303,0.9999795968081271,0.9995268930138181,0.9993631682438733,0.999297180481159,0.9991534054015243,0.9994227560234812,0.9987488449106188,0.9988215459664754,0.9970505996896999,0.9866845063858781,0.8992366540859218,0.834438541971894,0.6584648468140998,0.9941159031930984
0.217,9.986534747970927,0.9988582942324729,0.9999931818629448,0.9999958244691843,0.9999802072180896,0.9995369927986896,0.9993762538959617,0.9993114347075073,0.9991701473202642,0.9994347836534121,0.9987722461651617,0.9988438029318809,0.997098843292781,0.9868463937846099,0.899891910177729,0.8352861959461745,0.6595099233442592,0.9941515255341388
0.218,10.014358748851269,0.99887980858122,0.9999934049747023,0.9999959665082899,0.9999807972343397,0.9995468409534035,0.9993890237857174,0.9993253487644576,0.9991864981381061,0.9994465176326639,0.9987951256667112,0.9988655595014377,0.9971461234738024,0.9870057247561729,0.9005405153873751,0.8361264176072704,0.6605479765047365,0.9941866726006904
0.219,10.04208199897405,0.9989008404082764,0.9999936200108146,0.9999961032248311,0.9999813676054539,0.9995564445823113,0.9994014865844266,0.9993389319019395,0.9992024682913431,0.9994579661077195,0.9988174967802473,0.9988868285903184,0.9971924626621476,0.9871625479842573,0.9011825574338135,0.8369592939569087,0.6615790727344919,0.9942213538472033
0.22,10.069705044578313,0.9989214021339782,0.9999938272901565,0.9999962348357009,0.9999819190501672,0.9995658105666338,0.9994136506975869,0.9993521930888998,0.9992180679046017,0.9994691369731262,0.9988393724859758,0.9989076227392323,0.9972378826940305,0.9873169110741137,0.9018181226224249,0.8377849107303118,0.6626032776598044,0.9942555784857587
0.221,10.097228427961515,0.9989415058196335,0.9999940271180056,0.9999963615482724,0.9999824522586552,0.9995749455721585,0.9994255242738806,0.9993651410227107,0.9992333068011158,0.9994800378800675,0.9988607653915981,0.9989279541264463,0.9972824048300205,0.9874688605797526,0.9024472958719929,0.8386033524183599,0.6636206561066966,0.9942893554934533
0.222,10.124652687515006,0.9989611631790103,0.9999942197866625,0.9999964835608454,0.999982967893755,0.9995838560566481,0.999437115213819,0.9993777841382334,0.99924819451263,0.9994906762446176,0.9988816877441515,0.998947834579384,0.9973260497719959,0.9876184420303735,0.9030701607410812,0.8394147022892967,0.6646312721131244,0.9943226936195312
0.223,10.151978357759138,0.9989803855894187,0.999994405576043,0.9999966010630708,0.9999834665921314,0.9995925482769707,0.9994484311780671,0.9993901306165517,0.999262740288947,0.9995010592556913,0.9989021514414377,0.9989672755858174,0.997368837679545,0.9877656999560473,0.9036867994538239,0.8402190424099839,0.6656351889409365,0.9943556013922653
0.224,10.17920596937799,0.9989991841024088,0.99999458475424,0.999996714236354,0.9999839489653901,0.9996010282959659,0.9994594795954662,0.9994021883933879,0.9992769531071337,0.9995111938826999,0.9989221680430528,0.9989862883046677,0.9974107881858362,0.9879106779126766,0.9042972929251493,0.8410164536667217,0.6666324690876095,0.9943880871256039
0.225,10.206336049253732,0.9990175694540939,0.9999947575780584,0.9999968232542383,0.9999844156011395,0.9996093019890535,0.9994702676707612,0.9994139651672153,0.9992908416803985,0.9995210868829266,0.9989417487810373,0.999004883576429,0.9974519204129748,0.9880534185062556,0.9049017207854461,0.8418070157856417,0.6676231742977654,0.9944201589255914
0.226,10.233369120500596,0.9990355520751164,0.9999949242935259,0.9999969282827698,0.9999848670640049,0.9996173750505989,0.9994808023920487,0.9994254684070764,0.9993044144666531,0.9995307448086315,0.9989609045701571,0.9990230719332305,0.9974922529868656,0.9881939634164516,0.9055001614046916,0.8425908073526842,0.6686073655744738,0.9944518246965653
0.227,10.260305702498513,0.9990531421002686,0.9999950851363761,0.9999970294808428,0.9999853038965968,0.9996252530000416,0.9994910905379539,0.9994367053601206,0.9993176796767698,0.999540174013897,0.9989796460178313,0.99904086360855,0.9975318040515975,0.9883323534195301,0.9060926919160506,0.843367905833169,0.6695851031903445,0.9944830921471471
0.228,10.287146310926367,0.9990703493777816,0.9999952403325117,0.9999971270005306,0.9999857266204356,0.9996329411877998,0.9995011386845488,0.9994476830588722,0.9993306452825481,0.9995493806612252,0.9989979834337195,0.9990582685465925,0.9975705912833682,0.9884686284106422,0.9066793882389619,0.8441383875909693,0.6705564466984171,0.9945139687960266
0.229,10.313891457794902,0.9990871834782945,0.9999953900984433,0.9999972209873976,0.9999861357368343,0.9996404448009565,0.9995109532120202,0.9994584083282367,0.9993433190243999,0.9995583707278941,0.9990159268389811,0.9990752964113452,0.9976086319039642,0.9886028274254955,0.9072603251017227,0.8449023279072995,0.6715214549428499,0.9945444619775545
0.23,10.34054165147929,0.9991036537035165,0.9999955346417085,0.9999973115807984,0.9999865317277422,0.9996477688687379,0.9995205403110994,0.9994688877922596,0.9993557084187642,0.9995671500120853,0.9990334859752195,0.9990919565953225,0.9976459426938121,0.9887349886614268,0.9078355760635861,0.8456598009991252,0.6724801860694138,0.9945745788471445
0.231,10.36709739675133,0.9991197690945924,0.9999956741612704,0.9999973989141604,0.999986915056551,0.9996549182677924,0.9995299059892605,0.9994791278806434,0.9993678207652633,0.9995757241387907,0.999050670313121,0.999108258228012,0.9976825400046164,0.9888651494978948,0.9084052135363809,0.846410880037203,0.6734326975357947,0.9946043263864969
0.232,10.39355919481132,0.9991355384401837,0.9999958088478978,0.999997483115254,0.999987286168864,0.9996618977272769,0.999539056076698,0.9994891348350344,0.9993796631536083,0.9995840985655061,0.9990674890608032,0.9991242101840321,0.9977184397715969,0.9889933465164109,0.9089693088056685,0.8471556371637611,0.6743790461217103,0.9946337114086443
0.233,10.4199275433196,0.9991509702842746,0.999995938884527,0.9999975643064493,0.9999876454932327,0.999668711833758,0.999547996232092,0.999498914715088,0.9993912424702639,0.9995922785877215,0.9990839511718796,0.9991398210910124,0.9977536575253412,0.9891196155199251,0.9095279320514451,0.8478941435098276,0.6753192879388439,0.9946627405628349
0.234,10.446202936427733,0.9991660729337138,0.9999960644466065,0.9999976426049599,0.9999879934418596,0.9996753650359378,0.9995567319481674,0.9995084734043191,0.9994025654048831,0.9996002693442148,0.9991000653532534,0.9991550993372078,0.9977882084032847,0.9892439915516843,0.9100811523684035,0.848626469212215,0.6762534784406002,0.9946914203392504
0.235,10.472385864809384,0.9991808544655021,0.9999961857024263,0.9999977181230764,0.9999883304112702,0.9996818616492068,0.9995652685570587,0.9995178166157487,0.9994136384565181,0.9996080758221573,0.9991158400726495,0.9991700530788544,0.9978221071608306,0.9893665089135762,0.910629037785764,0.8493526834301693,0.6771816724316841,0.9947197570735693
0.236,10.498476815690868,0.999195322733834,0.9999963028134308,0.9999977909683866,0.9999886567829561,0.9996882058600352,0.9995736112354835,0.9995269498973516,0.9994244679396176,0.9996157028620376,0.9991312835658955,0.9991846902472782,0.9978553681821233,0.989487201183979,0.9111716552866834,0.8500728543616902,0.6781039240775137,0.994747756951382
0.237,10.524476272881355,0.9992094853769035,0.9999964159345176,0.9999978612439873,0.9999889729239888,0.9996944017302054,0.9995817650097353,0.9995358786373155,0.9994350599898177,0.9996231551624114,0.9991464038439577,0.9991990185557649,0.9978880054904857,0.989606101235127,0.9117090708272563,0.8507870492595323,0.679020286913461,0.9947754260124593
0.238,10.550384716802801,0.9992233498234816,0.9999965252143226,0.9999979290486843,0.9999892791876078,0.9997004532008943,0.9995897347605006,0.9995446080691156,0.9994454205695343,0.9996304372844834,0.9991612086997447,0.9992130455062004,0.9979200327585332,0.9897232412500101,0.9122413493551133,0.8514953344468914,0.6799308138539326,0.9948027701548833
0.239,10.57620262451951,0.9992369232992757,0.9999966307954913,0.9999979944771842,0.9999895759137821,0.9997063640966094,0.9995975252275092,0.9995531432764144,0.9994555554733643,0.9996375536565284,0.9991757057146854,0.9992267783954888,0.9979514633179746,0.9898386527388187,0.9127685548276313,0.8521977753327868,0.6808355572012894,0.9948297951390446
0.24,10.601930469767442,0.9992502128330757,0.999996732814938,0.999998057620276,0.9999898634297478,0.999712138128985,0.9996051410140198,0.9995614891977918,0.9994654703333024,0.9996445085781568,0.9991899022650884,0.9992402243217573,0.99798231016911,0.9899523665549493,0.913290750229761,0.8528944364271426,0.6817345686546101,0.9948565065915086
0.241,10.627568722983169,0.9992632252626975,0.9999968314040927,0.999998118565005,0.9999901420505226,0.9997177789004447,0.9996125865911523,0.9995696506313115,0.9994751706237816,0.9996513062244311,0.9992038055282929,0.9992533901903553,0.9980125859900377,0.9900644129105839,0.9138079975914836,0.8535853813555782,0.6826278993183008,0.9948829100087591
0.242,10.653117851332562,0.9992759672407299,0.9999969266891375,0.9999981773948377,0.999990412079397,0.9997232899077337,0.999619866302069,0.9995776322389321,0.9994846616665417,0.999657950649839,0.9992174224886164,0.9992662827196552,0.9980423031455778,0.9901748213918526,0.9143203580049027,0.8542706728739126,0.6835155997105566,0.9949090107608214
0.243,10.678578318739154,0.9992884452400917,0.9999970187912308,0.9999982341898199,0.9999906738084058,0.9997286745453275,0.9996269843660114,0.9995854385507649,0.9994939486353344,0.9996644457921279,0.999230759943109,0.9992789084466616,0.9980714736959236,0.9902836209735977,0.9148278916409847,0.8549503728823893,0.6843977197716742,0.9949348140947678
0.244,10.703950585912242,0.9993006655594063,0.9999971078267224,0.9999982890267266,0.9999909275187782,0.9997339361087202,0.9996339448821977,0.9995930739691881,0.9995030365604691,0.9996707954760069,0.9992438245071175,0.9992912737324361,0.998100109405029,0.990390840033744,0.9153306577659496,0.8556245424396288,0.6852743088722223,0.994960325138116
0.245,10.72923511037464,0.9993126343282004,0.9999971939073581,0.999998341979205,0.999991173481369,0.999739077797598,0.9996407518335881,0.9996005427728198,0.9995119303332071,0.9996770034167209,0.9992566226196707,0.9993033847673448,0.9981282217487407,0.9904965063672931,0.9158287147573276,0.8562932417763134,0.6861454158210718,0.9949855489021139
0.246,10.754432346490221,0.9993243575119324,0.9999972771404755,0.9999983931179113,0.9999914119570716,0.9997441027189023,0.9996474090905189,0.999607849120357,0.9995206347100073,0.9996830732235009,0.9992691605486882,0.9993152475761339,0.9981558219226849,0.9906006471999488,0.9163221201196832,0.8569565303086117,0.6870110888732874,0.9950104902849256
0.247,10.779542745491096,0.9993358409168577,0.9999973576291908,0.9999984425106406,0.9999916431972132,0.9997490138897857,0.9996539204142143,0.9996149970542829,0.9995291543166317,0.9996890084028959,0.9992814443960206,0.9993268680228394,0.9981829208499144,0.990703289201385,0.9168109305000185,0.8576144666513479,0.6878713757378848,0.9950351540747141
0.248,10.804566755504588,0.9993470901947348,0.9999974354725767,0.9999984902224514,0.999991867443933,0.9997538142404653,0.9996602894601787,0.9996219905044511,0.9995374936521126,0.9996948123619913,0.9992934801023275,0.9993382518155389,0.998209529188327,0.9908044584981683,0.917295201702862,0.858267108630921,0.6887263235854553,0.9950595449526293
0.249,10.829504821579851,0.9993581108473806,0.999997510765833,0.9999985363157833,0.9999920849305443,0.999758506616978,0.9996665197814726,0.999628833291548,0.99954565709259,0.9997004884115167,0.9993052734517984,0.9993494045109472,0.9982356573378587,0.9909041806863434,0.9177749887050501,0.8589145132979804,0.6895759790556627,0.9950836674957012
0.25,10.854357385714287,0.9993689082310768,0.999997583600449,0.9999985808505707,0.9999922958818822,0.9997630937838401,0.9996726148318789,0.9996355291304386,0.9995536488950202,0.9997060397688479,0.9993168300767218,0.9993603315188657,0.9982613154474645,0.9910024808436912,0.9182503456702082,0.859556736939863,0.6904203882646118,0.9951075261796439
0.251,10.879124886879634,0.9993794875608363,0.9999976540643587,0.9999986238843502,0.9999925005146361,0.9997675784266155,0.9996785779689623,0.9996420816334021,0.9995614732007635,0.9997114695609068,0.9993281554619077,0.9993710381064866,0.998286513421888,0.9910993835416702,0.9187213259629394,0.8601938350927965,0.691259596812094,0.9951311253815729
0.252,10.903807761047839,0.9993898539145304,0.9999977222420898,0.9999986654723633,0.9999926990376672,0.9997719631543962,0.9996844124570252,0.9996484943132565,0.9995691340390529,0.9997167808269639,0.9993392549489699,0.9993815294025604,0.9983112609282307,0.9911949128570492,0.9191879821627269,0.860825862553874,0.6920936497887118,0.9951544693826377
0.253,10.9284064412166,0.999400012236886,0.9999977882149047,0.9999987056676544,0.9999928916523146,0.9997762505021973,0.9996901214699652,0.9996547705863831,0.9995766353303491,0.9997219765213446,0.9993501337404713,0.9993918104014289,0.9983355674023265,0.9912890923832411,0.919650366077556,0.8614528733928059,0.6929225917828808,0.9951775623705736
0.254,10.952921357434736,0.9994099673433541,0.9999978520609362,0.9999987445211652,0.9999930785526876,0.9997804429332713,0.9996957080940361,0.9996609137756466,0.9995839808895867,0.9997270595160462,0.9993607969039375,0.9994018859669299,0.9983594420549267,0.9913819452413448,0.9201085287572641,0.8620749209634522,0.6937464668877217,0.9952004084421769
0.255,10.977352936827195,0.9994197239238551,0.9999979138553173,0.9999987820818232,0.9999932599259453,0.9997845428413421,0.9997011753305182,0.9996669271132219,0.9995911744293131,0.9997320326032653,0.9993712493757442,0.9994117608361773,0.9983828938777025,0.9914734940909053,0.9205625205066228,0.8626920579151424,0.6945653187078302,0.9952230116057018
0.256,11.001701603619912,0.9994292865464055,0.9999979736703047,0.9999988183966277,0.9999934359525661,0.9997885525527651,0.9997065260982985,0.999672813743326,0.9995982195627265,0.9997368984978418,0.9993814959648808,0.9994214396232219,0.9984059316490719,0.9915637611403986,0.9210123908981593,0.8633043362037843,0.6953791903659412,0.9952453757831856
0.257,11.025967779164313,0.9994386596606297,0.9999980315753972,0.9999988535107308,0.9999936068066041,0.9997924743286132,0.9997117632363663,0.9996785767248595,0.9996051198066143,0.9997416598396207,0.9993915413565969,0.9994309268225952,0.9984285639398538,0.9916527681574502,0.9214581887847237,0.8639118071027692,0.6961881245094794,0.9952675048127051
0.258,11.05015188196167,0.9994478476011611,0.9999980876374487,0.9999988874675155,0.999993772655937,0.999796310366692,0.999716889506226,0.9996842190339635,0.9996118785841976,0.9997463191957356,0.9994013901159333,0.9994402268127419,0.9984507991187581,0.991740536478794,0.9218999623118059,0.8645145212136762,0.6969921633170041,0.9952894024505626
0.259,11.074254327687113,0.999456854590936,0.9999981419207762,0.9999989203086701,0.9999939336625022,0.9998000628034889,0.9997219075942297,0.9996897435664907,0.9996184992278833,0.9997508790628161,0.9994110466911428,0.9994493438593453,0.998472645357715,0.9918270870199793,0.92233775892961,0.8651125284767806,0.6977913485045482,0.9953110723734063
0.26,11.098275529213485,0.9994656847443841,0.9999981944872638,0.999998952074259,0.9999940899825236,0.9998037337160547,0.9997268201138346,0.999695153140397,0.9996249849819271,0.9997553418691216,0.9994205154170046,0.9994582821185459,0.9984941106370485,0.9919124402848327,0.9227716254048899,0.8657058781813688,0.6985857213318517,0.9953325181802887
0.261,11.122215896634884,0.9994743420705191,0.9999982453964613,0.9999989828027909,0.9999942417667298,0.9998073251238241,0.9997316296077852,0.9997004504980554,0.9996313390050129,0.9997597099766065,0.9994298005180354,0.9994670456400622,0.9985152027505011,0.9919966163746817,0.9232016078325537,0.8662946189758687,0.6993753226084989,0.9953537433946624
0.262,11.146075837290036,0.9994828304759331,0.9999982947056787,0.999999012531283,0.9999943891605624,0.9998108389903746,0.999736338550224,0.9997056383084942,0.9996375643727476,0.9997639856829146,0.9994389061116008,0.9994756383702114,0.9985359293101123,0.9920796349973476,0.9236277516470387,0.8668787988777914,0.7001601926999494,0.9953747514663169
0.263,11.169855755785354,0.9994911537676976,0.9999983424700769,0.9999990412953232,0.9999945323043765,0.999814277225127,0.9997409493487351,0.9997107191695632,0.9996436640800781,0.9997681712233111,0.9994478362109303,0.9994840641548381,0.9985562977509558,0.9921615154759126,0.9240501016334657,0.8674584652834968,0.7009403715334782,0.9953955457732572
0.264,11.193556054017858,0.9994993156561742,0.9999983887427546,0.9999990691291301,0.999994671333633,0.9998176416849894,0.9997454643463194,0.9997156956100299,0.9996496410436297,0.9997722687725485,0.9994565947280393,0.9994923267421514,0.9985763153357416,0.992242276757268,0.924468701938575,0.86803366497778,0.7017158986040141,0.9954161296235288
0.265,11.21717713119777,0.999507319757739,0.9999984335748306,0.999999096065608,0.9999948063790823,0.9998209341759478,0.9997498858233065,0.9997205700916086,0.9996554981039724,0.9997762804466741,0.9994651854765622,0.9995004297854729,0.9985959891592849,0.9923219374204504,0.9248835960814503,0.8686044441432867,0.7024868129798905,0.9954365062569875
0.266,11.240719383870971,0.9995151695974223,0.9999984770155239,0.9999991221364025,0.9999949375669422,0.9998241564546022,0.9997542159992054,0.999725345010924,0.9996612380278135,0.9997802083047761,0.9994736121744966,0.9995083768459028,0.9986153261528476,0.9924005156847708,0.9252948269640346,0.869170848369759,0.703253153308498,0.9954566788470162
0.267,11.264183205941144,0.9995228686114669,0.999998519112229,0.9999991473719513,0.9999950650190669,0.9998273102296547,0.9997584570344952,0.9997300227014119,0.9996668635101226,0.9997840543506756,0.9994818784468654,0.9995161713949008,0.9986343330883559,0.9924780294177417,0.9257024368814429,0.8697329226631149,0.7040149578218526,0.9954766505021954
0.268,11.287568988691797,0.999530420149809,0.9999985599105888,0.9999991718015339,0.9999951888531101,0.9998303971633465,0.9997626110323572,0.9997346054351596,0.9996723771761885,0.9997878205345618,0.9994899878282965,0.9995238168167896,0.9986530165824975,0.9925544961428093,0.9261064675320756,0.8702907114543659,0.7047722643420711,0.9954964242679207
0.269,11.31087712080797,0.9995378274784814,0.9999985994545645,0.9999991954533191,0.999995309182682,0.9998334188728502,0.9997666800403533,0.999739095424688,0.999677781583613,0.9997915087545753,0.9994979437655245,0.9995313164111816,0.9986713831007029,0.9926299330468957,0.9265069600275385,0.8708442586083773,0.7055251102867615,0.9955160031279775
0.27,11.334107988397792,0.999545093781945,0.999998637786502,0.99999921835441,0.9999954261174986,0.9998363769316138,0.9997706660520493,0.9997434948246763,0.9996830792242407,0.9997951208583403,0.9995057496198168,0.9995386733953312,0.9986894389610136,0.992704356987755,0.926903954902372,0.87139360743247,0.7062735326743288,0.9955353900060657
0.271,11.357261975013788,0.9995522221653481,0.9999986749471957,0.9999992405308872,0.9999955397635268,0.9998392728706638,0.9997745710085875,0.9997478057336328,0.99968827252603,0.9997986586444476,0.999513408669325,0.9995458909064149,0.9987071903378414,0.9927777845011497,0.9272974921235944,0.8719388006848721,0.7070175681291959,0.9955545877672854
0.272,11.38033946167401,0.9995592156567181,0.9999987109759498,0.9999992620078506,0.9999956502231224,0.9998421081798646,0.999778396800208,0.9997520301955127,0.999693363854865,0.9998021238638899,0.9995209241113671,0.9995529720037436,0.9987246432656218,0.9928502318078521,0.9276876111000624,0.8724798805830205,0.7077572528869429,0.9955735992195759
0.273,11.403340826882902,0.9995660772090856,0.9999987459106369,0.9999992828094587,0.999995757595163,0.9998448843091373,0.9997821452677231,0.9997561702012854,0.9996983555163117,0.9998055182214516,0.9995282990646392,0.9995599196709065,0.9987418036423646,0.9929217148204753,0.9280743506916561,0.8730168888117165,0.7084926227993671,0.995592427115116
0.274,11.426266446652033,0.9995728097025459,0.9999987797877538,0.9999993029589663,0.9999958619751761,0.9998476026696389,0.9997858182039447,0.9997602276904519,0.9997032497573195,0.9998088433770539,0.9995355365713625,0.9995667368178516,0.9987586772331052,0.9929922491501374,0.9284577492182865,0.8735498665311368,0.7092237133394627,0.9956110741516843
0.275,11.449116694520548,0.9995794159462568,0.9999988126424756,0.9999993224787614,0.9999959634554617,0.9998502646349047,0.999789417355066,0.9997642045525154,0.9997080487678706,0.9998121009470577,0.9995426395993647,0.9995734262829017,0.9987752696732594,0.9930618501129655,0.9288378444687353,0.8740788543847066,0.7099505596063227,0.995629542973979
0.276,11.471891941575494,0.9995858986803775,0.9999988445087071,0.9999993413903991,0.9999960621252101,0.9998528715419523,0.9997929444220005,0.9997681026284054,0.9997127546825779,0.9998152925055248,0.9995496110441,0.9995799908347119,0.9987915864718849,0.9931305327364418,0.9292146737093263,0.8746038925068322,0.7106731963299666,0.9956478361749034
0.277,11.494592556471872,0.9995922605779494,0.9999988754191321,0.9999993597146358,0.999996158070615,0.9998554246923521,0.9997964010616789,0.9997719237118581,0.999717369582235,0.9998184195854389,0.9995564537306082,0.9995864331741676,0.9988076330148526,0.9931983117655969,0.9295882736924346,0.8751250205305016,0.7113916578760924,0.9956659562968122
0.278,11.517218905452564,0.9995985042467196,0.9999989054052608,0.9999993774714602,0.999996251374983,0.9998579253532621,0.9997997888883051,0.9997756695507534,0.9997218954953175,0.9998214836798895,0.9995631704154169,0.9995927559362247,0.9988234145679288,0.9932652016690549,0.9299586806648357,0.87564227759475,0.7121059782507538,0.9956839058327251
0.279,11.53977135236799,0.9996046322309118,0.9999989344974752,0.9999993946801241,0.9999963421188376,0.9998603747584308,0.9998031094745733,0.9997793418484106,0.9997263343994394,0.9998244862432171,0.9995697637883859,0.9995989616916968,0.9988389362797734,0.9933312166449324,0.9303259303758982,0.8761557023519987,0.7128161911049689,0.9957016872275051
0.28,11.562250258695654,0.9996106470129427,0.9999989627250724,0.9999994113591717,0.9999964303800196,0.9998627741091676,0.9998063643528473,0.9997829422648447,0.9997306882227647,0.9998274286921226,0.9995762364744982,0.9996050529489887,0.9988542031848551,0.9933963706265978,0.9306900580856241,0.8766653329752654,0.7135223297392548,0.9957193028790058
0.281,11.584655983559413,0.9996165510150888,0.9999989901163064,0.9999994275264673,0.9999965162337846,0.9998651245752829,0.9998095550163028,0.9997864724179829,0.9997349588453761,0.9998303124067439,0.9995825910355977,0.9996110321557776,0.9988692202062862,0.9934606772882927,0.9310510985725392,0.877171207165251,0.7142244271080957,0.995736755139183
0.282,11.606988883748645,0.9996223466011042,0.9999990166984284,0.9999994431992223,0.999996599752895,0.9998674272959981,0.9998126829200348,0.9997899338848446,0.9997391481006028,0.9998331387316963,0.9995888299720757,0.9996169017006457,0.9988839921585804,0.9935241500506193,0.9314090861414362,0.8776733621573027,0.7149225158243404,0.9957540463151812
0.283,11.629249313737155,0.9996280360777886,0.9999990424977244,0.9999994583940206,0.9999966810077097,0.9998696833808276,0.9998157494821305,0.999793328202685,0.9997432577763073,0.9998359089770821,0.9995949557245085,0.9996226639146641,0.998898523750334,0.9935868020858983,0.9317640546309759,0.878171834728261,0.715616628163535,0.9957711786703851
0.284,11.651437625701943,0.9996336216965122,0.9999990675395528,0.9999994731268436,0.99999676006627,0.9998718939104321,0.9998187560847095,0.9997966568701038,0.9997472896161342,0.9998386244194689,0.9996009706752469,0.999628321072931,0.9989128195868354,0.9936486463234001,0.9321160374211461,0.8786666612031855,0.7163067960681887,0.9957881544254444
0.285,11.673554169541779,0.9996391056546932,0.999999091848379,0.999999487413093,0.9999968369943825,0.9998740599374462,0.9998217040749318,0.9997999213481199,0.9997512453207211,0.9998412863028371,0.9996068771499589,0.999633875396063,0.9989268841726026,0.9937096954544515,0.9324650674405851,0.8791578774619695,0.7169930511519764,0.9958049757592718
0.286,11.695599292895587,0.999644490097234,0.9999991154478096,0.9999995012676143,0.9999969118556976,0.9998761824872792,0.999824594765975,0.9998031230612137,0.9997551265488732,0.999843895839498,0.9996126774191286,0.9996393290516449,0.9989407219138519,0.9937699619374238,0.9328111771737688,0.8796455189458392,0.7176754247038757,0.9958216448100111
0.287,11.717573341160666,0.999649777117914,0.9999991383606252,0.9999995147047176,0.9999969847117869,0.999878262558892,0.9998274294379813,0.9998062633983373,0.999758934918703,0.9998464542109846,0.9996183736995102,0.9996446841556355,0.9989543371209004,0.9938294580026025,0.9331543986680672,0.8801296206637441,0.7183539476922445,0.9958381636759808
0.288,11.73947665751073,0.9996549687607432,0.9999991606088104,0.9999995277381987,0.9999970556222163,0.9998803011255488,0.9998302093389769,0.9998093437138955,0.9997626720087361,0.9998489625689144,0.9996239681555414,0.9996499427737339,0.9989677340105039,0.9938881956569436,0.9334947635406705,0.8806102171986392,0.7190286507688357,0.9958545344165919
0.289,11.761309582913764,0.9996600670212754,0.9999991822135854,0.9999995403813592,0.9999971246446167,0.9998822991355458,0.9998329356857618,0.9998123653286952,0.9997663393589833,0.9998514220358257,0.999629462900715,0.9996551069227047,0.9989809167081298,0.9939461866887194,0.9338323029853914,0.8810873427136598,0.7196995642727522,0.9958707590532405
0.29,11.783072456149732,0.9996650738478842,0.999999203195433,0.9999995526470249,0.9999971918347518,0.9998842575129181,0.9998356096647735,0.9998153295308679,0.9997699384719823,0.9998538337059885,0.9996348599989113,0.9996601785716663,0.9989938892501722,0.9940034426720542,0.9341670477793406,0.8815610309581936,0.7203667182343431,0.995886839570177
0.291,11.804765613828083,0.9996699911430015,0.9999992235741273,0.9999995645475648,0.999997257246584,0.9998861771581234,0.9998382324329249,0.9998182375767638,0.999773470813807,0.9998561986461906,0.9996401614656926,0.999665159643341,0.9990066555861047,0.9940599749713572,0.9344990282894826,0.8820313152738497,0.721030142379043,0.9959027779153519
0.292,11.826389390405117,0.9996748207643208,0.9999992433687596,0.9999995760949082,0.9999973209323373,0.9998880589487065,0.9998408051184164,0.999821090691819,0.9997769378150485,0.9998585178965008,0.9996453692695599,0.9996700520152692,0.9990192195805775,0.9941157947456505,0.9348282744790736,0.882498228600328,0.7216898661311526,0.9959185760012381
0.293,11.847944118201172,0.9996795645259662,0.9999992625977641,0.9999995873005614,0.9999973829425577,0.9998899037399409,0.9998433288215237,0.9998238900713979,0.9997803408717664,0.9998607924710072,0.999650485333175,0.9996748575209893,0.9990315850154582,0.994170912952798,0.9351548159139813,0.8829618034811909,0.7223459186175638,0.9959342357056334
0.294,11.86943012741764,0.9996842241996265,0.9999992812789421,0.9999995981756241,0.9999974433261717,0.9998917123654539,0.9998458046153619,0.9998266368816087,0.999783681346412,0.9998630233585347,0.999655511534546,0.9996795779511836,0.9990437555918178,0.994225340353637,0.9354786817688926,0.8834220720695373,0.7229983286714319,0.995949758872439
0.295,11.890847746153847,0.999688801515659,0.9999992994294855,0.999999608730805,0.9999975021305425,0.9998934856378296,0.9998482335466271,0.9998293322600962,0.9997869605687253,0.9998652115233401,0.9996604497081806,0.9996842150547907,0.999055734931865,0.9942790875160142,0.9357999008334078,0.8838790661335834,0.7236471248357906,0.9959651473124199
0.296,11.91219730042373,0.9996932981641599,0.9999993170659991,0.9999996189764357,0.9999975594015241,0.9998952243491955,0.9998506166363156,0.9998319773168107,0.9997901798366047,0.9998673579057865,0.9996653016462064,0.9996887705400873,0.9990675265808284,0.9943321648187295,0.936118501518028,0.8843328170621505,0.7242923353671176,0.995980402803945
0.297,11.933479114172396,0.9996977157960052,0.9999993342045225,0.9999996289224866,0.9999976151835134,0.9998969292717907,0.9998529548804217,0.9998345731347543,0.9997933404169524,0.9998694634229978,0.9996700690994587,0.999693246075739,0.9990791340087903,0.9943845824553896,0.9364345118600331,0.8847833558700615,0.7249339882388437,0.9959955270937063
0.298,11.954693509292504,0.9997020560238625,0.9999993508605505,0.9999996385785788,0.9999976695195001,0.9998986011585167,0.9998552492506148,0.9998371207707043,0.9997964435464951,0.9998715289694932,0.999674753778539,0.9996976432918201,0.9990905606124706,0.9944363504381728,0.9367479595292562,0.8852307132034488,0.7255721111448157,0.9960105218974192
0.299,11.975840805640486,0.999706320423173,0.9999993670490533,0.9999996479539981,0.9999977224511155,0.9999002407434713,0.9998575006948964,0.9998396212559165,0.9997994904325797,0.9998735554178024,0.9996793573548426,0.9997019637808066,0.9991018097169649,0.9944874786015094,0.9370588718337548,0.8856749193449744,0.7262067315027045,0.9960253889005081
0.3,11.996921321052632,0.9997105105331066,0.999999382784496,0.9999996570577077,0.9999977740186784,0.9999018487424677,0.9998597101382382,0.9998420755968078,0.9998024822539477,0.9998755436190643,0.9996838814615577,0.9997062090985395,0.999112884577438,0.9945379766056779,0.9373672757253819,0.8861160042189641,0.7268378764573662,0.9960401297587692
0.301,12.017935371361009,0.9997146278574899,0.9999993980808558,0.99999966589836,0.9999978242612404,0.9999034258535363,0.9998618784832005,0.9998444847756178,0.9998054201614864,0.9998774944036051,0.999688327694637,0.9997103807651617,0.9991237883807708,0.9945878539403189,0.9376731978052576,0.8865539973964572,0.7274655728841544,0.9960547460990209
0.302,12.038883270409235,0.9997186738657086,0.9999994129516411,0.999999674484308,0.9999978732166288,0.9999049727574127,0.9998640066105331,0.9998468497510522,0.9998083052789583,0.9998794085815018,0.9996926976137414,0.9997144802660288,0.9991345242471666,0.9946371199278711,0.9379766643291442,0.8869889281001753,0.7280898473921846,0.996069239519733
0.303,12.0597653300681,0.9997226499935835,0.9999994274099074,0.9999996828236171,0.9999979209214882,0.9999064901180107,0.9998660953797585,0.9998491714589071,0.99981113870371,0.999881286943128,0.9996969927431582,0.9997185090525937,0.9991450952317146,0.9946857837269285,0.9382777012127272,0.8874208252094067,0.7287107263275495,0.9960836115916453
0.304,12.080581860251046,0.9997265576442232,0.9999994414682748,0.9999996909240748,0.9999979674113207,0.9999079785828804,0.9998681456297378,0.9998514508126748,0.9998139215073606,0.999883130259683,0.9997012145726932,0.9997224685432673,0.9991555043259126,0.9947338543355233,0.9385763340368026,0.8878497172648144,0.7293282357764919,0.9960978638583626
0.305,12.101333168929504,0.9997303981888528,0.9999994551389422,0.9999996987932018,0.9999980127205246,0.9999094387836546,0.9998701581792205,0.9998536887041329,0.9998166547364709,0.9998849392837073,0.9997053645585385,0.9997263601242545,0.9991657544591516,0.9947813405943335,0.9388725880523742,0.8882756324731651,0.7299424015685293,0.9961119978369434
0.306,12.122019562148072,0.9997341729676184,0.9999994684337038,0.9999997064382617,0.9999980568824309,0.9999108713364795,0.9998721338273779,0.9998558860039155,0.9998193394131927,0.9998867147495805,0.9997094441241161,0.9997301851503676,0.9991758485001605,0.994828251189821,0.93916648818566,0.8886985987119796,0.7305532492795346,0.9961260150184662
0.307,12.142641344039562,0.9997378832903712,0.9999994813639629,0.9999997138662701,0.9999980999293403,0.9999122768424349,0.9998740733543213,0.9998580435620685,0.9998219765359002,0.9998884573740069,0.9997134546608982,0.9997339449458166,0.999185789258415,0.9948745946572971,0.9394580590430134,0.8891186435341114,0.7311608042347733,0.996139916868587
0.308,12.163198816839918,0.9997415304374287,0.9999994939407458,0.9999997210840041,0.9999981418925565,0.9999136558879406,0.9998759775216047,0.9998601622085891,0.9998245670798038,0.9998901678564851,0.9997173975292051,0.9997376408049781,0.9991955794855094,0.9949203793839216,0.9397473249157566,0.8895357941722483,0.7317650915118974,0.996153704828079
0.309,12.183692280902958,0.9997451156603149,0.9999995061747158,0.9999997280980109,0.9999981828024206,0.9999150090451508,0.999877847072714,0.999862242753949,0.9998271119975458,0.9998918468797655,0.9997212740589814,0.9997412739931428,0.9992052218764942,0.9949656136116347,0.940034309784932,0.8899500775433432,0.732366135943896,0.9961673803133594
0.31,12.204122034715025,0.9997486401824803,0.9999995180761855,0.9999997349146159,0.9999982226883427,0.9999163368723384,0.9998796827335413,0.9998642859896034,0.99982961221978,0.9998934951102934,0.9997250855505503,0.9997448457472425,0.9992147190711784,0.9950103054400236,0.9403190373259687,0.890361520252974,0.7329639621220059,0.9961809447170058
0.311,12.224488374909468,0.9997521052000028,0.9999995296551296,0.9999997415399314,0.9999982615788326,0.9999176399142654,0.9998814852128455,0.9998662926884856,0.999832068655734,0.9998951131986397,0.9997288332753483,0.9997483572765568,0.9992240736554001,0.9950544628291256,0.9406015309132714,0.8907701485996322,0.7335585943985785,0.9961943994082566
0.312,12.244791596280992,0.9997555118822682,0.9999995409211968,0.999999747979864,0.9999982995015306,0.9999189187025455,0.9998832552027003,0.9998682636054868,0.9998344821937579,0.9998967017799193,0.9997325184766388,0.999751809763401,0.9992332881622631,0.9950980936021706,0.9408818136247269,0.8911759885789444,0.73415005688991,0.9962077457334989
0.313,12.265031991799898,0.999758861372633,0.9999995518837211,0.9999997542401218,0.9999983364832352,0.9999201737559935,0.9998849933789288,0.9998701994779228,0.9998368537018545,0.9998982614741972,0.9997361423702071,0.999755204363795,0.9992423650733436,0.9951412054482616,0.9411599082461357,0.8915790658878254,0.7347383734790278,0.9962209850167477
0.314,12.28520985262616,0.9997621547890687,0.9999995625517333,0.999999760326222,0.9999983725499313,0.9999214055809668,0.9998867004015264,0.9998721010259874,0.9998391840281975,0.9998997928868834,0.9997397061450367,0.9997585422081137,0.999251306819866,0.9951838059249973,0.941435837275566,0.8919794059285663,0.7353235678184411,0.9962341185601098
0.315,12.305325468123394,0.9997653932247892,0.9999995729339708,0.9999997662434974,0.9999984077268175,0.9999226146716944,0.9998883769150708,0.9998739689531931,0.9998414740016335,0.9999012966091151,0.9997432109639662,0.9997618244017203,0.9992601157838481,0.9952259024610375,0.9417096229276334,0.8923770338128566,0.7359056633328513,0.9962471476442369
0.316,12.32537912587269,0.99976857774886,0.999999583038889,0.9999997719971038,0.9999984420383309,0.9999238015105991,0.9998900235491212,0.999875803946799,0.9998437244321711,0.9999027732181303,0.9997466579643298,0.999765052025582,0.9992687942992193,0.9952675023586112,0.9419812871377069,0.8927719743657431,0.7364846832218248,0.9962600735287691
0.317,12.345371111686315,0.9997717094067922,0.9999995928746704,0.9999997775920251,0.9999984755081729,0.9999249665686087,0.9998916409186055,0.9998776066782272,0.9998459361114559,0.9999042232776286,0.9997500482585802,0.9997682261368688,0.9992773446529092,0.9953086127959715,0.9422508515660447,0.8931642521295267,0.73706065046243,0.996272897452767
0.318,12.36530170962129,0.9997747892211198,0.9999996024492341,0.9999997830330806,0.9999985081593331,0.9999261103054582,0.9998932296241972,0.999879377803467,0.9998481098132327,0.9999056473381227,0.999753382934894,0.9997713477695369,0.9992857690859092,0.9953492408297961,0.9425183376018583,0.8935538913675969,0.7376335878118352,0.9962856206351322
0.319,12.385171201992847,0.9997778181919615,0.9999996117702454,0.9999997883249303,0.999998540014112,0.9999272331699843,0.9998947902526814,0.9998811179634686,0.9998502462937943,0.9999070459372801,0.999756663057762,0.999774417934896,0.9992940697943082,0.9953893933975367,0.9427837663673072,0.8939409160682067,0.7382035178098739,0.9962982442750185
0.32,12.404979869387757,0.9997807972975675,0.9999996208451242,0.9999997934720808,0.9999985710941439,0.9999283356004108,0.9998963233773098,0.9998828277845243,0.9998523462924189,0.9999084196002543,0.9997598896685631,0.999777437622161,0.9993022489303023,0.9954290773197159,0.9430471587214275,0.8943253499481875,0.7387704627815703,0.9963107695522331
0.321,12.424727990677535,0.9997837274948519,0.9999996296810533,0.9999997984788902,0.9999986014204183,0.9999294180246258,0.9998978295581477,0.9998845078786414,0.9998544105317948,0.9999097688400079,0.9997630637861233,0.9997804077989899,0.9993103086031786,0.9954682993021763,0.9433085352639929,0.8947072164566067,0.7393344448396346,0.9963231976276289
0.322,12.444415843031537,0.9997866097199098,0.9999996382849874,0.9999998033495744,0.9999986310133007,0.999930480860451,0.9998993093424088,0.9998861588439022,0.9998564397184337,0.9999110941576251,0.9997661864072591,0.9997833294120062,0.9993182508802761,0.9955070659382803,0.9435679163393106,0.8950865387783675,0.7398954858869209,0.9963355296434854
0.323,12.464043701929915,0.9997894448885228,0.99999964666366,0.9999998080882111,0.9999986598925529,0.9999315245159038,0.9999007632647826,0.9998877812648161,0.999858434543073,0.9999123960426167,0.9997692585073078,0.9997862033873082,0.9993260777879212,0.9955453837110625,0.943825322039954,0.895463339837753,0.7404536076188528,0.9963477667238815
0.324,12.483611841176472,0.9997922338966484,0.9999996548235917,0.9999998126987452,0.9999986880773523,0.9999325493894515,0.9999021918477523,0.9998893757126608,0.9998603956810661,0.9999136749732159,0.9997722810406421,0.999789030630964,0.9993337913123411,0.9955832589953362,0.9440807722104319,0.8958376423019148,0.7410088315258145,0.996359909975062
0.325,12.503120532911392,0.9997949776208982,0.9999996627710969,0.9999998171849933,0.9999987155863107,0.9999335558702585,0.9999035956019025,0.9998909427458144,0.999862323792764,0.9999149314166659,0.9997752549411729,0.9997918120294946,0.9993413934005547,0.9956206980597548,0.9443342864507973,0.8962094685843075,0.7415611788955119,0.9963719604857892
0.326,12.522570047623864,0.9997976769190029,0.9999996705122912,0.9999998215506485,0.9999987424374922,0.9999345443384258,0.9999049750262206,0.9998924829100785,0.999864219523884,0.9999161658294997,0.9997781811228372,0.999794548450343,0.9993488859612414,0.9956577070688295,0.9445858841201946,0.8965788408480704,0.7421106708152974,0.9963839193276933
0.327,12.541960654164564,0.9998003326302654,0.9999996780530983,0.9999998257992839,0.9999987686484313,0.9999355151652255,0.9999063306083878,0.9998939967389922,0.9998660835058714,0.9999173786578116,0.999781060480075,0.9997972407423313,0.9993562708655882,0.9956942920849029,0.9448355843403484,0.8969457810093567,0.7426573281744677,0.9963957875556096
0.328,12.561292619758065,0.9998029455760009,0.999999685399256,0.9999998299343581,0.9999987942361488,0.9999364687133264,0.9999076628250642,0.9998954847541381,0.9998679163562483,0.9999185703375222,0.9997838938882914,0.9997998897361061,0.9993635499481167,0.9957304590700826,0.9450834059989945,0.8973103107406112,0.7432011716665274,0.9964075662079093
0.329,12.5805662100151,0.9998055165599669,0.9999996925563227,0.9999998339592178,0.9999988192171692,0.9999374053370156,0.9999089721421632,0.999896947465439,0.9998697186789558,0.9999197412946343,0.999786682204309,0.9998024962445717,0.9993707250074901,0.9957662138881317,0.945329367753253,0.8976724514737976,0.7437422217914226,0.9964192563068233
0.33,12.599781688944725,0.9998080463687804,0.9999996995296839,0.9999998378771026,0.9999988436075353,0.9999383253824115,0.9999102590151219,0.9998983853714472,0.999871491064685,0.9999208919454842,0.999789426266807,0.9998050610633122,0.9993777978072997,0.9958015623063212,0.9455734880329464,0.8980322244035768,0.7442804988577448,0.9964308588587575
0.331,12.618939318966383,0.9998105357723257,0.9999997063245576,0.9999998416911483,0.9999988674228247,0.999939229187673,0.9999115238891607,0.9998997989596257,0.9998732340912003,0.9999220226969832,0.9997921268967496,0.999807584971003,0.9993847700768329,0.9958365099972417,0.9458157850438622,0.8983896504904355,0.7448160229849049,0.9964423748546005
0.332,12.638039360921844,0.9998129855241504,0.9999997129459995,0.9999998454043908,0.9999988906781634,0.9999401170832017,0.9999127671995384,0.999901188706622,0.9998749483236538,0.9999231339468552,0.9997947848978022,0.9998100687298103,0.9993916435118227,0.9958710625405783,0.9460562767709623,0.8987447504637683,0.7453488141052786,0.9964538052700258
0.333,12.657082074087045,0.9998153963618518,0.9999997193989097,0.9999998490197691,0.9999989133882403,0.9999409893918391,0.9999139893717987,0.9999025550785345,0.9998766343148906,0.9999242260838656,0.9997974010567388,0.9998125130857818,0.9993984197751786,0.9959052254248473,0.9462949809815391,0.8990975448249116,0.7458788919663215,0.9964651510657846
0.334,12.676067716183818,0.9998177690074523,0.9999997256880365,0.999999852540129,0.9999989355673213,0.9999418464290567,0.9999151908220111,0.9999038985311712,0.9998782926057473,0.9999252994880453,0.9997999761438366,0.999814918769226,0.9994051004977006,0.9959390040490971,0.9465319152283196,0.8994480538501316,0.7464062761326578,0.9964764131879946
0.335,12.694996543391522,0.9998201041677668,0.9999997318179825,0.999999855968226,0.999998957229262,0.9999426885031438,0.9999163719570046,0.9999052195103016,0.9998799237253413,0.9999263545309083,0.9998025109132628,0.9998172864950823,0.9994116872787748,0.9959724037245729,0.9467670968525198,0.8997962975935678,0.7469309859881397,0.9964875925684201
0.336,12.713868810358566,0.9998224025347586,0.9999997377932087,0.999999859306729,0.9999989783875208,0.9999435159153874,0.9999175331745951,0.9999065184519028,0.9998815281913532,0.9999273915756626,0.9998050061034487,0.9998196169632815,0.9994181816870542,0.9960054296763475,0.9470005429868471,0.900142295890131,0.7474530407378799,0.9964986901247455
0.337,12.732684770213826,0.9998246647858877,0.9999997436180399,0.9999998625582222,0.9999989990551715,0.9999443289602484,0.999918674863807,0.9999077957823976,0.9998831065103019,0.9999284109774165,0.999807462437457,0.9998219108590967,0.9994245852611211,0.9960380870449177,0.9472322705584557,0.9004860683583569,0.7479724594102575,0.9965097067608446
0.338,12.751444674577955,0.9998268915844492,0.9999997492966686,0.9999998657252088,0.9999990192449147,0.9999451279255327,0.9999197974050891,0.9999090519188872,0.999884659177811,0.9999294130833786,0.9998098806233375,0.9998241688534852,0.9994308995101353,0.9960703808877671,0.9474622962918532,0.9008276344032188,0.748489260858896,0.9965206433670425
0.339,12.770148773574618,0.999829083579903,0.9999997548331596,0.9999998688101137,0.9999990389690898,0.9999459130925578,0.9999209011705232,0.9999102872693774,0.9998861866788706,0.9999303982330525,0.9998122613544757,0.9998263916034227,0.9994371259144659,0.9961023161808975,0.9476906367117591,0.9011670132188954,0.7490034637646175,0.9965315008203715
0.34,12.788797315841585,0.9998312414081962,0.9999997602314544,0.9999998718152859,0.9999990582396857,0.9999466847363145,0.9999219865240295,0.9999115022329982,0.9998876894880903,0.9999313667584265,0.9998146053099299,0.9998285797522267,0.9994432659263086,0.9961338978203281,0.9479173081459185,0.9015042237914992,0.7495150866373681,0.9965422799848204
0.341,12.807390548541772,0.999833365692076,0.9999997654953751,0.9999998747430011,0.9999990770683523,0.9999474431256246,0.9999230538215645,0.999912697200219,0.9998891680699457,0.9999323189841579,0.9998169131547631,0.9998307339298741,0.9994493209702882,0.9961651306235635,0.9481423267278688,0.9018392849017624,0.7500241478181205,0.996552981711581
0.342,12.825928717374136,0.9998354570413948,0.999999770628628,0.9999998775954642,0.9999990954664104,0.9999481885232938,0.9999241034113142,0.999913872553057,0.9998906228790199,0.9999332552277523,0.9998191855403634,0.9998328547533091,0.9994552924440464,0.9961960193310321,0.9483657083996629,0.9021722151276829,0.7505306654807506,0.9965636068392859
0.343,12.844412066584526,0.9998375160534082,0.9999997756348079,0.9999998803748114,0.999999113444862,0.9999489211862611,0.9999251356338829,0.9999150286652797,0.9998920543602371,0.9999341757997385,0.999821423104758,0.9998349428267437,0.999461181718817,0.9962265686074944,0.9485874689145483,0.9025030328471321,0.7510346576338884,0.9965741561942432
0.344,12.862840838976378,0.9998395433130647,0.9999997805174016,0.9999998830831133,0.9999991310143999,0.9999496413657434,0.9999261508224756,0.9999161659026035,0.9998934629490911,0.9999350810038383,0.9998236264729189,0.9998369987419509,0.9994669901399859,0.9962567830434231,0.9488076238396017,0.9028317562404222,0.7515361421227473,0.9965846305906643
0.345,12.881215275921377,0.9998415393932888,0.9999997852797908,0.9999998857223763,0.9999991481854172,0.9999503493073768,0.9999271493030771,0.9999172846228859,0.9998948490718675,0.9999359711371323,0.9998257962570609,0.99983902307855,0.9994727190276386,0.9962866671563544,0.9490261885583241,0.9031584032928361,0.7520351366309267,0.9965950308308887
0.346,12.89953561736997,0.9998435048552563,0.9999997899252568,0.999999888294545,0.9999991649680168,0.999951045251354,0.9999281313946256,0.9999183851763133,0.9998962131458603,0.9999368464902202,0.9998279330569322,0.9998410164042851,0.999478369677096,0.9963162253922118,0.9492431782731919,0.9034829917971199,0.7525316586821927,0.9966053577056012
0.347,12.917802101861835,0.9998454402486628,0.9999997944569825,0.9999998908015043,0.9999991813720195,0.9999517294325575,0.9999290974091808,0.999919467905583,0.9998975555795824,0.9999377073473784,0.999830037460097,0.9998429792752966,0.9994839433594357,0.9963454621266035,0.949458608008168,0.9038055393559375,0.7530257256422359,0.9966156119940475
0.348,12.936014966536202,0.9998473461119859,0.9999997988780561,0.9999998932450814,0.9999991974069731,0.9999524020806898,0.9999300476520899,0.9999205331460821,0.9998988767729717,0.999938553986712,0.9998321100422126,0.9998449122363848,0.9994894413220022,0.9963743816660924,0.9496724926111735,0.904126063384291,0.7535173547204054,0.9966257944642403
0.349,12.95417444714216,0.99984922297274,0.9999998031914741,0.9999998956270476,0.9999992130821607,0.9999530634204004,0.999930982422147,0.9999215812260599,0.999900177117591,0.999939386680304,0.9998341513672977,0.999846815821269,0.9994948647889056,0.996402988249442,0.9498848467565195,0.9044445811119028,0.7540065629714205,0.9966359058731684
0.35,12.97228077804878,0.9998510713477261,0.9999998074001444,0.9999998979491203,0.9999992284066082,0.9999537136714076,0.9999319020117491,0.999922612466797,0.9999014569968233,0.9999402056943592,0.9998361619879959,0.9998486905528379,0.9995002149615078,0.9964312860488351,0.9500956849473002,0.9047611095855651,0.7544933672970611,0.9966459469669924
0.351,12.990334192255238,0.9998528917432731,0.9999998115068888,0.9999999002129644,0.9999992433890924,0.9999543530486201,0.999932806707049,0.9999236271827695,0.9999027167860616,0.9999410112893453,0.9998381424458305,0.9998505369433952,0.9995054930188978,0.9964592791710698,0.9503050215177486,0.9050756656714525,0.7549777844478351,0.9966559184812432
0.352,13.008334921400778,0.9998546846554758,0.9999998155144462,0.9999999024201947,0.9999992580381487,0.9999549817622523,0.9999336967881025,0.9999246256818091,0.9999039568528942,0.9999418037201306,0.9998400932714557,0.9998523554948987,0.9995107001183563,0.9964869716587298,0.9505128706355545,0.9053882660574033,0.7554598310246261,0.996665821141012
0.353,13.02628319577465,0.9998564505704248,0.9999998194254748,0.9999999045723768,0.9999992723620775,0.9999556000179383,0.9999345725290132,0.9999256082652594,0.9999051775572858,0.9999425832361172,0.9998420149848989,0.9998541466991931,0.9995158373958088,0.9965143674913328,0.9507192463041456,0.9056989272551649,0.7559395234803173,0.9966756556611388
0.354,13.044179244325896,0.999858189964432,0.9999998232425549,0.9999999066710291,0.9999992863689523,0.9999562080168427,0.9999354341980724,0.9999265752281277,0.9999063792517525,0.9999433500813706,0.9998439080957985,0.9998559110382376,0.9995209059662699,0.9965414705864543,0.9509241623649347,0.9060076656026087,0.7564168781213978,0.9966854227463948
0.355,13.062023294673125,0.9998599033042496,0.9999998269681912,0.9999999087176247,0.9999993000666256,0.9999568059557681,0.9999362820578965,0.9999275268592326,0.9999075622815341,0.999944104494747,0.9998457731036362,0.9998576489843272,0.9995259069242746,0.9965682848008302,0.9511276324995283,0.906314497265911,0.7568919111095449,0.9966951230916631
0.356,13.07981557311412,0.9998615910472846,0.9999998306048158,0.999999910713592,0.9999993134627359,0.9999573940272595,0.9999371163655604,0.999928463441349,0.9999087269847609,0.9999448467100168,0.999847610497962,0.9998593610003095,0.9995308413443028,0.9965948139314367,0.9513296702319034,0.9066194382417031,0.7573646384631902,0.9967047573821123
0.357,13.097556304635443,0.9998632536418073,0.9999998341547894,0.9999999126603166,0.9999993265647137,0.9999579724197072,0.9999379373727264,0.9999293852513481,0.9999098736926167,0.9999455769559841,0.9998494207586155,0.999861047539795,0.9995357102811921,0.9966210617165486,0.951530288930549,0.90692250435919,0.7578350760590611,0.9967143262933702
0.358,13.11524571292189,0.9998648915271551,0.9999998376204047,0.999999914559143,0.9999993393797885,0.9999585413174454,0.9999387453257722,0.9999302925603349,0.9999110027294977,0.9999462954566044,0.9998512043559404,0.9998627090473633,0.9995405147705418,0.9966470318367777,0.9517295018105748,0.9072237112822386,0.7583032396337077,0.9967238304916907
0.359,13.132884020365916,0.9998665051339309,0.9999998410038875,0.9999999164113756,0.9999993519149935,0.9999591009008493,0.9999395404659128,0.9999311856337814,0.9999121144131672,0.9999470024310982,0.9998529617509948,0.9998643459587633,0.9995452558291074,0.9966727279160885,0.9519273219357856,0.9075230745114349,0.7587691447850055,0.9967332706341199
0.36,13.150471448076921,0.9998680948841973,0.9999998443073997,0.9999999182182798,0.9999993641771723,0.9999596513464291,0.9999403230293217,0.9999320647316564,0.9999132090549067,0.9999476980940628,0.9998546933957552,0.9998659587011095,0.9995499344551867,0.9966981535227962,0.9521237622207254,0.9078206093861133,0.7592328069736429,0.9967426473686551
0.361,13.168008215890543,0.9998696611916651,0.9999998475330409,0.9999999199810836,0.9999993761729843,0.9999601928269224,0.9999410932472473,0.999932930108553,0.9999142869596629,0.9999483826555797,0.999856399733317,0.9998675476930724,0.9995545516289968,0.9967233121705434,0.9523188354326887,0.9081163310863547,0.7596942415245878,0.9967519613344055
0.362,13.185494542377755,0.9998712044618782,0.9999998506828501,0.9999999217009785,0.9999993879089096,0.9999607255113828,0.9999418513461276,0.9999337820138118,0.9999153484261919,0.9999490563213205,0.999858081198089,0.9998691133450656,0.9995591083130425,0.996748207319258,0.9525125541937007,0.9084102546349573,0.7601534636285363,0.9967612131617434
0.363,13.202930644854,0.9998727250923933,0.9999998537588081,0.9999999233791212,0.999999399391255,0.9999612495652678,0.9999425975477008,0.9999346206916414,0.999916393747198,0.9999497192926498,0.999859738215984,0.9998706560594266,0.9995636054524765,0.996772842376092,0.9527049309824669,0.908702394899378,0.7606104883433438,0.9967704034724577
0.364,13.220316739388144,0.9998742234729558,0.9999998567628388,0.999999925016634,0.9999994106261586,0.9999617651505227,0.9999433320691139,0.9999354463812358,0.9999174232094712,0.999950371766725,0.9998613712046034,0.9998721762305951,0.9995680439754512,0.9967972206963432,0.952895978136293,0.9089927665936481,0.7610653305954367,0.9967795328799016
0.365,13.237653040811459,0.9998756999856707,0.9999998596968113,0.9999999266146066,0.9999994216195948,0.9999622724256643,0.9999440551230285,0.9999362593168892,0.99991843709402,0.9999510139365945,0.9998629805734197,0.999873674245286,0.9995724247934634,0.9968213455843569,0.953085707852975,0.9092813842802585,0.7615180051812074,0.9967886019891372
0.366,13.254939762726405,0.9998771550051704,0.9999998625625416,0.9999999281740962,0.9999994323773786,0.9999627715458602,0.9999447669177239,0.9999370597281075,0.9999194356762008,0.9999516459912919,0.9998645667239525,0.9998751504826575,0.9995767488016901,0.996845220294411,0.9532741321926598,0.9095682623720213,0.7619685267683923,0.9967976113970775
0.367,13.27217711751547,0.9998785888987769,0.999999865361794,0.9999999296961297,0.9999994429051716,0.9999632626630086,0.9999454676571968,0.999937847839717,0.999920419225845,0.9999522681159297,0.999866130049941,0.9998766053144773,0.9995810168793181,0.9968688480315845,0.9534612630796786,0.9098534151339023,0.7624169098974308,0.9968065616926256
0.368,13.289365316349809,0.9998800020266624,0.9999998680962829,0.9999999311817038,0.9999994532084846,0.9999637459258136,0.9999461575412599,0.9999386238719704,0.9999213880073822,0.9999528804917889,0.9998676709375127,0.9998780391052822,0.9995852298898648,0.9968922319526077,0.9536471123043507,0.9101368566848296,0.7628631689828103,0.9968154534568114
0.369,13.306504569197912,0.9998813947420037,0.9999998707676745,0.9999999326317862,0.9999994632926832,0.9999642214798601,0.999946836765637,0.9999393880406509,0.9999223422799611,0.9999534832964073,0.9998691897653481,0.999879452212536,0.9995893886814929,0.9969153751666967,0.9538316915247609,0.9104186009994748,0.7633073183143905,0.9968242872629248
0.37,13.323595084834123,0.9998827673911341,0.9999998733775874,0.9999999340473167,0.9999994731629918,0.9999646894676867,0.9999475055220558,0.9999401405571724,0.9999232822975663,0.9999540767036658,0.9998706869048404,0.9998808449867828,0.9995934940873182,0.9969382807363721,0.9540150122685089,0.9106986619100107,0.7637493720587157,0.9968330636766457
0.371,13.340637070847137,0.9998841203136921,0.9999998759275954,0.9999999354292076,0.999999482824497,0.9999651500288558,0.999948163998339,0.9999408816286787,0.9999242083091335,0.9999546608838712,0.9998721627202528,0.9998822177717958,0.9995975469257097,0.9969609516782608,0.9541970859344332,0.9109770531078424,0.7641893442603073,0.9968417832561738
0.372,13.357630733648392,0.9998854538427651,0.9999998784192278,0.9999999367783453,0.9999994922821526,0.9999656033000228,0.9999488123784925,0.9999416114581385,0.9999251205586611,0.9999552360038386,0.9998736175688718,0.9998835709047244,0.9996015480005834,0.9969833909638834,0.9543779237943077,0.9112537881453158,0.7646272488429419,0.9968504465523514
0.373,13.374576278480417,0.9998867683050311,0.999999880853971,0.9999999380955902,0.9999995015407823,0.9999660494150037,0.999949450842792,0.9999423302444399,0.9999260192853193,0.9999558022269708,0.9998750518011555,0.9998849047162363,0.9996054981016903,0.9970056015204259,0.9545575369945136,0.9115288804374005,0.7650630996109136,0.9968590541087894
0.374,13.39147390942507,0.9998880640208964,0.9999998832332702,0.9999999393817782,0.9999995106050844,0.9999664885048396,0.9999500795678663,0.9999430381824812,0.9999269047235567,0.9999563597133353,0.9998764657608804,0.9998862195306565,0.9996093980048969,0.9970275862314966,0.9547359365576851,0.9118023432633511,0.7654969102502808,0.9968676064619856
0.375,13.408323829411765,0.9998893413046298,0.9999998855585301,0.9999999406377215,0.9999995194796344,0.9999669206978615,0.9999506987267801,0.9999437354632601,0.9999277771032041,0.9999569086197407,0.9998778597852837,0.9998875156661039,0.9996132484724605,0.9970493479378685,0.9549131333843307,0.9120741897683423,0.7659286943300966,0.996876104141444
0.376,13.425126240225564,0.9998906004644946,0.9999998878311167,0.9999999418642085,0.9999995281688893,0.9999673461197521,0.9999513084891138,0.9999444222739607,0.9999286366495757,0.99995744909981,0.9998792342052015,0.9998887934346233,0.9996170502532981,0.9970708894382078,0.9550891382544308,0.9123444329650847,0.7663584653036263,0.9968845476697881
0.377,13.441881342515254,0.9998918418028759,0.9999998900523579,0.9999999430620058,0.9999995366771903,0.9999677648936064,0.9999519090210415,0.9999450987980383,0.9999294835835681,0.9999579813040524,0.999880589345206,0.9998900531423156,0.999620804083249,0.9970922134897883,0.9552639618290097,0.9126130857354148,0.766786236509547,0.9968929375628793
0.378,13.45858933580131,0.9998930656164069,0.9999998922235448,0.9999999442318576,0.9999995450087669,0.9999681771399908,0.9999525004854066,0.9999457652153015,0.9999303181217575,0.9999585053799342,0.9998819255237369,0.9998912950894638,0.9996245106853325,0.9971133228091918,0.9554376146516858,0.9128801608318651,0.7672120211731356,0.9969012743299218
0.379,13.475250418483858,0.9998942721960902,0.9999998943459332,0.9999999453744872,0.999999553167739,0.9999685829770009,0.999953083041797,0.9999464217019938,0.9999311404764928,0.9999590214719462,0.9998832430532317,0.9998925195706568,0.9996281707699993,0.9971342200729963,0.9556101071501968,0.9131456708792114,0.7676358324074406,0.9969095584735767
0.38,13.491864787850465,0.9998954618274178,0.9999998964207442,0.9999999464905976,0.9999995611581209,0.9999689825203175,0.9999536568466169,0.9999470684308714,0.9999319508559881,0.9999595297216709,0.9998845422402519,0.9998937268749105,0.9996317850353775,0.9971549079184495,0.9557814496379038,0.9134096283759991,0.7680576832144392,0.9969177904900648
0.381,13.508432640083997,0.999896634790488,0.9999998984491653,0.9999999475808719,0.9999995689838237,0.9999693758832621,0.9999542220531575,0.999947705571281,0.9999327494644128,0.999960030267848,0.9998858233856067,0.9998949172857848,0.9996353541675138,0.997175388944131,0.955951652315272,0.9136720456960478,0.7684775864861823,0.9969259708692747
0.382,13.52495417027027,0.9998977913601181,0.9999999004323517,0.9999999486459734,0.9999995766486584,0.999969763176849,0.9999547788116661,0.9999483332892336,0.9999335365019788,0.9999605232464368,0.9998870867844735,0.9998960910814996,0.999638878840609,0.9971956657106017,0.9561207252713294,0.9139329350899353,0.7688955550059231,0.9969341000948633
0.383,13.541429572405772,0.9998989318059573,0.9999999023714267,0.9999999496865476,0.9999995841563386,0.9999701445098389,0.9999553272694133,0.9999489517474786,0.9999343121650258,0.9999610087906793,0.9998883327265161,0.9998972485350465,0.999642359717248,0.9972157407410399,0.9562886784851042,0.9141923086864625,0.7693116014492346,0.9969421786443563
0.384,13.557859039405203,0.9999000563925943,0.9999999042674833,0.9999999507032213,0.9999995915104833,0.9999705199887887,0.9999558675707584,0.9999495611055745,0.9999350766461056,0.99996148703116,0.9998895614959998,0.9998983899142994,0.999645797448626,0.9972356165218672,0.9564555218270406,0.9144501784940955,0.7697257383851119,0.9969502069892484
0.385,13.57424276310905,0.9999011653796633,0.9999999061215848,0.9999999516966042,0.9999995987146196,0.9999708897181014,0.9999563998572141,0.9999501615199595,0.9999358301340627,0.9999619580958645,0.9998907733719041,0.9998995154821209,0.999649192674769,0.997255295503361,0.9566212650603938,0.91470655640239,0.7701379782770609,0.9969581855950983
0.386,13.59058093429101,0.9999022590219488,0.9999999079347656,0.9999999526672884,0.999999605772185,0.9999712538000747,0.999956924267508,0.999950753144018,0.9999365728141147,0.9999624221102381,0.9998919686280323,0.999900625496468,0.9996525460247494,0.9972747801002565,0.9567859178426044,0.914961454183396,0.7705483334841762,0.9969661149216256
0.387,13.606873742665433,0.999903337569486,0.9999999097080318,0.99999995361585,0.9999996126865301,0.9999716123349476,0.9999574409376447,0.9999513361281486,0.9999373048679294,0.9999628791972407,0.9998931475331191,0.9999017202104938,0.9996558581168975,0.9972940726923375,0.9569494897266525,0.9152148834930421,0.7709568162622034,0.9969739954228011
0.388,13.623121376894638,0.9999044012676599,0.9999999114423629,0.9999999545428491,0.999999619460921,0.9999719654209469,0.9999579500009642,0.9999519106198276,0.999938026473701,0.9999633294774024,0.9998943103509359,0.9999027998726482,0.9996591295590085,0.9973131756250151,0.957111990162392,0.9154668558725019,0.7713634387645899,0.9969818275469403
0.389,13.639324024596219,0.9999054503573023,0.9999999131387115,0.99999995544883,0.9999996260985413,0.999972313154332,0.999958451588201,0.9999524767636728,0.9999387378062241,0.9999637730688763,0.9998954573403929,0.9999038647267747,0.9996623609485447,0.9973320912098972,0.9572734284978648,0.9157173827495417,0.7717682130435235,0.9969896117367922
0.39,13.655481872350231,0.999906485074786,0.9999999147980051,0.9999999563343221,0.9999996326024949,0.9999726556294383,0.9999589458275399,0.9999530347015053,0.9999394390369661,0.9999642100874911,0.9998965887556397,0.999904915012207,0.9996655528728331,0.9973508217253461,0.9574338139805968,0.9159664754398498,0.7721711510509581,0.996997348429627
0.391,13.671595105706398,0.9999075056521175,0.9999999164211459,0.9999999571998403,0.9999996389758077,0.9999729929387204,0.9999594328446721,0.9999535845724097,0.9999401303341379,0.999964640646802,0.9998977048461629,0.9999059509638616,0.9996687059092602,0.9973693694170261,0.9575931557588735,0.9162141451483464,0.7725722646396264,0.9970050380573214
0.392,13.687663909191176,0.9999085123170268,0.9999999180090123,0.9999999580458849,0.99999964522143,0.9999733251727935,0.9999599127628491,0.9999541265127925,0.9999408118627625,0.99996506485814,0.9998988058568825,0.999906972812329,0.9996718206254607,0.9973877364984421,0.9577514628829987,0.9164604029704795,0.7729715655640426,0.9970126810464454
0.393,13.703688466314825,0.999909505293056,0.9999999195624591,0.9999999588729432,0.9999996513422384,0.999973652420474,0.9999603857029348,0.9999546606564403,0.9999414837847431,0.9999654828306602,0.9998998920282447,0.9999079807839633,0.9996748975795042,0.9974059251514661,0.957908744306533,0.9167052598934978,0.7733690654814905,0.997020277818342
0.394,13.71966895957837,0.999910484799645,0.9999999210823185,0.9999999596814886,0.9999996573410382,0.9999739747688194,0.9999608517834576,0.9999551871345754,0.9999421462589287,0.9999658946713903,0.9999009635963139,0.9999089751009688,0.9996779373200761,0.9974239375268559,0.9580650088875162,0.9169487267977119,0.773764775953003,0.9970278287892114
0.395,13.73560557048055,0.9999114510522159,0.9999999225694003,0.9999999604719817,0.9999996632205647,0.999974292303167,0.9999613111206606,0.9999557060759106,0.9999427994411778,0.9999663004852751,0.9999020207928617,0.9999099559814855,0.9996809403866562,0.9974417757447631,0.9582202653896698,0.9171908144577339,0.7741587084443263,0.9970353343701889
0.396,13.75149847952468,0.9999124042622558,0.9999999240244931,0.9999999612448705,0.9999996689834855,0.9999746051071712,0.9999617638285505,0.9999562176067026,0.9999434434844221,0.9999667003752228,0.9999030638454547,0.9999109236396719,0.9996839073096924,0.9974594418952327,0.9583745224835843,0.9174315335437045,0.7745508743268772,0.9970427949674228
0.397,13.767347866225471,0.9999133446373961,0.9999999254483647,0.9999999620005909,0.9999996746324022,0.999974913262841,0.9999622100189457,0.9999567218508049,0.9999440785387274,0.9999670944421486,0.9999040929775397,0.9999118782857868,0.9996868386107718,0.997476938038693,0.958527788747888,0.9176708946224996,0.774941284878684,0.9970502109821546
0.398,13.78315390911577,0.9999142723814926,0.9999999268417626,0.999999962739567,0.9999996801698527,0.9999752168505759,0.9999626498015228,0.9999572189297177,0.9999447047513532,0.9999674827850176,0.9999051084085271,0.9999128201262683,0.999689734802787,0.997494266206436,0.9586800726703991,0.917908908158924,0.7753299512853212,0.9970575828107896
0.399,13.7989167857533,0.9999151876947009,0.9999999282054145,0.9999999634622114,0.9999996855983119,0.9999755159492003,0.9999630832838629,0.9999577089626389,0.9999453222668124,0.9999678655008867,0.9999061103538729,0.9999137493638116,0.9996925963901006,0.9975114284010903,0.9588313826492612,0.9181455845168871,0.7757168846408299,0.9970649108449741
0.4,13.814636672727271,0.9999160907735526,0.9999999295400293,0.9999999641689256,0.999999690920194,0.9999758106359989,0.9999635105714952,0.9999581920665117,0.9999459312269272,0.999968242684946,0.999907099025158,0.9999146661974455,0.9996954238687038,0.9975284265970847,0.958981726994063,0.9183809339605639,0.7761020959486287,0.9970721954716676
