Beta,R_0,R1,R2,R3,R4,R5,R6,R7,R8,R9,R10,R11,R12,R13,R14,R15,R16,R_all
0.0,0.0,0.0,0.0,0.0,0.0,0.0,0.0,0.0,0.0,0.0,0.0,0.0,0.0,0.0,0.0,0.0,0.0,0.0
0.001,0.07878084107676969,0.0,0.0,0.0,0.0,0.0,0.0,0.0,0.0,0.0,0.0,0.0,0.0,0.0,0.0,0.0,0.0,0.0
0.002,0.15709181630218688,0.0,0.0,0.0,0.0,0.0,0.0,0.0,0.0,0.0,0.0,0.0,0.0,0.0,0.0,0.0,0.0,0.0
0.003,0.23493711674925669,0.0,0.0,0.0,0.0,0.0,0.0,0.0,0.0,0.0,0.0,0.0,0.0,0.0,0.0,0.0,0.0,0.0
0.004,0.31232088379446643,4.440892098500626e-16,2.886579864025407e-15,2.7755575615628914e-15,2.3314683517128287e-15,5.551115123125783e-16,3.3306690738754696e-16,4.440892098500626e-16,5.551115123125783e-16,5.551115123125783e-16,4.440892098500626e-16,3.3306690738754696e-16,3.3306690738754696e-16,2.220446049250313e-16,2.220446049250313e-16,2.220446049250313e-16,0.0,1.1974254295690566e-15
0.005,0.3892472098522168,0.0,0.0,0.0,0.0,0.0,0.0,0.0,0.0,0.0,0.0,0.0,0.0,0.0,0.0,0.0,0.0,0.0
0.006,0.46572013909626725,0.0,0.0,0.0,0.0,0.0,0.0,0.0,0.0,0.0,0.0,0.0,0.0,0.0,0.0,0.0,0.0,0.0
0.007,0.5417436681684623,0.0,0.0,0.0,0.0,0.0,0.0,0.0,0.0,0.0,0.0,0.0,0.0,0.0,0.0,0.0,0.0,0.0
0.008,0.617321746875,0.0,0.0,0.0,0.0,0.0,0.0,0.0,0.0,0.0,0.0,0.0,0.0,0.0,0.0,0.0,0.0,0.0
0.009,0.6924582788704965,4.440892098500626e-16,2.886579864025407e-15,2.7755575615628914e-15,2.3314683517128287e-15,5.551115123125783e-16,3.3306690738754696e-16,4.440892098500626e-16,5.551115123125783e-16,5.551115123125783e-16,4.440892098500626e-16,3.3306690738754696e-16,3.3306690738754696e-16,2.220446049250313e-16,2.220446049250313e-16,2.220446049250313e-16,0.0,1.1974254295690566e-15
0.01,0.7671571223300971,0.0,0.0,0.0,0.0,0.0,0.0,0.0,0.0,0.0,0.0,0.0,0.0,0.0,0.0,0.0,0.0,0.0
0.011,0.8414220906098742,4.440892098500626e-16,2.886579864025407e-15,2.7755575615628914e-15,2.3314683517128287e-15,5.551115123125783e-16,3.3306690738754696e-16,4.440892098500626e-16,5.551115123125783e-16,5.551115123125783e-16,4.440892098500626e-16,3.3306690738754696e-16,3.3306690738754696e-16,2.220446049250313e-16,2.220446049250313e-16,2.220446049250313e-16,0.0,1.1974254295690566e-15
0.012,0.9152569528957529,7.771561172376096e-15,3.574918139293004e-14,2.930988785010413e-14,2.2870594307278225e-14,8.659739592076221e-15,6.661338147750939e-15,7.216449660063518e-15,8.43769498715119e-15,8.326672684688674e-15,7.216449660063518e-15,6.328271240363392e-15,5.10702591327572e-15,3.3306690738754696e-15,2.6645352591003757e-15,1.887379141862766e-15,8.881784197001252e-16,1.4745267908094155e-14
0.013,0.9886654348411935,6.531256857567058e-08,3.1447477810697677e-07,2.530685389023901e-07,1.8807306767509857e-07,6.90372369271941e-08,5.41737963377642e-08,6.078232883677259e-08,7.188245343403565e-08,7.062027929105597e-08,5.990954698997797e-08,4.975757883496357e-08,4.278759158093948e-08,2.9019824321352417e-08,2.3573369367646535e-08,1.807129479391989e-08,9.293078639949215e-09,1.2549184881296232e-07
0.014,1.061651219193858,0.031231202793974067,0.13804374693891197,0.11505139634608019,0.08948053269766043,0.03408011374887443,0.02652730985937135,0.02928475021195509,0.03450366299815655,0.0339975974511022,0.029128347999277326,0.02430082508276088,0.02077056407897626,0.014080081113042042,0.011371838575371829,0.008747324227827091,0.004520961934616485,0.0580283435434188
0.015,1.1342179464114832,0.06695444198643896,0.27008895196177185,0.23212024501480522,0.18835114510412532,0.07510691702282002,0.05821934069050283,0.06324176396267445,0.0741500905068615,0.07323275241425531,0.06336827846683601,0.05316400785427,0.04521660328328203,0.0306569094321143,0.02460856213022644,0.018987520095080868,0.009865121080894657,0.11972062588398284
0.016,1.2063692152671757,0.10141192673367927,0.37663554129998866,0.33116980618859215,0.27778798955579953,0.11602886271148327,0.08992148656109611,0.09636456960443862,0.11240996016449223,0.11118417445973428,0.09701999505919046,0.08186778148974361,0.06940536072045878,0.04709487509785104,0.03759795488839757,0.029078792689037014,0.015179047373875765,0.1748311631986384
0.017,1.2781085834443389,0.1346808423742033,0.4638746035110066,0.4150980620911504,0.35748743883061407,0.15628417845225606,0.12140926304468624,0.12862101221381894,0.14926147740102258,0.14777036722733627,0.1298880088640635,0.1102378791264167,0.09327068947427553,0.06337083810883726,0.05034839179821715,0.0390138313018511,0.020452230646758496,0.22432202786190486
0.018,1.3494395681214422,0.16682596517010262,0.5361669675375009,0.4864784137912399,0.42796333579219425,0.1955324830334325,0.1525247957678041,0.15999996401112448,0.1847218127608291,0.1829771170625577,0.16186952012756584,0.13816637726270486,0.11677352313620826,0.0794733721747265,0.06287364679955298,0.0487953806604734,0.025681397192839905,0.2690240297291613
0.019,1.4203656465468306,0.1978972001939614,0.5966719404095993,0.5474644884522504,0.490057787142241,0.2335661509636855,0.18314950191269352,0.19049685806101002,0.21882194069364413,0.21682013271467104,0.19291081955580236,0.16558112652105061,0.1398870197742197,0.09539495171157708,0.0751872105406276,0.05842944243645731,0.03086624962473994,0.30963018282132276
0.02,1.4908902566037736,0.22793169123366386,0.6477361246459977,0.5998185027409813,0.5446985759153065,0.27025919065105797,0.21318980592623127,0.22010845370495735,0.2515962463362934,0.24932765906964627,0.22298475156845954,0.19243015560068188,0.16258981930660887,0.11112868496579664,0.08730031897599233,0.0679223408213987,0.03600748042578994,0.34671051302298217
0.021,1.5610167973659455,0.256957047115439,0.6911402141456209,0.6449722309399288,0.5927860933212958,0.3055378606373743,0.24256980269591377,0.24883156237933812,0.28307878832040956,0.2805327135229705,0.2520791860268712,0.21867384326499406,0.18486324439882784,0.1266671793842269,0.09922155226248386,0.07727957826562193,0.04110588834215978,0.38073222744796387
0.022,1.6307486296435272,0.284994436706582,0.7282603771881135,0.6840889675268294,0.6351456789315533,0.339363466667403,0.27122747413600745,0.27666332679583094,0.31330242337400027,0.31046985995202847,0.2801911418390376,0.24428103516595934,0.20669035149425663,0.14200236765371554,0.11095706030828478,0.08650550648561428,0.04616202568102157,0.4120790921818724
0.023,1.7000890765201124,0.3120611597250269,0.7601768805704819,0.7181170426928548,0.6725121070282201,0.37172194313845897,0.29911265265742026,0.30360197618110374,0.34229904656589916,0.3391740587840254,0.30732378483426803,0.26922712777279234,0.2280557990553772,0.15712573190489676,0.12251100185298691,0.09560335565510325,0.05117609815962332,0.44106805654914577
0.024,1.769041423880597,0.33817262429268,0.787749160104277,0.747833342997446,0.7055293058870767,0.4026172374902989,0.3261857913365588,0.3296475916421959,0.37010015768195526,0.3666804066127949,0.3334848658232733,0.2934931014290325,0.24894602698977852,0.17202865703414438,0.13388601800106859,0.10457540599088544,0.05614798032737611,0.46796282498634956
0.025,1.8376089209302324,0.3633437798764799,0.8116689407956627,0.7738778398643255,0.734756798400815,0.4320668588022264,0.3524170645675937,0.3548026992334753,0.3967374135044701,0.39302420055687304,0.3586858594592035,0.31706498156343044,0.26934950440161065,0.18670278707244603,0.1450836658073723,0.1134231999251043,0.06107727847145339,0.4929846720490112
0.026,1.9057947807050093,0.38759009148607115,0.8324986190459012,0.7967807322198716,0.7606786347545339,0.4600986902894124,0.37778557078691666,0.3790726403382396,0.42224303791607987,0.4182410687696432,0.3829414263675933,0.3399334668835001,0.28925693608016434,0.20114032953117889,0.15610478508969816,0.12214774804328998,0.06596340724020688,0.5163209570875505
0.027,1.9736021805735429,0.41092814652429266,0.8506995141856943,0.8169837480280319,0.7837127683887142,0.48674857107605174,0.4022785403279313,0.4024657290935987,0.44665006081839176,0.4423670599157643,0.40626901107704916,0.3620936003539489,0.30866138615262184,0.2153342883955841,0.16694979339092986,0.13074970899969995,0.07080566372281194,0.5381317904685358
0.028,2.0410342627306273,0.43337597883620993,0.8666530080342838,0.834856899873066,0.8042199351578007,0.51205837533095,0.4258905194450501,0.42499323154118285,0.4699924008054319,0.46543865828929587,0.4286884882071732,0.383544430803025,0.32755831162166194,0.22927862432334334,0.17761891372339045,0.13922953701745688,0.0756032918061792,0.5585552433883002
0.029,2.1080941346826125,0.4549531831854089,0.8806765964287445,0.8507117221221541,0.8225116551280414,0.5360744384658627,0.4486225344813256,0.44666920863736204,0.49230482325024394,0.48749272560871215,0.4502218211758683,0.404288649999374,0.34594551490534875,0.24296834914450782,0.18811234366314022,0.14758759712347636,0.08035553436347587,0.5777114224170085
0.03,2.1747848697247707,0.47568088100221984,0.8930362383011305,0.8648117850824117,0.8388572533673686,0.5588462457023986,0.4704812537826337,0.4675102640857165,0.5136228088252425,0.5085663846483326,0.4708927235139231,0.42433220788623005,0.36382303124574444,0.2563995652817478,0.19843037546956788,0.15582425127723643,0.0850616732502697,0.5957056642434715
0.031,2.241109507410796,0.4955815863331371,0.9039559689060145,0.8773810955215613,0.8534899273513974,0.5804253329987341,0.4914781682222654,0.4875352328216883,0.5339823645973016,0.5286968637764429,0.49072632467455735,0.443683916050845,0.3811929684282208,0.2695694615254669,0.20857347663156345,0.16393991971210853,0.08972105825014765,0.6126310505782426
0.032,2.307071054014599,0.5146790101790257,0.9136254631426376,0.8886108489860033,0.8666119452264297,0.6008643681664143,0.5116288092516772,0.5067648393970322,0.553419804431595,0.5479213204825835,0.5097488465858772,0.46235505133220645,0.39805931516534154,0.2824762759916649,0.21854233932487654,0.1719351220035903,0.09433312658860848,0.6285703982357542
0.033,2.3726724829845316,0.5329978321348927,0.9222060433882978,0.8986648897930856,0.878399078129554,0.6202163889041479,0.5309520192074646,0.5252213488322803,0.5719715194362842,0.5662766589253637,0.5279872977851386,0.48035897051264886,0.4144277321831875,0.2951192357993404,0.22833790609700555,0.17981050209041471,0.09889741473673075,0.6435978438810768
0.034,2.4379167353902,0.550563460502065,0.9298354933254197,0.9076841517345817,0.8890043703853466,0.6385341788297335,0.5494692838481079,0.5429282264209743,0.5896737535465435,0.5837993529061469,0.5454691908361846,0.49771074487987943,0.4303053373233393,0.3074984814570503,0.23796137788591365,0.1875668409677993,0.10341356413329761,0.6577801152091787
0.035,2.5028067203619915,0.5674017957689278,0.9366319455367929,0.9157902899694998,0.8985613437218617,0.6558697648010814,0.5672041326448644,0.5599098177866848,0.6065623945083195,0.60052528221635,0.5622222869775493,0.5144268209617677,0.44570049329373607,0.31961498238983677,0.24741420933771185,0.19520506019447448,0.10788132226894043,0.6711775588905885
0.036,2.5673453155234656,0.5835390074087633,0.942697043636594,0.9230886672535545,0.9071867208262521,0.6722740201388194,0.5841816086127605,0.5761910562941194,0.6226727866099291,0.6164895873455258,0.5782743701559059,0.5305247113853626,0.46062260429747315,0.3314704486001877,0.25669809536976873,0.20272621878665764,0.11230054035735548,0.6838449791376849
0.037,2.631535367416742,0.5990013301464108,0.9481185311531979,0.929670821710033,0.9149827421576977,0.687796359411168,0.6004278065661828,0.5917972016545008,0.6380395684960928,0.6317265451760774,0.5936530510391684,0.5460227178056438,0.47508192573789154,0.34306724220279183,0.2658149520500235,0.2101315055535281,0.1166711685999674,0.6958323281259947
0.038,2.6953796919210053,0.6138148830128958,0.9529723837654218,0.935616515920314,0.9220391391563515,0.7024845114811917,0.6159694765922686,0.6067536111344406,0.6526965371806279,0.6462694665123857,0.6083856003752632,0.5609396862578871,0.4890893895599019,0.3544082915225033,0.27476689413152233,0.21742222847754067,0.12099324984875293,0.7071852798679331
0.039,2.7588810746642793,0.6280055124590185,0.957324575068463,0.9409954460695726,0.9284348173278985,0.7163843586303551,0.6308336881523553,0.621085543043311,0.6666765378185127,0.6601506150261927,0.6224988101746641,0.5752947941019417,0.5026564465170549,0.36549700959351505,0.28355621098382877,0.2245998023633704,0.12526691229523002,0.7179457117915198
0.04,2.822042271428572,0.6415986593721335,0.9612325462275431,0.9458686736444287,0.9342392942808893,0.7295398307572967,0.6450475494170532,0.6348179910011162,0.6800113777707714,0.6734011463553288,0.6360188806108118,0.5891073669006556,0.515794925705893,0.37633721822698496,0.29218534218487346,0.23166573566816862,0.12949236166419265,0.7281521126851411
0.041,2.884866008548531,0.6546192488935301,0.9647464348648187,0.9502898295731338,0.9395139306114566,0.7419928448697075,0.6586379760826855,0.647975546752213,0.6927317628735735,0.68605106557794,0.6489713301986098,0.6023967230465381,0.528516911030614,0.3869330783000485,0.3006568536610813,0.2386216171762049,0.1336698732677204,0.7378399314148557
0.042,2.9473549833037302,0.6670916013488553,0.9679101070462917,0.9543061308545396,0.9443129854547474,0.7537832812962653,0.6716315038874221,0.6605822888820537,0.7048672535011311,0.6981292010172737,0.6613809266710325,0.6151820436577305,0.5408346337997789,0.3972890265357426,0.3089734149735047,0.2454691029845243,0.13779978417600414,0.7470418775829479
0.043,3.0095118643046948,0.6790393622845022,0.9707620273814647,0.9579592419893666,0.9486845234160417,0.7649489892057774,0.6840541392440971,0.672661694624641,0.7164462379040901,0.709663192243365,0.6732716359754911,0.6274822651484587,0.5527603803647599,0.407409718766078,0.31713777812743205,0.25220990411426203,0.14188248568332318,0.7557881828301369
0.044,3.0713392918727918,0.6904854494729784,0.9733359953632796,0.9612860074186561,0.9526711953183036,0.7755258151036428,0.6959312427535399,0.6842365719462407,0.7274959203436651,0.7206794901722097,0.6846665869115588,0.6393159918913416,0.5643064135460257,0.417299979477572,0.3251527581189354,0.25884577494678096,0.14591841618691903,0.7641068296025137
0.045,3.132839878414097,0.7014520147508263,0.9756617706807182,0.9643190763220074,0.956310911628637,0.7855476489631998,0.7072874407954635,0.6953290092003556,0.7380423216747348,0.7312033672770237,0.6955880490947681,0.650701426488862,0.575484906524018,0.426964757310895,0.33302121531211937,0.2653785025976081,0.14990805455036949,0.7720237527657692
0.046,3.1940162087873465,0.7119604186392032,0.9777656059788195,0.9670874372534556,0.9596374244407976,0.7950464835325213,0.7181465608680462,0.7059603398281311,0.7481102902202006,0.7412589360877377,0.7060574221306184,0.6616563153275788,0.5863078878690894,0.4364090861082358,0.34074603965568095,0.271809897278127,0.15385191398859588,0.7795630183461469
0.047,3.254870840666083,0.7220312158366994,0.979670702158638,0.9696168769830357,0.9626808313973746,0.8040524831339472,0.7285315868299902,0.716151119796447,0.757723520996356,0.750869174340596,0.7160952340989641,0.6721979072774096,0.5967871964284139,0.44563805106076204,0.348330136688778,0.27814178365006004,0.15775053648646142,0.7867469828283927
0.048,3.315406304895105,0.7316841498424294,0.98139759860623,0.9719303754040722,0.965468012851231,0.8125940589473054,0.7384646306680407,0.7259211157008945,0.766904581575563,0.7600559553331585,0.7257211476674537,0.6823429236019805,0.6069344448606282,0.454656759493969,0.35577641524753756,0.28437599314666706,0.16160448774496394,0.7935964357843465
0.049,3.3756251058413254,0.7409381551481111,0.9829645085664409,0.9740484463342538,0.9680230118223428,0.8206979483449799,0.7479669178547875,0.7352893016975541,0.7756749430952161,0.7688400822301822,0.7349539723642804,0.6921075373523125,0.6167609906991696,0.46347031583284803,0.3630877767598809,0.29051435721405494,0.16541435263670312,0.8001307280953431
0.05,3.435529721739131,0.7498113656192436,0.984387608120732,0.9759894323849906,0.9703673648458644,0.828389296336293,0.7570587837679916,0.7442738636559681,0.7840550151327059,0.7772413252457632,0.743811681739208,0.701507360716529,0.6262779139239718,0.47208380030566066,0.37026710600356105,0.29655870141324525,0.16918073114420673,0.8063678876323543
0.051,3.4951226050303554,0.7583211278601092,0.9856812858014538,0.9777697607223034,0.9725203905823384,0.8356917375894612,0.7657596790098018,0.7528922091397307,0.7920641833600228,0.7852784607926736,0.752311434324165,0.7105574389874837,0.635496000122181,0.4805022509700062,0.3773172631973638,0.3025108403167167,0.17290423474980876,0.8123247239433526
0.052,3.5544061826989624,0.7664840185206061,0.9868583587105464,0.9794041654338702,0.9744994420319707,0.8426274778412421,0.774088181791212,0.7611609820173132,0.7997208490665331,0.792969311839029,0.7604695974691473,0.7192722499850457,0.6444257284175872,0.4887306486745583,0.3842410772959931,0.30837257313029853,0.1765854832432342,0.8180169232479262
0.053,3.6133828566005177,0.7743158646522899,0.9879302600561509,0.9809058813038302,0.9763201273290317,0.849217373786513,0.7820620158349262,0.7690960806825107,0.8070424697935549,0.8003307888446702,0.7683017732753536,0.7276657079287151,0.6530772634427741,0.4967739046017515,0.3910413403634059,0.3141456799714254,0.18022510191217556,0.8234591348395738
0.054,3.6720550037865753,0.7818317663554947,0.9889072022349927,0.9822868130422838,0.9779965033626749,0.8554810107710157,0.7896980725008195,0.7767126790211372,0.8140456004601647,0.807378930765329,0.775822825975998,0.7357511708988669,0.661460450715933,0.504636850069216,0.3977208029059961,0.3198319187368418,0.1838237190815326,0.8286650498351329
0.055,3.7304249768240343,0.7890461210788091,0.9897983189392405,0.98355768339048,0.9795412458543042,0.8614367777980838,0.7970124360552389,0.7840252493988635,0.820745934477173,0.8141289457126291,0.7830469102270635,0.7435414511515411,0.6695848148649266,0.5123242282995896,0.40428217005510747,0.3254330224962182,0.18738196396811246,0.8336474730796913
0.056,3.7884951041095896,0.7959726490371496,0.9906117892281872,0.9847281630017877,0.9809657990004989,0.8671019395112786,0.8040204111918611,0.791047587065642,0.8271583444469779,0.8205952509436044,0.7899874998668254,0.7510488276631716,0.6774595602142603,0.5198406878987865,0.41072809849710157,0.3309506973523286,0.19090046481931944,0.8384183889076748
0.057,3.8462676901793347,0.8026244193060341,0.9913549460570785,0.9858069845636804,0.9822805073489794,0.8724927049355055,0.8107365520709842,0.7977928354764019,0.8332969221326075,0.8267915119260237,0.7966574167856688,0.7582850603790288,0.6850935733161091,0.5271907778113225,0.41706119405821285,0.33638662071296654,0.1943798473063547,0.8429890213715222
0.058,3.903745016013629,0.8090138762286371,0.9920343713813538,0.9868020432618263,0.9834947322003568,0.8776242928545841,0.8171746922792785,0.8042735121172704,0.8391750174514785,0.8327306802869341,0.8030688596181552,0.7652614057237415,0.6924954270648247,0.5343789435477122,0.4232840098602958,0.34174243992452835,0.19782073314464854,0.8473698894746887
0.059,3.960929339337298,0.8151528658399223,0.9926559796412657,0.9877204853815494,0.9846169545097847,0.8825109937778357,0.8233479752261759,0.8105015345030328,0.8448052763097769,0.8384250305028256,0.8092334320288419,0.7719886330052865,0.6996733860857829,0.5414095245030309,0.4293990449720818,0.3470197712218237,0.20122373891645928,0.8515708578826972
0.06,4.017822894915255,0.8210526620699383,0.9932250911686828,0.9885687865843712,0.9856548659912558,0.8871662285058242,0.8292688845890721,0.8164882460764902,0.8501996771435618,0.8438861952320554,0.8151621704134618,0.7784770414066193,0.7066354131346215,0.5482867522076154,0.4354087434886105,0.3522201989531999,0.20458947507280278,0.8556011835323302
0.061,4.074427894843618,0.8267239925373245,0.9937464968361779,0.9893528211798363,0.9866154498957419,0.8916026033490984,0.8349492744998727,0.8222444417952343,0.8553695660740405,0.8491251992248565,0.8208655708789764,0.7847364773128318,0.7133891762824077,0.5550147493705201,0.4413154939789552,0.3573452750443238,0.2079185450940001,0.8594695585130789
0.062,4.130746528836425,0.8321770637853658,0.9942245150812506,0.9900779235286667,0.9875050527364698,0.8958319620862663,0.8404003992323689,0.8277803932374648,0.8603256906182859,0.8541524917744925,0.8263536154008471,0.7907763517675024,0.7199420566966093,0.5615975295939235,0.44712162924922705,0.36239651866793254,0.21121154479016102,0.8631841495552395
0.063,4.18678096450799,0.837421585847562,0.9946630422799497,0.9907489425569694,0.9883294480652006,0.8998654347712197,0.845632942205502,0.8331058730970544,0.8650782319240987,0.8589779776958888,0.8316357970846813,0.79660565789077,0.7263011568575335,0.568038997652314,0.452829426374075,0.36737541609052904,0.21446906172480107,0.8667526344245032
0.064,4.242533347651007,0.8424667960585552,0.9950655973095303,0.9913702902282121,0.989093893258058,0.9037134835156122,0.8506570441634623,0.8382301789701787,0.869636835519737,0.8636110468362401,0.8367211444830772,0.8022329881245571,0.73247330907562,0.5743429502441515,0.4584411069555555,0.3722834206703529,0.21769167474656392,0.8701822354926934
0.065,4.298005802510461,0.8473214820502036,0.9954353610252149,0.9919459847062377,0.989803180144628,0.9073859453832621,0.8554823304312744,0.8431621563623998,0.8740106405867162,0.8680606021363748,0.8416182449377891,0.8076665511980653,0.7384650841971203,0.5805130771359293,0.46395883757330625,0.3771219529839712,0.2208799536156133,0.8734797507277159
0.066,4.3532004320534226,0.8519940038923247,0.9957752112784107,0.9924796888456116,0.9904616802066303,0.9108920725392583,0.8601179371753637,0.8479102208669935,0.8782083077775863,0.8723350862727395,0.8463352669329804,0.8129141887299565,0.744282800404725,0.5865529626293353,0.46938473039449036,0.38189240106158584,0.22403445871272865,0.876651582322328
0.067,4.408119318234805,0.856492315353806,0.9960877540202024,0.9929747445625082,0.9910733849798788,0.9142405697991551,0.864572536623647,0.8524823794832239,0.8822380456111403,0.8764425069182655,0.8508799814578731,0.8179833914031067,0.7499325320360026,0.5924660872916729,0.474720843916027,0.3865961207136013,0.2271557408204804,0.8797037631604964
0.068,4.462764522259137,0.8608239842728963,0.9963753509623869,0.9934342035680178,0.9916419422133191,0.9174396297235735,0.8688543612199108,0.8568862510578181,0.8861076354854457,0.8803904606665673,0.8552597823870545,0.8228813146640382,0.7554201183564122,0.5982558298979852,0.4799691838151867,0.39123443593317053,0.2302443409670527,0.882641981301558
0.069,4.517138084838443,0.8649962120360879,0.9966401442068954,0.9938608548843767,0.9921706882698147,0.9204969654014409,0.8729712267034346,0.8611290858446468,0.889824455354911,0.8841861556683257,0.859481705894518,0.8276147939126146,0.7607511722355391,0.6039254695405759,0.4851317038878108,0.3958086393614104,0.23330079032435735,0.8854716026458321
0.07,4.571242026446281,0.8690158521734229,0.9968840782016173,0.994257249511722,0.9926626771934987,0.9234198410615003,0.876930554117652,0.8652177841869767,0.8933955021216438,0.8878364330316245,0.8635524489235231,0.832190359158689,0.7659310886852511,0.6094781878679336,0.49021030705620494,0.40031999280368413,0.23632561015307318,0.8881976919304629
0.071,4.625078347568013,0.8728894280847018,0.9971089193351199,0.9946257225672724,0.9931207068165822,0.9262151006470494,0.8807393907617053,0.8691589143340698,0.8968274127940068,0.8913477870397428,0.8674783867388931,0.8366142491315334,0.7709650532270381,0.6149170714205876,0.4952068464312095,0.4047697277868906,0.2393193117880803,0.8908250321909447
0.072,4.678649028947368,0.8766231499162184,0.9973162734434518,0.9949684131792857,0.9935473422334078,0.9288891944834393,0.8844044301065196,0.8729587294096542,0.9001264844667696,0.8947263842406886,0.8712655895916922,0.8408924248353273,0.7758580500630011,0.6202451140362053,0.5001231264151197,0.4091590461490415,0.24228239665856277,0.8933581428117504
0.073,4.731956031829369,0.8802229306115363,0.9975076014682269,0.995287282383857,0.9939449369302867,0.9314482041619487,0.8879320307028981,0.8766231835541863,0.9032986931778323,0.8979780814627841,0.87491983852854,0.8450305825500113,0.7806148700310405,0.6254652193004102,0.5049609038340044,0.4134891206535972,0.24521535633771674,0.8958012962786696
0.074,4.785001298199672,0.883694401162707,0.9976842334757359,0.99558412924284,0.9943156518254678,0.9338978657574478,0.8913282341134786,0.8801579472660974,0.9063497116963651,0.9011084428100464,0.8784466403793306,0.8490341662816685,0.7852401183299064,0.630580203023412,0.5097218890896507,0.4177610956220831,0.24811867261762566,0.8981585337356449
0.075,4.837786751020408,0.8870429250903444,0.997847381221269,0.995860605375257,0.9946614724437378,0.9362435914909437,0.8945987819034602,0.8835684219695528,0.9092849262964886,0.9041227556900769,0.881851241957971,0.8529083796704293,0.7897382220040298,0.6355927957256595,0.5144077473227846,0.42197608757941385,0.2509928176053988,0.9004336794400625
0.076,4.890314294462541,0.8902736121823192,0.9979981494206218,0.9961182280719821,0.9949842244240836,0.9384904899417752,0.8977491317270591,0.8868597538378504,0.9121094525694919,0.9070260459258069,0.8851386435110897,0.8566581973669218,0.7941134371816292,0.6405056451184554,0.5190200995804967,0.4261351859071645,0.25383825383716285,0.902630354202405
0.077,4.9425858141348495,0.893391331521598,0.998137545871404,0.9963583921437623,0.9952855875360185,0.940643384907982,0.9007844725478737,0.8900368469025481,0.9148281503261095,0.9098230920008097,0.8883136114495531,0.860288375890593,0.7983698560625179,0.6453213185677824,0.5235605239818881,0.4302394535007251,0.2566554344069033,0.904751987888899
0.078,4.994603177309562,0.8964007238340871,0.9982664905499093,0.9965823806354012,0.9955671083601816,0.9427068330073018,0.9037097390319047,0.8931043754788985,0.9174456376386766,0.9125184384860837,0.8913806903972226,0.8638034639849798,0.8025114136544849,0.650042305531639,0.5280305568769237,0.4342899274268943,0.2594448031075406,0.9068018310591787
0.079,5.046368233144705,0.8993062131872759,0.998385823794568,0.9967913745238288,0.9958302117712678,0.9446851401053659,0.9065296251519993,0.8960667959382327,0.9199663040711001,0.9151164086942682,0.8943442145906874,0.8672078124862541,0.8065418942590941,0.6546710199628967,0.532431693994282,0.43828761957899176,0.26220679458196405,0.9087829658049646
0.08,5.097882812903226,0.9021120180701663,0.9984963136741237,0.996986461504541,0.9960762113459232,0.9465823766520369,0.9092485970421307,0.8989283578577147,0.9223943231426098,0.9176211166052531,0.8972083186628471,0.8705055837222464,0.8104649377093767,0.6592098026712008,0.5367653915747423,0.44223351732704863,0.26494183448201925,0.9106983158502939
0.081,5.149148730168946,0.9048221618844,0.9985986626273899,0.9971686439592496,0.996306318804676,0.9484023920014566,0.9118709051392102,0.9016931145773914,0.9247336640691873,0.920036478105091,0.8999769478421897,0.8737007604596863,0.81428404536318,0.6636609236387145,0.5410330674872439,0.4461285841610302,0.26765033963372686,0.9125506559688498
0.082,5.20016778105939,0.9074404828757783,0.9986935134515446,0.9973388461873581,0.996521652585018,0.9501488277862713,0.9144005956492038,0.9043649331937951,0.9269881028245122,0.9223662215780778,0.9026538675984964,0.8767971544176848,0.818002585856971,0.6680265842856133,0.5452361023253067,0.4499737603253985,0.27033271820722227,0.9143426207694019
0.083,5.250941744435549,0.9099706435345023,0.9987814547072335,0.9974979209748528,0.996723245632204,0.9518251304116896,0.916841521373197,0.9069475040185353,0.9291612325601744,0.9246138978898287,0.9052426727645082,0.8797984143655446,0.8216238006256941,0.6723089196821658,0.5493758404819633,0.4537699634436356,0.2729893698901168,0.9160767128962228
0.084,5.301472382108626,0.912416139491515,0.9988630256011087,0.9976466555662524,0.9969120524850285,0.9534345627304812,0.9191973519278073,0.9094443495293939,0.9312564734228613,0.9267828897971911,0.9077467961618572,0.8827080338228847,0.8251508091949012,0.6765100007050542,0.5534535912017422,0.4575180891315983,0.2756206860631484,0.9177553106875672
0.085,5.351761439043825,0.9147803079373017,0.9989387203996981,0.9977857770982257,0.997088955725598,0.9549802149557653,0.9214715833930028,0.9118588328404329,0.9332770818042158,0.9288764208188869,0.9101695167583118,0.8855293583798185,0.828586614251821,0.6806318361362573,0.5574706296085916,0.4612190115988106,0.2782270499771531,0.91938067533185
0.086,5.401810643561208,0.9170663355884541,0.9990089924225751,0.997915957547274,0.9972547718548306,0.9564650148644437,0.9236675474189974,0.9141941657165891,0.9352261590571088,0.9308975635989,0.9125139673821263,0.8882655926545894,0.8319341065023658,0.6846763747034109,0.5614281977089397,0.4648735842370034,0.28080883693052683,0.9209549575580046
0.087,5.451621707533703,0.9192772662262112,0.9990742576575579,0.9980378182383739,0.9974102566489452,0.9578917373403919,0.9257884198224653,0.91645341615714,0.9371066597101835,0.9328492477928118,0.914783142018036,0.8909198069056207,0.8351960693212737,0.6886455070610353,0.5653275053693024,0.46848264019536334,0.2833664144464525,0.9224802038936112
0.088,5.501196326582278,0.9214160078301104,0.9991348980360443,0.9981519339565866,0.9975561100464739,0.9592630133030408,0.9278372287008981,0.918639515571353,0.9389213992107105,0.934734267505549,0.9169799027082168,0.8934949433144647,0.8383751832027176,0.6925410677124488,0.5691697312681049,0.47204699294211305,0.2859001424492912,0.9239583625217563
0.089,5.550536180268351,0.9234853393287893,0.9991912644024956,0.9982588366993138,0.9976929806102275,0.960581338063722,0.9298168620925007,0.9207552655685303,0.9406730612240516,0.936555288307348,0.919106986080322,0.8959938219555819,0.8414740300187422,0.6963648368725112,0.5729560238215301,0.4755674368121584,0.28841037343961917,0.9253912887651577
0.09,5.599642932283464,0.9254879169889174,0.9992436792084579,0.9983590191030229,0.9978214696041187,0.9618490791491319,0.9317300752076356,0.9228033443836046,0.9423642045163708,0.938314853853157,0.9211670095235582,0.8984191464683277,0.8444950970928837,0.7001185422716465,0.5766875020833858,0.4790447475406501,0.29089745266746836,0.9267807502238802
0.091,5.6485182306362915,0.927426280462182,0.9992924389582974,0.9984529375748368,0.997942134720708,0.9630684836284436,0.9335794972564551,0.924786312958377,0.9439972694456463,0.940015392129194,0.9231624770326257,0.9007735094459266,0.847440781096255,0.7038038609018205,0.5803652566190887,0.48247968278239517,0.29336171830341307,0.9281284315909397
0.092,5.6971637078369906,0.9293028585092399,0.9993378164309745,0.9985410151563306,0.9980554934917402,0.9642416849779902,0.9353676378960419,0.9267066206974676,0.9455745840845371,0.9416592213489523,0.925095784738281,0.9030593975556223,0.8503133917732695,0.7074224207053439,0.5839903503539898,0.4858729826171293,0.29580350160719204,0.9294359391682315
0.093,5.745580981078968,0.9311199744185537,0.9993800626996481,0.9986236441441504,0.9981620264107315,0.9653707095150041,0.9370968933191021,0.9285666109170538,0.9470983699972312,0.9432485555195944,0.9269692261422331,0.9052791964035826,0.8531151555040383,0.7109758022075323,0.5875638193963417,0.48922537004072164,0.29822312709361853,0.9307048051035065
0.094,5.793771652418097,0.932879851137083,0.9994194089686474,0.9987011884896388,0.9982621797938005,0.9664574824296477,0.9387695520050219,0.9303685260035146,0.9485707476910599,0.9447855096984048,0.9287849970731016,0.9074351951575514,0.8558482187103102,0.7144655400943807,0.5910866738352868,0.4925375514424425,0.30062091269557767,0.9319364913675601
0.095,5.841737308949416,0.9345846161288851,0.9994560682453476,0.9987739859974766,0.9983563684023705,0.9675038334424779,0.9403878001529289,0.9321145122981688,0.9499937417623879,0.9462721049577628,0.9305452003792182,0.9095295909396356,0.8585146511116392,0.7178931247365026,0.5945598985143068,0.49581021706846995,0.30299716992394565,0.9331323934893552
0.096,5.889479522981366,0.9362363059768003,0.9994902368626913,0.9988423503414039,0.9984449778490812,0.9685115021125483,0.9419537268152703,0.9338066247234199,0.9513692857550923,0.947710273075971,0.9322518503731553,0.9115644930010437,0.8611164488382652,0.7212600036606691,0.5979844537806158,0.4990440414718367,0.3053522040243045,0.9342938440654758
0.097,5.936999852207591,0.9378368707415637,0.9995220958665139,0.9989065729133444,0.9985283668061878,0.9694821428195519,0.9434693287493514,0.9354468311647666,0.9526992267488127,0.9491018609702007,0.933906877042012,0.9135419266900247,0.8636555374069854,0.7245675829703271,0.6013612762110245,0.502239683949061,0.3076863141303624,0.9354221160590974
0.098,5.9842998398763525,0.939388178091884,0.9995518122803987,0.9989669245206892,0.9986068690338885,0.9704173294417483,0.9449365150032621,0.9370370166223345,0.9539853296930947,0.9504486348868199,0.9355121300366813,0.9154638372237065,0.8661337745660779,0.7278172287165284,0.6046912793148242,0.5053977889637224,0.3099997934140035,0.9365184259025312
0.099,6.031381014957594,0.940892017218269,0.9995795402595257,0.9990236569451009,0.9986807952443619,0.9713185597498684,0.946357111251652,0.938578987144818,0.9552292815025483,0.9517522843634219,0.937069382452554,0.9173320932740001,0.8685529530151207,0.7310102682207147,0.6079753542142678,0.5085189865572652,0.312292929231926,0.9375839364163839
0.1,6.078244892307692,0.9423501025426572,0.9996054221438347,0.999077004374934,0.9987504348158153,0.9721872595357647,0.9477328638959017,0.94007447355799,0.9564326949272061,0.9530144259759902,0.9385803344133927,0.9191484903772287,0.8709148030053279,0.7341479913508224,0.6112143703032354,0.5116038927473201,0.3145660032688453,0.9386197595574123
0.101,6.124892972831926,0.9437640772352316,0.999629589419811,0.9991271847222404,0.9988160573695058,0.9730247864932494,0.949065443942374,0.941525134999246,0.9575971122113858,0.9542366068838041,0.9400466164694261,0.9209147541766406,0.8732209948258041,0.7372316517521731,0.6144091758846855,0.5146531099138583,0.3168192916772452,0.9396269590062869
0.102,6.171326743644717,0.9451355165491376,0.9996521635992889,0.9991744008343068,0.998877914221496,0.9738324338673338,0.950356450671614,0.9429325622689921,0.9587240085535347,0.9554203081839117,0.9414697928200658,0.9226325435065018,0.8754731411809011,0.7402624680346093,0.6175605987874936,0.5176672271734826,0.31905306521369237,0.9406065526056717
0.103,6.217547678227655,0.9464659309832201,0.9996732570228525,0.9992188416087553,0.9989362397198224,0.9746114338869478,0.9516074151105934,0.9442982810090724,0.959814795378761,0.956566948086265,0.9428513643710426,0.9243034533260046,0.8776727994636466,0.7432416249173226,0.6206694469632883,0.5206468207421839,0.3212675893717296,0.9415595146582826
0.104,6.263557236585366,0.9477567692823076,0.9996929735946807,0.999260683020411,0.9989912524767789,0.9753629609951644,0.9528198033193747,0.9456237547178318,0.9608708234350286,0.9576778849199297,0.9441927716351829,0.9259290175107997,0.8798214739299974,0.7461702743328009,0.623736509063884,0.5235924542868733,0.3234631245113717,0.9424867780938999
0.105,6.3093568653992405,0.9490094212840279,0.999711409455026,0.9993000890673945,0.9990431565051392,0.9760881348899763,0.9539950195028821,0.946910387610874,0.9618933857233147,0.9587544199801371,0.9454953974855075,0.9275107115095498,0.8819206177784754,0.7490495364913035,0.6267625549999112,0.5265046792660197,0.3256399259852507,0.9433892365136903
0.106,6.3549479981790595,0.9502252206206222,0.9997286535959251,0.9993372126432255,0.9990921422663428,0.9767880233877705,0.9551344089578288,0.948159527336036,0.9628837202713906,0.9597978002253511,0.9467605697688273,0.9290499548725074,0.8839716351395341,0.7518805009072405,0.6297483364812412,0.5293840352597139,0.3277982442614492,0.9442677461195842
0.107,6.400332055412567,0.951405447283731,0.9997447884252091,0.9993721963411109,0.9991383876379559,0.9774636451208072,0.9562392608642384,0.9493724675506168,0.9638430127602872,0.9608092208329523,0.9479895637875276,0.9305481136587491,0.8859758829788121,0.7546642273888051,0.6326945875397809,0.5322310502894663,0.32993832504307696,0.9451231275359457
0.108,6.445510444712991,0.9525513300596726,0.9997598902834034,0.9994051731960467,0.9991820588070657,0.9781159720792295,0.9573108109304402,0.950550450368429,0.9647723990119553,0.9617898276216225,0.9491836046567897,0.9320065027283407,0.8879346729182461,0.7574017469921746,0.6356020250352166,0.5350462411280655,0.33206040938464443,0.9459561675302453
0.109,6.490484560964583,0.9536640488422955,0.9997740299176748,0.9994362673698601,0.9992233110956799,0.9787459320074154,0.9583502438998734,0.9516946686838077,0.9656729673460968,0.9627407193480124,0.9503438695440677,0.9334263879253769,0.8898492729788303,0.7600940629415647,0.6384713491442695,0.5378301135998009,0.3341647338052949,0.9467676206390029
0.11,6.535255786466165,0.9547447368300808,0.9997872729165989,0.9994655947838684,0.9992622897236707,0.9793544106638107,0.9593586959275406,0.9528062683792942,0.9665457608136632,0.9636629498848184,0.951471489797247,0.9348089881575155,0.8917209092486346,0.7627421515163783,0.6413032438340054,0.540583162871352,0.3362515303989634,0.9475582107048304
0.111,6.579825491072769,0.9557944826137836,0.9997996801091685,0.9994932637034255,0.9992991305143201,0.9799422539527642,0.9603372568334798,0.9538863504233267,0.9673917793140527,0.9645575302869573,0.9525675529675325,0.9361554773773244,0.8935507674795299,0.7653469629066649,0.6440983773197425,0.5433058737336476,0.3383210269415192,0.9483286323300113
0.112,6.62419503233533,0.9568143321605435,0.9998113079311507,0.9995193752782522,0.999333960547085,0.9805102699363103,0.9612869722401796,0.954935972863906,0.9682119816026113,0.9654254307521273,0.953633104732765,0.9374669864704778,0.8953399946159042,0.7679094220380608,0.6468574025080768,0.5459987208749837,0.34037344699497074,0.949079552251693
0.113,6.668365755638536,0.957805290700048,0.9998222087616122,0.9995440240421136,0.9993668987618066,0.9810592307333109,0.9622088456004474,0.955956152723855,0.9690072871946386,0.966267582481658,0.954669150726534,0.9387446050555573,0.8970897002584987,0.7704304293673438,0.6495809574255306,0.5486621691456829,0.342409010008793,0.9498116106434156
0.114,6.712338994336812,0.9587683245180206,0.9998324312321802,0.9995672983750986,0.9993980565182206,0.9815898743128731,0.9631038401218563,0.9569478678029744,0.9697785781717254,0.967084879447204,0.9556766582781431,0.9399893831999693,0.8988009580663487,0.7729108616497071,0.6522696656333216,0.5512966738145795,0.34442793141845585,0.9505254223473989
0.115,6.756116069888477,0.9597043626619922,0.9998420205113688,0.9995892809314812,0.999427538114307,0.9821029061884987,0.9639728805935243,0.9579120583920855,0.9705267008958978,0.9678781800684966,0.9566565580681952,0.9412023330562368,0.9004748070996689,0.7753515726788094,0.6549241366287302,0.5539026808175921,0.3464304227412186,0.951221578041714
0.116,6.799698291988132,0.9606142985640427,0.9998510185660932,0.99961004903589,0.9994554412667114,0.9825990010189942,0.9648168551206412,0.9588496289036715,0.971252467636708,0.9686483088070624,0.9576097457042874,0.9423844304226996,0.9021122531063879,0.7777533940006287,0.6575449662335295,0.5564806269986553,0.34841669166926237,0.951900645346184
0.117,6.843086958697262,0.961498991584922,0.9998594644023036,0.9996296750502827,0.999481857556202,0.9830788041217737,0.9656366167718377,0.959761449423553,0.9719566581161121,0.9693960576805215,0.9585370832210516,0.9435366162324393,0.9037142697549113,0.7801171356021085,0.6601327369699286,0.5590309403432574,0.350386942160234,0.9525631698706257
0.118,6.886283356573117,0.9623592684837162,0.9998673942864975,0.9996482267140123,0.999506872840881,0.9835429329038163,0.9664329851441861,0.9606483571877856,0.9726400209756751,0.9701221877018062,0.9594394005085305,0.9446597979740399,0.9052817998155639,0.7824435865755508,0.6626880184244626,0.561554040204838,0.35234137452527015,0.9532096762087953
0.119,6.929288760795873,0.963195924816983,0.9998748419497138,0.9996657674590856,0.9995305676396397,0.9839919782151981,0.9672067478503431,0.9615111579887258,0.9733032751703814,0.9708274302473844,0.9603174966726552,0.9457548510475987,0.9068157562930491,0.784733515759674,0.6652113676002553,0.5640503375242831,0.35428018551456664,0.9538406688811879
0.12,6.972104435294118,0.9640097262710632,0.9998818387754684,0.9996823567025325,0.999553017488146,0.9844265056297985,0.9679586619320772,0.9623506275139894,0.9739471112930697,0.9715124883583303,0.9611721413313754,0.9468226200592256,0.9083170235121482,0.7869876723582228,0.6677033292580541,0.5665202350427496,0.3562035684005672,0.954456633229643
0.121,7.014731632868672,0.9648014099310598,0.9998884139729676,0.999698050117656,0.9995742932694623,0.9848470566574846,0.9686894552041764,0.9631675126218147,0.9745721928332765,0.9721780379778635,0.9620040758497904,0.9478639200570874,0.909786458158777,0.7892067865369792,0.670164436246438,0.5689641275080441,0.3581117130588418,0.9550580362665141
0.122,7.057171595314787,0.9655716854897876,0.9998945947368124,0.9997128998857818,0.9995944615212227,0.9852541498918006,0.9693998275324965,0.9639625325561468,0.9751791573740471,0.9728247291287612,0.9628140145174446,0.9488795377118994,0.9112248902784174,0.7913915700000002,0.6725952098215754,0.5713824018747768,0.36000480604670815,0.9556453274809933
0.123,7.099425553542732,0.9663212363998014,0.9999004063943067,0.9997269549299962,0.9996135847211403,0.9856482820969312,0.9700904520496925,0.9647363801045685,0.9757686177300658,0.973453187033853,0.9636026456707685,0.9498702324446021,0.9126331242338389,0.7935427165458631,0.674996159956895,0.5737754374984974,0.36188303067967775,0.9562189396050064
0.124,7.141494727696792,0.9670507209714477,0.9999058725413826,0.99974026113224,0.9996317215524768,0.9860299292374692,0.9707619763119693,0.9654897227020347,0.9763411630302594,0.9740640131826231,0.9643706327634831,0.9508367375038266,0.9140119396239411,0.7956609026046846,0.6773677856430278,0.5761436063240145,0.36374656710577746,0.9567792893409596
0.125,7.183380327272729,0.9677607734197106,0.9999110151680709,0.9997528615350189,0.999648927150972,0.986399547454295,0.9714150233999959,0.9662232034831957,0.9768973597478474,0.9746577863467686,0.9651186153876287,0.9517797609956039,0.915362092165454,0.797746787756638,0.6797105751783601,0.5784872730681049,0.3655955923778177,0.9573267780534629
0.126,7.225083551233673,0.9684520048624764,0.9999158547743633,0.9997647965288836,0.9996652533346112,0.9867575739896653,0.972050192966944,0.9669374422859444,0.9774377526806365,0.9752350635473985,0.9658472102477264,0.9526999868676527,0.9166843145391548,0.7998010152326729,0.6820250064505249,0.5808067953967893,0.36743028052366045,0.9578617924270314
0.127,7.266605588124548,0.9691250042726918,0.9999204104772433,0.9997761040267491,0.9996807488175049,0.9871044280644172,0.9726680622364445,0.9676330366086737,0.9779628658841975,0.9757963809764064,0.9665570120904492,0.9535980758504479,0.9179793172021732,0.8018242123981064,0.6843115472091479,0.5831025240973671,0.36925080261455734,0.9583847050916398
0.128,7.307947616184972,0.9697803393867563,0.9999247001095947,0.9997868196260291,0.9996954594090481,0.9874405117100102,0.9732691869530944,0.968310562523595,0.9784732035604109,0.9763422548744061,0.9672485945920438,0.9544746663571664,0.9192477891678938,0.8038169912197389,0.6865706553301573,0.5853748032453818,0.3710573268316014,0.9588958752178959
0.129,7.349110803460707,0.9704185575713601,0.9999287403116348,0.9997969767594928,0.9997094281994394,0.9877662105579635,0.9738541022879955,0.9689705755483364,0.978969250903725,0.9768731823674799,0.9679225112056208,0.9553303753444894,0.9204903987548808,0.8057799487171103,0.6888027790719466,0.5876239703666921,0.3728500185303639,0.9593956490834822
0.13,7.3900963079136694,0.9710401866508555,0.9999325466154733,0.9998066068356729,0.9997226957325537,0.9880818945890832,0.9744233237016681,0.9696136114779221,0.9794514749073355,0.9773896422648695,0.9685792959703199,0.9561657991361392,0.9217077943061863,0.807713667398497,0.6910083573236778,0.5898503565948072,0.3746290403037611,0.959884360612427
0.131,7.430905277530511,0.9716457356971429,0.9999361335233341,0.9998157393695944,0.9997353001670878,0.9883879188447344,0.9749773477665484,0.9702401871791151,0.9799203251313741,0.9778920958196116,0.9692194642842425,0.9569815142109335,0.9229006048803456,0.8096187156822231,0.6931878198459934,0.5920542868236514,0.3763945520432074,0.9603623318886628
0.132,7.4715388504298,0.9722356957839352,0.9999395145799476,0.9998244021045303,0.9997472774268236,0.9886846241022669,0.975516652951155,0.9708508013490009,0.9803762344350689,0.9783809874540165,0.9698435136429455,0.957778077957044,0.9240694409152881,0.8114956483038337,0.6953415875044081,0.594236079855905,0.3781467109981095,0.9608298736452515
0.133,7.511998154967834,0.9728105407071718,0.9999427024395651,0.9998326211254371,0.9997586613407924,0.9889723375165849,0.976041700367892,0.9714459352395859,0.9808196196747384,0.9788567454517749,0.9704519243451899,0.9585560293940609,0.9252148948663467,0.8133450067096636,0.6974700724956217,0.5963960485470736,0.3798856718337469,0.9612872857305634
0.134,7.552284309843082,0.9733707276732531,0.9999457089280203,0.9998404209646743,0.9997694837740622,0.9892513732297218,0.9765529344863477,0.97202605335009,0.981250882369365,0.9793197826183859,0.9710451601675498,0.9593158898643833,0.9263375418194846,0.8151673194373033,0.6995736785670081,0.5985344999454241,0.38161158668759354,0.9617348575526367
0.135,7.592398424199288,0.9739166979566799,0.9999485451002217,0.9998478247005615,0.9997797747498143,0.9895220329501764,0.9770507838138449,0.9725916040885223,0.9816704093354093,0.9797704969115004,0.9716236690094013,0.9600581636953738,0.9274379400808114,0.8169631024834558,0.7016528012295098,0.6006517354279304,0.38332460522412304,0.962172868502854
0.136,7.632341597727273,0.9744488775285941,0.9999512212934302,0.99985485404929,0.9997895625633285,0.9897846065036583,0.977535661544898,0.973143020404043,0.9820785732924229,0.9802092720426896,0.9721878835097261,0.9607833388336466,0.9285166317434042,0.8187328596596466,0.7037078279641604,0.6027480508323502,0.3850248746881463,0.9626015883600255
0.137,7.672114920765416,0.9749676776576403,0.9999537471766478,0.9998615294506608,0.9997988738884444,0.9900393723567931,0.9780079661811468,0.9736807203915352,0.9824757334409395,0.9806364780520659,0.9727382216370943,0.9614918874527887,0.9295741432324095,0.820477082936242,0.7057391384224634,0.6048237365855744,0.3867125399567276,0.9630212776758849
0.138,7.711719474398868,0.9754734954844914,0.9999561317964162,0.9998678701480914,0.9998077338770294,0.9902865981152466,0.9784680821232457,0.9742051078697351,0.9828622360140374,0.9810524718571036,0.9732750872541153,0.9621842665357387,0.9306109858293476,0.8221962527752008,0.7077471046208235,0.606879077828359,0.3883877435897175,0.9634321881429685
0.139,7.751156330557516,0.97596671457131,0.9999583836193005,0.9998738942632945,0.9998161662519401,0.9905265409976417,0.9789163802361074,0.9747165729341968,0.9832384148038938,0.9814575977769361,0.9737988706575771,0.962860918433003,0.9316276561765061,0.8238908384519811,0.7097320911292441,0.6089143545365652,0.3900506258789499,0.9638345629457725
0.14,7.790426552112677,0.9764477054273524,0.9999605105713094,0.9998796188660053,0.9998241933939311,0.9907594482865605,0.9793532183888284,0.9752154924863009,0.9836045916645765,0.981852188033336,0.9743099490954349,0.963522271397811,0.9326246367622631,0.8255612983669913,0.7116944552544753,0.6109298416390194,0.3917013248961425,0.9642286370960448
0.141,7.829531192972593,0.9769168260118544,0.9999625200744867,0.9998850600391063,0.9998318364229279,0.9909855577578482,0.9797789419705423,0.9757022307394543,0.9839610769922535,0.9822365632295211,0.974808687261744,0.964168740099269,0.9336023963881434,0.8272080803469763,0.7136345472178083,0.612925809132104,0.39333997653953723,0.9646146377530154
0.142,7.868471298176718,0.9773744222152857,0.9999644190808857,0.9998902329394692,0.9998391152740549,0.9912050980893687,0.980193884383392,0.9761771397035661,0.9843081701839361,0.9826110328078673,0.9752954377705798,0.9648007261145153,0.9345613906183746,0.8288316219366993,0.715552710327688,0.6149025221911839,0.39496671457932186,0.9649927845293252
0.143,7.907247903988805,0.9778208283199962,0.9999662141041245,0.9998951518548136,0.9998460487687759,0.9914182892502889,0.9805983675137356,0.9766405596488311,0.9846461600758086,0.9829758954875503,0.9757705416099305,0.9654186184008261,0.9355020622126751,0.8304323506812739,0.7174492811473248,0.6168602412789699,0.39658167070187034,0.9653632897833678
0.144,7.945862037988827,0.9782563674412285,0.9999679112487038,0.9998998302568581,0.9998526546814829,0.991625342871914,0.9809927021826522,0.9770928195497947,0.9849753253621469,0.9833314396830887,0.9762343285764995,0.9660227937485797,0.9364248415429677,0.8320106843994833,0.7193245896574645,0.6187992222509208,0.3981849745528314,0.9657263588987243
0.145,7.984314719163764,0.9786813519494205,0.9999695162372548,0.9999042808510197,0.9998589498018403,0.9918264626010332,0.9813771885767475,0.9775342375106286,0.9852959349957698,0.9836779439047048,0.9766871176923071,0.966613617215939,0.9373301469946917,0.8335670314484172,0.721178959414486,0.6207197164577757,0.3997767537791125,0.9660821905513268
0.146,8.022606957997219,0.9790960838746732,0.9999710344358688,0.9999085156228984,0.9998649499931749,0.9920218444366817,0.9817521166602142,0.9779651211724949,0.9856082485709189,0.9840156771413728,0.9771292176039316,0.9671914425460694,0.9382183853533421,0.8351017909797276,0.723012707703975,0.6226219708453106,0.40135713406977536,0.9664309769649612
0.147,8.060739756557947,0.9795008552942148,0.9999724708776527,0.9999125458817686,0.9998706702471751,0.9922116770511742,0.982117766569046,0.9783857681038312,0.9859125166894147,0.9843448992273818,0.9775609269651934,0.9677566125676728,0.9390899521768473,0.836615353187816,0.7248261456899245,0.6245062280514047,0.4029262391958941,0.9667729041556739
0.148,8.098714108587258,0.9798959487036516,0.9999738302846423,0.9999163823012792,0.9998761247351491,0.9923961420962175,0.9824744089882601,0.978796466174349,0.9862089813108945,0.9846658611931913,0.9779825348040412,0.9683094595795749,0.9399452321543632,0.8381080995502297,0.7266195785597085,0.6263727265005052,0.4044841910493897,0.9671081521656264
0.149,8.136530999585348,0.9802816373727509,0.9999751170881893,0.9999200349575537,0.9998813268560712,0.9925754144948641,0.9828223055129369,0.9791974939134988,0.9864978760878911,0.9849788056013256,0.9783943208743602,0.9688503057200721,0.9407845994520381,0.8395804030605504,0.7283933056649627,0.6282217004955679,0.40603110968088807,0.9674368952869093
0.15,8.174191406896552,0.9806581856864725,0.9999763354479405,0.9999235133648644,0.9998862892816299,0.992749662720024,0.9831617089938444,0.9795891208541101,0.9867794266864747,0.985283966868005,0.9787965559933911,0.9693794633217073,0.9416084180462754,0.8410326284540386,0.7301476206585109,0.6300533803075583,0.4075671133366132,0.967759302275801
0.151,8.21169629979353,0.981025849471919,0.9999774892695048,0.999926826509047,0.9998910239984771,0.9929190490602177,0.9834928638683741,0.979971607861891,0.9870538510931444,0.9855815715711858,0.9791895023654094,0.9698972352521137,0.9424170420450022,0.8424651324262888,0.7318828116274609,0.6318679922625847,0.4090923184943618,0.9680755365579213
0.152,8.24904663956044,0.9813848763118499,0.9999785822209093,0.9999299828788031,0.9998955423478615,0.9930837298732094,0.9838160064774785,0.980345207451424,0.987321359908615,0.9858718387456378,0.979573413892284,0.970403915241531,0.9432108159974228,0.8438782638451429,0.7335991612225968,0.6336657588267398,0.4106068398985727,0.9683857564247259
0.153,8.286243379575053,0.9817355058453684,0.999979617747928,0.9999329904950354,0.9998998550628205,0.9932438558281294,0.9841313653692652,0.9807101640892752,0.9875821566291175,0.9861549801656636,0.9799485364715057,0.970899788197577,0.9439900751927224,0.8452723639560961,0.7352969467841856,0.6354468986887201,0.41211079059452427,0.9686901152217404
0.154,8.323287465389877,0.9820779700563599,0.999980599088366,0.9999358569383442,0.9999039723030883,0.9933995721366574,0.9844391615898667,0.9810667144847955,0.9878364379157946,0.9864312006160274,0.9803151082822431,0.9713851305078204,0.9447551459481582,0.8466477665814238,0.7369764404643137,0.6372116268402934,0.4136042819616864,0.9689887615289314
0.155,8.360179834812287,0.9824124935502335,0.9999815292853743,0.9999385893748085,0.9999079036878689,0.993551018773812,0.984739608962178,0.981415087869167,0.9880843938527482,0.9867006981516371,0.9806733600599595,0.9718602103306829,0.9455063458869633,0.8480047983132473,0.7386379093458646,0.6389601546546795,0.4150874237462475,0.9692818393335794
0.156,8.396921417983652,0.9827392938194907,0.9999824111998635,0.999941194580164,0.9999116583266152,0.9936983306888558,0.9850329143530191,0.9817555062632198,0.9883262081942635,0.9869636643464926,0.981023515360097,0.9723252878751695,0.9462439842064626,0.8493437787007463,0.7402816155582437,0.6406926899629066,0.4165603240928416,0.9695694881960052
0.157,8.433513137457513,0.9830585814986185,0.9999832475220817,0.9999436789624834,0.9999152448479399,0.9938416380068061,0.9853192779292537,0.9820881847345208,0.9885620586017086,0.9872202845323895,0.9813657908113091,0.9727806156699026,0.9469683619367906,0.8506650204317234,0.7419078163899542,0.6424094371282083,0.41802308957550616,0.9698518434084786
0.158,8.469955908276798,0.9833705606087825,0.9999840407824149,0.9999460485834584,0.9999186714267798,0.9939810662210065,0.9855988934033717,0.982413331644207,0.988792116870585,0.9874707380278439,0.9817003963587007,0.9732264388219156,0.947679772190576,0.8519688295087114,0.7435167643981233,0.6441105971185178,0.41947582522787996,0.9701290361476278
0.159,8.506250638050101,0.9836754287927688,0.9999847933614656,0.9999483091783732,0.9999219458099264,0.9941167363771976,0.9858719482690105,0.9827311488840186,0.9890165491481797,0.9877151983576771,0.9820275354975122,0.9736629952656378,0.9483785004039482,0.8532555054198117,0.7451087075150737,0.6457963675771177,0.42091863457267353,0.9704011936206438
0.16,8.542398227027027,0.9839733775406054,0.9999855074994601,0.9999504661748548,0.9999250753400252,0.9942487652494973,0.9861386240268737,0.9830418321039601,0.989235516142246,0.9879538334636825,0.9823474054976629,0.9740905160024839,0.9490648245692037,0.854525341304443,0.7466838891520354,0.6474669428915012,0.4223516196504302,0.9706684392055671
0.161,8.578399568172623,0.9842645924062712,0.9999861853050311,0.9999525247104809,0.9999280669781426,0.9943772655086816,0.9863990964014789,0.9833455709310012,0.9894491733211209,0.9881868059067729,0.982660197619549,0.9745092253314421,0.9497390154594536,0.8557786241141736,0.7482425483000827,0.649122514260497,0.4237748810475954,0.9709308925859217
0.162,8.614255547240916,0.9845492532158805,0.9999868287634205,0.999954489649316,0.9999309273249909,0.9945023458831336,0.9866535355491469,0.9836425491792058,0.9896576711056639,0.9884142730609868,0.9829660973214753,0.9749193410710357,0.950401336845564,0.8570156347688014,0.7497849196283883,0.6507632697597114,0.425188517923917,0.971188669879956
0.163,8.64996704284755,0.9848275342677156,0.9999874397441408,0.9999563655974482,0.9999336626408954,0.9946241113128151,0.9869021062576218,0.9839329450516623,0.9898611550533885,0.9886363872997163,0.9832652844590756,0.9753210747730185,0.9510520457056836,0.858236648307846,0.7513112335798715,0.6523893944053377,0.4265926280391962,0.971441883764728
0.164,8.685534926541557,0.9850996045244574,0.9999880200081357,0.9999581569175879,0.999936278864583,0.9947426630965888,0.9871449681376967,0.9842169313345683,0.9900597660351305,0.9888532961744985,0.9835579334770694,0.9757146319281429,0.9516913924276426,0.8594419340375998,0.7528217164643247,0.6540010702163752,0.42798730777940364,0.9716906435952692
0.165,8.720960062876255,0.9853656277979522,0.9999885712144703,0.9999598677427899,0.9999387816308668,0.9948580990332074,0.9873822758071974,0.9844946755838073,0.9902536404045921,0.9890651425867003,0.9838442135936762,0.9761002121643308,0.9523196210044956,0.8606317556738949,0.7543165905490945,0.6555984762753146,0.42937265218218246,0.9719350555190474
0.166,8.756243309479308,0.9856257629268341,0.9999890949265874,0.999961501989353,0.9999411762872945,0.9949705135562702,0.9876141790676615,0.984766340304338,0.9904429101610723,0.9892720649524042,0.9841242889780022,0.9764780094375576,0.9529369692234679,0.8618063714807209,0.7557960741473919,0.6571817887873276,0.4307487549617546,0.9721752225859303
0.167,8.791385517121919,0.9858801639473076,0.9999895926181569,0.9999630633689515,0.9999434679098254,0.9950799978634264,0.9878408230740331,0.9850320831227033,0.9906277031056884,0.9894741973607939,0.9843983189206925,0.9768482122157446,0.9535436688485535,0.8629660344048354,0.7572603817043028,0.6587511811380051,0.4321157085332463,0.9724112448538553
0.168,8.826387529787235,0.9861289802573829,0.9999900656785475,0.9999645554000448,0.9999456613175967,0.9951866400400984,0.9880623484976792,0.9852920569529512,0.9908081429913733,0.9896716697263221,0.984666457998135,0.9772110036559496,0.9541399457970051,0.8641109922064991,0.7587097238805701,0.6603068239496865,0.43347360403644797,0.972643219490389
0.169,8.86125018473789,0.9863723567748396,0.9999905154179459,0.999965981418612,0.9999477610868338,0.9952905251779764,0.9882788916830174,0.9855464101562443,0.9909843496669223,0.989864607934928,0.9849288562304837,0.9775665617751219,0.9547260203099462,0.8652414875864597,0.7601443076342144,0.6618488851364244,0.4348225313590288,0.9728712408703573
0.17,8.895974312582783,0.9866104340891841,0.9999909430721471,0.9999673445882526,0.9999497715639593,0.9953917354885289,0.9884905847980326,0.9857952866944256,0.9911564392153487,0.9900531339845616,0.985185659233758,0.9779150596146841,0.9553021071173206,0.8663577583093128,0.7615643363000556,0.6633775299576177,0.4361625791592145,0.9730954006697173
0.171,8.93056073734303,0.9868433486078532,0.9999913498070386,0.9999686479096938,0.9999516968779474,0.9954903504117582,0.9886975559789453,0.986038826277792,0.9913245240867952,0.990237366120259,0.9854370083662678,0.9782566653991881,0.9558684155973944,0.8674600373233521,0.7629700096672025,0.6648929210703558,0.4374938348879507,0.973315787955831
0.172,8.96501027651715,0.9870712326969033,0.9999917367227992,0.9999698942297406,0.9999535409519718,0.9955864467204186,0.9888999294692834,0.9862771645073191,0.9914887132262374,0.9904174189640008,0.9856830408695927,0.9785915426892833,0.9564251499310095,0.8685485528770279,0.7643615240545669,0.6663952185805078,0.4388163848105563,0.9735324892742995
0.173,8.99932374114549,0.987294214816418,0.999992104857831,0.9999710862497049,0.9999553075143881,0.9956800986199067,0.9890978257535972,0.9865104330115647,0.9916491121962037,0.9905934036395765,0.9859238900043448,0.9789198505292208,0.9569725092507823,0.8696235286321198,0.7657390723844627,0.6678845800925957,0.44013031402789204,0.9737455887324988
0.174,9.03350193587385,0.9875124196508486,0.9999924551924425,0.9999722265333422,0.999957000109093,0.9957713778440185,0.9892913616860445,0.9867387595784756,0.9918058232947249,0.9907654278926651,0.9861596851809259,0.9792417435891144,0.9575106877854346,0.8706851837737333,0.7671028442543473,0.6693611607584825,0.44143570649704933,0.9739551680799636
0.175,9.067545659016393,0.9877259682345013,0.9999927886523,0.99997331751433,0.9999586221052961,0.9958603537467625,0.989480650614064,0.9869622682823033,0.9919589456687183,0.9909335962063345,0.9863905520854838,0.9795573723021619,0.9580398749994338,0.8717337331172176,0.7684530260067578,0.6708251133249099,0.44273264505157495,0.9741613067857489
0.176,9.1014557026178,0.9879349780723679,0.9999931061116619,0.9999743615033144,0.9999601767067403,0.9959470933904061,0.989665802497345,0.9871810796058321,0.9921085754230003,0.9910980099121525,0.9866166128012624,0.9798668829970274,0.9585602557281121,0.8727693872121074,0.7697898007974956,0.672276588179917,0.4440212114212436,0.974364082112899
0.177,9.135232852514697,0.9881395632564924,0.9999934083964107,0.9999753606945504,0.9999616669604044,0.9960316616299251,0.9898469240222902,0.9873953105581105,0.9922548057251128,0.9912587672970916,0.9868379859255337,0.9801704180255737,0.9590720103084316,0.8737923524431804,0.7711133486621125,0.6737157333981743,0.44530148625139243,0.9745635691901414
0.178,9.168877888396349,0.9883398345780551,0.999993696286896,0.9999763171721617,0.9999630957647174,0.996114121194016,0.9900241187121606,0.9876050747878681,0.9923977269061398,0.9914159637064048,0.9870547866822869,0.9804681158861249,0.9595753147055499,0.8748028311287244,0.772423846580744,0.6751426947852585,0.44657354912182845,0.9747598410809274
0.179,9.202391583864673,0.9885358996353474,0.999993970520601,0.999977232916044,0.999964465877315,0.9961945327628271,0.990197487033082,0.9878104826927937,0.9925374265576841,0.9915696916426378,0.9872671270308471,0.9807601113424358,0.9600703406353385,0.8758010216160991,0.7737214685413407,0.6765576159208995,0.4478374785653165,0.9749529688499254
0.18,9.235774706493507,0.9887278629378062,0.9999942317946433,0.9999781098074306,0.9999657799223642,0.9962729550425506,0.9903671264960874,0.9880116415248419,0.9926739896251637,0.9917200408609383,0.9874751157705856,0.9810465355385306,0.9605572556829995,0.8767871183746812,0.7750063856013424,0.6779606382012304,0.44909335208566503,0.9751430216270714
0.181,9.269028017887232,0.988915826006264,0.9999944807681226,0.9999789496341432,0.9999670403974821,0.9963494448370177,0.9905331317553554,0.9882086554917268,0.9928074984975819,0.9918670984608152,0.9876788586418773,0.9813275161095744,0.9610362234179188,0.8777613120862716,0.77627876594784,0.6793519008800615,0.45034124617541715,0.9753300666692809
0.182,9.30215227373868,0.9890998874695687,0.9999947180643225,0.999979754095546,0.9999682496802728,0.9964240571164259,0.9906955947028039,0.9884016258547561,0.9929380330939178,0.9920109489744917,0.9878784584234536,0.9816031772889257,0.9615074035048905,0.8787237897330465,0.7775387749562672,0.6807315411092124,0.45158123633315583,0.975514169419917
0.183,9.335148223886378,0.9892801431577164,0.9999949442727787,0.9999805248072193,0.9999694100345047,0.9964968450833271,0.9908546045591882,0.9885906510231526,0.9930656709462771,0.9921516744519936,0.9880740150262937,0.9818736400115193,0.9619709518118404,0.8796747346831272,0.7787865752476673,0.6820996939779216,0.452813397080436,0.9756953935661032
0.184,9.368016612371134,0.9894566861916393,0.9999951599512202,0.9999812633053735,0.9999705236159486,0.9965678602359936,0.9910102479618453,0.9887758266449994,0.9931904872799366,0.9922893545431034,0.9882656255841905,0.982139022013718,0.962427020514173,0.880614326773842,0.7800223267445702,0.6834564925513618,0.4540378019783555,0.9758738010939724
0.185,9.40075817749196,0.9896296070697771,0.9999953656273931,0.9999819710510125,0.9999715924778972,0.9966371524292771,0.991162609049222,0.9889572456949473,0.99331255509041,0.9924240665763098,0.9884533845411213,0.9823994379297659,0.9628757581958591,0.8815427423927534,0.7812461867255239,0.6848020679082842,0.4552545236437653,0.9760494523419326
0.186,9.433373651861361,0.9897989937515638,0.9999955618007729,0.9999826494338679,0.9999726185763841,0.9967047699330702,0.9913117695423159,0.9891349985588068,0.9934319452176571,0.9925558856348706,0.9886373837355469,0.9826549993849746,0.9633173099473806,0.8824601545565172,0.7824583098783146,0.6861365491778151,0.4564636337651391,0.9762224060520316
0.187,9.465863762459962,0.9899649317379465,0.9999957489441738,0.9999832997761134,0.9999736037751189,0.9967707594884724,0.9914578088231554,0.9893091731151509,0.9935487264175523,0.9926848846301084,0.9888177124817603,0.9829058150857626,0.9637518174606392,0.8833667329876407,0.7836588483519137,0.6874600635754267,0.4576652031181043,0.9763927194194939
0.188,9.498229230690537,0.990127504149058,0.9999959275052615,0.9999839233358735,0.9999745498501573,0.9968351663617595,0.9916008040104355,0.9894798548140431,0.9936629654307247,0.9928111343720477,0.9889944576483982,0.9831519909066683,0.9641794191209359,0.8842626441892036,0.7848479518071881,0.688772736438106,0.45885930158064603,0.9765604481405054
0.189,9.530470772431396,0.990286791799149,0.9999960979079748,0.9999845213105383,0.9999754584943172,0.9968980343962521,0.9917408300324256,0.9896471267530047,0.9937747270488746,0.9929347036375009,0.9891677037342247,0.9833936299744471,0.9646002500961233,0.8851480515176054,0.7860257674664062,0.69007469125874,0.4600459981479905,0.9767256464583131
0.19,9.562589098089173,0.9904428732688908,0.9999962605538621,0.9999850948398968,0.9999763313213595,0.9969594060621704,0.9918779596972571,0.9898110697503261,0.9938840741786693,0.9930556592357028,0.9893375329412915,0.9836308327493631,0.9650144424230274,0.8860231152533949,0.7871924401615725,0.6913660497197409,0.4612253609471777,0.9768883672077092
0.191,9.594584912650985,0.9905958249751479,0.9999964158233384,0.999985645009098,0.9999771698699441,0.9970193225045619,0.9920122637606931,0.9899717624158265,0.9939910679033153,0.9931740660715933,0.989504025245577,0.983863697103779,0.965422125091231,0.8868879926702439,0.7883481123816269,0.6926469317259296,0.4623974572513303,0.9770486618579601
0.192,9.626458915736041,0.9907457212383196,0.9999965640768674,0.9999861728514499,0.9999779756073759,0.9970778235893847,0.992143810991483,0.9901292812191602,0.9940957675418982,0.9932899872068384,0.9896672584651982,0.9840923183981427,0.9658234241243132,0.8877428381021182,0.7894929243185348,0.6939174554366958,0.4635623534936264,0.9772065805542428
0.193,9.658211801646612,0.9908926343473442,0.9999967056560747,0.9999866793510662,0.9999787499331505,0.9971349479478216,0.9922726682343953,0.9902837005557616,0.9941982307065822,0.9934034839186805,0.9898273083262881,0.9843167895544686,0.9662184626586262,0.8885878030087015,0.7906270139123023,0.6951777372974576,0.4647201152809861,0.9773621721576464
0.194,9.689844259418459,0.9910366346224533,0.9999968408847933,0.9999871654453704,0.9999794941823137,0.9971907330189023,0.9923989004710192,0.9904350928105227,0.9942985133577504,0.9935146157567016,0.9899842485266279,0.9845372011274028,0.9666073610196979,0.8894230360391219,0.7917505168949419,0.6964278920704323,0.465870807407472,0.9775154842837971
0.195,9.721356972870664,0.9911777904757652,0.9999969700700504,0.9999876320274624,0.9999802096286419,0.9972452150905009,0.9925225708784232,0.9905835284192842,0.9943966698571708,0.9936234405975812,0.9901381507971178,0.9847536413729634,0.9669902367963373,0.8902486830940324,0.7928635668334227,0.6976680328647431,0.46701449386742255,0.9776665633401525
0.196,9.752750620654913,0.9913161684697976,0.999997093502993,0.99998807994836,0.9999808974876565,0.9972984293387808,0.9926437408857542,0.99072907592823,0.9944927530192635,0.9937300146979279,0.9902890849611672,0.9849661963150368,0.9673672049125217,0.8910648873860976,0.7939662951716255,0.6988982711658728,0.46815123786830937,0.9778154545620268
0.197,9.784025876304213,0.9914518333739797,0.999997211459763,0.9999885100191178,0.9999815589194803,0.9973504098661464,0.9927624702288569,0.9908718020512562,0.9945868141605442,0.9938343927452566,0.9904371189920835,0.9851749498097149,0.9677383776971397,0.8918717894989254,0.7950588312713359,0.7001187168644867,0.46928110184334326,0.9779622020473867
0.198,9.815183408281055,0.9915848482192362,0.9999973242023182,0.9999889230128337,0.9999821950315433,0.9974011897377685,0.9928788170029883,0.9910117717253987,0.9946789031473157,0.9939366279071866,0.9905823190685321,0.9853799836075484,0.9681038649516611,0.8926695274444988,0.7961413024522963,0.7013294782846338,0.470404147463818,0.978106848790469
0.199,9.846223880025047,0.9917152743507218,0.9999974319792083,0.9999893196665486,0.9999828068811492,0.9974508010167369,0.992992837713704,0.9911490481643851,0.9947690684416751,0.9940367718789256,0.9907247496281415,0.9855813774137931,0.9684637740158037,0.8934582367191433,0.7972138340313457,0.7025306622113513,0.47152043565121105,0.9782494367142646
0.2,9.87714795,0.9918431714787683,0.9999975350263041,0.999989700683044,0.9999833954779077,0.9974992747979022,0.9931045873259828,0.9912836929103875,0.9948573571459028,0.9941348749291065,0.9908644734193197,0.9857792089467198,0.9688182098312635,0.8942380503580789,0.7982765493606689,0.7037223739176772,0.4726300265890395,0.9783900067019108
0.201,9.907956271740487,0.9919685977281167,0.9999976335674857,0.9999900667325452,0.9999839617860414,0.997546641240455,0.9932141193116597,0.9914157658840371,0.9949438150452942,0.9942309859440411,0.9910015515513502,0.9859735539940565,0.9691672750035704,0.895009098988593,0.7993295698651801,0.7049047171910949,0.47373297973448125,0.9785285986270333
0.202,9.938649493897882,0.9920916096854955,0.9999977278152908,0.9999904184543341,0.9999845067265738,0.9975929295992976,0.9933214856952298,0.9915453254327695,0.9950284866494962,0.9943251524704485,0.9911360435428286,0.9861644864676318,0.9695110698621342,0.8957715108818773,0.8003730150790619,0.706077794359418,0.47482935382976565,0.9786652513830769
0.203,9.969228260285893,0.992212262445606,0.9999978179715265,0.999990756458277,0.9999850311794043,0.9976381682552554,0.9934267370980856,0.9916724283775602,0.9951114152324048,0.9944174207567178,0.9912680073685021,0.98635207845628,0.9698496925185375,0.8965254120035662,0.801407002681485,0.7072417063161309,0.47591920691333767,0.9788000029116639
0.204,9.999693209925557,0.9923306096555761,0.9999979042278448,0.9999910813262722,0.999985535985278,0.9976823847441765,0.9935299227812474,0.9917971300581099,0.9951926428706787,0.9945078357927596,0.9913974995045695,0.9865364002770722,0.9701832389231348,0.8972709260630115,0.8024316485315273,0.7083965525452021,0.4770025963308062,0.9789328902300158
0.205,10.030044977089782,0.992446703557936,0.9999979867662873,0.9999913936136222,0.9999860219476534,0.9977256057849616,0.993631090686642,0.9919194843765361,0.9952722104809215,0.9945964413484997,0.991524574972497,0.9867175205249288,0.9705118029200116,0.8980081745613345,0.8034470667023135,0.7095424311453766,0.4780795787456733,0.9790639494574715
0.206,10.06028419134734,0.9925605950321714,0.9999980657597968,0.9999916938503338,0.9999864898344771,0.9977678573065706,0.9937302874769859,0.9920395438396271,0.9953501578555844,0.9946832800110653,0.9916492873814055,0.9868955061206742,0.970835476300357,0.898737276838285,0.804453369514397,0.7106794388539668,0.47915021014985915,0.9791932158411376
0.207,10.090411477606414,0.992672333634907,0.9999981413727024,0.9999919825423507,0.9999869403798666,0.9978091644740437,0.9938275585743235,0.9921573595997085,0.9954265236976361,0.9947683932207142,0.9917716889690774,0.9870704223575856,0.9711543488543025,0.899458350117945,0.8054506675684029,0.7118076710701491,0.48021454587401824,0.9793207237807022
0.208,10.120427456157636,0.9927819676387679,0.9999982137611756,0.9999922601727225,0.9999873742857088,0.9978495517135783,0.9939229481972714,0.992272981494174,0.9955013456540465,0.9948518213055505,0.9918918306416369,0.9872423329464872,0.9714685084212742,0.900171509553307,0.8064390697769499,0.7129272218777831,0.4812726405976615,0.9794465068524398
0.209,10.150332742716655,0.9928895440699692,0.999998283073661,0.9999925272027133,0.9999877922231787,0.9978890427366982,0.9940164993970172,0.9923864580837279,0.9955746603481314,0.994933603515076,0.9920097620119473,0.9874113000594438,0.9717780409389073,0.9008768682697609,0.8074186833958709,0.7140381840677603,0.48232454835907745,0.9795705978324447
0.21,10.180127948466257,0.992995108744678,0.9999983494512836,0.9999927840728524,0.99998819483418,0.997927660563552,0.994108254092116,0.9924978366893872,0.9956465034107965,0.9950137780526164,0.9921255314367738,0.9875773843720987,0.9720830304905697,0.9015745374075173,0.8083896140547517,0.7151406491598957,0.4833703225650693,0.979693028719107
0.211,10.209813680097978,0.9930987063041936,0.9999984130282328,0.9999930312039326,0.9999885827327158,0.997965427545373,0.9941982531021334,0.992607163428285,0.9957169095107256,0.9950923821066667,0.9922391860527545,0.9877406451047047,0.9723835593515371,0.9022646261630003,0.8093519657868011,0.716234707424376,0.48441001600050193,0.9798138307548762
0.212,10.2393905398533,0.9932003802489867,0.999998473932125,0.9999932689979556,0.9999889565061892,0.9980023653861363,0.9942865361801726,0.9927144832483216,0.9957859123835494,0.9951694518811932,0.9923507718112208,0.9879011400618917,0.9726797080338638,0.9029472418292356,0.8103058410580728,0.7173204479027695,0.4854436808376702,0.9799330344473224
0.213,10.268859125564369,0.9933001729716394,0.9999985322843472,0.9999934978390306,0.9999893167166399,0.9980384951634423,0.9943731420443304,0.9928198399617006,0.995853544860036,0.9952450226249323,0.9924603335119111,0.9880589256712143,0.9729715553299906,0.9036224898352626,0.8112513407960542,0.7183979584286131,0.4864713686454889,0.9800506695895301
0.214,10.298220030694276,0.9933981257887254,0.9999985882003795,0.9999937180942267,0.9999896639019196,0.9980738373486578,0.9944581084081175,0.9929232762773936,0.9959198388933342,0.9953191286597204,0.9925679148356128,0.9882140570205231,0.9732591783551279,0.9042904737845991,0.812188564417639,0.7194673256475843,0.48749313039850983,0.9801667652798431
0.215,10.327473844376899,0.9934942789716669,0.999998641790102,0.9999939301143816,0.9999899985768087,0.9981084118263436,0.9945414720098844,0.9930248338325665,0.9959848255853107,0.9953918034078925,0.9926735583757728,0.9883665878941951,0.9735426525884555,0.9049512954927815,0.8131176098564966,0.7205286350372682,0.4885090164857687,0.9802813499409877
0.216,10.356621151456311,0.9935886717766055,0.999998693158084,0.9999941342348708,0.999990321234079,0.9981422379129952,0.9946232686412843,0.9931245532230092,0.9960485352120082,0.9954630794187812,0.9927773056691109,0.9885165708082663,0.9738220519131733,0.9056050550240095,0.8140385735898573,0.721581970926529,0.48951907671947104,0.9803944513385913
0.217,10.38566253252574,0.9936813424733221,0.9999987424038568,0.999994330776336,0.9999906323455033,0.998175334375125,0.9947035331748126,0.9932224740326001,0.9961109972482616,0.9955329883943494,0.9928791972252737,0.9886640570445011,0.9740974486554393,0.9062518507269158,0.814951550664723,0.7226274165144964,0.49052336034350896,0.9805060965991244
0.218,10.414598563966141,0.993772328373237,0.9999987896221723,0.9999945200453791,0.9999909323628161,0.9982077194467094,0.9947822995904532,0.9933186348618404,0.9961722403914995,0.9956015612139885,0.9929792725555568,0.9888090966834341,0.9743689136222319,0.9068917792694895,0.8158566347235225,0.7236650538891746,0.4915219160418277,0.9806163122272785
0.219,10.443429817984308,0.9938616658565259,0.999998834903248,0.99999470233522,0.9999912217186266,0.9982394108460264,0.9948596010014625,0.99341307335549,0.9962322925847625,0.9956688279585095,0.993077570200734,0.9889517386364203,0.9746365161381659,0.9075249356731705,0.8167539180292221,0.724694964045683,0.49251479194663406,0.9807251241228072
0.22,10.472156862650602,0.9939493903983794,0.9999988783329975,0.9999948779263219,0.9999915008272892,0.9982704257919065,0.9949354696793259,0.9935058262293383,0.9962911810389656,0.9957348179333602,0.9931741277580195,0.9890920306767249,0.9749003240812982,0.9081514133461424,0.8176434914899045,0.7257172269041383,0.49350203564645334,0.9808325575968415
0.221,10.500780261936258,0.9940355365944379,0.9999989199932494,0.9999950470869858,0.999991770085729,0.998300781019419,0.9950099370779117,0.9935969292961361,0.9963489322544328,0.9957995596910905,0.9932689819071947,0.9892300194696855,0.975160403917952,0.9087713041158422,0.8185254446828323,0.7267319213271859,0.49448369419404203,0.980938637387705
0.222,10.5293005757503,0.9941201381854298,0.9999989599619543,0.9999952100739157,0.9999920298742303,0.9983304927950157,0.9950830338568544,0.9936864174907223,0.9964055720417289,0.9958630810530976,0.993362168435929,0.9893657506019778,0.9754168207365899,0.9093846982607099,0.8193998658780052,0.7277391251371861,0.49545981411415274,0.981043387676243
0.223,10.557718359976034,0.9942032280810401,0.9999989983133803,0.9999953671327545,0.9999922805571849,0.9983595769311526,0.9951547899041915,0.9937743248943679,0.9964611255418149,0.9959254091306733,0.9934537222643189,0.9894992686100138,0.9756696382807665,0.9099916845411963,0.8202668420612251,0.7287389151330674,0.4964304414111613,0.9811468321006797
0.224,10.586034166507176,0.9942848383830367,0.9999990351182989,0.9999955184985955,0.9999925224838054,0.9983880488004081,0.9952252343582829,0.9938606847583692,0.9965156172455506,0.9959865703453787,0.9935436774686772,0.9896306170075004,0.975918918981186,0.9105923502300504,0.8211264589566812,0.7297313671068519,0.4973956215765528,0.9812489937710241
0.225,10.614248543283582,0.9943650004076795,0.9999990704441598,0.9999956643964674,0.9999927559888045,0.9984159233491182,0.9952943956290359,0.993945529526912,0.9965690710125671,0.9960465904487711,0.9936320673045919,0.9897598383121877,0.9761647239868948,0.9111867811419059,0.8219788010490642,0.7307165558598607,0.4983553995962767,0.981349895283038
0.226,10.64236203432658,0.9944437447074361,0.9999991043552573,0.9999958050417956,0.9999929813930416,0.9984432151105457,0.9953623014184608,0.9940288908592328,0.9966215100895318,0.9961054945415039,0.9937189242292833,0.9898869740718317,0.9764071131956328,0.9117750616621824,0.8228239516052251,0.7316945552186068,0.499309819957966,0.9814495587317804
0.227,10.670375179773943,0.9945211010920301,0.9999991369128877,0.9999959406408417,0.999993199004138,0.9984699382176005,0.9954289787405811,0.9941107996511034,0.9966729571278292,0.9961633070918231,0.9938042799232827,0.9900120648893984,0.9766461452833699,0.9123572747753238,0.8236619926953871,0.7326654380503825,0.5002589266580303,0.9815480057247458
0.228,10.69828851591449,0.9945970986488407,0.999999168175498,0.9999960713911209,0.9999934091170644,0.9984961064151303,0.9954944539407188,0.9941912860556561,0.9967234342006739,0.99622005195348,0.9938881653114529,0.9901351504475321,0.9768818777330528,0.9129335020923874,0.8244930052139188,0.7336292762785475,0.5012027632086218,0.9816452573946036
0.229,10.726102575222288,0.9946717657626807,0.9999991981988275,0.9999961974817994,0.9999936120146993,0.9985217330717927,0.9955587527141786,0.9942703795035779,0.9967729628196808,0.9962757523830813,0.9939706105833752,0.9902562695323142,0.9771143668625842,0.9135038238780031,0.8253170688996855,0.7345861408975274,0.5021413726444773,0.9817413344115609
0.23,10.753817886390534,0.9947451301349683,0.9999992270360412,0.9999963190940727,0.9999938079683617,0.9985468311915298,0.9956219001243499,0.9943481087226912,0.9968215639509069,0.9963304310568956,0.9940516452131233,0.9903754600563325,0.9773436678520587,0.9140683190767177,0.8261342623559828,0.7355361019875237,0.5030747975296399,0.9818362569953536
0.231,10.781434974365034,0.9948172188023184,0.9999992547378563,0.9999964364015256,0.9999939972383182,0.9985714134246553,0.9956839206202484,0.994424501756942,0.996869258030387,0.9963841100871343,0.9941312979784428,0.9904927590810861,0.9775698347702769,0.9146270653387414,0.8269446630700648,0.7364792287289483,0.5040030799640636,0.9819300449268832
0.232,10.808954360377358,0.9948880581545682,0.999999281352663,0.9999965495704746,0.9999941800742673,0.9985954920785717,0.9957448380535137,0.9944995859848168,0.9969160649791771,0.9964368110377276,0.9942095969793587,0.9906082028387446,0.9777929206005588,0.9151801390451123,0.8277483474322773,0.7374155894165827,0.5049262615900991,0.9820227175595069
0.233,10.836376561977634,0.9949576739522595,0.9999993069266376,0.9999966587602941,0.9999943567158003,0.9986190791281284,0.9958046756948847,0.9945733881372055,0.9969620042179264,0.9964885549396085,0.994286569656228,0.9907218267532834,0.978012977265878,0.9157276153322912,0.8285453907548024,0.7383452514734713,0.5058443835988702,0.9821142938299983
0.234,10.86370209306698,0.9950260913435951,0.999999331503851,0.9999967641237274,0.9999945273928404,0.9986421862256365,0.9958634562501686,0.9946459343147298,0.9970070946809911,0.9965393623055256,0.9943622428072552,0.9908336654610154,0.9782300556533364,0.9162695681162055,0.8293358672900275,0.7392682814645557,0.5067574867365371,0.9822047922691829
0.235,10.890931463929618,0.9950933348808836,0.999999355126371,0.9999968658071821,0.999994692326063,0.9986648247105497,0.99592120187572,0.9947172500045544,0.9970513548301079,0.9965892531443994,0.9944366426054908,0.9909437528305376,0.9784442056379982,0.9168060701157533,0.8301198502485441,0.740184745110051,0.5076656113104507,0.9822942310122651
0.236,10.918065181264637,0.9951594285364949,0.9999993778343589,0.9999969639510115,0.9999948517272942,0.9986870056188265,0.9959779341934493,0.9947873600966977,0.9970948026676402,0.9966382469752356,0.9945097946153261,0.9910521219821101,0.9786554761061025,0.9173371928757819,0.830897411816786,0.7410947072985747,0.5085687971952036,0.9823826278088511
0.237,10.945103748217416,0.9952243957183378,0.9999993996661625,0.9999970586897841,0.9999950057998934,0.9987087396919831,0.9960336743053734,0.9948562888998596,0.9971374557494136,0.9966863628406144,0.9945817238085045,0.9911588053064883,0.9788639149776731,0.917863006789556,0.8316686231743178,0.7419982321000336,0.5094670838385746,0.9824700000326839
0.238,10.972047664410736,0.9952882592848789,0.9999994206584026,0.9999971501525381,0.9999951547391164,0.998730037385849,0.9960884428077256,0.9949240601567804,0.9971793311971543,0.9967336193197655,0.9946524545796619,0.9912638344832215,0.9790695692285417,0.9183835811207258,0.8324335545107756,0.7428953827782658,0.5103605102673706,0.9825563646910936
0.239,10.998897425975539,0.9953510415597143,0.9999994408460564,0.9999972384630259,0.9999952987324624,0.9987509088790354,0.9961422598046393,0.9949906970591477,0.9972204457105425,0.9967800345412463,0.994722010761413,0.9913672404984387,0.9792724849118029,0.9188989840248107,0.8331922750424768,0.7437862218034574,0.5112491150931734,0.9826417384341788
0.24,11.025653525581395,0.9954127643457129,0.999999460262536,0.999997323739946,0.9999954379600058,0.9987713640811275,0.9961951449214195,0.9950562222620651,0.9972608155788956,0.9968256261952352,0.9947904156389978,0.9914690536621341,0.9794727071787162,0.9194092825702073,0.8339448530286976,0.7446708108643243,0.5121329365179832,0.98272613756372
0.241,11.052316452466627,0.9954734489387415,0.9999994789397636,0.9999974060971641,0.9999955725947117,0.9987914126406106,0.9962471173174148,0.9951206578980977,0.9973004566924923,0.9968704115454522,0.9948576919645036,0.9915693036249701,0.9796702802990722,0.9199145427587371,0.8346913557876321,0.7455492108800752,0.5130120123397708,0.9828095780418405
0.242,11.078886692468135,0.995533116140987,0.9999994969082413,0.999997485643925,0.9999957028027383,0.9988110639525369,0.9962981956985054,0.9951840255909065,0.9973393845535516,0.9969144074407201,0.9949238619706726,0.9916680193946117,0.9798652476810376,0.9204148295457435,0.8354318497120371,0.7464214820121517,0.5138863799579345,0.9828920754994198
0.243,11.105364728050894,0.9955917862738901,0.9999995141971196,0.9999975624850526,0.9999958287437245,0.9988303271659474,0.9963483983292184,0.9952463464684873,0.9973776142868752,0.9969576303261785,0.994988947384313,0.9917652293516076,0.9800576518904925,0.9209102068597501,0.8361664002845715,0.7472876836757598,0.5147560763786646,0.9829736452442683
0.244,11.131751038337184,0.995649479190699,0.999999530834261,0.9999976367211426,0.9999959505710649,0.9988492111910512,0.9963977430444809,0.9953076411760249,0.997415160650168,0.9970000962541602,0.9950529694393231,0.9918609612648307,0.9802475346698791,0.9214007376216895,0.836895072092835,0.7481478745511867,0.5156211382202198,0.9830543022690691
0.245,11.158046099135447,0.9957062142886598,0.9999995468463,0.9999977084487454,0.999996068432173,0.9988677247061762,0.9964462472610274,0.9953679298883751,0.9974520380440448,0.9970418208947445,0.9951159488893414,0.991955242306493,0.9804349369565694,0.9218864837637177,0.837617928844117,0.7490021125949171,0.5164816017181142,0.9831340612590971
0.246,11.184250382968932,0.995762010520853,0.999999562258702,0.9999977777605403,0.9999961824687315,0.9988858761644964,0.9964939279884674,0.9954272323221875,0.9974882605217356,0.9970828195459935,0.9951779060200348,0.9920480990667466,0.9806198989007704,0.9223675062476175,0.8383350333798554,0.7498504550505449,0.517337502730219,0.9832129365997204
0.247,11.210364359103963,0.9958168864076872,0.9999995770958174,0.9999978447455026,0.9999962928169318,0.9989036738005435,0.9965408018400285,0.9954855677476802,0.9975238417984976,0.9971231071438869,0.9952388606610365,0.9921395575678847,0.9808024598829784,0.9228438650828089,0.8390464476898206,0.7506929584594937,0.5181888767417793,0.9832909423836921
0.248,11.236388493577984,0.995870860048061,0.9999995913809336,0.9999979094890615,0.9999963996077039,0.9989211256365116,0.9965868850429833,0.9955429550000751,0.9975587952607451,0.9971626982719594,0.9952988321975443,0.9922296432781532,0.9809826585309939,0.9233156193439687,0.8397522329260225,0.7515296786715394,0.5190357588703478,0.9833680924182366
0.249,11.262323249227245,0.9959239491302062,0.999999605136325,0.999997972073253,0.9999965029669339,0.9989382394883619,0.9966321934487712,0.9955994124907094,0.997593133974906,0.9972016071706566,0.9953578395815899,0.992318381125187,0.9811605327365108,0.9237828271882753,0.8404524494163524,0.7523606708551502,0.5198781838706383,0.9834444002319437
0.25,11.288169085714287,0.9959761709422175,0.9999996183832998,0.9999980325768635,0.9999966030156736,0.9989550229717336,0.9966767425428238,0.9956549582178279,0.997626870696014,0.9972398477464134,0.9954159013429889,0.9924057955090791,0.9813361196712926,0.9242455458722827,0.8411471566779627,0.7531859895076377,0.5207161861392986,0.9835198790814647
0.251,11.313926459555047,0.9960275423822832,0.9999996311422442,0.9999980910755684,0.9999966998703405,0.9989714835076681,0.996720547454106,0.995709609777071,0.9976600178760446,0.997277433580466,0.9954730355999841,0.9924919103150975,0.9815094558029437,0.9247038317684366,0.841836413430392,0.7540056884651319,0.5215497997196075,0.9835945419580283
0.252,11.339595824145787,0.9960780799686246,0.9999996434326663,0.9999981476420641,0.9999967936429077,0.9989876283281535,0.9967636229643784,0.9957633843716642,0.9976925876720047,0.9973143779374071,0.9955292600695874,0.9925767489260566,0.9816805769102915,0.9251577403812387,0.8425202776084391,0.754819820912376,0.522379058306091,0.9836684015937778
0.253,11.365177629789653,0.9961277998491518,0.9999996552732351,0.9999982023461936,0.999996884441088,0.9990034644814945,0.996805983517193,0.9958162988223209,0.9977245919537819,0.9973506937734894,0.9955845920776337,0.9926603342343565,0.9818495180983872,0.9256073263630686,0.8431988063747945,0.7556284393923509,0.5232039952490706,0.9837414704679291
0.254,11.390672323723043,0.996176717810847,0.9999996666818199,0.9999982552550669,0.9999969723685068,0.9990189988375147,0.9968476432266291,0.9958683695768662,0.9977560423117626,0.9973863937446902,0.9956390485685526,0.9927426886536981,0.9820163138131357,0.9260526435296733,0.8438720561324309,0.7564315958157288,0.5240246435591309,0.9838137608127675
0.255,11.416080350141643,0.9962248492888838,0.9999996776755267,0.9999983064331758,0.9999970575248701,0.9990342380925962,0.9968886158857778,0.9959196127195906,0.9977869500642268,0.9974214902145395,0.9956926461148692,0.9928238341304849,0.9821809978555677,0.9264937448753283,0.8445400825367622,0.757229341470163,0.5248410359115205,0.9838852846194752
0.256,11.441402150226246,0.9962722093754873,0.9999996882707326,0.9999983559425033,0.9999971400061235,0.9990491887745632,0.9969289149749834,0.995970043980343,0.9978173262645247,0.9974559952617228,0.9957454009264399,0.9929037921549205,0.9823436033957595,0.9269306825876823,0.8452029405075709,0.7580217270294111,0.5256532046504794,0.9839560536438033
0.257,11.466638162168266,0.9963188128285488,0.9999996984831195,0.9999984038426291,0.999997219904605,0.9990638572474125,0.996968553669849,0.9960196787433679,0.9978471817080447,0.9974899206874648,0.9957973288594336,0.9929825837718097,0.9825041629864151,0.9273635080622906,0.8458606842407161,0.7588088025623054,0.5264611817934994,0.984026079411592
0.258,11.49178882119504,0.9963646740799968,0.9999997083277056,0.9999984501908288,0.9999972973091913,0.9990782497159002,0.997007544849015,0.9960685320559,0.9978765269389777,0.9975232780226998,0.9958484454250636,0.9930602295910739,0.9826627085761144,0.9277922719168457,0.8465133672196178,0.7595906175415612,0.527264999035514,0.984095373224137
0.259,11.516854559594822,0.9964098072439358,0.9999997178188749,0.9999984950421703,0.9999973723054367,0.9990923722299843,0.997045901101715,0.9961166186365171,0.9979053722568848,0.997556078535038,0.9958987657980803,0.9931367497979876,0.9828192715222422,0.9282170240051115,0.8471610422265311,0.7603672208524367,0.5280646877530256,0.9841639461634173
0.26,11.541835806741576,0.9964542261245587,0.9999997269704063,0.9999985384496047,0.999997444975708,0.9991062306891323,0.997083634735119,0.9961639528832652,0.9979337277230751,0.9975883332355305,0.9959483048250307,0.9932121641631454,0.9829738826036017,0.9286378134305686,0.8478037613536086,0.7611386608012404,0.5288602790081613,0.9842318090971799
0.261,11.566732989119462,0.9964979442238392,0.9999997357955007,0.9999985804640541,0.999997515399311,0.999119830846497,0.9971207577814686,0.9962105488815574,0.9979616031667983,0.9976200528852437,0.9959970770322908,0.9932864920521657,0.9831265720327252,0.9290546885597785,0.8484415760137589,0.7619049851236951,0.529651803552674,0.9842989726838889
0.262,11.591546530347147,0.996540974749012,0.9999997443068066,0.9999986211344949,0.9999975836526144,0.9991331783129634,0.9971572820050112,0.9962564204118565,0.9979890081912602,0.9976512480016448,0.99604509663388,0.9933597524351409,0.983277369467886,0.9294676970354705,0.8490745369513037,0.762666240993155,0.5304392918318692,0.9843654473775437
0.263,11.616276851201787,0.9965833306198468,0.9999997525164452,0.9999986605080375,0.9999976498091655,0.9991462785610732,0.99719321890874,0.996301580957148,0.9980159521794641,0.9976819288648081,0.9960923775390622,0.9934319638958393,0.9834263040248241,0.9298768857893616,0.8497026942524403,0.7634224750286842,0.531222773988482,0.9844312434323708
0.264,11.640924369642859,0.9966250244757214,0.9999997604360339,0.9999986986300032,0.9999977139398037,0.9991591369288293,0.9972285797409448,0.9963460437102074,0.9980424442998855,0.997712105523444,0.9961389333597415,0.9935031446406687,0.9835734042881892,0.9302823010547117,0.8503260973555088,0.7641737333029969,0.5320022798664836,0.9844963709073886
0.265,11.665489500835653,0.9966660686825024,0.9999997680767081,0.9999987355439969,0.9999977761127674,0.9991717586233863,0.9972633755015803,0.99638982158067,0.9980684935119848,0.9977417878007598,0.996184777417656,0.9935733125074048,0.9837186983227119,0.9306839883786244,0.8509447950610748,0.7649200613502615,0.5327778390148357,0.9845608396708548
0.266,11.689972657174641,0.9967064753392363,0.9999997754491431,0.9999987712919765,0.9999978363937962,0.9991841487246281,0.9972976169484566,0.9964329272019092,0.9980941085715626,0.9977709853001547,0.99622992275138,0.9936424849736943,0.9838622136841073,0.9310819926340952,0.8515588355418253,0.7656615041737731,0.533549480691182,0.984624659404595
0.267,11.714374248306497,0.9967462562846597,0.9999997825635745,0.9999988059143206,0.9999978948462308,0.9991963121886382,0.9973313146032594,0.9964753729377284,0.9981192980359631,0.9977997074107554,0.9962743821231359,0.993710679165339,0.9840039774297216,0.931476358031816,0.8521682663522863,0.7663981062534974,0.5343172338654867,0.9846878396082214
0.268,11.738694681152994,0.9967854231035314,0.999999789429817,0.9999988394498919,0.9999979515311062,0.9992082538510663,0.9973644787574012,0.9965171708888709,0.9981440702691303,0.9978279633127973,0.9963181680254241,0.993777911864364,0.9841440161289247,0.9318671281317407,0.8527731344383621,0.7671299115534831,0.5350811272236121,0.984750389603237
0.269,11.762934359933592,0.9968239871327929,0.9999997960572837,0.9999988719360985,0.9999980065072425,0.9992199784303927,0.9973971194777135,0.9965583328993566,0.9981684334465211,0.9978557619828557,0.9963612926874755,0.9938441995168813,0.9842823558732587,0.932254345854416,0.8533734861467039,0.7678569635291559,0.5358411891708477,0.9848123185370383
0.27,11.787093686187847,0.9968619594675635,0.9999998024550028,0.9999989034089521,0.9999980598313316,0.9992314905310969,0.9974292466119808,0.9965988705626463,0.9981923955598799,0.9978831121989312,0.9964037680815323,0.9939095582407491,0.9844190222863473,0.9326380534920853,0.8539693672339072,0.7685793051344828,0.5365974478353774,0.9848736353868085
0.271,11.811173058797571,0.9968993509669734,0.999999808631635,0.9999989339031249,0.9999981115580202,0.9992427946467305,0.9974608697943237,0.996638795227643,0.9982159644218801,0.9979100225453944,0.9964456059289611,0.9939740038330374,0.9845540405335719,0.933018292719569,0.854560822875546,0.769296978829024,0.537349931071702,0.9849343489633167
0.272,11.835172874008812,0.9969361722598387,0.9999998145954893,0.9999989634520018,0.999998161739989,0.9992538951628991,0.9974919984504337,0.996678118004531,0.998239147670634,0.9979365014177944,0.996486817706204,0.9940375517773016,0.9846874353315219,0.9333951046049267,0.8551478976750418,0.7700100265848604,0.5380986664640031,0.984994467914615
0.273,11.859093525453545,0.9969724337501865,0.9999998203545382,0.9999989920877331,0.9999982104280293,0.9992647963601564,0.997522641802667,0.9967168497704613,0.9982619527740785,0.9979625570275342,0.9965274146505726,0.994100217250673,0.9848192309572243,0.9337685296199071,0.8557306356723774,0.7707184898934115,0.538843681329461,0.9850540007296406
0.274,11.882935404171242,0.9970081456226311,0.9999998259164327,0.9999990198412828,0.9999982576711154,0.9992755024168122,0.9975528088749975,0.9967550011750843,0.9982843870342372,0.9979881974064178,0.9965674077658891,0.994162015130768,0.9849494512571579,0.9341386076501887,0.8563090803526512,0.7714224097721356,0.539585002721517,0.9851129557417312
0.275,11.906698898630136,0.9970433178476067,0.9999998312885156,0.9999990467424762,0.9999983035164756,0.9992860174116578,0.9975825084978377,0.9967925826459378,0.998306457591365,0.9980134304110728,0.996606807827979,0.994222960002423,0.9850781196560591,0.9345053780054189,0.8568832746544829,0.7721218267711232,0.5403226574330932,0.9851713411320435
0.276,11.930384394748362,0.9970779601864622,0.9999998364778349,0.9999990728200444,0.9999983480096585,0.9992963453266115,0.9976117493127272,0.9968296043936912,0.9983281714279784,0.9980382637272521,0.9966456253900191,0.9942830661642605,0.9852052591655224,0.9348688794290523,0.8574532609782676,0.7728167809795776,0.5410566719997586,0.9852291649328905
0.277,11.9539922759148,0.9971120821964202,0.9999998414911567,0.9999990981016676,0.9999983911945979,0.999306490049287,0.9976405397768964,0.9968660764172522,0.9983495353727722,0.9980627048740185,0.9966838707877473,0.9943423476350891,0.9853308923924047,0.9352291501079963,0.8580190811942848,0.7735073120321931,0.5417870727028498,0.9852864350309921
0.278,11.977522923009817,0.9971456932354048,0.9999998463349775,0.9999991226140169,0.999998433113674,0.9993164553754853,0.9976688881677065,0.9969020085087401,0.9983705561044317,0.9980867612078148,0.9967215541445344,0.994400818160143,0.9854550415470338,0.9355862276820657,0.858580776650663,0.7741934591154249,0.542513885572546,0.985343159170644
0.279,12.000976714425693,0.9971788024667425,0.9999998510155347,0.9999991463827935,0.9999984738077733,0.9993262450116163,0.9976968025869709,0.9969374102583272,0.9983912401553372,0.998110439926425,0.9967586853763256,0.9944584912171665,0.9855777284512294,0.9359401492532525,0.8591383881812066,0.774875260973659,0.5432371363908972,0.9853993449568081
0.28,12.024354026086959,0.9972114188637401,0.9999998555388185,0.9999991694327663,0.9999985133163448,0.9993358625770477,0.9977242909651607,0.9969722910589557,0.9984115939151691,0.9981337480728272,0.9967952741964526,0.9945153800223459,0.985698974546141,0.9362909513948136,0.859691956113082,0.7755527559152792,0.5439568506948073,0.9854549998581232
0.281,12.047655231470427,0.9972435512141414,0.9999998599105826,0.999999191787809,0.9999985516774548,0.9993453116063875,0.9977513610654983,0.9970066601109304,0.9984316236344131,0.998156692538943,0.9968313301203227,0.9945714975360946,0.9858188008999057,0.9366386701601808,0.860241520274372,0.7762259818186383,0.5446730537789738,0.9855101312098432
0.282,12.070880701625136,0.9972752081244686,0.9999998641363531,0.9999992134709347,0.9999985889278389,0.9993545955516996,0.997778020487942,0.9970405264263927,0.9984513354277709,0.9981792800692865,0.9968668624699848,0.9946268564686941,0.9859372282151324,0.9369833410916983,0.860787120001497,0.77689497613793,0.5453857706987844,0.9855647462167004
0.283,12.094030805191995,0.9973063980242498,0.9999998682214392,0.9999992345043287,0.9999986251029526,0.9993637177846565,0.9978042766730648,0.9970738988336785,0.9984707352774777,0.9982015172645147,0.9969018803785806,0.9946814692857961,0.9860542768362163,0.9373249992291891,0.8613287941465064,0.7775597759089661,0.5460950262731704,0.9856188519556979
0.284,12.117105908423326,0.9973371291701371,0.9999998721709417,0.9999992549093814,0.9999986602370187,0.9993726815986287,0.9978301369058313,0.9971067859815638,0.9984898290365302,0.998223410584884,0.9969363927946788,0.9947353482137888,0.9861699667564864,0.9376636791183568,0.861866581084245,0.7782204177548618,0.5468008450874187,0.9856724553788346
0.285,12.140106375202155,0.9973674096499172,0.9999998759897621,0.9999992747067181,0.9999986943630745,0.9993814902107159,0.997855608319274,0.9971391963434006,0.998508622431827,0.9982449663536135,0.9969704084865006,0.9947885052450308,0.9862843176251932,0.937999414819024,0.8624005187193925,0.7788769378916282,0.5475032514959418,0.9857255633157606
0.286,12.163032567061357,0.9973972473864199,0.9999998796826107,0.9999992939162294,0.9999987275130153,0.9993901467637188,0.9978806978980735,0.9971711382211471,0.9985271210672247,0.9982661907601595,0.9970039360460359,0.9948409521429574,0.9863973487543382,0.9383322399132128,0.8629306444933857,0.7795293721336756,0.54820226962501,0.9857781824763691
0.287,12.185884843202578,0.9974266501413234,0.9999998832540148,0.9999993125570986,0.9999987597176373,0.9993986543280557,0.9979054124820449,0.9972026197492939,0.998545330426512,0.9982870898634031,0.9970369838930554,0.9948927004470615,0.9865090791253498,0.9386621875130694,0.8634569953912166,0.7801777558992288,0.5488979233754413,0.9858303194533257
0.288,12.20866356051502,0.9974556255188642,0.999999886708326,0.9999993306478291,0.9999987910066784,0.9994070159036235,0.9979297587695323,0.9972336488986908,0.9985632558763027,0.9983076695947527,0.9970695602790213,0.994943761477753,0.9866195273956101,0.9389892902686375,0.8639796079481169,0.7808221242156557,0.5495902364252532,0.985881980724532
0.289,12.231369073594001,0.9974841809694506,0.9999998900497277,0.99999934820627,0.9999988214088574,0.9994152344216072,0.9979537433207154,0.9972642334802748,0.9985809026688542,0.9983279357611664,0.9971016732908974,0.9949941463411006,0.9867287119048354,0.9393135803754825,0.8644985182561267,0.7814625117247108,0.5502792322322769,0.9859331726555342
0.29,12.254001734759358,0.9975123237931837,0.999999893282242,0.9999993652496416,0.999998850951912,0.9994233127462371,0.9979773725608303,0.9972943811487052,0.9985982759448081,0.9983478940480928,0.997133330854865,0.9950438659334576,0.9868366506813152,0.939635089582171,0.8650137619705511,0.7820989526876964,0.5509649340367347,0.9859839015018698
0.291,12.276561894073678,0.9975400611432887,0.9999998964097369,0.999999381794559,0.9999988796626343,0.9994312536764974,0.9980006527833057,0.9973240994059046,0.998615380735859,0.9983675500223361,0.9971645407399435,0.9950929309459764,0.9869433614480119,0.9399538491976076,0.8655253743163075,0.7827314809905412,0.5516473648637765,0.9860341734113602
0.292,12.299049899360341,0.9975674000294601,0.9999998994359315,0.9999993978570546,0.9999989075669066,0.9994390599477864,0.998023590152819,0.9973533956045119,0.9986322219673529,0.9983869091348456,0.9971953105615213,0.9951413518690141,0.9870488616285251,0.9402698900982326,0.8660333900941627,0.7833601301487988,0.5523265475259854,0.986083994426345
0.293,12.321466096221394,0.9975943473211197,0.9999999023644028,0.9999994134526006,0.9999989346897333,0.9994467342335293,0.9980461907082727,0.9973822769512473,0.9986488044608165,0.9984059767234326,0.9972256477847975,0.9951891389964318,0.9871531683529253,0.9405832427350842,0.8665378436868668,0.7839849333125678,0.5530025046258438,0.9861333704858651
0.294,12.34381082805526,0.9976209097505947,0.9999999051985919,0.99999942859613,0.9999989610552747,0.9994542791467472,0.9980684603656949,0.9974107505101935,0.9986651329364198,0.9984247580154163,0.9972555597281377,0.9952363024297909,0.9872562984634573,0.9408939371407271,0.8670387690651822,0.7846059232713343,0.5536752585581659,0.9861823074277923
0.295,12.36608443607427,0.9976470939162132,0.9999999079418089,0.9999994433020565,0.9999989866868766,0.9994616972415821,0.9980904049210647,0.9974388232059938,0.9986812120153735,0.9984432581302014,0.9972850535663469,0.9952828520824488,0.9873582685201192,0.9412020029360505,0.8675361997938101,0.7852231324587383,0.5543448315124957,0.9862308109909091
0.296,12.388287259322034,0.997672906285324,0.9999999105972383,0.9999994575842945,0.9999990116071001,0.999468991014778,0.9981120300530659,0.9974665018269707,0.9986970462222647,0.9984614820817886,0.9973141363338597,0.995328797683557,0.9874590948061194,0.9415074693369392,0.8680301690372194,0.7858365929572666,0.5550112454754712,0.9862788868169389
0.297,12.41041963469064,0.9976983531972391,0.9999999131679443,0.9999994714562773,0.9999990358377507,0.9994761629071232,0.99813334132577,0.997493793028167,0.9987126399873301,0.9984794347812205,0.9973428149278529,0.9953741487819633,0.9875587933332125,0.9418103651608194,0.8685207095653747,0.7864463365028711,0.5556745222331542,0.9863265404525255
0.298,12.432481896937698,0.9977234408661027,0.9999999156568758,0.9999994849309751,0.9999990593999049,0.9994832153048504,0.9981543441912506,0.9975207033343103,0.9987279976486704,0.998497121038964,0.99737109611128,0.995418914750023,0.9876573798469209,0.9421107188330825,0.8690078537593716,0.7870523944895164,0.556334683373329,0.9863737773511698
0.299,12.454474378703216,0.9977481753836894,0.9999999180668708,0.9999994980209124,0.9999990823139367,0.9994901505410004,0.9981750439921323,0.9975472391427048,0.9987431234544077,0.9985145455672325,0.9973989865158317,0.9954631047873174,0.9877548698316414,0.9424085583933891,0.8694916336169753,0.7876547979736561,0.5569917502877686,0.9864206028751186
0.3,12.476397410526316,0.997772562722132,0.9999999204006608,0.999999510738184,0.9999991045995434,0.999496970896746,0.998195445964074,0.9975734067260512,0.9987580215647861,0.9985317129822472,0.9974264926448225,0.9955067279242865,0.9878512785156408,0.9427039115018567,0.8699720807580686,0.788253577678641,0.5576457441744669,0.9864670222972077
0.301,12.498251320861797,0.9977966087365809,0.9999999226608751,0.9999995230944717,0.999999126275769,0.999503678602681,0.9982155552381898,0.9975992122351973,0.9987726960542176,0.9985486278064418,0.9974536208760081,0.9955497930257756,0.9879466208759446,0.9429968054451319,0.8704492264300083,0.7888487639990571,0.5582966860398443,0.9865130408026656
0.302,12.520036436096538,0.9978203191677996,0.9999999248500456,0.9999995351010587,0.9999991473610284,0.9995102758400736,0.9982353768434101,0.99762466170182,0.9987871509132763,0.9985652944706105,0.997480377464332,0.9955923087944972,0.9880409116431192,0.9432872671423506,0.8709231015128938,0.7894403870049999,0.5589445967009178,0.9865586634908718
0.303,12.54175308056574,0.9978436996446939,0.9999999269706095,0.9999995467688447,0.9999991678731293,0.9995167647420853,0.9982549157087807,0.9976497610410424,0.9988013900506402,0.998581717316001,0.997506768544607,0.9956342837744139,0.9881341653059509,0.9435753231509894,0.8713937365247473,0.7900284764462794,0.559589496787446,0.9866038953770746
0.304,12.563401576569039,0.99786675568678,0.9999999290249137,0.9999995581083599,0.999999187829294,0.9995231473949567,0.998274176665707,0.9976745160539869,0.9988154172949837,0.9985979005963552,0.9975328001341294,0.9956757263540402,0.9882263961160245,0.9438609996726076,0.8718611616266101,0.7906130617565645,0.5602314067440384,0.9866487413940719
0.305,12.584982244386422,0.9978894927065914,0.9999999310152189,0.9999995691297784,0.9999992072461805,0.9995294258391614,0.9982931644501405,0.9976989324302646,0.9988292363968213,0.9986138484798979,0.9975584781352314,0.9957166447696689,0.988317618092205,0.9441443225584862,0.8723254066275536,0.7911941720574616,0.560870346832242,0.986693206393848
0.306,12.606495402294057,0.9979119160120277,0.9999999329437018,0.999999579842931,0.999999226139902,0.9995356020705275,0.9983118837047111,0.9977230157504058,0.998842851030304,0.9986295650512745,0.9975838083377708,0.9957570471085214,0.9884078450250214,0.9444253173151618,0.8727865009896093,0.7917718361625303,0.5615063371325955,0.9867372951491781
0.307,12.627941366579906,0.9979340308086436,0.9999999348124596,0.9999995902573182,0.9999992445260463,0.9995416780413307,0.998330338980807,0.9977467714882294,0.9988562647949706,0.9986450543134417,0.9976087964215608,0.9957969413118251,0.9884970904809591,0.9447040091098604,0.8732444738326172,0.7923460825812418,0.5621393975466555,0.9867810123551913
0.308,12.649320451559252,0.9979558422018855,0.9999999366235123,0.9999996003821217,0.9999992624196945,0.9995476556613556,0.9983485347406018,0.9977702050131576,0.9988694812174536,0.9986603201895092,0.9976334479587412,0.9958363351778198,0.988585367806659,0.9449804227758332,0.8736993539389952,0.7929169395228735,0.5627695477989977,0.986824362630902
0.309,12.670632969590036,0.9979773551992703,0.9999999383788061,0.9999996102262161,0.9999992798354386,0.9995535367989307,0.9983664753590324,0.9977933215924716,0.9988825037531419,0.9986753665245357,0.9976577684160924,0.9958752363646945,0.9886726901330293,0.9452545828175937,0.8741511697584317,0.7934844349003459,0.5633968074391857,0.986867350520702
0.31,12.691879231088082,0.9979985747125141,0.9999999400802164,0.9999996197981802,0.9999992967873985,0.9995593232819335,0.9983841651257277,0.997816126393515,0.9988953357878029,0.9986901970872801,0.997681763157295,0.9959136523934572,0.9887590703792691,0.9455265134160616,0.8745999494125001,0.7940485963340027,0.56402119584372,0.9869099804958217
0.311,12.713059544542162,0.9980195055596068,0.9999999417295503,0.9999996291063069,0.9999993132892392,0.999565016898771,0.9984016082468901,0.9978386244858436,0.9989079806391609,0.9987048155719096,0.997705437445133,0.9959515906507371,0.9888445212568082,0.9457962384336134,0.8750457206992007,0.794609451155332,0.564642732217954,0.986952256955757
0.312,12.734174216528926,0.998040152466839,0.9999999433285495,0.9999996381586146,0.9999993293541856,0.9995706193993311,0.9984188088471303,0.9978608208433232,0.9989204415584386,0.998719225599664,0.9977287964436473,0.995989058391525,0.9889290552731622,0.9460637814190411,0.8754885110974276,0.7951670264106337,0.5652614355979887,0.986994184229664
0.313,12.755223551727696,0.998060520070778,0.9999999448788925,0.9999996469628559,0.9999993449950387,0.999576132495912,0.9984357709712576,0.9978827203461775,0.9989327217318578,0.9987334307204802,0.9977518452202361,0.9960260627418486,0.9890126847357085,0.946329165612424,0.8759283477713639,0.7957213488646306,0.5658773248525396,0.9870357665777225
0.314,12.77620785293512,0.9980806129201978,0.9999999463821976,0.9999996555265278,0.9999993602241899,0.9995815578641242,0.9984524985860264,0.9979043277829879,0.9989448242821037,0.9987474344145755,0.9977745887477056,0.996062610701389,0.989095421755382,0.9465924139499101,0.8763652575748064,0.7962724450040255,0.5664904186847786,0.9870770081924685
0.315,12.797127421079692,0.9981004354779621,0.9999999478400244,0.9999996638568805,0.9999993750536351,0.9995868971437696,0.9984689955818398,0.9979256478526435,0.9989567522697523,0.9987612400939925,0.9977970319062732,0.9960987091460363,0.9891772782502943,0.9468535490684153,0.8767992670554214,0.7968203410410065,0.5671007356341534,0.9871179132000948
0.316,12.817982555236139,0.9981199921228628,0.9999999492538773,0.9999996719609263,0.9999993894949887,0.999592151939698,0.998485265774412,0.9979466851662475,0.9989685086946617,0.9987748511041052,0.9978191794855221,0.9961343648303873,0.9892582659492765,0.9471125933102363,0.8772304024589306,0.7973650629166986,0.5677082940781787,0.9871584856617279
0.317,12.838773552639672,0.9981392871514135,0.999999950625206,0.9999996798454479,0.999999403559496,0.9995973238226399,0.998501312906391,0.9979674442489764,0.9989800964973294,0.9987882707250894,0.9978410361863105,0.9961695843901875,0.9893383963953494,0.9473695687275826,0.877658689733232,0.7979066363045648,0.5683131122342078,0.9871987295746709
0.318,12.859500708700104,0.998158324779602,0.9999999519554092,0.9999996875170065,0.9999994172580471,0.9996024143300181,0.9985171406489405,0.997987929541896,0.9989915185602163,0.9988015021733553,0.9978626066226358,0.9962043743447174,0.9894176809491213,0.9476244970870279,0.8780841545324545,0.7984450866137582,0.568915208161177,0.9872386488736208
0.319,12.88016431701584,0.9981771091445993,0.9999999532458357,0.9999996949819498,0.9999994306011878,0.9996074249667374,0.9985327526032854,0.9980081454037345,0.9990027777090363,0.9988145486029469,0.9978838953234558,0.9962387410991249,0.9894961307921148,0.9478773998738824,0.8785068222209472,0.7989804389924212,0.56951459976133,0.9872782474318597
0.32,12.900764669387756,0.9981956443064307,0.9999999544977861,0.9999997022464193,0.9999994435991318,0.9996123572059548,0.9985481523022193,0.9980280961126142,0.9990138767140164,0.9988274131069063,0.9979049067344655,0.996272690946706,0.9895737569300265,0.9481282982964886,0.8789267178772072,0.79951271833094,0.5701113047819162,0.9873175290624174
0.321,12.921302055832909,0.9982139342496043,0.9999999557125153,0.9999997093163575,0.9999994562617727,0.999617212489828,0.9985633432115749,0.9980477858677422,0.9990248182911237,0.9988400987186047,0.9979256452198348,0.9963062300711337,0.9896505701959175,0.9483772132904403,0.8793438662977433,0.8000419492651486,0.5707053408168705,0.9873564975192127
0.322,12.941776764598169,0.9982319828847034,0.9999999568912339,0.9999997161975152,0.9999994685986934,0.9996219922302457,0.9985783287316613,0.9980672187910611,0.9990356051032633,0.998852608413042,0.9979461150639035,0.9963393645486374,0.9897265812533406,0.948624165522729,0.8797582920008797,0.8005681561794871,0.5712967253084669,0.9873951564981631
0.323,12.962189082173694,0.9982497940499413,0.9999999580351098,0.9999997228954577,0.9999994806191781,0.9996266978095383,0.998593112198665,0.9980863989288623,0.999046239761447,0.9988649451081141,0.9979663204728387,0.9963721003501337,0.9898018005994011,0.9488691753958154,0.8801700192305003,0.801091363210113,0.5718854755489535,0.9874335096382761
0.324,12.982539293306289,0.9982673715126785,0.9999999591452698,0.9999997294155715,0.9999994923322215,0.9996313305811703,0.9986076968860185,0.9981053302533607,0.9990567248259328,0.9988771116658499,0.9979862655762531,0.99640444334331,0.9898762385677577,0.9491122630516324,0.880579071959733,0.801611594247968,0.5724716086821655,0.9874715605227137
0.325,13.00282768101266,0.9982847189709051,0.9999999602228016,0.9999997357630707,0.9999995037465391,0.9996358918704148,0.9986220860057363,0.9981240166642336,0.9990670628073368,0.9988891108936188,0.9980059544287855,0.9964363992946612,0.9899499053315594,0.9493534483755159,0.880985473894577,0.8021288729417992,0.573055141705115,0.9875093126798339
0.326,13.023054526592519,0.9983018400546888,0.9999999612687546,0.9999997419430023,0.9999995148705759,0.9996403829750109,0.9986362827097189,0.9981424619901228,0.9990772561677185,0.998900945545309,0.9980253910116457,0.9964679738714826,0.9900228109063243,0.9495927510000683,0.8813892484774734,0.8026432227011373,0.5736360914695631,0.9875467695842114
0.327,13.043220109641595,0.9983187383275893,0.9999999622841416,0.999999747960253,0.9999995257125164,0.9996448051658036,0.9986502900910261,0.9981606699901038,0.9990873073216392,0.9989126183224771,0.9980445792341233,0.9964991726438168,0.9900949651527605,0.9498301903089552,0.8817904188908194,0.803154666699231,0.5742144746835701,0.9875839346576327
0.328,13.063324708064517,0.998335417288039,0.9999999632699407,0.9999997538195537,0.9999995362802921,0.9996491596873676,0.9986641111851204,0.9981786443551188,0.9990972186371954,0.9989241318754715,0.9980635229350624,0.9965300010863604,0.9901663777795279,0.950065785440635,0.8821890080604288,0.803663227875939,0.574790307913025,0.9876208112700741
0.329,13.08336859808757,0.9983518803706923,0.9999999642270956,0.9999997595254855,0.9999995465815915,0.9996534477586154,0.9986777489710811,0.998196388709379,0.999106992437026,0.9989354888045273,0.9980822258843018,0.9965604645803259,0.9902370583459459,0.9502995552920258,0.8825850386589378,0.8041689289405812,0.5753636075831574,0.9876574027406545
0.33,13.103352054271358,0.9983681309477445,0.9999999651565177,0.9999997650824842,0.9999995566238665,0.9996576705733896,0.9986912063727895,0.9982139066117329,0.9991166309992977,0.9989466916608367,0.9981006917840832,0.996590568415265,0.9903070162646462,0.9505315185221076,0.8829785331091591,0.8046717923747475,0.5759343899800267,0.9876937123385708
0.331,13.123275349523333,0.9983841723302184,0.9999999660590868,0.9999997704948465,0.9999995664143416,0.9996618293010396,0.998704486260087,0.9982312015570046,0.9991261365586632,0.998957742947593,0.9981189242704267,0.9966203177908517,0.9903762608041716,0.950761693555463,0.8833695135873825,0.8051718404350668,0.5765026712519957,0.9877297432840116
0.332,13.143138755110222,0.9984000077692232,0.9999999669356527,0.9999997757667328,0.9999995759600209,0.9996659250869848,0.9987175914499058,0.9982482769773003,0.9991355113071998,0.9989686451210107,0.9981369269144752,0.9966497178186245,0.9904448010915236,0.9509900985857582,0.8837580020266266,0.8056690951559375,0.5770684674111819,0.9877654987490518
0.333,13.162942540670336,0.9984156404571836,0.999999967787036,0.999999780902174,0.999999585267695,0.9996699590532624,0.9987305247073729,0.9982651362432865,0.9991447573953237,0.9989794005913205,0.9981547032238086,0.9966787735236939,0.990512646114658,0.9512167515791621,0.8841440201198393,0.8061635783522167,0.5776317943348943,0.9878009818585288
0.334,13.182686974225776,0.9984310735290408,0.9999999686140292,0.9999997859050742,0.9999995943439487,0.9996739322990621,0.9987432887468888,0.9982817826654377,0.9991538769326829,0.9989900117237419,0.9981722566437281,0.9967074898464102,0.9905798047249319,0.9514416702777093,0.8845275893230486,0.8066553116218734,0.5781926677670464,0.9878361956908985
0.335,13.202372322194513,0.9984463100634262,0.9999999694173977,0.9999997907792157,0.9999996031951676,0.9996778459012471,0.9987558862331817,0.9982982194952565,0.9991628719890286,0.9990004808394323,0.9981895905585113,0.9967358716439966,0.9906462856395011,0.9516648722026045,0.8849087308584672,0.8071443163486014,0.5787511033195565,0.9878711432790763
0.336,13.22199884940239,0.9984613530838087,0.9999999701978809,0.9999997955282633,0.999999611827544,0.9996817009148613,0.9987683197823362,0.9983144499264666,0.9991717445950667,0.9990108102164139,0.9982067082926396,0.9967639236921461,0.9907120974436701,0.9518863746574711,0.885287465717547,0.8076306137043987,0.579307116473728,0.987905827611255
0.337,13.24156681909498,0.9984762055596151,0.9999999709561932,0.9999998001557677,0.9999996202470846,0.9996854983736253,0.9987805919627987,0.9983304770961773,0.9991804967432883,0.9990210020904795,0.9982236131119973,0.996791650686585,0.9907772485931953,0.9521061947315446,0.8856638146639891,0.8081142246521061,0.5798607225816108,0.9879402516317124
0.338,13.261076492949355,0.9984908704073261,0.999999971693025,0.9999998046651696,0.9999996284596147,0.9996892392904182,0.9987927052963602,0.9983463040860237,0.9991891303887809,0.9990310586560761,0.9982403082250448,0.996819057244602,0.9908417474165435,0.9523243493028122,0.8860377982367071,0.8085951699479135,0.5804119368673482,0.9879744182415957
0.339,13.280528131085774,0.9985053504915468,0.9999999724090431,0.9999998090598036,0.9999996364707856,0.9996929246577488,0.9988046622591159,0.9983619339232799,0.9991976474500204,0.9990409820671692,0.9982567967839648,0.9968461479065444,0.990905602117105,0.9525408550410986,0.886409436752746,0.8090734701438281,0.5809607744285052,0.988008330299693
0.34,13.299921992079208,0.9985196486260534,0.999999973104892,0.9999998133429013,0.9999996442860798,0.9996965554482142,0.9988164652824028,0.9983773695819478,0.9992060498096449,0.9990507744380857,0.9982730818857833,0.9968729271372831,0.9909688207753629,0.9527557284111015,0.8867787503101556,0.8095491455901108,0.5815072502373801,0.98804199062319
0.341,13.319258332970836,0.9985337675748159,0.9999999737811945,0.9999998175175953,0.9999996519108162,0.9997001326149472,0.9988281167537161,0.9983926139838215,0.9992143393152094,0.9990604378443386,0.9982891665734653,0.9968993993276457,0.9910314113510209,0.9529689856753739,0.8871457587908221,0.8100222164376758,0.582051379142301,0.9880754019884037
0.342,13.338537409279368,0.9985477100529988,0.9999999744385527,0.9999998215869216,0.9999996593501556,0.9997036570920528,0.9988396190176047,0.9984076699995279,0.9992225177799242,0.9990699743234318,0.9983050538369871,0.996925568795819,0.9910933816850888,0.953180642897258,0.887510481863256,0.8104927026404571,0.5825931758689029,0.9881085671315122
0.343,13.357759475012323,0.9985614787279383,0.9999999750775485,0.9999998255538239,0.9999996666091057,0.9997071297950336,0.9988509743765461,0.9984225404495444,0.9992305869833743,0.9990793858756463,0.9983207466143836,0.9969514397887217,0.991154739501927,0.9533907159437697,0.8878729389853383,0.8109606239577434,0.5831326550213936,0.9881414887492579
0.344,13.376924782677165,0.9985750762200982,0.9999999756987443,0.999999829421156,0.9999996736925263,0.9997105516212051,0.9988621850918018,0.9984372281051931,0.9992385486722238,0.9990886744648084,0.9983362477927737,0.9969770164833489,0.9912154924112514,0.953599220488434,0.8882331494070254,0.8114259999564792,0.5836698310838001,0.988174169499645
0.345,13.396033583292384,0.9985885051040044,0.9999999763026841,0.9999998331916845,0.9999996806051337,0.9997139234501001,0.9988732533842527,0.9984517356896144,0.999246404560903,0.9990978420190412,0.998351560209362,0.9970023029880867,0.9912756479100996,0.953806172014075,0.888591132173014,0.8118888500135335,0.5842047184212004,0.9882066120026182
0.346,13.41508612639843,0.9986017679091587,0.9999999768898937,0.9999998368680925,0.9999996873515052,0.999717246143864,0.9988841814352165,0.9984660658787182,0.9992541563322793,0.9991068904314975,0.9983666866524195,0.9970273033440001,0.9913352133847583,0.9540115858155573,0.8889469061253656,0.8123491933179388,0.5847373312809406,0.9882388188407263
0.347,13.434082660068595,0.9986148671209321,0.9999999774608814,0.9999998404529815,0.9999996939360842,0.9997205205476395,0.9988949713872458,0.9984802213021139,0.9992618056383135,0.9991158215610765,0.9983816298622419,0.9970520215260937,0.9913941961126537,0.9542154770024842,0.8893004899060912,0.812807048873096,0.5852676837938371,0.9882707925597797
0.348,13.453023430919762,0.9986278051814387,0.999999978016139,0.9999998439488746,0.9999997003631835,0.9997237474899427,0.9989056253449088,0.9984942045440205,0.9992693541007001,0.9991246372331247,0.9983963925320878,0.997076461444545,0.9914526032642056,0.9544178605018493,0.8896519019596998,0.8132624354989532,0.5857957899753625,0.9883025356694827
0.349,13.471908684123107,0.9986405844903898,0.9999999785561421,0.9999998473582192,0.9999997066369904,0.9997269277830297,0.9989161453755521,0.9985080181441569,0.9992768033114933,0.9991333392401198,0.9984109773090957,0.9971006269459132,0.9915104419046457,0.9546187510606456,0.8900011605357064,0.8137153718341494,0.5863216637268194,0.9883340506440643
0.35,13.490738663414634,0.9986532074059298,0.9999999790813505,0.9999998506833887,0.99999971276157,0.999730062223254,0.998926533510047,0.9985216645986116,0.9992841548337185,0.9991419293423403,0.998425386795181,0.9971245218143219,0.9915677189957999,0.9548181632484318,0.8903482836911049,0.8141658763381338,0.5868453188364958,0.9883653399228896
0.351,13.5095136111057,0.9986656762454527,0.9999999795922091,0.9999998539266856,0.999999718740869,0.9997331515914155,0.9989367917435186,0.9985351463606948,0.99929141020197,0.9991504092685186,0.9984396235479146,0.9971481497726171,0.9916244413978383,0.9550161114598545,0.8906932892928028,0.8146139672932509,0.5873667689808124,0.9883964059110601
0.352,13.528233768093385,0.998677993286402,0.9999999800891483,0.9999998570903434,0.9999997245787203,0.9997361966531012,0.9989469220360586,0.9985484658417714,0.9992985709229946,0.9991587807164809,0.9984536900813809,0.9971715144835014,0.9916806158709902,0.9552126099171319,0.8910361950200218,0.8150596628068018,0.5878860277254496,0.9884272509800031
0.353,13.546899373870813,0.9986901607670523,0.9999999805725844,0.9999998601765295,0.9999997302788456,0.9997391981590174,0.9989569263134228,0.9985616254120748,0.9993056384762619,0.9991670453537711,0.9984675888670185,0.9971946195506445,0.9917362490772265,0.9554076726724942,0.891377018366661,0.8155029808130733,0.5884031085264638,0.9884578774680488
0.354,13.56551066653734,0.9987021808872736,0.9999999810429203,0.9999998631873462,0.9999997358448592,0.9997421568453136,0.9989668064677125,0.998574627401505,0.9993126143145222,0.999175204818262,0.9984813223344419,0.9972174685197708,0.9917913475819109,0.9556013136105863,0.8917157766436273,0.8159439390753428,0.5889180247313917,0.988488287680995
0.355,13.584067882808718,0.9987140558092796,0.9999999815005458,0.9999998661248339,0.9999997412802718,0.9997450734338995,0.9989765643580415,0.9985874741004082,0.9993194998643518,0.9991832607187519,0.9984948928722461,0.9972400648797244,0.9918459178554188,0.9557935464508299,0.8920524869811305,0.8163825551878525,0.5894307895803361,0.9885184838926613
0.356,13.602571258027078,0.9987257876583597,0.9999999819458382,0.9999998689909725,0.999999746588493,0.9997479486327535,0.9989862018111874,0.9986001677603394,0.9993262965266839,0.9991912146355479,0.9985083028287939,0.997262412063512,0.9918999662747255,0.955984384749748,0.892387166330945,0.8168188465777598,0.589941416207045,0.9885484683454321
0.357,13.621021026170933,0.9987373785235943,0.9999999823791624,0.9999998717876832,0.9999997517728348,0.999750783136224,0.9989957206222296,0.9986127105948095,0.9993330056773311,0.9991990681210372,0.9985215545129854,0.9972845134493248,0.9919534991249654,0.9561738419032509,0.8927198314686385,0.8172528305070589,0.5904499176399723,0.9885782432507887
0.358,13.639417419864994,0.9987488304585558,0.999999982800872,0.999999874516831,0.9999997568365151,0.9997535776253241,0.9990051225551728,0.9986251047800156,0.9993396286674927,0.9992068227002442,0.9985346501950126,0.9973063723615387,0.9920065226009606,0.9563619311488869,0.8930504989957694,0.8176845240744783,0.590956306803329,0.9886078107898311
0.359,13.657760670389989,0.9987601454819931,0.9999999832113087,0.999999877180226,0.9999997617826595,0.9997563327680185,0.9990144093435566,0.9986373524555556,0.9993461668242526,0.9992144798713763,0.9985475921070965,0.9973279920716951,0.9920590428087205,0.9565486655680542,0.8933791853420499,0.8181139442173515,0.5914605965181197,0.9886371731137891
0.36,13.676051007692307,0.9987713255785031,0.9999999836108037,0.9999998797796251,0.9999997666143053,0.9997590492195035,0.999023582691052,0.9986494557251283,0.9993526214510652,0.9992220411063572,0.9985603824442092,0.99734937579946,0.9921110657669147,0.9567340580881794,0.8937059067674797,0.818541107713462,0.5919627995031678,0.9886663323445234
0.361,13.694288660393664,0.998782372699186,0.9999999839996775,0.999999882316734,0.9999997713344035,0.9997617276224816,0.9990326442720452,0.9986614166572175,0.9993589938282307,0.9992295078513481,0.9985730233647807,0.9973705267135657,0.9921625974083168,0.9569181214848599,0.8940306793644485,0.8189660311828656,0.5924629283761289,0.9886952905750175
0.362,13.712473855800575,0.9987932887622877,0.9999999843782404,0.9999998847932088,0.9999997759458217,0.9997643686074282,0.9990415957322081,0.9986732372857623,0.9993652852133598,0.9992368815272583,0.9985855169913902,0.9973914479327312,0.992213643581222,0.9571008683839718,0.8943535190598075,0.8193887310896861,0.5929609956544897,0.9887240498698584
0.363,13.730606819913836,0.9988040756538278,0.9999999847467931,0.9999998872106571,0.9999997804513466,0.9997669727928523,0.9990504386890566,0.9986849196108128,0.9993714968418278,0.9992441635302436,0.9985978654114437,0.9974121425265651,0.9922642100508374,0.957282311263745,0.8946744416169117,0.8198092237438879,0.5934570137565582,0.9887526122657103
0.364,13.748687777437857,0.9988147352282148,0.9999999851056263,0.9999998895706402,0.9999997848536866,0.9997695407855518,0.9990591747324972,0.9986964655991722,0.9993776299272189,0.999251355232194,0.9986100706778358,0.9974326135164502,0.9923143025006474,0.9574624624568038,0.894993462637632,0.820227525303025,0.5939509950024404,0.9887809797717766
0.365,13.766716951789979,0.9988252693088481,0.9999999854550218,0.9999998918746741,0.999999789155474,0.9997720731808618,0.9990678054253608,0.9987078771850246,0.9993836856617602,0.9992584579812109,0.9986221348095997,0.9974528638764099,0.9923639265337532,0.9576413341521762,0.8953105975643396,0.8206436517739663,0.5944429516150043,0.9888091543702543
0.366,13.784694565109627,0.9988356796887059,0.9999999857952525,0.999999894124231,0.9999997933592676,0.9997745705628979,0.9990763323039265,0.9987191562705506,0.9993896652167464,0.9992654731020745,0.9986340597925414,0.9974728965339572,0.9924130876741867,0.9578189383972711,0.8956258616818613,0.8210576190145978,0.5949328957208351,0.9888371380167801
0.367,13.802620838267492,0.998845968130923,0.9999999861265829,0.9999998963207407,0.9999997974675545,0.999777033504793,0.9990847568784325,0.9987303047265291,0.9993955697429557,0.9992724018966987,0.9986458475798617,0.9974927143709267,0.992461791368202,0.9579952870998225,0.8959392701194063,0.8214694427355036,0.5954208393511773,0.9888649326408657
0.368,13.820495990874523,0.9988561363693544,0.999999986449269,0.999999898465592,0.9999998014827527,0.9997794625689296,0.9990930806335768,0.9987413243929266,0.9994014003710547,0.9992792456445796,0.9986575000927657,0.9975123202242894,0.9925100429855408,0.9581703920298063,0.8962508378524673,0.8218791385016223,0.5959067944428662,0.9888925401463267
0.369,13.838320241290935,0.998866186109128,0.9999999867635587,0.9999999005601338,0.9999998054072129,0.9997818583071653,0.9991013050290077,0.9987522170794746,0.999407158211997,0.9992860056032306,0.9986690192210578,0.9975317168869524,0.992557847820676,0.9583442648213224,0.8965605797046923,0.8222867217338832,0.596390772839247,0.9889199624117035
0.37,13.856093806635071,0.9988761190271848,0.9999999870696924,0.9999999026056766,0.9999998092432206,0.9997842212610546,0.9991094314998027,0.9987629845662341,0.9994128443574101,0.999292683008611,0.9986804068237267,0.997550907108541,0.992605211094032,0.9585169169744515,0.8968685103497317,0.8226922077108207,0.5968727862910881,0.9889472012906717
0.371,13.873816902792239,0.998885936772809,0.999999987367903,0.9999999046034935,0.9999998129929983,0.9997865519620641,0.9991174614569376,0.9987736286041493,0.9994184598799767,0.9992992790755434,0.998691664729516,0.9975698935961668,0.9926521379531822,0.9586883598570795,0.8971746443130579,0.8230956115701668,0.5973528464574751,0.9889742586124471
0.372,13.891489744423438,0.9988956409681459,0.999999987658416,0.9999999065548213,0.9999998166587071,0.9997888509317842,0.9991253962877462,0.9987841509155891,0.9994240058338056,0.999305794998123,0.9987027947374845,0.9975886790151787,0.992698633474025,0.9588586047066944,0.8974789959737605,0.8234969483104231,0.5978309649067042,0.9890011361821819
0.373,13.909112544974047,0.9989052332087094,0.9999999879414501,0.9999999084608616,0.9999998202424485,0.999791118682134,0.9991332373563693,0.9987945531948773,0.9994294832547954,0.9993122319501183,0.9987137986175539,0.9976072659899012,0.9927447026619385,0.9590276626321559,0.8977815795663144,0.8238962327924122,0.5983071531171567,0.9890278357813542
0.374,13.926685516682372,0.9989147150638786,0.999999988217217,0.9999999103227823,0.9999998237462666,0.9997933557155637,0.9991409860041949,0.9988048371088122,0.9994348931609902,0.9993185910853619,0.9987246781110465,0.9976256571043559,0.9927903504529134,0.9591955446154357,0.8980824091823252,0.824293479740809,0.5987814224781689,0.9890543591681484
0.375,13.944208870588236,0.9989240880773851,0.9999999884859223,0.9999999121417181,0.9999998271721491,0.9997955625252504,0.9991486435502887,0.9988150042971748,0.9994402365529272,0.9993248735381347,0.9987354349312099,0.9976438549029705,0.992835581714666,0.9593622615133316,0.8983814987722474,0.8246887037456507,0.5992537842908892,0.9890807080778298
0.376,13.961682816541353,0.9989333537677882,0.999999988747765,0.9999999139187719,0.9999998305220299,0.9997977395952905,0.9991562112918153,0.9988250563732282,0.9994455144139774,0.9993310804235402,0.9987460707637328,0.997661861891272,0.9928804012477306,0.9595278240591552,0.8986788621470819,0.8250819192638296,0.5997242497691264,0.9891068842231124
0.377,13.979107563209762,0.9989425136289425,0.9999999890029379,0.9999999156550152,0.9999998337977898,0.9997998874008877,0.9991636905044515,0.9988349949242036,0.9994507277106786,0.9993372128378721,0.9987565872672491,0.9976796805365687,0.992924813786532,0.9596922428643924,0.8989745129800458,0.8254731406205633,0.6001928300401875,0.9891328892945179
0.378,13.996483318088096,0.998951569130454,0.999999989251628,0.9999999173514901,0.9999998370012585,0.9998020064085359,0.99917108244279,0.9988448215117798,0.9994558773930607,0.9993432718589732,0.9987669860738323,0.9976973132686159,0.9929688240004393,0.9598555284203392,0.8992684648082225,0.825862382010849,0.6006595361457057,0.9891587249607309
0.379,14.013810287505851,0.9989605217181278,0.9999999894940169,0.9999999190092089,0.9999998401342165,0.9998040970761989,0.9991783883407341,0.9988545376725504,0.9994609643949652,0.9993492585465874,0.998777268789479,0.997714762480271,0.9930124364947996,0.9600176910997111,0.8995607310341862,0.8262496575008964,0.6011243790424597,0.9891843928689444
0.38,14.031088676635513,0.9989693728144061,0.9999999897302803,0.9999999206291563,0.9999998431983955,0.999806159853485,0.9991856094118865,0.9988641449184823,0.9994659896343566,0.9993551739427032,0.9987874369945838,0.9977320305281345,0.9930556558119545,0.9601787411582291,0.8998513249276052,0.8266349810295438,0.6015873696031844,0.9892098946452013
0.381,14.048318689500702,0.9989781238187979,0.9999999899605886,0.9999999222122892,0.9999998461954811,0.9998081951818187,0.9991927468499269,0.9988736447373652,0.999470954013628,0.9993610190718912,0.9987974922444032,0.9977491197331788,0.9930984864322365,0.9603386887361794,0.9001402596268226,0.8270183664096543,0.6020485186173679,0.989235231894727
0.382,14.065500528984156,0.9989867761082987,0.9999999901851072,0.9999999237595378,0.9999998491271128,0.999810203494608,0.999199801828984,0.9988830385932511,0.9994758584198994,0.9993667949416336,0.9988074360695106,0.9977660323813647,0.9931409327749493,0.9604975438599513,0.9004275481404149,0.8273998273294965,0.6025078367920461,0.9892604062022586
0.383,14.082634396835738,0.9989953310378026,0.9999999904039963,0.999999925271807,0.9999998519948868,0.9998121852174074,0.9992067755039991,0.9988923279268855,0.999480703725311,0.9993725025426468,0.9988172699762432,0.9977827707242461,0.9931829991993292,0.9606553164435492,0.9007132033487295,0.8277793773541038,0.6029653347525823,0.9892854191323671
0.384,14.099720493680296,0.9990037899405056,0.9999999906174117,0.9999999267499764,0.999999854800356,0.9998141407680782,0.9992136690110813,0.9989015141561296,0.999485490787308,0.9993781428491973,0.9988269954471377,0.997799336979563,0.9932246900054907,0.9608120162900833,0.9009972380053997,0.8281570299266204,0.6034210230434411,0.9893102722297714
0.385,14.116759019025523,0.9990121541283008,0.9999999908255041,0.9999999281949012,0.9999998575450321,0.9998160705569444,0.9992204834678573,0.9989105986763739,0.9994902204489217,0.9993837168194122,0.9988366139413591,0.997815733331822,0.9932660094353539,0.960967653093237,0.9012796647388412,0.8285327983696262,0.6038749121289526,0.9893349670196497
0.386,14.133750171269693,0.9990204248921652,0.9999999910284195,0.9999999296074136,0.9999998602303861,0.999817974986946,0.9992272199738117,0.9989195828609438,0.9994948935390431,0.9993892253955802,0.99884612689512,0.9978319619328679,0.9933069616735563,0.9611222364387109,0.9015604960537257,0.8289066958864485,0.6043270123940678,0.9893595050079446
0.387,14.150694147709395,0.9990286035025395,0.9999999912263002,0.9999999309883224,0.9999998628578504,0.9998198544537874,0.9992338796106218,0.9989284680614965,0.9994995108726917,0.9993946695044496,0.9988555357220914,0.9978480249024415,0.9933475508483476,0.9612757758056465,0.9018397443324353,0.8292787355624527,0.604777334145106,0.9893838876816592
0.388,14.167591144547133,0.9990366912096987,0.9999999914192838,0.9999999323384147,0.9999998654288189,0.9998217093460842,0.9992404634424853,0.99893725560841,0.9995040732512774,0.9994000500575183,0.9988648418138059,0.9978639243287286,0.99338778103247,0.9614282805680272,0.9021174218364972,0.8296489303663209,0.6052258876104931,0.9894081165091532
0.389,14.18444135689894,0.9990446892441174,0.9999999916075037,0.9999999336584557,0.9999998679446488,0.9998235400455051,0.9992469725164406,0.998945946811165,0.9995085814628584,0.9994053679513178,0.9988740465400523,0.9978796622688981,0.9934276562440217,0.9615797599960583,0.9023935407079985,0.8300172931513111,0.6056726829414919,0.9894321929404292
0.39,14.201244978801842,0.9990525988168251,0.9999999917910899,0.9999999349491903,0.9999998704066615,0.9998253469269124,0.9992534078626814,0.9989545429587182,0.9995130362823922,0.9994106240676923,0.9988831512492625,0.9978952407496292,0.9934671804473052,0.9617302232575257,0.9026681129709814,0.8303838366565023,0.6061177302129241,0.9894561184074165
0.391,14.218002203221353,0.9990604211197569,0.9999999919701679,0.9999999362113425,0.9999998728161433,0.9998271303584974,0.999259770494864,0.9989630453198685,0.9995174384719826,0.9994158192740704,0.9988921572688907,0.9979106617676288,0.9935063575536619,0.9618796794191355,0.9029411505328199,0.8307485735080222,0.6065610394238843,0.989479894324248
0.392,14.234713222058822,0.9990681573260954,0.9999999921448598,0.9999999374456174,0.9999998751743472,0.9998288907019143,0.9992660614104097,0.998971455143616,0.9995217887811209,0.9994209544237329,0.9989010659057851,0.9979259272901397,0.9935451914222905,0.9620281374478318,0.9032126651855777,0.8311115162202614,0.6070026204984462,0.9895035220875324
0.393,14.251378226158788,0.9990758085906064,0.999999992315284,0.9999999386527003,0.9999998774824927,0.9998306283124109,0.999272281590799,0.9989797736595138,0.9995260879469214,0.9994260303560741,0.9989098784465521,0.997941039255438,0.9935836858610522,0.9621756062120953,0.9034826686073476,0.8314726771970702,0.6074424832863594,0.9895270030766233
0.394,14.267997405316224,0.9990833760499678,0.9999999924815558,0.9999999398332586,0.999999879741768,0.9998323435389554,0.9992784320018615,0.9989880020780132,0.9995303366943541,0.9994310478968577,0.9989185961579137,0.9979559995733219,0.9936218446272612,0.962322094483223,0.9037511723635726,0.8318320687329419,0.607880637563742,0.9895503386538806
0.395,14.284570948283754,0.9990908608230918,0.9999999926437865,0.9999999409879415,0.9999998819533297,0.9998340367243621,0.9992845135940599,0.9989961415908006,0.9995345357364697,0.9994360078584679,0.998927220287057,0.997970810125591,0.9936596714284618,0.9624676109365877,0.9040181879083495,0.8321897030141803,0.6083170930337597,0.9895735301649295
0.396,14.301099042778793,0.9990982640114414,0.9999999928020845,0.9999999421173806,0.9999998841183046,0.9998357082054125,0.9992905273027669,0.99900419337113,0.9995386857746223,0.9994409110401549,0.9989357520619782,0.9979854727665161,0.9936971699231915,0.9626121641528794,0.904283726585715,0.8325455921200536,0.6087518593273047,0.9895965789389133
0.397,14.317581875490646,0.9991055866993396,0.9999999929565552,0.9999999432221909,0.9999998862377903,0.999837358312975,0.9992964740485377,0.9990121585741465,0.9995427874986867,0.999445758228276,0.9989441926918179,0.9979999893233013,0.9937343437217311,0.9627557626193282,0.9045477996309136,0.8328997480239322,0.6091849460036589,0.9896194862887437
0.398,14.334019632087509,0.9991128299542728,0.9999999931073004,0.9999999443029708,0.9999998883128557,0.999838987372122,0.999302354737377,0.9990200383372059,0.9995468415872705,0.9994505501965308,0.998952543367192,0.9980143615965356,0.9937711963868423,0.9628984147309083,0.9048104181716501,0.8332521825944141,0.6096163625511587,0.9896422535113433
0.399,14.350412497223488,0.9991199948271883,0.9999999932544194,0.9999999453603026,0.9999998903445422,0.9998405957022432,0.9993081702609998,0.9990278337801856,0.9995508487079224,0.9994552877061926,0.9989608052605145,0.9980285913606382,0.9938077314344914,0.9630401287915251,0.9050715932293236,0.8336029075964349,0.6100461183878425,0.9896648818878876
0.4,14.366760654545454,0.9991270823527866,0.9999999933980084,0.9999999463947533,0.9999998923338643,0.999842183617158,0.999313921497088,0.9990355460057913,0.9995548095173372,0.9994599715063345,0.9989689795263147,0.9980426803642932,0.9938439523345614,0.9631809130151839,0.9053313357202462,0.8339519346923647,0.6104742228621007,0.9896873726840411
