Beta,R_0,R1,R2,R3,R4,R5,R6,R7,R8,R9,R10,R11,R12,R13,R14,R15,R16,R_all
0.0,0.0,0.0,0.0,0.0,0.0,0.0,0.0,0.0,0.0,0.0,0.0,0.0,0.0,0.0,0.0,0.0,0.0,0.0
0.001,0.05774128513459622,0.0,0.0,0.0,0.0,0.0,0.0,0.0,0.0,0.0,0.0,0.0,0.0,0.0,0.0,0.0,0.0,0.0
0.002,0.11513818884691851,0.0,0.0,0.0,0.0,0.0,0.0,0.0,0.0,0.0,0.0,0.0,0.0,0.0,0.0,0.0,0.0,0.0
0.003,0.1721937829236868,0.0,0.0,0.0,0.0,0.0,0.0,0.0,0.0,0.0,0.0,0.0,0.0,0.0,0.0,0.0,0.0,0.0
0.004,0.22891110272727275,2.220446049250313e-16,1.5543122344752192e-15,1.9984014443252818e-15,1.7763568394002505e-15,4.440892098500626e-16,2.220446049250313e-16,4.440892098500626e-16,4.440892098500626e-16,3.3306690738754696e-16,3.3306690738754696e-16,2.220446049250313e-16,2.220446049250313e-16,0.0,0.0,0.0,0.0,5.783720415795901e-16
0.005,0.28529314773399017,0.0,0.0,0.0,0.0,0.0,0.0,0.0,0.0,0.0,0.0,0.0,0.0,0.0,0.0,0.0,0.0,0.0
0.006,0.34134288206286845,0.0,0.0,0.0,0.0,0.0,0.0,0.0,0.0,0.0,0.0,0.0,0.0,0.0,0.0,0.0,0.0,0.0
0.007,0.3970632349951029,0.0,0.0,0.0,0.0,0.0,0.0,0.0,0.0,0.0,0.0,0.0,0.0,0.0,0.0,0.0,0.0,0.0
0.008,0.452457101484375,0.0,0.0,0.0,0.0,0.0,0.0,0.0,0.0,0.0,0.0,0.0,0.0,0.0,0.0,0.0,0.0,0.0
0.009,0.5075273426582279,0.0,0.0,0.0,0.0,0.0,0.0,0.0,0.0,0.0,0.0,0.0,0.0,0.0,0.0,0.0,0.0,0.0
0.01,0.5622767863106797,0.0,0.0,0.0,0.0,0.0,0.0,0.0,0.0,0.0,0.0,0.0,0.0,0.0,0.0,0.0,0.0,0.0
0.011,0.6167082273862536,0.0,0.0,0.0,0.0,0.0,0.0,0.0,0.0,0.0,0.0,0.0,0.0,0.0,0.0,0.0,0.0,0.0
0.012,0.6708244284555984,1.4432899320127035e-15,3.552713678800501e-15,4.551914400963142e-15,4.218847493575595e-15,2.3314683517128287e-15,2.1094237467877974e-15,2.4424906541753444e-15,2.4424906541753444e-15,2.220446049250313e-15,1.6653345369377348e-15,1.3322676295501878e-15,1.2212453270876722e-15,4.440892098500626e-16,2.220446049250313e-16,2.220446049250313e-16,3.3306690738754696e-16,2.1327496021794644e-15
0.013,0.7246281201828682,3.219646771412954e-15,6.772360450213455e-15,9.2148511043888e-15,9.769962616701378e-15,5.662137425588298e-15,5.440092820663267e-15,5.88418203051333e-15,5.88418203051333e-15,4.6629367034256575e-15,3.774758283725532e-15,3.1086244689504383e-15,2.220446049250313e-15,1.5543122344752192e-15,8.881784197001252e-16,6.661338147750939e-16,5.551115123125783e-16,4.785840610018234e-15
0.014,0.7781220017850289,8.881784197001252e-16,2.4424906541753444e-15,4.107825191113079e-15,4.107825191113079e-15,1.9984014443252818e-15,1.7763568394002505e-15,1.9984014443252818e-15,1.9984014443252818e-15,1.7763568394002505e-15,1.4432899320127035e-15,9.992007221626409e-16,9.992007221626409e-16,3.3306690738754696e-16,1.1102230246251565e-16,1.1102230246251565e-16,2.220446049250313e-16,1.760144888261276e-15
0.015,0.8313087414832535,1.2212453270876722e-15,2.55351295663786e-15,4.3298697960381105e-15,4.218847493575595e-15,2.220446049250313e-15,2.1094237467877974e-15,2.220446049250313e-15,2.3314683517128287e-15,2.1094237467877974e-15,1.6653345369377348e-15,1.2212453270876722e-15,1.2212453270876722e-15,3.3306690738754696e-16,1.1102230246251565e-16,1.1102230246251565e-16,2.220446049250313e-16,1.963385534287713e-15
0.016,0.8841909769465649,6.328271240363392e-15,1.509903313490213e-14,2.19824158875781e-14,2.19824158875781e-14,1.1102230246251565e-14,1.0547118733938987e-14,1.199040866595169e-14,1.2101430968414206e-14,1.0769163338864018e-14,8.104628079763643e-15,6.328271240363392e-15,4.3298697960381105e-15,2.7755575615628914e-15,2.1094237467877974e-15,1.6653345369377348e-15,1.887379141862766e-15,1.0263134997838886e-14
0.017,0.9367713157278783,6.661338147750939e-15,1.6542323066914832e-14,2.3869795029440866e-14,2.375877272697835e-14,1.2101430968414206e-14,1.1213252548714081e-14,1.2434497875801753e-14,1.2656542480726785e-14,1.1213252548714081e-14,8.43769498715119e-15,6.772360450213455e-15,4.551914400963142e-15,2.886579864025407e-15,1.9984014443252818e-15,1.9984014443252818e-15,1.887379141862766e-15,1.0948621953848659e-14
0.018,0.9890523356925996,1.3205546134376078e-07,3.2760622703520426e-07,4.887618744175981e-07,4.869900320780829e-07,2.422907362520377e-07,2.2371863750425547e-07,2.474494027460139e-07,2.5714750739869174e-07,2.2632298046776356e-07,1.7045345956923086e-07,1.3977568302792065e-07,9.538904166550566e-08,6.112624018062007e-08,4.42870400352291e-08,3.9699124432246435e-08,3.9459770895255986e-08,2.2166171491272166e-07
0.019,1.0410365854399244,0.02982679688462697,0.07160372467276532,0.1027481382177644,0.10272897295155525,0.0536897394607716,0.050133706540089196,0.05518817636445594,0.057116090895069305,0.050320377744853984,0.038140637819910506,0.03145663223714512,0.021589630786649106,0.01390765288230067,0.01004401924333953,0.008976084889904978,0.008881314867616119,0.04855760358366072
0.02,1.0927265847169811,0.06723124954307946,0.15511405201363382,0.2134830708009473,0.214169122186322,0.11830590437089972,0.11179360488296342,0.12237768749653832,0.12609466816410864,0.11131395783873188,0.0850607610333981,0.07063851266285426,0.0488251666211289,0.031655407738921726,0.02278965051745563,0.0203025599578196,0.019989048876997706,0.10572380679661446
0.021,1.1441248248259643,0.10381457401769911,0.23070295362823035,0.3066245906602143,0.30839614528829506,0.17884853653549815,0.17066838444191812,0.18586764392484234,0.19080715488512845,0.1688757339496897,0.1300986889771525,0.10874051862729728,0.07568364754059709,0.04937503008659616,0.0354656701534628,0.03151676645725876,0.03090077684989978,0.1582954686669119
0.022,1.1952337690243902,0.139274288737137,0.298778733543128,0.3855791522015677,0.38854537781634646,0.23520807920536613,0.2262767883678788,0.24526565120721922,0.2510033814952036,0.22281464470835444,0.17303331392921972,0.14550834029335735,0.10196347715051846,0.06692110639405346,0.04799348423807459,0.042566493783617876,0.04158678023539342,0.2065715522745906
0.023,1.2460558529186156,0.1734285837626678,0.35993341729629114,0.4529991211899699,0.4571227362930603,0.2874452540265192,0.27839945253893006,0.3004520494879358,0.3066747870609785,0.2731148926786795,0.2137672656387376,0.1807952946524113,0.1275340656840347,0.08419293586924981,0.06032050450729676,0.05341830329673769,0.052030756499934605,0.25088283314138415
0.024,1.2965934848507463,0.20618148021914806,0.4148237166710743,0.5109618077757235,0.5161319490015339,0.33572603432339587,0.3269957158273389,0.3514850918972361,0.3579644308059675,0.3198727778122912,0.2522877702315225,0.2145316427484235,0.15231688278140565,0.10112336198266858,0.0724131617297159,0.06405221157330154,0.0622256607988797,0.29156628189594813
0.025,1.3468490462790699,0.23749610068128402,0.4641034119469326,0.5611061960921764,0.567180504656795,0.3802756199763666,0.37214059366539687,0.39853176694302384,0.4051030969655923,0.3632513566150999,0.2886373372286687,0.24670074282078458,0.17627046542854152,0.11766972763005834,0.0842514422745444,0.07445763244204795,0.07217063872590979,0.32894882262218866
0.026,1.3968248921521336,0.26737518803512983,0.5083883463025298,0.6047360315893932,0.611564408136237,0.42134748542401823,0.4139796952785366,0.4418200229319976,0.44836627395757855,0.40344949500102956,0.3228928565845405,0.27732146931952195,0.19937918523260934,0.13380696987997087,0.09582483403388742,0.08463042359946271,0.0818688601951224,0.36333811500467594
0.027,1.4465233512765956,0.2958473126834763,0.5482407880146688,0.6428971576332501,0.6503346367242218,0.45920340708272467,0.4526981820390157,0.48160703221422907,0.4880463365157741,0.44068150854708954,0.35515115273963505,0.3064356474632871,0.22164508151933937,0.14952251043909526,0.10712939953686451,0.09457079057556539,0.09132602653950372,0.39501808276817074
0.028,1.495946726678967,0.32295727761078175,0.5841647141115947,0.676435559571267,0.6843487773874992,0.49410110242272665,0.48850001398570486,0.5181588060610691,0.5244352401740163,0.47516420615423705,0.3855192288337367,0.3340992494794739,0.24308202524668843,0.1648125380709683,0.11816569325870818,0.10428181922374125,0.10054935674097976,0.4242474400607078
0.029,1.5450972959613616,0.3487595235646135,0.6166069160535166,0.7060410999856631,0.7143110413661831,0.5262869780425128,0.5215944523542736,0.5517375680753459,0.5578142512477096,0.5071089535779405,0.4141078129289223,0.3603763153437972,0.2637115920485402,0.1796793278972093,0.12893729080022187,0.11376845596489171,0.10954690627013586,0.45126000310193853
0.03,1.5939773116513762,0.3733136415431263,0.6459609589633266,0.7322806715770311,0.740803306406498,0.5559922240840638,0.55218755599346,0.5825943066693284,0.5884482747998022,0.5367170689098613,0.4410271854205451,0.3853348083281751,0.28356016463344813,0.19412931731140937,0.13944975431410944,0.12303680248878046,0.11832711387507933,0.47626599271190123
0.031,1.6425890015462032,0.3966813516046982,0.6725723195138238,0.7556235102699459,0.7643092802785516,0.5834310519780328,0.5804770547298945,0.6109647196295667,0.6165831251579701,0.5641773910952854,0.46638456272836526,0.4090438288301075,0.30265691054438526,0.20817172832690067,0.14970990659925654,0.1320936298749753,0.12689850358725552,0.49945382748732065
0.032,1.6909345690510953,0.4189244966922673,0.696743790720947,0.776460674089844,0.7852333993413012,0.6088002708952017,0.6066494724501272,0.6370673393626277,0.6424446367931914,0.589665240408181,0.4902825324066843,0.43157177496705434,0.32103238011159896,0.22181758280843922,0.15972532300507136,0.14094604548561862,0.13526949207656624,0.5209921032706801
0.033,1.7390161935122843,0.4401037368207872,0.7187406829412815,0.7951201533674439,0.8039156911003458,0.632279672555092,0.6308787262278472,0.6611030293113749,0.6662388918927904,0.6133422508454671,0.5128181919416417,0.4529851597548068,0.338717542846087,0.2350789998760775,0.1695039770346013,0.14960126623221592,0.14344826736503524,0.5410315807403195
0.034,1.7868360305444648,0.46027772521870647,0.7387956004096656,0.8118786862670512,0.8206435320254408,0.6540328791857898,0.6533256760904929,0.683255316452267,0.688153095006067,0.6353567314202013,0.5340827532906223,0.4733478815392772,0.35574313351988773,0.24796869612349715,0.17905399455495885,0.15806646598373275,0.1514427157687589,0.5597070823301232
0.035,1.8343962123529416,0.47950261502842606,0.7571127110888162,0.8269710706344011,0.8356610058388593,0.6742084328725393,0.6741382715510569,0.7036912096850966,0.7083567936504699,0.6558443320870083,0.5541614510343004,0.49272080563812504,0.3721392168804811,0.2604996318577476,0.18838348489404177,0.16634867470420855,0.15926038131915998,0.5771392485955752
0.036,1.8816988480505414,0.49783179160185576,0.7738715015820846,0.8405975584075469,0.8491763973454011,0.6929409861417595,0.6934520583977806,0.7225622774672775,0.7270032546650846,0.6749288691795172,0.5731336440529815,0.5111615580895024,0.38793490658016894,0.27268476267710573,0.19750042645924026,0.17445471369758347,0.1669084469233798,0.5934361335961195
0.037,1.9287460239693972,0.5153157575579659,0.7892300460552673,0.8529297701452392,0.8613682292426591,0.7103525072109762,0.7113908890503042,0.7400058401005136,0.744230878631891,0.6927232177527898,0.5910730362610306,0.5287244624034451,0.40315819267204545,0.28453686717298277,0.20641259105917242,0.182391156034309,0.17439372992672464,0.6086946360722824
0.038,1.9755398039676841,0.5320021200247699,0.8033278346479112,0.8641154586714028,0.8723901535927854,0.7265534482783012,0.7280677338387616,0.7561461863041175,0.7601645818362752,0.7093302129304897,0.6080479662904561,0.5454605711574804,0.41783584525825834,0.2960684297098437,0.21512749569750633,0.19016430449237942,0.18172268705855643,0.6230017727948429
0.039,2.022082229731424,0.5479356449365453,0.8162882120665271,0.8742823710755221,0.8823749376286107,0.7416438478255702,0.7435855270295051,0.7710957593508979,0.7749171056617798,0.7248435251929601,0.624121732664219,0.5614177589164382,0.4319933712256605,0.30729156306731253,0.2236523738352496,0.19778018161431055,0.1889014253281267,0.6364358053984058
0.04,2.0683753210714286,0.5631583540088949,0.8282204763090576,0.8835413993025346,0.8914377292181539,0.7557143523638138,0.7580380059308179,0.7849562813055552,0.7885902327439999,0.7393484894769484,0.6393529323772345,0.5766408532024603,0.44565500762830856,0.31821795990423285,0.2319941603977672,0.20524452806864557,0.19593571652455444,0.6490672341394361
0.041,2.1144210762154945,0.5777096475179764,0.8392216838241462,0.8919891655986084,0.8996787461049432,0.7688471521449014,0.7715105178027221,0.7978197989427385,0.8012759014320681,0.7529228776371123,0.653795798571033,0.591171787424971,0.4588437399855312,0.3288588650071086,0.24015948642089413,0.212562806619914,0.20283101372405565,0.6609596725004113
0.042,2.160221472095915,0.5916264412603495,0.8493782025661754,0.8997101560796961,0.9071855016407921,0.7811168309459035,0.7840807801795094,0.8097696445029563,0.8130572176215665,0.7656376100082402,0.6675005282814386,0.6050497647248017,0.47158133712401806,0.33922506245399264,0.2481546803843958,0.2197402097984159,0.20959246872479198,0.6721706161177088
0.043,2.2057784646324183,0.6049433097502912,0.8587670492934705,0.9067784907427928,0.914034655670562,0.7925911333253871,0.7958195873676588,0.8208813104172492,0.8240093674767133,0.7775574056817122,0.6805135948322023,0.6183114252319226,0.4838883965970342,0.34932687339801305,0.25598577410762957,0.22678166991946225,0.2162249496875862,0.6827521185829191
0.044,2.251093989010601,0.6176926302946393,0.8674570425506302,0.9132593992464804,0.9202935606959659,0.803331654562752,0.8067914605130877,0.8312232407288688,0.834200437037936,0.7887413734559576,0.6928780418723275,0.6309910117283388,0.495784396440344,0.359174161320879,0.26365851167700527,0.2336918704990818,0.22273305850871428,0.6927513855225279
0.045,2.2961699599559475,0.629904724398445,0.8755097982999469,0.9192104572265489,0.9260215590895122,0.8133944593572273,0.8170552415613368,0.8408575439842051,0.8436921459281935,0.7992435467631812,0.7046337576750248,0.6431205304574503,0.5072877502670103,0.36877634244515056,0.27117836030441445,0.2404752583968901,0.22912114762265656,0.7022112971566709
0.046,2.3410082720035152,0.6416079942258248,0.8829805912032946,0.9246826266748303,0.9312710759476039,0.8228306356348739,0.8266646332212165,0.8498406334039458,0.8525405027975297,0.8091133665641889,0.715817729382713,0.6547299050464894,0.5184158635992224,0.3781423996097154,0.2785505223271387,0.24713605621987556,0.2353933360512629,0.7111708683631521
0.047,2.385610799763366,0.6528290527288052,0.8899191011108636,0.92972113518025,0.9360885434145553,0.8316867897215272,0.8356686880672105,0.8582238005437763,0.8607963900883479,0.8183961164740454,0.7264642775684542,0.665847122362661,0.5291851899821126,0.38728089836655144,0.28577994778601423,0.25367827466644666,0.24155352459734158,0.7196656541755909
0.048,2.4299793981818185,0.6635928466744242,0.8963700613545101,0.9343662220081532,0.9405151854144843,0.8400054888383506,0.8441122504373076,0.8660537286538966,0.8685060853643772,0.8271333143895476,0.7366052719093674,0.6764983697142861,0.5396112858914086,0.3962000043920282,0.2928713471834101,0.2601057245944607,0.24760541013627468,0.7277281076462297
0.049,2.4741159027986055,0.6739227722258303,0.9023738229224196,0.9386537736289879,0.9445876862714458,0.8478256564625328,0.852036354976979,0.8733729517082163,0.8757117259539862,0.8353630647388495,0.7462703290150168,0.6867081632120979,0.5497088637834191,0.40490750155423527,0.29982920414272185,0.2664220286717668,0.25355249899668986,0.7353878961114438
0.05,2.5180221300000007,0.6838407830224551,0.9079668464542633,0.9426158670645681,0.9483387623580446,0.8551829256312289,0.8594785856659521,0.8802202647021424,0.8824517230960919,0.8431203752323558,0.755486993581103,0.6964994673771849,0.5594918428779636,0.41341081016200854,0.3066577877787102,0.27263063252128017,0.25939811944594915,0.742672181109553
0.051,2.5616998772679964,0.6933674908971184,0.9131821321892989,0.9462812360461805,0.9517976524438003,0.8621099547911898,0.8664733990227709,0.886631090380315,0.8887611311960573,0.8504374417068714,0.7642809040859465,0.7058938062595468,0.5689733974380974,0.42171700505806997,0.3133611646518434,0.2787348153106253,0.26514543331201,0.7496058665096128
0.052,2.605150923425606,0.7025222594924699,0.9180495964753357,0.9496756722815957,0.9549905396288219,0.8686367103333607,0.87305241496682,0.892637807095768,0.8946719772310024,0.8573439043506741,0.7726759442419764,0.7149113664424951,0.5781660024336428,0.4298328333202718,0.31994321022619965,0.2847376997632821,0.2707974467828288,0.7562118188078266
0.053,2.6483770288783437,0.7113232911155529,0.9225964021610352,0.9528223719609179,0.9579409155010725,0.8747907195145475,0.8792446785643337,0.8982700420466021,0.900213554806805,0.8638670782936779,0.7806943813758389,0.7235710923728577,0.5870814765620314,0.43776473141026273,0.3264076197840442,0.2906422615869012,0.2763570204297743,0.7625110630256517
0.054,2.69137993585198,0.7197877072120195,0.926847249110163,0.9557422358815227,0.9606698953346767,0.8805972970641196,0.8850768956173075,0.9035549337013027,0.9054126868721519,0.8700321612550966,0.7883569928520269,0.7318907744893504,0.5957310226598596,0.44551884166470124,0.33275791877434735,0.29645133832737836,0.2818268785038772,0.7685229571912081
0.055,2.7341613686266095,0.7279316228608328,0.9308246301620288,0.9584541301530966,0.9631964916651099,0.886079748405383,0.8905736447870934,0.9085173668180576,0.9102939606421518,0.8758624206671479,0.7956831815850625,0.7398871306315795,0.6041252655789688,0.4531010280652604,0.3389974725896483,0.3021676376658793,0.2872096175540976,0.7742653479944773
0.056,2.776723033767124,0.7357702156936413,0.9345490570902747,0.9609751132874589,0.965537852366628,0.8912595520889971,0.89575756868703,0.9131801830909738,0.914879937875747,0.881379362440467,0.8026910816103452,0.7475758812072366,0.6122742876271898,0.4605168912538449,0.34512949577773955,0.30779374518158786,0.2925077144158209,0.7797547098689623
0.057,2.8190666203501284,0.7433177896355985,0.9380392604594103,0.9633206345316783,0.967709468364402,0.8961565237382554,0.9006495461360247,0.9175643701181068,0.9191913432858919,0.8866028833060796,0.809397654607807,0.7549718185802473,0.6201876616899763,0.4677717827813809,0.35115706070288366,0.3133321316062784,0.29772353361598003,0.7850062694607968
0.058,2.8611938001873938,0.7505878338500636,0.9413123667258567,0.9655047075256151,0.9697253552963285,0.9007889635410092,0.9052688475404069,0.9216892310820728,0.9232472335365037,0.8915514084598977,0.815818778198154,0.7620888711216479,0.627874482157936,0.47487081859429525,0.3570831056767796,0.3187851595985851,0.3028593342388731,0.7900341171944153
0.059,2.9031062280458793,0.7575930772509579,0.9443840554616073,0.9675400627237987,0.9715982127639349,0.9051737890878492,0.9096332751656179,0.9255725372619631,0.9270651489922502,0.8962420160477769,0.821969326760299,0.7689401623403294,0.6353433937887878,0.4818188917739529,0.3629104425829386,0.3241550900664838,0.3079172762941331,0.7948513074263046
0.06,2.9448055418644072,0.764345538925486,0.9472686991805125,0.9694382814906289,0.9733395642515602,0.9093266551480716,0.9137592898724349,0.929230665253033,0.9306612501328644,0.9006905498609047,0.8278632454515757,0.7755380654843546,0.6426026186321514,0.48862068455196106,0.3686417640200964,0.3294440880663646,0.3128994266255748,0.7994699484902315
0.061,2.986293362967033,0.7708565747877653,0.9499794879084166,0.9712099143367142,0.9749598803268295,0.9132620617912296,0.9176621257237795,0.9326787205556475,0.9340504403194262,0.9049117214611109,0.83351361804997,0.781894253976568,0.6496599811429098,0.4952806796293687,0.37427964999121455,0.33465422830641045,0.3178077643969086,0.803901283774584
0.062,3.0275712962731873,0.7771369207615417,0.9525285403495254,0.9728645853962434,0.97646868734624,0.9169934521000079,0.921355893716623,0.9359306490045896,0.9372464764026176,0.9089192028219656,0.8389327291800307,0.7880197480214924,0.6565229316045375,0.5018031708309074,0.379826574164736,0.3397875002809717,0.32264418618761825,0.808155764831479
0.063,3.0686409305046256,0.7831967327682048,0.9549270032546521,0.9744110849374734,0.9778746635637446,0.9205333005773937,0.9248536757578636,0.9389993373415725,0.9402620684893167,0.9127257104526865,0.8441321214313584,0.7939249576946614,0.6631985679783513,0.5081922731271795,0.3852849097343798,0.3448458130613862,0.3274105107297386,0.8122431173950173
0.064,3.109503838389262,0.789045623775166,0.9571851403858241,0.9758574514400165,0.9791857242663958,0.9238931932253601,0.9281676098819278,0.9418967040852245,0.9431089700312489,0.9163430818663599,0.8491226478304077,0.799619722800869,0.6696936562885906,0.5144519320583834,0.3906569349029946,0.34983099976733534,0.3321084833138205,0.8161724010799359
0.065,3.150161576861925,0.7946926981395542,0.9593124122906497,0.9772110445550336,0.98040909733042,0.9270839001615354,0.9313089675998969,0.9446337817217254,0.94579805926523,0.919782345160371,0.8539145200825442,0.8051133497645645,0.6760146496468289,0.5205859325930926,0.3959448380149707,0.3547448217413789,0.33673977989008486,0.8199520634395991
0.066,3.190615687262104,0.8001465834632725,0.9613175479442724,0.9784786100806846,0.9815513903961511,0.9301154415428031,0.9342882241738896,0.9472207911236629,0.9483394129166058,0.9230537823939338,0.8585173529615997,0.8104146457938757,0.6821677060127739,0.5265979074550173,0.4011507223605646,0.35958897244790045,0.3413060108886431,0.8235899889819454
0.067,3.2308676955287265,0.8054154601577923,0.9632086091828201,0.9796663379295382,0.9826186506950916,0.9329971474788576,0.9371151225250024,0.9496672090027152,0.9507423729737927,0.9261669873740105,0.8629402051882409,0.8155319505395436,0.6881587047821047,0.5324913449496929,0.4062766106742376,0.36436508111625354,0.3458087247806737,0.8270935436719486
0.068,3.2709191123920274,0.8105070889006609,0.9649930487367497,0.9807799139324412,0.9836164184220505,0.9357377125430028,0.9397987314071858,0.9519818291118329,0.9530156072505964,0.929130918395641,0.8671916171060036,0.8204731654513652,0.6939932622857707,0.5382695963218073,0.4113244493478311,0.36907471614654797,0.3502494114006345,0.8304696153880019
0.069,3.3107714335625524,0.8154288361505493,0.9666777625726913,0.9818245662107519,0.9845497744257913,0.9383452454206943,0.9423474984119882,0.9541728178332564,0.9551671643727132,0.9319539464248171,0.8712796454345573,0.8252457810175371,0.6996767462792253,0.5439358826725043,0.4162961123781249,0.3737193882951856,0.354629505047908,0.83372465074617
0.07,3.350426139917356,0.8201876978736898,0.9682691371659968,0.9828051067526934,0.9854233828895692,0.9408273141773781,0.9447692983091769,0.9562477647186652,0.957204523754093,0.9346438991606623,0.8752118953533399,0.8298569020564908,0.7052142894943749,0.549493301464508,0.4211934050670578,0.3783005536560239,0.3589503873847394,0.836864688659435
0.071,3.389884697683429,0.8247903216217407,0.9697730922512685,0.9837259687472821,0.9862415295855875,0.9431909875751157,0.9470714771750126,0.9582137284859108,0.9591346410665194,0.9372081013680751,0.8789955501448915,0.8343132712163277,0.7106108023216963,0.5549448326414116,0.42601806749168625,0.38281961645186524,0.3632133901459258,0.8398953909580092
0.072,3.429148558618421,0.8292430270893453,0.9711951195330396,0.984591240158651,0.9870081562124565,0.9454428728214612,0.9492608927126354,0.9600772789221191,0.960963989650775,0.9396534118314739,0.882637398605757,0.8386212908237207,0.7158709846849325,0.5602933443859406,0.43077177775978026,0.3872779316498711,0.36741979767441846,0.8428220703607459
0.073,3.4682191601886796,0.8335518252688883,0.972540317782118,0.9854046939628356,0.9877268912602923,0.9475891500933363,0.9513439511269611,0.9618445350946104,0.9626985982692087,0.9419862572442602,0.8861438604134793,0.8427870432120436,0.7209993371661032,0.5655415985405127,0.43545615506585,0.39167680741348265,0.37157084929582906,0.8456497160559698
0.074,3.507097925744681,0.8377224363101133,0.9738134246936988,0.9861698154167152,0.9884010777925547,0.9496356041425806,0.953326640879074,0.963521200228297,0.9643440855566116,0.9442126633165795,0.8895210096207887,0.8468163096474557,0.7260001714341995,0.5706922557119622,0.44007276256135897,0.396017507402469,0.37566774154376004,0.8483830171221329
0.075,3.545786264693878,0.8417603061832633,0.9750188458402015,0.9868898266835412,0.9890337984857546,0.9515876532578839,0.9552145636117929,0.9651125935703125,0.9659056914883467,0.9463382833554075,0.8927745964323618,0.8507145879615876,0.7308776200268678,0.5757478800808908,0.4446231100518804,0.40030125293184626,0.3797116302468855,0.8510263839940777
0.076,3.5842855726710097,0.8456706222362059,0.9761606810140407,0.9875677091003008,0.9896278982266536,0.9534503758294386,0.9570129625084436,0.9666236795290274,0.9673883061510619,0.9483684245455819,0.8959100674053736,0.8544871089903066,0.7356356455306647,0.5807109439347806,0.4491086565330531,0.40452922499958677,0.3837036324878351,0.8535839681589497
0.077,3.6225972317059303,0.8494583277285006,0.9772427482224605,0.9882062233381642,0.9901860045305739,0.9552285347374422,0.9587267483204313,0.9680590943447728,0.9687964960715169,0.9503080721376994,0.8989325842022692,0.8581388519096638,0.7402780492019607,0.5855838319427318,0.453530812576314,0.4087025661922917,0.38764482844309456,0.8560596802465518
0.078,3.660722610388979,0.8531281354185374,0.9782686055675269,0.988807927677699,0.9907105460131633,0.9569265997631707,0.9603605232756401,0.969423170523112,0.97013452833261,0.9521619117285616,0.9018470410126538,0.861674558552513,0.7448084790674047,0.5903688451884902,0.4578909425746065,0.4128223824772951,0.3915362631124154,0.858457206661926
0.079,3.698663064033953,0.8566845402736234,0.9792415712188566,0.989375194594783,0.9912037691207319,0.9585487682013947,0.9619186030586452,0.9707199592379346,0.9714063926822026,0.9539343498017502,0.9046580807507713,0.8650987467823351,0.7492304375398726,0.5950682049773043,0.46219036685750114,0.41688974488902697,0.3953789479455232,0.8607800248928129
0.08,3.7364199348387097,0.8601318313672122,0.980164741664182,0.9899102258306753,0.9916677533005268,0.9600989838351282,0.9634050370349274,0.9719532508906914,0.9726158218194512,0.9556295326797337,0.9073701101256352,0.8684157229944831,0.7535472885831312,0.5996840564310881,0.46643036368448654,0.4209056911168719,0.39917386237331287,0.8630314176112527
0.081,3.7739945520434435,0.8634741030222666,0.9810410084030463,0.99041506610005,0.9921044247715688,0.9615809544178493,0.9648236268744815,0.9731265939934072,0.9737663100247634,0.9572513640244157,0.9099873136723551,0.8716295938092842,0.7577622644559213,0.6042184718853872,0.4706121711245549,0.42487122700121505,0.4029219552501401,0.8652144856766465
0.082,3.8113882320866774,0.8667152652550016,0.98187307323142,0.9908916155735809,0.9925155690385147,0.9629981677941609,0.9661779437151687,0.9742433125264568,0.9748611302829291,0.9588035210100492,0.912513666825505,0.8747442770161832,0.761878472063861,0.608673454100706,0.47473698882960136,0.42878732794385677,0.4066241462133091,0.8673321601369836
0.083,3.8486022787590075,0.869859053568925,0.9826634622495601,0.9913416412565665,0.9929028422750902,0.9643539067772089,0.9674713439927014,0.9753065219072194,0.9759033500341923,0.9602894692807998,0.9149529481083996,0.8777635118233085,0.7658988989454489,0.6130509392999061,0.47880597970862204,0.4326549402385331,0.4102813269653727,0.8693872133154787
0.084,3.885637983354633,0.8729090381451302,0.9834145387117285,0.9917667873718025,0.9932677816896601,0.9656512628898433,0.9687069840520781,0.976319143692446,0.9768958456748408,0.9617124767947773,0.9173087505058303,0.8806908684624691,0.7698264189164853,0.6173528000425703,0.4828202715091866,0.4364749823268319,0.41389436248444456,0.8713822690614045
0.085,3.9224966248207176,0.8758686324711822,0.9841285148242349,0.9921685848432232,0.9936118149732069,0.9668931490663591,0.9698878336444573,0.9772839191252891,0.9778413159170848,0.9630756266469626,0.9195844920820777,0.8835297571955876,0.7736637973954263,0.6215808479464862,0.4867809583121877,0.4402483459844173,0.41746409216730285,0.8733198122363576
0.086,3.9591794699046106,0.8787411014476287,0.9848074625874773,0.9925484599665285,0.9939362689191581,0.9680823114025607,0.9710166884037352,0.9782034216273144,0.9787422941074493,0.9643818289550014,0.9217834259008235,0.8862834367649366,0.7774136964305403,0.6257368362657074,0.4906891019454548,0.44397589744211163,0.42099133090973373,0.8752021975004445
0.087,3.995687773298969,0.8815295690081373,0.9854533237680558,0.9929077423439047,0.9942423772949468,0.9692213400337162,0.9720961813883542,0.9790800683262716,0.9796011595934412,0.9656338318842254,0.9239086492988541,0.8889550223261997,0.7810786794481931,0.6298224623339999,0.49454573332139795,0.4476584784460488,0.424476870128197,0.8770316574568118
0.088,4.032022777784809,0.8842370252864991,0.9860679190784958,0.9932476721519047,0.9945312880367474,0.9703126792126398,0.9731287937660057,0.9799161307018598,0.9804201482197848,0.9668342318814005,0.9259631125611685,0.8915474929003355,0.7846612157401999,0.633839369881891,0.498351853703502,0.45129690726081084,0.4279214787266161,0.8788103102075245
0.089,4.068185714372533,0.8868663333611924,0.986652956634493,0.9935694068044137,0.994804069831357,0.9713586366535316,0.9741168647118177,0.9807137444240397,0.9812013620279015,0.9679854831805156,0.9279496270411877,0.8940636983774336,0.7881636847068709,0.6377891512349679,0.5021084359061325,0.4548919796191754,0.43132590401180537,0.8805401663689184
0.09,4.104177802440945,0.889420235605879,0.9872100397528007,0.9938740270663053,0.9950617181425738,0.9723613922012666,0.9750626005842309,0.9814749184515472,0.9819467782254827,0.9690899066383364,0.9298708727662203,0.8965063661031965,0.7915883798711998,0.641673349400568,0.5058164254318146,0.45844446962184005,0.4346908725607882,0.8822231355901688
0.091,4.140000249874312,0.8919013596720764,0.9877406741467987,0.99416254266777,0.9953051607335497,0.9733230058804658,0.9759680834370259,0.9822015434520543,0.9826582574868532,0.9701496979524024,0.9317294055650986,0.8988781070763469,0.7949375126785345,0.6454934600495177,0.5094767415498465,0.46195513059026283,0.43801709104303155,0.8838610326148839
0.092,4.175654253197492,0.8943122241282875,0.9882462745713473,0.994435897464303,0.9955352627313768,0.974245425373855,0.9768352789207599,0.9828953995998349,0.983337551639294,0.9711669353095727,0.9335276637519496,0.9011814217831136,0.7982132160950617,0.6492509333991324,0.5130902783198428,0.4654246958755116,0.44130524700039886,0.8854555829219669
0.093,4.211140997709148,0.896655243778078,0.9887281709636628,0.9946949741828814,0.9957528312755245,0.9751304929750508,0.9776660436221878,0.9835581638017529,0.9839863107855041,0.9721435865090974,0.935267974397375,0.9034187056929858,0.8014175480174953,0.6529471760032721,0.516657905563559,0.46885387962584435,0.4445560095874258,0.8870084279787955
0.094,4.2464616576131045,0.8989327346779401,0.9891876141225782,0.9949405987908936,0.9959586197876061,0.9759799520569777,0.9784621318859935,0.9841914163978523,0.9846060899078913,0.97308151560044,0.9369525592158597,0.9055922544381252,0.8045524945055034,0.6565835524548751,0.5201804697881108,0.47224337751552425,0.4477700302743395,0.8885211301368773
0.095,4.28161739614786,0.9011469188742652,0.9896257809646335,0.995173544520835,0.9961533318962706,0.976795453093545,0.9792252021593251,0.9847966473787167,0.9851983549963216,0.97398248907268,0.938583540095979,0.9077042686971659,0.8076199728476037,0.6601613870060212,0.5236587950634987,0.475593867437218,0.45094794351507717,0.8899951771975153
0.096,4.316609365714286,0.9032999288773533,0.9900437793919183,0.9953945355806171,0.9963376250477156,0.9775785592689935,0.979956822896139,0.9853752621580658,0.9857644887372891,0.9748481816292396,0.9401629442979265,0.9097568588026164,0.810621834470529,0.663681965110261,0.527093683857141,0.4789060101601631,0.45409036738239306,0.891431986672667
0.097,4.351438708001549,0.9053938118891034,0.9904426528034096,0.9956042505764944,0.9965121138293787,0.9783307517063897,0.9806584780552152,0.9859285869356992,0.9863057957991603,0.975680181578877,0.9416927093410036,0.9117520490896732,0.8135598677013747,0.667146534891623,0.5304859178279491,0.48218044995612663,0.4571979041720111,0.8928329097640298
0.098,4.386106554111283,0.9074305337998452,0.9908233842787004,0.9958033256730756,0.9966773730317239,0.9790534343440926,0.9813315722228394,0.9864578736828623,0.9868235077451387,0.9764799958713399,0.9431746876019943,0.9136917820029786,0.816435800391216,0.6705563085444384,0.5338362585822969,0.485417815195069,0.46027114097764055,0.8941992350814496
0.099,4.420614024680031,0.9094119829686871,0.9911869004604325,0.9959923575125985,0.9968339404706846,0.9797479384866118,0.981977435388549,0.9869643047793587,0.9873187876028833,0.9772490548037548,0.9446106506437708,0.9155779219766641,0.8192513024083055,0.6739124636678577,0.5371454483940892,0.48861871891226394,0.46331065023854856,0.8955321921199881
0.1,4.4549622300000005,0.9113399738007452,0.9915340751594227,0.9961719059136027,0.9969823195911982,0.9804155270540815,0.9825973273999848,0.9874489973292391,0.9877927341172501,0.9779887164217157,0.9460022932920312,0.9174122591019336,0.8220079880084079,0.6772161445386757,0.5404142108909872,0.49178375934854457,0.46631699026127427,0.8968329545133842
0.101,4.489152270138143,0.913216250133695,0.9918657327043757,0.9963424963672869,0.9971229818703741,0.9810573985525908,0.9831924421207371,0.9879130071796332,0.9882463857103879,0.978700270637112,0.9473512374767451,0.9191965125954374,0.8247074180893461,0.6804684633258635,0.54364325170871,0.49491352046520176,0.46929070571696485,0.8981026430801923
0.102,4.523185235053599,0.9150424884452308,0.99218265105617,0.9965046223481822,0.9972563690371195,0.9816746907857926,0.9837639113131229,0.9883573326652342,0.9886807241713915,0.9793849430829791,0.9486590358536627,0.9209323340807567,0.8273511023363586,0.6836705012499867,0.546833259115214,0.49800857243499075,0.47223232811570526,0.8993423286775646
0.103,4.557062204713522,0.916820300892226,0.9924855647049902,0.9966587474542751,0.9973828951235136,0.982268484326569,0.9843128082660542,0.988782918099078,0.9890966780958713,0.9800438987240518,0.9499271752201276,0.9226213106944711,0.8299405012644445,0.6868233096904957,0.5499849046064291,0.5010694721105841,0.4751423762591438,0.9005530348764256
0.104,4.590784249207317,0.9185512381916573,0.9927751673670184,0.9968053073903664,0.9975029483618327,0.9828398057660204,0.9848401511865259,0.9891906570285579,0.9894951260941145,0.9806782452402397,0.9511570797383975,0.9242649680274826,0.8324770281634722,0.6899279112436784,0.5530988434751293,0.5040967634717373,0.4780213566726087,0.9017357404707064
0.105,4.624352428859316,0.9202367923526785,0.993052114495984,0.9969447118072335,0.997616892939878,0.983389630755681,0.9853469063717825,0.989581395274065,0.9898768997849936,0.9812890361988995,0.9523501139787385,0.9258647729115473,0.834962050951459,0.6929853007339117,0.5561757153544059,0.5070909780523439,0.48086976401785264,0.9028913818322954
0.106,4.657767794339909,0.9218783992686086,0.9933170256235887,0.9970773460080653,0.9977250706261329,0.9839188868576026,0.9858339911778602,0.989955933766242,0.9902427865913787,0.9818772740305618,0.9535075857936791,0.9274221360602919,0.8373968939410887,0.695996446180668,0.5592161447371369,0.5100526353484913,0.48368808148748477,0.9040208551224529
0.107,4.691031386775171,0.9234774411770093,0.9935704865416619,0.9972035725326395,0.9978278022752568,0.9844284562158089,0.9863022767989758,0.9903150311965406,0.990593532351543,0.9824439128216406,0.9546307490340087,0.9289384145733592,0.8397828395242086,0.6989622897235932,0.5622207414727327,0.5129822432085448,0.4864767811820706,0.9051250183696001
0.108,4.724144237854985,0.9250352489955018,0.993813051337837,0.9973237326288158,0.9979253892234968,0.9849191780615714,0.9867525908710956,0.9906594064946093,0.9909298437598977,0.9829898609366333,0.9557208061163658,0.9304149143117649,0.8421211297787583,0.7018837485078396,0.5651901012423863,0.5158802982062358,0.48923632447083965,0.9062046934226303
0.109,4.757107369939714,0.9265531045404676,0.9940452442955782,0.9974381476200944,0.9980181145827746,0.9853918510640057,0.9871857199119938,0.9909897411449599,0.9912523906493267,0.9835159834813713,0.9567789104515748,0.9318528921519977,0.844412968002303,0.7047617155316919,0.5681248060139598,0.5187472859976638,0.4919671623368703,0.9072606677881923
0.11,4.789921796165414,0.9280322426353148,0.9942675616685104,0.9975471201772554,0.9981062444414384,0.9858472355366015,0.9876024116091549,0.9913066813543863,0.9915618081264329,0.9840231046180207,0.9578061687422595,0.9332535581259083,0.8466595201760865,0.7075970604584141,0.5710254244775801,0.5215836816630659,0.4946697357075611,0.9082936963597563
0.111,4.8225885205476375,0.9294738531145699,0.994480473338201,0.9976509355014156,0.9981900289789974,0.986286055509503,0.9880033769660157,0.9916108400807088,0.9918586985701215,0.9845120097417361,0.9588036431576789,0.9346180774529735,0.8488619163632849,0.71039063039413,0.5738925124629494,0.5243899500341545,0.4973444757711677,0.9093045030456863
0.112,4.855108538083833,0.9308790827296497,0.9946844243638144,0.9977498624252314,0.9982697035015253,0.9867090006766139,0.9883892923162434,0.9919027989326031,0.9921436335031365,0.9849834475281437,0.9597723533931908,0.9359475724710914,0.8510212520449144,0.7131432506334423,0.576726613339315,0.5271665460077797,0.49999180428012335,0.9102937823030028
0.113,4.887482834854369,0.9322490369617994,0.9948798364313945,0.9978441544384192,0.9983454894038608,0.9871167282259276,0.9887608012150176,0.9921831099495168,0.9924171553454282,0.985438131860156,0.9607132786212496,0.9372431244716675,0.853138589396639,0.7158557253743937,0.5795282583989856,0.5299139148466177,0.5026121338418125,0.9112622005830281
0.114,4.919712388122207,0.9335847817473428,0.995067109209918,0.9979340506432567,0.9984175950642183,0.9875098645608577,0.9891185162156183,0.9924522972699925,0.9926797790575501,0.985876743642007,0.9616273593403836,0.9385057754443914,0.8552149585095363,0.7185288384042883,0.5822979672252298,0.5326324924675607,0.50520586819745,0.9122103976946551
0.115,4.951798166431228,0.9348873451200649,0.9952466216207076,0.9980197766452708,0.9984862166763585,0.9878890069197783,0.9894630205390024,0.9927108586960859,0.9929319936816638,0.986299932507826,0.9625154991281691,0.9397365297367551,0.8572513585576935,0.7211633537577992,0.5850362480453432,0.5353227057184222,0.507773402489653,0.9131389880905595
0.116,4.983741129703265,0.9361577187752507,0.9954187330262836,0.9981015453838946,0.9985515390240371,0.9882547249004531,0.9897948696434896,0.9929592671609843,0.9931742637871547,0.9867083184315477,0.9633785663038221,0.9409363556330459,0.8592487589153345,0.7237600163487077,0.5877435980696262,0.5379849726435573,0.5103151235192782,0.9140485620812907
0.117,5.015542229333827,0.9373968595596306,0.9955837843442643,0.9981795579074925,0.9986137362020747,0.9886075618955503,0.9901145927011575,0.993197972106405,0.9934070308273446,0.9871024932444692,0.964217395505662,0.9421061868572587,0.8612081002260319,0.7263195525765456,0.5904205038169649,0.5406197027389434,0.5128314099920519,0.9149396869818339
0.118,5.047202408286559,0.9386056908912164,0.9957420990915014,0.9982540040968045,0.9986729722880258,0.9889480364449984,0.9904226939870665,0.9934274007758618,0.9936307144133009,0.9874830220663258,0.9650327891883581,0.9432469240040906,0.8631302954263991,0.7288426709093407,0.5930674414276752,0.54322729719725,0.5153226327554978,0.9158129081948942
0.119,5.078722601186441,0.9397851041127777,0.9958939843632402,0.9983250633405382,0.998729401968114,0.9892766435105215,0.9907196541869958,0.993647959429438,0.9938457135102997,0.9878504446553417,0.9658255190445577,0.9443594359019274,0.8650162307265264,0.7313300624435981,0.5956848769642318,0.5458081491433879,0.5177891550266316,0.9166687502348699
0.12,5.110103734411765,0.9409359597824797,0.9960397317517377,0.998392905166545,0.9987831711207998,0.9895938556773223,0.991005931628965,0.9938600344852956,0.9940524075620968,0.9882052766823358,0.966596327355196,0.9454445609114921,0.8668667665492944,0.7337824014425844,0.5982732667004582,0.5483626438609968,0.5202313326108687,0.917507717696193
0.121,5.141346726184887,0.9420590889049935,0.9961796182084413,0.9984576898317515,0.9988344173610837,0.9899001242875247,0.9912819634434408,0.9940639935927649,0.994251157547781,0.9885480109336094,0.9673459282725166,0.9465031081636051,0.8686827384305777,0.7362003458539347,0.6008330573997396,0.5508911590103169,0.52264951411257,0.91833029616947
0.122,5.172452486661786,0.9431552941061975,0.9963139068535246,0.9985195688737685,0.9988832705483993,0.9901958805096716,0.9915481666567849,0.9942601866415137,0.9944423069756448,0.9888791184470234,0.9680750090395803,0.9475358587392955,0.8704649578822398,0.7385845378075317,0.6033646865827705,0.5533940648378515,0.5250440411376173,0.9191369531086131
0.123,5.203421918020453,0.9442253507543992,0.9964428477363005,0.9985786856268764,0.9989298532607285,0.9904815363482712,0.9918049392221767,0.9944489467109691,0.9946261828181824,0.9891990495853658,0.968784231149798,0.9485435667953114,0.8722142132197104,0.7409356040945665,0.6058685827853318,0.5558717243782091,0.5274152484883925,0.9199281386519349
0.124,5.234255914548105,0.9452700080308409,0.9965666785497735,0.9986351757048834,0.9989742812373658,0.9907574855971166,0.9920526609919534,0.9946305909638686,0.994803096392039,0.9895082350508414,0.9694742314498068,0.9495269606378942,0.8739312703558442,0.7432541566286355,0.6083451658065612,0.5583244936485003,0.5297634643515229,0.9207042863999824
0.125,5.264955362727274,0.9462899899520911,0.9966856253023577,0.9986891674531578,0.9990166637925689,0.9910241047398409,0.9922916946350361,0.9948054214875446,0.9949733441864607,0.9898070868442509,0.9701456231888067,0.9504867437475158,0.87561687356266,0.7455407928896898,0.6107948469481559,0.5607527218356281,0.5320890104787188,0.9214658141526965
0.126,5.295521141320756,0.9472859963467714,0.9967999029495663,0.9987407823719673,0.9990571042021633,0.9912817538009427,0.9925223865028581,0.9949737260862888,0.995137208643544,0.9900959991721936,0.9707989970172757,0.951423595757118,0.8772717462024777,0.7477960963515993,0.6132180292449255,0.5631567514768048,0.5343922023610241,0.922213124608311
0.127,5.325954121455468,0.9482587037889311,0.9969097159882842,0.9987901355130956,0.9990957000650065,0.9915307771502938,0.9927450674469802,0.995135779027914,0.9952949588933578,0.9903753493054056,0.971434921937812,0.9523381733862437,0.8788965914298815,0.7500206368940652,0.6156151076870793,0.565536918633607,0.53667334939678,0.9229466060262422
0.128,5.356255166705203,0.9492087664902508,0.9970152590160402,0.9988373358515633,0.9991325436410782,0.9917715042639416,0.9929600535913614,0.9952918417474109,0.995446851446791,0.9906454983911395,0.9720539462106819,0.9532311113333183,0.8804920928658717,0.7522149711995703,0.6179864694346288,0.5678935530598581,0.5389327550535825,0.9236666328560816
0.129,5.386425133172315,0.9501368171531299,0.9971167172575358,0.9988824866341415,0.9991677221678233,0.9920042504438321,0.9931676470620524,0.9954421635103986,0.9955931308487883,0.9909067922223039,0.9726565982164965,0.9541030231282009,0.8820589152454835,0.7543796431360205,0.620332494024254,0.5702269783636229,0.5411707170245079,0.9243735663346531
0.13,5.416464869568346,0.9510434677866009,0.9972142670605197,0.9989256857062256,0.9992013181562572,0.9922293174989036,0.9933681366768978,0.9955869820388823,0.9957340302944503,0.9911595619659032,0.9732433872782978,0.9549545019470131,0.8835977050400904,0.7565151841257007,0.6226535535689652,0.5725375121635681,0.5433875273788518,0.9250677550529813
0.131,5.446375217293611,0.9519293104869034,0.9973080763629579,0.9989670258185217,0.9992334096682272,0.9924469943898425,0.9935617985976558,0.9957265241016631,0.9958697722103058,0.9914041248531528,0.9738148044451986,0.9557861213911326,0.8851090910555449,0.7586221135011371,0.6249500129508757,0.5748254662399492,0.5455834727076325,0.9257495354948901
0.132,5.47615701051576,0.952794918184452,0.997398305133312,0.9990065949148916,0.9992640705761224,0.9926575578396435,0.9937488969467911,0.9958610060715802,0.9960005688029105,0.9916407848334969,0.9743713232395941,0.9565984362321375,0.8865936850072477,0.7607009388484195,0.627222230007388,0.5770911466804503,0.5477588342640825,0.9264192325488434
0.133,5.50581107624732,0.9536408453588315,0.9974851057856144,0.999044476402608,0.9992933708062286,0.9928612729119758,0.9939296843910431,0.9959906344516258,0.9961266225767763,0.9918698331946088,0.9749134003698459,0.9573919831243853,0.8880520820731793,0.7627521563385256,0.6294705557110778,0.5793348540211061,0.5499138880993397,0.9270771599945417
0.134,5.535338234422255,0.9544676287233695,0.9975686235709128,0.9990807494061779,0.9993213765668358,0.9930583935592299,0.9941044026937398,0.9961156063718313,0.9962481268235086,0.9920915491503249,0.9754414764102285,0.958167281286818,0.8894848614258791,0.7647762510471428,0.6316953343435368,0.5815568833825157,0.5520489051935575,0.9277236209656854
0.135,5.56473929797153,0.955275787880751,0.9976489969465506,0.9991154890058158,0.9993481505621281,0.993249163141999,0.9942732832376944,0.9962361100587006,0.9963652660838956,0.9923062003983436,0.9759559764498238,0.9589248331554949,0.8908925867443005,0.7667736972634769,0.6338969036634421,0.5837575246015518,0.5541641515826168,0.928358908390234
0.136,5.594015072897728,0.9560658259510546,0.9977263579246504,0.9991487664615653,0.9993737521928068,0.9934338149216373,0.9944365475204098,0.9963523252788472,0.9964782165845872,0.9925140436493969,0.9764573107119552,0.9596651250082762,0.8922758067064287,0.7687449587884989,0.6360755950690866,0.5859370623587555,0.5562598884806276,0.9289833054094022
0.137,5.62316635834869,0.9568382301735284,0.9978008324010771,0.9991806494240014,0.9993982377443345,0.9936125725274356,0.9945944076231992,0.9964644237583827,0.9965871466508853,0.9927153251295077,0.9769458751456586,0.9603886275630005,0.8936350554635007,0.770690489223069,0.6382317337556029,0.5880957763015945,0.5583363723984038,0.9295970857765651
0.138,5.6521939466902404,0.9575934724833385,0.9978725404660699,0.9992112021323811,0.9994216605636196,0.9937856503998541,0.994747066655734,0.9965725695795064,0.9966922170970747,0.992910281056837,0.9774220519906062,0.961095796550427,0.8949708530966255,0.7726107322463477,0.6403656388671012,0.590233941163765,0.560393855258069,0.9302005142371612
0.139,5.681098623577983,0.9583320100644708,0.9979415966976561,0.9992404856010461,0.999444071224905,0.993953254211167,0.9948947191774314,0.9966769195556454,0.9967935815956264,0.9930991380945383,0.977886210316817,0.9617870732631452,0.8962837060565619,0.7745061218848934,0.6424776236439278,0.5923518268806918,0.5624325845039562,0.9307938468906292
0.14,5.70988116802817,0.9590542858798968,0.9980081104388848,0.999268557794829,0.999465517685569,0.9941155812647873,0.995037551597007,0.9967776235864152,0.9968913870265212,0.9932821137809461,0.9783387065404143,0.96246288508159,0.8975741075873763,0.7763770827728163,0.6445679955652421,0.5944496987013885,0.5644528032099569,0.9313773315353391
0.141,5.738542352487702,0.9597607291800591,0.9980721860598505,0.9992954737941633,0.9994860454324989,0.9942728208744609,0.9951757425514333,0.996874824993583,0.9969857738078628,0.9934594169383493,0.9787798849166207,0.9631236459782426,0.8988425381346654,0.77822403040335,0.6466370564871038,0.5965278172968226,0.5664547501834556,0.9319512079974307
0.142,5.767082942903226,0.9604517559906761,0.9981339232054157,0.9993212859505441,0.9995056976196482,0.9944251547244496,0.9953094632654701,0.9969686608391434,0.9970768762088691,0.9936312480615203,0.9792100780111139,0.9637697570010365,0.9000894657389953,0.7800473713721806,0.648685102776245,0.5985864388649286,0.5684386600659928,0.932515708444412
0.143,5.795503698789364,0.9611277695808171,0.9981934170294792,0.9993460440329516,0.9995245151973501,0.9945727572117508,0.9954388778928588,0.9970592622265454,0.9971648226462705,0.9937977996871037,0.9796296071508073,0.9644016067369364,0.9013153464151783,0.7818475036128578,0.6507124254396993,0.6006258152323999,0.570404763430785,0.9330710576843202
0.144,5.82380537329609,0.961789160912143,0.998250758416585,0.9993697953657976,0.9995425370339142,0.9947157957713408,0.9955641438402062,0.9971467545860445,0.9972497359650707,0.9939592567449004,0.9800387828550581,0.965019571756608,0.9025206245179781,0.7836248166245969,0.6527193102504534,0.602646193953387,0.5723532868772239,0.9336174734512033
0.145,5.8519887132752615,0.9624363090701722,0.9983060341916156,0.999392584958928,0.9995598000300042,0.9948544311853694,0.995685412074521,0.9972312579450908,0.99733173370457,0.994115796892024,0.9804379052482561,0.9656240170410499,0.9037057330948058,0.7853796916927711,0.6547060378692724,0.6046478184052289,0.5742844531224781,0.9341551666776348
0.146,5.880054459346315,0.9630695816783781,0.9983593273182645,0.999414455630169,0.9995763392262541,0.9949888178771742,0.9958028274153078,0.9973128871846091,0.997410928350493,0.9942675908308453,0.9808272644546882,0.9662152963910094,0.9048710942259425,0.787112502102371,0.656672883962847,0.6066309278813236,0.5761984810903039,0.9346843417549286
0.147,5.908003345961139,0.96368933529589,0.9984107170869408,0.9994354481208796,0.999592187904553,0.9951191041909381,0.9959165288120679,0.9973917522819739,0.9974874275740139,0.9944148026115912,0.9812071409765318,0.9667937528199684,0.9060171193527989,0.7888236133447057,0.658620119318406,0.6085957576812568,0.5780955859971795,0.9352051967816926
0.148,5.935836101468144,0.9642959157995282,0.9984602792927166,0.9994556012049396,0.9996073776833968,0.9952454326577578,0.9960266496080065,0.9974679585414296,0.9975613344584164,0.9945575899204095,0.9815778060557828,0.9673597189314402,0.9071442095946993,0.7905133833175985,0.6605480099549246,0.610542539198288,0.579975979435857,0.9357179238013065
0.149,5.963553448175536,0.9648896587508684,0.9985080864038884,0.9994749517915713,0.9996219386076816,0.9953679402488503,0.9961333177906966,0.9975416068126659,0.9976327477140894,0.9946961043536683,0.9819395220208789,0.9679135172812849,0.9082527560546534,0.7921821625193253,0.6624568172310601,0.6124715000042975,0.5818398694564388,0.9362227090288981
0.15,5.991156102413793,0.9654708897489949,0.9985542077216922,0.9994935350223731,0.9996358992332836,0.9954867586165819,0.9962366562304075,0.9976127936982081,0.9977017618825073,0.9948304916792099,0.9822925426187413,0.968455460725711,0.9093431401145575,0.7938302942365313,0.6643467979499327,0.6143828639322849,0.5836874606450659,0.9367197330683364
0.151,6.0186447745973854,0.9660399247695712,0.9985987095316741,0.9995113843629124,0.9996492867067517,0.9956020143239597,0.9963367829067606,0.9976816117502476,0.9977684675298135,0.9949608920852425,0.9826371133329223,0.9689858527556005,0.9104157337202505,0.7954581147263469,0.6662182044608738,0.6162768511565175,0.5855189542003081,0.9372091711197479
0.152,6.046020169285715,0.9665970704908255,0.998641655247189,0.9995285316892076,0.9996621268404156,0.9957138290631975,0.9964338111243412,0.9977481496574975,0.9978329514305798,0.9950874404175098,0.9829734716885016,0.9695049878177647,0.9114708996568237,0.7970659533929209,0.668071284758249,0.6181536782704096,0.5873345480073433,0.9376911931780264
0.153,6.073282985243319,0.9671426246070172,0.9986831055454722,0.9995450073694034,0.9996744441831904,0.9958223198639214,0.9965278497178518,0.9978124924226227,0.9978952967422858,0.9952102664053452,0.9833018475443542,0.9700131516237025,0.9125089918145712,0.7986541329585755,0.6699062825774631,0.620013558362214,0.5891344367100053,0.9381659642227808
0.154,6.100433915499316,0.9676768761299261,0.9987231184967008,0.9995608403409276,0.9996862620873439,0.9959275992915595,0.996619003247366,0.9978747215307635,0.9979555831710287,0.9953294948771815,0.9836224633733673,0.9705106214464092,0.9135303554459488,0.8002229696297772,0.671723437488249,0.6218567010886156,0.5909188117807802,0.938633644400146
0.155,6.127473647406144,0.9682001056788808,0.9987617496864342,0.9995760581833982,0.9996976027714717,0.9960297756364198,0.9967073721842024,0.997934915109637,0.9980138871289408,0.9954452459660557,0.9839355345311638,0.9709976664057567,0.9145353274138902,0.8017727732581156,0.6735229849853408,0.6236833127462886,0.5926878615888207,0.9390943891968452
0.156,6.154402862697549,0.9687125857598102,0.9987990523318038,0.9995906871875295,0.9997084873799112,0.9961289530939381,0.9967930530879127,0.997993148081676,0.9980702818837673,0.9955576353056186,0.9842412695138552,0.9714745477429392,0.9155242364318168,0.8033038474964656,0.6753051565766172,0.6254935963415013,0.5944417714660573,0.9395483496068946
0.157,6.181222237545889,0.9692145810337912,0.9988350773917971,0.9996047524202758,0.9997189360388108,0.9962252319365481,0.9968761387748492,0.9980494923086347,0.9981248377010283,0.9956667742171286,0.9845398702053264,0.9719415190844543,0.9164974032956625,0.8048164899505093,0.6770701798688119,0.6272877516578301,0.5961807237714645,0.9399956722912909
0.158,6.207932442618725,0.9697063485755327,0.9988698736719602,0.9996182777864314,0.9997289679090547,0.9963187086775989,0.996956718478748,0.9981040167290676,0.9981776219791639,0.9957727698878857,0.9848315321145226,0.97239882669607,0.9174551411082172,0.8063109923257796,0.6788182786508714,0.6290659753220548,0.5979048979535575,0.9404364997310273
0.159,6.234534143134733,0.97018813812222,0.9989034879238258,0.9996312860868938,0.9997386012362333,0.9964094762277266,0.9970348780037441,0.9981567874890637,0.9982286993780402,0.9958757255415344,0.9851164446031901,0.9728467097272029,0.918397755496084,0.8077876405703862,0.6805496729750431,0.6308284608682919,0.5996144706111732,0.9408709703737538
0.16,6.2610279989189195,0.9706601923131241,0.998935964939353,0.999643799073784,0.9997478533978346,0.9964976240440578,0.9971106998702044,0.9982078680665943,0.998278131941169,0.9959757406006415,0.9853947911044987,0.9732854004461128,0.9193255448195298,0.8092467150135727,0.6822645792357712,0.6325753988004346,0.6013096155525987,0.9412992187743845
0.161,6.287414664457182,0.9711227469203596,0.9989673476406518,0.9996558375026063,0.9997567409478232,0.9965832382726073,0.997184263453751,0.9982573193898152,0.9983259792119757,0.9960729108419321,0.9856667493329516,0.9737151244663056,0.9202388003754951,0.8106884905002535,0.6839632102464785,0.6343069766529508,0.6029905038531052,0.9417213757299333
0.162,6.313694788950203,0.9715760310711588,0.9989976771652439,0.9996674211816177,0.9997652796587603,0.9966664018842083,0.9972556451178193,0.9983051999496407,0.9983722983444308,0.9961673285445468,0.98593249148597,0.974136100964508,0.9211378065940246,0.8121132365216671,0.6856457753142995,0.6360233790500949,0.604657303910941,0.942137568408853
0.163,6.33986901636669,0.9720202674620106,0.9990269929471033,0.9996785690185656,0.9997734845616112,0.9967471948042994,0.9973249183400812,0.9983515659068934,0.99841714420834,0.9962590826316651,0.9861921844375178,0.9745485428905696,0.9220228412283565,0.8135212173422814,0.6873124803128385,0.6377247877635954,0.6063101815018341,0.942547920475132
0.164,6.36593798549598,0.9724556725649994,0.9990553327937003,0.999689299064947,0.999781369983375,0.9968256940368694,0.9973921538330415,0.9983964711943104,0.9984605694895751,0.9963482588058178,0.9864459899241189,0.974952657169627,0.9228941755389135,0.8149126921230773,0.6889635277530197,0.639411381768856,0.6079492998320594,0.9429525522073896
0.165,6.3919023300000015,0.972882456826662,0.9990827329592634,0.9996996285579272,0.9997889495826643,0.9969019737828513,0.9974574196591034,0.998439967613677,0.9985026247855074,0.996434939678197,0.9866940647235972,0.9753486448968489,0.9237520744714148,0.8162879150413358,0.6905991168520859,0.6410833372997295,0.6095748195901107,0.9433515806132061
0.166,6.41776267846462,0.9733008248596655,0.9991092282144581,0.9997095739600521,0.999796236383355,0.9969761055532343,0.9975207813403775,0.9984821049283391,0.9985433586958946,0.9965192048922555,0.9869365608268565,0.9757367015250685,0.924596796829327,0.8176471354070461,0.6922194436008138,0.6427408279019073,0.6111868989970362,0.9437451195388951
0.167,6.443519654450367,0.9737109756275996,0.999134851912675,0.9997191509968788,0.9998032428064173,0.9970481582771545,0.997582301963498,0.9985229309513324,0.9985828179094539,0.996601131241871,0.9871736256030017,0.9761170170455943,0.9254285954408614,0.8189905977760474,0.6938247008289999,0.6443840244849708,0.612785693855467,0.94413327977494
0.168,6.469173876542555,0.9741131026231559,0.999159636053102,0.9997283746926395,0.9998099807000326,0.9971181984052067,0.9976420422796932,0.9985624916293565,0.9986210472863472,0.9966807927843356,0.987405401958088,0.9764897761624759,0.9262477173207134,0.8203185420600142,0.6954150782692733,0.6460130953731453,0.6143713575973933,0.9445161691572755
0.169,6.494725958400797,0.9745073940399639,0.9991836113407513,0.9997372594040512,0.9998164613680971,0.9971862900082087,0.9977000608003453,0.998600831122803,0.9986580899367824,0.996758260948421,0.9876320284877714,0.9768551584604928,0.9270544038267361,0.8216312036333904,0.6969907626192913,0.6476282063548016,0.6159440413307224,0.9448938926646141
0.17,6.520176508807948,0.9748940329383325,0.9992068072436007,0.9997458188523732,0.999822695597202,0.9972524948716383,0.9977564138882606,0.9986379918820417,0.9986939872959354,0.9968336046377503,0.9878536396241205,0.9772133385671162,0.927848890811729,0.8229288134373708,0.6985519376023657,0.6492295207307428,0.6175038938846613,0.9452665525119855
0.171,6.545526131718441,0.9752731974051427,0.9992292520469965,0.9997540661538089,0.9998286936821785,0.997316872585948,0.9978111558448605,0.9986740147201532,0.9987287791953737,0.9969068903297027,0.9880703657768374,0.9775644863086893,0.9286314087705165,0.8242115980810304,0.7000987840265731,0.6508171993613157,0.6190510618539575,0.9456342482406646
0.172,6.570775426306068,0.9756450607081183,0.9992509729054619,0.999762013848345,0.99983446545029,0.9973794806329568,0.9978643389934923,0.9987089388822877,0.9987625039311625,0.9969781821700606,0.9882823334691248,0.9779087668610541,0.9294021829824833,0.82547977993969,0.701631479842395,0.6523914007123803,0.6205856896420403,0.9459970768046364
0.173,6.595924987011192,0.9760097914447002,0.999271995892044,0.9997696739271131,0.9998400202841455,0.9974403744685032,0.9979160137590481,0.9987428021118211,0.9987951983288194,0.9970475420635979,0.9884896654684235,0.9782463408948479,0.9301614336497296,0.8267335772506115,0.7031502001989315,0.6539522809001796,0.6221079195030899,0.9463551326537702
0.174,6.620975403587385,0.9763675536857324,0.9992923460453246,0.9997770578583555,0.9998453671434103,0.9974996076015382,0.9979662287440701,0.9987756407134655,0.9988268978052746,0.9971150297608028,0.9886924809122369,0.9785773647156795,0.930909376030997,0.8279732042061069,0.7046551174987385,0.6554999937351356,0.6236178915830766,0.9467085078138229
0.175,6.645927261147541,0.9767185071141622,0.9993120474142161,0.9997841766120696,0.9998505145853775,0.9975572316698245,0.998015030801511,0.998807489613491,0.9988576364279881,0.997180702940913,0.9888908954292449,0.9789019903993873,0.9316462205715161,0.8291988710441447,0.7061464014513235,0.6570346907646093,0.6251157439597921,0.9470572919634271
0.176,6.6707811402094235,0.9770628071589499,0.9993311231006538,0.9997910406834059,0.9998554707844667,0.9976132965124008,0.9980624651043097,0.9988383824171974,0.9988874469713637,0.9972446172914345,0.9890850212559049,0.9792203659225724,0.9323721730289165,0.8304107841365325,0.7076242191253459,0.6585565213146563,0.6266016126819147,0.9474015725081886
0.177,6.695537616740693,0.9774006051243709,0.9993495953002907,0.9997976601148831,0.9998602435507086,0.9976678502389649,0.9981085752119361,0.998868351463775,0.9989163609705944,0.9973068265843085,0.9892749673487258,0.9795326352885904,0.9330874345953358,0.8316091460747543,0.7090887349995602,0.6600656325308039,0.6280756318071274,0.9477414346520145
0.178,6.72019726220339,0.9777320483148884,0.9993674853412977,0.9998040445174894,0.9998648403472726,0.9977209392963142,0.9981534031340451,0.9988974278786823,0.9989444087730665,0.9973673827488779,0.9894608394923918,0.97983893864918,0.9337922020158601,0.8327941557535342,0.7105401110125371,0.6615621694178841,0.629537933439328,0.9480769614657982
0.179,6.744760643597918,0.978057280155766,0.9993848137213625,0.9998102030907238,0.99986926830709,0.9977726085319848,0.9981969893913808,0.9989256416236615,0.9989716195874397,0.9974263359418036,0.989642740403909,0.9801394124218964,0.9344866677034204,0.8339660084521987,0.7119785066112029,0.6630462748789455,0.6309886477649491,0.9484082339535633
0.18,6.769228323506494,0.9783764403095829,0.9994016001429776,0.9998161446416395,0.9998735342486215,0.9978229012552141,0.9982393730740571,0.9989530215445088,0.998998021530522,0.9974837346140659,0.9898207698329324,0.9804341894035102,0.9351710198502663,0.8351248959139072,0.7134040787982284,0.664518089753275,0.6324279030884232,0.9487353311161851
0.181,6.793600860136099,0.9786896647888065,0.9994178635471043,0.9998218776029394,0.9998776446908183,0.9978718592953528,0.9982805918973399,0.9989795954167074,0.9990236416720405,0.9975396255751874,0.9899950246584343,0.9807233988795294,0.9358454425361356,0.8362710064228152,0.714816982178305,0.665977752853556,0.6338558258668116,0.9490583300127823
0.182,6.817878807360931,0.9789970860645719,0.9994336221452909,0.9998274100501756,0.999881605867319,0.9979195230578409,0.998320682255046,0.9990053899890281,0.9990485060774156,0.9975940540547997,0.9901655989818551,0.9810071667299899,0.9365101158332282,0.8374045248792346,0.7162173690033374,0.6674254010021798,0.6352725407436262,0.9493773058198837
0.183,6.8420627147643645,0.9792988331718108,0.9994488934503244,0.9998327497181002,0.9998854237399248,0.9979659315778592,0.9983596792706708,0.9990304310251934,0.9990726398486317,0.9976470637616771,0.9903325842168855,0.9812856155316569,0.937165215908095,0.8385256328728518,0.717605389216585,0.6688611690667471,0.6366781705818656,0.9496923318884569
0.184,6.866153127680413,0.9795950318108668,0.9994636943054851,0.999837904016211,0.9998891040113921,0.9980111225717622,0.9983976168463491,0.9990547433437018,0.9990960671632982,0.9976986969403479,0.9904960691760091,0.9815588646567753,0.9378109151205438,0.8396345087540643,0.7189811904957837,0.6702851899947728,0.6380728364962909,0.9500034797988914
0.185,6.890150587234727,0.979885804445728,0.9994780409124745,0.9998428800435366,0.9998926521375787,0.9980551324863917,0.9984345277097497,0.9990783508558962,0.9991188113119863,0.9977489944253932,0.9906561401539373,0.9818270303684961,0.9384473821196619,0.8407313277034911,0.7203449182952757,0.6716975948476207,0.6394566578849585,0.9503108194140188
0.186,6.91405563038511,0.9801712703990016,0.9994919488580817,0.9998476846026988,0.9998960733389803,0.9980979965463668,0.998470443458998,0.9991012766023636,0.9991408947339234,0.9977979956935378,0.9908128810080612,0.9820902259131052,0.9390747819370523,0.8418162617997128,0.721696715887177,0.6730985128336882,0.6408297524600388,0.9506144189302492
0.187,6.937868789961564,0.9804515459437535,0.9995054331396478,0.9998523242132908,0.9998993726116878,0.9981397487994406,0.9985053946057174,0.9991235427877433,0.9991623390511264,0.9978457389136269,0.9909663732360358,0.9823485616091755,0.9396932760773742,0.8428894800852946,0.7230367244016069,0.6744880713408645,0.6421922362779321,0.950914344926905
0.188,6.961590594705882,0.9807267443923254,0.999518508189389,0.9998568051246073,0.9999025547377977,0.9981804221600098,0.9985394106162752,0.99914517081402,0.9991831651010429,0.997892260994587,0.9911166960506117,0.9826021449337536,0.9403030226062773,0.843951148631144,0.7243650828660111,0.67586639596828,0.6435442237687103,0.9512106624138201
0.189,6.985221569310785,0.9809969761822422,0.9995311878976316,0.9998611333277589,0.9999056242953043,0.9982200484508605,0.9985725199513137,0.9991661813123727,0.9992033929677762,0.9979375976314553,0.9912639264518212,0.9828510806056937,0.9409041762358165,0.8450014305992494,0.7256819282435961,0.6772336105573653,0.6448858277648974,0.9515034348772778
0.19,7.008762234458599,0.981262348959316,0.9995434856350125,0.9998653145672041,0.9999085856675021,0.9982586584432257,0.9986047501036458,0.9991865941736474,0.9992230420119558,0.9979817833495662,0.9914081392966234,0.9830954706662434,0.9414968884074266,0.8460404863038543,0.7269873954709085,0.6785898372222428,0.6462171595296111,0.9517927243243532
0.191,7.032213106859504,0.9815229676580469,0.9995554142736942,0.9998693543517267,0.9999114430519227,0.9982962818952311,0.9986361276345866,0.9992064285775181,0.9992421308993207,0.9980248515469723,0.9915494073661055,0.9833354145569815,0.9420813073725395,0.8470684732711038,0.7282816174945739,0.6799351963794662,0.6475383287840786,0.9520785913257217
0.192,7.055574699289341,0.9817789345794213,0.9995669862076426,0.9998732579648905,0.9999142004688327,0.9983329475887992,0.9986666782087928,0.9992257030203964,0.9992606776280729,0.9980668345351785,0.9916878014303374,0.9835710091952063,0.9426575782709169,0.8480855462972163,0.7295647253072248,0.6812698067771241,0.6488494437345516,0.9523610950570004
0.193,7.078847520626979,0.9820303494661994,0.9995782133720106,0.9998770304749932,0.9999168617693134,0.9983686833650783,0.9986964266276758,0.9992444353421498,0.9992786995550603,0.998107763578262,0.9918233903109674,0.9838023490468658,0.9432258432067756,0.849091857505219,0.7308368479826375,0.6825937855233274,0.650150611098629,0.9526402933386711
0.194,7.102032075891278,0.9822773095757824,0.9995891072616704,0.9998806767445505,0.9999194306429464,0.9984035161584629,0.998725396861452,0.9992626427516811,0.9992962134208411,0.9981476689304472,0.9919562409416491,0.9840295261971205,0.9437862413227727,0.8500875564002897,0.7320981127100974,0.6839072481140976,0.6514419361310083,0.9529162426746526
0.195,7.125128866277604,0.9825199097507478,0.999599678948936,0.9998842014393292,0.9999219106251248,0.9984374720292625,0.998753612079892,0.9992803418514238,0.9993132353736837,0.9981865798722025,0.99208641842638,0.9842526304186228,0.9443389088719223,0.8510727899237447,0.7333486448280162,0.6852103084606667,0.6527235226486787,0.9531889982895616
0.196,7.148138389193956,0.982758242487134,0.9996099391005127,0.9998876090369556,0.9999243051040086,0.9984705761950828,0.9987810946818231,0.9992975486608011,0.9993297809925491,0.998224524744923,0.9922139860958323,0.9844717492375977,0.9448839792875068,0.852047702505713,0.7345885678568201,0.6865030789162102,0.6539954730555739,0.953458614164726
0.197,7.17106113829667,0.9829923980005546,0.9996198979937099,0.9998909038351191,0.9999266173271445,0.9985028530609695,0.9988078663234444,0.9993142786386986,0.9993458653091036,0.9982615309842581,0.9923390055617536,0.9846869679978006,0.9454215832510483,0.8530124361165322,0.7358180035311277,0.6877856703020234,0.6552578883666956,0.9537251430729887
0.198,7.193897603525722,0.9832224642902208,0.9996295655319533,0.9998940899593912,0.9999288504077652,0.9985343262483702,0.9988339479455023,0.9993305467049922,0.9993615028288054,0.9982976251521425,0.9924615367695082,0.9848983699224314,0.9459518487583999,0.8539671303169043,0.7370370718312356,0.6890581919331598,0.6565108682317258,0.9539886366123569
0.199,7.216648271139637,0.9834485272009422,0.9996389512596262,0.9998971713706801,0.9999310073307879,0.9985650186229659,0.9988593597993785,0.9993463672611778,0.9993767075511072,0.9983328329675851,0.9925816380488311,0.9851060361740742,0.9464749011840168,0.8549119223068453,0.7382458910139336,0.6903207516435389,0.6577545109581351,0.9542491452385334
0.2,7.23931362375,0.9836706704831817,0.9996480643762745,0.9999001518723382,0.9999330909585233,0.9985949523214176,0.9988841214721378,0.9993617542101396,0.9993914929888159,0.9983671793362695,0.9926993661628613,0.9853100459127359,0.9469908633434645,0.8558469469734629,0.7394445776426624,0.6915734558105451,0.658988913533809,0.9545067182963791
0.201,7.261894140355584,0.9838889758512273,0.9996569137502024,0.9999030351169398,0.999935104036114,0.9986241487770755,0.9989082519105805,0.9993767209751,0.9994058721866458,0.9984006883790134,0.9928147763555176,0.9855104763520482,0.9474998555542171,0.8567723369375946,0.7406332466170324,0.6928164093791227,0.6602141716491966,0.9547614040503432
0.202,7.28439029637609,0.9841035230395513,0.9996655079314868,0.9999058246127464,0.9999370491967122,0.9986526287446957,0.9989317694443407,0.9993912805177833,0.9994198577390028,0.9984333834591379,0.9929279223972817,0.9857074028137004,0.9480019956948009,0.8576882225993393,0.7418120112017222,0.6940497158853864,0.6614303797189995,0.9550132497139009
0.203,7.30680256368552,0.9843143898574163,0.9996738551644404,0.9999085237298733,0.9999389289664145,0.9986804123242032,0.9989546918080751,0.9994054453558329,0.9994334618070339,0.9984652872087904,0.9930388566294438,0.9859008987801609,0.9484973992623333,0.8585947321825114,0.7429809830547678,0.6952734774797539,0.6626376309034097,0.9552623014780378
0.204,7.329131410645161,0.9845216522417903,0.9996819633995436,0.999911135706174,0.999940745768961,0.9987075189835438,0.998977036162778,0.9994192275795115,0.9994466961349743,0.9984964215542637,0.9931476300068715,0.9860910359457521,0.9489861794285072,0.8594919917780481,0.7441402722552657,0.6964877949496169,0.6638360171289106,0.9555086045388139
0.205,7.351377302136222,0.9847253843086288,0.999689840304874,0.9999136636528546,0.9999425019302145,0.9987339675806624,0.9989988191162615,0.9994326388677186,0.9994595720658238,0.9985268077403564,0.993254292139353,0.9862778842661325,0.9494684470940669,0.8603801253863985,0.7452899873304952,0.6976927677415586,0.6650256291086493,0.9557522031240427
0.206,7.3735406995920885,0.9849256584025796,0.9996974932770537,0.9999161105598329,0.9999441996824291,0.998759776384643,0.9990200567428362,0.9994456905033543,0.9994721005563824,0.99855646635381,0.9933588913315705,0.9864615120062415,0.9499443109418236,0.8612592549589229,0.746430235282483,0.6988884939831317,0.6662065563623945,0.9559931405191194
0.207,7.3956220610302275,0.9851225451451656,0.9997049294517377,0.999918479300853,0.999945841168319,0.9987849630960464,0.9990407646022259,0.9994583933880588,0.9994842921916725,0.9985854173458636,0.9934614746217506,0.9866419857867625,0.9504138774882536,0.8621295004383273,0.7475611216140174,0.7000750705042045,0.6673788872360875,0.9562314590920276
0.208,7.417621841083744,0.9853161134814946,0.9997121557136632,0.9999207726383691,0.9999474284449377,0.9988095448664783,0.9990609577577494,0.9994707580563545,0.999496157198776,0.9986136800539611,0.9935620878190418,0.9868193706291519,0.9508772511337223,0.8629909797981624,0.748682750354133,0.7012525928578882,0.6685427089209979,0.9564672003175538
0.209,7.439540491032575,0.9855064307255498,0.9997191787062795,0.9999229932282085,0.9999489634873772,0.9988335383174192,0.9990806507937988,0.9994827946892181,0.9995077054601114,0.9986412732226466,0.9936607755396653,0.9869937299992853,0.9513345342113759,0.8638438090814089,0.7497952240830696,0.7024211553410551,0.6696981074724926,0.9567004048007436
0.21,7.461378458834356,0.9856935626041055,0.9997260048409783,0.9999251436240245,0.9999504481922947,0.9988569595583466,0.9990998578326464,0.9994945131271051,0.9995189465261742,0.9986682150236792,0.9937575812418834,0.9871651258497678,0.9517858270347401,0.8646881024381772,0.7508986439567291,0.7035808510144557,0.6708451678284326,0.9569311122996205
0.211,7.48313618915493,0.9858775732993175,0.9997326403059421,0.9999272262815493,0.9999518843812782,0.9988798242041792,0.9991185925506053,0.9995059228824542,0.999529889627767,0.9986945230754009,0.9938525472598271,0.9873336186609533,0.9522312279440662,0.8655239721625413,0.7519931097306318,0.7047317717224469,0.6719839738271975,0.9571593617471978
0.212,7.504814123398533,0.9860585254900297,0.9997390910746261,0.9999292435626573,0.9999532738040557,0.9989021473920691,0.9991368681935727,0.9995170331516899,0.9995405436877379,0.9987202144613868,0.9939457148362255,0.9874992674807167,0.9526708333514589,0.8663515287285336,0.7530787197833942,0.7058740081123384,0.6731146082253565,0.9573851912728116
0.213,7.526412699737644,0.986236480391842,0.9997453629138919,0.9999311977392472,0.9999546181415581,0.9989239437975697,0.9991546975919808,0.9995278528267488,0.9995509173322512,0.9987453057484065,0.9940371241540756,0.987662129963022,0.9531047377848247,0.8671708808253207,0.7541555711397321,0.7070076496533665,0.6742371527149881,0.9576086382227887
0.214,7.547932353142509,0.98641149779598,0.9997514613918078,0.9999330909969509,0.9999559190088408,0.9989452276502052,0.9991720931751797,0.9995383905061475,0.9995610189016089,0.9987698130037246,0.9941268143672899,0.9878222624053251,0.9535330339306762,0.8679821353915821,0.7552237594930047,0.7081327846553068,0.6753516879406594,0.9578297391804897
0.215,7.569373515410334,0.9865836361070066,0.9997573918851297,0.9999349254386792,0.9999571779578748,0.9989660127484631,0.9991890669852764,0.9995486545056129,0.9995708564606436,0.9987937518117666,0.9942148236303587,0.9879797197848517,0.9539558126758221,0.8687853976491142,0.7562833792273111,0.7092495002867302,0.6764582935160746,0.9580485299857318
0.216,7.590736615194174,0.9867529523794129,0.9997631595864772,0.9999367030880095,0.999958396480207,0.9989863124742363,0.9992056306904508,0.999558652868294,0.9995804378087,0.9988171372901756,0.9943011891270627,0.988134555793788,0.9543731631479806,0.8695807711356773,0.7573345234391462,0.7103578825929119,0.6775570480403967,0.9582650457536254
0.217,7.6120220780314956,0.9869195023531265,0.9997687695112191,0.9999384258924263,0.9999595760095045,0.9990061398067345,0.9992217955977722,0.9995683933745714,0.9995897704892234,0.9988399841052849,0.994385947098267,0.9882868228734194,0.9547851727553438,0.8703683577371079,0.7583772839586297,0.7114580165134046,0.6786480291142545,0.9584793208928427
0.218,7.63323032637243,0.987083340487973,0.9997742265040788,0.9999400957264174,0.9999607179239798,0.9990255073358866,0.9992375726655349,0.9995778835514832,0.9995988617989714,0.9988623064870265,0.994469132868832,0.9884365722472532,0.9551919272251267,0.8711482577187137,0.7594117513703177,0.7125499858992775,0.6797313133554392,0.9586913891233324
0.219,7.654361779607725,0.9872445199971231,0.9997795352454742,0.9999417143944367,0.9999618235487103,0.9990444272752549,0.999252972515133,0.9995871306817836,0.9996077187968654,0.9988841182433028,0.99455078087367,0.9885838539531571,0.9555935106411276,0.8719205697559712,0.7604380150336054,0.7136338735300352,0.6808069764142995,0.9589012834935071
0.22,7.675416854096386,0.9874030928795604,0.9997847002576026,0.999943283633736,0.9999628941578516,0.9990629114744803,0.9992680054424941,0.9995961418126474,0.9996163483124962,0.9989054327738379,0.9946309246829781,0.9887287168745486,0.9559900054803305,0.8726853909645422,0.761456163102733,0.7147097611302176,0.681875092988843,0.959109036396917
0.221,7.696395963193024,0.9875591099516009,0.9997897259102803,0.9999448051170751,0.9999639309767526,0.9990809714312764,0.999282681429087,0.999604923764039,0.9996247569542996,0.9989262630835319,0.9947095970266757,0.9888712087706641,0.9563814926485764,0.8734428169296287,0.7624662825464004,0.7157777293856942,0.6829357368395463,0.9593146795884302
0.222,7.71729951727491,0.9877126208774952,0.9997946164265507,0.999946280455314,0.9999649351839764,0.9990986183029903,0.999297010152525,0.999613483136756,0.9996329511174139,0.9989466217953358,0.994786829818075,0.989011376305939,0.9567680515153296,0.8741929417346807,0.7634684591670036,0.7168378579596542,0.6839889808038897,0.9595182441999355
0.223,7.738127923768724,0.9878636741991426,0.9997993758880676,0.9999477111998926,0.9999659079132316,0.999115862917749,0.9993110009967762,0.9996218263201644,0.999640936991235,0.998966521162667,0.9948626541768099,0.9891492650785274,0.9571497599475666,0.8749358579894764,0.7644627776194983,0.7178902255083022,0.6850348968106108,0.9597197607555823
0.224,7.758881587177034,0.9880123173649454,0.9998040082402647,0.9999490988452047,0.9999668502552167,0.9991327157852042,0.999324663061999,0.999629959499636,0.9996487205666801,0.9989859730813831,0.9949371004510501,0.989284919647989,0.9575266943428106,0.8756716568575875,0.7654493214299022,0.7189349096962661,0.6860735558936946,0.9599192591865765
0.225,7.779560909104478,0.9881585967578338,0.9998085172973218,0.9999504448308689,0.9999677632593852,0.9991491871068943,0.999338005174019,0.9996378886637011,0.9996563076431719,0.9990049891013297,0.9950101982390243,0.9894183835621717,0.9578989296613379,0.8764004280832474,0.7664281730134411,0.7199719872117227,0.6871050282060989,0.9601167688455463
0.226,7.8001662882836715,0.9883025577224824,0.9998129067469329,0.9999517505439034,0.9999686479356311,0.9991652867862367,0.9993510358934585,0.9996456196109285,0.9996637038353567,0.9990235804374803,0.9950819764098756,0.9895496993833135,0.9582665394575779,0.8771222600176368,0.7673994136923507,0.7210015337812461,0.6881293830332236,0.9603123185204906
0.227,7.820698120600833,0.9884442445917504,0.9998171801548886,0.9999530173208071,0.9999695052559019,0.999181024438166,0.999363763524534,0.9996531579565441,0.9996709145795654,0.9990417579806835,0.9951524631238731,0.9896789087133908,0.9586295959107302,0.8778372396446006,0.768363123713337,0.7220236241843881,0.6891466888061317,0.9605059364483264
0.228,7.841156799121141,0.988583700712365,0.9998213409694775,0.999954246449553,0.9999703361557395,0.9991964093984294,0.9993761961235358,0.9996605091387977,0.9996779451400288,0.9990595323080319,0.9952216858520009,0.9898060522187362,0.9589881698546213,0.878545452605811,0.7693193822647089,0.723038332267993,0.6901570131145218,0.9606976503280477
0.229,7.861542714113812,0.9887209684698754,0.999825392525716,0.9999554391714961,0.9999711415357552,0.9992114507325559,0.9993883415069994,0.9996676784250901,0.9996848006148579,0.9990769136928681,0.9952896713949453,0.9899311696539497,0.959342330806822,0.8792469832253903,0.7702682674931848,0.7240457309602562,0.6911604227194651,0.9608874873335069
0.23,7.881856253076924,0.9888560893128981,0.9998293380494132,0.9999565966832017,0.9999719222630403,0.9992261572445087,0.9994002072595841,0.9996746709178689,0.9996914859417975,0.9990939121144405,0.9953564459015021,0.9900542998851249,0.9596921469970445,0.8799419145340072,0.7712098565203838,0.7250458922845273,0.6921569835659054,0.9610754741258363
0.231,7.902097800761962,0.9889891037766777,0.999833180661078,0.9999577201381961,0.9999726791725151,0.9992405374850353,0.9994118007416677,0.9996814915603032,0.9996980059037639,0.9991105372672241,0.9954220348864203,0.9901754809124137,0.9600376853948427,0.8806303282924589,0.772144225459008,0.7260388873728691,0.6931467607949329,0.9612616368655158
0.232,7.922267739198114,0.9891200515059833,0.9998369233796741,0.9999588106486434,0.9999734130682194,0.9992545997597244,0.9994231290966694,0.9996881451417452,0.9997043651341738,0.9991267985699164,0.9954864632477062,0.9902947498919478,0.9603790117366314,0.8813123050147526,0.7730714494287223,0.7270247864793725,0.6941298187558324,0.9614460012241002
0.233,7.942366447716304,0.989248971277361,0.9998405691262311,0.9999598692869528,0.9999741247245489,0.9992683521367837,0.9994341992581115,0.999694636302989,0.9997105681220743,0.9991427051741225,0.9955497552833995,0.9904121431571403,0.9607161905520453,0.8819879239906964,0.7739916025717378,0.7280036589932355,0.6951062210179129,0.9616285923956199
0.234,7.962394302972974,0.9893759010207653,0.9998441207273152,0.9999608970873182,0.9999748148874368,0.9992818024545457,0.9994450179564298,0.9997009695413328,0.9997166192170813,0.9991582659727414,0.9956119347078455,0.9905276962393842,0.961049285189656,0.8826572633080163,0.7749047580681068,0.7289755734516099,0.6960760303821255,0.9618094351076639
0.235,7.982351678973607,0.9895008778405842,0.9998475809183679,0.9999618950471937,0.9999754842754851,0.9992949583287153,0.9994555917255427,0.999707149215454,0.9997225226341342,0.9991734896080623,0.9956730246674753,0.9906414438881681,0.9613783578420638,0.8833203998740046,0.7758109881507342,0.7299405975522231,0.6970393088924693,0.9619885536321511
0.236,8.00223894709602,0.9896239380360807,0.9998509523469162,0.9999628641287084,0.9999761335810489,0.9993078271593663,0.9994659269091871,0.9997131795501039,0.999728282458074,0.9991883844795849,0.9957330477561132,0.9907534200906276,0.9617034695703813,0.8839774094367161,0.776710364120113,0.7308987981657736,0.6979961178471925,0.9621659717958088
0.237,8.022056476113384,0.9897451171212672,0.9998542375756607,0.999963805260022,0.9999767634712726,0.9993204161376972,0.9994760296670328,0.9997190646406289,0.9997339026480527,0.9992029587515715,0.9957920260298248,0.9908636580905487,0.9620246803281272,0.8846283666057214,0.7776029563587887,0.7318502413481155,0.6989465178097971,0.9623417129903606
0.238,8.041804632217037,0.9898644498442294,0.9998574390854454,0.9999647193366249,0.9999773745890843,0.9993327322525555,0.9994859059805797,0.9997248084573264,0.9997393870417799,0.9992172203603416,0.9958499810213229,0.9909721904068407,0.962342048984543,0.8852733448724258,0.7784888343455577,0.7327949923522228,0.6998905686198413,0.962515800182433
0.239,8.06148377903902,0.9899819702059183,0.9998605592781163,0.999965607222584,0.9999779675541458,0.9993447822967385,0.9994955616588508,0.9997304148496408,0.9997447393596129,0.9992311770213197,0.995906933753945,0.9910790488514966,0.9626556333473528,0.8859124166299688,0.7793680666694096,0.7337331156399512,0.7008283294035567,0.9626882559231972
0.24,8.081094277674419,0.9900977114784253,0.9998636004792703,0.9999664697517388,0.9999785429637642,0.99935657287308,0.9995050023438842,0.9997358875502056,0.9997499632084977,0.9992448362358438,0.9959629047552148,0.9911842645470532,0.9629654901849765,0.8865456531927092,0.7802407210432122,0.7346646748935928,0.7017598585842724,0.9628591023577436
0.241,8.100636486703424,0.9902117062227566,0.9998665649409015,0.9999673077288469,0.9999791013937649,0.9993681104003288,0.999514233516036,0.9997412301787397,0.9997550620857658,0.9992582052977436,0.9960179140700042,0.9912878679435707,0.9632716752482144,0.8871731248153099,0.781106864317151,0.7355897330272316,0.7026852138926591,0.9630283612342071
0.242,8.12011076221321,0.9903239863061214,0.9998694548439482,0.9999681219306845,0.9999796433993272,0.9993794011188298,0.9995232604990975,0.9997464462458007,0.9997600393827922,0.9992712912996982,0.9960719812733068,0.9913898888351422,0.9635742432914163,0.8877949007114284,0.781966562491924,0.7365083521979019,0.7036044523767906,0.9631960539126437
0.243,8.139517457819547,0.990434582918751,0.9998722723007429,0.9999689131071006,0.9999801695157859,0.9993904510960112,0.9995320884652358,0.9997515391564039,0.9997648983885217,0.9992841011393795,0.9961251254826358,0.9914903563759513,0.9638732480931483,0.8884110490720258,0.7828198807317011,0.7374205938165588,0.7045176304120329,0.9633622013736726
0.244,8.158856924688223,0.9905435265902591,0.999875019357373,0.9999696819820291,0.9999806802593991,0.9994012662316883,0.9995407224397648,0.9997565122135095,0.9997696422928664,0.9992966415253912,0.9961773653700586,0.9915892990958883,0.9641687424763723,0.8890216370832994,0.7836668833768472,0.7383265185588543,0.7054248037107548,0.9635268242268842
0.245,8.178129511556197,0.9906508472055605,0.9998776979959513,0.9999704292544606,0.9999811761280837,0.9994118522631886,0.9995491673057509,0.9997613686213853,0.9997742741899815,0.9993089189830086,0.9962287191738806,0.9916867449157413,0.9644607783281492,0.8896267309442523,0.7845076339564219,0.7392261863757363,0.706326027331878,0.9636899427190286
0.246,8.19733556475259,0.9907565740203597,0.9998803101368039,0.9999711555993737,0.9999816576021213,0.9994222147703056,0.9995574278084616,0.999766111488848,0.9997787970814229,0.9993209398597275,0.9962792047099873,0.9917827211619717,0.9647494066188796,0.8902263958839023,0.7853421952004513,0.7401196565038609,0.7072213556902534,0.9638515767419845
0.247,8.216475428219413,0.990860735676223,0.9998828576405763,0.9999718616686302,0.9999821251448341,0.9994323591800864,0.9995655085596613,0.9997707438323892,0.9997832138791913,0.9993327103306304,0.9963288393828585,0.991877254581091,0.9650346774210953,0.8908206961781473,0.7861706290519869,0.7410069874758334,0.7081108425658833,0.9640117458405206
0.248,8.235549443532111,0.990963360215246,0.9998853423102614,0.9999725480918332,0.9999825792032332,0.9994422907714615,0.9995734140417617,0.9997752685791899,0.9997875274086678,0.999344236403574,0.996377640196263,0.9919703713536461,0.9653166399278091,0.8914096951662852,0.7869929966789438,0.7418882371302713,0.7089945411129785,0.9641704692198516
0.249,8.254557949919862,0.9910644750943289,0.9998877658931533,0.9999732154771522,0.9999830202086409,0.9994520146797194,0.9995811486118301,0.9997796885700275,0.9997917404114445,0.9993555239242058,0.9964256237636441,0.9920620971078286,0.9655953424704417,0.8919934552672042,0.7878093584857373,0.7427634626217003,0.7098725038688652,0.964327765753
0.25,8.273501284285715,0.9911641071990706,0.9998901300827295,0.9999738644121138,0.9999834485772866,0.9994615359008338,0.9995887165054628,0.9997840065620803,0.9997958555480548,0.9993665785808168,0.9964728063182072,0.9921524569327175,0.9658708325363284,0.892572037995247,0.7886197741247074,0.7436327204302844,0.7107447827627371,0.964483653987964
0.251,8.292379781226469,0.9912622828572942,0.9998924365204638,0.9999744954643626,0.9999838647108783,0.9994708592956485,0.9995961218405267,0.9997882252316321,0.9997998754006069,0.9993774059090337,0.9965192037227175,0.9922414753911666,0.9661431567858242,0.8931455039757579,0.7894243025073471,0.7444960663713894,0.7116114291242595,0.9646381521547002
0.252,8.311193773052393,0.9913590278522131,0.9998946867975729,0.9999751091823904,0.9999842689971522,0.9994799895939238,0.9996033686207761,0.999792347176683,0.9998038024753237,0.9993880112963592,0.9965648314790168,0.9923291765323471,0.966412361069012,0.8937139129603195,0.7902230018153311,0.7453535556049906,0.7124724936920263,0.9647912781719284
0.253,8.329943589806708,0.9914543674352495,0.9998968824566999,0.9999757060962381,0.9999846618103985,0.9994889313982509,0.9996104607393467,0.9997963749194663,0.9998076392049939,0.999398399986564,0.9966097047372698,0.9924155839039556,0.9666784904420274,0.8942773238416866,0.7910159295113546,0.7462052426449206,0.7133280266218763,0.964943049653761
0.254,8.348629559284905,0.9915483263385149,0.9998990249935368,0.9999762867181688,0.9999850435119663,0.9994976891878379,0.9996174019821337,0.9998003109088797,0.9998113879513364,0.9994085770839347,0.9966538383049471,0.9925007205640981,0.9669415891830097,0.894835794668423,0.791803142349779,0.7470511813679653,0.7141780774950675,0.9650934839161612
0.255,8.367252007053825,0.9916409287869623,0.9999011158583869,0.9999768515433146,0.9999854144507488,0.9995062673221723,0.9996241960310563,0.9998041575228297,0.9998150510072823,0.9994185475573868,0.9966972466555526,0.992584609092858,0.9672017008076869,0.8953893826592507,0.7925846963870984,0.7478914250228085,0.7150226953263148,0.9652425979832414
0.256,8.38581125647059,0.9917321985102205,0.9999031564576732,0.999977401050299,0.9999857749636482,0.9995146700445651,0.9996308464672147,0.9998079170704954,0.9998186305991765,0.9994283162444425,0.9967399439371054,0.9926672716035585,0.9674588680846058,0.8959381442171137,0.7933606469922186,0.7487260262388278,0.7158619285716918,0.9653904085933964
0.257,8.404307628701298,0.9918221587541188,0.9999051481553899,0.9999779357018335,0.9999861253760217,0.999522901485579,0.9996373567739404,0.9998115917945134,0.9998221288889039,0.9994378878550816,0.9967819439803817,0.9927487297537291,0.967713133050017,0.8964821349429679,0.7941310488565643,0.7495550370347477,0.7166958251364042,0.9655369322052881
0.258,8.422741442739573,0.9919108322919112,0.9999070922745039,0.9999784559452923,0.9999864660021112,0.9995309656663467,0.999643730339748,0.9998151838730869,0.9998255479759403,0.9994472669754682,0.9968232603069251,0.9928290047557821,0.9679645370224207,0.8970214096492984,0.7948959560040072,0.7503785088271486,0.7175244323824299,0.9656821850036753
0.259,8.441113015424873,0.9919982414352096,0.9999089900983051,0.9999789622132641,0.9999867971454538,0.9995388665017816,0.9996499704611871,0.9998186954220222,0.9998288898993327,0.9994564580715585,0.9968639061368327,0.9929081173874106,0.9682131206167842,0.8975560223733745,0.7956554218006278,0.751196492438837,0.7183477971360348,0.9658261829050995
0.26,8.459422661460676,0.9920844080446333,0.9999108428717085,0.9999794549240825,0.9999871190992775,0.999546607803686,0.9996560803456024,0.9998221284966953,0.9998321566396123,0.9994654654925934,0.996903894396323,0.9929860880017144,0.9684589237584402,0.8980860263902445,0.7964094989643065,0.752009038107079,0.7191659656951628,0.9659689415634294
0.261,8.477670693432417,0.9921693535401833,0.9999126518025104,0.9999799344823357,0.9999874321468805,0.9995541932837589,0.9996620631138022,0.9998254850939507,0.9998353501206401,0.9994742934744796,0.9969432377250929,0.993062936537062,0.9687019856966712,0.8986114742254802,0.7971582395741541,0.7528161954917009,0.719978983836707,0.9661104763752686
0.262,8.49585742182531,0.99225309891135,0.9999144180626002,0.9999804012793572,0.9999877365619954,0.9995616265565083,0.9996679218026394,0.9998287671539352,0.9998384722113896,0.9994829461430632,0.9969819484834708,0.993138682526696,0.9689423450179897,0.8991324176676717,0.7979016950797789,0.7536180136830554,0.7207868968236576,0.9662508024852273
0.263,8.513983155041922,0.9923356647269608,0.999916142789128,0.9999808556936973,0.9999880326091397,0.9995689111420704,0.9996736593675096,0.9998319765618694,0.9998415247276691,0.9994914275173005,0.997020038759371,0.9932133451080902,0.9691800396591224,0.8996489077806841,0.7986399163103989,0.7544145412098616,0.721589749412135,0.9663899347910676
0.264,8.532048199419643,0.992417071144775,0.9999178270856329,0.9999812980915762,0.999988320543952,0.9995760504689394,0.999679278684766,0.9998351151497588,0.9998445094337846,0.9994997415123279,0.9970575203750556,0.9932869430320644,0.9694151069197042,0.900160994915674,0.7993729534837969,0.7552058260469163,0.7223875858583084,0.9665278879487202
0.265,8.550052859247911,0.9924973379208346,0.9999194720231303,0.9999817288273207,0.9999886006135148,0.9995830478766109,0.999684782554058,0.9998381846980465,0.9998474280441457,0.9995078919424355,0.9970944048937104,0.9933594946716646,0.9696475834746909,0.9006687287228797,0.8001008562151278,0.7559919156226831,0.7231804499251999,0.9666646763771807
0.266,8.567997436785319,0.9925764844185765,0.9999210786411612,0.999982148243783,0.9999888730566648,0.9995899066181414,0.9996901737005925,0.9998411869372109,0.9998502822248185,0.9995158825239475,0.9971307036258403,0.9934310180308151,0.9698775053864955,0.901172158163181,0.8008236735255737,0.7567728568267567,0.7239683848893801,0.9668003142632852
0.267,8.585882232276512,0.992654529617713,0.9999226479488055,0.9999825566727448,0.9999891381042921,0.9995966298626274,0.9996954547773235,0.9998441235493084,0.999853073595024,0.999523716878012,0.997166427635489,0.9935015307527489,0.9701049081168577,0.9016713315194416,0.8015414538508574,0.7575486960172105,0.7247514335475556,0.9669348155663725
0.268,8.603707543968959,0.9927314921228878,0.9999241809256586,0.9999829544353055,0.9999893959796261,0.9996032206976068,0.9997006283670702,0.9998469961694649,0.999855803728587,0.9995313985333041,0.9972015877462883,0.9935710501282221,0.9703298265384508,0.9021662964076331,0.8022542450496098,0.7583194790278255,0.7255296382230462,0.9670681940228328
0.269,8.621473668129497,0.992807390172113,0.9999256785227759,0.9999833418422556,0.9999896468985111,0.9996096821313845,0.9997056969845685,0.9998498063873171,0.9998584741553362,0.9995389309286449,0.997236194547344,0.9936395931035202,0.9705522949462344,0.9026570997877496,0.8029620944116005,0.7590852511752026,0.7263030407721649,0.9672004631505466
0.27,8.639180899060776,0.9928822416449935,0.9999271416635828,0.9999837191944366,0.999989891069672,0.9996160170952862,0.999710663078455,0.9998525557484055,0.9998610863624575,0.9995463174155389,0.9972702583989599,0.9937071762882599,0.9707723470685573,0.9031437879745129,0.8036650486658291,0.7598460572657655,0.7270716825904884,0.967331636253219
0.271,8.656829529117484,0.9929560640707458,0.9999285712447535,0.9999840867830867,0.999990128694968,0.9996222284458414,0.99971552903319,0.999855245755521,0.9998636417958009,0.9995535612606331,0.9973037894382083,0.9937738159629934,0.9709900160780183,0.9036264066478787,0.8043631539884832,0.7606019416026483,0.7278356046190335,0.967461726424611
0.272,8.674419848722469,0.9930288746360144,0.9999299681370613,0.9999844448901739,0.9999903599696383,0.9996283189668983,0.9997202971709178,0.9998578778700068,0.9998661418611448,0.9995606656481,0.9973367975843491,0.9938395280866212,0.97120533460209,0.9041050008633413,0.8050564560107636,0.761352947992476,0.7285948473503293,0.9675907465526683
0.273,8.691952146382627,0.9931006901924944,0.9999313331861963,0.9999847937887171,0.9999905850825371,0.9996342913716739,0.9997249697532676,0.9998604535130167,0.999868587925418,0.9995676336819475,0.9973692925441027,0.9939043283036176,0.9714183347335124,0.9045796150620481,0.8057449998265818,0.7620991197520406,0.7293494508343986,0.9677187093235555
0.274,8.709426708704722,0.9931715272643625,0.9999326672135586,0.999985133743094,0.9999908042163608,0.9996401483047406,0.9997295489830994,0.9998629740667325,0.9998709813178812,0.9995744683882575,0.9974012838167816,0.9939682319510744,0.9716290480404591,0.9050502930807207,0.8064288300001276,0.7628404997148672,0.7300994546846397,0.9678456272255935
0.275,8.72684382041096,0.9932414020555258,0.9999339710170214,0.9999854650093388,0.9999910175478646,0.9996458923439507,0.9997340370061931,0.9998654408755405,0.9998733233312689,0.9995811727173566,0.9974327806992844,0.9940312540655682,0.971837505576487,0.9055170781613948,0.8071079905733157,0.7635771302376804,0.7308448980836181,0.9679715125531058
0.276,8.744203764354488,0.9933103304566882,0.9999352453716703,0.9999857878354287,0.9999912252480734,0.9996515260023033,0.999738435912885,0.9998678552471697,0.9998756152228939,0.9995877495459198,0.9974637922909559,0.9940934093898569,0.9720437378902679,0.9059800129609744,0.807782525073108,0.7643090532067689,0.7315858197887659,0.9680963774101738
0.277,8.761506821534681,0.9933783280522444,0.9999364910305157,0.9999861024615587,0.9999914274824826,0.9996570517297526,0.9997427477396532,0.9998702184537926,0.9998778582157157,0.9995942016790105,0.9974943274983179,0.9941547123794079,0.9722477750351135,0.906439139560612,0.808452476518716,0.765036310044251,0.7323222581379923,0.968220233714307
0.278,8.778753271112326,0.9934454101270027,0.9999377087251821,0.9999864091204077,0.9999916244112523,0.9996624719149617,0.9997469744706532,0.9998725317330899,0.9998800534993735,0.9996005318520589,0.997524395039674,0.9942151772087648,0.9724496465782945,0.9068944994749113,0.8091178874286868,0.7657589417142401,0.7330542510552045,0.9683430932000257
0.279,8.795943390424606,0.9935115916727437,0.9999388991665737,0.9999867080373939,0.9999918161893939,0.9996677888870027,0.9997511180392054,0.9998747962892802,0.9998822022311851,0.9996067427327794,0.9975540034495929,0.9942748177777567,0.9726493816101611,0.9073461336609634,0.8097787998278732,0.7664769887289189,0.7337818360557444,0.9684649674223632
0.28,8.813077455000002,0.9935768873946165,0.9999400630455177,0.9999869994309212,0.9999920029669499,0.9996730049170052,0.9997551803292367,0.9998770132941174,0.9998843055371138,0.9996128369230315,0.9975831610832719,0.9943336477175528,0.9728470087530692,0.9077940825272132,0.8104352552542902,0.7671904911545143,0.73450505025174,0.9685858677602872
0.281,8.830155738572978,0.9936413117173805,0.9999412010333854,0.9999872835126167,0.9999921848891664,0.9996781222197546,0.9997591631766776,0.9998791838878536,0.999886364512704,0.9996188169606238,0.997611876120787,0.9943916803965688,0.9730425561701153,0.9082383859421641,0.8110872947658608,0.7678994886171849,0.7352239303573721,0.9687058054200414
0.282,8.847178513098592,0.9937048787914936,0.9999423137826929,0.9999875604875589,0.9999923620966601,0.9996831429552426,0.9997630683708147,0.999881309180173,0.9998883802239845,0.9996246853210639,0.9976401565712288,0.994448928926227,0.9732360515736875,0.9086790832429235,0.8117349589470542,0.768604020308813,0.7359385126940621,0.9688247914384127
0.283,8.864146048766901,0.9937676024990533,0.999943401927682,0.9999878305544986,0.9999925347255778,0.9996880692301705,0.999766897655604,0.9998833902510943,0.9998903537083457,0.9996304444192554,0.9976680102767331,0.9945054061665767,0.9734275222338352,0.9091162132435904,0.8123782879154128,0.7693041249927121,0.736648833195577,0.9689428366859245
0.284,8.88105861401728,0.9938294964595926,0.9999444660848809,0.9999880939060709,0.9999927029077511,0.9996929030994072,0.9997706527309403,0.9998854281518444,0.9998922859753853,0.999636096611146,0.9976954449164029,0.9945611247317748,0.9736169949864614,0.9095498142434911,0.8130173213279801,0.7699998410092421,0.7373549274130567,0.9690599518699555
0.285,8.897916475552561,0.9938905740357371,0.9999455068536462,0.9999883507289997,0.9999928667708448,0.999697646567404,0.9997743352538916,0.9998874239057047,0.9998941780077288,0.9996416441953242,0.9977224680101299,0.9946160969954354,0.9738044962413427,0.9099799240352648,0.8136520983876204,0.770691206281343,0.7380568305199657,0.9691761475377912
0.286,8.914719898353068,0.9939508483387246,0.9999465248166886,0.9999886012042958,0.9999930264384996,0.9997023015895665,0.999777946839892,0.999889378508829,0.9998960307618235,0.9996470894145698,0.9977490869223158,0.9946703350958467,0.9739900519899819,0.9104065799128014,0.814282657849241,0.7713782583199814,0.7387545773169653,0.9692914340796048
0.287,8.931469145690489,0.9940103322337922,0.9999475205405783,0.9999888455074458,0.9999931820304705,0.9997068700735862,0.999781489063901,0.999891292931036,0.9998978451687052,0.9996524344573583,0.9977753088654975,0.994723850941063,0.974173687813295,0.9108298186790369,0.8149090380259123,0.7720610342295136,0.739448202236715,0.9694058217313722
0.288,8.948164479141631,0.9940690383454338,0.9999484945762364,0.9999890838085969,0.9999933336627587,0.9997113538807317,0.9997849634615259,0.9998931681165772,0.9998996221347429,0.999657681459321,0.9978011409038781,0.9947766562138728,0.9743554288891378,0.9112496766536075,0.8155312767948926,0.7727395707129696,0.740137739348598,0.9695193205777224
0.289,8.964806158602036,0.994126979062533,0.9999494474594082,0.9999893162727325,0.9999934814477395,0.9997157548271026,0.999788371530111,0.9998950049848797,0.9999013625423584,0.9996628325046613,0.9978265899567664,0.994828762376647,0.9745352999996759,0.9116661896803644,0.8161494116035558,0.7734139040772547,0.7408232223633759,0.9696319405547245
0.29,8.981394442299464,0.9941841665433715,0.9999503797111221,0.9999895430598433,0.9999936254942858,0.999720074684845,0.9997917147297928,0.9998968044312647,0.9999030672507226,0.9996678896275303,0.9978516628019288,0.9948801806760704,0.9747133255386015,0.9120793931347564,0.8167634794752265,0.7740840702382743,0.741504684637774,0.9697436914526126
0.291,8.997929586807262,0.99424061272052,0.9999512918381331,0.9999897643250917,0.9999937659078864,0.9997243151833326,0.9997949944845247,0.9998985673276451,0.9999047370964314,0.9996728548133614,0.9978763660788537,0.9949309221477594,0.9748895295182004,0.9124893219310768,0.8173735170149212,0.7747501047259788,0.7421821591789939,0.9698545829184514
0.292,9.01441184705757,0.9942963293056121,0.9999521843333514,0.99998998021897,0.9999939027907603,0.9997284780103116,0.9997982121830694,0.9999002945231998,0.9999063728941578,0.9996777300001661,0.9979007062919335,0.9949809976207695,0.9750639355762732,0.9128960105295837,0.8179795604150005,0.7754120426893355,0.7428556786491615,0.969964624458743
0.293,9.030841476354444,0.9943513277940049,0.9999530576762574,0.9999901908874539,0.9999940362419665,0.9997325648130132,0.9998013691799629,0.999901986845027,0.9999079754372863,0.9996825170797918,0.9979246898135651,0.9950304177219947,0.9752365669829133,0.9132994929434909,0.8185816454607318,0.7760699189012237,0.7435252753697068,0.9700738254419775
0.294,9.047218726386822,0.9944056194693305,0.9999539123333036,0.9999903964721495,0.9999941663575107,0.9997365771992324,0.9998044667964482,0.9999036450987775,0.9999095454985247,0.9996872178991436,0.99794832288717,0.9950791928804624,0.9754074466471456,0.913699802745836,0.8191798075357638,0.7767237677632568,0.744190981325676,0.9701821951011258
0.295,9.06354384724138,0.9944592154079388,0.999954748758302,0.9999905971104361,0.9999942932304471,0.9997405167383763,0.9998075063213824,0.9999052700692677,0.9999110838304984,0.9996918342613698,0.9979716116301397,0.9951273333315256,0.9755765971234294,0.9140969730762256,0.8197740816275171,0.7773736233105337,0.7448528281699833,0.9702897425360827
0.296,9.079817087415256,0.9945121264832375,0.9999555673928012,0.9999907929356034,0.9999944169509771,0.9997443849624816,0.9998104890121154,0.999906862521074,0.9999125911663252,0.9996963679270134,0.9979945620367051,0.9951748491209566,0.9757440406180273,0.9144910366474622,0.8203645023324894,0.7780195192163172,0.7455108472275949,0.9703964767160509
0.297,9.096038693828662,0.9945643633699287,0.9999563686664491,0.9999909840769838,0.9999945376065446,0.9997481833672018,0.9998134160953444,0.9999084231991079,0.9999140682201731,0.9997008206151311,0.9980171799807332,0.9952217501089432,0.9759097989952453,0.9148820257520522,0.8209511038614778,0.778661488796644,0.7461650694996527,0.9705024064818801
0.298,9.112208911837381,0.9946159365481478,0.9999571529973453,0.9999911706600807,0.999994655281927,0.9997519134127666,0.9998162887679405,0.9999099528291743,0.9999155156877992,0.9997051940043784,0.9980394712184544,0.995268045973991,0.9760738937835445,0.9152699722686014,0.8215339200447209,0.779299565014866,0.7468155256675366,0.9706075405483524
0.299,9.128327985245123,0.9946668563075053,0.9999579207923818,0.9999913528066916,0.9999947700593242,0.9997555765249134,0.9998191081977533,0.9999114521185115,0.9999169342470737,0.9997094897340656,0.9980614413911194,0.9953137462167336,0.9762363461815292,0.9156549076680963,0.8221129843369602,0.7799337804861246,0.747462246096867,0.9707118875064187
0.3,9.144396156315791,0.9947171327510338,0.9999586724475723,0.9999915306350274,0.9999948820184438,0.9997591740957918,0.9998218755243904,0.9999129217563157,0.9999183245584864,0.9997137094051816,0.9980830960275913,0.9953588601636538,0.9763971770638142,0.9160368630200768,0.8226883298224237,0.780564167481758,0.7481052608414469,0.9708154558253891
0.301,9.160413665785603,0.9947667757990452,0.9999594083483723,0.9999917042598278,0.9999949912365822,0.9997627074848422,0.999824591859974,0.9999143624142479,0.9999196872656375,0.99971785458139,0.9981044405468715,0.9954033969707171,0.9765564069867726,0.9164158689986991,0.8232599892197323,0.7811907579336448,0.7487445996471466,0.9709182538550758
0.302,9.176380752875131,0.9948157951928966,0.9999601288699872,0.9999918737924712,0.9999950977887054,0.9997661780196488,0.999827258289876,0.9999157747469267,0.9999210229957147,0.9997219267899956,0.998125480260563,0.9954473656269209,0.9767140561941678,0.9167919558886951,0.8238279948867309,0.7818135834384818,0.7493802919557312,0.9710202898278907
0.303,9.192297655301205,0.994864200498671,0.9999608343776721,0.9999920393410834,0.9999952017475242,0.9997695869967692,0.9998298758734306,0.9999171593924049,0.9999223323599536,0.9997259275228844,0.9981462203752725,0.9954907749577611,0.9768701446226735,0.917165153591226,0.824392378825245,0.7824326752620012,0.750012366908632,0.971121571860901
0.304,9.208164609288703,0.9949120011107717,0.9999615252270214,0.9999922010106398,0.9999953031835686,0.999772935682539,0.9998324456446277,0.9999185169726323,0.999923615954086,0.9997298582374361,0.9981666659949517,0.9955336336286172,0.9770246919072805,0.9175354916296355,0.824953172685764,0.7830480643431239,0.7506408533506626,0.9712221079578357
0.305,9.223981849582247,0.9949592062554352,0.9999622017642492,0.9999923589030664,0.9999954021652586,0.9997762253138545,0.9998349686127836,0.9999198480939041,0.9999248743587724,0.9997337203574116,0.998186822123183,0.9955759501480606,0.9771777173865979,0.917902999155103,0.8255104077720538,0.7836597812980535,0.7512657798336803,0.9713219060110586
0.306,9.23974960945777,0.9950058249941632,0.9999628643264612,0.9999925131173353,0.999995498758973,0.9997794570989325,0.999837445763195,0.9999211533472955,0.9999261081400236,0.9997375152738146,0.9982066936654055,0.9956177328710846,0.9773292401080466,0.9182677049521987,0.8260641150456982,0.7842678564243101,0.7518871746201952,0.9714209738034927
0.307,9.255468120733994,0.9950518662270762,0.9999635132419177,0.9999926637495589,0.9999955930291154,0.9997826322180497,0.9998398780577717,0.999922433309083,0.9999273178496074,0.9997412443457298,0.9982262854310889,0.9956589900022614,0.97747927883295,0.918629637444344,0.8266143251305715,0.7848723197047053,0.752505065686925,0.9715193190105094
0.308,9.271137613783784,0.9950973386961902,0.9999641488302887,0.9999928108930792,0.9999956850381786,0.9997857518242594,0.9998422664356531,0.9999236885411544,0.9999285040254443,0.9997449089011369,0.9982456021358521,0.9956997295988259,0.9776278520415245,0.918988824699177,0.8271610683172423,0.7854732008112593,0.753119480728301,0.971616949201776
0.309,9.286758317545408,0.9951422509886197,0.9999647714029007,0.9999929546385558,0.9999957748468058,0.9997888170440898,0.9998446118138048,0.9999249195914041,0.9999296671919908,0.9997485102377023,0.9982646484035309,0.9957399595736882,0.9777749779377684,0.9193452944338263,0.827704374567312,0.7860705291090616,0.7537304471599204,0.9717138718430665
0.31,9.302330459533678,0.9951866115397073,0.9999653812629758,0.9999930950740482,0.9999958625138502,0.9997918289782216,0.9998469150875998,0.9999261269941181,0.999930807860611,0.999752049623548,0.9982834287681943,0.9957796876983783,0.9779206744542573,0.9196990740200943,0.8282442735176866,0.7866643336600759,0.7543379921219515,0.9718100942980342
0.311,9.31785426585101,0.9952304286360827,0.9999659787058635,0.9999932322850992,0.9999959480964327,0.9997947887021466,0.9998491771313823,0.9999273112703475,0.999931926529937,0.9997555282980004,0.9983019476761121,0.9958189216059228,0.9780649592568431,0.9200501904895527,0.8287807944847838,0.7872546432268895,0.7549421424824867,0.9719056238299499
0.312,9.333329961198347,0.9952737104186529,0.9999665640192653,0.9999933663548113,0.9999960316499971,0.9997976972668088,0.9998513987990151,0.9999284729282701,0.999933023686219,0.9997589474723164,0.9983202094876746,0.995857668793656,0.9782078497492609,0.9203986705385508,0.8293139664686776,0.7878414862764096,0.7555429248408514,0.9720004676034012
0.313,9.348757768886024,0.9953164648855242,0.9999671374834525,0.9999934973639241,0.9999961132283638,0.9998005556992265,0.9998535809244121,0.9999296124635413,0.999934099803664,0.9997623083303913,0.998338218479265,0.9958959366259679,0.9783493630776449,0.9207445405331379,0.8298438181571802,0.7884248909835045,0.7561403655308616,0.9720946326859614
0.314,9.36413791084449,0.9953586998948598,0.9999676993714763,0.9999936253908865,0.9999961928837819,0.9998033650030982,0.9998557243220548,0.9999307303596351,0.9999351553447655,0.9997656120294452,0.9983559788450871,0.9959337323369888,0.9784895161349575,0.9210878265139038,0.8303703779298625,0.7890048852345964,0.7567344906240375,0.972188126049821
0.315,9.379470607634962,0.9954004231676723,0.9999682499493734,0.9999937505119285,0.9999962706669783,0.9998061261593899,0.9998578297874952,0.9999318270881745,0.9999361907606221,0.9997688597006928,0.9983734946989488,0.9959710630332145,0.97862832556533,0.9214285542007359,0.8308936738620143,0.7895814966311985,0.7573253259327705,0.9722809545733883
0.316,9.39475607845996,0.9954416422905542,0.9999687894763626,0.9999938728011285,0.9999963466272065,0.9998088401269087,0.9998598980978431,0.9999329031092523,0.999937206491248,0.9997720524499925,0.9983907700760019,0.9960079356960707,0.9787658077683196,0.9217667489974972,0.8314137337285461,0.790154752493404,0.7579128970134438,0.9723731250428581
0.317,9.409994541173758,0.9954823647183474,0.999969318205038,0.9999939923304805,0.9999964208122931,0.9998115078428581,0.9998619300122411,0.9999339588717423,0.9999382029658728,0.9997751913584787,0.9984078089344409,0.996044357184422,0.978901978903084,0.9221024359966251,0.8319305850078318,0.7907246798633252,0.7584972291695117,0.9724646441537463
0.318,9.425186212292733,0.9955225977767531,0.9999698363815543,0.9999941091699577,0.999996493268683,0.9998141302233797,0.9998639262723249,0.9999349948136017,0.999939180603234,0.999778277483177,0.9984246151571605,0.9960803342370217,0.979036854892474,0.9224356399836526,0.8324442548854956,0.7912913055084833,0.7590783474545322,0.9725555185123976
0.319,9.440331307005621,0.9955623486648847,0.9999703442458079,0.9999942233875739,0.9999965640414823,0.9998167081640789,0.9998658876026717,0.9999360113621637,0.9999401398118593,0.9997813118576026,0.9984411925533735,0.9961158734749094,0.979170451427048,0.9227663854416539,0.8329547702581405,0.7918546559251496,0.7596562766751584,0.9726457546374604
0.32,9.455430039183675,0.9956016244577625,0.999970842031611,0.9999943350494443,0.9999966331745006,0.9998192425405369,0.9998678147112353,0.9999370089344229,0.9999410809903422,0.9997842954923412,0.99845754486019,0.9961509814037532,0.9793027839690075,0.9230946965556165,0.833462157737024,0.7924147573416407,0.7602310413940879,0.9727353589613323
0.321,9.47048262139073,0.9956404321087547,0.9999713299668621,0.9999944442198425,0.9999967007102919,0.9998217342088086,0.9998697082897692,0.9999379879373111,0.999942004527608,0.9997872293756159,0.9984736757441595,0.9961856644161412,0.9794338677560592,0.9234205972167387,0.8339664436516785,0.792971635721566,0.7608026659329694,0.9728243378315803
0.322,9.485489264893184,0.9956787784519646,0.9999718082737098,0.9999945509612568,0.9999967666901933,0.9998241840059063,0.9998715690142385,0.9999389487679656,0.9999429108031729,0.9997901144738378,0.9984895888027752,0.9962199287938205,0.9795637178052002,0.9237441110266578,0.8344676540534773,0.7935253167670294,0.7613711743752698,0.9729126975123281
0.323,9.500450179669885,0.9957166702045638,0.9999722771687125,0.999994655334444,0.9999968311543629,0.9998265927502713,0.9998733975452193,0.9999398918139897,0.9999438001873955,0.9997929517321411,0.9985052875659439,0.9962537807098876,0.9796923489164324,0.9240652613016053,0.8349658147191503,0.7940758259217873,0.7619365905691002,0.9730004441856203
0.324,9.515365574421908,0.9957541139690762,0.9999727368629933,0.9999947573984823,0.9999968941418168,0.9998289612422315,0.9998751945282879,0.9999408174537057,0.9999446730417205,0.9997957420749051,0.9985207754974208,0.9962872262309305,0.9798197756764051,0.9243840710764964,0.8354609511542462,0.7946231883743602,0.7624989381300042,0.9730875839527585
0.325,9.53023565658228,0.9957911162356106,0.9999731875623895,0.9999948572108214,0.9999969556904642,0.9998312902644477,0.9998769605943987,0.9999417260564,0.9999455297189158,0.999798486406261,0.9985360559962092,0.9963202713191225,0.979946012461989,0.9247005631089493,0.8359530885965449,0.7951674290611026,0.7630582404437042,0.9731741228356097
0.326,9.545060632325582,0.995827683384045,0.9999736294675987,0.9999949548273316,0.9999970158371415,0.9998335805823468,0.9998786963602517,0.9999426179825622,0.9999463705633025,0.9998011856105863,0.9985511323979294,0.9963529218342712,0.9800710734437802,0.9250147598832391,0.8364422520194197,0.7957085726692282,0.7636145206688122,0.9732600667778922
0.327,9.559840706577488,0.9958638216861643,0.9999740627743198,0.9999950503023511,0.9999970746176456,0.9998358329445447,0.9998804024286506,0.9999434935841164,0.9999471959109779,0.9998038405529842,0.9985660079761535,0.9963851835358211,0.9801949725895405,0.9253266836141875,0.8369284661351505,0.7962466436397949,0.7641678017395024,0.9733454216464342
0.328,9.574576083024194,0.9958995373077492,0.9999744876733894,0.9999951436887323,0.9999971320667658,0.9998380480832558,0.9998820793888494,0.9999443532046457,0.999948006090033,0.9998064520797523,0.9985806859437101,0.9964170620848135,0.9803177236675698,0.9256363562509872,0.8374117553981892,0.7967816661706459,0.7647181063681461,0.9734301932324089
0.329,9.589266964121792,0.9959348363106223,0.9999749043509155,0.9999952350378857,0.9999971882183145,0.9998402267146941,0.9998837278168917,0.9999451971796111,0.9999488014207628,0.9998090210188367,0.998595169453958,0.9964485630458032,0.9804393402500162,0.9259437994809647,0.8378921440083769,0.7973136642193117,0.7652654570479103,0.9735143872525468
0.33,9.60391355110553,0.9959697246546487,0.999975312988406,0.9999953243998225,0.9999972431051574,0.9998423695394609,0.9998853482759387,0.9999460258365639,0.9999495822158708,0.999811548180276,0.9986094616020305,0.9964796918887328,0.9805598357161238,0.9262490347332811,0.8383696559141153,0.7978426615058714,0.7658098760553214,0.9735980093503224
0.331,9.618516043998998,0.9960042081996936,0.9999757137628936,0.9999954118231974,0.999997296759242,0.9998444772429244,0.9998869413165895,0.9999468394953515,0.9999503487806685,0.9998140343566317,0.9986235654260505,0.996510453990767,0.9806792232554185,0.9265520831825729,0.8388443148154909,0.7983686815157736,0.7663513854527925,0.9736810650971207
0.332,9.633074641623248,0.9960382927075377,0.9999761068470577,0.9999954973553472,0.999997349211626,0.9998465504955873,0.9998885074771924,0.9999476384683176,0.9999511014132673,0.999816480323409,0.9986374839083171,0.9965408546380871,0.9807975158708342,0.9268529657525326,0.839316144167356,0.7988917475026194,0.7668900070911167,0.97376355999338
0.333,9.647589541605804,0.9960719838437521,0.9999764924093415,0.9999955810423311,0.9999974004925039,0.9998485899534468,0.999890047284147,0.9999484230604974,0.9999518404047668,0.9998188868394648,0.998651219976466,0.9965708990276456,0.9809147263817815,0.9271517031194328,0.839785167182364,0.7994118824909063,0.7674257626119262,0.973845499469713
0.334,9.662060940389612,0.9961052871795316,0.9999768706140671,0.9999956629289675,0.9999974506312331,0.9998505962583426,0.9998915612521997,0.9999491935698057,0.9999525660394375,0.9998212546474061,0.9986647765046011,0.9966005922688845,0.9810308674271573,0.9274483157155919,0.8402514068339606,0.7999291092787348,0.7679586734501167,0.9739268888880072
0.335,9.676489033241895,0.9961382081934911,0.999977241621546,0.9999957430588708,0.9999974996563599,0.9998525700382972,0.9998930498847294,0.999949950287222,0.9999532785948965,0.9998235844739775,0.9986781563144019,0.996629939385415,0.9811459514683002,0.927742823732784,0.8407148858593341,0.800443450440477,0.768488760836242,0.9740077335425045
0.336,9.690874014262949,0.996170752273421,0.9999776055881869,0.9999958214744871,0.999997547595643,0.9998545119078477,0.9998945136740268,0.9999506934969676,0.9999539783422807,0.9998258770304385,0.9986913621762046,0.9966589453166618,0.9812599907918887,0.9280352471255944,0.8411756267623209,0.8009549283294101,0.7690160457988707,0.9740880386608602
0.337,9.70521607639483,0.9962029247180075,0.9999779626666003,0.9999958982171273,0.9999975944760777,0.999856422468367,0.9998959531015656,0.9999514234766803,0.9999546655464139,0.9998281330129314,0.9987043968100577,0.9966876149194727,0.9813729975127882,0.92832560561472,0.8416336518162718,0.8014635650803117,0.7695405491669158,0.974167809405182
0.338,9.719515411429992,0.9962347307385153,0.9999783130057002,0.9999959733270015,0.9999976403239187,0.9998583023083785,0.9998973686382667,0.9999521404975824,0.9999553404659682,0.9998303531028386,0.9987172628867554,0.9967159529696923,0.9814849835768423,0.9286139186902183,0.8420889830668759,0.8019693826120221,0.7700622915719311,0.9742470508730497
0.339,9.733772210019833,0.9962661754604346,0.9999786567508022,0.9999960468432503,0.9999976851647023,0.9998601520038612,0.9998987607447549,0.9999528448246449,0.9999560033536236,0.9998325379671321,0.9987299630288451,0.9967439641637039,0.9815959607636159,0.9289002056147024,0.8425416423349446,0.8024724026299698,0.7705812934503743,0.9743257680985165
0.34,9.747986661683168,0.996297263925094,0.9999789940437198,0.9999961188039759,0.9999977290232676,0.9998619721185479,0.9999001298716094,0.9999535367167467,0.9999566544562198,0.9998346882587121,0.9987424998116138,0.9967716531199365,0.9817059406890843,0.9291844854264868,0.8429916512191568,0.8029726466286631,0.7710975750458442,0.9744039660530907
0.341,9.762158954814634,0.9963280010912385,0.999979325022857,0.9999961892462725,0.9999977719237776,0.9998637632042142,0.9999014764596067,0.99995421642683,0.9999572940149069,0.9998368046167386,0.9987548757640506,0.9967990243803416,0.9818149348082755,0.9294667769426818,0.8434390310987642,0.8034701358941494,0.7716111564112826,0.9744816496466996
0.342,9.77628927669299,0.9963583918365752,0.9999796498232986,0.9999962582062554,0.999997813889739,0.999865525800962,0.9999028009399582,0.9999548842020501,0.9999579222652888,0.9998388876669532,0.9987670933697891,0.9968260824118378,0.9819229544178626,0.9297470987622385,0.8438838031362592,0.803964891506438,0.7721220574111516,0.9745588237286357
0.343,9.790377813489405,0.996388440959286,0.9999799685768977,0.9999963257190888,0.9999978549440215,0.9998672604374935,0.9999041037345405,0.9999555402839228,0.999958539437566,0.999840938021993,0.9987791550680265,0.9968528316077243,0.982030010658709,0.9300254692689469,0.8443259882800042,0.8044569343418932,0.7726302977235767,0.9746354930884863
0.344,9.80442475027559,0.9964181531795087,0.9999802814123614,0.9999963918190138,0.9999978951088773,0.99986896763138,0.9999053852561204,0.9999561849084659,0.9999591457566711,0.9998429562816971,0.9987910632544235,0.9968792762890664,0.9821361145183675,0.9303019066343846,0.8447656072668247,0.8049462850755937,0.7731358968424664,0.9747116624570437
0.345,9.818430271031943,0.9964475331407875,0.9999805884553326,0.9999964565393742,0.9999979344059583,0.9998706478893218,0.9999066459085729,0.9999568183063383,0.999959741442403,0.9998449430334033,0.9988028202819832,0.9969054207060494,0.9822412768335329,0.9305764288208203,0.8452026806245658,0.8054329641836602,0.7736388740795986,0.9747873365072015
0.346,9.832394558655544,0.9964765854114928,0.999980889828471,0.9999965199126427,0.9999979728563348,0.9998723017074036,0.9999078860870946,0.9999574407029744,0.9999603267095561,0.9998468988522399,0.9988144284619106,0.996931269039306,0.9823455082924516,0.9308490535840706,0.8456372286746121,0.8059169919455522,0.7741392485666837,0.9748625198548324
0.347,9.846317794968154,0.9965053144862118,0.9999811856515312,0.9999965819704457,0.9999980104805117,0.9998739295713415,0.999909106178411,0.999958052318715,0.9999609017680464,0.9998488243014078,0.9988258900644523,0.9969568254012148,0.9824488194372851,0.9311197984763121,0.8460692715343731,0.806398388446333,0.7746370392573956,0.9749372170596521
0.348,9.86020016072407,0.9965337247871102,0.9999814760414378,0.9999966427435872,0.9999980472984455,0.9998755319567246,0.9999103065609782,0.9999586533689349,0.9999614668230342,0.9998507199324563,0.9988372073197181,0.9969820938371724,0.9825512206664334,0.93138868084885,0.8464988291197338,0.8068771735789062,0.7751322649293804,0.9750114326260647
0.349,9.874041835617978,0.9965618206652657,0.9999817611123599,0.9999967022620724,0.9999980833295601,0.9998771093292503,0.9999114876051797,0.9999592440641664,0.9999620220750429,0.9998525862855524,0.9988483824184841,0.9970070783268379,0.982652722236814,0.9316557178548412,0.8469259211474708,0.8073533670462196,0.7756249441862352,0.9750851710039958
0.35,9.887842998292683,0.9965896064019738,0.9999820409757819,0.99999676055513,0.9999981185927623,0.9998786621449534,0.9999126496735175,0.99995982461022,0.9999625677200754,0.9998544238897418,0.9988594175129769,0.9970317827853523,0.9827533342661013,0.9319209264519781,0.8473505671376347,0.8078269883634428,0.7761150954594628,0.9751584365897091
0.351,9.901603826346811,0.996617086210027,0.9999823157405736,0.9999968176512346,0.9999981531064572,0.9998801908504291,0.9999137931207989,0.9999603952083022,0.9999631039497264,0.999856233263205,0.9988703147176426,0.9970562110645327,0.9828530667349256,0.9321843234051268,0.8477727864158995,0.8082980568601131,0.7766027370103978,0.9752312337266087
0.352,9.915324496342413,0.9966442642349675,0.9999825855130576,0.9999968735781278,0.9999981868885622,0.9998816958830515,0.999914918294318,0.9999609560551282,0.9999636309512924,0.9998580149135059,0.9988810761098964,0.9970803669540409,0.9829519294890314,0.9324459252889272,0.8481925981158801,0.8087665916822546,0.7770878869321125,0.9753035667060251
0.353,9.929005183812531,0.9966711445563141,0.9999828503970749,0.9999969283628387,0.9999982199565215,0.999883177671185,0.999916025534033,0.9999615073430342,0.9999641489078783,0.999859769337834,0.9988917037308566,0.9971042541825287,0.9830499322413987,0.9327057484903509,0.8486100211814163,0.809232611794468,0.7775705631512907,0.9753754397679926
0.354,9.94264606326867,0.9966977311887645,0.9999831104940489,0.9999969820317042,0.9999982523273193,0.9998846366343913,0.999917115172738,0.9999620492600847,0.999964657998501,0.9998614970232416,0.9989021995860631,0.9971278764187587,0.9831470845743251,0.9329638092112201,0.8490250743688266,0.8096961359819943,0.7780507834300842,0.9754468571020045
0.355,9.956247308208233,0.9967240280833721,0.9999833659030468,0.9999970346103878,0.9999982840174936,0.9998860731836314,0.999918187536231,0.9999625819901773,0.9999651583981908,0.9998631984468733,0.9989125656461789,0.9971512372727029,0.9832433959414716,0.9332201234706874,0.8494377762491301,0.8101571828527487,0.7785285653679392,0.9755178228477642
0.356,9.969809091121856,0.9967500391287001,0.9999836167208412,0.9999970861238993,0.9999983150431485,0.9998874877214616,0.999919242943478,0.9999631057131457,0.9999656502780891,0.9998648740761922,0.9989228038476772,0.9971743402966184,0.9833388756698713,0.933474707107677,0.8498481452102384,0.810615770839331,0.779003926403403,0.9755883410959152
0.357,9.983331583500725,0.9967757681519507,0.9999838630419676,0.9999971365966123,0.999998345419967,0.9998888806422253,0.9999202817067719,0.9999636206048584,0.9999661338055449,0.9998665243691977,0.9989329160935119,0.9971971889861005,0.9834335329619031,0.9337275757832889,0.8502561994591169,0.8110719182010058,0.7794768838159041,0.9756584158887627
0.358,9.99681495584378,0.9968012189200729,0.9999841049587815,0.9999971860522819,0.9999983751632228,0.9998902523322394,0.9999213041318881,0.9999641268373162,0.9999666091442064,0.9998681497746398,0.998942904253776,0.997219786781115,0.9835273768972298,0.9339787449831654,0.8506619570239166,0.8115256430256604,0.7799474547275111,0.9757280512209813
0.359,10.010259377664903,0.9968263951408464,0.9999843425615145,0.9999972345140629,0.9999984042877919,0.999891603169977,0.9999223105182353,0.9999646245787456,0.9999670764541134,0.9998697507322278,0.9989527701663429,0.9972421370670091,0.9836204164347022,0.9342282300198212,0.8510654357560771,0.8119769632317337,0.7804156561046687,0.9757972510403107
0.36,10.023665017499999,0.9968513004639447,0.9999845759383272,0.9999972820045245,0.9999984328081641,0.9998929335262449,0.9999233011590039,0.9999651139936914,0.9999675358917837,0.9998713276728332,0.9989625156374954,0.9972642431755018,0.9837126604142301,0.9344760460349395,0.8514666533324002,0.8124258965701225,0.7808815047599097,0.9758660192482372
0.361,10.037032042914067,0.9968759384819764,0.9999848051753629,0.9999973285456687,0.999998460738454,0.9998942437643558,0.9999242763413088,0.9999655952431051,0.9999679876102999,0.9998728810186874,0.9989721424425408,0.9972861083856538,0.9838041175586191,0.9347222080016298,0.8518656272570961,0.8128724606260603,0.7813450173535463,0.9759343597006667
0.362,10.05036062050815,0.9969003127315058,0.999985030356797,0.999997374158944,0.9999984880924113,0.9998955342402985,0.9999252363463301,0.999966068484433,0.9999684317593927,0.9998744111835761,0.9989816523264122,0.9973077359248186,0.9838947964753763,0.9349667307266546,0.852262374863801,0.813316672820975,0.7818062103953397,0.976002276208583
0.363,10.063650915926283,0.9969244266940518,0.9999852515648876,0.9999974188652618,0.9999985148834314,0.9998968053029016,0.9999261814494496,0.9999665338716993,0.9999688684855218,0.9998759185730272,0.998991047004257,0.9973291289695733,0.9839847056584841,0.9352096288526197,0.8526569133175675,0.8137585504143182,0.7822651002461465,0.9760697725386974
0.364,10.076903093862331,0.9969482837970691,0.9999854688800234,0.9999974626850108,0.9999985411245651,0.9998980572939942,0.9999271119203834,0.9999669915555897,0.9999692979319558,0.9998774035844943,0.9990003281620131,0.9973502906466315,0.9840738534901424,0.9354509168601326,0.8530492596168285,0.8141981105053745,0.7827217031195466,0.9761368524140839
0.365,10.090117318066827,0.9969718874149074,0.9999856823807706,0.999997505638071,0.9999985668285286,0.999899290548563,0.9999280280233122,0.9999674416835309,0.9999697202388479,0.9998788666075372,0.9990094974569721,0.997371224033737,0.9841622482424812,0.9356906090699281,0.8534394305953339,0.8146353700350452,0.7831760350834474,0.9762035195148058
0.366,10.10329375135367,0.9969952408697533,0.9999858921439182,0.9999975477438281,0.9999985920077126,0.9999005053949045,0.9999289300170073,0.9999678843997691,0.9999701355433125,0.999880308023996,0.9990185565183307,0.9973919321605403,0.9842498980792426,0.9359287196449603,0.8538274429240618,0.815070345787609,0.7836281120616695,0.976269777478532
0.367,10.116432555606854,0.9970183474325524,0.9999860982445227,0.9999975890211865,0.9999986166741915,0.9999017021547744,0.9999298181549544,0.999968319845446,0.9999705439794969,0.9998817282081625,0.9990275069477305,0.9974124180094572,0.9843368110574338,0.936165262592465,0.8542133131131024,0.8155030543924611,0.7840779498355117,0.9763356299011403
0.368,10.129533891787071,0.9970412103239131,0.999986300755951,0.999997629488583,0.9999986408397324,0.9999028811435328,0.9999306926854733,0.9999687481586723,0.9999709456786531,0.9998831275269459,0.9990363503197853,0.99743268451651,0.984422995128952,0.9364002517659902,0.85459705751352,0.8159335123258293,0.7845255640452957,0.9764010803373117
0.369,10.142597919938302,0.9970638327149939,0.9999864997499226,0.9999976691639982,0.9999986645158032,0.9999040426702858,0.9999315538518354,0.9999691694746008,0.9999713407692068,0.9998845063400366,0.999045088182599,0.9974527345721518,0.9845084581421805,0.9366337008673948,0.8549786923191851,0.8163617359124662,0.7849709701918908,0.9764661323011163
0.37,10.155624799194312,0.9970862177283708,0.99998669529655,0.9999977080649708,0.9999986877135814,0.9999051870380244,0.999932401892378,0.9999695839254957,0.9999717293768247,0.9998858650000636,0.99905372205827,0.9974725710220754,0.9845932078435571,0.9368656234488197,0.8553582335685868,0.8167877413273236,0.7854141836382201,0.9765307892665867
0.371,10.16861468778514,0.9971083684388897,0.999986887464379,0.9999977462086074,0.9999987104439618,0.999906314543759,0.9999332370406155,0.9999699916408017,0.9999721116244804,0.9998872038527502,0.9990622534433874,0.9974921966680049,0.984677251879116,0.9370960329146273,0.8557356971466171,0.8172115445972011,0.7858552196107476,0.9765950546682814
0.372,10.181567743043477,0.9971302878745012,0.9999870763204269,0.9999977836115956,0.9999987327175645,0.9999074254786511,0.9999340595253484,0.9999703927472101,0.9999724876325186,0.9998885232370643,0.9990706838095147,0.9975116142684719,0.9847605977960033,0.9373249425233131,0.8561110987863346,0.8176331616023765,0.7862940932009455,0.9766589319018418
0.373,10.194484121411044,0.9971519790170787,0.99998726193022,0.999997820290215,0.9999987545447423,0.9999085201281422,0.999934869570769,0.9999707873687244,0.9999728575187162,0.9998898234853664,0.9990790146036641,0.997530826539577,0.9848432530439657,0.9375523653893885,0.856484454070702,0.8180526080782143,0.7867308193667439,0.9767224243245372
0.374,10.207363978444862,0.997173444803221,0.9999874443578308,0.9999978562603474,0.9999987759355884,0.999909598772079,0.9999356673965649,0.9999711756267227,0.9999732213983447,0.9998911049235528,0.9990872472487613,0.9975498361557356,0.9849252249768141,0.9377783144852351,0.8568557784343013,0.8184698996167541,0.7871654129339627,0.9767855352558005
0.375,10.22020746882353,0.997194688125039,0.999987623665913,0.9999978915374884,0.999998796899943,0.9999106616848353,0.9999364532180199,0.9999715576400199,0.9999735793842279,0.9998923678711968,0.9990953831440992,0.9975686457504085,0.9850065208538624,0.9380028026429325,0.8572250871650283,0.818885051668277,0.7875978885977228,0.9768482679777583
0.376,10.233014746353383,0.9972157118309269,0.9999877999157367,0.9999979261367569,0.9999988174474005,0.9999117091354326,0.9999372272461122,0.9999719335249276,0.9999739315868001,0.9998936126416853,0.9991034236657833,0.9975872579168198,0.9850871478413419,0.9382258425560578,0.8575923954057617,0.8192980795428553,0.7880282609238439,0.9769106257357469
0.377,10.245785963974662,0.9972365187263194,0.9999879731672215,0.9999979600729056,0.9999988375873164,0.9999127413876552,0.9999379896876102,0.9999723033953128,0.9999742781141623,0.9998948395423523,0.9991113701671673,0.9976056752086592,0.9851671130137903,0.9384474467814594,0.857957718156011,0.8197089984118799,0.7884565443502208,0.9769726117388242
0.378,10.258521273767572,0.9972571115744318,0.9999881434789702,0.9999979933603308,0.9999988573288137,0.9999137587001651,0.9999387407451664,0.9999726673626543,0.9999746190721361,0.99989604887461,0.9991192239792791,0.9976239001407707,0.9852464233554195,0.9386676277410039,0.8583210702735437,0.8201178233095688,0.7888827531881849,0.9770342291602714
0.379,10.271220826958354,0.9972774930969887,0.9999883109082999,0.9999980260130813,0.9999988766807888,0.9999147613266126,0.9999394806174086,0.9999730255360987,0.9999749545643182,0.9998972409340762,0.9991269864112386,0.9976419351898289,0.9853250857614573,0.9388863977232976,0.8586824664759906,0.8205245691344578,0.7893069016238479,0.977095481138085
0.38,10.283884773925234,0.9972976659749366,0.9999884755112736,0.999998058044868,0.9999988956519181,0.9999157495157448,0.9999402094990287,0.9999733780225145,0.999975284692131,0.9998984160106984,0.999134658750667,0.9976597827950007,0.985403107039469,0.939103768885383,0.859041921342429,0.8209292506508701,0.789729003719428,0.9771563707754634
0.381,10.296513264204389,0.9973176328491435,0.9999886373427306,0.9999980894690728,0.9999989142506641,0.9999167235115113,0.99994092758087,0.9999737249265448,0.9999756095548742,0.9998995743888759,0.999142242264086,0.9976774453585949,0.9854804939106552,0.9393197532544093,0.8593994493149459,0.8213318824903701,0.7901490734145616,0.977216901141285
0.382,10.309106446495806,0.9973373963210851,0.9999887964563154,0.999998120298757,0.9999989324852805,0.9999176835531676,0.9999416350500118,0.9999740663506587,0.9999759292497732,0.9999007163475777,0.9991497381973111,0.9976949252466996,0.9855572530111278,0.9395343627292796,0.8597550647001821,0.8217324791531972,0.790567124527597,0.9772770752705755
0.383,10.32166446866915,0.9973569589535168,0.9999889529045076,0.9999981505466702,0.9999989503638187,0.9999186298753759,0.9999423320898517,0.9999744023952012,0.9999762438720279,0.9999018421604592,0.9991571477758346,0.997712224789806,0.9856333908931656,0.9397476090822733,0.8601087816708524,0.8221310550096811,0.7909831707568724,0.9773368961649709
0.384,10.334187477769516,0.9973763232711346,0.9999891067386485,0.9999981802252578,0.9999989678941322,0.9999195627083037,0.9999430188801874,0.9999747331584423,0.999976553514859,0.9999029520959747,0.9991644722052022,0.9977293462834216,0.9857089140264474,0.9399595039606453,0.8604606142672498,0.8225276243016413,0.7913972256819788,0.9773963667931727
0.385,10.346675620023202,0.9973954917612218,0.9999892580089691,0.9999982093466694,0.9999989850838831,0.9999204822777197,0.9999436955972945,0.999975058736625,0.9999768582695537,0.999904046417488,0.9991717126713808,0.9977462919886698,0.9857838287992653,0.9401700588882013,0.8608105763987282,0.8229222011437665,0.7918093027650064,0.9774554900913924
0.386,10.359129040843372,0.997414466874284,0.9999894067646167,0.9999982379227665,0.999999001940546,0.9999213888050879,0.9999443624140035,0.9999753792240106,0.9999771582255107,0.9999051253833806,0.9991788703411192,0.9977630641328802,0.9858581415197178,0.9403792852668507,0.8611586818451662,0.8233147995249799,0.7922194153517763,0.9775142689637937
0.387,10.371547884835726,0.997433251024672,0.9999895530536803,0.9999982659651298,0.9999990184714141,0.9999222825076592,0.9999450194997758,0.999975694712925,0.9999774534702824,0.9999061892471567,0.9991859463623015,0.9977796649101652,0.9859318584168825,0.9405871943781363,0.8615049442584114,0.8237054333097844,0.792627576673057,0.9775727062829228
0.388,10.383932295804065,0.9974518465911927,0.9999896969232163,0.9999982934850664,0.9999990346836033,0.999923163598561,0.9999456670207755,0.9999760052938026,0.9999777440896186,0.9999072382575463,0.9991929418642932,0.9977960964819874,0.9860049856419696,0.9407937973847434,0.8618493771637068,0.8240941162395936,0.793033799845766,0.9776308048901364
0.389,10.396282416755886,0.9974702559177083,0.9999898384192726,0.9999983204936174,0.9999990505840571,0.9999240322868845,0.999946305139942,0.9999763110552287,0.9999780301675063,0.9999082726586057,0.9991998579582799,0.9978123609777151,0.9860775292694562,0.9409991053319847,0.8621919939610987,0.824480861934044,0.7934380978741553,0.9776885675960173
0.39,10.408598389907834,0.9974884813137247,0.9999899775869123,0.9999983470015641,0.9999990661795513,0.9999248887777701,0.9999469340170596,0.9999766120839824,0.9999783117862112,0.9999092926898158,0.9992066957375993,0.9978284604951675,0.9861494952982018,0.9412031291492661,0.8625328079268253,0.8248656838922923,0.7938404836509858,0.9777459971807896
0.391,10.420880356691212,0.9975065250549682,0.9999901144702379,0.9999983730194354,0.9999990814766981,0.9999257332724908,0.9999475538088249,0.9999769084650766,0.9999785890263159,0.9999102985861776,0.9992134562780668,0.9978443971011495,0.9862208896525453,0.9414058796515293,0.8628718322146884,0.8252485954942965,0.7942409699586825,0.9778030963947214
0.392,10.433128457757352,0.9975243893839512,0.9999902491124129,0.9999983985575134,0.9999990964819511,0.9999265659685337,0.9999481646689147,0.9999772002817986,0.9999788619667581,0.9999112905783066,0.9992201406382936,0.9978601728319764,0.9862917181833836,0.941607367540676,0.863209079857408,0.8256296100020815,0.7946395694704811,0.9778598679585258
0.393,10.445342832983021,0.997542076510528,0.9999903815556841,0.9999984236258406,0.9999991112016087,0.9999273870596799,0.9999487667480493,0.9999774876157487,0.9999791306848688,0.9999122688925235,0.9992267498599995,0.9978757896939884,0.986361986669233,0.9418076034069692,0.8635445637679575,0.8260087405609872,0.7950362947515555,0.977916314563752
0.394,10.457523621475712,0.9975595886124397,0.9999905118414039,0.9999984482342257,0.9999991256418186,0.9999281967360814,0.9999493601940573,0.999977770546878,0.9999793952564076,0.9999132337509444,0.9992332849683182,0.9978912496640558,0.9864317008172733,0.9420065977304164,0.8638782967408842,0.8263860002009038,0.7954311582601359,0.9779724388731722
0.395,10.469670961578949,0.9975769278358486,0.9999906400100501,0.9999984723922491,0.9999991398085817,0.9999289951843378,0.9999499451519367,0.9999780491535255,0.9999796557555983,0.9999141853715677,0.9992397469720976,0.9979065546900743,0.9865008662643733,0.9422043608821318,0.8642102914536104,0.8267614018374901,0.7958241723486095,0.9780282435211622
0.396,10.481784990877514,0.9975940962958635,0.9999907661012473,0.9999984961092699,0.9999991537077558,0.9999297825875701,0.9999505217639155,0.9999783235124545,0.999979912255164,0.9999151239683598,0.9992461368641928,0.9979217066914503,0.9865694885781013,0.9424009031256798,0.864540560467721,0.8271349582733776,0.7962153492646126,0.9780837311140751
0.397,10.493865846202649,0.9976110960770536,0.9999908901537862,0.9999985193944301,0.9999991673450597,0.9999305591254936,0.999951090169511,0.9999785936988874,0.9999801648263605,0.9999160497513381,0.9992524556217545,0.997936707559579,0.9866375732577182,0.9425962346183988,0.8648691162302306,0.8275066821993594,0.7966047011521032,0.9781389042306092
0.398,10.505913663637191,0.9976279292339549,0.9999910122056431,0.9999985422566611,0.9999991807260761,0.9999313249744879,0.9999516505055872,0.9999788597865402,0.9999804135390087,0.9999169629266531,0.9992587042065103,0.9979515591583116,0.9867051257351542,0.9427903654127068,0.8651959710748388,0.8278765861955654,0.7969922400524276,0.9781937654221725
0.399,10.517928578520712,0.9976445977915657,0.9999911322939993,0.9999985647046886,0.9999991938562559,0.9999320803076668,0.9999522029064112,0.9999791218476561,0.9999806584615272,0.9999178636966675,0.9992648835650417,0.9979662633244141,0.9867721513759704,0.9429833054573878,0.8655211372231661,0.8282446827326213,0.7973779779053687,0.9782483172132362
0.4,10.529910725454545,0.9976611037458331,0.9999912504552585,0.9999985867470381,0.9999992067409212,0.9999328252949459,0.9999527475037079,0.999979379953038,0.9999808996609636,0.9999187522600342,0.9992709946290544,0.9979808218680188,0.9868386554803037,0.943175064598861,0.8658446267859765,0.8286109841727967,0.797761926550185,0.97830256210169
