Beta,R_0,R1,R2,R3,R4,R5,R6,R7,R8,R9,R10,R11,R12,R13,R14,R15,R16,R_all
0.0,0.0,0.0,0.0,0.0,0.0,0.0,0.0,0.0,0.0,0.0,0.0,0.0,0.0,0.0,0.0,0.0,0.0,0.0
0.001,0.04409294566301097,0.0,0.0,0.0,0.0,0.0,0.0,0.0,0.0,0.0,0.0,0.0,0.0,0.0,0.0,0.0,0.0,0.0
0.002,0.08792291153081512,0.0,0.0,0.0,0.0,0.0,0.0,0.0,0.0,0.0,0.0,0.0,0.0,0.0,0.0,0.0,0.0,0.0
0.003,0.13149224331020812,0.0,0.0,0.0,0.0,0.0,0.0,0.0,0.0,0.0,0.0,0.0,0.0,0.0,0.0,0.0,0.0,0.0
0.004,0.17480325889328063,0.0,0.0,0.0,0.0,0.0,0.0,0.0,0.0,0.0,0.0,0.0,0.0,0.0,0.0,0.0,0.0,0.0
0.005,0.21785824876847293,0.0,0.0,0.0,0.0,0.0,0.0,0.0,0.0,0.0,0.0,0.0,0.0,0.0,0.0,0.0,0.0,0.0
0.006,0.26065947642436155,0.0,0.0,0.0,0.0,0.0,0.0,0.0,0.0,0.0,0.0,0.0,0.0,0.0,0.0,0.0,0.0,0.0
0.007,0.30320917874632713,0.0,0.0,0.0,0.0,0.0,0.0,0.0,0.0,0.0,0.0,0.0,0.0,0.0,0.0,0.0,0.0,0.0
0.008,0.34550956640624997,0.0,0.0,0.0,0.0,0.0,0.0,0.0,0.0,0.0,0.0,0.0,0.0,0.0,0.0,0.0,0.0,0.0
0.009,0.38756282424537486,0.0,0.0,0.0,0.0,0.0,0.0,0.0,0.0,0.0,0.0,0.0,0.0,0.0,0.0,0.0,0.0,0.0
0.01,0.42937111165048547,0.0,0.0,0.0,0.0,0.0,0.0,0.0,0.0,0.0,0.0,0.0,0.0,0.0,0.0,0.0,0.0,0.0
0.011,0.4709365629235237,0.0,0.0,0.0,0.0,0.0,0.0,0.0,0.0,0.0,0.0,0.0,0.0,0.0,0.0,0.0,0.0,0.0
0.012,0.5122612876447876,1.1102230246251565e-16,1.2212453270876722e-15,1.5543122344752192e-15,1.6653345369377348e-15,1.1102230246251565e-15,1.4432899320127035e-15,1.7763568394002505e-15,1.887379141862766e-15,1.887379141862766e-15,1.887379141862766e-15,1.6653345369377348e-15,1.2212453270876722e-15,7.771561172376096e-16,6.661338147750939e-16,5.551115123125783e-16,2.220446049250313e-16,1.2377515671629946e-15
0.013,0.5533473710298364,6.661338147750939e-16,2.4424906541753444e-15,3.4416913763379853e-15,3.1086244689504383e-15,1.7763568394002505e-15,2.6645352591003757e-15,3.3306690738754696e-15,3.9968028886505635e-15,4.218847493575595e-15,3.552713678800501e-15,3.4416913763379853e-15,2.55351295663786e-15,1.5543122344752192e-15,1.5543122344752192e-15,1.1102230246251565e-15,9.992007221626409e-16,2.5377636399243796e-15
0.014,0.5941968742802304,0.0,0.0,0.0,0.0,0.0,0.0,0.0,0.0,0.0,0.0,0.0,0.0,0.0,0.0,0.0,0.0,0.0
0.015,0.6348118349282296,1.1102230246251565e-16,1.2212453270876722e-15,1.5543122344752192e-15,1.5543122344752192e-15,6.661338147750939e-16,1.2212453270876722e-15,1.5543122344752192e-15,1.7763568394002505e-15,1.7763568394002505e-15,1.6653345369377348e-15,1.3322676295501878e-15,9.992007221626409e-16,5.551115123125783e-16,5.551115123125783e-16,4.440892098500626e-16,2.220446049250313e-16,1.1194430995490993e-15
0.016,0.6751942671755725,8.881784197001252e-16,3.1086244689504383e-15,4.6629367034256575e-15,4.773959005888173e-15,2.7755575615628914e-15,3.552713678800501e-15,4.551914400963142e-15,5.329070518200751e-15,5.662137425588298e-15,5.10702591327572e-15,4.3298697960381105e-15,3.3306690738754696e-15,2.220446049250313e-15,2.220446049250313e-15,1.7763568394002505e-15,1.2212453270876722e-15,3.490994829307912e-15
0.017,0.715346162226451,1.1102230246251565e-16,1.2212453270876722e-15,1.5543122344752192e-15,1.6653345369377348e-15,1.1102230246251565e-15,1.4432899320127035e-15,1.7763568394002505e-15,1.887379141862766e-15,1.887379141862766e-15,1.887379141862766e-15,1.6653345369377348e-15,1.2212453270876722e-15,7.771561172376096e-16,5.551115123125783e-16,4.440892098500626e-16,2.220446049250313e-16,1.235659302234237e-15
0.018,0.7552694886148007,5.551115123125783e-16,1.7763568394002505e-15,3.3306690738754696e-15,2.9976021664879227e-15,1.5543122344752192e-15,2.55351295663786e-15,3.1086244689504383e-15,3.552713678800501e-15,3.885780586188048e-15,3.3306690738754696e-15,3.3306690738754696e-15,2.220446049250313e-15,1.5543122344752192e-15,1.3322676295501878e-15,1.1102230246251565e-15,8.881784197001252e-16,2.2923991257983833e-15
0.019,0.7949661925260171,3.3306690738754696e-16,1.5543122344752192e-15,3.3306690738754696e-15,2.9976021664879227e-15,1.5543122344752192e-15,1.9984014443252818e-15,2.7755575615628914e-15,3.3306690738754696e-15,3.552713678800501e-15,2.9976021664879227e-15,2.9976021664879227e-15,1.887379141862766e-15,1.4432899320127035e-15,1.1102230246251565e-15,9.992007221626409e-16,8.881784197001252e-16,2.100556060811984e-15
0.02,0.8344381981132075,2.220446049250313e-15,6.217248937900877e-15,9.880984919163893e-15,9.769962616701378e-15,5.88418203051333e-15,7.66053886991358e-15,9.992007221626409e-15,1.176836406102666e-14,1.2323475573339238e-14,1.0769163338864018e-14,9.880984919163893e-15,7.216449660063518e-15,4.551914400963142e-15,4.218847493575595e-15,3.552713678800501e-15,3.1086244689504383e-15,7.449607768097844e-15
0.021,0.8736874078080904,1.3322676295501878e-15,4.3298697960381105e-15,7.882583474838611e-15,6.661338147750939e-15,4.218847493575595e-15,4.9960036108132044e-15,6.439293542825908e-15,8.104628079763643e-15,8.326672684688674e-15,7.105427357601002e-15,6.5503158452884236e-15,4.884981308350689e-15,3.3306690738754696e-15,2.7755575615628914e-15,2.6645352591003757e-15,2.220446049250313e-15,5.179158421069497e-15
0.022,0.9127157026266416,3.774758283725532e-15,1.2101430968414206e-14,1.942890293094024e-14,1.8207657603852567e-14,1.099120794378905e-14,1.4210854715202004e-14,1.8318679906315083e-14,2.19824158875781e-14,2.3425705819590803e-14,2.0539125955565396e-14,1.7985612998927536e-14,1.3100631690576847e-14,8.770761894538737e-15,7.66053886991358e-15,6.5503158452884236e-15,5.551115123125783e-15,1.402663592257094e-14
0.023,0.9515249424695978,1.3322676295501878e-15,4.551914400963142e-15,7.993605777301127e-15,7.882583474838611e-15,4.440892098500626e-15,5.218048215738236e-15,6.8833827526759706e-15,8.326672684688674e-15,8.326672684688674e-15,7.882583474838611e-15,6.994405055138486e-15,4.884981308350689e-15,3.4416913763379853e-15,2.886579864025407e-15,2.6645352591003757e-15,2.1094237467877974e-15,5.472640470746638e-15
0.024,0.9901169664179105,1.9753835900360173e-07,5.85732114477544e-07,1.0136054984233311e-06,9.914704216518189e-07,5.822516357945062e-07,7.458805874049901e-07,9.51743894472834e-07,1.162107077234964e-06,1.2290109213664024e-06,1.0751914663043038e-06,9.532737209605457e-07,6.890504816725596e-07,4.5194060094289057e-07,3.9523671169217067e-07,3.3405300492450607e-07,2.881363674323012e-07,7.318795450956576e-07
0.025,1.0284935930232557,0.011669258380176184,0.034338948111341305,0.05817524132605789,0.056974720196123485,0.033994101077567396,0.04334012034263768,0.05491070242226059,0.06654687865318631,0.07020424133330194,0.061717132963791,0.05496504202853736,0.04010336887310095,0.02649954217489825,0.023212109270692616,0.019640160612171553,0.016962091570088766,0.04230229702489162
0.026,1.066656620593692,0.026903552217678484,0.07835324173283642,0.12924909003299112,0.12676485277590177,0.07717223490477898,0.09777537844688622,0.1227586534539018,0.14737124563027193,0.15499125962013027,0.13709713822415026,0.12279244570765213,0.090669308498877,0.06049704053727878,0.053106589464167686,0.0450017394291965,0.03892939485574076,0.09482342171830807
0.027,1.1046078274745605,0.041627068791202704,0.11997110302982128,0.19307438811923716,0.18960109889650678,0.11762233650540133,0.14812285381777146,0.1843824704310143,0.2194084020342132,0.23009793591985905,0.2047106149600625,0.18432235505248962,0.1376490255940771,0.09270916074956559,0.08155799283199161,0.06921669191299062,0.05997120789944543,0.14283151168113048
0.028,1.1423489723247233,0.05587022642631789,0.15932847686933616,0.2506058620764191,0.24636940343652292,0.15556877646956402,0.19476026060288265,0.24047769535775143,0.2838162750676231,0.2968628120956668,0.265541881186668,0.2402773303081952,0.18136327515382,0.12326496533366382,0.10866809293385782,0.09236750580047859,0.08015061612535801,0.18684502344057027
0.029,1.1798817943882245,0.06966111772483252,0.19655477814806288,0.3026419270110776,0.2978181425894493,0.19121417541045904,0.23802601613827434,0.2916501915721639,0.34157478510110717,0.3564077586497607,0.3204281424056693,0.2912823165967292,0.22209942082402379,0.15228224483373898,0.13452939081715565,0.11452855931731432,0.0995248506687001,0.22730810469520868
0.03,1.217208013761468,0.08302564120186606,0.23177309848582817,0.3498556517469287,0.3445831851581651,0.22474150779734325,0.27822315602466197,0.3384286372208479,0.3935165938229609,0.40967778219205353,0.370084427154978,0.3378794230450052,0.2601150130629022,0.17986844545357827,0.15922602771017025,0.1357670522722163,0.11814592394086743,0.2646033042280988
0.031,1.2543293316559927,0.09598766132528358,0.2651003546135652,0.3928184419243863,0.38720774788225654,0.2563161166400315,0.3156231033071908,0.3812753445107634,0.44035211884800307,0.45747276527785063,0.41512391059179043,0.3805403422027108,0.2956411048932911,0.20612160887999698,0.18283464400874805,0.1561438376541423,0.136061200635473,0.29906177579057674
0.032,1.2912474306569346,0.10856917512429498,0.29664741612174417,0.4320184410052893,0.4261582521225543,0.28608757562228415,0.35046915817844215,0.42059553884905143,0.48268990614593665,0.5004728891525752,0.4560745129291891,0.41967676327561,0.32888525025089654,0.23113127039663195,0.2054251633503399,0.17571415421236602,0.15331390420598967,0.33097152901045535
0.033,1.3279639749772523,0.12079047434749646,0.3265192356278823,0.4678750185837811,0.4618370817233839,0.31419137675896813,0.38297965913392606,0.45674527832670675,0.5210532637293799,0.5392590989966652,0.4933924975604118,0.45564910330277353,0.36003417838881124,0.2549792913857595,0.22706149679846177,0.19452826743436158,0.16994356329721927,0.3605841473337252
0.034,1.3644806107078042,0.13267029791823304,0.3548149937779873,0.5007503088945102,0.49459291920502835,0.34075044259414733,0.41335080985400774,0.49003819865461706,0.5558938878895119,0.5743296639255615,0.5274736520839772,0.48877383757627213,0.3892561606894748,0.27774061791602045,0.24780216980006886,0.21263202873140485,0.18598640420418622,0.3881202939744101
0.035,1.4007989660633486,0.14422597252618474,0.38162826423573537,0.5309584918675686,0.5247291745866236,0.3658764721478056,0.4417591875902841,0.5207512554955114,0.5876030676209207,0.6061136465384215,0.5586625182243999,0.5193296668566064,0.41670309603661526,0.299483965137309,0.2677008778962684,0.23006736293174412,0.20147569568461388,0.4137742528438768
0.036,1.4369206516245487,0.15547354083745035,0.40704719917384635,0.5587733241046828,0.5525109008574491,0.3896711343076439,0.4683639586048951,0.5491296165030506,0.6165209341368421,0.6349819146360497,0.587260042127655,0.5475627191530763,0.44251234399509387,0.3202724311730897,0.28680697831255597,0.2468726935462151,0.21644205210556366,0.4377176958282401
0.037,1.4728472605760576,0.16642787765596057,0.4311547330536344,0.5844342977253956,0.5781705004337059,0.4122271238280949,0.4933088296764555,0.5753908345950998,0.6429441273436316,0.6612561882108626,0.6135299412717947,0.5736909495120986,0.46680833477340666,0.34016404598390004,0.305165924630888,0.26308331428548537,0.23091370032416192,0.4601028257424875
0.038,1.508580368940754,0.1771027947826178,0.45402880107450216,0.6081517126494206,0.6019124594733298,0.4336290949898046,0.51672376481726,0.5997284144160779,0.6671321757704541,0.6852165078234957,0.637704024686401,0.5979078724302305,0.4897039830680686,0.35921226128450345,0.3228196513224121,0.2787317142458283,0.24491671506155044,0.48106501229154336
0.039,1.544121535810206,0.18751113549184473,0.4757425681460026,0.630110880786178,0.6239172957414483,0.45395448708325414,0.5387264947901237,0.622314866503487,0.6893128268989742,0.7071074281906039,0.6599866561350911,0.6203857376532416,0.5113019303493078,0.37746638758643014,0.3398069142914715,0.29384786316692546,0.2584752269098063,0.5007250138473154
0.04,1.5794723035714286,0.1976648595881506,0.49636466425229864,0.6504756311257611,0.6443448665847252,0.47327425464612727,0.5594238446856704,0.6433043285899781,0.7096865178237026,0.7271431772615297,0.6805585127388782,0.6412782405355133,0.5316956374360894,0.3949719841148147,0.35616359289875776,0.30845946225147003,0.271611606547675,0.5191908589315274
0.041,1.6146341981300092,0.20757511997952094,0.515959422411698,0.6693912477471122,0.6633371534255335,0.4916535140434408,0.578912902227792,0.6628348206478194,0.7284301390174014,0.7455119717652017,0.6995797620816557,0.6607228421143572,0.5509703465760707,0.4117712068837801,0.3719229582677097,0.32259216523664214,0.28434662824338197,0.53655944659905
0.042,1.6496087291296626,0.21725233164500146,0.5345871159269393,0.6869869447895472,0.681020615799717,0.5091521166592755,0.5972820468900708,0.6810301894887989,0.7457002145458919,0.7623796417826194,0.7171927574677657,0.678842760971745,0.5692039298117517,0.42790311970223105,0.3871159120670947,0.33626977371948685,0.2966996152914524,0.5529179134279112
0.043,1.6843973901682905,0.22670623379987664,0.5523041921733611,0.7033779610499453,0.6975081896980249,0.5258251577323597,0.6146118574688333,0.6980017897007065,0.7616355986978247,0.7778926867989631,0.7335243323850309,0.6957486882718855,0.5864676382241705,0.44340397237167817,0.4017711994158666,0.34951441015144336,0.30868856965986813,0.5683448057830416
0.044,1.7190016590106008,0.23594594598438134,0.5691635007201129,0.71866734036084,0.7129009906194833,0.5417234287432617,0.6309759135340951,0.7138499401686533,0.7763597703613491,0.7921808619927837,0.7486877603450517,0.7115402686288237,0.602826764709083,0.4583074498557741,0.41591559907566944,0.3623466714196266,0.3203302878073605,0.5829110888655403
0.045,1.753422997797357,0.24498001872642072,0.5852145140880993,0.7329474510498208,0.7272897703998517,0.5568938202566147,0.6464415041894396,0.7286651891559743,0.7899827915745044,0.8053593747735557,0.7627844343320926,0.7263073823056672,0.6183412312463858,0.4726448957591646,0.4295740936777833,0.3747857655112673,0.33164046436071115,0.5966810183615302
0.046,1.7876628532513184,0.25381647935819285,0.6005035398994422,0.7463012876897575,0.7407561678594492,0.5713796812353016,0.6610702558141844,0.7425294156964892,0.8026029847090818,0.8175307566778791,0.7759053104749098,0.7401312583773851,0.6330661101515104,0.4864455130551312,0.44277002236897434,0.38684963340145706,0.3426337851119833,0.6097128959418968
0.047,1.82172265687993,0.262462873502211,0.6150739235602735,0.7588035903699479,0.7533737861065231,0.5852211400671273,0.6749186889222726,0.7555167906995799,0.8143083731033063,0.828786463834757,0.7881321527807243,0.7530854436607457,0.6470520875241854,0.49973654464714823,0.45552521794813816,0.39855505800294,0.3533240105995895,0.6220597261904597
0.048,1.8556038251748252,0.2709263026841846,0.62896624094183,0.7705218103657211,0.7652091235419033,0.598455391867863,0.6880387129325589,0.7676946175422283,0.825177922156702,0.8392082496640784,0.7995386094605927,0.765236648232801,0.6603458760113481,0.5125434360363297,0.46786013029628126,0.4099177617612919,0.36372405136977504,0.6337697895647123
0.049,1.8893077598081953,0.2792134584784429,0.6422184807883624,0.7815169459949786,0.7763223809364147,0.6111169560367886,0.7004780664832406,0.7791240688934462,0.8352826115653933,0.8488693457805965,0.8101911462354277,0.7766454850662805,0.6729905830545848,0.5248899820914237,0.479793937670394,0.4209524942620978,0.37384603587201803,0.6448871435746567
0.05,1.9228358478260872,0.28733065354568343,0.6548662167906687,0.7918442683496479,0.786768163161662,0.6232379075313998,0.7122807099179874,0.7898608339834181,0.8446863642131497,0.8578354808518334,0.8201498578096308,0.7873671185795991,0.685026039977838,0.5367984596767037,0.49134464723195115,0.4316731110324781,0.3837013718193002,0.6554520623887038
0.051,1.9561894618386815,0.2952838498821876,0.6669427694279451,0.8015539532679538,0.7965960910666501,0.6348480848866915,0.7234871757028849,0.7999556884069793,0.8534468530105603,0.8661657621015889,0.8294691752512398,0.7974518346285266,0.6964890965698094,0.5482897476819442,0.5025291860083654,0.44209264456225406,0.3933008017389821,0.6655014234527558
0.052,1.9893699602076127,0.3030786845638467,0.6784793578053018,0.8106916332084536,0.8058513364662321,0.6459752776225044,0.7341348817835844,0.8094549967687955,0.8616162035085514,0.8739134400260405,0.8381984841784496,0.8069455425732038,0.7074138852116513,0.559383435814127,0.5133634833369468,0.4522233684359561,0.4026544533494637,0.6750690483705298
0.053,2.022378687230371,0.31072049323670003,0.6895052418061383,0.8192988804736795,0.8145750911319578,0.6566453953517448,0.7442584122449232,0.8184011569779721,0.8692416072575997,0.8811265735121147,0.8463826663067442,0.815890218471041,0.7178320580801647,0.5700979233492487,0.5238625457121949,0.46207685535202825,0.41177188531975195,0.684186004185209
0.054,2.0552169733218593,0.31821433157788603,0.7000478549436498,0.8274136314124506,0.822804978964297,0.6668826206158853,0.7538897690765569,0.8268329937353565,0.8763658585248156,0.8878486097723185,0.8540625749665445,0.8243242971186917,0.7277730005079646,0.5804505089017201,0.5340405248458291,0.4716640297071054,0.4206621289015686,0.6928808702815172
0.055,2.0878861351931333,0.32556499492633817,0.7101329283391218,0.8350705597288187,0.8305754191082875,0.676709547225866,0.7630585983654845,0.8347861076882026,0.8830278250250931,0.8941188912211621,0.8612754535843226,0.8322830195503695,0.7372640231945268,0.5904574721456491,0.5439107796522685,0.4809952153384929,0.42933372586519414,0.7011799753587582
0.056,2.1203874760273975,0.3327770362609085,0.7197846062808382,0.8423014057817092,0.8379179465974297,0.6861473056710852,0.771792393819055,0.8422931858219042,0.8892628616957742,0.8999730995239632,0.8680553047712721,0.8397987416591612,0.7463305356270291,0.6001341483145569,0.5534859327882571,0.49008017894495726,0.4377947631195058,0.7091076082817385
0.057,2.152722285653288,0.3398547826845113,0.7290255538300725,0.8491352677246038,0.8448614961291425,0.695215676972009,0.7801166801609137,0.8493842778903624,0.8951031751871351,0.9054436454759417,0.8744332165349393,0.846901208813025,0.7549962027798596,0.6094949962117325,0.562777922302182,0.49892816964284303,0.4460529043525271,0.7166862060755738
0.058,2.1848918407155025,0.34680235055598163,0.7378770569428723,0.855598859470761,0.8514326537539996,0.7039331961891362,0.7880551786294769,0.8560870430331684,0.900578145605439,0.9105600120593458,0.8804376511820081,0.8536178006636481,0.7632830869102283,0.6185536603807549,0.5717980488848577,0.5075479550598909,0.454115418990359,0.7239365218742801
0.059,2.2168974048428205,0.3536236593964308,0.7463591155706827,0.861716739745765,0.8576558805718352,0.712317246659245,0.7956299565371086,0.862426970170779,0.9057146110923611,0.9153490569316542,0.8860947016832222,0.8599737497742197,0.7712117760490104,0.627323028013173,0.5805570191578205,0.5159478543217512,0.46198920873873806,0.7308777752472428
0.06,2.2487402288135594,0.3603224446836534,0.7544905301913652,0.867511515880874,0.8635537119476338,0.7203841459061491,0.8028615626124351,0.8684275752930107,0.9105371200226756,0.9198352796804707,0.891428319598594,0.8659923372050656,0.7788015005961171,0.6358152811066102,0.5890649853864116,0.5241357682449419,0.4696808319420869,0.7375277870002865
0.061,2.280421550718512,0.3669022696364478,0.7622889822065004,0.8730040254876938,0.8691469352701773,0.7281492240651312,0.8097691496431916,0.8741105783488061,0.9150681549254206,0.9240410584096735,0.8964605180916599,0.8716950677803366,0.7860702392643875,0.6440419443305334,0.597331581962194,0.5321192070141141,0.47719652596913575,0.7439031002694871
0.062,2.3119425961214164,0.373366536080295,0.7697711086223001,0.8782134987208401,0.8744547488614886,0.7356268955656577,0.8163705857583874,0.8794960620957202,0.9193283316612302,0.9279868595714825,0.9012115530784202,0.8771018274032674,0.7930348154717757,0.6520139290075695,0.6053659589616929,0.5399053155901065,0.4845422278115442,0.750019089488111
0.063,2.343304578216989,0.3797184944766313,0.7769525714110803,0.8831577034672251,0.879494904292694,0.7428307247341224,0.8226825555327931,0.8846026149671433,0.9233365769029002,0.9316914244098797,0.9057000851456277,0.8822310244825607,0.7997109851556575,0.6597415735747383,0.6131768130554489,0.5475008970678632,0.4917235930620397,0.7558900586036162
0.064,2.3745086979865775,0.3859612531897223,0.7838481219288131,0.8878530754875316,0.884283834061817,0.7497734859056421,0.8287206519606645,0.8894474597564725,0.9271102865532841,0.9351719349154238,0.9099433245226407,0.8870997172703933,0.8061135168728514,0.6672346808505663,0.6207724160122822,0.5549124341792346,0.4987460134210211,0.761529329747094
0.065,2.4055561443514644,0.3920977870578407,0.7904716607424266,0.8923148352683876,0.888836766332738,0.7564672185699927,0.8344994602265516,0.8940465696940721,0.9306654673825858,0.938444161796135,0.9139571610914694,0.8917237286868469,0.812256264952364,0.6745025524000559,0.628160641017987,0.5621461091145799,0.5056146328650609,0.766949323407365
0.066,2.436448094323873,0.3981309453289251,0.7968362931987065,0.8965570931153811,0.8931678282151889,0.762923278020481,0.8400326340967329,0.8984147732997015,0.9340168638663247,0.941522596632432,0.9177562811629723,0.8961177500108026,0.8181522363830968,0.6815540202594351,0.635348987005009,0.5692078218185104,0.5123343625970385,0.7721616310324968
0.067,2.467185713155704,0.404063459015081,0.8029543810452564,0.9005929438212467,0.8972901388773912,0.7691523819249255,0.8453329656632862,0.9025658492257345,0.9371780719476496,0.9444205700966861,0.9213542725267285,0.9002954346488993,0.8238136520442343,0.6883974762559429,0.6423446011695557,0.5761032068987709,0.5189098948854707,0.7771770808695891
0.068,2.49777015448505,0.4098979477150736,0.8088375903931663,0.9044345520752778,0.9012158936209964,0.7751646531940632,0.850412449092371,0.9065126121612075,0.9401616412265645,0.9471503578720124,0.9247637190923979,0.9042694830482063,0.829252002820435,0.6950408991342409,0.6491542998347992,0.5828376492727814,0.5253457158898382,0.7820057977567627
0.069,2.5282025604805307,0.4156369259493231,0.814496936291099,0.9080932296350465,0.9049564399083694,0.7809696594839411,0.8552823389575251,0.9102669907404184,0.9429791668884371,0.9497232756940175,0.9279962862767529,0.9080517196915414,0.8344781010861049,0.7014918796800143,0.6557845878030175,0.5894162986636178,0.5316461175591208,0.7866572574971193
0.07,2.5584840619834717,0.4212828090477174,0.8199428241614463,0.9115795051563366,0.9085223462115849,0.7865764496344873,0.8599532036763906,0.9138400982897206,0.9456413725202016,0.9521497647579449,0.9310627981491387,0.9116531630041298,0.8395021279919641,0.7077576440125923,0.662241676325457,0.595844083045878,0.5378152086822272,0.7911403363712355
0.071,2.5886157786479798,0.42683791862684983,0.8251850883311838,0.9149031874688899,0.911923464448022,0.7919935873159962,0.8644349745142392,0.9172422971501293,0.9481581848210577,0.9544394685775343,0.9339733072256287,0.9150840889042386,0.8443336769419622,0.7138450752017409,0.6685314998061966,0.6021257211318523,0.5438569251614123,0.795463356280931
0.072,2.6185988190789473,0.4323044876898976,0.8302330278730377,0.9180734229916312,0.9151689866767491,0.7972291821281796,0.8687369905690053,0.9204832572293784,0.9505388010918792,0.9566013022471488,0.9367371576958545,0.9183540886465448,0.8489817936086028,0.7197607333488835,0.6746597313451146,0.608265733979503,0.5497750395729912,0.7996341259612917
0.073,2.6484342809680066,0.43768466537936346,0.8350954399566198,0.9210987478994176,0.918267496651033,0.8022909183723461,0.8728680401094695,0.92357200936355,0.9527917502812544,0.9586435149421884,0.9393630427740682,0.9214721215336271,0.8534550127992814,0.7255108742596986,0.6806317972150984,0.6142684557958143,0.5555731700735917,0.8036599786491325
0.074,2.678123251227496,0.4429805214101754,0.8397806508942544,0.9239871355822948,0.9212270167535825,0.807186081695816,0.8768363986000792,0.9265169940039123,0.9549249482737228,0.960573746391813,0.9418590567854954,0.9244465630067146,0.8577613924547505,0.7311014668231492,0.6864528903597273,0.6201380440020177,0.5612547887047796,0.807547806553307
0.075,2.707666806122449,0.44819405020818637,0.8442965450522841,0.9267460398762365,0.9240550507811389,0.8119215837885126,0.8806498637120033,0.9293261056879409,0.9569457480253658,0.9623990779703264,0.9442327425287756,0.9272852485703889,0.8619085450328142,0.7365382092013082,0.6921279829896647,0.6258784886208606,0.5668232291439985,0.8113040924346723
0.076,2.7370660114006515,0.45332717477692897,0.8486505917857008,0.9293824344901604,0.926758622992559,0.8165039852945831,0.8843157875899399,0.9320067337036668,0.9588609850818209,0.9641260789773051,0.9464911343938784,0.929995513956378,0.8659036665054428,0.7418265439248135,0.6976618383488569,0.6314936210404852,0.5722816939454478,0.8149349385704565
0.077,2.7663219224207958,0.45838175031346085,0.852849870541889,0.9319028490065523,0.9293443137885306,0.82093951708657,0.8878411066173937,0.9345657993125467,0.9606770189525218,0.9657608486101026,0.948640797661082,0.932584231887891,0.8697535631752416,0.7469716719801592,0.7030590217151881,0.6369871222043859,0.5776332613105495,0.8184460933486072
0.078,2.7954355842787684,0.4633595675923605,0.8569010942681422,0.9343134017914136,0.9318182923507129,0.8252341000359664,0.8912323688992841,0.9370097898573014,0.9623997707613947,0.9673090540743526,0.95068786435943,0.935057845767456,0.8734646764973876,0.7519785659673364,0.7083239106944939,0.6423625302724383,0.5828808914241795,0.8218429757119692
0.079,2.824408031932094,0.4682623561352883,0.8608106312472633,0.936619830112659,0.9341863465325766,0.8293933634016678,0.8944957596594575,0.9393447900468909,0.9640347575472517,0.9687759652273624,0.9526380660216072,0.9374224005772025,0.8770431060753894,0.7568519823993561,0.713460704861608,0.6476232477938916,0.5880274323896247,0.8251306976493615
0.08,2.8532402903225806,0.473091787182061,0.8645845254760276,0.9388275177339014,0.9364539102629592,0.833422661946802,0.8976371247316537,0.9415765106804658,0.9655871235458838,0.9701664861048638,0.9544967636356975,0.9396835712504567,0.88049463098316,0.7615964732089435,0.7184734347974573,0.6527725484295903,0.5930756257923796,0.8283140849104691
0.081,2.881933374497184,0.4778494764778425,0.8682285156924672,0.9409415202221689,0.9386260886957598,0.8373270918844795,0.9006619923054783,0.9437103150452554,0.9670616687495913,0.9714851836426072,0.9562689750621145,0.9418466887468592,0.8838247295516635,0.7662163965220192,0.7233659705669813,0.6578135832573975,0.5980281119203072,0.8313976961035596
0.082,2.9104882897271267,0.4825369868898578,0.8717480531497931,0.942966588183034,0.9407076813148161,0.8411115057440677,0.903575593073701,0.9457512431994851,0.9684628750079421,0.9727363138700302,0.9579594001556023,0.9439167640395847,0.8870385977456285,0.7707159267524875,0.7281420296788375,0.6627493866918355,0.6028874346653545,0.8343858403191575
0.083,2.9389060316253004,0.48715583086590986,0.875148318227271,0.9449071886144575,0.9427032031814278,0.8447805262415289,0.9063828789135487,0.9477040343302107,0.9697949299053806,0.9739238458230908,0.9595724438070987,0.9458985102022325,0.8901411662443658,0.7750990640682263,0.7328051845644028,0.6675828820462886,0.6076560461298826,0.8372825934086506
0.084,2.9671875862619808,0.4917074727460039,0.8784342359614408,0.9467675245510186,0.9446169044928666,0.8483385592300985,0.9090885402224159,0.9495731473570775,0.9710617486264157,0.9750514833967797,0.9611122370980199,0.9477963627642816,0.8931371163304084,0.7793696432739917,0.73735886961046,0.672316886763707,0.6123363109587765,0.840091813034214
0.085,2.9953339302788846,0.4961933309374479,0.8816104905746979,0.9485515531527696,0.946452788603228,0.8517898058009928,0.9116970220173981,0.9513627799361953,0.9722669939971037,0.976122685334377,0.962582656739817,0.9496144984873577,0.8960308946804167,0.7835313421531571,0.7418063877771128,0.6769541173395597,0.616930510416739,0.8428171525951828
0.086,3.02334603100159,0.5006147799629961,0.8846815390723841,0.9502630023774845,0.9482146286428914,0.8551382735979167,0.9142125388981663,0.9530768860033106,0.9734140948720361,0.9771406835297802,0.9639873429541541,0.9513568526997246,0.8988267271444289,0.78758768930678,0.7461509168299227,0.6814971939588279,0.6214408462286164,0.8454620741259745
0.087,3.0512248465503564,0.504973152390813,0.8876516239741115,0.9519053863612952,0.9499059828594101,0.8583877874037386,0.9166390889637674,0.954719191982049,0.9745062630187371,0.9781084998008779,0.9653297159334889,0.9530271353131456,0.9015286315919795,0.7915420715253451,0.7503955152129037,0.6859486448670253,0.6258694441991457,0.8480298602516575
0.088,3.0789713259493667,0.5092697406543789,0.8905247852400768,0.9534820196204444,0.9515302087906812,0.8615419990528423,0.9189804667659124,0.9562932117710073,0.9755465086360091,0.9790289612756712,0.9666129910079924,0.9546288456344239,0.9041404298968059,0.7953977407257141,0.7545431275869112,0.6903109104936188,0.6302183576272307,0.8505236252792316
0.089,3.1065864092344118,0.5135057987697986,0.8933048714485258,0.9549960301759405,0.953090476370543,0.8646043967182286,0.9212402753740512,0.9578022606127387,0.9765376546290905,0.979904714518402,0.9678401926323812,0.9561652860733023,0.9066657591256856,0.7991578204832145,0.7585965900560037,0.6945863473447422,0.6344895705286474,0.852946325495449
0.09,3.1340710275590546,0.5176825439574199,0.8959955502762995,0.9564503716931233,0.9545897800573959,0.8675783136184295,0.9234219376209842,0.9592494679380394,0.9774823497523134,0.9807382385101103,0.9690141672952219,0.9576395748389099,0.909108081991377,0.8028253121864467,0.7625586351026198,0.6987772316807622,0.6386850006800094,0.8553007687355374
0.091,3.1614261032992927,0.5218011581741315,0.8986003183305152,0.9578478347194124,0.9560309500678864,0.8704669361856437,0.9255287065918365,0.9606377892703114,0.9783830807190933,0.9815318565866157,0.9701375954434068,0.9590546577083932,0.9114706966245801,0.8064031008402522,0.7664318962507898,0.70288576299303,0.6428065024958223,0.857589623281347
0.092,3.1886525501567395,0.525862789562233,0.9011225103758362,0.959191057095676,0.9574166627900277,0.8732733117331737,0.9275636754138544,0.961970017266999,0.9792421833693865,0.9822877474267371,0.9712130025056864,0.9604133189437123,0.9137567457152473,0.8098939605403119,0.7702189124751423,0.7069140672930401,0.6468558697495672,0.8598154261422017
0.093,3.2157512732603597,0.5298685538203176,0.9035653079984922,0.9604825336096412,0.9587494504432538,0.8760003556572231,0.9295297863996268,0.9632487919681202,0.9800618529760837,0.9830079551744846,0.9722427690912467,0.961718191425681,0.9159692250694137,0.8133005596410607,0.7739221323721234,0.710864200226207,0.6508348381489131,0.8619805907670129
0.094,3.2427231692667706,0.5338195355012239,0.905931747745169,0.9617246249534683,0.9600317100467289,0.8786508582053485,0.9314298395919252,0.9644766103156164,0.9808441537640546,0.9836943987708373,0.9732291404322345,0.9629717660681214,0.918110991623939,0.8166254656369709,0.7775439181086212,0.7147381500215388,0.6547450877744131,0.8640874142319345
0.095,3.2695691264591438,0.5377167892417134,0.9082247287720813,0.9629195660419463,0.9612657117516769,0.8812274908413419,0.9332665007543576,0.9656558350015767,0.9815910277086083,0.98434888056347,0.9741742351327725,0.9641764005694085,0.9201847709581086,0.8198711497757485,0.7810865491620682,0.7185378402876459,0.6585882453903444,0.8661380839440069
0.096,3.2962900248447204,0.5415613409282207,0.9104470200369579,0.9640694737426742,0.9624536065884944,0.8837328122340196,0.9350423088483943,0.9667887026982704,0.9823043026738985,0.984973094256291,0.9750800532812914,0.9653343275536275,0.9221931643379137,0.8230399914206237,0.7845522258650599,0.7222651326647456,0.6623658866357136,0.8681346838977396
0.097,3.322886736250968,0.5453541888026785,0.9126012670642921,0.9651763540650038,0.9635974336749067,0.8861692738952885,0.936759683034018,0.9678773317183011,0.9829856999462058,0.9855686322548306,0.9759484839778574,0.9664476621490086,0.9241386553259766,0.8261342821776521,0.7879430727665891,0.7259218293416101,0.6660795381028732,0.87007920051844
0.098,3.349360124420402,0.5490963045121579,0.9146899983120041,0.9662421088503819,0.9646991269273538,0.8885392254909372,0.9384209292282418,0.9689237291490149,0.9836368412119995,0.9861369924582941,0.9767813123235395,0.9675184090471753,0.9260236159874867,0.8291562298027889,0.7912611418211268,0.7295096754457641,0.6697306793106551,0.8719735281232351
0.099,3.375711045104086,0.5527886341057775,0.9167156311656435,0.9672685420029932,0.9657605213141274,0.8908449198458355,0.940028246252998,0.9699297975015094,0.9842592550261455,0.9866795845443983,0.9775802259146844,0.9685484690830148,0.9278503127201357,0.8321079619024406,0.7945084154159855,0.7330303613146325,0.6733207445784393,0.8738194740281523
0.1,3.401940346153846,0.5564320989821133,0.9186804775843843,0.9682573652962342,0.9667833586854506,0.8930885176636115,0.9415837316013982,0.9708973409111648,0.9848543828115546,0.9871977357888877,0.978346820881188,0.9695396453715937,0.9296209117338746,0.8349915294402193,0.7976868092466673,0.7364855246547986,0.676851124807123,0.87561876332727
0.101,3.4280488676132004,0.5600275967900885,0.9205867494213412,0.9692102037874918,0.9677692932126932,0.8952720919793941,0.9430893868490854,0.9718280709235056,0.9854235844278801,0.9876926964578282,0.9790826075044472,0.9704936490354784,0.9313374842043276,0.8378089100617299,0.8007981750492262,0.7398767525960213,0.6803231691725394,0.8773730433678129
0.102,3.4540374418070443,0.5635760022861402,0.9224365634391373,0.9701286008709358,0.9687198964661857,0.8973976323628442,0.9445471227353164,0.9727236118963852,0.9859681433435571,0.9881656448073501,0.9797890154475921,0.9714121045530368,0.9330020111218859,0.8405620112483929,0.8038443031980511,0.743205583646205,0.6837381867364904,0.8790838879431306
0.103,3.4799068934300994,0.5670781681502558,0.9242319460401851,0.9710140229955334,0.9696366621586316,0.899467048887456,0.945958763936504,0.9735855060469172,0.9864892714424689,0.9886176917224232,0.9804673986278024,0.9722965547557675,0.9346163878568403,0.8432526733105481,0.8068269251769085,0.746473509553087,0.6870974479802072,0.8807528012237263
0.104,3.5056580396341466,0.5705349257632901,0.925974837729775,0.9718678640732161,0.9705210105788684,0.9014821758809504,0.947326053553209,0.9744152181692483,0.9869881134938198,0.9890498850234586,0.9811190397579858,0.9731484655004058,0.9361824284593894,0.8458826722293731,0.8097477159305463,0.7496819770780043,0.6904021862647244,0.8823812214448954
0.105,3.5312916901140685,0.5739470859478266,0.9276670973288125,0.9726914496000681,0.9713742927386978,0.9034447754705346,0.948650657329977,0.9752141400471482,0.9874657513113266,0.9894632134670106,0.9817451545828009,0.9739692300394661,0.9377018697119596,0.8484537223565156,0.8126082961036829,0.7528323896867594,0.6936535992223536,0.8839705243680612
0.106,3.5568086471927165,0.5773154396746805,0.9293105059518759,0.9734860405115289,0.9721977942536474,0.9053565409358235,0.9499341676259505,0.9759835945834566,0.9879232076256258,0.9898586104645718,0.9823468958319208,0.974760173111969,0.9391763749499954,0.8509674789797284,0.8154102341737477,0.7559261091622508,0.6968528500831639,0.8855220265315605
0.107,3.582209705904618,0.5806407587370038,0.9309067707651929,0.9742528367908946,0.9729927389768429,0.9072190998813198,0.9511781071528476,0.9767248396666671,0.9883614496917612,0.990236957541391,0.9829253569115423,0.9755225547743699,0.9406075376661948,0.8534255407622505,0.818155048483322,0.7589644571432331,0.7000010689401157,0.8870369883054037
0.108,3.60749565407855,0.5839237963938342,0.9324575285381318,0.9749929808488521,0.9737602924036329,0.9090340172395265,0.9523839324956694,0.9774390717933222,0.9887813926517973,0.9905990875553702,0.9834815753534226,0.9762575739901178,0.941996884912083,0.855829452063161,0.820844209177849,0.7619487165932897,0.7030993539562644,0.8885166167634135
0.109,3.6326672724189906,0.5871652879847911,0.9339643490008867,0.9757075606903586,0.9745015648632059,0.9108027981150004,0.953553037430368,0.9781274294634255,0.9891839026709272,0.9909457876944049,0.984016536039161,0.9769663719948285,0.9433458805098232,0.8581807051454634,0.8234791400538176,0.7648801332038262,0.7061487725172206,0.8899620683851289
0.11,3.657725334586466,0.5903659515175277,0.9354287380201731,0.9763976128838927,0.9752176145121632,0.9125268904789473,0.9546867560516662,0.9787909963647329,0.9895697998639362,0.991277802268984,0.984531174216008,0.9776500354527308,0.9446559280862402,0.8604807422782149,0.8260612203222961,0.7677599167346605,0.7091503623318549,0.8913744515989152
0.111,3.6826706072768194,0.5935264882294369,0.9368521406039607,0.9770641253469204,0.9759094501438422,0.9142076877233126,0.9557863657232715,0.9794308043605658,0.9899398610275015,0.9915958353154732,0.9850263783191924,0.9783095994188374,0.945928373940194,0.8627309577386131,0.8285917862923834,0.7705892422955464,0.7121051324840448,0.8927548291768702
0.112,3.7075038502994015,0.5966475831250104,0.9382359437455366,0.9777080399603435,0.9765780338261171,0.9158465310827164,0.9568530898618411,0.9800478362946587,0.990294822192554,0.9919005530242282,0.985502992614559,0.9789460501201849,0.947164509753653,0.8649326997195712,0.8310721329788631,0.7733692515717683,0.7150140644380838,0.8941042204913185
0.113,3.73222581665422,0.5997299054901688,0.9395814791165038,0.9783302550237107,0.9772242833794258,0.9174447119320214,0.957888100565252,0.9806430286255302,0.990635381009783,0.9921925860055261,0.9859618196742305,0.9795603275684704,0.9483655751561054,0.8670872721479663,0.8335035156380723,0.7761010539967381,0.7178781130002078,0.8954236036419698
0.114,3.7568372526080482,0.6027741093847938,0.9408900256176942,0.9789316275620755,0.977849074705884,0.9190034739668146,0.9588925210949787,0.9812172739019244,0.9909621989803222,0.9924725314052512,0.9864036226970151,0.9801533280154889,0.949532760151277,0.869195936418417,0.8358871512357638,0.7787857278743588,0.7206982072385513,0.8967139174621566
0.115,3.7813388977695173,0.6057808341146138,0.9421628117963821,0.9795129754945504,0.9784532439795186,0.9205240152735955,0.9598674282216998,0.9817714230900026,0.9912759035427035,0.9927409548813056,0.9868291276843714,0.9807259062619156,0.9506672074145136,0.8712599130471474,0.8382242198504951,0.781424321453733,0.7234752513636882,0.8979760634119385
0.116,3.8057314851632054,0.6087507046835334,0.9434010181376395,0.9800750796738597,0.9790375897069096,0.9220074902960259,0.960813854442614,0.9823062877621745,0.9915770900262882,0.9929983924508404,0.9872390254819149,0.9812788778292006,0.951770014468619,0.8732803832502133,0.8405158660158774,0.7840178539586531,0.7262101255717988,0.899210907365322
0.117,3.8300157413027387,0.6116843322274128,0.9446057792371706,0.9806186858054926,0.9796028746668354,0.9234550117031859,0.9617327900783664,0.9828226421567273,0.9918663234805999,0.9932453522175994,0.9876339736956882,0.9818130210036221,0.9528422357454138,0.8752584904501004,0.8427632000048129,0.7865673165741589,0.728903686852369,0.900419281298309
0.118,3.854192386262925,0.6145823144302621,0.9457781858624842,0.9811445062544243,0.9801498277368869,0.9248676521653951,0.9626251852569379,0.9833212251167425,0.9921441403892429,0.9934823159879401,0.9880145984917219,0.9823290787608823,0.9538848845397961,0.8771953417144691,0.8449672990586632,0.7890736733923064,0.7315567697622185,0.9016019848840172
0.119,3.878262133750921,0.6174452359237431,0.9469192869088326,0.9816532217467847,0.9806791456144296,0.9262464460428058,0.9634919517913569,0.9838027419161735,0.9924110502764332,0.9937097407834228,0.988381496286771,0.9828277605790242,0.954898934862635,0.8790920091305844,0.8471292085641192,0.7915378623191769,0.7341701871675503,0.9027597870006848
0.12,3.902225691176471,0.6202736686708186,0.9480300912559307,0.9821454829733217,0.9811914944387612,0.927592390991647,0.9643339649576268,0.9842678659803904,0.9926675372135502,0.9939280602572468,0.9887352353375264,0.9833097441468879,0.9558853231984115,0.8809495311187666,0.8492499431803846,0.7939607959450281,0.7367447309556112,0.903893427157945
0.121,3.9260837597212035,0.62306817233435,0.9491115695310923,0.9826219121010049,0.9816875113208204,0.9289064494926886,0.9651520651788302,0.9847172405079748,0.9929140612325629,0.9941376860212573,0.9890763572350627,0.983775676974806,0.9568449501731346,0.8827689136879943,0.8513304879191299,0.7963433623793815,0.739281172717463,0.9050036168464125
0.122,3.9498370344070275,0.6258292946313846,0.9501646557840684,0.9830831041986645,0.9821678057863455,0.9301895503062128,0.9659470596209837,0.9851514800000675,0.9931510596526654,0.9943390088897262,0.9894053783107853,0.9842261779137699,0.9577786821377045,0.8845511316366124,0.853371799179538,0.7986864260527424,0.7417802644032763,0.9060910408152516
0.123,3.9734862041636227,0.6285575716738334,0.9511902490785367,0.983529628582139,0.982632961137966,0.9314425898575123,0.9667197237058378,0.9855711717031268,0.9933789483259856,0.9945324000456424,0.9897227909596858,0.9846618385888505,0.9586873526715555,0.8862971297009207,0.8553748057406223,0.8009908284865424,0.7442427389514794,0.907156358282088
0.124,3.9970319518950435,0.6312535282962071,0.9521892150048934,0.9839620300840184,0.9830835357413263,0.932666433556691,0.9674708025454866,0.9859768769705466,0.9935981228078008,0.9947182121348169,0.9900290648862947,0.985083224752263,0.9595717640111125,0.8880078236542642,0.8573404097128894,0.8032573890328162,0.7466693108930151,0.9082002040793371
0.125,4.020474954545455,0.6339176783710285,0.9531623871187047,0.9843808302527148,0.9835200642399817,0.9338619170563094,0.9682010123033259,0.9863691325482034,0.9938089594562872,0.9948967802927071,0.990324648278334,0.9854908775610833,0.9604326884072973,0.8896841013590906,0.8592694874512875,0.805486905585034,0.7490606769318983,0.9092231897407352
0.126,4.043815883164006,0.6365505251125159,0.9541105683089102,0.9847865284852596,0.9839430587034818,0.9350298474502049,0.9689110414856124,0.986748451788653,0.994011816466473,0.9950684231085024,0.9906099689127152,0.9858853147842854,0.9612708694160618,0.891326823774303,0.8611628904312867,0.8076801552614312,0.7514175165031852,0.9102259045316209
0.127,4.0670554029688635,0.6391525613690812,0.9550345320996244,0.9851796030979266,0.9843530097127497,0.9361710044166139,0.9696015521675982,0.9871153257983758,0.9942070348427168,0.995233443530681,0.9908854351982008,0.986267031943443,0.9620870231256702,0.8929368259201028,0.8630214460898256,0.8098378950621075,0.753740492309418,0.911208916426264
0.128,4.090194173410405,0.6417242699051788,0.9559350238891464,0.9855605123384961,0.9847503873865906,0.9372861413085412,0.9702731811579657,0.9874702245221662,0.9943949393137311,0.9953921297179334,0.9911514371587438,0.9866365033911524,0.9628818393242287,0.8945149178023974,0.864845958632775,0.8119608625010974,0.7560302508365421,0.9121727730353416
0.129,4.113232848233598,0.6442661236729921,0.956812762129571,0.9859296953437179,0.9851356423528959,0.9383759861941404,0.9709265411050496,0.9878135977684914,0.9945758391938774,0.9955447558390705,0.9914083473612405,0.9869941833309509,0.9636559826107367,0.8960618852987281,0.8666372098104693,0.8140497762145491,0.7582874228502423,0.9131180024864428
0.13,4.136172075539569,0.6467785860744251,0.9576684394501929,0.9862875730452887,0.9855092066678773,0.9394412428497146,0.9715622215481138,0.9881458761793822,0.994750029194196,0.9956915828252694,0.9916565217911718,0.9873405067822604,0.9644100934527411,0.897578491007567,0.868395959662781,0.8161053365460842,0.7605126238735904,0.9140451142603033
0.131,4.159012497846375,0.6492621112138433,0.9585027237277067,0.9866345490274386,0.9858714946864375,0.9404825917077846,0.972180789916749,0.9884674721481864,0.9949177901863941,0.9958328590777705,0.9918963006793711,0.987675890493644,0.9651447891934822,0.8990654750627352,0.8701229472351332,0.8181282261103643,0.7627064546468537,0.9149545999853009
0.132,4.181754752148998,0.6517171441419751,0.9593162591060241,0.9869710103390142,0.9862229038865798,0.941500690762539,0.9727827924812639,0.9887787806882913,0.9950793899227829,0.9959688211339182,0.9921280092829349,0.9880007338074548,0.9658606650112491,0.9005235559145874,0.8718188912667677,0.820119110335823,0.7648695015702625,0.9158469341925742
0.133,4.204399469978556,0.6541441210913796,0.9601096669683683,0.9872973282627552,0.986563815650568,0.9424961764348412,0.9733687552567672,0.9890801802557198,0.9952350837149513,0.9960996942942307,0.992351958623087,0.9883154194787434,0.9665582948334956,0.9019534310795363,0.8734844908525236,0.8220786379874854,0.7670023371304997,0.9167225750339852
0.134,4.226947277460771,0.6565434697038386,0.9608835468641479,0.9876138590442853,0.9868945960053715,0.9434696643988443,0.9739391848634747,0.989372033528315,0.995385115073772,0.9962256932129988,0.9925684461826201,0.9886203144511145,0.9672382322081208,0.9033557778593853,0.8751204260793104,0.8240074416707385,0.769105520311628,0.917581964964997
0.135,4.249398795373666,0.658915609250041,0.961638477392968,0.9879209445831719,0.9872155963247642,0.9444217503721513,0.9744945693456165,0.989654688144052,0.9955297163131529,0.9963470224547338,0.9927777565653598,0.9889157705920425,0.9679010111341705,0.9047312540318808,0.8767273586384028,0.8259061383168799,0.7711795969911416,0.9184255313944211
0.136,4.271754639204546,0.6612609508418841,0.9623750170480001,0.9882189130882578,0.9875271539952941,0.9453530108713438,0.9750353789511816,0.9899284774008494,0.9956691091197852,0.9964638770186295,0.9929801621199369,0.9892021253899941,0.9685471468540878,0.9060804985138038,0.8783059324146222,0.8277753296512247,0.7732251003217854,0.9192536873028531
0.137,4.294015419206238,0.663579897637717,0.9630937050208042,0.9885080796993273,0.9878295930482007,0.9462640039346057,0.9755620668746001,0.9901937209201086,0.9958035050909895,0.9965764428330496,0.9931759235299992,0.989479702615562,0.9691771366095131,0.9074041319978609,0.8798567740534219,0.829615602644516,0.7752425510997597,0.9200668318315195
0.138,4.316181740452617,0.6658728450408187,0.9637950619695785,0.9887887470770347,0.9881232247592199,0.9471552698130651,0.9760750699643375,0.9904507252760573,0.9959331062426126,0.9966848972219143,0.9933652903728586,0.989748812948666,0.9697914603625213,0.9087027575645662,0.8813804935068346,0.8314275299483416,0.7772324581198904,0.9208653508431349
0.139,4.338254202893437,0.6681401808914047,0.9644795907526992,0.9890612059629044,0.9884083482180993,0.9480273316323945,0.9765748093972602,0.9906997845928516,0.9960581054888054,0.9967894093447357,0.9935485016484353,0.9900097545737554,0.9703905814840714,0.9099769612702433,0.8828776845591988,0.8332116703152312,0.7791953185183217,0.9216496174562903
0.14,4.360233401408451,0.6703822856524253,0.9651477771293065,0.9893257357110937,0.9886852508695293,0.9488806960261195,0.9770616913215213,0.9909411811112621,0.9961786870953836,0.9968901406119272,0.9937257862802414,0.9902628137448187,0.9709749474113448,0.9112273127122188,0.8843489253335322,0.8349685690040692,0.7811316181032546,0.9224199925547859
0.141,4.382119925860858,0.6725995325894194,0.9658000904285983,0.9895826047935079,0.9889542090270892,0.9497158537420096,0.9775361074696147,0.9911751857266596,0.996295027108365,0.9969872450769092,0.993897363590036,0.9905082653219012,0.9715449902755529,0.9124543655722268,0.8857947787793762,0.8366987581714314,0.7830418316742337,0.9231768252732467
0.142,4.40391436115007,0.6747922879446598,0.9664369841893952,0.9898320712797543,0.9892154883617102,0.9505332802228487,0.9779984357431456,0.991402058499907,0.9964072937591693,0.997080869806426,0.9940634437476761,0.9907463732807186,0.9721011275017021,0.9136586581389863,0.8872157931428999,0.8384027572494234,0.7849264233304577,0.9239204534602775
0.143,4.4256172872638215,0.676960911105833,0.9670588967714585,0.9900743832933332,0.9894693443660626,0.9513334361628134,0.9784490407707824,0.9916220491426658,0.9965156478478724,0.9971711552303991,0.9942242281975946,0.990977391196864,0.9726437623817269,0.9148407138108712,0.8886125024200078,0.8400810733105691,0.7867858467685639,0.9246512041203323
0.144,4.447229279329609,0.6791057547694599,0.9676662519399588,0.9903097794453758,0.9897160227961898,0.9521167680406203,0.9788882744407662,0.9918353974785358,0.9966202431058145,0.9972582354725512,0.9943799100632424,0.9912015627060077,0.9731732846223148,0.9160010415795422,0.8899854267931628,0.8417342014202742,0.7886205455703202,0.9253693938354188
0.145,4.468750907665505,0.6812271650992799,0.9682594594244149,0.9905384892471603,0.9899557600916311,0.952883708630543,0.9793164764092764,0.9920423338813544,0.9967212265387776,0.9973422386629556,0.9945306745307498,0.99141912194141,0.9736900708686813,0.9171401364953702,0.891335073052604,0.8433626249773631,0.7904309534806337,0.9260753291676788
0.146,4.49018273783032,0.68332548187979,0.9688389154533552,0.9907607335025627,0.9901887837752016,0.95363467749234,0.97973397458588,0.9922430796919092,0.9968187387518709,0.9974232872335914,0.9946766992129847,0.991630293949983,0.9741944852054776,0.9182584801154342,0.8926619350025983,0.8449668160431643,0.7922174946762657,0.9267693070438302
0.147,4.511525330673144,0.6854010386651304,0.9694050032658806,0.9909767246815279,0.9904153128335232,0.95437008144108,0.9801410855972181,0.9924378476142348,0.9969129142571909,0.9975014981979118,0.9948181544951105,0.9918352950880664,0.9746868796359528,0.9193565409348463,0.8939664938533467,0.8465472356595991,0.7939805840256237,0.9274516151224077
0.148,4.532779242382271,0.687454162923498,0.9699580936012483,0.9911866672755842,0.9906355580793416,0.955090314997799,0.9805381152300255,0.9926268420926014,0.9970038817652521,0.9975769834153707,0.9949552038626776,0.9920343333980101,0.9751675945404293,0.9204347748021124,0.8952492185991248,0.8481043341567038,0.7957206273399899,0.9281225321446634
0.149,4.553945024533518,0.6894851761772605,0.9704985451675335,0.9913907581363612,0.9908497224965979,0.9557957608218761,0.9809253588545092,0.9928102596702311,0.9970917644611245,0.9976498498417907,0.995088004213224,0.9922276089665936,0.9756369591150927,0.9214936253192065,0.8965105663832184,0.8496385514500006,0.7974380216165183,0.9287823282699716
0.15,4.575023224137931,0.69149439413893,0.9710267050903719,0.9915891867980143,0.9910580015691685,0.956486790125968,0.9813031018290641,0.992988289330721,0.9971766802661546,0.9977201997663983,0.9952167061522939,0.9924153142662522,0.9760952917920441,0.9225335242270037,0.8977509828501847,0.8511503173281076,0.7991331552733252,0.9294312653965029
0.151,4.596014383688919,0.693482126843161,0.9715429093427294,0.9917821357844087,0.9912605835941342,0.957163763074299,0.9816716198872447,0.9931611128230937,0.9972587420860914,0.9977881310363027,0.9953414542747342,0.9925976344800191,0.9765429006415133,0.9235548917766858,0.8989709024859489,0.8526400517309691,0.8008064083769828,0.9300695974679092
0.152,4.616919041208791,0.6954486787749126,0.9720474831565987,0.9919697809018618,0.9914576499803869,0.9578270291650623,0.9820311795078615,0.9933289049713385,0.9973380580463878,0.997853737269143,0.9954623874320737,0.9927747478110442,0.9769800837570797,0.9245581370877015,0.9001707489462157,0.8541081650190587,0.8024581528627052,0.9306975707667163
0.153,4.637737730294723,0.6973943489939234,0.9725407414174753,0.9921522915182015,0.9916493755333382,0.9584769275976521,0.9823820382690265,0.9934918339692629,0.997414731715401,0.9979171080545818,0.9955796389867425,0.9929468257774975,0.9774071296247072,0.9255436584928424,0.9013509353736637,0.8555550582339042,0.8040887527475093,0.9313154241950746
0.154,4.658470980164159,0.6993194312556308,0.9730229890424151,0.9923298308288477,0.9918359287264488,0.9591137876254049,0.9827244451869258,0.9936500616614207,0.9974888623161718,0.9979783291452873,0.9956933370538444,0.9931140334936206,0.9778243174763549,0.9265118438709614,0.9025118647043596,0.8569811233502592,0.8056985643366196,0.931923389543489
0.155,4.679119315699658,0.7012242141286682,0.9734945213424454,0.9925025561105915,0.9920174719602564,0.9597379288945004,0.9830586410400549,0.993803743810843,0.9975605449274194,0.9980374826379971,0.9958036047311521,0.9932765299376437,0.978231917628884,0.9274630709678426,0.9036539299638154,0.8583867435202358,0.8072879364233688,0.932521691748121
0.156,4.699683257493189,0.7031089811090574,0.9739556243700475,0.992670618963701,0.9921941618095422,0.9603496617696344,0.9833848586796141,0.9939530303542542,0.9976298706743498,0.9980946471452278,0.9959105603179559,0.9934344682072469,0.9786301918089482,0.9283977077057026,0.904777514553091,0.8597722933096975,0.808857210482842,0.9331105491372057
0.157,4.7201633218898715,0.7049740107312226,0.9744065752524054,0.9928341655429521,0.9923661492592404,0.960949287647049,0.9837033233267243,0.9940980656454184,0.9976969269098429,0.9981498979581565,0.9960143175233596,0.993587995763204,0.9790193934645146,0.9293161124817855,0.9058829925253262,0.861138138927201,0.8104067208594959,0.9336901736671134
0.158,4.740560021031208,0.7068195766759302,0.9748476425110691,0.9929933367781453,0.9925335799296577,0.9615370992554755,0.9840142528570877,0.9942389886872242,0.9977617973865456,0.9982033072011679,0.9961149856645836,0.9937372546618134,0.9793997680636315,0.9302186344564894,0.9069707288530723,0.862484638445759,0.8119367949489773,0.9342607711485551
0.159,4.760873862897766,0.7086459478752702,0.9752790863686548,0.9931482685846413,0.9926965942915434,0.9621133809455167,0.9843178580736868,0.9943759333530822,0.9978245624203683,0.998254943978532,0.9962126698558009,0.9938823817766849,0.9797715533810284,0.9311056138314447,0.9080410796867708,0.8638121420176889,0.8134477533743549,0.9348225414633926
0.16,4.781105351351352,0.7104533886147756,0.9757011590431692,0.9932990920644155,0.992855327871517,0.9626784089679736,0.9846143429680809,0.9945090285981759,0.9978852990458541,0.9983048745136486,0.9963074711880026,0.99402350901042,0.9801349797731004,0.9319773821179423,0.9090943926047201,0.8651209920827977,0.8149399101569665,0.9353756787725029
0.161,4.801254986176669,0.712242158632784,0.9761141050305183,0.9934459336981055,0.9930099114483323,0.9632324517415911,0.9849039049708354,0.9946383986610802,0.9979440811638584,0.9983531622812688,0.9963994869003616,0.9941607634966952,0.9804902704418061,0.9328342623960966,0.9101310068548484,0.8664115235701451,0.816413572882081,0.9359203717151188
0.162,4.821323263122477,0.714012513217133,0.9765181613757302,0.9935889155285008,0.9931604712404338,0.9637757701106789,0.9851867351915838,0.9947641632562283,0.9980009796819564,0.9983998681330795,0.9964888105435352,0.9942942677932248,0.9808376416879777,0.9336765695651053,0.9111512535886025,0.8676840640936143,0.817869042859559,0.9364568036000361
0.163,4.841310673942244,0.7157647032992798,0.9769135579333963,0.993728155335895,0.9933071290852317,0.9643086175930421,0.9854630186492078,0.9948864377576864,0.998056062647967,0.9984450504170117,0.9965755321353232,0.9944241400660616,0.9811773031545171,0.9345046105849576,0.9121554560872472,0.8689389341415142,0.8193066152796932,0.9369851525890782
0.164,4.861217706434317,0.7174989755459347,0.9773005176178124,0.9938637668057028,0.9934500026105032,0.9648312406186293,0.9857329344925818,0.9950053333746662,0.9981093953769585,0.9984887650906169,0.9966597383090738,0.9945504942656606,0.9815094580599326,0.9353186847099212,0.9131439299808569,0.8701764472604219,0.8207265793644005,0.9375055918731625
0.165,4.881044844481606,0.7192155724482854,0.9776792566432735,0.9939958596887196,0.9935892053983022,0.9653438787592958,0.98599665621232,0.9951209573191862,0.9981610405720875,0.9985310658288294,0.9967415124552083,0.9946734402951128,0.9818343034226412,0.9361190837141289,0.914116983460269,0.8713969102334713,0.8221292185139288,0.9380182898413154
0.166,4.900792568090789,0.7209147324089016,0.9780499847549566,0.9941245399543815,0.9937248471417417,0.9658467649500522,0.9862543518439308,0.9952334129662642,0.9982110584395919,0.9985720041264192,0.9968209348562156,0.9947930841709333,0.9821520302764482,0.936906092109569,0.9150749174822613,0.872600623253284,0.8235148104492396,0.9385234102429608
0.167,4.920461353431047,0.7225966898263847,0.9784129054508042,0.9942499099373644,0.9938570337949918,0.966340125702156,0.9865061841627689,0.9953428000070125,0.9982595067982484,0.9986116293954181,0.9968980828154455,0.9949095281767653,0.9824628238775878,0.9376799873567689,0.9160180259681957,0.8737878800897254,0.8248836273502139,0.9390211123437778
0.168,4.940051672872341,0.7242616751778459,0.9787682161948005,0.9943720684778431,0.9939858677168184,0.9668241813083869,0.9867523108711546,0.9954492145949744,0.9983064411835837,0.9986499890577893,0.9969730307800135,0.9950228710103458,0.9827668639036985,0.9384410400684546,0.9169465959963722,0.8749589682526691,0.8262359359898293,0.9395115510754297
0.169,4.959563995023225,0.725909915099276,0.9791161086220139,0.9944911110557146,0.9941114478079728,0.9672991460408275,0.9869928847780097,0.9955527494860373,0.9983519149471137,0.9986871286335907,0.9970458504581148,0.9951332079240567,0.98306432464508,0.9391895142064483,0.9178609079883164,0.8761141691499423,0.8275719978644465,0.9399948771794273
0.17,4.978998784768213,0.7275416324638786,0.9794567687357618,0.9946071299190729,0.9942338696427208,0.9677652283414601,0.9872280539713459,0.9956534941722259,0.9983959793508673,0.998723091824872,0.9971166109310211,0.9952406308593699,0.9833553751885679,0.9399256672720622,0.9187612358892222,0.877253758240616,0.8288920693203392,0.9404712373454003
0.171,4.998356503304693,0.7291570464584296,0.9797903770972343,0.9947202142072069,0.994353225594792,0.9682226310058742,0.98745796198392,0.9957515350096742,0.9984386836574393,0.9987579205955287,0.9971853787600311,0.9953452285754796,0.9836401795943445,0.9406497504902336,0.919647847342756,0.8783780051837984,0.8301964016765944,0.9409407743440157
0.172,5.017637608179419,0.7307563726577255,0.9801171090079023,0.9948304500683823,0.9944696049580087,0.9686715513603642,0.9876827479523587,0.9958469553410512,0.9984800752158026,0.9987916552473257,0.9972522180886176,0.9954470867723968,0.9839188970659877,0.941362008987632,0.9205210038604275,0.8794871739830874,0.8314852413445093,0.9414036271547833
0.173,5.036842553324556,0.7323398230971812,0.9804371346850138,0.9949379207726503,0.9945830940618444,0.9691121814326872,0.9879025467700399,0.9959398356127074,0.9985201995430965,0.998824334492289,0.997317190740012,0.9955462882087698,0.9841916821140467,0.942062681964966,0.9213809609857162,0.8805815231268258,0.8327588299435983,0.9418599310889758
0.174,5.055971789093299,0.7339076063436323,0.9807506194304744,0.9950427068199156,0.9946937763821476,0.9695447081167367,0.9881174892340042,0.9960302534867891,0.9985591004025952,0.9988559955216553,0.9973803563104471,0.9956429128146779,0.9844586847134202,0.9427520028637023,0.9222279684531423,0.8816613057243028,0.8340174044143294,0.9423098179078685
0.175,5.075025762295081,0.7354599275644014,0.981057723793387,0.9951448860434856,0.9948017326472556,0.9699693133313768,0.9883277021861528,0.9961182839485597,0.9985968198780532,0.9988866740715561,0.9974417722582709,0.9957370377996363,0.9847200504547974,0.9434301995274038,0.9230622703424558,0.8827267696380345,0.8352611971276935,0.942753415936511
0.176,5.094004916230366,0.7369969885946773,0.9813586037265212,0.9952445337093084,0.9949070409397094,0.9703861741736699,0.9885333086489836,0.9962039994091525,0.9986333984446059,0.9989164044856048,0.9975014939891316,0.9958287377560332,0.9849759206904136,0.9440974943578845,0.9238841052281183,0.8837781576122568,0.8364904359917161,0.9431908501732185
0.177,5.112909690725017,0.7385189880032603,0.9816534107369613,0.9953417226110983,0.9950097767937727,0.9707954630667215,0.9887344279560971,0.996287469803968,0.9986688750364043,0.9989452197745462,0.9975595749374222,0.9959180847582142,0.9852264326743574,0.9447541044663682,0.9246937063242391,0.884815707397754,0.837705344555009,0.9436222423949663
0.178,5.131740522164276,0.740026121156723,0.981942292031179,0.995436523161538,0.9951100132889457,0.9711973479023566,0.9889311758776989,0.9963687626869188,0.9987032871111431,0.9989731516731155,0.9976160666441671,0.9960051484574137,0.9854717196976549,0.9454002418198357,0.9254913016251242,0.8858396518731446,0.8389061421074615,0.944047711258866
0.179,5.150497843526351,0.7415185802820327,0.9822253906547581,0.995529003479736,0.9952078211396559,0.9715919921788281,0.9891236647413099,0.9964479433207141,0.9987366707116377,0.9990002306942525,0.9976710188315177,0.9960899961727252,0.9857119112183517,0.9460361133827305,0.9262771140415876,0.8868502191627409,0.8400930437781615,0.9444673723998874
0.18,5.169182084415584,0.7429965545276831,0.9825028456269933,0.9956192294751088,0.9953032687812994,0.9719795551337568,0.9893120035478904,0.9965250747633664,0.9987690605245998,0.9990264861807998,0.9977244794740211,0.9961726929782919,0.9859471329867939,0.9466619212541938,0.9270513615331739,0.8878476327510917,0.8412662606306398,0.9448813385249835
0.181,5.187793671095269,0.7444602300233762,0.9827747920705728,0.9957072649278494,0.9953964224527959,0.9723601918724845,0.9894962980835696,0.9966002179510939,0.9988004899367455,0.9990519463548164,0.9977764948668141,0.9962533017868912,0.986177507166311,0.9472778628009852,0.9278142572364276,0.8888321115943196,0.8424259997555202,0.9452897195037736
0.182,5.206333026520052,0.7459097899383011,0.9830413613365453,0.9957931715661369,0.9954873462758137,0.9727340534920224,0.9896766510271668,0.9966734317777823,0.998830991088371,0.9990766383646229,0.9978271096908868,0.9963318834300758,0.9864031524494836,0.9478841307862469,0.9285660095893471,0.8898038702283527,0.8435724643606612,0.9456926224559268
0.183,5.224800570367979,0.7473454145380448,0.9833026811247622,0.9958770091402311,0.9955761023308145,0.9731012872007624,0.9898531620536798,0.9967447731711652,0.9988605949245174,0.9991005883296918,0.997876367075555,0.996408496735028,0.9866241841701792,0.9484809134942539,0.9293068224521498,0.8907631188741519,0.8447058538588682,0.9460901518353781
0.184,5.243196719072165,0.7487672812401793,0.9835588755999793,0.9959588354935925,0.9956627507300571,0.9734620364341159,0.9900259279339093,0.9968142971658674,0.9988893312438444,0.9991238213834924,0.9979243086582704,0.9964831985982742,0.9868407144115265,0.9490683948512967,0.9300368952244752,0.8917100635400308,0.8458263639532532,0.9464824095115196
0.185,5.26152188585209,0.7501755646685624,0.9838100655037914,0.9960387066311585,0.9957473496876955,0.9738164409662361,0.9901950426303799,0.9968820569734574,0.9989172287453226,0.999146361714388,0.9979709746418949,0.9965560440564031,0.9870528521099923,0.9496467545428291,0.9307564229591428,0.8926449061211585,0.846934186720316,0.9468694948474781
0.186,5.279776480744545,0.7515704367063837,0.9840563682625677,0.9961166767849016,0.9958299555871003,0.9741646370179722,0.9903605973897088,0.9969481040496396,0.9989443150728512,0.9991682326046839,0.9980164038495536,0.9966270863539176,0.9872607031557167,0.9502161681270138,0.9314655964725822,0.8935678444963366,0.8480295106908191,0.9472515047756092
0.187,5.297960910634209,0.7529520665479987,0.984297898091547,0.99619279847679,0.9959106230455216,0.9745067573612002,0.9905226808315715,0.9970124881587156,0.9989706168579005,0.999189456467916,0.9980606337771815,0.9966963770083518,0.9874643704892582,0.9507768071447895,0.9321646024520436,0.8944790726221354,0.8491125209285247,0.947628533870313
0.188,5.316075579283887,0.7543206207495801,0.9845347660952455,0.996267122579263,0.9959894049762132,0.9748429314196654,0.9906813790344005,0.9970752574354371,0.9989961597602738,0.9992100548844663,0.9981037006438671,0.9967639658727703,0.9876639541948892,0.9513288392265814,0.9328536235596981,0.8953787806244711,0.8501833991068602,0.9480006744182882
0.189,5.33412088736439,0.7556762632786194,0.9847670803643228,0.9963396983733294,0.9960663526481253,0.9751732853664701,0.990836775617953,0.9971364584443646,0.9990209685070799,0.9992300486355855,0.998145639440097,0.9968299011957699,0.9878595515905815,0.9518724281957712,0.9335328385337285,0.8962671548877057,0.8512423235835749,0.9483680164863182
0.19,5.352097232484077,0.7570191555623128,0.9849949460690457,0.9964105736043933,0.996141515743272,0.9754979422183292,0.9909889518228734,0.9971961362368418,0.9990450669300002,0.9992494577359021,0.9981864839739935,0.9968942296790879,0.9880512573148099,0.9524077341690365,0.9342024222865083,0.8971443781413463,0.8522894694734523,0.948730647986697
0.191,5.370005009218055,0.7583494565348614,0.9852184655494834,0.9964797945359042,0.9962149424118745,0.9758170219267179,0.9911379865873713,0.9972543344056927,0.9990684780009312,0.9992683014644888,0.9982262669156395,0.996956996532927,0.9882391634103008,0.9529349136536679,0.9348625459999669,0.8980106295444161,0.8533250087191353,0.9490886547403855
0.192,5.387844609137057,0.759667322683713,0.9854377384025607,0.9965474060009248,0.9962866793253721,0.9761306414660231,0.9912839566211328,0.9973110951377382,0.9990912238660807,0.9992865983945571,0.9982650198395759,0.9970182455290921,0.988423359404844,0.9534541196419669,0.9355133772182302,0.8988660847675716,0.8543491101601219,0.9494421205379853
0.193,5.4056164208359725,0.7609729080947788,0.9856528615660927,0.9966134514517072,0.9963567717273957,0.9764389149188124,0.9914269364765755,0.9973664592642306,0.9991133258785885,0.9993043664218452,0.9983027732655534,0.9970780190520362,0.9886039323892841,0.9539655017028226,0.9361550799376267,0.8997109160730327,0.8553619395999874,0.9497911271986226
0.194,5.423320829962074,0.762266364496647,0.9858639293999165,0.9966779730073599,0.9964252634827883,0.9767419535583252,0.9915669986175518,0.9974204663092928,0.9991348046297422,0.9993216227917608,0.998339556697618,0.9971363581479048,0.9887809670927982,0.9544692060705632,0.9367878146941404,0.9005452923923942,0.856363659871886,0.9501357546268178
0.195,5.440958219242903,0.7635478413038258,0.986071033764233,0.9967410114996894,0.996492197124754,0.9770398659282867,0.9917042134856034,0.9974731545364515,0.9991556799788539,0.9993383841253402,0.9983753986616042,0.997193302571665,0.9889545459555678,0.9549653757311745,0.9374117386483986,0.9013693794023819,0.8573544309023834,0.9504760808674255
0.196,5.458528968513854,0.7648174856590375,0.9862742640952644,0.9968026065172905,0.9965576139002174,0.977332757920146,0.9918386495638638,0.997524560993345,0.9991759710818582,0.9993546664440763,0.9984103267411066,0.9972488908324023,0.9891247491989429,0.9554541505059718,0.9380270056682667,0.9021833395986161,0.8583344097736703,0.950812182158715
0.197,5.476033454745444,0.7660754424745904,0.9864737074783313,0.9968627964479616,0.9966215538134648,0.977620732847827,0.9919703734387002,0.9975747215546846,0.9991956964186923,0.9993704851936723,0.9984443676119971,0.9973031602368607,0.9892916548931954,0.9559356671328129,0.9386337664091321,0.9029873323674423,0.8593037507842052,0.9511441329836665
0.198,5.493472052070263,0.7673218544728538,0.9866694487184465,0.9969216185195142,0.9966840556681422,0.9779038915200873,0.9920994498591855,0.9976236709635437,0.9992148738195157,0.9993858552667689,0.9984775470755528,0.997356146931304,0.9894553390229543,0.9564100593449302,0.9392321683919461,0.9037815140558876,0.8602626055078302,0.9514720061195513
0.199,5.510845131809643,0.7685568622258571,0.986861570408521,0.9969791088390424,0.9967451571076754,0.9781823323105654,0.9922259417944825,0.9976714428710458,0.999233520489819,0.9994007910246945,0.9985098900902553,0.9974078859417667,0.9896158755504096,0.956877457947465,0.9398223560790969,0.9045660380397971,0.8612111228514103,0.9517958726858589
0.2,5.5281530624999995,0.7697806041940377,0.9870501529952699,0.9970353024307189,0.9968048946541799,0.9784561512256054,0.9923499104892249,0.9977180698745208,0.9992516530344764,0.9994153063182833,0.9985414208023184,0.997458411212764,0.98977333647637,0.9573379908917755,0.940404470948182,0.9053410547902072,0.8621494491110329,0.9521158021906394
0.201,5.545396209918902,0.7709932167641599,0.9872352748429077,0.9970902332721756,0.9968633037459212,0.978725441969933,0.9924714155169688,0.997763583554191,0.9992692874807886,0.9994294145078048,0.9985721625750017,0.9975077556445252,0.9899277918992556,0.9577917833475945,0.9409786515637442,0.9061067119380051,0.8630777280268127,0.9524318625753156
0.202,5.562574937110835,0.7721948342864235,0.9874170122947129,0.9971439343295297,0.9969204187733866,0.9789902960102634,0.9925905148317934,0.9978080145084529,0.9992864393005618,0.9994431284820453,0.9986021380167616,0.9975559511288108,0.9900793100721036,0.9582389577731056,0.941545033647037,0.9068631543369271,0.8639961008363434,0.9527441202580279
0.203,5.579689604412679,0.7733855891107866,0.987595439732543,0.9971964375911091,0.9969762731140228,0.9792508026369108,0.9927072648181177,0.9978513923878102,0.9993031234312671,0.9994564606765816,0.9986313690082893,0.9976030285833752,0.9902279574576591,0.9586796339830064,0.9421037501438786,0.9076105241249435,0.8649047063268323,0.9530526401755616
0.204,5.596740569478908,0.77456561162252,0.9877706296343758,0.9972477740999308,0.9970308991656965,0.9795070490234729,0.9928217203388056,0.9978937459275158,0.9993193542963207,0.999469423091282,0.9986598767284868,0.9976490179851282,0.9903737987816255,0.959113929214623,0.9426549312906551,0.908348960784078,0.8658036808859583,0.9533574858239152
0.205,5.613728187306501,0.7757350302770114,0.9879426526299488,0.9972979739849838,0.9970843283789278,0.9797591202846567,0.9929339347816214,0.9979351029789767,0.9993351458245266,0.9994820273070726,0.9986876816794216,0.9976939484020512,0.9905168970841397,0.95954195819214,0.9431987046785296,0.9090786011987059,0.8666931585514867,0.9536587192975582
0.206,5.630652810259579,0.7768939716338445,0.9881115775545684,0.9973470664913631,0.997136591287946,0.9800070995323104,0.9930439601041002,0.9979754905399725,0.9993505114687169,0.9994942845019995,0.9987148037103092,0.9977378480239181,0.9906573137695407,0.9599638331890054,0.943735195315911,0.9097995797123769,0.86757327105968,0.9539564013274213
0.207,5.647514788093768,0.7780425603901615,0.9882774715011546,0.9973950800093038,0.9971877175406171,0.9802510679297236,0.9931518468768925,0.9980149347837365,0.9993654642236263,0.9995062054666212,0.9987412620405607,0.9977807441918707,0.9907951086544918,0.960379664088569,0.9442645256892391,0.9105120281832041,0.8684441478925347,0.9542505913176802
0.208,5.6643144679802955,0.7791809194133359,0.988440399870587,0.9974420421021569,0.9972377359272853,0.9804911047442579,0.9932576443256403,0.9980534610869466,0.9993800166430363,0.9995178006187597,0.9987670752819371,0.9978226634268949,0.9909303400145185,0.9607895584430123,0.9447868158221334,0.9112160760378604,0.8693059163238808,0.9545413473813587
0.209,5.681052194529809,0.780309169772967,0.9886004264204118,0.9974879795333513,0.9972866744085741,0.9807272873983628,0.993361400371441,0.9980910940566703,0.9993941808562197,0.9995290800176408,0.9987922614598481,0.9978636314572423,0.9910630646290193,0.961193621530621,0.9453021833329577,0.9119118503242232,0.8701587014643731,0.954828726374809
0.21,5.69772830981595,0.7814274307722151,0.988757613311972,0.997532918292381,0.9973345601421876,0.9809596915190344,0.9934631616699496,0.9981278575563066,0.9994079685837159,0.9995400533774498,0.9988168380338303,0.9979036732448414,0.9911933378248047,0.9615919564114567,0.945810743490848,0.912599475762704,0.8710026263054069,0.9551127839311035
0.211,5.714343153398652,0.7825358199784931,0.988912021156015,0.9975768836198565,0.9973814195087513,0.9811883909857693,0.9935629736491725,0.998163774730566,0.9994213911524694,0.9995507300803285,0.9988408219172406,0.9979428130107364,0.9913212135182191,0.9619846639814734,0.9463126092702503,0.9132790747963038,0.8718378117619868,0.9553935744923783
0.212,5.7308970623471875,0.7836344532535302,0.9890637090568344,0.997619900031659,0.9974272781367304,0.9814134579770656,0.9936608805459992,0.998198868029526,0.9994344595103556,0.9995611191888403,0.9988642294961969,0.9979810742595957,0.9914467442558951,0.962371843025133,0.9468078914040112,0.9139507676394256,0.8726643767145791,0.9556711513411664
0.213,5.747390371262965,0.784723444782822,0.9892127346549975,0.9976619913422301,0.9974721609264628,0.9816349630155203,0.9937569254415209,0.9982331592318026,0.9994471842401232,0.9995712294579252,0.9988870766477977,0.9980184798033258,0.9915699812541898,0.9627535902665616,0.9472966984350679,0.9146146723254842,0.873482438049974,0.9559455666307584
0.214,5.763823412302071,0.7858029071044835,0.9893591541687081,0.9977031806870336,0.9975160920733395,0.9818529750115708,0.9938511502951778,0.9982666694668694,0.9994595755727786,0.9995810693463669,0.9989093787576496,0.9980550517838264,0.9916909744373519,0.9631300004192963,0.9477791367667756,0.9152709047533423,0.8742921107011865,0.9562168714146199
0.215,5.780196515197568,0.786872951137519,0.9895030224338561,0.9977434905442194,0.9975590950901672,0.9820675613059243,0.99394359597778,0.9982994192365618,0.9994716434004343,0.999590647027796,0.9989311507367334,0.9980908116949214,0.9918097724744623,0.9635011662346639,0.9482553107119166,0.9159195787326103,0.8750935076864208,0.9564851156749089
0.216,5.796510007281554,0.7879336862095209,0.9896443929427965,0.9977829427555232,0.9976011928287448,0.9822787877107236,0.9940343023034435,0.9983314284357968,0.9994833972886471,0.9995999704012468,0.9989524070376341,0.9981257804034981,0.9919264228151947,0.9638671785488339,0.9487253225404264,0.9165608060278376,0.8758867401471243,0.9567503483501154
0.217,5.812764213506965,0.7889852200838119,0.9897833178819053,0.9978215585464287,0.9976424075006837,0.9824867185494864,0.9941233080604788,0.9983627163725407,0.9994948464882669,0.9996090471012894,0.9989731616701615,0.9981599781698857,0.9920409717244352,0.9642281263285883,0.9491892725258779,0.9171946964016293,0.8766719173851563,0.9570126173618575
0.218,5.828959456469165,0.7900276589860474,0.9899198481679548,0.9978593585456242,0.9976827606975002,0.9826914166958627,0.9942106510412722,0.9983933017870538,0.9995059999468164,0.9996178845077538,0.9989934282163866,0.9981934246675038,0.9921534643158034,0.9645840967158458,0.9496472589907572,0.9178213576567148,0.8774491468990938,0.9572719696408676
0.219,5.845096056427278,0.7910611076302838,0.9900540334833483,0.9978963628037774,0.9977222734100106,0.982892943611248,0.9942963680711941,0.9984232028704414,0.9995168663194233,0.9996264897550659,0.9990132198451181,0.998226139001809,0.9922639445841126,0.964935175070979,0.9500993783505691,0.9184408956770017,0.8782185344197007,0.9575284511521899
0.22,5.8611743313253015,0.7920856692445313,0.9901859223102562,0.9979325908116574,0.9977609660470526,0.9830913593812903,0.994380495036572,0.9984524372825376,0.9995274539793223,0.9996348697412094,0.9990325493258401,0.9982581397285668,0.9923724554368064,0.9652814450149625,0.9505457251568048,0.919053414467638,0.8789801839445778,0.9577821069196213
0.221,5.877194596812988,0.7931014455958004,0.9903155619636893,0.9979680615176273,0.9977988584535604,0.9832867227513279,0.9944630669117586,0.9984810221691492,0.9995377710279479,0.9996430311363335,0.9990514290421343,0.9982894448714754,0.9924790387244078,0.9656229884703862,0.9509863921388051,0.9196590161941135,0.8797341977720204,0.9580329810494221
0.222,5.893157166266506,0.7941085370146542,0.9904429986235482,0.9980027933445315,0.9978359699280186,0.983479091160792,0.9945441177853298,0.9985089741786828,0.9995478253046319,0.9996509803910167,0.9990698710046074,0.9983200719391668,0.9925837352700149,0.9659598857013677,0.951421470244551,0.9202578012204244,0.880480676534102,0.958281116753316
0.223,5.909062350808868,0.7951070424192787,0.9905682773656821,0.9980368042060013,0.9978723192393162,0.9836685207766096,0.9946236808854425,0.9985363094781817,0.9995576243959244,0.9996587237442073,0.9990878868633427,0.9983500379416089,0.9926865848978756,0.9662922153523992,0.9518510486804143,0.9208498681463282,0.8812197192290039,0.9585265563708136
0.224,5.924910459330143,0.7960970593390806,0.9906914421919928,0.9980701115222012,0.9979079246430254,0.9838550665256376,0.994701788604382,0.9985630437687936,0.9995671756445541,0.9996662672308484,0.9991054879198955,0.9983793594059315,0.9927876264610753,0.9666200544861587,0.9522752149498942,0.9214353138437114,0.8819514232526132,0.9587693413908733
0.225,5.940701798507463,0.7970786839378254,0.9908125360596155,0.9981027322350345,0.9979428038971261,0.9840387821261608,0.9947784725223279,0.9985891923006912,0.9995764861580427,0.9996736166892055,0.9991226851388508,0.9984080523916987,0.9928868978683649,0.966943478620317,0.9526940548913746,0.9220142334920972,0.8826758844294055,0.9590095124729238
0.226,5.9564366728247915,0.798052011036326,0.9909316009092086,0.998134682822833,0.9979769742771964,0.984219720118483,0.9948537634303661,0.9986147698874684,0.9995855628169872,0.9996807777679078,0.9991394891589601,0.9984361325056498,0.9929844361101615,0.9672625617633721,0.9531076527149243,0.9225867206133129,0.8833931970426327,0.9592471094672762
0.227,5.972115384592504,0.7990171341346883,0.9910486776923815,0.9981659793145443,0.9980104525910897,0.9843979318946422,0.9949276913527728,0.9986397909200304,0.9995944122830247,0.9996877559327131,0.9991559103038746,0.9984636149159257,0.993080277283749,0.9675773764495368,0.9535160910381713,0.9231528671053416,0.884103453863834,0.9594821714349381
0.228,5.987738233966746,0.7999741454341316,0.9911638063982913,0.9981966373034414,0.9980432551931169,0.9845734677272749,0.9950002855685964,0.9986642693799976,0.9996030410064931,0.9996945564730128,0.9991719585924901,0.998490514365805,0.993174456617705,0.9678879937727112,0.9539194509212763,0.9237127632753794,0.8848067461816859,0.9597147366668557
0.229,6.003305518968583,0.8009231358583839,0.9912770260794355,0.9982266719603684,0.9980753979977528,0.9847463767976611,0.9950715746325621,0.9986882188526428,0.9996114552337996,0.999701184508082,0.9991876437489193,0.9985168451869646,0.9932670084955816,0.9681944834195642,0.9543178119010302,0.9242664978721199,0.8855031638302107,0.9599448427025972
0.23,6.018817535502959,0.8018641950746697,0.9913883748766674,0.9982560980465397,0.998106896492883,0.9849167072229715,0.9951415863953216,0.9987116525393785,0.9996196610145087,0.9997076449930911,0.9992029752121062,0.9985426213122839,0.9933579664788645,0.9684969137017514,0.9547112520241006,0.9248141581172847,0.8861927952163584,0.9601725263485019
0.231,6.034274577377436,0.8027974115142951,0.991497890043461,0.9982849299259124,0.9981377657526098,0.9850845060827459,0.9952103480230714,0.9987345832698116,0.999627664208163,0.9997139427248841,0.9992179621450962,0.9985678562882115,0.993447363329236,0.968795351587295,0.9550998478794523,0.9253558297364227,0.8868757273469784,0.9603978236953121
0.232,6.049676936320755,0.803722872392839,0.9916056079694497,0.9983131815771432,0.9981680204496319,0.9852498194446249,0.9952778860165623,0.9987570235133816,0.9996354704908453,0.9997200823475368,0.9992326134439758,0.9985925632867078,0.9935352310301624,0.9690898627311497,0.9554836746299639,0.9258915969889945,0.8875520458551963,0.9606207701352953
0.233,6.065024902001177,0.804640663729963,0.9917115642032643,0.9983408666051482,0.9981976748672139,0.9854126923893592,0.9953442262295182,0.9987789853905986,0.9996430853614954,0.999726068357702,0.9992469377464943,0.9986167551167807,0.9936216008078325,0.9693805115049784,0.9558628060432615,0.9264215426977621,0.8882218350262119,0.9608414003788912
0.234,6.080318762044653,0.8055508703688431,0.9918157934746912,0.9983679982522791,0.9982267429107607,0.9855731690351203,0.9954093938864879,0.9988004806838958,0.9996505141479879,0.9997319051097502,0.9992609434403799,0.9986404442356317,0.993706503151465,0.9696673610261602,0.9562373145217952,0.9269457482775035,0.8888851778225316,0.9610597484708798
0.235,6.0955588020527856,0.8064535759952349,0.9919183297161758,0.9983945894091293,0.9982552381190116,0.9857312925611313,0.9954734136001461,0.9988215208481105,0.9996577620129853,0.9997375968207176,0.9992746386713621,0.9986636427594221,0.9937899678330088,0.9699504731860548,0.9566072711321754,0.9274642937630667,0.8895421559086512,0.9612758478061013
0.236,6.110745305620609,0.8073488631561803,0.9920192060836907,0.9984206526249845,0.9982831736748663,0.9858871052306434,0.9955363093880654,0.9988421170206082,0.9996648339595705,0.9997431475750641,0.9992880313509125,0.9986863624736779,0.9938720239262534,0.9702299086775409,0.9569727456337913,0.9279772578367821,0.8901928496752,0.9614897311447319
0.237,6.125878554354179,0.808236813278363,0.9921184549769911,0.9984462001179291,0.9983105624158572,0.9860406484132743,0.9955981046889746,0.9988622800310629,0.999671734836672,0.9997485613292533,0.9993011291637123,0.9987086148433448,0.9939526998253729,0.9705057270218549,0.9573338065067314,0.9284847178552513,0.8908373382625651,0.9617014306271374
0.238,6.140958827887982,0.8091175066861183,0.9922161080592756,0.9984712437846217,0.9983374168442819,0.9861919626067313,0.9956588223785211,0.9988820204109055,0.9996784693442876,0.9997538419161598,0.9993139395748599,0.9987304110225053,0.9940320232629171,0.970777986594744,0.9576905209790242,0.9289867498755244,0.8914756995840014,0.9619109777883131
0.239,6.155986403902155,0.8099910226191086,0.9923121962762735,0.998495795209753,0.998363749137004,0.9863410874579362,0.9957184847845567,0.9989013484024537,0.9996850420385144,0.9997589930493116,0.9993264698368275,0.9987517618637718,0.9941100213272723,0.9710467446519583,0.9580429550532186,0.9294834286806866,0.892108010348247,0.9621184035719241
0.24,6.170961558139535,0.8108574392496692,0.9924067498747765,0.9985198656751934,0.9983895711549395,0.9864880617835717,0.995777113701958,0.9989202739677349,0.9996914573363953,0.9997640183269739,0.9993387269961741,0.9987726779273673,0.9941867204796075,0.9713120573540975,0.9583911735323214,0.9299748278048637,0.8927343460816521,0.9623237383439623
0.241,6.185884564422518,0.8117168336998327,0.9924997984206324,0.9985434661688466,0.9984148944522355,0.9866329235900658,0.9958347304070023,0.9989388067970123,0.9996977195205866,0.9997689212360802,0.9993507179000284,0.9987931694899045,0.9942621465703217,0.9715739797908318,0.9587352400451105,0.9304610195576686,0.8933547811498348,0.9625270119060261
0.242,6.200755694669757,0.8125692820580359,0.9925913708162185,0.9985666073932152,0.9984397302851538,0.9867757100930322,0.9958913556713096,0.9989569563170269,0.9997038327438551,0.999773705156018,0.9993624492023454,0.9988132465528736,0.9943363248550101,0.9718325660045144,0.9590752170708381,0.9309420750480931,0.8939693887788748,0.9627282535082404
0.243,6.215575218912665,0.8134148593955228,0.9926814953174121,0.9985892997736913,0.9984640896206705,0.9869164577361836,0.9959470097753668,0.9989747316989634,0.9997098010334116,0.9997783733622746,0.9993739273699498,0.9988329188508517,0.9944092800099641,0.9720878690132034,0.9594111659633442,0.9314180642078707,0.8945782410760584,0.9629274918618272
0.244,6.230343405311778,0.814253639782441,0.992770199550073,0.9986115534665801,0.9984879831448004,0.987055202209733,0.9960017125216487,0.9989921418661533,0.9997156282950863,0.9997829290299475,0.9993851586883705,0.9988521958594411,0.9944810361472202,0.9723399408331082,0.9597431469745926,0.9318890558143129,0.8951814090501822,0.9631247551513308
0.245,6.245060520172911,0.8150856963036469,0.9928575105260534,0.9986333783668678,0.9985114212706562,0.9871919784682983,0.9960554832473477,0.9990091955015201,0.999721318317354,0.9997873752371261,0.9993961492674761,0.9988710868029481,0.9945516168291728,0.9725888325004778,0.960071219277647,0.9323551175126416,0.8957789626314296,0.9633200710465217
0.246,6.259726827963177,0.8159111010742182,0.9929434546587529,0.9986547841157402,0.9985344141462524,0.987326820748327,0.9961083408367252,0.9990259010547815,0.9997268747752127,0.99979171496815,0.9994069050469183,0.9988896006618108,0.9946210450827633,0.9728345940929463,0.960395440989102,0.9328163158378214,0.8963709706908276,0.9635134667139735
0.247,6.274342591326823,0.8167299252546865,0.9930280577782289,0.9986757801078628,0.9985569716620618,0.987459762585053,0.9961603037330983,0.9990422667494125,0.999732301233923,0.9997959511167468,0.9994174318013898,0.9989077461797848,0.9946893434132614,0.9730772747503506,0.9607158691909831,0.933272716235914,0.8969575010592977,0.9637049688283388
0.248,6.288908071100918,0.8175422390659904,0.9931113451458798,0.998696375498431,0.9985791034583332,0.987590836829001,0.9962113899504723,0.9990583005893806,0.9997376011526137,0.9998000864890572,0.9994277351457049,0.998925531870896,0.99475653381765,0.9733169226950346,0.9610325599521287,0.933724383084957,0.8975386205463056,0.9638946035833185
0.249,6.303423526330852,0.8183481118041589,0.9931933414687131,0.9987165792099955,0.9986008189321804,0.9877200756620523,0.9962616170848319,0.9990740103656602,0.9997427778877573,0.999804123806548,0.9994378205397075,0.9989429660261682,0.9948226377976254,0.9735535852516543,0.9613455683490717,0.9341713797153863,0.8981143949581247,0.9640823967023447
0.25,6.317889214285715,0.8191476118547282,0.9932740709132112,0.9987363999390743,0.9986221272444478,0.9878475106130835,0.9963110023251,0.9990894036625354,0.9997478346965232,0.9998080657088223,0.9994476932930143,0.9989600567201329,0.994887676372229,0.9737873088664981,0.9616549484864282,0.9346137684300104,0.8986848891157191,0.9642683734489823
0.251,6.332305390473474,0.819940806706899,0.9933535571188085,0.998755846162556,0.9986430373263618,0.987973172573192,0.996359562463778,0.9991044878636967,0.9997527747400092,0.9998119147563256,0.9994573585695987,0.9989768118171316,0.9949516700901164,0.974018139126335,0.9619607535168119,0.9350516105235468,0.8992501668722558,0.9644525586370551
0.252,6.3466723086560375,0.8207277629674383,0.9934318232109903,0.9987749261439034,0.9986635578859754,0.9880970918105203,0.996407313907275,0.9991192701581404,0.9997576010863609,0.9998156734329562,0.9994668213922214,0.9989932389774141,0.9950146390414802,0.9742461207768034,0.9622630356602822,0.9354849663017336,0.8998102911302556,0.9646349766405083
0.253,6.360990220864127,0.8215085463743329,0.9935088918140275,0.9987936479391629,0.9986836974144118,0.9882192979846909,0.9964542726859373,0.9991337575458779,0.9997623167137788,0.9998193441485812,0.9994760866467127,0.9990093456630427,0.9950766028696345,0.9744712977403538,0.9625618462233413,0.9359138951000257,0.9003653238583913,0.9648156514030166
0.254,6.375259377412033,0.8222832218101973,0.9935847850633557,0.9988120194027866,0.9987034641919161,0.9883398201608627,0.996500454463788,0.9991479568434597,0.9997669245134205,0.9998229292414623,0.9994851590861126,0.9990251391436081,0.9951375807822732,0.9746937131337569,0.9628572356174907,0.936338455301885,0.900915326107941,0.9649946064473401
0.255,6.389480026912181,0.8230518533154436,0.9936595246176123,0.9988300481932747,0.998722866293719,0.9884586868234209,0.9965458745479845,0.9991618746893234,0.9997714272922009,0.9998264309805956,0.999494043334674,0.999040626501764,0.9951975915624113,0.9749134092851895,0.9631492533773586,0.9367587043566766,0.9014603580289047,0.9651718648844391
0.256,6.403652416289594,0.8238145041012154,0.9937331316703405,0.9988477417786428,0.9987419115957203,0.9885759258893099,0.996590547898005,0.9991755175489686,0.999775827775493,0.9998298515679677,0.9995027438917324,0.9990558146385856,0.9952566535790194,0.975130427750909,0.9634379481784087,0.9371746987971777,0.9020004788857914,0.9653474494223561
0.257,6.41777679079616,0.8245712365620934,0.9938056269613702,0.9988651074417202,0.9987606077799993,0.988691564721021,0.9966344891345714,0.9991888917199683,0.9997801286097362,0.9998331931407317,0.9995112651354499,0.9990707102787599,0.9953147847973614,0.9753448093315272,0.963723367854244,0.9375864942567124,0.9025357470730873,0.9655213823748714
0.258,6.431853394024803,0.8253221122885758,0.9938770307878873,0.9988821522852867,0.9987789623401548,0.9888056301392442,0.9966777125483156,0.9992020033368193,0.9997843323649521,0.9998364577733071,0.9995196113264336,0.9990853199756115,0.9953720027890431,0.9755565940878965,0.964005559413512,0.9379941454859169,0.9030662201304073,0.9656936856699335
0.259,6.445882467923466,0.8260671920793374,0.9939473630151996,0.9988988832370499,0.9987969825864839,0.9889181484351927,0.9967202321082006,0.9992148583756394,0.999788441537174,0.999839647479404,0.9995277866112379,0.9990996501159712,0.9954283247417834,0.9757658213566152,0.9642845690564249,0.9383977063691495,0.9035919547573438,0.9658643808578794
0.26,6.459864252808989,0.8268065359532736,0.9940166430872085,0.998915307054473,0.9988146756510025,0.9890291453826116,0.9967620614697014,0.9992274626587152,0.9997924585507916,0.9998427642139783,0.9995357950257505,0.9991137069248929,0.9954837674689123,0.975972529765165,0.9645604421909028,0.9387972299405477,0.9041130068280128,0.9660334891194459
0.261,6.473798987380818,0.827540203161333,0.994084890036596,0.9989314303294525,0.9988320484923142,0.9891386462494791,0.9968032139827537,0.9992398218589071,0.9997963857608146,0.9998458098751165,0.9995436404984697,0.9991274964702214,0.9955383474186091,0.9761767572466907,0.9648332234483503,0.9391927683997473,0.9046294314053105,0.9662010312735785
0.262,6.487686908734603,0.828268252198141,0.9941521224947352,0.9989472594928572,0.9988491079003321,0.9892466758094077,0.996843702699479,0.9992519415039152,0.9998002254550595,0.9998487863058553,0.9995513268536733,0.99914102466702,0.9955920806828843,0.9763785410544278,0.9651029566990761,0.9395843731272662,0.9051412827548825,0.9663670277850449
0.263,6.501528252375628,0.8289907408134232,0.9942183587013335,0.9989628008189263,0.9988658605008577,0.9893532583527557,0.9968835403816911,0.9992638269804106,0.9998039798562597,0.9998516952959382,0.9995588578144873,0.99915429728186,0.9956449830063157,0.9765779177757922,0.9653696850673629,0.939972094699564,0.9056486143588148,0.9665314987718585
0.264,6.515323252232143,0.829707726023226,0.9942836165138145,0.9989780604295377,0.9988823127600233,0.9894584176974565,0.9969227395081923,0.9992754835380396,0.9998076511241044,0.9998545385835107,0.9995662370058531,0.999167319936977,0.9956970697945454,0.9767749233461384,0.9656334509461998,0.9403559829037854,0.9061514789290523,0.9666944640125159
0.265,6.529072140668523,0.8304192641209446,0.9943479134164488,0.9989930442983459,0.9988984709886007,0.9895621771995735,0.9969613122818655,0.9992869162933004,0.9998112413572079,0.9998573178567564,0.9995734679574011,0.9991800981143,0.9957483561225453,0.9769695930621937,0.965894296011682,0.9407360867521921,0.90664992842055,0.9668559429530569
0.266,6.5427751484983325,0.8311254106881591,0.9944112665292394,0.9990077582547964,0.9989143413461818,0.9896645597635892,0.9969992706365677,0.9992981302333004,0.9998147525950111,0.9998600347554772,0.9995805541062307,0.9991926371593558,0.9957988567426559,0.9771619615951807,0.966152261237089,0.9411124544962932,0.9071440140441644,0.9670159547139465
0.267,6.556432504997224,0.8318262206052833,0.9944736926165704,0.9990222079880199,0.9989299298452342,0.9897655878524348,0.9970366262438323,0.9993091302193976,0.9998181868196194,0.9998626908726193,0.9995874987996022,0.9992049422850541,0.9958485860924088,0.9773520630036319,0.9664073869066474,0.9414851336406811,0.9076337862792908,0.9671745180967946
0.268,6.570044437915744,0.8325217480620273,0.9945352080956246,0.9990363990506105,0.9989452423550367,0.9898652834972679,0.9970733905193847,0.9993199209907276,0.9998215459575779,0.9998652877557449,0.9995943052975422,0.9992170185753572,0.995897558302137,0.977539930745908,0.9666597126289883,0.9418541709565769,0.9081192948862502,0.9673316515909008
0.269,6.583611173491976,0.8332120465676845,0.9945958290445781,0.9990503368622909,0.9989602846054989,0.9899636683070068,0.9971095746294785,0.999330507167624,0.9998248318815863,0.9998678269084569,0.9996009767753669,0.9992288709888366,0.9959457872023796,0.9777255976924253,0.9669092773503046,0.9422196124950979,0.9086005889184356,0.9674873733796516
0.27,6.59713293646409,0.8338971689612372,0.9946555712105775,0.9990640267134702,0.9989750621908672,0.990060763477626,0.9971451894970554,0.999340893254931,0.9998280464121574,0.9998703097917714,0.999607516326124,0.9992405043621232,0.9959932863310872,0.9779090961376006,0.9671561193672171,0.9425815036002465,0.9090777167342183,0.9676417013467501
0.271,6.610609950082735,0.8345771674212924,0.9947144500175064,0.999077473768694,0.9989895805733224,0.9901565898012208,0.9971802458077379,0.9993510836452171,0.9998311913192179,0.9998727378254455,0.9996139269629589,0.9992519234132514,0.9960400689406348,0.9780904578115216,0.9674002763393573,0.9429398889216332,0.9095507260086227,0.9677946530823031
0.272,6.624042436123348,0.8352520934758454,0.9947724805735484,0.9990906830699959,0.9990038450864721,0.9902511676748476,0.9972147540156546,0.9993610826218886,0.9998342683236581,0.99987511238926,0.9996202116214051,0.9992631327449033,0.9960861480046461,0.9782697138913481,0.967641785301671,0.9432948124269359,0.9100196637447736,0.9679462458887588
0.273,6.637430614898295,0.8359219980118792,0.9948296776785506,0.9991036595401479,0.9990178609387396,0.9903445171091452,0.9972487243491096,0.9993708943622088,0.9998372790988274,0.9998774348242577,0.9996263731616032,0.9992741368475542,0.9961315362246368,0.9784468950124525,0.9678806826764539,0.9436463174141049,0.9104845762851227,0.968096496786702
0.274,6.650774705268936,0.8365869312847974,0.9948860558311944,0.9991164079858167,0.9990316332166554,0.9904366577367437,0.9972821668160942,0.9993805229402256,0.9998402252719822,0.9998797064339406,0.9996324143704497,0.9992849401025243,0.9961762460364801,0.9786220312793062,0.9681170042851214,0.9439944465233149,0.9109455093224549,0.9682454225205077
0.275,6.664074924657534,0.8372469429277016,0.9949416292359803,0.9991289331006272,0.999045166888053,0.9905276088204671,0.9973150912096507,0.9993899723296099,0.9998431084256844,0.9998819284854268,0.9996383379636791,0.9992955467849388,0.9962202896167024,0.978795152276117,0.9683507853597229,0.944339241748676,0.9114025079106859,0.9683930395638662
0.276,6.677331489059083,0.8379020819605063,0.9949964118100295,0.9991412394681378,0.9990584668051705,0.9906173892613344,0.9973475071130897,0.9993992464064084,0.9998459300991538,0.9998841022105679,0.9996441465878811,0.9993059610665992,0.9962636788886101,0.9789662870772252,0.9685820605542035,0.9446807444497031,0.9118556164754483,0.96853936412517
0.277,6.690544613052976,0.8385523967989045,0.9950504171897108,0.9991533315647271,0.9990715377076643,0.9907060176063657,0.9973794239050674,0.9994083489517136,0.9998486917895765,0.9998862288070302,0.9996498428224548,0.9993161870187692,0.9963064255282575,0.9791354642572647,0.9688108639554227,0.9450189953625541,0.912304878824478,0.9686844121527789
0.278,6.703714509814614,0.8391979352631793,0.9951036587370937,0.9991652137623991,0.9990843842255354,0.9907935120561979,0.9974108507645244,0.9994172836542526,0.9998513949533695,0.9998883094393384,0.9996554291815022,0.9993262286148783,0.9963485409702559,0.9793027119010934,0.9690372290939322,0.9453540346110385,0.9127503381577985,0.9688281993401567
0.279,6.716841391126837,0.8398387445868687,0.9951561495462383,0.9991768903315059,0.9990970108819702,0.9908798904725156,0.997441796675493,0.9994260541128999,0.9998540410074045,0.9998903452398857,0.9996609081156633,0.9993360897331447,0.9963900364134309,0.9794680576135009,0.9692611889545232,0.9456859017174051,0.913192037077714,0.9689707411308903
0.28,6.729925467391306,0.8404748714252849,0.9952079024493202,0.9991883654433928,0.9991094220961029,0.9909651703853015,0.9974722704317759,0.9994346638391131,0.9998566313301912,0.9998923373099099,0.999666282013895,0.999345774159121,0.9964309228263322,0.979631528528697,0.9694827759865435,0.9460146356129105,0.9136300175986092,0.9691120527235892
0.281,6.742966947639718,0.8411063618638903,0.9952589300226007,0.9991996431729664,0.9991216221856954,0.9910493689999125,0.9975022806414978,0.9994431162592976,0.9998591672630217,0.9998942867204367,0.9996715532051942,0.9993552855881648,0.9964712109525989,0.9797931513195884,0.9697020221139956,0.9463402746481759,0.914064321156566,0.9692521490766728
0.282,6.755966039544962,0.841733261426535,0.995309244592243,0.9992107275011899,0.9991336153697437,0.9911325032039846,0.9975318357315383,0.9994514147171002,0.9998616501110789,0.9998961945131932,0.9996767239602695,0.9993646276278367,0.9965109113161866,0.9799529522068479,0.9699189587454152,0.9466628566033356,0.914494988618796,0.9693910449130436
0.283,6.768922949432125,0.8423556150835555,0.9953588582399812,0.9992216223175071,0.9991454057710083,0.9912145895741727,0.997560943951845,0.9994595624756347,0.999864081144507,0.9998980617014899,0.9996817964931607,0.9993738038002286,0.996550034226457,0.9801109569677806,0.9701336167835416,0.9469824186979827,0.9149220602928955,0.9695287547246569
0.284,6.781837882289417,0.8429734672597398,0.995407782808644,0.9992323314221965,0.9991569974184743,0.9912956443827287,0.9975896133796329,0.9994675627196417,0.9998664615994495,0.9998998892710742,0.9996867729628092,0.9993828175442225,0.996588589783138,0.9802671909449943,0.9703460266347791,0.9472989976009161,0.9153455759359271,0.9696652927769805
0.285,6.794711041778975,0.8435868618421611,0.9954560299075392,0.9992428585286594,0.9991683942497406,0.9913756836039216,0.9976178519234732,0.9994754185575848,0.9998687926790517,0.999901678180957,0.9996916554745807,0.9993916722176855,0.9966265878811543,0.9804216790548764,0.9705562182184586,0.9476126294396934,0.9157655747633298,0.9698006731133534
0.286,6.807542630247578,0.8441958421878798,0.9955036109177022,0.9992532072656423,0.9991796001133432,0.991454722920307,0.9976456673272736,0.9994831330236855,0.9998710755544328,0.9999034293642103,0.9996964460817419,0.9994003710995996,0.9966640382153346,0.9805744457958847,0.9707642209759021,0.9479233498099939,0.9161820954576618,0.9699349095592468
0.287,6.820332848737237,0.8448004511315206,0.9955505369970116,0.9992633811793976,0.9991906187710116,0.9915327777288453,0.9976730671741539,0.9994907090798975,0.9998733113656251,0.9999051437287407,0.9997011467868921,0.9994089173921297,0.9967009502849976,0.980725515256654,0.9709700638792957,0.948231193784797,0.9165951761771821,0.9700680157264259
0.288,6.833081896995708,0.8454007309927233,0.995596819085176,0.999273383735782,0.9992014538998638,0.9916098631468765,0.9977000588902213,0.9994981496178237,0.9998755012224841,0.999906822158037,0.9997057595433523,0.999417314222633,0.9967373333984215,0.9808749111239252,0.9711737754403751,0.9485361959233777,0.9170048545642697,0.970200005017017
0.289,6.845789973486877,0.8459967235834722,0.9956424679085977,0.9992832183222968,0.9992121090945384,0.9916859940179533,0.9977266497482451,0.9995054574605778,0.9998776462055697,0.9999084655118928,0.999710286256511,0.9994255646456099,0.9967731966771981,0.9810226566903008,0.9713753837189276,0.948838390280126,0.9174111677536881,0.9703308906274847
0.29,6.858457275401069,0.8465884702153046,0.9956874939851117,0.9992928882500713,0.9992225878692674,0.9917611849175375,0.9977528468712369,0.9995126353645913,0.9998797473669985,0.999910074627108,0.9997147287851322,0.999433671644598,0.9968085490604776,0.9811687748618292,0.9715749163311173,0.9491378104131933,0.9178141523806959,0.9704606855525163
0.291,6.8710839986652426,0.8471760117064017,0.9957319076286096,0.9993023967557894,0.9992328936598931,0.9918354501585617,0.9977786572359372,0.9995196860213672,0.9998818057312698,0.999911650318165,0.9997190889426217,0.999441638134013,0.9968433993091048,0.9813132881654257,0.9717724004576332,0.9494344893929678,0.9182138445890075,0.970589402588822
0.292,6.883670337953092,0.847759388388564,0.9957757189535469,0.9993117470035637,0.9992430298258262,0.9919088037968611,0.9978040876762118,0.9995266120591846,0.9998838222960653,0.9999131933778852,0.9997233684982569,0.9994494669609367,0.996877756009651,0.9814562187561303,0.9719678628516705,0.9497284598103852,0.9186102800386078,0.9707170543388477
0.293,6.89621648669505,0.8483386401140726,0.9958189378793383,0.9993209420867576,0.9992529996519527,0.9919812596364794,0.99782914488636,0.9995334160447529,0.9998857980330228,0.9999147045780635,0.9997275691783802,0.9994571609068538,0.996911627578344,0.9815975884242083,0.9721613298467418,0.9500197537850774,0.9190034939134221,0.9708436532144068
0.294,6.9087226370882036,0.8489138062624394,0.9958615741346462,0.9993299850297556,0.999262806350486,0.9920528312348498,0.9978538354243381,0.9995401004848186,0.9998877338884868,0.9999161846700827,0.9997316926675558,0.999464722689339,0.9969450222648993,0.981737418602098,0.9723528273643293,0.9503084029733615,0.9193935209288462,0.9709692114402297
0.295,6.921188980106101,0.8494849257470476,0.9959036372615612,0.9993388787896854,0.9992724530627695,0.992123531907856,0.9978781657148992,0.9995466678277265,0.9998896307842348,0.9999176343855087,0.999735740609694,0.9994721549636971,0.9969779481562551,0.9818757303712073,0.9725423809213759,0.9505944385760753,0.9197803953391386,0.9710937410574366
0.296,6.933615705508475,0.8500520370216854,0.9959451366196815,0.9993476262580935,0.9992819428610286,0.9921933747347766,0.9979021420526529,0.9995531204649355,0.9998914896181801,0.9999190544366664,0.9997397146091405,0.9994794603245563,0.9970104131802137,0.9820125444685648,0.9727300156376234,0.95087789134626,0.9201641509446774,0.9712172539269306
0.297,6.9460030018508725,0.8506151780869731,0.9959860813900915,0.9993562302625724,0.9992912787500758,0.9922623725631148,0.9979257706050467,0.9995594607324914,0.9998933112650547,0.9999204455171972,0.9997436162317349,0.999486641307416,0.9970424251089922,0.9821478812933275,0.972915756242797,0.9511587915966947,0.9205448210990858,0.9713397617327204
0.298,6.958351056494193,0.8511743864966879,0.996026480579243,0.9993646935683451,0.9993004636689692,0.9923305380133168,0.9979490574152716,0.9995656909124577,0.9998950965770684,0.9999218083025991,0.999747447005838,0.9994937003901525,0.9970739915626851,0.9822817609131493,0.9730996270836446,0.9514371692072859,0.9209224387162278,0.971461275985166
0.299,6.970660055614127,0.851729699363986,0.9960663430227427,0.9993730188798058,0.9993095004926246,0.992397883483382,0.9979720084050926,0.9995718132343063,0.9998968463845497,0.9999231434507505,0.9997512084233279,0.9995006399944806,0.9971051200126394,0.9824142030704132,0.9732816521308294,0.9517130536323154,0.9212970362770774,0.9715818080241567
0.3,6.9829301842105265,0.8522811533675259,0.9961056773890463,0.9993812088420179,0.9993183920333855,0.9924644211533672,0.9979946293776091,0.9995778298762675,0.9998985614965649,0.9999244516024158,0.9997549019405686,0.9995074624873759,0.9971358177847482,0.982545227188331,0.9734618549856827,0.9519864739075482,0.9216686458364641,0.9717013690222188
0.301,6.9951616261166585,0.8528287847574929,0.9961444921830642,0.9993892660421715,0.9993271410425499,0.9925301629897888,0.998016926019944,0.9995837429666434,0.9999002427015198,0.9999257333817372,0.9997585289793496,0.9995141701824566,0.9971660920626618,0.9826748523769134,0.9736402588868185,0.9522574586572056,0.9220372990296959,0.9718199699875544
0.302,7.007354564008395,0.8533726293615279,0.9961827957496789,0.9993971930110023,0.9993357502118556,0.9925951207499233,0.9980389039058651,0.9995895545850828,0.9999018907677413,0.999926989396709,0.9997620909277973,0.9995207653413272,0.997195949890919,0.9828030974388127,0.9738168867166128,0.9525260361008048,0.9224030270790649,0.9719376217670181
0.303,7.019509179413306,0.8539127225905616,0.9962205962771787,0.9994049922241703,0.9993442221749262,0.9926593059860112,0.9980605684983419,0.9995952667638218,0.9999035064440421,0.9999282202396393,0.9997655891412625,0.9995272501748842,0.9972253981780034,0.9829299808750427,0.9739917610075527,0.9527922340598679,0.9227658608002345,0.9720543350490265
0.304,7.031625652719666,0.8544490994445554,0.9962579018006076,0.9994126661036032,0.9993525595086775,0.9927227300493648,0.9980819251520358,0.9996008814888881,0.999905090460268,0.9999294264875956,0.999769024943179,0.999533626844587,0.9972544436993226,0.983055520890578,0.9741649039484547,0.9530560799645048,0.923125830608514,0.9721701203664065
0.305,7.043704163185379,0.8549817945181527,0.9962947202050357,0.9994202170188017,0.9993607647346869,0.9927854040943844,0.9981029791157299,0.9996064007012727,0.9999066435278274,0.9999306087028372,0.9997723996259004,0.9995398974636921,0.9972830931001163,0.9831797353998352,0.9743363373905594,0.9533176008598703,0.9234829665250204,0.972284988099182
0.306,7.05574488894682,0.8555108420062386,0.9963310592287511,0.9994276472881112,0.9993688403205261,0.9928473390824818,0.9981237355346971,0.9996118262980683,0.9999081663402067,0.9999317674332345,0.999775714451511,0.9995460640984544,0.9973113528982926,0.9833026420320381,0.9745060828535017,0.953576823412499,0.9238372981827304,0.9723989484773032
0.307,7.06774800702759,0.8560362757094142,0.9963669264663755,0.999434959179959,0.9993767886810578,0.9929085457859176,0.99814419945301,0.9996171601335766,0.9999096595734679,0.999932903212675,0.9997789706526143,0.9995521287692954,0.9973392294871954,0.9834242581364728,0.9746741615311622,0.9538337739165231,0.9241888548324264,0.9725120115833151
0.308,7.079713693347194,0.8565581290393819,0.9964023293719055,0.999442154914058,0.9993846121796988,0.9929690347915514,0.9981643758157923,0.999622404020384,0.9999111238867321,0.9999340165614569,0.9997821694330983,0.9995580934519391,0.9973667291383048,0.9835446007876311,0.9748405942973998,0.9540884782997697,0.9245376653485357,0.9726241873549725
0.309,7.091642122729631,0.8570764350242488,0.9964372752616822,0.9994492366625789,0.9993923131296485,0.9930288165045082,0.9981842694714149,0.9996275597304086,0.9999125599226482,0.9999351079866705,0.9997853119688797,0.9995639600785164,0.997393858003872,0.9836636867902468,0.9750054017116708,0.9543409621297475,0.9248837582348668,0.9727354855877971
0.31,7.103533468911917,0.8575912263137444,0.99647177131729,0.9994562065512911,0.9993998937950864,0.9930879011517636,0.9982038851736384,0.9996326289959174,0.999913968307848,0.9999361779825682,0.9997883994086263,0.9995697305386407,0.9974206221194912,0.9837815326842294,0.975168604024535,0.9545912506195184,0.9252271616302462,0.9728459159375829
0.311,7.115387904552509,0.8581025351843581,0.9965058245883873,0.9994630666606725,0.9994073563923368,0.9931462987856478,0.9982232275837016,0.9996376135105159,0.9999153496533864,0.9999372270309228,0.9997914328744597,0.9995754066804532,0.9974470274066085,0.9838981547494925,0.9753302211830526,0.9548393686334617,0.9255679033140543,0.9729554879228479
0.312,7.12720560123967,0.8586103935443957,0.9965394419954698,0.9994698190269918,0.999414703091003,0.9932040192872735,0.9982423012723591,0.9996425149301107,0.9999167045551691,0.9999382556013755,0.999794413462637,0.9995809903116398,0.9974730796749717,0.9840135690106852,0.975490272836073,0.9550853406929303,0.925906010711665,0.9730642109272359
0.313,7.1389867294997424,0.8591148329389575,0.9965726303325703,0.9994764656433603,0.9994219360150726,0.9932610723698871,0.9982611107218695,0.9996473348738449,0.9999180335943683,0.9999392641517725,0.999797342244214,0.9995864832004215,0.9974987846250205,0.9841277912418235,0.9756487783394204,0.9553291909818008,0.9262415108997906,0.9731720942018673
0.314,7.150731458805356,0.8596158845548383,0.9966053962698933,0.9994830084607569,0.9994290572439931,0.9933174675821452,0.9982796603279335,0.9996520749250092,0.9999193373378236,0.9999402531284919,0.99980022026569,0.999591887076517,0.9975241478502204,0.9842408369708286,0.9758057567609751,0.9555709433519228,0.9265744306117328,0.9732791468676405
0.315,7.162439957583548,0.8601135792253518,0.99663774635639,0.9994894493890265,0.9994360688137196,0.9933732143113205,0.9982979544015864,0.9996567366319269,0.9999206163384334,0.9999412229667612,0.9998030485496335,0.9995972036320798,0.99754917483934,0.9843527214839705,0.9759612268856553,0.9558106213284656,0.9269047962425432,0.9733853779174886
0.316,7.174112393223819,0.8606079474350798,0.9966696870222721,0.9994957902978516,0.9994429727177354,0.9934283217864358,0.9983159971710435,0.9996613215088158,0.999921871135534,0.9999421740909639,0.9998058280952912,0.9996024345226103,0.9975738709786756,0.9844634598302207,0.9761152072203014,0.9560482481151674,0.9272326338540929,0.973490796218586
0.317,7.18574893208611,0.861099019324548,0.9967012245814668,0.9995020330176991,0.999449770908046,0.9934827990813302,0.9983337927835003,0.9996658310366261,0.9999231022552658,0.9999431069149379,0.9998085598791796,0.9996075813678433,0.9975982415542213,0.9845730668255173,0.9762677159984632,0.9562838465994877,0.9275579691800555,0.9735954105145125
0.318,7.1973497395087005,0.8615868246948304,0.9967323652340162,0.9995081793407417,0.9994564652961474,0.9935366551176579,0.9983513453068906,0.9996702666638559,0.9999243102109315,0.9999440218422653,0.9998112448556605,0.9996126457526121,0.9976222917537891,0.9846815570569416,0.9764187711850945,0.956517439357665,0.9278808276308038,0.9736992294273709
0.319,7.208914979816045,0.8620713930120811,0.9967631150684202,0.9995142310217562,0.999463057753969,0.9935898986678217,0.9983686587316005,0.9996746298073449,0.9999254955033411,0.9999449192665517,0.9998138839575001,0.9996176292276886,0.997646026669079,0.9847889448868111,0.9765683904811552,0.9567490486596818,0.9282012342982217,0.9738022614598648
0.32,7.220444816326531,0.8625527534119981,0.9967934800639253,0.9995201897789979,0.9994695501147935,0.9936425383578428,0.9983857369721421,0.999678921853046,0.9999266586211486,0.9999457995716998,0.9998164780964126,0.9996225333106026,0.9976694512976987,0.9848952444566886,0.9767165913281243,0.956978696474139,0.9285192139604336,0.9739045149973304
0.321,7.231939411360163,0.8630309347042178,0.9968234660927615,0.999526057295053,0.9994759441741511,0.993694582670168,0.9984025838687861,0.9996831441567771,0.9999278000411774,0.9999466631321723,0.9998190281635887,0.9996273594864382,0.9976925705451385,0.9850004696913105,0.9768633909124245,0.9572064044730422,0.9288347910864527,0.974005998309729
0.322,7.2433989262461855,0.8635059653766416,0.9968530789223271,0.999531835217668,0.9994822416906927,0.9937460399464167,0.9984192031891566,0.9996872980449522,0.9999289202287375,0.9999475103132486,0.9998215350302104,0.9996321092086096,0.9977153892266979,0.9851046343024363,0.9770088061697614,0.9574321940364993,0.9291479898407503,0.974106719553599
0.323,7.254823521330625,0.8639778735996984,0.9968823242173236,0.9995375251605588,0.9994884443870393,0.9937969183900683,0.9984355986297864,0.9996913848152927,0.9999300196379323,0.9999483414712736,0.9998239995479504,0.9996367838996162,0.9977379120693679,0.9852077517926199,0.9771528537893786,0.9576560862573346,0.9294588340877455,0.9742066867739696
0.324,7.266213355983774,0.8644466872305387,0.9969112075418424,0.9995431287041989,0.9994945539506115,0.9938472260690914,0.9984517738176356,0.9996954057375212,0.9999310987119572,0.9999491569538989,0.9998264225494582,0.9996413849517782,0.9977601437136695,0.9853098354589057,0.9772955502182308,0.9578781019456186,0.9297673473962207,0.9743059079062338
0.325,7.277568588607595,0.8649124338171695,0.9969397343614028,0.9995486473965866,0.9995005720344354,0.9938969709185173,0.9984677323115746,0.9996993620540346,0.9999321578833889,0.9999499571003163,0.9998288048488334,0.9996459137279529,0.9977820887154494,0.9854108983964504,0.9774369116650763,0.9580982616331161,0.93007355304366,0.9744043907779872
0.326,7.288889376643074,0.8653751406025215,0.9969679100449453,0.9995540827539933,0.9995065002579308,0.9939461607429573,0.9984834776038309,0.999703254980561,0.999933197574467,0.9999507422414861,0.9998311472420858,0.9996503715622314,0.9978037515476339,0.9855109535020724,0.9775769541044909,0.9583165855776536,0.9303774740205155,0.9745021431108261
0.327,7.3001758765774865,0.8658348345284583,0.9969957398667784,0.999559436261693,0.999512340207677,0.9939948032190679,0.9984990131214027,0.9997070857067989,0.9999342181973669,0.9999515127003572,0.9998334505075821,0.9996547597606182,0.9978251366019428,0.9856100134777308,0.9777156932808048,0.9585330937674101,0.9306791330344008,0.9745991725221145
0.328,7.311428243951613,0.8662915422397225,0.9970232290084812,0.9995647093746723,0.9995180934381612,0.9940429058979613,0.9985143422274381,0.9997108553970393,0.9999352201544651,0.9999522687920811,0.999835715406482,0.9996590796016931,0.9978462481905631,0.9857080908339347,0.9778531447119645,0.9587478059251283,0.9309785525142135,0.9746954865267118
0.329,7.322646633366885,0.8667452900878245,0.9970503825607648,0.9995699035183235,0.9995237614725065,0.9940904762075665,0.9985294682225825,0.9997145651907714,0.9999362038385966,0.9999530108242202,0.9998379426831614,0.9996633323372541,0.9978670905477839,0.9858051978930852,0.9779893236933207,0.9589607415122526,0.9312757546141894,0.97479109253867
0.33,7.3338311984924625,0.8671961041348706,0.9970772055252901,0.9995750200891195,0.9995293458031832,0.9941375214549392,0.9985443943462942,0.9997182162032726,0.9999371696333055,0.9999537390969494,0.9998401330656241,0.9996675191929465,0.9978876678315953,0.9859013467927513,0.9781242453013442,0.9591719197329924,0.9315707612178875,0.9748859978728945
0.331,7.344982092072253,0.8676440101573343,0.9971037028164454,0.9995800604552714,0.9995348478927002,0.9941840488285231,0.9985591237781284,0.9997218095261831,0.9999381179130873,0.9999544539032521,0.9998422872659034,0.9996716413688732,0.997907984125249,0.9859965494888806,0.9782579243972711,0.9593813595383128,0.9318635939421084,0.9749802097467754
0.332,7.356099465931864,0.868089033649772,0.9971298792630843,0.9995850259573706,0.9995402691742814,0.9942300654003636,0.9985736596389927,0.9997253462280647,0.9999390490436256,0.9999551555291109,0.9998444059804517,0.9996757000401909,0.9979280434387837,0.9860908177589476,0.9783903756306793,0.9595890796298552,0.9321542741407476,0.9750737352817832
0.333,7.367183470985493,0.8685311998284811,0.9971557396102246,0.9995899179090139,0.9995456110525236,0.9942755781282755,0.9985880049923717,0.9997288273549466,0.9999399633820214,0.9999558442536916,0.99984648989052,0.9996796963576898,0.9979478497105165,0.9861841632050393,0.9785216134429969,0.9597950984637873,0.9324428229085849,0.9751665815050379
0.334,7.378234257242758,0.868970533635105,0.9971812885207096,0.9995947375974131,0.9995508749040384,0.994320593857963,0.9986021628455236,0.9997322539308554,0.9999408612770153,0.9999565203495234,0.9998485396625281,0.9996836314483595,0.9979674068084997,0.9862765972568808,0.9786516520709446,0.9599994342545863,0.9327292610850094,0.975258755350843
0.335,7.389251973815461,0.8694070597401837,0.9972065305768322,0.9995994862839899,0.9995560620780788,0.9943651193250983,0.9986161361506499,0.9997356269583321,0.9999417430692048,0.9999571840826734,0.9998505559484235,0.9996875064159393,0.9979867185319441,0.9863681311748015,0.9787805055499137,0.9602021049787544,0.9330136092576841,0.9753502636621929
0.336,7.4002367689243025,0.8698408025466513,0.9972314702819232,0.9996041652049549,0.9995611738971494,0.9944091611573542,0.9986299278060368,0.9997389474189355,0.999942609091254,0.999957835712915,0.999852539386032,0.9996913223414554,0.9980057886126114,0.9864587760526433,0.9789081877172799,0.9604031283784686,0.9332958877661488,0.9754411131922516
0.337,7.411188789905521,0.8702717861932818,0.9972561120619042,0.9996087755718734,0.9995662116576018,0.9944527258763961,0.9986435406571703,0.9997422162737336,0.9999434596680984,0.9999584754938929,0.9998544905993978,0.9996950802837443,0.9980246207161738,0.986548542820613,0.979034712215656,0.960602521965168,0.9335761167053639,0.9755313106057995
0.338,7.422108183217478,0.8707000345580844,0.9972804602668068,0.9996133185722167,0.9995711766302163,0.9944958198998308,0.9986569774978267,0.9997454344637803,0.9999442951171434,0.9999591036732837,0.9998564101991155,0.9996987812799617,0.9980432184435442,0.9866374422480778,0.9791600924960828,0.9608003030230766,0.9338543159291962,0.975620862480656
0.339,7.4329950944472,0.8711255712616468,0.9973045191722577,0.9996177953698993,0.9995760700607673,0.9945384495431169,0.9986702410711367,0.9997486029105814,0.9999451157484576,0.9999597204929491,0.9998582987826533,0.9997024263460803,0.998061585332175,0.986725484946308,0.9792843418211613,0.9609964886126646,0.934130505053846,0.9757097753090734
0.34,7.443849668316831,0.8715484196704311,0.9973282929809313,0.9996222071058033,0.9995808931705766,0.9945806210214339,0.9986833340706259,0.999751722516549,0.9999459218649599,0.9999603261890891,0.9998601569346668,0.9997060164773738,0.9980797248573301,0.9868126813711657,0.9794074732681264,0.9611910955740506,0.9344047034612194,0.9757980554991045
0.341,7.454672048690065,0.8719686029000197,0.9973517858239712,0.9996265548982903,0.9995856471570526,0.9946223404515135,0.9986962591412312,0.9997547941654424,0.9999467137626027,0.9999609209923869,0.9998619852273056,0.9997095526488887,0.9980976404333253,0.986899041825743,0.979529499731863,0.9613841405303434,0.9346769303022449,0.9758857093759433
0.342,7.465462378578479,0.8723861438183143,0.9973750017623797,0.9996308398436999,0.9995903331942161,0.9946636138534335,0.9987090188802938,0.9997578187227998,0.9999474917305485,0.9999615051281515,0.999863784220511,0.9997130358159054,0.9981153354147442,0.986984576462947,0.9796504339278671,0.9615756398909256,0.9349472045001349,0.9759727431832432
0.343,7.476220800147857,0.8728010650486868,0.9973979447883777,0.9996350630168365,0.9995949524332134,0.9947044471523736,0.9987216158385301,0.9997607970363577,0.9999482560513429,0.9999620788164572,0.9998655544623064,0.9997164669143856,0.9981328130976249,0.9870692952880383,0.979770288395152,0.961765609854682,0.9352155447535958,0.976059163084405
0.344,7.486947454724409,0.873213388973086,0.9974206188267346,0.9996392254714433,0.9995995060028173,0.9947448461803368,0.9987340525209798,0.99976372993646,0.9999490070010817,0.9999626422722765,0.9998672964890799,0.9997198468614109,0.9981500767206212,0.987153208161118,0.9798890754991001,0.9619540664131692,0.9354819695399843,0.9761449751638471
0.345,7.497642482800983,0.8736231377350957,0.9974430277360694,0.9996433282406672,0.9996039950099154,0.9947848166778339,0.9987463313879333,0.9997666182364574,0.9999497448495742,0.9999631957056122,0.9998690108258599,0.9997231765556086,0.9981671294661381,0.9872363247995687,0.9800068074342635,0.9621410253537338,0.9357464971184128,0.976230185428247
0.346,7.508306024043179,0.874030333242952,0.9974651753101239,0.9996473723375087,0.9996084205399867,0.9948243642955354,0.9987584548558374,0.9997694627330953,0.9999504698605016,0.9999637393216236,0.9998706979865826,0.9997264568775676,0.9981839744614415,0.987318654780449,0.980123496227112,0.9623265022625745,0.9360091455328057,0.9763147998077611
0.347,7.518938217295444,0.8744349971725128,0.9974870652790085,0.9996513587552643,0.9996127836575676,0.9948634945958881,0.9987704252981809,0.9997722642068931,0.9999511822915709,0.9999642733207506,0.9998723584743537,0.9997296886902443,0.9982006147797448,0.9874002075428417,0.9802391537387319,0.9625105125277529,0.936269932614904,0.9763988241572227
0.348,7.529539200587083,0.8748371509701874,0.9975087013104205,0.999655288467956,0.9996170854067051,0.9949022130547,0.9987822450463607,0.9997750234225139,0.9999518823946648,0.9999647978988327,0.9998739927817026,0.9997328728393574,0.99821705344127,0.9874809923901582,0.9803537916674746,0.9626930713421515,0.9365288759872241,0.976482264257317
0.349,7.540109111138251,0.875236815855821,0.9975300870108367,0.9996591624307517,0.9996213268114006,0.9949405250626923,0.9987939163905271,0.9997777411291239,0.9999525704159878,0.9999653132472275,0.9998756013908304,0.9997360101537743,0.9982332934142866,0.987561018492398,0.980467421551557,0.9628741937063829,0.936785993065967,0.9765651258157331
0.35,7.550648085365854,0.8756340128255389,0.9975512259266808,0.9996629815803741,0.9996255088760417,0.9949784359270211,0.9988054415804118,0.9997804180607444,0.9999532465962078,0.9999658195529225,0.9998771847738509,0.9997391014458868,0.9982493376161276,0.9876402948883676,0.9805800547716157,0.9630538944316474,0.9370413010638815,0.9766474144682977
0.351,7.56115625888943,0.8760287626545488,0.997572121545465,0.9996667468355019,0.9996296325858256,0.9950159508727667,0.9988168228261363,0.9997830549365931,0.9999539111705933,0.9999663169986464,0.9998787433930264,0.9997421475119775,0.9982651889141825,0.987718830487855,0.9806917025532129,0.963232188142543,0.9372948169930817,0.976729135780083
0.352,7.571633766536964,0.8764210858999034,0.997592777296908,0.9996704590971586,0.99963369890717,0.9950530750443951,0.9988280622990023,0.999785652461419,0.9999545643691484,0.9999668057629759,0.9998802777009963,0.9997451491325787,0.9982808501268702,0.9877966340737657,0.9808023759692993,0.9634090892798279,0.9375465576678197,0.9768102952465012
0.353,7.582080742350656,0.8768110029032224,0.9976131965540285,0.9996741192490947,0.9996377087881161,0.9950898135071878,0.9988391621322655,0.999788211325827,0.9999552064167432,0.9999672860204407,0.999881788141001,0.9997481070728206,0.998296324024589,0.987873714304217,0.9809120859426296,0.9635846121031352,0.9377965397072126,0.9768908982943725
0.354,7.592497319592628,0.8771985337933759,0.9976333826342161,0.9996777281581587,0.9996416631587215,0.9951261712486453,0.9988501244218906,0.9997907322065956,0.9999558375332401,0.9999677579416243,0.9998832751470994,0.9997510220827718,0.9983116133306474,0.9879500797145935,0.9810208432481377,0.9637587706936426,0.938044779537928,0.9769709502829759
0.355,7.602883630750606,0.8775836984891281,0.9976533388002793,0.9996812866746609,0.9996455629314431,0.9951621531798603,0.9988609512272911,0.999793215766987,0.9999564579336181,0.999968221693263,0.9998847391443805,0.9997538948977722,0.9983267207221735,0.9880257387195642,0.9811286585152663,0.963931578956696,0.9382912933968259,0.9770504565050839
0.356,7.61323980754352,0.877966516701746,0.9976730682614712,0.999684795632727,0.9996494090015124,0.9951977641368654,0.9988716445720519,0.9997956626570482,0.9999570678280921,0.999968677438342,0.9998861805491707,0.9997567262387564,0.9983416488310064,0.988100699615063,0.9812355422302569,0.9641030506243906,0.938536097333559,0.9771294221879716
0.357,7.623565980927089,0.8783470079375666,0.9976925741744936,0.9996882558506446,0.9996532022473003,0.9952330088819531,0.9988822064446362,0.9997980735139059,0.9999576674222309,0.9999691253361884,0.9998875997692349,0.9997595168125702,0.9983564002445664,0.9881749705802299,0.9813415047383968,0.9642731992581064,0.9387792072131311,0.9772078524944146
0.358,7.633862281099325,0.8787251915005314,0.9977118596444803,0.9996916681312006,0.9996569435306744,0.9952678921049692,0.9988926387990767,0.999800448962054,0.9999582569170701,0.9999695655425627,0.9998889972039731,0.9997622673122792,0.9983709775067083,0.9882485596793188,0.9814465562462276,0.9644420382510029,0.9390206387184163,0.9772857525236656
0.359,7.6441288375060195,0.8791010864946819,0.9977309277259593,0.9996950332620116,0.9996606336973479,0.9953024184245818,0.998902943555652,0.9998027896136332,0.999958836509223,0.9999699982097464,0.9998903732446115,0.9997649784174697,0.9983853831185551,0.9883214748635689,0.9815507068237138,0.9646095808304714,0.9392604073526379,0.9773631273124123
0.36,7.654365778846152,0.8794747118266218,0.9977497814237951,0.9996983520158451,0.9996642735772201,0.9953365923895238,0.9989131226015475,0.9998050960687049,0.9999594063909891,0.9999704234866288,0.9998917282743894,0.9997676507945428,0.9983996195393148,0.9883937239730406,0.9816539664063721,0.9647758400605462,0.9394985284418087,0.97743998183572
0.361,7.664573233077293,0.8798460862079425,0.9977684236941115,0.9997016251509347,0.9996678639847081,0.9953704184798123,0.998923177791503,0.9998073689155179,0.9999599667504578,0.9999708415187898,0.999893062668741,0.9997702850970008,0.9984136891870788,0.9884653147384191,0.9817563447973638,0.9649408288442758,0.9397350171371319,0.9775163210079579
0.362,7.674751327420901,0.8802152281576151,0.9977868574451946,0.9997048534112872,0.9996714057190729,0.9954039011079431,0.9989331109484445,0.9998096087307679,0.9999605177716119,0.9999712524485819,0.9998943767954724,0.9997728819657276,0.9984275944396046,0.9885362547827842,0.9818578516695501,0.965104559926055,0.939969888417367,0.9775921496837063
0.363,7.684900188367641,0.8805821560043486,0.9978050855383777,0.9997080375269819,0.9996748995647355,0.9954370446200618,0.9989429238641043,0.9998118160798521,0.9999610596344256,0.9999716564152091,0.9998956710149353,0.9997754420292608,0.9984413376350801,0.9886065516233469,0.9819584965675099,0.9652670458939179,0.9402031570911551,0.977667472658651
0.364,7.695019941682599,0.8809468878889147,0.9978231107889072,0.9997111782144641,0.9996783462915877,0.9954698532971121,0.9989526182996256,0.9998139915171168,0.9999615925149625,0.9999720535548047,0.9998969456801943,0.99977796590406,0.9984549210728737,0.9886762126731556,0.9820582889095237,0.9654282991817922,0.9404348377993115,0.9777422946704569
0.365,7.7051107124105025,0.8813094417664393,0.997840935966791,0.9997142761768307,0.9996817466552939,0.9955023313559628,0.9989621959861554,0.9998161355860988,0.999962116585469,0.9999724440005048,0.9998982011371929,0.9997804541947651,0.9984683470142667,0.9887452452427699,0.9821572379895216,0.965588332071718,0.9406649450170804,0.9778166203996337
0.366,7.715172624880838,0.8816698354086631,0.9978585637976294,0.9997173321041106,0.9996851013975874,0.99553448295051,0.9989716586254246,0.9998182488197616,0.9999626320144662,0.9999728278825231,0.9998994377249124,0.999782907494452,0.9984816176831712,0.988813656541904,0.9822553529789968,0.965747156696029,0.9408934930563562,0.9778904544703773
0.367,7.725205802712994,0.8820280864061683,0.9978759969634284,0.9997203466735367,0.9996884112465596,0.9955663121727611,0.9989810078903143,0.9998203317407253,0.9999631389668397,0.9999732053282205,0.9999006557755291,0.9997853263848797,0.9984947352668335,0.9888814536810415,0.9823526429288865,0.9659047850394968,0.9411204960678682,0.9779638014514048
0.368,7.735210368821292,0.8823842121705768,0.997893238103397,0.9997233205498127,0.9996916769169415,0.9955978230538961,0.9989902454254111,0.9998223848614916,0.9999636376039259,0.9999735764621754,0.9999018556145666,0.9997877114367327,0.9985077019165206,0.9889486436730189,0.9824491167714192,0.9660612289414425,0.9413459680433343,0.9780366658567686
0.369,7.745186445420028,0.8827382299367157,0.9979102898147275,0.9997262543853743,0.99969489911038,0.9956290195653078,0.9989993728475508,0.999824408684663,0.9999641280835971,0.9999739414062504,0.9999030375610439,0.9997900632098575,0.998520519748195,0.9890152334345821,0.9825447833219298,0.9662165000978109,0.941569922817579,0.9781090521466603
0.37,7.755134154028436,0.8830901567647527,0.99792715465336,0.999729148820643,0.9996980785157075,0.9956599056196235,0.9990083917463486,0.999826403703157,0.9999646105603439,0.999974300279658,0.9999042019276215,0.9997923822534933,0.9985331908431728,0.9890812297879132,0.9826396512806437,0.9663706100632129,0.9417923740706213,0.9781809647281972
0.371,7.765053615475628,0.8834400095423026,0.9979438351347315,0.9997320044842751,0.9997012158092048,0.9956904850717057,0.9990173036847202,0.9998283704004144,0.9999650851853554,0.9999746531990241,0.9999053490207421,0.9997946691064975,0.9985457172487703,0.9891466394621315,0.982733729234429,0.9665235702529338,0.9420133353297278,0.9782524079561996
0.372,7.774944949905481,0.8837878049865046,0.9979603337345097,0.9997348219934047,0.9997043116548587,0.9957207617196342,0.9990261101993905,0.999830309250604,0.9999655521065977,0.999975000278451,0.9999064791407688,0.9997969242975658,0.9985581009789354,0.9892114690947664,0.982827025658519,0.9666753919449083,0.9422328199714366,0.9783233861339496
0.373,7.784808276781502,0.8841335596460688,0.9979766528893114,0.999737601953881,0.9997073667046138,0.9957507393056694,0.9990348128013914,0.9998322207188217,0.9999660114688896,0.9999753416295774,0.99990759258212,0.9997991483454471,0.9985703440148669,0.9892757252332033,0.9829195489182045,0.9668260862816644,0.9424508412235494,0.9783939035139398
0.374,7.794643714891611,0.8844772899032972,0.9979927949974071,0.9997403449605,0.9997103815986177,0.9957804215171965,0.99904341297655,0.9998341052612842,0.9999664634139778,0.9999756773616368,0.9999086896334006,0.9998013417591535,0.9985824483056206,0.9893394143361053,0.9830113072704977,0.9669756642722356,0.9426674121670928,0.9784639642986095
0.375,7.804451382352942,0.8848190119760745,0.998008762419411,0.9997430515972321,0.9997133569654615,0.9958098119876526,0.9990519121859652,0.9998359633255198,0.9999669080806078,0.9999760075815161,0.9999097705775298,0.9998035050381654,0.9985944157687031,0.9894025427748075,0.9831023088657654,0.9671241367940413,0.9428825457382504,0.978533572641066
0.376,7.814231396616541,0.8851587419198327,0.9980245574789566,0.9997457224374428,0.999716293422415,0.9958389142974353,0.9990603118664755,0.9998377953505526,0.999967345604596,0.9999763323938103,0.999910835691867,0.9998056386726314,0.9986062482906525,0.9894651168346884,0.9831925617493372,0.9672715145947378,0.9430962547302654,0.9786027326457949
0.377,7.823983874472081,0.8854964956294871,0.998040182463359,0.9997483580441096,0.9997191915756554,0.9958677319747944,0.9990686134311159,0.9998396017670848,0.9999677761188968,0.9999766519008777,0.999911885248333,0.9998077431435646,0.9986179477276086,0.9895271427165151,0.983282073863083,0.9674178082940391,0.9433085517953141,0.9786714483693589
0.378,7.833708932052483,0.8858322888413483,0.9980556396242648,0.9997509589700335,0.9997220520204925,0.9958962684967068,0.9990768182695656,0.9998413829976718,0.9999681997536707,0.9999769662028924,0.9999129195135296,0.9998098189230329,0.9986295159058697,0.9895886265377656,0.9833708530469656,0.9675630283855083,0.9435194494463516,0.9787397238210829
0.379,7.843406684838559,0.8861661371350052,0.9980709311782872,0.9997535257580463,0.9997248753415876,0.9959245272897345,0.9990849277485869,0.9998431394568966,0.9999686166363486,0.9999772753978966,0.9999139387488554,0.9998118664743462,0.9986409546224397,0.9896495743339272,0.9834589070405659,0.9677071852383207,0.9437289600589284,0.9788075629637293
0.38,7.853077247663551,0.8864980559351833,0.99808605930763,0.9997560589412122,0.999727662113168,0.9959525117308667,0.9990929432124535,0.9998448715515368,0.9999690268916958,0.99997757958185,0.9999149432106198,0.9998138862522383,0.9986522656455625,0.9897099920597726,0.9835462434845824,0.9678502890989976,0.9439370958729815,0.9788749697141602
0.381,7.862720734717687,0.8868280605135782,0.9981010261606978,0.9997585590430258,0.9997304128992366,0.9959802251483458,0.9991008659833711,0.99984657968073,0.9999694306418737,0.9999778788486796,0.9999159331501531,0.9998158787030458,0.9986634507152462,0.9897698855906126,0.9836328699223046,0.9679923500931142,0.9441438689945967,0.9789419479439898
0.382,7.872337259552656,0.8871561659906632,0.9981158338526955,0.9997610265776056,0.999733128253777,0.996007670822478,0.9991086973618888,0.9998482642361344,0.9999698280065004,0.9999781732903271,0.9999169088139148,0.9998178442648813,0.9986745115437766,0.9898292607235273,0.9837187938010623,0.9681333782269781,0.9443492913977461,0.9790085014802248
0.383,7.881926935086087,0.8874823873374721,0.9981304844662146,0.9997634620498821,0.9997358087209539,0.9960348519864283,0.999116438627302,0.9998499256020856,0.9999702191027086,0.9999784629967955,0.999917870443599,0.9998197833678039,0.9986854498162203,0.9898881231785749,0.9838040224736497,0.9682733833892829,0.9445533749259979,0.979074634105895
0.384,7.891489873605947,0.8878067393773588,0.998144980051808,0.9997658659557834,0.9997384548353089,0.9960617718270016,0.9991240910380468,0.9998515641557508,0.9999706040452041,0.9999787480561941,0.9999188182762375,0.9998216964339853,0.9986962671909175,0.9899464785999806,0.9838885631997256,0.9684123753527345,0.9447561312942021,0.9791403495606716
0.385,7.901026186774942,0.8881292367877316,0.9981593226285546,0.9997682387824154,0.9997410671219522,0.9960884334854079,0.9991316558320857,0.9998531802672773,0.9999709829463208,0.9999790285547833,0.9999197525442998,0.9998235838778725,0.9987069652999643,0.9900043325573039,0.9839724231471898,0.9685503637756516,0.9449575720901503,0.9792056515414786
0.386,7.910535985634847,0.8884498941017658,0.9981735141846111,0.9997705810082382,0.9997436460967503,0.9961148400580141,0.9991391342272873,0.9998547742999403,0.9999713559160756,0.9999793045770168,0.9999206734757919,0.9998254461063459,0.9987175457496865,0.9900616905465845,0.9840556093935368,0.968687358203542,0.945157708776211,0.9792705437030885
0.387,7.920019380610829,0.8887687257100905,0.9981875566777545,0.9997728931032392,0.9997461922665088,0.9961409945970816,0.9991465274217954,0.9998563466102848,0.9999717230622208,0.9999795762055845,0.9999215812943517,0.9998272835188748,0.9987280101211023,0.9901185579914706,0.984138128927186,0.9688233680706522,0.9453565526909403,0.979335029658714
0.388,7.92947648151571,0.8890857458624553,0.9982014520359123,0.9997751755291013,0.9997487061291522,0.9961669001114902,0.9991538365943927,0.9998578975482662,0.9999720844902968,0.9999798435214526,0.9999224762193423,0.9998290965076689,0.9987383599703773,0.9901749402443253,0.9842199886487906,0.9689584027014942,0.9455541150506696,0.9793991129805861
0.389,7.938907397554224,0.8894009686693731,0.998215202157684,0.9997774287393688,0.9997511881738986,0.9961925595674485,0.9991610629048561,0.9998594274573859,0.9999724403036818,0.9999801066039038,0.9999233584659437,0.9998308854578266,0.9987485968292686,0.9902308425873148,0.9843011953725234,0.9690924713123477,0.9457504069510683,0.9794627972005238
0.39,7.948312237327189,0.8897144081037407,0.9982288089128508,0.9997796531796082,0.9997536388814316,0.9962179758891909,0.9991682074943044,0.9998609366748259,0.9999727906036413,0.9999803655305759,0.999924228245242,0.9998326507474792,0.9987587222055623,0.9902862702334779,0.9843817558273421,0.969225583012738,0.9459454393686851,0.9795260858104945
0.391,7.957691108835712,0.8900260780024383,0.9982422741428767,0.9997818492875664,0.9997560587240678,0.9962431519596627,0.9991752714855401,0.9998624255315781,0.9999731354893757,0.9999806203774998,0.9999250857643159,0.9998343927479332,0.998768737583499,0.9903412283277766,0.9844616766582334,0.9693577468068922,0.9461392231624656,0.979588982263165
0.392,7.967044119485293,0.8903359920679068,0.9982555996613985,0.9997840174933251,0.9997584481659212,0.9962680906211915,0.9991822559833827,0.9998638943525721,0.9999734750580676,0.9999808712191365,0.9999259312263223,0.999836111823808,0.998778644424195,0.9903957219481287,0.9845409644274353,0.9694889715951717,0.9463317690752473,0.9796514899724436
0.393,7.97637137608995,0.8906441638697047,0.998268787254708,0.9997861582194523,0.9997608076630633,0.9962927946761466,0.9991891620749968,0.9998653434567996,0.999973809404927,0.9999811181284128,0.9999267648305793,0.9998378083331719,0.9987884441660506,0.9904497561064225,0.984619625615641,0.9696192661754816,0.9465230877352337,0.9797136123140122
0.394,7.985672984876261,0.8909506068460439,0.9982818386822226,0.9997882718811489,0.9997631376636803,0.996317266887587,0.9991959908302115,0.9998667731574363,0.9999741386232358,0.9999813611767567,0.9999275867726467,0.9998394826276736,0.9987981382251542,0.9905033357495143,0.9846976666231813,0.9697486392446607,0.946713189657446,0.979775352625853
0.395,7.994949051487414,0.8912553343053041,0.9982947556769489,0.999790358886395,0.9997654386082269,0.9963415099798961,0.9992027433018359,0.9998681837619608,0.9999744628043916,0.999981600434131,0.9999283972444061,0.9998411350526718,0.9988077279956757,0.9905564657602087,0.9847750937711875,0.9698770993998467,0.9469020852451537,0.9798367142087614
0.396,8.004199680987202,0.8915583594275294,0.9983075399459359,0.9997924196360897,0.9997677109295762,0.9963655266394065,0.999209420525966,0.9998695755722704,0.9999747820379492,0.9999818359690673,0.9999291964341375,0.9998427659473614,0.9988172148502541,0.990609150958222,0.984851913302737,0.9700046551398229,0.9470897847912847,0.979897700326856
0.397,8.01342497786399,0.8918596952659016,0.9983201931707202,0.9997944545241902,0.9997699550531673,0.996389319515012,0.9992160235222862,0.999870948884795,0.9999750964116625,0.999982067848698,0.9999299845265952,0.9998443756448977,0.998826600140375,0.9906613961011289,0.9849281313839772,0.9701313148663423,0.9472762984798139,0.9799583142080763
0.398,8.022625046034639,0.8921593547481975,0.9983327170077625,0.9997964639378474,0.9997721713971487,0.9964128912187693,0.9992225532943654,0.9998723039906081,0.9999754060115246,0.9999822961387886,0.9999307617030819,0.9998459644725163,0.9988358851967438,0.9907132058852942,0.9850037541052328,0.9702570868854321,0.9474616363871335,0.9800185590446754
0.399,8.03179998884843,0.8924573506782238,0.9983451130888753,0.9997984482575374,0.9997743603725193,0.9964362443264886,0.9992290108299459,0.9998736411755358,0.9999757109218069,0.9999825209037676,0.9999315281415203,0.9998475327516521,0.9988450713296487,0.990764584946787,0.985078787482095,0.9703819794086779,0.9476458084834011,0.9800784379937018
0.4,8.040949909090909,0.8927536957372357,0.9983573830216431,0.9998004078571922,0.9997765223832662,0.9964593813783132,0.9992353971012271,0.999874960720262,0.9999760112250978,0.9999827422067576,0.9999322840165239,0.9998490807980542,0.9988541598293185,0.9908155378622805,0.985153237456492,0.9705060005544883,0.9478288246338697,0.9801379541774751
