Beta,R_0,R1,R2,R3,R4,R5,R6,R7,R8,R9,R10,R11,R12,R13,R14,R15,R16,R_all
0.0,0.0,0.0,0.0,0.0,0.0,0.0,0.0,0.0,0.0,0.0,0.0,0.0,0.0,0.0,0.0,0.0,0.0,0.0
0.001,0.05547607031904288,0.0,0.0,0.0,0.0,0.0,0.0,0.0,0.0,0.0,0.0,0.0,0.0,0.0,0.0,0.0,0.0,0.0
0.002,0.11062126944333998,0.0,0.0,0.0,0.0,0.0,0.0,0.0,0.0,0.0,0.0,0.0,0.0,0.0,0.0,0.0,0.0,0.0
0.003,0.16543854865213084,0.0,0.0,0.0,0.0,0.0,0.0,0.0,0.0,0.0,0.0,0.0,0.0,0.0,0.0,0.0,0.0,0.0
0.004,0.21993082422924903,2.220446049250313e-16,1.3322676295501878e-15,1.7763568394002505e-15,1.9984014443252818e-15,4.440892098500626e-16,2.220446049250313e-16,3.3306690738754696e-16,3.3306690738754696e-16,3.3306690738754696e-16,3.3306690738754696e-16,3.3306690738754696e-16,3.3306690738754696e-16,0.0,0.0,0.0,1.1102230246251565e-16,6.38156805035791e-16
0.005,0.2741009779802956,0.0,0.0,0.0,0.0,0.0,0.0,0.0,0.0,0.0,0.0,0.0,0.0,0.0,0.0,0.0,0.0,0.0
0.006,0.32795185774066804,0.0,0.0,0.0,0.0,0.0,0.0,0.0,0.0,0.0,0.0,0.0,0.0,0.0,0.0,0.0,0.0,0.0
0.007,0.3814862778746328,0.0,0.0,0.0,0.0,0.0,0.0,0.0,0.0,0.0,0.0,0.0,0.0,0.0,0.0,0.0,0.0,0.0
0.008,0.43470701976562504,0.0,0.0,0.0,0.0,0.0,0.0,0.0,0.0,0.0,0.0,0.0,0.0,0.0,0.0,0.0,0.0,0.0
0.009,0.4876168322979552,0.0,0.0,0.0,0.0,0.0,0.0,0.0,0.0,0.0,0.0,0.0,0.0,0.0,0.0,0.0,0.0,0.0
0.01,0.5402184323300971,0.0,0.0,0.0,0.0,0.0,0.0,0.0,0.0,0.0,0.0,0.0,0.0,0.0,0.0,0.0,0.0,0.0
0.011,0.592514505159729,0.0,0.0,0.0,0.0,0.0,0.0,0.0,0.0,0.0,0.0,0.0,0.0,0.0,0.0,0.0,0.0,0.0
0.012,0.644507704980695,9.992007221626409e-16,2.220446049250313e-15,3.885780586188048e-15,4.773959005888173e-15,2.220446049250313e-15,1.9984014443252818e-15,1.6653345369377348e-15,1.6653345369377348e-15,1.4432899320127035e-15,1.4432899320127035e-15,1.4432899320127035e-15,1.1102230246251565e-15,4.440892098500626e-16,1.1102230246251565e-16,2.220446049250313e-16,2.220446049250313e-16,1.9368743130107033e-15
0.013,0.6962006553320501,2.4424906541753444e-15,5.551115123125783e-15,8.215650382226158e-15,9.2148511043888e-15,4.551914400963142e-15,3.774758283725532e-15,3.552713678800501e-15,3.3306690738754696e-15,3.219646771412954e-15,2.7755575615628914e-15,2.6645352591003757e-15,1.887379141862766e-15,1.1102230246251565e-15,7.771561172376096e-16,6.661338147750939e-16,1.2212453270876722e-15,4.071062936844909e-15
0.014,0.7475959495393475,2.220446049250313e-16,1.3322676295501878e-15,1.7763568394002505e-15,1.9984014443252818e-15,4.440892098500626e-16,2.220446049250313e-16,3.3306690738754696e-16,3.3306690738754696e-16,3.3306690738754696e-16,3.3306690738754696e-16,3.3306690738754696e-16,3.3306690738754696e-16,0.0,0.0,0.0,1.1102230246251565e-16,6.38156805035791e-16
0.015,0.7986961511483254,7.771561172376096e-16,2.1094237467877974e-15,3.774758283725532e-15,6.328271240363392e-15,2.4424906541753444e-15,1.6653345369377348e-15,1.4432899320127035e-15,1.4432899320127035e-15,1.3322676295501878e-15,1.4432899320127035e-15,1.3322676295501878e-15,8.881784197001252e-16,4.440892098500626e-16,1.1102230246251565e-16,2.220446049250313e-16,2.220446049250313e-16,1.959092096166827e-15
0.016,0.8495037943511451,3.6637359812630166e-15,8.548717289613705e-15,1.4765966227514582e-14,2.1538326677728037e-14,9.880984919163893e-15,7.216449660063518e-15,6.106226635438361e-15,5.995204332975845e-15,5.551115123125783e-15,5.10702591327572e-15,4.773959005888173e-15,3.3306690738754696e-15,2.3314683517128287e-15,1.2212453270876722e-15,1.4432899320127035e-15,1.9984014443252818e-15,7.670949181310748e-15
0.017,0.9000213844053284,3.1086244689504383e-15,7.438494264988549e-15,1.199040866595169e-14,1.7208456881689926e-14,7.438494264988549e-15,5.440092820663267e-15,4.3298697960381105e-15,4.3298697960381105e-15,4.107825191113079e-15,3.9968028886505635e-15,3.6637359812630166e-15,2.4424906541753444e-15,1.5543122344752192e-15,1.1102230246251565e-15,1.1102230246251565e-15,1.7763568394002505e-15,6.0292719576463356e-15
0.018,0.9502513980455408,6.328271240363392e-15,1.587618925213974e-14,2.6645352591003757e-14,3.774758283725532e-14,1.6542323066914832e-14,1.1546319456101628e-14,1.021405182655144e-14,9.880984919163893e-15,9.769962616701378e-15,8.43769498715119e-15,7.882583474838611e-15,5.662137425588298e-15,3.6637359812630166e-15,2.4424906541753444e-15,2.55351295663786e-15,3.3306690738754696e-15,1.3284277951363471e-14
0.019,1.0001962838883633,0.0004886733962622403,0.0011833315629811159,0.002086756403836487,0.0030871360017579175,0.001312717241127137,0.0008942762068594456,0.000777822818151308,0.0007529152985011889,0.0007412647077482681,0.0006658483989566699,0.0006114216870326539,0.0004267324295127439,0.0002648104660927242,0.00018527964308001632,0.0001966919452157656,0.00027006097445847477,0.001038970126324603
0.02,1.0498584628301888,0.022869218119709323,0.054512737377227505,0.0913100518262494,0.12864208874592942,0.05851532791395697,0.04108230051027317,0.036029176362284865,0.034709189009577424,0.033914447399428393,0.030343844297933464,0.02805035940979206,0.019772008316754408,0.012357194227653134,0.008680007046852345,0.009141430232781467,0.012467463481167784,0.046197383527613226
0.021,1.099240328438382,0.04683014073819902,0.10953756020428795,0.17499742987718547,0.23667814061550285,0.114582135734147,0.082688228677948,0.07303061386789444,0.07006959609590424,0.0680273520596596,0.06069479804368105,0.05644721201471303,0.040165043342824114,0.0252792762133085,0.017816296521482977,0.01863129889328119,0.0252468081812679,0.09027353403230501
0.022,1.148344247335835,0.07158414457086659,0.16397670090989547,0.25110100159721804,0.32832849059491886,0.1681828694306764,0.12439522635102007,0.11052890356164946,0.10569477972442098,0.10207267736617032,0.09090489982679528,0.08499807848532925,0.061016387198221556,0.038664815051889345,0.027328966876699057,0.028404099512798098,0.03825730263787941,0.13229782956711827
0.023,1.1971725595790461,0.09679798640468174,0.2168762229382064,0.31979660620888173,0.40651860831503117,0.21914581185969517,0.16571040465212306,0.1480118524120384,0.14115967290916576,0.1357329898284434,0.12075698017555925,0.1134517595862633,0.08211917156562254,0.05238167344068334,0.03712008053236171,0.038374501580136555,0.05139405228681915,0.17221776375645872
0.024,1.2457275790298508,0.12219236163833325,0.26758939303717466,0.381537969236427,0.47358518568283703,0.2673727831350948,0.20623426094243547,0.1850673780560912,0.1761283483084547,0.1687627427041576,0.15007913335443257,0.14160430956223402,0.10329872966370968,0.066315265830866,0.04710630064314647,0.04847123826322408,0.06457272845458151,0.2100303229634818
0.025,1.2940115937209302,0.1475391898408085,0.3157167000777824,0.4369071242333754,0.5314033165903034,0.31283012467101634,0.24565727924360392,0.2213754836613694,0.2103439415337509,0.20097821805778082,0.17873959552029106,0.16929454455710102,0.1244109660852083,0.08036826544496334,0.05721778312385617,0.058635556126723665,0.07772626750196421,0.24576967699906827
0.026,1.3420268662152135,0.17265655244179223,0.3610469597467174,0.48652421887467634,0.5814863632964985,0.35553769878997077,0.283751407194049,0.25669690479152885,0.24361711935762054,0.23224739052870114,0.20664116219820705,0.1963987289871263,0.14533952904921354,0.09445942887390779,0.0673967108334127,0.06881954405550672,0.09080188533254263,0.27949674001664704
0.027,1.3897756339592968,0.19740262908081685,0.4035060575814807,0.5309966435117741,0.6250632279309034,0.39555735081956034,0.32035891874125744,0.2908606242634182,0.2758145612629541,0.2624804496878915,0.2337156229470203,0.22282504580117035,0.16599241559190547,0.10852194906953339,0.07759571811301258,0.07898450679127278,0.10375848451564229,0.31129065267271333
0.028,1.4372601096309965,0.22166950064501578,0.4431154689990483,0.5708927178316228,0.6631379436045206,0.43298200213061877,0.35538054214915116,0.3237516657147862,0.3068483032126783,0.2916213655086056,0.2599185498539709,0.24850827371016926,0.18629845332143902,0.12250162927572517,0.08777635430206987,0.08909947062952228,0.11656445516112746,0.341242050490148
0.029,1.484482481481141,0.24537732764819997,0.4799603209617266,0.6067300675033396,0.6965357271948507,0.46792607665588193,0.38876407430236515,0.3552999679856579,0.33666636232375735,0.3196406476492075,0.28522463823964594,0.2734049307331041,0.20620394142844733,0.1363550695927177,0.09790766964762232,0.09913986227262417,0.12919584092792835,0.3694479001985483
0.03,1.531444913669725,0.2684691579991305,0.5141656959154861,0.6389724301883128,0.7259387321966693,0.5005175533926911,0.420494156281789,0.3854707068762704,0.36524477465594574,0.3465292961111225,0.3096236831653567,0.2974890103474942,0.2256696065491407,0.1500479779339301,0.10796496246057152,0.1090863718635271,0.14163482880466394,0.3960076525588157
0.031,1.5781495465965236,0.2909064529934201,0.5458795716575799,0.6680310519444689,0.751913960840025,0.5308916564057999,0.4505834955806445,0.4142561494154563,0.3925810054599461,0.3722938515392994,0.3331171950129046,0.32074834232883653,0.2446679394970266,0.1635536600868035,0.11792869762274671,0.11892399308463442,0.15386851720876904,0.42102046105424873
0.032,1.624598497226278,0.3126653230403539,0.5752608654351083,0.6942683832541372,0.7749351847795491,0.5591860343227841,0.4790655733281137,0.44166896338222994,0.4186886005528845,0.3969524108477641,0.3557156093642082,0.3431815518978347,0.263180922076107,0.17685170659629812,0.12778358969438997,0.12864122362917985,0.16588791797354807,0.44458323816169365
0.033,1.6707938594085536,0.3337334138563607,0.6024712808058589,0.7180027446413626,0.7954002636024247,0.5855372104104994,0.5059887360848361,0.46773682450826926,0.4435929106168832,0.4205314617805237,0.377436022778434,0.36479555963021026,0.28119812095485086,0.18992687234811179,0.1375178352509825,0.13822940548364027,0.17768715166676052,0.4667893536176197
0.034,1.716737704192378,0.3541073623945905,0.6276699208914392,0.7395132156002706,0.8136449079374911,0.6100780689897551,0.5314115061956053,0.4924981350156291,0.4673277152932309,0.44306339564862685,0.39830037854085343,0.38560355185396455,0.29871510992966255,0.20276813323959197,0.14712247569159098,0.1476821840364263,0.189262800837118,0.4877278142497344
0.035,1.7624320801357471,0.37379073737582524,0.6510098757847527,0.7590443489842185,0.8299536796975726,0.6329361590262595,0.5553989243653725,0.5159986679137267,0.4899325859728332,0.4645845719474764,0.4183340284092192,0.4056233497807573,0.3157321765509382,0.21536789938785283,0.15659087143086903,0.1569950664561618,0.20061339120714639,0.5074827979071622
0.036,1.8078790136101084,0.3927923839252284,0.6726361949483748,0.7768105171526429,0.8445688328128778,0.6542326246101529,0.578019743309586,0.5382889673301714,0.5114508457352391,0.4851338263070618,0.43756460320824386,0.4248761103020996,0.3322532696123255,0.22772136324816772,0.16591826966861012,0.16616506204219128,0.21173897594884195,0.5261334426159425
0.037,1.8530805090999103,0.41112510059872387,0.692684814971835,0.7929998130327873,0.8576974564386581,0.674081604822823,0.5993443091801262,0.5594223572449806,0.5319280064856888,0.5047513311055333,0.45602113391804666,0.44338529893023515,0.3482851475501848,0.2398259620361386,0.17510144993171495,0.17519038974047008,0.2226408027192659,0.5437538156949128
0.038,1.898038549497307,0.4288045871814169,0.7112821339946009,0.8077774939247871,0.8695172764040523,0.6925899769099866,0.6194429902003129,0.5794534343120437,0.5514105840704088,0.5234777344841259,0.4737333739845184,0.46117588379565877,0.36383669261783036,0.2516809358694647,0.18413843378703387,0.18407024041739728,0.23332104700810496,0.5604130064166026
0.039,1.942755096392122,0.4458486115503967,0.728545013647915,0.8212889897393175,0.880181390417511,0.7098573443216066,0.6383850351714757,0.5984369423762856,0.5699452106648484,0.5413535177794389,0.49073128206472383,0.4782737078298499,0.3789183607872142,0.2632869654256277,0.19302824725381718,0.1928045836410257,0.24378259857278728,0.5761753004945869
0.04,1.9872320903571432,0.462276352893196,0.7445810545980491,0.8336625133201606,0.8898221515664039,0.7259761942750096,0.6562377659987624,0.6164269456667876,0.5875779795695228,0.5584185234040291,0.507044631914628,0.49470500372017157,0.39354174215969684,0.274645875294381,0.20177072637021176,0.2013940105803318,0.25402889037281207,0.5911004059386187
0.041,2.031471451228852,0.4781078863875897,0.7594890387326835,0.8450113163100793,0.8985543680571519,0.7410321681452581,0.6730660271673328,0.6334762341204059,0.6043539707305376,0.5747116150937583,0.5227027225169374,0.5104960227122244,0.4077192109921183,0.28576039140860654,0.21036635804154014,0.20983960619836395,0.2640637615459198,0.6052437083303904
0.042,2.0754750783836595,0.4933637810467112,0.773359464536224,0.8554356342674432,0.906477951349914,0.7551044026808613,0.6889318309465491,0.6496359079523102,0.6203169160700742,0.5902704404534196,0.5377341668710491,0.5256727538261252,0.42146364818264503,0.29663394288753253,0.21881614971630126,0.21814284520933236,0.27389134767819556,0.618656539937851
0.043,2.1192448510097432,0.5080647879025542,0.7862751259285455,0.8650243621357727,0.9136801172001767,0.7682659114112869,0.7038941501496465,0.6649550997245686,0.6355089723949572,0.6051312721565529,0.5521667422322505,0.5402607146143383,0.4347882222183872,0.30727050030367176,0.2271215226181107,0.22630550732791443,0.2835159929847636,0.6313864518021223
0.044,2.1627826283745586,0.5222316001780632,0.7983117015359342,0.8738564972711514,0.9202372226630309,0.7805839842817098,0.7180088208414854,0.6794808011282176,0.6499705765891983,0.6193289092672531,0.5660272881263881,0.5542847983285284,0.4477062172128252,0.3176744438010817,0.23528422423679762,0.23432960819804372,0.2929421801037987,0.6434774813962884
0.045,2.206090250088106,0.5358846707318385,0.8095383330297858,0.8820023829235502,0.9262163053773479,0.7921205900809475,0.7313285258342312,0.6932577688472182,0.6637403633037084,0.6328966241972873,0.5793416413126322,0.5677691654012649,0.4602308988217413,0.327850455673419,0.24330625658006733,0.24221734308244458,0.30217447406972986,0.6549704109802185
0.046,2.249169536362039,0.5490440749917318,0.8200181792612193,0.889524780823442,0.9316763783256934,0.8029327710947924,0.7439028365015272,0.7063284895430222,0.6768551297076297,0.6458661440012164,0.5921345991432809,0.5807371696007013,0.47237541059100685,0.3378034329865599,0.2511898173374961,0.24997104095329126,0.3112174777171791,0.6659030135989062
0.047,2.2920222882646804,0.5617294099506381,0.8298089384824145,0.8964797975836121,0.9366695229313985,0.8130730230053919,0.7557782957028552,0.7187331884715603,0.6893498352920304,0.6582676572198218,0.6044299045826169,0.593211311186643,0.4841526947235413,0.34753841663319596,0.2589372516370888,0.2575931270742672,0.32007579631214345,0.6763102849750314
0.048,2.3346502879720283,0.5739597216875929,0.8389633347242829,0.9029176860901601,0.9412418151773282,0.8225896556748011,0.7669985287226962,0.7305098697597907,0.7012576274078888,0.6701298394498383,0.6162502475866685,0.6052132109740973,0.49557543241396873,0.35706053386413916,0.26655101250327295,0.2650860925261104,0.32875400964046897,0.6862246604660784
0.049,2.3770552990148217,0.585753455390162,0.8475295669263982,0.9088835399525023,0.9454341129321449,0.8315271323371453,0.7776043723289847,0.7416943791234972,0.7126098853301246,0.6814798923598815,0.6276172786868676,0.6167636004709525,0.5066559998377814,0.36637495187815805,0.27403362847276613,0.2724524694188485,0.3372566501290385,0.6956762168947019
0.05,2.41923906652174,0.5971284230644038,0.8555517210660933,0.9144178963951393,0.9492827274823461,0.8399263860637698,0.7876340145344453,0.75232048196125,0.7234362772911931,0.6923435920794065,0.6385516315236824,0.6278823242620172,0.5174064366390312,0.37548684049049863,0.2813876771065844,0.27969481076839153,0.3455881858507962,0.7046928594942891
0.051,2.461203317458803,0.6081017850864829,0.863070146576367,0.9195572606696154,0.9528199981098967,0.8478251133003029,0.7971231395575947,0.7624199514390148,0.7337648262191636,0.7027453438314052,0.6490729517901633,0.6385883516129703,0.5278384243711695,0.3844013422577106,0.28861576336515493,0.28681567420423926,0.3537530074851697,0.7133004944962037
0.052,2.5029497608650524,0.6186900425241283,0.8701217989655763,0.9243345631011878,0.956074785208,0.8552580449105732,0.8061050739511035,0.7720226624874598,0.7436219809238338,0.7127082404170971,0.6591999306092365,0.6488997949059286,0.5379632728380459,0.3931235487280377,0.29572050199927635,0.2938176088277811,0.36175541848214465,0.7215231880628474
0.053,2.5444800880845557,0.6289090377754075,0.876740550888877,0.9287795582176376,0.9590728947223682,0.8622571955801606,0.8146109309915663,0.7811566886499148,0.7530326902611699,0.7222541227366395,0.6689503408136024,0.6588339330262639,0.5477919126791251,0.4016584817245987,0.30270450326081055,0.30070314466430026,0.3695996278201521,0.7293833123720651
0.054,2.585795972994837,0.6387739615680821,0.8829574740656629,0.9329191739960715,0.9618374445105901,0.8688520926921945,0.822669751283521,0.7898483995065597,0.7620204784192672,0.731403640978872,0.6783410749481352,0.6684072382245012,0.5573348928633863,0.410011078763005,0.30957036136013427,0.3074747842520248,0.3772897448621978,0.7369016797062068
0.055,2.62689907223176,0.6482993647598554,0.8888010944543089,0.9367778180698947,0.964389181424743,0.8750699859346012,0.830308638182006,0.7981225570094909,0.7706075199456544,0.7401763154627259,0.6873881840912883,0.6776354052986049,0.5666023820149979,0.41818618186401724,0.3163206451979087,0.31413499599305383,0.38482977590684375,0.7440976654097303
0.056,2.6677910254109594,0.6574991736980601,0.8942976230311379,0.9403776467293151,0.9667467564613321,0.8809360389645354,0.8375528871291658,0.8060024095329757,0.778814713505689,0.7485905963846808,0.6961069168097777,0.6865333821976027,0.5756041727028132,0.4261885291519696,0.32295789098092675,0.3206862089573279,0.3922236221052343,0.7509893205646399
0.057,2.708473455345859,0.6663867081525169,0.899471164406273,0.9437388016960442,0.9689269641240608,0.8864735044666808,0.8444261083680611,0.8135097828039962,0.7866617536481454,0.7566639219373605,0.7045117577320367,0.6951154013506631,0.584349687994681,0.434022748736413,0.3294845963991674,0.32713080888497825,0.39947507847578567,0.7575934752019752
0.058,2.7489479682623514,0.6749747010400275,0.9043439053666791,0.9468796189317374,0.9709449511582785,0.8917038839153405,0.8509503427694263,0.8206651671541334,0.7941672000749949,0.7644127744272308,0.7126164653603098,0.7033950111870746,0.5928479897142367,0.44169335446200975,0.33590321609647344,0.3334711351767047,0.40658783379726404,0.7639258328262091
0.059,2.7892161540101954,0.6832753193232755,0.9089362852809243,0.9498168131293131,0.9728143990009978,0.8966470732988628,0.8571461707067726,0.8274878007436832,0.8013485440820926,0.771852734144771,0.7204341088464907,0.7113851074406053,0.601107787948516,0.44920474318374903,0.3422161582127927,0.3397094786981468,0.41356547120096054,0.7700010569822704
0.06,2.829279586271187,0.691300185598791,0.913267150140826,0.9525656410189995,0.9745476836150235,0.9013214959983111,0.8630328140591066,0.8339957485672765,0.8082222719671008,0.7789985308364908,0.727977103538975,0.7190979639331179,0.6091374514443685,0.4565611932838518,0.3484257818133767,0.3458480802540681,0.4204114693152414,0.7758328505450292
0.061,2.869139822764159,0.699060399994527,0.9173538918585401,0.9551400461819816,0.9761560158143219,0.9057442239371789,0.8686282315219258,0.8402059771687572,0.814803925299333,0.7858640927012283,0.7352572451717214,0.7265452626125559,0.6169450186043444,0.4637668641956715,0.35453439505135176,0.35188912961274055,0.42712920384243946,0.781434028360734
0.062,2.9087984054468805,0.7065665620825246,0.9212125742877576,0.9575527876914265,0.9776495647195718,0.9099310880400561,0.8739492074762804,0.8461344250805175,0.8211081580200608,0.7924625928881959,0.7422857426161962,0.7337381226836812,0.6245382088516217,0.4708257967402516,0.36054425393565825,0.35783476498118694,0.4337219494698221,0.7868165838204234
0.063,2.9482568607148867,0.7138287925802949,0.9248580472968246,0.959815554583058,0.9790375665912806,0.9138967789588024,0.87901143471054,0.8517960690660269,0.827148790396683,0.7988064935152647,0.7490732491549414,0.7406871287197332,0.631924434181335,0.4777419141146496,0.3664575615976108,0.36368707284870594,0.4401928820342892,0.7919917498977953
0.064,2.987516699597316,0.7208567546691107,0.9283040500909584,0.9619390678866072,0.980328420959372,0.9176549389471732,0.8838295913161416,0.8572049862893338,0.8329388598941568,0.8049075872560233,0.7556298922645455,0.7474023576821713,0.6391108107544132,0.4845190233987643,0.372276467966977,0.3694480881299663,0.44654508087511835,0.7969700551389418
0.065,3.026579417949791,0.7276596748010803,0.9315633048607482,0.9639331717180971,0.981529775691855,0.9212182456904141,0.8884174120917311,0.8623744125661869,0.8384906690556251,0.8107770365656977,0.7619653019177366,0.7538934048060583,0.6461041704214405,0.49116081747036544,0.37800306978312526,0.37511979455048505,0.4527815313211776,0.8017613750491089
0.066,3.0654464966444075,0.7342463629017233,0.9346476017247012,0.9658069147349064,0.9826486024121138,0.924598488825992,0.8927877547933573,0.8673167968714497,0.8438158305038049,0.8164254106309411,0.7680886374306093,0.7601694083321615,0.6529110720894908,0.4976708772370465,0.38363941087903297,0.38070412522685537,0.4589051272689313,0.8063749792823359
0.067,3.10411940175687,0.740625231902547,0.9375678758343846,0.9675686230857993,0.9836912634772499,0.9278066398258479,0.8969526615645038,0.8720438522893014,0.8489253091875304,0.8218627201383658,0.7740086128929253,0.7662390730849306,0.6595378128654995,0.5040526741096625,0.38918748268613346,0.3862029634020713,0.46491867381580654,0.8108195750035426
0.068,3.1425995847508315,0.7468043165601254,0.9403342774210969,0.9692259658422725,0.9846635715627519,0.930852915849522,0.9009234158708186,0.8765666035983184,0.8538294620054085,0.8270984499625987,0.7797335212278476,0.7721106929091893,0.6659904389263476,0.5103095726549475,0.39464922491651533,0.3916181433029111,0.47082488992019944,0.8151033467592397
0.069,3.180888482659487,0.7527912915356174,0.9429562354823617,0.9707860137721006,0.9855708427567017,0.9337468381212747,0.904710595252077,0.8808954316845594,0.8585380749421981,0.8321415898776172,0.7852712569332334,0.7777921719886618,0.6722747560792952,0.5164448333759946,0.4000265263861075,0.3969514510919031,0.47662641106500725,0.8192339931624724
0.07,3.2189875182644636,0.7585934887222995,0.9454425157340975,0.9722552922077631,0.9864179439456332,0.9364972853327374,0.9083241201893425,0.8850401149733926,0.8630603978541466,0.8370006633958045,0.7906293375602246,0.7832910450769199,0.6783963399871626,0.5224616155783752,0.40532122594846787,0.40220462589100725,0.48232579190615643,0.8232187606696878
0.071,3.256898100272053,0.7642179138193702,0.9478012733894148,0.9736398286690096,0.9872093351707523,0.9391125425255175,0.9117732993694195,0.8890098680660234,0.8674051770379908,0.841683754838208,0.7958149239869122,0.7886144966767055,0.6843605460413498,0.5283629802873047,0.41053511351380356,0.40737936085803417,0.48792550889140784,0.827064474701795
0.072,3.2946216234868424,0.7696712621585053,0.9500401012668808,0.9749451958179685,0.987949107544681,0.9416003458652703,0.9150668716121613,0.8928133777601797,0.8715806857151583,0.846198534737276,0.8008348395456065,0.7937693792071819,0.6901725188726835,0.5341518931875848,0.41566993113205464,0.4124773043000528,0.49342796283784207,0.8307775683385499
0.073,3.332159468982773,0.7749599337959274,0.9521660736791356,0.9761765502551281,0.9886410172429185,0.9439679236797712,0.918213044709521,0.8964588366267927,0.8755947525584269,0.8505522836702682,0.8056955880620695,0.7987622302009623,0.6958372014955831,0.5398312275633621,0.4207273741224159,0.4175000608107702,0.49883548145903944,0.8343641087944179
0.074,3.369513004271686,0.7800900478874535,0.9541857865063094,0.977338667603667,0.9892885160188828,0.9462220340981767,0.9212195314087533,0.8999539743061871,0.8794547883832301,0.8547519146178548,0.8104033708641858,0.8035992885739968,0.7013593440853724,0.5454037672191279,0.4257090922346436,0.42244919242112766,0.5041503218350589,0.8378298218650081
0.075,3.406683583469388,0.785067456367441,0.9561053938172077,0.9784359742766837,0.9898947786350971,0.9483689995966591,0.9240935827561391,0.9033060866785809,0.8831678111202499,0.8588039939383271,0.8149641028161291,0.808286510011818,0.7067435123919441,0.5508722093670819,0.43061669082998677,0.4273262197542904,0.5093746728201238,0.8411801145159237
0.076,3.4436725474592835,0.7898977569549943,0.9579306413641938,0.9794725762757535,0.990462727554481,0.9504147387266678,0.9268420190022126,0.9065220630548714,0.8867404691800987,0.8627147610435371,0.8193834274323195,0.812829581515471,0.7119940957956252,0.5562391674690421,0.4354517320717136,0.4321326231777948,0.514510657384323,0.8444200957702334
0.077,3.480481224053615,0.7945863055124223,0.9596668972445945,0.9804522853289898,0.9909950551936343,0.9523647952759112,0.9294712582547762,0.9096084115248687,0.8901790633149307,0.8664901468582358,0.823666731123404,0.8172339351497602,0.7171153150130627,0.5615071740236206,0.4402157361169441,0.4368698439469736,0.5195603348868347,0.8475545960366143
0.078,3.5171109281523507,0.7991382277819558,0.9613191799919123,0.9813786426416005,0.9914942440035512,0.9542243650885518,0.9319873430521219,0.9125712825915434,0.8934895670758833,0.8701357911400478,0.8278191566243139,0.821504761035466,0.7221112294624672,0.566678683291536,0.444910182303037,0.44153928533491404,0.5245257032791557,0.850588185007401
0.079,3.553562961899758,0.8035584305272166,0.9628921843337073,0.982254940501109,0.991962584611521,0.9559983207497815,0.9343959650158221,0.9154164912114874,0.8966776459593703,0.8736570587329053,0.8318456156521246,0.8256470196258894,0.7269857442986043,0.5717560739536629,0.44953651032299335,0.4461423137451399,0.5294087012375726,0.8535251882441679
0.08,3.58983861483871,0.8078516121060467,0.9643903048294112,0.983084241952394,0.9924021922304221,0.9576912343207213,0.9367024877302341,0.9181495373537839,0.8997486753295525,0.877059054822473,0.8357508008391158,0.8296654533066571,0.7317426171286929,0.576741651697907,0.4540961213854351,0.4506802598040155,0.5342112102247847,0.856369702557973
0.081,3.6259391640627516,0.8120222725011044,0.9658176575802268,0.9838693987339583,0.992815021517591,0.9593073982922251,0.9389119679844776,0.9207756251818382,0.9027077571988043,0.8803466392579374,0.8395391969840749,0.8335645973561522,0.736385464420843,0.5816376517321908,0.458590379355592,0.4551544194305298,0.5389350564810709,0.8591256102818786
0.082,3.6618658743659713,0.8160747228341994,0.9671781001843784,0.9846130676459531,0.9932028800444688,0.9608508449105131,0.9410291755020498,0.9232996809554748,0.9055597359427182,0.8835244400005261,0.8432150916625686,0.8373487903023016,0.7409177676169346,0.5864462412218335,0.46302061187448007,0.4595660548816842,0.5435820129458213,0.8617965925247448
0.083,3.697619998390713,0.8200130943897319,0.9684752500940758,0.9853177255020883,0.9935674405198817,0.9623253640134263,0.9430586112734234,0.9257263697437751,0.9083092130211707,0.8865968657553098,0.846782585234646,0.8410221837097872,0.7453428789619461,0.5911695216504262,0.4673881114541001,0.46391639577216104,0.5481538011105633,0.8643861414874924
0.084,3.7332027767731635,0.8238413471718644,0.9697125015154061,0.9859856828013185,0.9939102518937345,0.9637345195033353,0.9450045245978902,0.9280601110327048,0.9109605607722111,0.8895681178392063,0.8502456002862342,0.8445887514300777,0.7496640270616979,0.595809531103983,0.47169413654698955,0.46820664006735047,0.5526520928048761,0.8668975719159535
0.085,3.768615438286853,0.8275632780192146,0.970893040978797,0.9866190962408538,0.9942327494537856,0.965081664571222,0.9468709289325081,0.9303050933055557,0.9135179353410362,0.8924422013346592,0.853607890538379,0.848052298345011,0.7538843221808459,0.6003682464786719,0.47593991258892654,0.4724379550491291,0.557078511916765,0.8693340317580162
0.086,3.803859199984102,0.8311825282999796,0.9720198616955192,0.9872199801793471,0.9945362640157734,0.9663699557760493,0.9486616166382775,0.9324652876686051,0.9159852888020894,0.8952229355752284,0.8568730492564541,0.8514164686330488,0.7580067612927439,0.6048475856128996,0.48012663301394976,0.4766114782540609,0.5614346360492366,0.8716985120869475
0.087,3.838935267335448,0.8347025912094517,0.9730957768047647,0.9877902171478619,0.9948220302962456,0.9676023660741366,0.9503801727065205,0.9345444605891418,0.9183663805283382,0.897913964006255,0.860044517189525,0.8546847535857274,0.7620342328925016,0.6092494093448411,0.48425546024114885,0.48072831838389196,0.5657219981148836,0.8739938563475013
0.088,3.8738448343670884,0.838126818690946,0.9741234316060233,0.9883315674962452,0.9950911945478204,0.9687816968847608,0.9520299875418787,0.9365461858081238,0.9206647878580733,0.9005187634609103,0.8631255900682226,0.8578604990003114,0.7659695215842562,0.6135755234968165,0.4883275266329683,0.484789556188424,0.5699420878703989,0.8762227689766192
0.089,3.9085890837963695,0.8414584280001942,0.9751053148626544,0.9888456782536627,0.9953448215281098,0.9699105892705221,0.9536142688722884,0.9384738554851885,0.9228839161060808,0.9030406528892261,0.8661194256877354,0.8609469121731832,0.7698153124533056,0.6178276807881089,0.4923439354249509,0.4887962453209659,0.5740963533929478,0.8783878234461733
0.09,3.9431691871653545,0.8447005079323087,0.9760437692546093,0.989334091274165,0.9955839008660226,0.9709915343040594,0.9551360528507388,0.9403306906295171,0.9250270079627952,0.9054828015751927,0.8690290506008818,0.8639470685170937,0.7735741952333746,0.6220075826779905,0.49630576162703144,0.4927494131667094,0.5781862025003708,0.8804914697712398
0.091,3.977586304972506,0.847856024729485,0.9769410010511159,0.9897982507311277,0.9958093528825133,0.9720268826864095,0.9565982144085082,0.942119750866143,0.9270971523220102,0.9078482368746545,0.8718573664446748,0.8668639178240596,0.7772486682789006,0.6261168811408573,0.5002140528966464,0.49665006164445713,0.5822130041171817,0.882536041523792
0.092,4.011841586802508,0.8509278276866917,0.9777990890676928,0.9902395100181419,0.9960220339169464,0.9730188536766002,0.9580034769148743,0.9438439435836641,0.929097292574892,0.9101398515045214,0.8746071559223229,0.8697002901944122,0.7808411423518105,0.6301571803754396,0.5040698303840183,0.5004991679822149,0.5861780895883217,0.8845237623884109
0.093,4.045936171454262,0.8539186544717076,0.9786199929660535,0.9906591381083357,0.9962227412050088,0.9739695433869029,0.9593544211939844,0.9455060325059619,0.9310302344054248,0.9123604104117676,0.8772810884612365,0.8724589016512923,0.7843539442318659,0.6341300384501274,0.507874089550082,0.5042976854672137,0.5900827539425975,0.8864567522936275
0.094,4.079871187067083,0.8568311361750096,0.9794055609502217,0.9910583254191073,0.9964122173494496,0.9748809324934835,0.9606534939456101,0.9471086457274184,0.9328986531199597,0.9145125572487706,0.8798817255663196,0.8751423594587368,0.7877893201592581,0.6380369688864787,0.5116278009575936,0.5080465441709767,0.5939282571077071,0.8883370331497985
0.095,4.113647751245137,0.8596678021041835,0.9801575369074397,0.9914381892247704,0.9965911544207879,0.975754893407939,0.9619030156128693,0.9486542832482435,0.9347051005412779,0.9165988204797555,0.8824115258866074,0.8777531671604217,0.7911494391177297,0.6418794421829908,0.5153319110360126,0.5117466516500875,0.5977158250787183,0.8901665342219093
0.096,4.147266971180125,0.8624310843367389,0.98087756703818,0.991799778655604,0.9967601977214332,0.9765931969513455,0.9631051877366582,0.9501453240438629,0.9364520114954571,0.9186216191414489,0.8848728500121801,0.880293729355096,0.7944363959661216,0.6456588872812092,0.5189873428207945,0.515398893623316,0.6014466510418117,0.8919470971634591
0.097,4.18072994377227,0.8651233220444513,0.9815672060156907,0.992144079318197,0.996919949243375,0.9773975185689359,0.9642620998334622,0.9515840326998547,0.9381417099178784,0.9205832682794964,0.8872679650172093,0.88276635622378,0.797652214425864,0.649376692976239,0.5225949966677704,0.5190041346258072,0.6051218964550567,0.8936804807354906
0.098,4.214037755749614,0.8677467656016317,0.9822279227120077,0.9924720175687514,0.9970709708466571,0.9781694441203372,0.9653757358303994,0.9529725656416447,0.9397764146028814,0.9224859840807546,0.889599048764007,0.885173267822894,0.8007988499315676,0.6530342092736869,0.5261557509433008,0.5225632186410166,0.6087426920879344,0.8953683652329477
0.099,4.2471914837856595,0.8703035804890323,0.9828611055241875,0.9927844644680949,0.9972137871832165,0.9789104752773942,0.9664479800887537,0.9543129769860637,0.9413582446198919,0.9243318887202305,0.8918681939820011,0.8875165981566241,0.8038781923515187,0.6566327486950357,0.5296704626909132,0.5260769697110979,0.6123101390212722,0.8970123566388106
0.1,4.280192194615386,0.87279585100445,0.9834680673316357,0.9930822394445495,0.9973488883883219,0.9796220345589675,0.9674806230448748,0.9556072240399245,0.9428892244172712,0.9261230149401891,0.8940774121346979,0.8897983990410321,0.8068920685845425,0.6601735875334002,0.5331399682751458,0.529546192526438,0.6158253096091866,0.8986139905248789
0.101,4.3130409451496545,0.8752255837904622,0.9840500501127947,0.9933661136884371,0.9974767325597271,0.9803054700296866,0.9684753664951326,0.9568571724689761,0.944371288633683,0.9278613103777882,0.8962286370868687,0.8920206437716589,0.8098422450393746,0.6636579670615779,0.5365650840033024,0.5329716729950321,0.6192892484045901,0.9001747357166205
0.102,4.345738782588056,0.8775947111891453,0.9846082292470782,0.993636813299887,0.9975977480427703,0.9809620596874452,0.9694338285495989,0.9580646011589232,0.9458062866354219,0.9295486416565204,0.8983237285834376,0.8941852306056649,0.812730430002367,0.667087094694243,0.5399466067258453,0.5363541787923829,0.6227029730497491,0.9016959977381768
0.103,4.378286744530176,0.8799050944330733,0.9851437175257886,0.9938950222096895,0.997712335537943,0.9815930155624293,0.970357548277281,0.9592312067886676,0.9471959867968887,0.9311867982557379,0.9003644755508314,0.8962939860688821,0.8155582758990616,0.6704621451060893,0.5432853144161325,0.5396944598925908,0.6260674751333306,0.9031791220524013
0.104,4.410685859085366,0.8821585266813602,0.9856575688937836,0.9941413848912083,0.9978208700459292,0.9821994875486374,0.9712479900640231,0.9603586081344925,0.9485420805402373,0.9327774961715919,0.9023525992308847,0.8983486680975317,0.8183273814548739,0.6737842613076632,0.5465819667301955,0.5429932490813016,0.6293837210153157,0.9046253971096924
0.105,4.44293714498099,0.8843567359090226,0.9861507819418838,0.994376508879797,0.9979237026637384,0.9827825669871918,0.9721065477026267,0.9614483501226043,0.9498461861491332,0.9343223813818586,0.9042897561567701,0.9003509690237728,0.8210392937598634,0.6770545556805758,0.5498373055472496,0.5462512624511455,0.6326526526211087,0.9060360572183496
0.106,4.475041611669196,0.8865013876574674,0.9866243031683747,0.9946009671147504,0.9980211622443164,0.9833432900192111,0.9729345482332991,0.9625019076462199,0.9511098523705614,0.9358230331263062,0.9061775409798414,0.9023025184137023,0.8236955102423099,0.6802741109737231,0.5530520554916133,0.5494691998803045,0.6358751882061116,0.9074122852482508
0.107,4.507000259432249,0.888594087653461,0.9870790300264846,0.9948153001175303,0.9981135569309011,0.9838826407246222,0.9737332555512025,0.9635206891622581,0.9523345618176867,0.9372809670135015,0.9080174891557272,0.9042048857659077,0.826297480555564,0.6834439812620812,0.5562269244366884,0.5526477454948071,0.6390522230919843,0.9087552151787766
0.108,4.538814079486405,0.8906363843035333,0.9875158137733595,0.9950200180188471,0.9982011755763853,0.9844015540620195,0.9745038737966606,0.9645060400816572,0.9535217341859045,0.9386976379642601,0.9098110794975107,0.9060595830781926,0.8288466083824151,0.6865651928695957,0.5593626039916537,0.5557875681151556,0.6421846303757628,0.9100659345011141
0.109,4.570484054084401,0.8926297710703625,0.9879354621348262,0.9952156024461163,0.9982842890570335,0.9849009186235034,0.9752475505424417,0.9654592459663627,0.9546727292934166,0.9400744430012814,0.9115597366033452,0.9078680672896471,0.8313442531609943,0.6896387452576145,0.5624597699714871,0.5588893216878503,0.6452732616129522,0.9113454864843394
0.11,4.602011156616542,0.8945756887373275,0.9883387417991044,0.9954025082818493,0.9983631514890792,0.9853815792173709,0.9759653797915022,0.9663815355451405,0.9557888499569148,0.941412723893905,0.9132648331654184,0.9096317426048031,0.8337917317360207,0.6926656118802705,0.5655190828509336,0.5619536457023713,0.6483189474756705,0.9125948723140103
0.111,4.633396351710428,0.8964755275670607,0.9887263807516002,0.9955811653026656,0.9984380013559866,0.9858443392905413,0.9766584047976097,0.9672740835595371,0.9568713447122643,0.942713769666358,0.9149276921667541,0.9113519627062235,0.8361903199390038,0.6956467410081517,0.5685411882030003,0.5649811655941559,0.6513224983868705,0.913815053111363
0.112,4.664640595329343,0.8983306293595064,0.9890990704619657,0.9957519797078181,0.9985090625534787,0.9862899632017085,0.9773276207203827,0.9681380134505401,0.9579214103894299,0.9439788189773322,0.9165495889719563,0.913030032861501,0.8385412541008233,0.6985830565215576,0.5715267171225523,0.56797249313409,0.6542847051316232,0.9150069518406606
0.113,4.6957448348693065,0.9001422894146829,0.9894574679337508,0.9959153355453979,0.9985765453588319,0.9867191783553815,0.9779739771254604,0.9689743998957765,0.9589401945502879,0.9452090623782348,0.9181317533176296,0.9146672119302851,0.8408457324999297,0.7014754586745713,0.5744762866355608,0.5709282268050166,0.6572063394463998,0.9161714551116793
0.114,4.726710009254845,0.9019117584050534,0.9898021976261803,0.9960715960437271,0.9986406473303742,0.9871326772062174,0.9785983803397644,0.9697842712064292,0.9599287977974069,0.946405644457005,0.919675371207876,0.9162647142766419,0.8431049167492457,0.7043248248311456,0.577390500094538,0.5738489521657433,0.6600881545872597,0.9173094148838665
0.115,4.757537049033458,0.9036402441621391,0.9901338532568621,0.996221104854846,0.9987015541426263,0.9875311191423565,0.979201695671115,0.9705686115924315,0.9608882759613628,0.9475696658739494,0.9211815867199414,0.9178237115917318,0.8453199331246802,0.7071320101743335,0.5802699475606676,0.5767352422030152,0.6629308858777976,0.9184216500782199
0.116,4.788226876468844,0.9053289133817443,0.9904529994935722,0.9963641872164517,0.9987594403620638,0.9879151322558246,0.9797847495008154,0.9713283633039352,0.9618196421736639,0.9487021852956575,0.9226515037247899,0.9193453346315053,0.8474918738380218,0.7098978483897604,0.5831152061731345,0.5795876576719037,0.6657352512376791,0.919508948102552
0.117,4.818780405632865,0.9069788932519323,0.9907601735426473,0.9965011510381411,0.9988144701680648,0.9882853150074844,0.9803483312572272,0.9720644286565167,0.9627238688319179,0.949804221232682,0.9240861875271058,0.9208306748738533,0.8496217982568354,0.7126231523243789,0.5859268405061282,0.5824067474250432,0.6685019516925472,0.9205720662953929
0.118,4.849198542496308,0.9085912730076471,0.9910558866409563,0.9966322879173576,0.9988667980232276,0.9886422377934679,0.9808931952777996,0.9727776719470926,0.9636018894634469,0.9508767537863212,0.925486666428956,0.922280786099383,0.8517107340738473,0.7153087146215125,0.5887054029139799,0.5851930487311264,0.6712316718660568,0.9216117332934475
0.119,4.879482185018423,0.9101671054156746,0.9913406254579102,0.9967578740900158,0.9989165692968993,0.9889864444195284,0.9814200625665105,0.9734689212670639,0.9644546004931689,0.9519207263095141,0.926853933221103,0.923696685899764,0.8537596784281795,0.7179553083331421,0.5914514338648793,0.5879470875830672,0.6739250804547523,0.9226286503271827
0.12,4.9096322232352945,0.9117074081934251,0.9916148534134896,0.9968781713203981,0.99896392084544,0.9893184534892847,0.9819296224531998,0.9741389702187775,0.9652828629211962,0.9529370469865579,0.9281889466057284,0.9250793571173558,0.8557695989806696,0.7205636875103573,0.5941654622635955,0.5906693789962052,0.6765828306864813,0.9236234924488192
0.121,4.939649539347029,0.913213165364833,0.9918790119178397,0.9969934277345618,0.999008981552464,0.989638759711911,0.9824225341608384,0.9747885795410071,0.9660875039152668,0.9539265903360713,0.9294926325541101,0.9264297492196274,0.8577414349454038,0.7231345877728491,0.5968480057636156,0.5933604272969304,0.6792055607629968,0.9245969096967175
0.122,4.969535007803807,0.91468532855649,0.9921335215375766,0.9971038786011769,0.9990518728320363,0.9899478351344272,0.982899428286369,0.9754184786487801,0.9668693183227995,0.9548901986413629,0.9307658856025953,0.9277487796116742,0.8596760980794762,0.7256687268582873,0.5994995710690935,0.5960207264020752,0.681793894287384,0.9255495281998899
0.123,4.999289495390796,0.9161248182369551,0.9923787830935816,0.9972097470634149,0.9990927090975616,0.9902461303033901,0.9833609082003787,0.9760293670925433,0.9676290701070778,0.9558286833121149,0.9320095700900177,0.9290373348899581,0.861574473632888,0.7281668051523835,0.6021206542269877,0.5986507600894222,0.684348440676905,0.9264819512261182
0.124,5.0289138613119535,0.9175325249020303,0.9926151786947175,0.9973112448252385,0.9991315981988896,0.990534075360444,0.983807551370512,0.976621915941337,0.9683674937117801,0.9567428261810622,0.9332245213395359,0.930296272040221,0.8634374212604059,0.7306295062004137,0.6047117409097562,0.601251002259648,0.686869795561843,0.9273947601769406
0.125,5.058408957272729,0.9189093102086384,0.9928430727115879,0.9974085727951929,0.9991686418299579,0.9908120810758861,0.9842399106132104,0.9771967690943537,0.9690852953578278,0.957633380739129,0.9344115467876969,0.9315264195823583,0.8652657758971032,0.7330574972009374,0.6072733066889555,0.6038219171900228,0.6893585411708949,0.9282885155325568
0.126,5.087775627561685,0.920256008059798,0.9930628126941704,0.9975019216905714,0.9992039359091113,0.9910805398241146,0.9846585152780613,0.9777545445249837,0.9697831542762727,0.9585010733122806,0.9355714270633739,0.9327285786648856,0.867060348599223,0.7354514294824182,0.6098058173000829,0.6063639597801647,0.6918152467036354,0.9291637577494992
0.127,5.117014709131065,0.9215734256430568,0.9932747302368851,0.9975914726046115,0.99923757093407,0.9913398265045609,0.9850638723687604,0.9782958354611864,0.9704617238807247,0.9593466041831601,0.9367049170190817,0.9339035241114874,0.8688219273519205,0.7378119389634162,0.6123097288989808,0.6088775757901416,0.6942404686905571,0.9300210081137561
0.128,5.1461270316763015,0.9228623444246233,0.993479141794413,0.9976773975391916,0.999269632313367,0.9915902994114666,0.985456467604432,0.9788212115057964,0.9711216328826112,0.9601706486604009,0.9378127467170312,0.935052005422002,0.8705512778453636,0.7401396465970091,0.6147854883101234,0.611363202071195,0.6966347513411718,0.9308607695518349
0.129,5.175113417714493,0.9241235211013116,0.9936763494513527,0.9977598599053127,0.9993002006759316,0.9918323010556364,0.9858367664248074,0.9793312197001415,0.9717634863523607,0.9609738580983387,0.9388956223721595,0.9361747477300674,0.8722491442205998,0.7424351588000491,0.6172335332670693,0.6138212667893577,0.6989986268806281,0.931683527402129
0.13,5.203974682661872,0.9253576885123073,0.9938666416485868,0.9978390149934872,0.9993293521603711,0.9920661589410883,0.9862052149425409,0.9798263855341455,0.9723878667294198,0.9617568608696894,0.9399542272542429,0.9372724527195324,0.8739162497865226,0.7446990678678518,0.6196542926453807,0.6162521896422182,0.7013326158752873,0.9324897501487767
0.131,5.232711634910267,0.926565556512658,0.9940502938690388,0.9979150104160069,0.9993571586853813,0.9922921862993306,0.9865622408457282,0.9803072139058965,0.9729953347838445,0.9625202632936162,0.9409892225510937,0.9383457995016284,0.8755532977092134,0.7469319523748865,0.6220481866882742,0.6186563820690795,0.7036372275476829,0.9332798901200863
0.132,5.2613250759025805,0.9277478128102878,0.9942275692853166,0.99798798652292,0.9993836882026111,0.9925106827838097,0.9869082542535036,0.9807741900334725,0.9735864305320393,0.9632646505214677,0.9420012481947252,0.9393954454547838,0.877160971674863,0.749134377562005,0.6244156272252729,0.6210342474547506,0.7059129600812617,0.9340543841534625
0.133,5.2898158002072915,0.9289051237682467,0.9943987193715734,0.9980580767934151,0.999409004933203,0.9927219351269106,0.9872436485274053,0.981227780321656,0.9741616741090734,0.9639905873823418,0.9429909236522739,0.9404220270288689,0.8787399365274269,0.751306895710728,0.6267570178841089,0.6233861813271934,0.7081603009152986,0.9348136542286534
0.134,5.318184595592013,0.9300381351738135,0.9945639844817566,0.9981254082041986,0.9994331695891434,0.9929262177617325,0.9875688010410326,0.9816684331860032,0.9747215665998579,0.9646986191905088,0.9439588486833692,0.9414261605155623,0.8802908388821051,0.7534500465050916,0.6290727542961212,0.6257125715492489,0.7103797270303485,0.9355581080710303
0.135,5.3464322430960864,0.9311474729759912,0.9947235943962784,0.9981901015763325,0.9994562395804709,0.9931237934107187,0.9878840739103604,0.9820965798365897,0.9752665908313382,0.9653892725166161,0.9449056040655522,0.942408442786439,0.8818143077156924,0.755564357381521,0.6313632242953862,0.6280137985046471,0.712571705224597,0.936288139726508
0.136,5.3745595171022735,0.9322337439928519,0.9948777688389987,0.9982522719019036,0.9994782692093118,0.9933149136430866,0.9881898146869298,0.9825126350236153,0.9757972121277311,0.9660630559244832,0.9458317522892582,0.9433694520003005,0.8833109549347848,0.7576503438671943,0.6336288081117962,0.6302902352785021,0.7147366923814409,0.9370041301096126
0.137,5.402567185407514,0.9332975365901139,0.9950267179662944,0.9983120286517982,0.9994993098516429,0.9934998194028763,0.9884863570159964,0.9829169977469205,0.9763138790307201,0.9667204606752045,0.9467378382238008,0.944309748281185,0.8847813759227933,0.7597085099073284,0.6358698785583135,0.6325422478324918,0.7168751357286316,0.9377064475261225
0.138,5.430456009292787,0.9343394213322683,0.9951706428298701,0.9983694760657703,0.9995194101276148,0.9936787415093243,0.9887740212615902,0.9833100519313456,0.9768170239864121,0.9673619614001772,0.9476243897557173,0.9452298743684207,0.886226150066657,0.7617393481818063,0.6380868012125921,0.6347701951748963,0.718987473089286,0.9383954481716171
0.139,5.458226743592097,0.9353599516074977,0.9953097358148573,0.9984247134259083,0.9995386160612081,0.9938519011311545,0.9890531151003225,0.9836921670697532,0.977307064000761,0.9679880167445839,0.9484919184007674,0.9461303562400198,0.8876458412641179,0.7637433404115438,0.6402799345931802,0.6369744295256858,0.7210741331250663,0.9390714766071946
0.14,5.4858801367605645,0.9363596642275753,0.9954441810546508,0.9984778353145345,0.9995569712299401,0.9940195102362857,0.989323934085662,0.9840636988354243,0.977784401265061,0.9685990699827787,0.9493409198908056,0.9470117037106368,0.8890409984123703,0.7657209576549837,0.6424496303304846,0.6391552964768182,0.7231355355718148,0.9397348662135407
0.141,5.5134169309416725,0.9373390800038679,0.9955741548238405,0.9985289318574959,0.999574516905286,0.9941817720183533,0.9895867621843025,0.9844249896654429,0.9782494237530304,0.9691955496069447,0.9501718747366892,0.947874411005259,0.8904121558788637,0.7676726605950798,0.6445962333326831,0.6413131351479185,0.725172091467916,0.9403859396244671
0.142,5.540837862033661,0.9382987043005131,0.9956998259105029,0.9985780889537478,0.9995912921844327,0.9943388813013635,0.9898418722861406,0.9847763693165867,0.9787025057909142,0.9697778698903186,0.9509852487683224,0.9487189573097344,0.8917598339550016,0.7695988998171248,0.6467200819467619,0.6434482783374933,0.7271842033756505,0.9410250091409749
0.143,5.568143659755075,0.9392390275657857,0.995821355969048,0.9986253884920657,0.9996073341139398,0.9944910249237071,0.990089526689298,0.9851181553951595,0.9791440086019618,0.970346431426209,0.9517814936528806,0.9495458072991859,0.8930845392934414,0.7715001160777615,0.6488215081148447,0.6455610526698355,0.7291722655957906,0.9416523771268287
0.144,5.595335047709498,0.9401605258426206,0.9959388998547295,0.9986709085556689,0.9996226778058391,0.9946383821026962,0.990329977561534,0.9854506538621137,0.9795742808265543,0.970901621643968,0.9525610473922056,0.9503554116453095,0.8943867653296723,0.7733767405654954,0.6509008375259786,0.6476517787377618,0.7311366643756809,0.9422683363865841
0.145,5.622412743449478,0.9410636612592111,0.9960526059408685,0.9987147236154874,0.9996373565466697,0.9947811247807039,0.9905634673793148,0.9857741595147386,0.9799936590191947,0.971443815303016,0.9533243348003145,0.9511482075035059,0.8956669926885121,0.7752291951530276,0.6529583897635319,0.6497207712413275,0.7330777781110351,0.9428731705269469
0.146,5.6493774585396395,0.9419488825005552,0.9961626164197656,0.9987569047127548,0.9996514018999076,0.9949194179539308,0.9907902293457328,0.9860889564461149,0.9804024681234969,0.9719733749659615,0.9540717679619147,0.9519246189807419,0.8969256895761385,0.7770578926416933,0.6549944784483503,0.651768339122649,0.7349959775416697,0.9434671543023
0.147,5.676229898619016,0.9428166252617829,0.9962690675882243,0.9987975196315663,0.9996648438022208,0.9950534199847532,0.9910104877883986,0.9863953184834724,0.9808010219262605,0.9724906514518012,0.9548037466727759,0.952685057585,0.8981633121582411,0.7788632369983055,0.657009411377824,0.6537947856969666,0.7368916259413915,0.9440505539451833
0.148,5.702970763462605,0.9436673126840541,0.9963720901185461,0.9988366330619988,0.9996777106539455,0.9951832828985567,0.9912244585383642,0.9866935096065186,0.9811896234916478,0.9729959842701383,0.9555206588627654,0.953429922657129,0.8993803049248514,0.7806456235846637,0.6590034906609935,0.6558004087800724,0.7387650793022404,0.9446236274824708
0.149,5.729600747042157,0.9445013557737818,0.9964718093158079,0.998874306754354,0.9996900294041594,0.9953091526658979,0.9914323492910723,0.9869837843467534,0.9815685655764331,0.9734897020373033,0.9562228810023137,0.9541596017858686,0.9005771010423872,0.7824054393800006,0.660977012849838,0.6577855008122204,0.7406166865132848,0.9451866250379473
0.15,5.756120537586208,0.9453191538058965,0.9965683453621824,0.9989105996650446,0.9997018256306923,0.9954311694707928,0.9916343599502736,0.9872663881687216,0.9819381310272391,0.9739721228752193,0.9569107784930406,0.9548744712067844,0.9017541226934196,0.7841430631966119,0.6629302690668661,0.6597503489786383,0.7424467895341598,0.9457397891219478
0.151,5.782530817639367,0.9461210947118344,0.9966618135490154,0.9989455680946174,0.9997131236154012,0.99554946796588,0.9918306829557959,0.987541557834109,0.9822985931606271,0.9744435547938103,0.9575847060432361,0.9555748961858136,0.9029117814046526,0.7858588658889162,0.6648635451291365,0.6616952353267485,0.7442557235635279,0.9462833549086865
0.152,5.80883226412088,0.9469075554529011,0.9967523244973335,0.998979265818369,0.9997239464150068,0.9956641775151618,0.9920215035960007,0.9878095217495343,0.9826502161268611,0.9749042960577095,0.958245008028853,0.9562612313880875,0.9040504783635765,0.7875532105561718,0.6667771216688263,0.6636204368802079,0.7460438172026367,0.9468175505018718
0.153,5.835025548382455,0.9476789023796293,0.9968399843674114,0.9990117442099857,0.9997343159277731,0.9957754224249905,0.9922070003057156,0.9880705002988421,0.982993255258125,0.9753546355379851,0.958892018840645,0.956933821232664,0.9051706047242454,0.7892264527390784,0.668671274250461,0.6655262257498666,0.747811392614141,0.9473425971891655
0.154,5.861111336265391,0.9484354915777209,0.9969248950579942,0.9990430523586111,0.9997442529562905,0.9958833221639193,0.9923873449503866,0.9883247061606643,0.9833279574019286,0.9757948530495679,0.9595260632180411,0.9575930002337766,0.9062725419025995,0.790878940610473,0.6705462734849148,0.6674128692417476,0.7495587656763517,0.9478587096860197
0.155,5.8870902881569975,0.9491776692011383,0.9970071543957342,0.9990732371797183,0.9997537772666073,0.9959879915720109,0.9925627030971512,0.9885723446119659,0.9836545612404007,0.9762252196750264,0.9601474565703321,0.9582390933291728,0.9073566618617426,0.79251101516033,0.6724023851402885,0.6692806299621397,0.7512862461330609,0.9483660963693963
0.156,5.912963059046323,0.949905771792878,0.9970868563153653,0.9991023435201414,0.9997629076439334,0.996089541060156,0.9927332342734962,0.9888136138182642,0.9839732975961342,0.9766459980753079,0.9607565052857052,0.9588724161960916,0.9084233273875605,0.7941230103752579,0.6742398702497641,0.6711297659198985,0.752994137739099,0.9488649595018388
0.157,5.938730298579199,0.9506201265939427,0.9971640910311139,0.9991304142576001,0.9997716619451334,0.9961880767999247,0.9928990922141268,0.9890487051111636,0.9842843897252066,0.9770574427880275,0.9613535070286485,0.9594932755554005,0.909472892355056,0.7957152534126873,0.6760589852165381,0.6729605306260414,0.7546827384017597,0.9493554954463598
0.158,5.96439265111262,0.9513210518409964,0.9972389451998102,0.9991574903950275,0.9997800571482038,0.9962837009044446,0.9930604250966358,0.9892778032538208,0.9845880535979773,0.9774598005138633,0.9619387510262125,0.9601019694643917,0.9105057019857524,0.7972880647699285,0.6778599819159228,0.6747731731907234,0.7563523403182357,0.9498378948725595
0.159,5.989950755768451,0.9520088570531705,0.9973115020761385,0.9991836111499975,0.9997881093989197,0.9963765116007692,0.9932173757665373,0.9895010866949189,0.9848844981682233,0.977853310391585,0.9625125183436003,0.9606987875987103,0.9115220930965104,0.7988417584482761,0.6796431077947085,0.6765679384176736,0.7580032301091925,0.9503123429543902
0.16,6.015405246486488,0.9526838433084642,0.9973818416604446,0.9992088140395223,0.9997958340548264,0.9964666033941769,0.9933700819521881,0.9897187278117004,0.9851739256311508,0.978238204262219,0.9630750821495321,0.9612840115238687,0.9125223943400808,0.8003766421123268,0.6814086059678761,0.6783450668961758,0.7596356889486104,0.950779019559946
0.161,6.040756752076872,0.9533463035101646,0.9974500408394854,0.999233134960484,0.9998032457267344,0.9965540672248121,0.9935186764701002,0.98993089314258,0.9854565316707937,0.9786147069228289,0.9636267079718108,0.9618579149567765,0.9135069264377078,0.8018930172446759,0.6831567153127395,0.6801047950906642,0.7612499926900177,0.9512380994336461
0.162,6.066005896271872,0.9539965226436898,0.9975161735204919,0.9992566082659399,0.9998103583178721,0.9966389906170625,0.9936632874211161,0.9901377436098291,0.9857325056972811,0.9789830363703637,0.9641676539434939,0.9624207640177,0.9144760024040812,0.8033911792961439,0.6848876705606021,0.6818473554280104,0.7628464119892285,0.9516897523711565
0.163,6.091153297777033,0.9546347780242441,0.997580310758893,0.9992792668375303,0.9998171850608356,0.9967214578220394,0.9938040383778949,0.9903394347328014,0.9860020310744348,0.9793434040360098,0.9646981710400603,0.9629728174730429,0.9154299277649225,0.8048714178316857,0.6866017023860063,0.6835729763825751,0.7644252124237028,0.9521341433873776
0.164,6.116199570321717,0.9552613395356525,0.9976425208800246,0.9993011421542056,0.9998237385524684,0.9968015499535093,0.9939410485641316,0.9905361168321429,0.9862652853381327,0.9796960150104564,0.9652185033079412,0.9635143269693218,0.9163690007674811,0.8063340166721248,0.6882990374936466,0.6852818825590847,0.7659866546086356,0.9525714328778112
0.165,6.141145322709032,0.9558764698607295,0.9977028695951373,0.999322264357473,0.9998300307867961,0.9968793451176096,0.9940744330259125,0.9907279352254063,0.9865224404058531,0.980041068260468,0.9657288880847689,0.9640455372586987,0.9172935125842023,0.8077792540318528,0.6899798987030243,0.6869742947734099,0.7675309943098794,0.9530017767736059
0.166,6.165991158865155,0.9564804247035175,0.9977614201119915,0.9993426623133529,0.9998360731861302,0.9969549185366545,0.9942043027955841,0.9909150304144698,0.9867736627777959,0.9803787568371363,0.9662295562116783,0.9645666864164071,0.9182037475098201,0.8092074026526251,0.6916445050309108,0.6886504301312992,0.7690584825538057,0.9534253266905546
0.167,6.190737677888076,0.9570734530037188,0.9978182332403158,0.9993623636712263,0.9998418766304511,0.9970283426673312,0.9943307650484979,0.9910975382651401,0.9870191137299533,0.9807092680761688,0.9667207322379863,0.9650780060504018,0.9190999831521149,0.8106187299335839,0.6932930717716859,0.6903105021051366,0.7705693657341955,0.9538422300723195
0.168,6.215385474095746,0.9576557971436289,0.9978733674923911,0.9993813949197389,0.9998474514851716,0.9970996873135606,0.9944539232529686,0.9912755901792974,0.9872589494994897,0.9810327837905524,0.9672026346185523,0.9655797215035435,0.9199824906165676,0.812013498057629,0.6949258105756193,0.6919547206087772,0.772063885716259,0.9542526303281379
0.169,6.239935137073657,0.958227693147864,0.9979268791790039,0.9993997814399213,0.999852807627376,0.9971690197342875,0.9945738773137717,0.9914493132599264,0.9874933214627676,0.9813494804559146,0.9676754759041165,0.9660720520486149,0.920851534685135,0.8133919641142573,0.696542929525156,0.6935832920705216,0.7735422799378722,0.9546566669652438
0.17,6.264387251721856,0.9587893708761681,0.9979788225010036,0.999417547555677,0.9998579544706246,0.9972364047464506,0.9946907237094855,0.991618830469355,0.9877223763063445,0.9816595293888924,0.9681394629248947,0.9665552110764541,0.9217073739893552,0.814754380218986,0.6981446332092647,0.6951964195042822,0.7750047815081176,0.9550544757162438
0.171,6.288742398301389,0.9593410542095657,0.9980292496366813,0.9994347165817764,0.9998629009884067,0.9973019048233659,0.9948045556239675,0.9917842607810129,0.9879462561912469,0.9819630969187989,0.9685947969676973,0.9670294062774789,0.92255026117799,0.8161009936294673,0.6997311227959115,0.6967943025789953,0.7764516193032142,0.955446188661661
0.172,6.313001152480211,0.9598829612301198,0.9980782108251802,0.9994513108694901,0.9998676557363217,0.9973655801887483,0.9949154630722402,0.991945719324999,0.9881650989108146,0.9822603445528719,0.9690416739468307,0.9674948398168587,0.9233804430794006,0.8174320468584019,0.701302596102712,0.6983771376863299,0.7778830180599154,0.955831934347857
0.173,6.337164085378539,0.9604153043945417,0.998125754446133,0.9994673518499877,0.9998722268730613,0.9974274889065836,0.99502353302105,0.9921033175277387,0.988379038042394,0.9825514291353692,0.9694802845690227,0.9679517085035863,0.9241981608588422,0.8187477777833562,0.7028592476658149,0.699945118006743,0.7792991984664568,0.9562118379005271
0.174,6.361231763613667,0.9609382907018883,0.9981719270957127,0.9994828600756196,0.999876622180262,0.9974876869670485,0.9951288495043437,0.9922571632459949,0.9885882030931452,0.9828365030007649,0.9699108144926097,0.968400203953687,0.9250036501708618,0.8200484197535778,0.7044012688070762,0.7014984335739308,0.7807003772511241,0.9565860211339657
0.175,6.385204749344263,0.9614521218555745,0.9982167736592729,0.9994978552591925,0.9998808490812932,0.997546228368672,0.9952314937339011,0.9924073608954849,0.9887927196402159,0.9831157141212925,0.9703334444812066,0.9688405127477906,0.9257971413069688,0.8213342016939058,0.7059288476995662,0.7030372713377202,0.7820867672685198,0.9569546026562669
0.176,6.409083600314136,0.9619569944199142,0.9982603373807444,0.9995123563113452,0.9998849146590414,0.9976031651969157,0.9953315442053442,0.9925540115743419,0.9889927094655242,0.9833892062490648,0.9707483505520754,0.9692728165832879,0.9265788593387473,0.8226053482058688,0.7074421694314639,0.7045618152254457,0.7834585775835927,0.9573176979706484
0.177,6.432868869895494,0.9624530999714015,0.9983026599289461,0.999526381376121,0.9998888256727482,0.9976585476993434,0.9954290767997385,0.9926972131816503,0.9891882906853772,0.9836571190529926,0.971155704119397,0.9696972924212761,0.9273490242565698,0.8238620796660578,0.7089414160683842,0.7060722462018556,0.7848160135535022,0.9576754195730481
0.178,6.456561107131683,0.9629406252449264,0.9983437814609596,0.9995399478648347,0.9998925885739552,0.9977124243575435,0.9955241648809839,0.99283706053127,0.9893795778751474,0.9839195882507148,0.9715556721326426,0.9701141126284977,0.9281078511040652,0.8251046123218585,0.7104267667141844,0.7075687423275907,0.7861592769073824,0.9580278770461572
0.179,6.480160856779442,0.9634197522751184,0.998383740682709,0.9995530724883173,0.9998962095216074,0.9977648419559566,0.9956168793891913,0.992973645461157,0.9895666821892127,0.9841767457357413,0.9719484172102317,0.9705234451144586,0.9288555501084883,0.8263331583846258,0.7118983975702908,0.7090514788162716,0.7874885658240655,0.9583751771500328
0.18,6.50366865935065,0.963890658532999,0.9984225749068805,0.9995657712876265,0.9998996943963612,0.9978158456477525,0.9957072889302225,0.9931070569383772,0.9897497114763607,0.9844287197000023,0.9723340977686589,0.9709254534639142,0.9295923268071343,0.8275479261203812,0.7133564819935942,0.7105206280902381,0.7888040750078289,0.9587174239094347
0.181,6.527085051153597,0.9643535170581182,0.9984603201083091,0.9995780596632988,0.9999030488141428,0.9978654790178977,0.9957954598615697,0.9932373811599993,0.9899287703908469,0.9846756347519874,0.9727128681472575,0.9713202970648941,0.9303183821699339,0.8287491199381061,0.7148011905529497,0.7119763598349778,0.7901059957622252,0.9590547186980193
0.182,6.550410564333765,0.964808496586342,0.9984970109769528,0.9995899524032195,0.9999062781389985,0.9979137841435409,0.995881456374737,0.9933647016500459,0.9901039604992873,0.9849176120306526,0.9730848787287705,0.9717081312324358,0.9310339127183581,0.8299369404757081,0.7162326910843213,0.7134188410522775,0.791394516062048,0.9593871603195206
0.183,6.573645726914139,0.9652557616734532,0.9985326809685684,0.999601463709179,0.999909387495276,0.9979608016518443,0.9959653405742818,0.993489099352672,0.9902753803835581,0.9851547693152628,0.973450276055881,0.9720891073281892,0.9317391106407623,0.8311115846837289,0.7176511487446164,0.7148482361121364,0.7926698206234922,0.9597148450860389
0.184,6.596791062835052,0.9656954728147163,0.9985673623531993,0.999612607222185,0.9999123817791747,0.9980065707753758,0.9960471725536628,0.993610652721734,0.9904431257398689,0.9853872211313309,0.9738092029438584,0.9724633728760437,0.9324341639042882,0.8322732459068647,0.719056726064236,0.7162647068034745,0.7939320909725596,0.9600378668935556
0.185,6.619847091993569,0.9661277865605589,0.9986010862615751,0.9996233960465905,0.9999152656696991,0.9980511294051764,0.9961270104680398,0.9937294378069005,0.9906072894741649,0.9856150788528076,0.9741617985894633,0.9728310716739279,0.9331192563634408,0.8334221139633636,0.7204495829983878,0.7176684123836659,0.7951815055117621,0.9603563172947857
0.186,6.642814330282414,0.9665528556285063,0.9986338827295239,0.999633842773098,0.9999180436390483,0.9980945141416089,0.9962049106041547,0.9938455283364555,0.9907679617940092,0.9858384508006701,0.974508198676249,0.9731923439019231,0.9337945678654528,0.8345583752223635,0.721829876977188,0.7190595096269348,0.7964182395851714,0.9606702855694774
0.187,6.665693289628444,0.9669708290115098,0.9986657807404882,0.9996439595006986,0.9999207199624733,0.9981367603430884,0.996280927447428,0.9939589957969313,0.9909252302970896,0.9860574423380501,0.9748485354763964,0.9735473262268263,0.9344602743525441,0.8356822126792369,0.7231977629545943,0.7204381528716415,0.7976424655418632,0.9609798587922521
0.188,6.6884844780306905,0.9673818520827953,0.9986968082662332,0.999653757857595,0.9999232987276306,0.9981779021727916,0.9963551137463871,0.994069909509706,0.991079180056486,0.9862721559620361,0.9751829379492066,0.973896151903293,0.9351165479611807,0.8367938060289943,0.7245533934561924,0.7218044940664892,0.7988543527978018,0.9612851218980941
0.189,6.711188399597958,0.967786066697361,0.9987269923058305,0.9996632490211624,0.9999257838434589,0.9982179726434364,0.9964275205745469,0.9941783367046931,0.9912298937028298,0.9864826913922787,0.9755115318363768,0.9742389508716869,0.935763557118432,0.8378933317378117,0.7258969186258772,0.7231586828156796,0.8000540678962107,0.961586157745575
0.19,6.733805554585988,0.9681836112902417,0.9987563589229983,0.9996724437369937,0.9999281790486069,0.9982570036602186,0.9964981973898515,0.9942843425912449,0.9913774515034803,0.9866891456565244,0.9758344397541745,0.9745758498527528,0.9364014666355231,0.8389809631127334,0.7272284862714546,0.7245008664230497,0.8012417745664714,0.9618830471779033
0.191,6.756336439434203,0.9685746209716571,0.9987849332818709,0.9996813523370736,0.9999304879194334,0.9982950260619885,0.9965671920917826,0.9943879904263836,0.9915219314388388,0.9868916131731936,0.9761517812826253,0.9749069724392316,0.9370304377986761,0.8400568703696046,0.7285482419091899,0.7258311899352115,0.8024176337815927,0.9621758690818848
0.192,6.778781546802032,0.9689592276191532,0.9988127396812722,0.9996899847571259,0.9999327138776065,0.9983320696607458,0.9966345510762349,0.9944893415804757,0.9916634092759128,0.987090185831118,0.9764636730518214,0.9752324391845264,0.9376506284573258,0.8411212206992874,0.7298563288073411,0.7271497961837248,0.803581803814291,0.9624647004448773
0.193,6.801141365604814,0.9693375599668455,0.9988398015875586,0.9996983505531731,0.9999348601973197,0.9983681632795284,0.9967003192882556,0.9945884556004498,0.9918019586392421,0.9872849530665453,0.9767702288254544,0.9755523676885248,0.9382621931098012,0.8421741783322085,0.7311528880286948,0.7284568258263284,0.8047344402917208,0.9627496164098126
0.194,6.823416381049306,0.9697097436918637,0.9988661416660993,0.9997064589173481,0.999936930012148,0.9984033347887662,0.9967645402727375,0.994685390270663,0.9919376510792901,0.9874760019375158,0.9770715595816738,0.9758668726806817,0.9388652829865503,0.8432159046012869,0.7324380584721377,0.7297524173872524,0.8058756962488923,0.963030690328366
0.195,6.845607074668771,0.9700759014980992,0.998891781811452,0.9997143186929925,0.999938926321562,0.9984376111411669,0.9968272562231536,0.9947802016715102,0.9920705561383998,0.987663417195709,0.9773677735913646,0.9761760661004585,0.939460046130991,0.8442465580032928,0.7337119769132869,0.7310367072966386,0.8070057221808147,0.9633079938123367
0.196,6.867713924357684,0.970436153197347,0.9989167431762959,0.9997219383890785,0.9999408519971194,0.9984710184051994,0.9968885080284168,0.9948729442358687,0.9922007414144115,0.9878472813558579,0.9776589764939391,0.9764800571752135,0.9400466274780646,0.8452662942586765,0.7349747780442051,0.7323098299290898,0.8081246660933976,0.963581596783318
0.197,6.889737404406035,0.970790615787935,0.9989410461991749,0.9997293261939847,0.9999427097883483,0.9985035817972362,0.9969483353179424,0.9949636708034673,0.9923282726220342,0.9880276747628197,0.9779452713707283,0.9767789524956336,0.9406251689305638,0.8462752663699166,0.7362265945122257,0.733571917641372,0.8092326735531501,0.9638515675207113
0.198,6.911677985533251,0.9711394035309264,0.9989647106311076,0.9997364899886592,0.999944502328343,0.9985353257124127,0.9970067765049906,0.9950524326732623,0.9924532136520553,0.988204675656394,0.9782267588160601,0.9770728560887948,0.9411958094333104,0.8472736246784281,0.737467556957909,0.7348231008092921,0.810329887735703,0.9641179727081555
0.199,6.933536134921729,0.9714826280239806,0.9989877555611105,0.9997434373591965,0.9999462321390816,0.9985662737542595,0.9970638688283598,0.9951392796539015,0.9925756266284776,0.9883783602339694,0.9785035370061046,0.9773618694889328,0.9417586850452471,0.8482615169200701,0.7386977940521562,0.7360635078637712,0.8114164494731946,0.9643808774784239
0.2,6.955312316250001,0.9718203982729515,0.9990101994406856,0.9997501756088597,0.9999479016364864,0.9985964487631622,0.9971196483924996,0.9952242601123538,0.9926955719636587,0.988548802711081,0.9787757017655647,0.9776460918060066,0.9423139290095134,0.8492390882792958,0.7399174325324993,0.7372932653261328,0.8124924973005451,0.9646403454568527
0.201,6.977006989725516,0.9721528207613036,0.9990320601073168,0.999756711769571,0.9999495131352351,0.9986258728436963,0.9971741502061101,0.9953074210207759,0.9928131084115333,0.9887160753799559,0.9790433466322893,0.9779256197921301,0.942861671821567,0.8502064814419805,0.741126597238591,0.7385124978426304,0.8135581675006532,0.9648964388033526
0.202,6.998620612117062,0.9724799995174165,0.9990533548070193,0.9997630526128984,0.9999510688533386,0.9986545673908891,0.9972274082192893,0.9953888080016888,0.9929282931189908,0.9888802486661196,0.9793065629198785,0.9782005479059459,0.9434020412954145,0.8511638366469663,0.7423254111469157,0.7397213282182288,0.8146135941485428,0.9651492182530547
0.203,7.020153636786826,0.972802036179854,0.9990741002159825,0.9997692046605604,0.9999525709164977,0.998682553115452,0.9972794553592889,0.9954684653715293,0.9930411816754788,0.9890413911831373,0.9795654397783531,0.9784709683750141,0.9439351626280086,0.8521112917363594,0.743513995404739,0.7409198774496616,0.8156589091544881,0.9653987431556438
0.204,7.041606513722084,0.973119030060664,0.9990943124613474,0.9997751741944728,0.999954021362248,0.9987098500680281,0.9973303235649342,0.9955464361826417,0.9931518281609008,0.9891995697855548,0.9798200642529544,0.9787369712562823,0.9444611584618716,0.8530489822046149,0.7446924693633195,0.7421082647577817,0.8166942423061455,0.9656450715134276
0.205,7.062979689566563,0.9734310782067767,0.9991140071411545,0.9997809672663583,0.9999554221439061,0.9987364776624982,0.9973800438197667,0.9956227622637706,0.9932602851918708,0.9893548496201074,0.9800705213411375,0.9789986444947042,0.9449801489459986,0.8539770412464417,0.7458609506103975,0.7432866076192222,0.8177197213097172,0.9658882600181861
0.206,7.084273607651421,0.9737382754595644,0.9991331993435002,0.9997865897069405,0.9999567751343265,0.9987624546983813,0.997428646183956,0.9956974842591143,0.9933666039663909,0.9895072941752587,0.9803168940478222,0.9792560739800695,0.9454922517950946,0.8548955998035619,0.7470195550019821,0.7444550217973864,0.8187354718301748,0.9661283640868452
0.207,7.10548870802591,0.9740407145126266,0.9991519036649334,0.9997920471347386,0.9999580821294785,0.9987877993823729,0.9974761598250348,0.9957706416659954,0.9934708343070068,0.989656965329129,0.9805592634389598,0.9795093436021071,0.9459975823471982,0.855804786610356,0.7481683966934547,0.7456136213727826,0.8197416175305657,0.966365437896022
0.208,7.126625427487685,0.9743384859678571,0.9991701342281276,0.9997973449644864,0.9999593448518522,0.998812529349054,0.9975226130475047,0.9958422728712004,0.9935730247025019,0.9898039233958724,0.9807977086934732,0.9797585353039174,0.9464962536197401,0.8567047282384231,0.7493075881700029,0.7467625187727194,0.8207382801104273,0.9665995344154753
0.209,7.147684199612784,0.9746316783898515,0.9991879046988567,0.999802488415188,0.9999605649537046,0.9988366616808051,0.9975680333213551,0.9959124151860431,0.9936732223481823,0.9899482271705585,0.9810323071536249,0.980003729133795,0.9469883763640841,0.8575955491400873,0.7504372402764065,0.7479018248003787,0.8217255793433322,0.9668307054405065
0.21,7.168665454785277,0.9749203783587109,0.9992052283023073,0.9998074825178299,0.9999617440201487,0.998860212926962,0.997612447309543,0.9959811048801984,0.9937714731848073,0.9900899339726106,0.9812631343738684,0.9802450032954902,0.9474740591185996,0.8584773716908796,0.7515574622461878,0.7490316486632813,0.8227036331135887,0.9670590016233471
0.211,7.189569620226577,0.9752046705212927,0.9992221178387535,0.9998123321227641,0.9999628835721006,0.9988831991222409,0.9976558808944712,0.9960483772143555,0.9938678219362134,0.9902290996878531,0.9814902641682308,0.9804824341969676,0.9479534082603083,0.85935031623102,0.7526683617301448,0.7501520980011601,0.823672557452117,0.9672844725035663
0.212,7.210397120024449,0.9754846376409619,0.9992385856986215,0.9998170419067782,0.999963985069085,0.9989056358044648,0.9976983592035086,0.996114266471735,0.9939623121456824,0.9903657788092182,0.9817137686562784,0.9807160964977064,0.9484265280551483,0.8602145011059322,0.7537700448242808,0.751263278913253,0.8246324665715223,0.9675071665375374
0.213,7.231148375161684,0.975760360645891,0.999254643876971,0.9998216163798656,0.9999650499119108,0.9989275380316217,0.9977399066335877,0.996178805988514,0.9940549862110984,0.9905000244761565,0.9819337183077106,0.9809460631545963,0.9488935207068981,0.8610700427058108,0.7548626160971461,0.7523652959850333,0.8255834729003874,0.9677271311269927
0.214,7.251823803544458,0.9760319186759546,0.9992703039874171,0.9998260598917107,0.9999660794452211,0.9989489203982783,0.9977805468749172,0.996242028183201,0.9941458854189384,0.9906318885128008,0.9821501819856303,0.9811724054664714,0.9493544864048029,0.8619170555042711,0.7559461786166091,0.7534582523143909,0.8265256871168039,0.9679444126467017
0.215,7.2724238200303954,0.976299389128268,0.9992855772755151,0.9998303766379006,0.9999670749599247,0.9989697970513792,0.9978203029338448,0.996303964584998,0.9942350499771397,0.9907614214649239,0.9823632269885324,0.9813951931173298,0.949809523369937,0.8627556520961055,0.7570208339760642,0.7545422495372737,0.8274592181811612,0.9681590564713024
0.216,7.292948836456311,0.9765628477014089,0.9993004746316337,0.9998345706658778,0.9999680376955145,0.9989901817054553,0.9978591971549028,0.996364645861193,0.9943225190468851,0.9908886726357342,0.9825729190910532,0.9816144942182808,0.9502587279003458,0.863585943234167,0.7580866823200983,0.7556173878528059,0.8283841733682143,0.9683711070013136
0.217,7.313399261665658,0.9768223684383699,0.999315006603334,0.9998386458806423,0.9999689688422787,0.9990100876572641,0.9978972512420681,0.9964241018436139,0.9944083307733438,0.9910136901205496,0.9827793225835226,0.9818303753482625,0.9507021944150008,0.8644080378654071,0.7591438223696223,0.7566837660478938,0.8293006582984447,0.9685806076883591
0.218,7.333775501535671,0.9770780237682785,0.9993291834072785,0.9998426060502182,0.9999698695434102,0.9990295277998881,0.9979344862792697,0.9964823615541833,0.9944925223154086,0.9911365208403873,0.9829825003103583,0.9820429015935686,0.951140015496602,0.8652220431660882,0.7601923514464852,0.7577414815213344,0.8302087769687373,0.9687876010596296
0.219,7.354077959004225,0.9773298845469263,0.9993430149406867,0.9998464548108923,0.9999707408970187,0.9990485146363105,0.9979709227501692,0.996539453229606,0.9945751298744623,0.9912572105745088,0.9831825137073367,0.9822521365862255,0.9515722819332657,0.8660280645761927,0.7612323654975817,0.7587906303074327,0.8311086317823883,0.9689921287416109
0.22,7.374307034096386,0.977578020096145,0.9993565107923573,0.9998501956722361,0.9999715839580507,0.9990670602924899,0.9980065805572458,0.996595404345221,0.9946561887222103,0.9913758039919551,0.9833794228377829,0.9824581425412546,0.9519990827591259,0.8668262058330506,0.7622639591184645,0.7598313070991464,0.8320003235784592,0.9691942314830968
0.221,7.3944631239506915,0.977822498242066,0.9993696802532758,0.9998538320219216,0.9999723997401223,0.9990851765299549,0.9980414790402105,0.9966502416380508,0.9947357332276129,0.9914923446821071,0.9835732864277094,0.9826609802928573,0.9524205052938846,0.867616569004204,0.7632872255764758,0.7608636052707631,0.832883951660498,0.9693939491775221
0.222,7.414546622845139,0.9780633853522984,0.9993825323268213,0.9998573671303376,0.9999731892172675,0.9991028747579369,0.9980756369937765,0.9967039911290765,0.9948137968829484,0.9916068751843039,0.9837641618999402,0.9828607093295577,0.9528366351813404,0.8683992545195323,0.7643022568334062,0.7618876169001251,0.8337596138246378,0.9695913208846266
0.223,7.434557922222889,0.9783007463720604,0.9993950757385929,0.9998608041550185,0.9999739533256082,0.9991201660450608,0.9981090726848102,0.9967566781447672,0.9948904123290384,0.991719437016553,0.9839521054072526,0.9830573878283348,0.9532475564269257,0.8691743612026522,0.7653091435676964,0.7629034327904095,0.8346274063870938,0.9697863848514845
0.224,7.454497410717703,0.9785346448592972,0.9994073189458678,0.9998641461448915,0.9999746929649482,0.9991370611306091,0.9981418038688848,0.9968083273378923,0.9949656113796649,0.9918300707033604,0.9841371718645687,0.9832510726877792,0.9536533514342799,0.8699419863016163,0.7663079751961871,0.763911142491477,0.835487424211069,0.9699791785329087
0.225,7.4743654741791055,0.9787651430188158,0.9994192701467077,0.9998673960443503,0.999975409000295,0.9991535704353779,0.9981738478062628,0.9968589627076407,0.9950394250452085,0.9919388158027136,0.9843194149802252,0.9834418195603026,0.9540541010408898,0.870702225518924,0.7672988398954345,0.7649108343207955,0.8363397607330874,0.9701697386112637
0.226,7.4941624956972595,0.9789923017354691,0.9994309372887279,0.9998705566971647,0.9999761022633139,0.999169704072141,0.9982052212773257,0.9969086076190754,0.9951118835555334,0.9920457109322436,0.9844988872863535,0.9836296828834327,0.9544498845528203,0.8714551730408661,0.7682818246225949,0.7659025953839531,0.837184507988765,0.9703581010156929
0.227,7.513888855627603,0.979216180606419,0.9994423280775415,0.9998736308502315,0.9999767735537162,0.9991854718557366,0.9982359405974728,0.9969572848219448,0.9951830163821478,0.9921507937945951,0.9846756401683955,0.9838147159102206,0.9548407797785641,0.8722009215662179,0.7692570151358944,0.7668865115947655,0.8380217566380355,0.9705443009407961
0.228,7.533544931615203,0.9794368379725044,0.9994534499848928,0.999876621157174,0.999977423640586,0.9992008833127913,0.9982660216315099,0.9970050164688752,0.9952528522596631,0.9922541012020304,0.9848497238937858,0.9839969707387902,0.9552268630620346,0.8729395623342973,0.7702244960146889,0.7678626676949886,0.8388515959898413,0.9707283728647563
0.229,7.5531310986188505,0.9796543309487459,0.9994643102564914,0.9998795301817969,0.9999780532636472,0.9992159476910972,0.9982954798075465,0.9970518241329679,0.9953214192065775,0.9923556691002927,0.9850211876398233,0.9841764983410556,0.9556082093147272,0.873671185152406,0.7711843506791257,0.768831147273648,0.839674114026307,0.970910350566953
0.23,7.572647728934912,0.9798687154540109,0.9994749159195605,0.9998823604014029,0.9999786631344755,0.9992306739686535,0.9983243301304195,0.9970977288248195,0.9953887445454069,0.9924555325917557,0.9851900795207598,0.9843533485906325,0.9559848920470718,0.8743958784226674,0.7721366614094185,0.7697920327859902,0.8404893974264027,0.9710902671450642
0.231,7.592095192220911,0.9800800462398653,0.9994852737901084,0.9998851142099768,0.9999792539376547,0.9992450708623871,0.9983525871946612,0.9971427510089901,0.9954548549221867,0.9925537259578786,0.9853564466141297,0.9845275702899708,0.9563569833990004,0.8751137291682771,0.773081509364739,0.7707454055720655,0.8412975315891139,0.971268155031683
0.232,7.611473855518869,0.9802883769186385,0.9994953904799365,0.999887793921243,0.9999798263318846,0.9992591468365638,0.9983802651970292,0.9971869106199345,0.9955197763253634,0.9926502826809946,0.9855203349863434,0.9846992111967294,0.956724554169751,0.8758248230591819,0.7740189746017394,0.7716913458749529,0.8420986006561271,0.9714440460104589
0.233,7.6307840832784,0.9804937599907226,0.9995052724033925,0.9998904017716009,0.9999803809510377,0.9992729101109029,0.9984073779486132,0.9972302270774205,0.9955835341041019,0.992745235465451,0.98568178971757,0.9848683180494193,0.9570876738469303,0.876529244437199,0.7749491360927114,0.7726299328586312,0.842892687534044,0.9716179712317835
0.234,7.650026237379555,0.9806962468711334,0.9995149257838802,0.9998929399229451,0.9999809184051709,0.9992863686684054,0.9984339388865365,0.9972727193014481,0.9956461529860228,0.9928386162581244,0.9858408549259277,0.9850349365923372,0.9574464106348551,0.8772270763405934,0.7758720717433915,0.7735612446255086,0.8436798739161373,0.9717899612280325
0.235,7.669200677155425,0.9808958879153504,0.9995243566601338,0.9998954104653736,0.9999814392814932,0.9992995302629079,0.9984599610852635,0.99731440572669,0.9957076570943934,0.992930456268331,0.9859975737910063,0.9851991115998104,0.9578008314821937,0.8779184005281212,0.7767878584104182,0.7744853582336138,0.844460240303654,0.9719600459283783
0.236,7.688307759414521,0.9810927324444627,0.9995335708922679,0.9998978154197898,0.99998194414529,0.999312402426372,0.9984854572675314,0.9973553043164692,0.9957680699647895,0.9930207859871503,0.986151988576741,0.9853608868997751,0.9581510021089258,0.8786032975025592,0.7776965719184519,0.7754023497134617,0.8452338660266828,0.9721282546731909
0.237,7.707347838462887,0.981286828769638,0.9995425741676098,0.9999001567404027,0.9999824335408085,0.9993249924759195,0.9985104398149176,0.9973954325762916,0.9958274145612456,0.9931096352061839,0.9863041406536586,0.9855203053967088,0.9584969870326396,0.8792818465337271,0.7785982870769659,0.7763122940845949,0.8460008292645929,0.9722946162280328
0.238,7.726321266126022,0.9814782242159367,0.9995513720063247,0.9999024363171285,0.9999829079921043,0.999337307520623,0.9985349207780566,0.9974348075669451,0.9958857132919111,0.9931970330357659,0.9864540705205118,0.9856774090939353,0.9588388495941865,0.8799541256810179,0.7794930776967087,0.7772152653718127,0.8467612070660532,0.9724591587972689
0.239,7.745228391770531,0.9816669651454906,0.99955996976684,0.9999046559779002,0.9999833680038509,0.9993493544680613,0.9985589118865195,0.9974734459171865,0.9959429880242298,0.9932830079226426,0.986601817825327,0.9858322391153234,0.959176651982709,0.8806202118154501,0.7803810166058565,0.7781113366210932,0.8475150753686463,0.9726219100372991
0.24,7.764069562325583,0.9818530969800648,0.9995683726510773,0.9999068174908854,0.9999838140621149,0.999361140030648,0.9985824245583674,0.9975113638360241,0.9959992600996571,0.9933675876671393,0.9867474213858752,0.9859848357263946,0.9595104552600591,0.881280180641248,0.7812621756658514,0.7790005799152134,0.8482625090180812,0.9727828970694247
0.241,7.782845122304121,0.9820366642230215,0.9995765857095001,0.9999089225666201,0.9999842466350983,0.9993726707317427,0.9986054699093917,0.9975485771246159,0.9960545503479333,0.993450799439831,0.9868909192095908,0.9861352383548615,0.9598403193846261,0.8819341067169684,0.7821366257869415,0.7798830663890782,0.8490035817870185,0.9729421464923634
0.242,7.801555413823872,0.9822177104807023,0.9995846138459825,0.9999109728600588,0.9999846661738481,0.9993839529115517,0.9986280587620514,0.9975851011877916,0.9961088791009234,0.9935326697977312,0.98703234851295,0.9862834856106109,0.9601663032345874,0.8825820634761785,0.7830044369434224,0.7807588662447582,0.8497383663935147,0.9730996843944233
0.243,7.820200776628108,0.9823962784832488,0.9995924618225076,0.9999129699725462,0.999985073112936,0.9993949927328275,0.9986502016541188,0.9976209510452158,0.9961622662060423,0.9936132247000168,0.9871717457403272,0.9864296153051496,0.9604884646305996,0.8832241232477018,0.7838656781885927,0.7816280487662504,0.8504669345190963,0.9732555363653405
0.244,7.838781548106237,0.9825724101048748,0.9996001342637013,0.9999149154537135,0.9999854678711101,0.9994057961863733,0.9986719088470443,0.9976561413422006,0.9962147310392767,0.9936924895233004,0.9873091465823458,0.98657366447053,0.9608068603579438,0.883860357275436,0.784720417669424,0.7824906823339606,0.8511893568264692,0.9734097275078034
0.245,7.857298063314121,0.9827461463836084,0.9996076356612071,0.9999168108033011,0.9999858508519169,0.9994163690963603,0.9986931903340495,0.9976906863601835,0.996266292517817,0.9937704890764681,0.9874445859937361,0.9867156693777679,0.9611215461881428,0.8844908357377599,0.7855687226409589,0.78334683443892,0.8519057029768775,0.973562282448659
0.246,7.875750654994248,0.9829175275405183,0.9996149703779098,0.9999186574729132,0.9999862224442992,0.9994267171254653,0.9987140558479587,0.9977246000268796,0.996316969112313,0.9938472476150939,0.987578098210717,0.9868556655547721,0.9614325769000592,0.8851156277665322,0.7864106594804321,0.7841965716967337,0.8526160416471114,0.9737132253498205
0.247,7.8941396535956345,0.9830865929984414,0.9996221426520108,0.9999204568677043,0.9999865830231675,0.9994368457798336,0.9987345148687786,0.9977578959261189,0.9963667788587657,0.9939227888554446,0.9877097167679157,0.9869936878037958,0.9617400063004947,0.8857348014657003,0.7872462937011357,0.7850399598612785,0.8533204405461816,0.9738625799188835
0.248,7.9124653872935795,0.9832533814002227,0.9996291566009643,0.9999222103480024,0.9999869329499476,0.999446760413876,0.9987545766310337,0.9977905873073818,0.9964157393700657,0.9939971359880891,0.9878394745148373,0.9871297702184268,0.9620438872442982,0.8863484239295178,0.7880756899660184,0.7858770638381407,0.85401896643166,0.9740103694194571
0.249,7.930728182009159,0.9834179306264845,0.9996360162252765,0.9999239192308712,0.9999872725731055,0.9994564662349035,0.9987742501308673,0.997822687095041,0.9964638678471918,0.9940703116911231,0.9879674036318993,0.9872639462001297,0.9623442716540005,0.8869565612603916,0.7888989121010364,0.7867079476978134,0.8547116851256995,0.9741566166812209
0.25,7.948928361428573,0.9835802778129383,0.9996427254121747,0.9999255847916119,0.9999876022286504,0.9994659683076069,0.9987935441329157,0.9978542078973193,0.9965111810900793,0.994142338143022,0.9880935356460433,0.9873962484743521,0.9626412105389847,0.8875592785863576,0.7897160231082545,0.7875326746886497,0.8553986615307375,0.9743013441097164
0.251,7.967066247022248,0.9837404593672505,0.9996492879391498,0.9999272082652105,0.9999879222406157,0.9994752715583876,0.9988124671769636,0.9978851620149755,0.9965576955081694,0.9942132370351332,0.9882179014459369,0.9875267091062087,0.9629347540142069,0.8881566400782004,0.7905270851787076,0.7883513072495802,0.8560799596448916,0.9744445736958789
0.252,7.985142158063783,0.9838985109854772,0.9996557074773788,0.9999287908477293,0.9999882329215224,0.9994843807795434,0.9988310275843884,0.9979155614497244,0.99660342713065,0.9942830295838196,0.9883405312967752,0.987655359515755,0.9632249513184779,0.88874870896622,0.7913321597050216,0.789163907022598,0.8567556425770522,0.974586327025319
0.253,8.003156411648664,0.9840544676680787,0.9996619875950297,0.9999303336976475,0.9999885345728203,0.9994933006333159,0.9988492334644002,0.9979454179124015,0.9966483916163968,0.9943517365422647,0.9884614548546984,0.9877822304928636,0.9635118508323183,0.8893355475566602,0.7921313072938059,0.7899705348650187,0.8574257725616838,0.9747266252873623
0.254,8.021109322712828,0.9842083637355263,0.9996681317604548,0.9999318379371505,0.9999888274853134,0.9995020356558034,0.9988670927200862,0.9979747428308815,0.9966926042636269,0.9944193782119485,0.9885807011808309,0.9879073522117124,0.963795500095397,0.8899172172477994,0.792924587777817,0.7907712508615182,0.858090410973335,0.9748654892838523
0.255,8.039001204050992,0.984360232843514,0.9996741433452752,0.9999333046533726,0.9999891119395662,0.9995105902607457,0.9988846130542636,0.9980035473577566,0.9967360800192709,0.9944859744538072,0.9886982987549583,0.988030754244899,0.9640759458235665,0.8904937785457174,0.7937120602279015,0.7915661143359535,0.8587496183408687,0.9750029394377244
0.256,8.056832366334843,0.9845101079977835,0.9996800256273612,0.9999347348995935,0.9999893882062945,0.9995189687431828,0.9989018019751498,0.9980318423777846,0.9967788334880745,0.9945515446990831,0.9888142754888484,0.9881524655771888,0.9643532339255012,0.8910652910797431,0.79449378296472,0.7923551838629697,0.8594034543614171,0.9751389958013588
0.257,8.074603118131,0.9846580215685765,0.9996857817937134,0.9999361296963895,0.9999896565467395,0.9995271752829954,0.9989186668018559,0.9980596385151136,0.9968208789414381,0.9946161079598776,0.9889286587392296,0.988272514618911,0.9646274095189553,0.8916318136175906,0.7952698135702599,0.793138517279402,0.860051977914067,0.9752736780647173
0.258,8.09231376591883,0.9848040053047235,0.9996914149432445,0.9999374900327431,0.9999899172130268,0.9995352139483282,0.9989352146697081,0.9980869461402903,0.9968622303260024,0.994679682839412,0.9890414753204346,0.9883909292190082,0.964898516946643,0.8921934040801911,0.796040208899139,0.7939161716954699,0.8606952470732818,0.9754070055632718
0.259,8.109964614108048,0.9849480903473788,0.9996969280894712,0.9999388168671126,0.9999901704485104,0.999543088698903,0.9989514525354044,0.99811377537706,0.9969029012719868,0.9947422875420098,0.9891527515167199,0.9885077366777539,0.965166599791757,0.8927501195562288,0.7968050250897059,0.7946882035057756,0.8613333191220679,0.9755389972857283
0.26,8.127555965056182,0.9850903072434125,0.9997023241631133,0.9999401111284606,0.9999904164881037,0.999550803389222,0.9989673871820113,0.9981401361089638,0.9969429051012914,0.9948039398828049,0.9892625130942696,0.9886229637591446,0.9654317008931314,0.8933020163163848,0.797564317574939,0.795454668400103,0.8619662505648861,0.9756696718815565
0.261,8.14508811908581,0.9852306859584684,0.9997076060146086,0.9999413737172467,0.9999906555585962,0.9995583617716698,0.9989830252238068,0.9981660379857411,0.9969822548353665,0.9948646572971873,0.9893707853128944,0.9887366367029758,0.9656938623600578,0.8938491498272993,0.7983181410931534,0.7962156213740303,0.8625940971403208,0.975799047668326
0.262,8.162561374501681,0.9853692558896976,0.9997127764165424,0.999942605506383,0.9999908878789581,0.9995657674995133,0.9989983731109736,0.9981914904295422,0.9970209632028603,0.9949244568499905,0.9894775929374309,0.9888487812366131,0.9659531255867665,0.8943915747652551,0.7990665496985128,0.79697111673935,0.8632169138335052,0.9759271426388577
0.263,8.179976027607601,0.9855060458781768,0.9997178380659982,0.9999438073421559,0.9999911136606312,0.9995730241298058,0.9990134371341487,0.9982165026409584,0.9970590426470481,0.9949833552444323,0.9895829602488541,0.9889594225864641,0.9662095312665773,0.8949293450295907,0.7998095967713568,0.7977212081343079,0.8638347548883134,0.9760539744681945
0.264,8.197332372723215,0.9856410842210194,0.9997227935868295,0.9999449800451129,0.999991333107811,0.999580135126197,0.9990282234288339,0.998241083604875,0.9970965053330539,0.9950413688308128,0.9896869110551072,0.9890685854891613,0.9664631194057318,0.8954625137558492,0.8005473350283417,0.7984659485336623,0.8644476738193204,0.9761795605203972
0.265,8.214630702200557,0.9857743986831885,0.9997276455318579,0.9999461244109191,0.9999915464177139,0.9995871038616545,0.9990427379796711,0.9982652420961523,0.9971333631548668,0.9950985136149806,0.9897894687016595,0.9891762942024641,0.9667139293369142,0.895991133328668,0.8012798165324059,0.7992053902585661,0.865055723423538,0.9763039178551705
0.266,8.231871306440492,0.9859060165090201,0.9997323963849982,0.9999472412111818,0.9999917537808368,0.9995939336210966,0.9990569866245885,0.998288986685142,0.9971696277421618,0.9951548052665692,0.9898906560817982,0.989282572515887,0.9669619997324665,0.8965152553944149,0.802007092702554,0.7999395849862758,0.8656589557919292,0.9764270632343235
0.267,8.24905447390894,0.9860359644334636,0.999737048563315,0.9999483311942461,0.9999919553812046,0.9996006276039423,0.99907097505882,0.9983123257430419,0.9972053104669291,0.9952102591270163,0.9899904956466624,0.9893874437610619,0.9672073686173102,0.8970349308735792,0.8027292143234731,0.800668583759693,0.8662574223207082,0.9765490131280692
0.268,8.266180491152996,0.986164268693048,0.9997416044190108,0.9999493950859613,0.9999921513966085,0.9996071889265802,0.9990847088388041,0.998335267447095,0.9972404224499185,0.9952648902173665,0.9900890094150269,0.9894909308218425,0.9674500733815761,0.8975502099729177,0.8034462315549769,0.8013924369967372,0.8668511737224277,0.9766697837211685
0.269,8.283249642816823,0.9862909550365813,0.9997460662413509,0.9999504335904206,0.9999923419988348,0.999613620624759,0.9990981933859642,0.9983578197856399,0.9972749745669046,0.9953187132458687,0.9901862189828413,0.9895930561441566,0.9676901507929562,0.8980611421973675,0.8041581939412861,0.8021111944995598,0.8674402600368611,0.976789390918924
0.27,8.300262211657461,0.9864160487355904,0.9997504362585247,0.9999514473906743,0.9999925273538848,0.9996199256559023,0.9991114339903762,0.9983799905630132,0.9973089774547782,0.995371742615371,0.9902821455325328,0.9896938417456154,0.9679276370087783,0.8985677763617259,0.8048651504201455,0.8028249054635953,0.8680247306416814,0.9769078503530232
0.271,8.317218478560397,0.9865395745945078,0.9997547166394477,0.9999524371494174,0.9999927076221856,0.9996261069013516,0.9991244358143254,0.9984017874043122,0.997342441517469,0.9954239924305203,0.9903768098420781,0.9897933092248838,0.9681625675878152,0.8990701606021059,0.8055671493317843,0.8035336184864593,0.8686046342629437,0.9770251773872416
0.272,8.334118722555068,0.9866615569606128,0.9997589094955045,0.9999534035096531,0.9999928829587932,0.9996321671685369,0.9991372038957576,0.9984232177600209,0.9973753769317051,0.9954754765047725,0.9904702322938514,0.9898914797708215,0.9683949775018311,0.8995683423871677,0.8062642384277176,0.8042373815766904,0.869180018985372,0.9771413871230048
0.273,8.350963220830126,0.9867820197337333,0.9997630168822366,0.9999543470953327,0.9999930535135872,0.9996381091930817,0.9991497431516267,0.9984442889105032,0.9974077936526143,0.995526208367219,0.9905624328832545,0.989988374171397,0.9686249011468764,0.9000623685291388,0.8069564648793982,0.8049362421623467,0.8697509322624596,0.9772564944048188
0.274,8.36775224874863,0.9869009863757148,0.9997670408009752,0.9999552685119736,0.9999932194314586,0.9996439356408403,0.9991620583811441,0.9984650079703683,0.9974397014191709,0.9955762012692323,0.9906534312271341,0.9900840128223855,0.9688523723543306,0.9005522851946184,0.8076438752867168,0.8056302470994497,0.8703174209263795,0.9773705138255618
0.275,8.384486079863015,0.9870184799196634,0.9997709832004228,0.9999561683472541,0.9999933808524887,0.999649649109873,0.99917415426893,0.9984853818927117,0.9974711097594949,0.9956254681909407,0.9907432465719943,0.9901784157358529,0.969077424401708,0.9010381379151781,0.8083265156863582,0.8063194426802898,0.8708795311977189,0.9774834597316564
0.276,8.40116498592998,0.9871345229789672,0.9997748459781832,0.9999570471715894,0.9999935379121233,0.999655252132359,0.9991860353880727,0.9985054174732362,0.9975020279960055,0.9956740218475318,0.9908318978020073,0.9902716025484332,0.9693000900232225,0.9015199715977581,0.8090044315600109,0.8070038746415852,0.8714373086950298,0.9775953462281114
0.277,8.417789236925177,0.987249137756104,0.9997786309822437,0.9999579055386856,0.9999936907413386,0.9996607471764506,0.999197706203098,0.9985251213542555,0.9975324652504347,0.9957218746953945,0.9909194034468297,0.9903635925294048,0.969520401420127,0.9019978305348684,0.809677667842439,0.8076835881725075,0.8719907984442115,0.9777061871834454
0.278,8.4343591010578,0.9873623460512394,0.9997823400124101,0.9999587439860758,0.9999938394668009,0.9996661366480707,0.9992091710728506,0.9985445000285869,0.9975624304487059,0.9957690389380995,0.9910057816892281,0.9904544045885714,0.969738390270824,0.9024717584145929,0.8103462689294134,0.8083586279225673,0.872540044887717,0.9778159962344928
0.279,8.450874844784975,0.9874741692706223,0.9997859748216956,0.9999595630356367,0.9999939842110205,0.9996714228926535,0.9992204342532911,0.9985635598433314,0.9975919323256788,0.9958155265322275,0.9910910503725213,0.9905440572839518,0.9699540877407609,0.9029417983304088,0.8110102786855109,0.8090290380093692,0.873085091893598,0.9779247867910934
0.28,8.46733673282609,0.9875846284347811,0.9997895371176677,0.9999603631940877,0.9999941250924995,0.9996766081968333,0.9992314999002121,0.9985823070035514,0.9976209794297682,0.9958613491930457,0.9911752270078413,0.9906325688292849,0.9701675244921086,0.9034079927908161,0.8116697404517768,0.809694862026235,0.8736259827643813,0.9780325720406745
0.281,8.483745028176886,0.9876937441865287,0.9997930285637502,0.9999611449534727,0.9999942622258745,0.9996816947900805,0.9992423720718745,0.9986007475758423,0.9976495801274377,0.9959065184000392,0.9912583287812203,0.990719957101354,0.9703787306932337,0.9038703837287893,0.812324697053262,0.8103561430496997,0.8741627602457902,0.9781393649527205
0.282,8.500099992123511,0.9878015367987778,0.9997964507804863,0.9999619087916253,0.9999943957220524,0.9996866848462879,0.9992530547315667,0.9986188874918068,0.997677742607572,0.9959510454023003,0.9913403725605074,0.9908062396471358,0.970587736027966,0.9043290125110508,0.8129751908064293,0.8110129236468824,0.8746954665353045,0.9782451782831395
0.283,8.516401884256355,0.9879080261821754,0.9997998053467618,0.9999626551726177,0.9999945256883429,0.9996915804853094,0.999263551750091,0.9986367325514313,0.9977054748857346,0.9959949412237806,0.9914213749021192,0.990891433690778,0.9707945697046686,0.90478391994717,0.8136212635264368,0.8116652458827321,0.8752241432905709,0.9783500245785288
0.284,8.532650962483801,0.9880132318925573,0.9998030938009896,0.9999633845471952,0.9999946522285845,0.9996963837744511,0.9992738669081771,0.9986542884263692,0.9977327848083094,0.9960382166684089,0.9915013520576293,0.9909755561404119,0.9709992604651125,0.9052351462984936,0.8142629565342973,0.8123131513271546,0.8757488316376602,0.9784539161803358
0.285,8.548847483045822,0.9881171731382306,0.9998063176422576,0.9999640973531946,0.9999947754432668,0.9997010967299179,0.9992840038988267,0.9986715606631333,0.9977596800565343,0.9960808823250783,0.991580319980201,0.9910586235948009,0.9712018365931644,0.9056827312869096,0.8149003106639187,0.812956681062021,0.8762695721791791,0.9785568652289278
0.286,8.56499170052745,0.9882198687870862,0.9998094783314411,0.9999647940159486,0.9999948954296467,0.9997057213182153,0.9992939663295898,0.9986885546862005,0.9977861681504259,0.9961229485725092,0.9916582943308672,0.9911406523498338,0.9714023259232879,0.9061267141034478,0.8155333662690272,0.8135958756880588,0.8767864050022373,0.9786588836675636
0.287,8.581083867872112,0.9883213373735478,0.9998125772922808,0.9999654749486777,0.9999950122818626,0.9997102594575109,0.999303757724777,0.9987052758010301,0.9978122564526022,0.9961644255839863,0.9917352904846607,0.9912216584048625,0.9716007558488657,0.9065671334167231,0.8161621632299733,0.8142307753316302,0.8772993696862726,0.9787599832462731
0.288,8.59712423639485,0.9884215971053594,0.9998156159124274,0.9999661405528673,0.9999951260910418,0.9997147130189529,0.9993133815276075,0.9987217291970002,0.9978379521720032,0.9962053233319793,0.9918113235366011,0.9913016574688921,0.971797153330346,0.90700402738122,0.8167867409604255,0.8148614196513985,0.8778085053107384,0.9788601755256486
0.289,8.613113055795393,0.9885206658702174,0.9998185955444542,0.9999667912186323,0.9999952369454053,0.9997190838279507,0.9993228411022971,0.9987379199502643,0.9978632623675143,0.996245651592645,0.9918864083075389,0.9913806649666234,0.9719915449032162,0.9074374336454275,0.8174071384139537,0.8154878478448836,0.8783138504626552,0.9789594718805503
0.29,8.629050574171123,0.9886185612422503,0.9998215175068381,0.9999674273250707,0.9999953449303686,0.9997233736654165,0.9993321397360853,0.998753853026528,0.9978881939514941,0.9962854199502177,0.991960559349864,0.9914586960443561,0.9721839566858097,0.9078673893598227,0.8180233940905017,0.816110098654912,0.8788154432440294,0.9790578835037228
0.291,8.644937038029898,0.9887153004883501,0.9998243830849116,0.9999680492406033,0.9999954501286383,0.9997275842689701,0.9993412806412061,0.9987695332837526,0.9979127536932103,0.99632463780129,0.9920337909530789,0.9915357655757518,0.97237441438695,0.9082939311847091,0.8186355460427548,0.8167282103759599,0.8793133212791415,0.9791554214093329
0.292,8.660772692302773,0.9888109005743589,0.9998271935317845,0.9999686573233039,0.9999955526203055,0.9997317173341076,0.999350266956803,0.9987849654747835,0.9979369482221861,0.9963633143589863,0.9921061171492421,0.9916118881674642,0.9725629433134327,0.9087170952979117,0.8192436318824013,0.8173422208603929,0.8798075217217074,0.979252096436425
0.293,8.676557780356573,0.9889053781711152,0.9998299500692385,0.9999692519212167,0.9999956524829352,0.999735774515336,0.9993591017507897,0.9988001542499083,0.9979607840314592,0.9964014586570331,0.9921775517182856,0.9916870781646367,0.9727495683773537,0.9091369174023309,0.8198476887862918,0.817952167524604,0.880298081261914,0.9793479192522985
0.294,8.692292544006376,0.9889987496603626,0.9998326538885943,0.999969833372665,0.9999957497916533,0.999739757427274,0.9993677880216584,0.9988151041593459,0.9979842674807559,0.9964390795537272,0.9922481081932067,0.9917613496562745,0.9729343141032835,0.9095534327333613,0.8204477535024972,0.8185580873550528,0.8807850361333328,0.9794429003558086
0.295,8.707977223527852,0.9890910311405247,0.9998353061515525,0.999970402006548,0.9999958446192296,0.9997436676457201,0.9993763287002378,0.9988298196556684,0.9980074047995839,0.9964761857358079,0.9923177998651415,0.9918347164804903,0.9731172046352936,0.9099666760661735,0.8210438623562681,0.8191600169142057,0.8812684221197125,0.9795370500805934
0.296,8.723612057669493,0.9891822384323494,0.9998379079910081,0.9999709581426284,0.999995937036158,0.9997475067086898,0.9993847266514019,0.9988443050961581,0.9980302020902451,0.996512785722231,0.9923866397883195,0.9919071922296306,0.9732982637438375,0.9103766817228665,0.8216360512558968,0.8197579923463808,0.8817482745616556,0.9796303785982279
0.297,8.739197283664728,0.9892723870844274,0.9998404605118432,0.9999715020918107,0.9999960271107335,0.9997512761174223,0.9993929846757303,0.9988585647451012,0.9980526653307695,0.9965488878678522,0.9924546407849053,0.9919787902552831,0.973477514832489,0.9107834835794891,0.8222243556984836,0.8203520493834984,0.8822246283631777,0.9797228959213065
0.298,8.75473313724393,0.9893614923785844,0.9998429647916919,0.9999720341564102,0.9999961149091277,0.999754977337357,0.9994011055111242,0.9988726027760207,0.9980748003777762,0.9965845003670191,0.992521815449727,0.9920495236731693,0.9736549809445422,0.9111871150729377,0.8228088107756111,0.8209422233507385,0.8826975179981552,0.9798146119064604
0.299,8.770219852646283,0.9894495693351544,0.9998454218816862,0.9999725546304127,0.9999962004954589,0.9997586117990825,0.9994090918343751,0.9988864232738499,0.9980966129692586,0.9966196312570752,0.9925881761548981,0.9921194053679255,0.9738306847694768,0.9115876092077273,0.8233894511789247,0.8215285491721087,0.883166977516661,0.9799055362573025
0.3,8.78565766263158,0.9895366327181351,0.999847832807177,0.9999730637997258,0.9999962839318628,0.9997621808992583,0.9994169462626926,0.998900030237047,0.9981181087273,0.9966542884217788,0.9926537350543327,0.9921884479977741,0.9740046486492898,0.9119849985626439,0.8239663112056245,0.822111061375922,0.8836330405511923,0.9799956785273116
0.301,8.801046798491855,0.9896226970402268,0.9998501985684343,0.9999735619424229,0.9999963652785582,0.9997656860015076,0.9994246713551881,0.9989134275796556,0.9981392931607201,0.9966884795946385,0.9927185040881574,0.9922566639990886,0.9741768945846987,0.9123793152972767,0.8245394247638681,0.8226897941001872,0.8840957403227918,0.9800850481226502
0.302,8.81638749006296,0.9897077765677613,0.9998525201413272,0.999974049328978,0.9999964445939113,0.999769128437287,0.9994322696143189,0.9989266191333093,0.9981601716676536,0.9967222123621675,0.9927824949870231,0.9923240655908556,0.9743474442412181,0.912770591158435,0.8251088253780874,0.8232647810979136,0.8845551096470646,0.9801736543049216
0.303,8.831679965735988,0.9897918853255208,0.9998547984779831,0.9999745262224933,0.9999965219344981,0.9997725095067296,0.9994397434872915,0.9989396086491842,0.9981807495380629,0.9967554941670598,0.9928457192763186,0.9923906647790347,0.9745163189551133,0.9131588574864505,0.825674546194219,0.8238360557423321,0.8850111809400912,0.980261506193867
0.304,8.84692445246862,0.9898750371014489,0.9998570345074272,0.9999749928789193,0.9999965973551633,0.9997758304794636,0.9994470953674283,0.9989523997998995,0.9982010319561894,0.9967883323112883,0.9929081882802897,0.9924564733608203,0.974683539739232,0.9135441452213683,0.8262366199848525,0.8244036510320322,0.8854639862242425,0.9803486127699993
0.305,8.862121175796345,0.9899572454512605,0.9998592291362043,0.9999754495472688,0.9999966709090787,0.9997790925954085,0.9994543275954951,0.9989649961813694,0.9982210240029407,0.9968207339591302,0.9929699131260635,0.9925215029288077,0.9748491272887202,0.9139264849090284,0.826795079154296,0.8249675995960188,0.8859135571338942,0.9804349828771881
0.306,8.877270359843589,0.9900385237029478,0.9998613832489804,0.9999758964698218,0.9999967426477979,0.9997822970655476,0.9994614424609934,0.9989774013146051,0.9982407306582189,0.9968527061401176,0.9930309047475843,0.992585764875065,0.975013101986621,0.9143059067070403,0.82734995574356,0.8255279336986886,0.8863599249210461,0.9805206252251784
0.307,8.892372227334722,0.9901188849611883,0.9998634977091287,0.999976333882326,0.9999968126213101,0.9997854450726785,0.9994684422034177,0.9989896186474715,0.998260156803191,0.9968842557519194,0.9930911738894582,0.992649270395114,0.9751754839093615,0.9146824403906526,0.8279012814352655,0.8260846852447294,0.8868031204608459,0.9806055483920616
0.308,8.90742699960499,0.9901983421116569,0.9998655733592968,0.9999767620141896,0.9999968808780919,0.9997885377721432,0.9994753290134781,0.9990016515563964,0.9982793072225011,0.9969153895631525,0.9931507311107146,0.992712030491822,0.9753362928321301,0.9150561153585196,0.8284490875584708,0.8266378857839402,0.8872431742570199,0.980689760826692
0.309,8.922434896611314,0.9902769078252436,0.9998676110219584,0.9999771810886684,0.9999969474651565,0.9997915762925357,0.9994821050342909,0.9990135033480374,0.9982981866064287,0.9969461142161273,0.9932095867884814,0.9927740559792066,0.9754955482341457,0.9154269606383665,0.8289934050934238,0.827187566515978,0.8876801164472142,0.9807732708510489
0.31,8.937396136943006,0.9903545945621783,0.9998696114999485,0.9999775913230462,0.9999970124281023,0.9997945617363915,0.999488772362536,0.9990251772609033,0.9983167995529925,0.9969764362295274,0.9932677511215786,0.9928353574861564,0.9756532693038218,0.9157950048925569,0.8295342646762399,0.8277337582950293,0.8881139768082439,0.9808560866625503
0.311,8.952310937832385,0.9904314145760681,0.9998715755769827,0.999977992928811,0.9999970758111589,0.9997974951808559,0.9994953330495835,0.9990366764669366,0.9983351505700024,0.9970063620010252,0.9933252341340328,0.9928959454600681,0.975809474943828,0.9161602764235629,0.8300716966035055,0.828276491634409,0.8885447847612573,0.9809382163363156
0.312,8.96717951516529,0.9905073799178449,0.9998735040181624,0.9999783861118234,0.9999971376572315,0.999800377678335,0.9995017891025911,0.9990480040730523,0.998353244077061,0.9970358978098368,0.9933820456785134,0.9929558301704045,0.9759641837760509,0.9165228031793397,0.8306057308368103,0.8288157967110881,0.8889725693768126,0.9810196678273817
0.313,8.982002083491492,0.9905825024396298,0.9998753975704647,0.9999787710724821,0.9999971980079444,0.9998032102571266,0.9995081424855708,0.999059163122639,0.9983710844075143,0.9970650498192157,0.9934381954396914,0.9930150217121723,0.9761174141464566,0.9168826127586079,0.8311363970072074,0.8293517033701501,0.8893973593798705,0.9811004489728712
0.314,8.996778856035016,0.9906567937985123,0.9998772569632178,0.9999791480058815,0.9999972569036826,0.9998059939220356,0.9995143951204276,0.9990701565970218,0.9983886758103563,0.997093824078888,0.9934936929375263,0.9930735300093247,0.9762691841298575,0.9172397324160448,0.8316637244196057,0.82988424112918,0.8898191831547048,0.9811805674941128
0.315,9.011510044704371,0.9907302654602506,0.999879082908564,0.9999795171019669,0.9999973143836315,0.9998087296549698,0.9995205488879711,0.9990809874168863,0.9984060224520851,0.9971222265274304,0.9935485475304792,0.9931313648180887,0.9764195115345853,0.9175941890673852,0.8321877420570923,0.8304134391825844,0.8902380687497309,0.981260030998721
0.316,9.02619586010267,0.9908029287028896,0.999880876101908,0.9999798785456828,0.9999973704858159,0.9998114184155215,0.9995266056288998,0.9990916584436678,0.9984231284185144,0.9971502629945924,0.993602768418655,0.993188535730219,0.976568413907071,0.917946009294435,0.8327084785851885,0.8309393264058446,0.890654043882255,0.9813388469826274
0.317,9.040836511537675,0.990874794620304,0.9998826372223536,0.9999802325171181,0.9999974252471375,0.9998140611415302,0.9995325671447587,0.9991021724809042,0.9984399977165413,0.9971779392035651,0.9936563646468771,0.9932450521761816,0.9767159085363365,0.9182952193499996,0.8332259623560404,0.8314619313597055,0.8910671359431456,0.981417022832075
0.318,9.05543220703173,0.9909458741256654,0.9998843669331271,0.9999805791916452,0.9999974787034109,0.9998166587496327,0.9995384351988734,0.9991125322755556,0.998456634275869,0.9972052607731954,0.9937093451076937,0.9933009234282674,0.9768620124583978,0.9186418451627271,0.8337402214125436,0.8319812822943,0.8914773720014276,0.9814945658255629
0.319,9.06998315333163,0.9910161779548339,0.9998860658819887,0.999980918740056,0.9999975308893981,0.9998192121357952,0.9995442115172579,0.9991227405192897,0.9984730419506896,0.9972322332201504,0.9937617185443188,0.9933561586036381,0.9770067424605817,0.9189859123418687,0.8342512834924058,0.8324974071532096,0.8918847788088021,0.9815714831357587
0.32,9.084489555918369,0.99108571666968,0.9998877347016328,0.9999812513286932,0.9999975818388426,0.9998217221758327,0.999549897789499,0.9991327998497351,0.9984892245213254,0.997258861961031,0.99381349355351,0.993410766667307,0.9771501150857596,0.9193274461819589,0.8347591760321456,0.8330103335774633,0.8922893828040912,0.9816477818313659
0.321,9.098951619016812,0.9911545006613353,0.9998893740100766,0.9999815771195774,0.9999976315845015,0.9998241897259128,0.9995554956696182,0.9991427128517032,0.9985051856958301,0.9972851523144359,0.9938646785883828,0.9934647564350532,0.9772921466364982,0.9196664716674162,0.8352639261710306,0.8335200889094756,0.8926912101176115,0.9817234688789532
0.322,9.113369545605291,0.9912225401533733,0.9998909844110373,0.9999818962705301,0.9999976801581771,0.9998266156230465,0.9995610067769105,0.9991524820583793,0.9985209291115518,0.9973111095029795,0.9939152819611643,0.9935181365762752,0.9774328531791303,0.9200030134770648,0.8357655607549554,0.8340267001969248,0.8930902865754761,0.9817985511447497
0.323,9.12774353742509,0.9912898452049251,0.9998925664942993,0.9999822089352942,0.9999977275907472,0.9998290006855647,0.9995664326967613,0.9991621099524836,0.998536458336658,0.9973367386552616,0.9939653118458881,0.9935709156167811,0.9775722505477464,0.9203370959885807,0.8362641063402602,0.8345301941965729,0.8934866377038262,0.981873035396397
0.324,9.142073794989859,0.9913564257137292,0.9998941208360712,0.999982515263648,0.999997773912194,0.9998313457135827,0.9995717749814419,0.9991715989674043,0.9985517768716249,0.9973620448077934,0.9940147762810302,0.9936231019415208,0.9777103543481102,0.9206687432828633,0.8367595891974906,0.8350305973780262,0.8938802887329955,0.9819469283046709
0.325,9.156360517594939,0.9914222914191156,0.999895647999332,0.9999828154015191,0.9999978191516329,0.999833651489451,0.9995770351508854,0.9991809514883011,0.9985668881506892,0.9973870329068786,0.9940636831720892,0.9936747037972573,0.977847179961498,0.920997979148332,0.8372520353151023,0.8355279359274407,0.8942712646016063,0.9820202364451649
0.326,9.170603903326594,0.9914874519049306,0.999897148534168,0.9999831094910921,0.999997863337339,0.9998359187781949,0.999582214693441,0.9991901698531821,0.9985817955432674,0.9974117078104512,0.99411204029411,0.9937257292951831,0.9779827425484646,0.9213248270851525,0.8377414704031061,0.8360222357511706,0.8946595899606,0.9820929662999391
0.327,9.184804149071176,0.9915519166023974,0.999898622978101,0.9999833976709144,0.9999979064967744,0.9998381483279408,0.9995873150666104,0.9991992563539539,0.9985965023553395,0.9974360742898722,0.9941598552941554,0.9937761864134794,0.9781170570525382,0.921649310309391,0.8382279198966622,0.8365135224793634,0.8950452891772032,0.9821651242591387
0.328,9.198961450524195,0.9916156947929193,0.9999000718564056,0.9999836800759981,0.999997948656613,0.9998403408703322,0.9995923376977638,0.9992082132374459,0.9986110118308007,0.9974601370316856,0.9942071356937223,0.9938260829998214,0.9782501382038424,0.9219714517570994,0.838711408959616,0.8370018214694986,0.895428386338829,0.9822367166225745
0.329,9.213076002199298,0.9916787956108242,0.9999014956824203,0.9999839568379195,0.9999979898427652,0.9998424971209342,0.9995972839848385,0.9992170427064089,0.9986253271527806,0.997483900639333,0.9942538888911097,0.9938754267738306,0.9783820005226526,0.9222912740883329,0.8391919624879839,0.8374871578098763,0.8958089052569181,0.9823077496012768
0.33,9.227147997437187,0.9917412280460517,0.9999028949578468,0.9999842280849148,0.9999980300804019,0.9998446177796259,0.9996021552970192,0.9992257469204892,0.9986394514449319,0.9975073696348314,0.9943001221637333,0.993924225329474,0.9785126583228808,0.9226087996910999,0.8396696051133845,0.8379695563230514,0.8961868694707165,0.9823782293190136
0.331,9.241177628414452,0.9918030009467852,0.9999042701730442,0.9999844939419732,0.9999980693939774,0.9998467035309845,0.9996069529754011,0.9992343279971795,0.9986533877726876,0.9975305484604118,0.9943458426703939,0.9939724861374147,0.9786421257154982,0.9229240506852476,0.8401443612064202,0.8384490415692181,0.8965623022509934,0.982448161813783
0.332,9.255165086152306,0.9918641230220299,0.9999056218073128,0.9999847545309273,0.9999981078072513,0.9998487550446568,0.9996116783336362,0.999242788012746,0.9986671391444892,0.9975534414801212,0.9943910574534957,0.9940202165473113,0.9787704166118909,0.9232370489262822,0.8406162548800067,0.8389256378495433,0.8969352266037022,0.982517553039269
0.333,9.269110560525263,0.9919246028441371,0.9999069503291709,0.9999850099705409,0.9999981453433107,0.9998507729757224,0.9996163326585621,0.9992511290031323,0.9986807085129864,0.9975760529813892,0.9944357734412188,0.9940674237900688,0.9788975447271521,0.9235478160091264,0.8410853099926532,0.8393993692094514,0.8973056652735795,0.9825864088662747
0.334,9.28301424026973,0.9919844488512776,0.9999082561966242,0.9999852603765933,0.9999981820245901,0.9998527579650465,0.9996209172108169,0.9992593529648426,0.9986940987762077,0.9975983871765585,0.9944799974496463,0.9941141149800444,0.9790235235833138,0.9238563732718158,0.8415515501516948,0.8398702594418588,0.8976736407476914,0.9826547350841242
0.335,9.296876312992518,0.9920436693498639,0.9999095398574278,0.9999855058619624,0.9999982178728919,0.9998547106396226,0.9996254332254366,0.9992674618558024,0.9987073127787047,0.9976204482043821,0.9945237361848462,0.9941602971172041,0.9791483665125166,0.9241627417991332,0.8420149987164759,0.8403383320903627,0.8980391752589213,0.9827225374020354
0.336,9.310696965179284,0.9921022725169231,0.9999108017493405,0.9999857465367045,0.9999982529094058,0.9998566316129084,0.9996298819124385,0.9992754575961986,0.9987203533126692,0.9976422401314867,0.9945669962449102,0.9942059770892371,0.9792720866601209,0.9244669424261842,0.8424756788014858,0.8408036104523817,0.8984022907894031,0.9827898214504688
0.337,9.324476382202885,0.9921602664024215,0.9999120423003729,0.999985982508131,0.9999982871547276,0.9998585214851499,0.9996342644573895,0.9992833420692998,0.9987332231190235,0.9976637669538031,0.9946097841219491,0.9942511616736245,0.9793946969877593,0.9247689957419144,0.8429336132794497,0.8412661175822505,0.8987630090739014,0.9828565927824456
0.338,9.33821474833168,0.992217658931542,0.999913261929028,0.9999862138808845,0.999998320628877,0.9998603808436989,0.9996385820219599,0.9992911171222558,0.9987459248884875,0.9976850325979659,0.9946521062040483,0.9942958575396654,0.9795162102763325,0.9250689220925686,0.8433888247843726,0.8417258762942686,0.8991213516031379,0.9829228568748445
0.339,9.351912246737731,0.9922744579069157,0.9999144610445361,0.9999864407570117,0.9999983533513155,0.9998622102633216,0.9996428357444643,0.9992987845668788,0.9987584612626187,0.9977060409226812,0.9946939687771809,0.9943400712504616,0.9796366391289495,0.9253667415850945,0.8438413357145391,0.8421829091657057,0.899477339627066,0.9829886191296685
0.34,9.365569059504951,0.9923306710108072,0.9999156400470826,0.9999866632360336,0.9999983853409633,0.999864010306499,0.999647026740388,0.9993063461804058,0.9987708348348299,0.9977267957200648,0.9947353780270818,0.9943838092648601,0.9797559959738132,0.92566247409049,0.8442911682354688,0.8426372385397621,0.8998309941580949,0.9830538848752902
0.341,9.379185367637175,0.9923863058072574,0.9999167993280301,0.9999868814150147,0.9999984166162154,0.9998657815237193,0.9996511561029005,0.9993138037062417,0.9987830481513825,0.9977473007169505,0.9947763400410841,0.994427077939357,0.9798742930670522,0.9259561392470976,0.8447383442828282,0.8430888865284861,0.9001823359742624,0.983118659367672
0.342,9.39276135106614,0.9924413697441822,0.999917939270135,0.9999870953886294,0.9999984471949578,0.9998675244537627,0.9996552249033561,0.9993211588546861,0.9987951037123577,0.9977675595761696,0.9948168608099155,0.9944698835299607,0.9799915424955008,0.9262477564638445,0.8451828855653012,0.8435378750156494,0.9005313856223596,0.9831829477915602
0.343,9.40629718865944,0.9924958701554293,0.9999190602477563,0.999987305249227,0.9999984770945828,0.9998692396239793,0.9996592341917834,0.9993284133036416,0.9988070039726042,0.9977875758978029,0.9948569462294597,0.9945122321940184,0.9801077561794277,0.9265373449234305,0.845624813567416,0.84398422565958,0.9008781634210062,0.9832467552616605
0.344,9.419793058228347,0.9925498142627935,0.9999201626270618,0.9999875110868939,0.9999985063320038,0.999870927550559,0.99966318499736,0.9993355686993064,0.998818751342666,0.9978073532204045,0.9948966021024808,0.9945541299920035,0.9802229458752142,0.9268249235854658,0.8460641495523317,0.8444279598959552,0.9012226894636793,0.9833100868237855
0.345,9.433249136535627,0.9926032091779926,0.9999212467662261,0.9999877129895153,0.9999985349236695,0.9998725887387943,0.9996670783288782,0.9993426266568489,0.9988303481896871,0.9978268950221993,0.994935834140312,0.9945955828892684,0.9803371231779835,0.9271105111895562,0.8465009145645849,0.8448690989405532,0.9015649836216941,0.9833729474559856
0.346,9.44666559930324,0.992656061904603,0.9999223130156246,0.9999879110428339,0.9999985628855782,0.9998742236833377,0.9996709151751979,0.9993495887610682,0.9988417968382973,0.9978462047222547,0.9949746479645104,0.9946365967577598,0.9804502995241823,0.9273941262583413,0.8469351294327951,0.8453076637919654,0.9019050655471404,0.983435342069652
0.347,9.460042621219992,0.992708379339957,0.9999233617180228,0.9999881053305073,0.9999985902332909,0.9998758328684503,0.9996746965056881,0.9993564565670374,0.9988530995714769,0.9978652856816265,0.9950130491084783,0.9946771773777,0.980562486194114,0.927675787100482,0.8473668147723327,0.8457436752342697,0.9022429546757723,0.983497275510605
0.348,9.473380375949118,0.992760168277003,0.9999243932087589,0.9999882959341638,0.9999986169819441,0.9998774167682459,0.9996784232706584,0.9993632316007328,0.9988642586314016,0.9978841412044793,0.9950510430190507,0.9947173304392343,0.9806736943144274,0.9279555118136024,0.8477959909879467,0.8461771538396651,0.902578670229855,0.9835587525601555
0.349,9.48667903613581,0.9928114354061284,0.9999254078159238,0.999988482933457,0.9999986431462634,0.9998789758469279,0.9996820964017795,0.9993699153596479,0.9988752762202691,0.9979027745391846,0.9950886350580508,0.9947570615440443,0.9807839348605587,0.9282333182871824,0.8482226782763558,0.8466081199710691,0.9029122312209673,0.9836197779361511
0.35,9.499938773414636,0.9928621873169461,0.9999264058605338,0.9999886664061175,0.9999986687405745,0.9998805105590195,0.9996857168124936,0.999376509313393,0.9988861545011065,0.9979211888793929,0.9951258305038145,0.9947963762069293,0.9808932186591306,0.928509224205407,0.848646896628802,0.8470365937846779,0.9032436564527617,0.9836803562939995
0.351,9.513159758416952,0.9929124305000471,0.9999273876567015,0.9999888464280046,0.9999986937788159,0.9998820213495897,0.9996892853984145,0.9993830149042806,0.99889689559856,0.997939387365084,0.9951626345526841,0.9948352798573555,0.9810015563903063,0.9287832470499686,0.849068665833567,0.8474625952324889,0.9035729645236819,0.983740492227672
0.352,9.52634216077821,0.9929621713487172,0.9999283535117995,0.9999890230731557,0.9999987182745496,0.999883508654472,0.9996928030377182,0.9993894335478979,0.9989075015996657,0.9979573730835954,0.9951990523204708,0.9948737778409741,0.9811089585901029,0.9290554041028256,0.8494880054784536,0.8478861440647892,0.9039001738296403,0.9838001902706921
0.353,9.539486149145217,0.993011416160621,0.999929303726622,0.9999891964138345,0.9999987422409727,0.9998849729004783,0.9996962705915243,0.9993957666336653,0.998917974554605,0.9979751490706267,0.9952350888438893,0.9949118754211088,0.9812154356526617,0.9293257124489174,0.8499049349532299,0.8483072598326067,0.9042253025666527,0.983859454897099
0.354,9.552591891183317,0.9930601711394522,0.9999302385955412,0.9999893665205775,0.9999987656909282,0.999886414505607,0.9996996889042676,0.9994020155253818,0.9989283164774413,0.9979927183112237,0.9952707490819626,0.9949495777802143,0.9813209978324781,0.9295941889788372,0.8503194734520412,0.8487259618901284,0.9045483687334364,0.9839182905224007
0.355,9.565659553583536,0.9931084423965527,0.999931158406659,0.9999895334622394,0.9999987886369146,0.9998878338792458,0.9997030588040614,0.9994081815617583,0.9989385293468416,0.9980100837407425,0.9953060379173988,0.9949868900213041,0.9814256552465918,0.9298608503914614,0.8507316399757852,0.8491422693970827,0.9048693901339654,0.9839767015045008
0.356,9.578689302069632,0.9931562359524989,0.9999320634419566,0.9999896973060379,0.999998811091097,0.99988923142237,0.999706381103051,0.9994142660569385,0.9989486151067811,0.9980272482457907,0.995340960157941,0.995023817169352,0.9815294178767378,0.9301257131965401,0.8511414533344549,0.8495562013210896,0.9051883843799899,0.984034692144616
0.357,9.591681301405119,0.9932035577386584,0.9999329539774378,0.9999898581175958,0.999998833065316,0.9998906075277346,0.9997096565977602,0.9994202703010072,0.9989585756672327,0.9980442146651509,0.9953755205376896,0.9950603641726633,0.9816322955714583,0.9303887937172444,0.8515489321494478,0.8499677764399761,0.905505368893517,0.9840922666881708
0.358,9.604635715400192,0.9932504135987156,0.9999338302832708,0.9999900159609826,0.9999988545710975,0.999891962580063,0.9997128860694285,0.9994261955604878,0.998968412904841,0.9980609857906831,0.9954097237183988,0.9950965359042214,0.9817342980481781,0.9306501080926757,0.8519540948558427,0.850377013344061,0.9058203609092536,0.9841494293256777
0.359,9.617552706918636,0.9932968092901681,0.9999346926239252,0.9999901708987556,0.9999988756196616,0.9998932969562294,0.9997160702843401,0.9994320430788278,0.9989781286635816,0.998077564368209,0.9954435742907468,0.9951323371630056,0.9818354348952422,0.9309096722803362,0.8523569597046438,0.8507839304384055,0.9061333774770137,0.9842061841936017
0.36,9.630432437884615,0.9933427504857943,0.9999355412583052,0.9999903229919987,0.9999988962219318,0.9998946110254382,0.9997192099941455,0.9994378140768729,0.998987724755406,0.9980939530983767,0.9954770767755818,0.9951677726752841,0.9819357155739175,0.931167502058559,0.852757544764994,0.8511885459450343,0.9064444354640897,0.9842625353752066
0.361,9.643275069289489,0.993388242775093,0.9999363764398802,0.9999904723003609,0.9999989163885433,0.9998959051493975,0.999722305936176,0.9994435097533314,0.9989972029608715,0.9981101546375083,0.9955102356251423,0.9952028470958808,0.9820351494203594,0.9314236130289033,0.8531558679263568,0.8515908779051242,0.9067535515575871,0.9843184869013895
0.362,9.656080761198467,0.9934332916656944,0.999937198416812,0.999990618882093,0.9999989361298512,0.9998971796824895,0.999725358833749,0.9994491312852266,0.999006565029758,0.998126171598429,0.9955430552242543,0.995237565009418,0.9821337456475435,0.9316780206185096,0.8535519469006675,0.8519909441811627,0.9070607422667261,0.984374042751495
0.363,9.668849672757302,0.993477902584745,0.9999380074320774,0.9999907627940838,0.9999989554559389,0.9998984349719353,0.9997283693964683,0.99945467982834,0.9990158126816717,0.9981420065512788,0.9955755398915044,0.995271930931534,0.982231513347163,0.9319307400824213,0.8539457992244542,0.8523887624590764,0.9073660239251082,0.9844292068541194
0.364,9.681581962198852,0.9935220808802658,0.9999388037235897,0.9999909040918957,0.9999989743766255,0.9998996713579572,0.9997313383205151,0.9994601565176441,0.9990249476066343,0.9981576620243077,0.9956076938803898,0.9953059493100775,0.9823284614914931,0.9321817865058684,0.8543374422609298,0.8527843502503303,0.90766941269295,0.9844839830878965
0.365,9.694277786849645,0.9935658318224841,0.9999395875243154,0.9999910428297981,0.9999989929014736,0.9999008891739353,0.9997342662889341,0.9994655624677251,0.9990339714656605,0.9981731405046538,0.9956395213804465,0.9953396245262783,0.9824245989352225,0.9324311748065174,0.8547268932020536,0.8531777248939969,0.907970924559282,0.98453837528227
0.366,9.70693730313632,0.9936091606051407,0.9999403590623892,0.9999911790608008,0.9999990110397967,0.9999020887465616,0.9997371539719117,0.9994708987731963,0.9990428858913224,0.9981884444391057,0.9956710265183548,0.9953729608958948,0.9825199344172534,0.932678919736686,0.8551141690705664,0.8535689035587988,0.9082705753441177,0.9845923872182539
0.367,9.7195606665921,0.9936520723467712,0.999941118561225,0.999991312836686,0.9999990288006659,0.9999032703959896,0.9997400020270474,0.9994761665091026,0.9990516924883021,0.9982035762348487,0.9957022133590233,0.9954059626703402,0.9826144765624686,0.9329250358855247,0.8554992867219946,0.8539579032451194,0.9085683807005889,0.9846460226291761
0.368,9.732148031863117,0.9936945720919643,0.9999418662396244,0.9999914442080399,0.9999990461929171,0.9999044344359802,0.9997428110996202,0.9994813667313152,0.9990603928339314,0.9982185382601955,0.9957330859066523,0.9954386340377862,0.9827082338834702,0.9331695376811634,0.8558822628466289,0.8543447407869906,0.9088643561170504,0.984699285201411
0.369,9.744699552714762,0.9937366648125954,0.9999426023118836,0.9999915732242831,0.9999990632251575,0.9999055811740445,0.9997455818228476,0.9994865004769173,0.9990689884787213,0.9982333328453026,0.9957636481057759,0.9954709791242456,0.9828012147822852,0.9334124393928276,0.8562631139714746,0.8547294328540487,0.9091585169191534,0.984752178575097
0.37,9.757215382037915,0.9937783554090369,0.9999433269878953,0.9999916999336999,0.9999990799057722,0.9999067109115821,0.999748314818139,0.9994915687645828,0.9990774809468783,0.9982479622828703,0.9957939038422847,0.9955030019946334,0.9828934275520445,0.9336537551329207,0.856641856462175,0.8551119959534668,0.9094508782718894,0.9848047063448423
0.371,9.769695671855184,0.9938196487113463,0.9999440404732507,0.9999918243834673,0.9999990962429305,0.9999078239440178,0.999751010695343,0.999496572594944,0.9990858717368117,0.9982624288288304,0.9958238569444282,0.9955347066538083,0.9829848803786297,0.9338934988590751,0.8570185065249082,0.8554924464318583,0.9097414551816033,0.9848568720604175
0.372,9.782140573327032,0.9938605494804317,0.9999447429693363,0.999991946619683,0.9999991122445916,0.9999089205609325,0.9997536700529894,0.9995015129509534,0.9990941623216278,0.9982767347030179,0.9958535111837977,0.9955660970475941,0.9830755813422949,0.9341316843761728,0.8573930802082591,0.8558708004771566,0.9100302624979776,0.9849086792274362
0.373,9.794550236757907,0.9939010624091947,0.999945434673431,0.9999920666873926,0.9999991279185109,0.9999100010461931,0.999756293478525,0.9995063907982362,0.9991023541496153,0.9982908820898302,0.9958828702762912,0.9955971770637806,0.9831655384192571,0.9343683253383344,0.8577655934050636,0.8562470741204669,0.9103173149159881,0.9849601313080238
0.374,9.806924811602261,0.9939411921236536,0.999946115778798,0.9999921846306157,0.9999991432722455,0.9999110656780784,0.9997588815485448,0.9995112070854355,0.9991104486447192,0.9983048731388718,0.9959119378830585,0.9956279505331063,0.983254759483262,0.9346034352508793,0.8581360618542295,0.8566212832378942,0.9106026269778309,0.985011231721472
0.375,9.819264446470589,0.9939809431840438,0.9999467864747767,0.9999923004923721,0.9999991583131598,0.9999121147294016,0.9997614348290164,0.9995159627445491,0.9991184472070052,0.9983187099655872,0.99594071761143,0.9956584212302221,0.9833432523071213,0.9348370274722556,0.8585045011425315,0.8569934435523466,0.9108862130748212,0.9850619838448861
0.376,9.83156928913534,0.9940203200858989,0.999947446946871,0.9999924143147069,0.9999991730484308,0.99991314846763,0.999763953875501,0.99952065869126,0.9991263512131141,0.9983323946518794,0.9959692130158252,0.9956885928746364,0.9834310245642243,0.9350691152159414,0.8588709267063825,0.8573635706353132,0.9111680874492658,0.9851123910138156
0.377,9.84383948653684,0.9940593272611113,0.9999480973768358,0.999992526138714,0.9999991874850535,0.9999141671550027,0.9997664392333685,0.999525295825259,0.9991341620167064,0.9983459292467167,0.9959974275986466,0.9957184691316424,0.9835180838300234,0.9352997115523171,0.8592353538335796,0.8577316799086179,0.9114482641963068,0.9851624565228785
0.378,9.856075184789129,0.9940979690789732,0.9999487379427615,0.9999926360045612,0.9999992016298456,0.999915171048644,0.9997688914380071,0.9995298750305599,0.9991418809488974,0.9983593157667279,0.9960253648111549,0.9957480536132279,0.983604437583495,0.9355288294105102,0.8595977976650276,0.8580977866461509,0.9117267572657406,0.9852121836263712
0.379,9.868276529185776,0.9941362498471977,0.999949368819156,0.9999927439515118,0.9999992154894527,0.9999161604006752,0.999771311015029,0.9995343971758085,0.9991495093186841,0.998372556196783,0.996053028054328,0.9957773498789676,0.9836900932085743,0.9357564815802126,0.859958273196439,0.8584619059755754,0.9120035804638098,0.9852615755388695
0.38,9.880443664205607,0.9941741738129228,0.9999499901770252,0.999992850017948,0.999999229070353,0.9999171354583233,0.9997736984804716,0.9995388631145842,0.999157048413361,0.9983856524905658,0.9960804206797037,0.9958063614368988,0.9837750579955666,0.9359826807134707,0.8603167952800104,0.858824052880012,0.9122787474549696,0.9853106354358176
0.381,9.892576733518435,0.9942117451636948,0.9999506021839513,0.9999929542413921,0.9999992423788617,0.999918096464027,0.9997760543409927,0.9995432736856954,0.9991644994989294,0.9983986065711312,0.9961075459902068,0.9958350917443806,0.9838593391425349,0.9362074393264481,0.8606733786260761,0.8591842421996998,0.9125522717636294,0.9853593664541095
0.382,9.90467587999068,0.9942489680284345,0.9999512050041687,0.9999930566585284,0.9999992554211359,0.9999190436555404,0.9997783790940629,0.9995476297134687,0.9991718638204969,0.9984114203314546,0.9961344072409601,0.9958635442089366,0.983942943756663,0.9364307698011641,0.8610280378047412,0.8595424886336366,0.9128241667758683,0.9854077716926567
0.383,9.916741245691021,0.9942858464783866,0.9999517987986388,0.999993157305223,0.9999992682031783,0.999919977266034,0.9997806732281526,0.9995519320080306,0.999179142602669,0.9984240956349675,0.9961610076400808,0.9958917221890823,0.9840258788555967,0.9366526843872041,0.8613807872474912,0.8598988067411955,0.9130944457411279,0.9854558542129486
0.384,9.92877297189591,0.9943223845280498,0.9999523837251227,0.9999932562165447,0.9999992807308421,0.9999208975241938,0.9997829372229154,0.999556181365585,0.9991863370499318,0.9984366343160846,0.9961873503494605,0.9959196289951368,0.9841081513687617,0.9368731952034064,0.8617316412487792,0.8602532109437213,0.9133631217738795,0.9855036170396023
0.385,9.94077119909513,0.9943585861360916,0.9999529599382522,0.9999933534267839,0.9999992930098347,0.999921804654317,0.9997851715493672,0.9995603785686827,0.9991934483470273,0.9984490381807193,0.9962134384855333,0.9959472678900185,0.9841897681386599,0.9370923142395238,0.8620806139675945,0.8606057155261044,0.913630207855269,0.985551063160903
0.386,9.95273606699722,0.9943944552062456,0.999953527589598,0.9999934489694722,0.9999993050457214,0.999922698876407,0.9997873766700603,0.9995645243864868,0.9992004776593215,0.9984613090067889,0.9962392751200262,0.9959746420900282,0.9842707359221431,0.9373100533578602,0.862427719429008,0.8609563346383349,0.9138957168347376,0.9855981955293358
0.387,9.96466771453494,0.9944299955881925,0.9999540868277387,0.9999935428774007,0.9999993168439303,0.9999235804062641,0.9997895530392557,0.999568619575031,0.9992074261331634,0.9984734485447099,0.9962648632806983,0.9960017547656147,0.9843510613916668,0.9375264242948838,0.8627729715256981,0.861305082297035,0.9141596614316192,0.9856450170621059
0.388,9.976566279870609,0.9944652110784256,0.9999546377983253,0.9999936351826378,0.9999993284097545,0.9999244494555763,0.9997917011030895,0.9995726648774733,0.9992142948962376,0.9984854585178837,0.9962902059520644,0.9960286090421283,0.9844307511365217,0.9377414386628161,0.8631163840194553,0.8616519723869723,0.9144220542367172,0.9856915306416535
0.389,9.98843190040148,0.9945001054210996,0.9999551806441461,0.9999937259165473,0.999999339748357,0.9999253062320067,0.9997938212997364,0.9995766610243438,0.9992210850579093,0.998497340623173,0.9963153060761062,0.99605520800056,0.9845098116640448,0.9379551079511985,0.8634579705426686,0.8619970186625516,0.9146829077138566,0.9857377391161569
0.39,10.000264712764977,0.9945346823088658,0.9999557155051896,0.9999938151098047,0.9999993508647737,0.9999261509392784,0.99979591405957,0.9995806087337875,0.9992277977095626,0.9985090965313672,0.9963401665529699,0.9960815546782661,0.984588249400812,0.9381674435284351,0.8637977445997903,0.8623402347492888,0.9149422342014168,0.9857836453000283
0.391,10.012064852843995,0.99456894538369,0.9999562425187046,0.9999939027924147,0.9999993617639169,0.9999269837772584,0.9997979798053187,0.9995845087118012,0.9992344339249306,0.998520727887641,0.996364790241651,0.9961076520696802,0.9846660706938085,0.9383784566433129,0.864135719568782,0.8626816341452627,0.9152000459138405,0.9858292519744016
0.392,10.023832455772059,0.9946028982376576,0.9999567618192615,0.9999939889937269,0.9999993724505785,0.9999278049420397,0.9998000189522186,0.9995883616524663,0.9992409947604207,0.9985322363120019,0.9963891799606663,0.9961335031270122,0.9847432818115816,0.938588158426502,0.8644719087025428,0.8630212302225513,0.9154563549431238,0.985874561887611
0.393,10.035567655938506,0.9946365444137633,0.9999572735388093,0.9999940737424516,0.9999993829294332,0.99992861462602,0.9998020319081629,0.9995921682381763,0.9992474812554312,0.9985436233997301,0.9964133384887137,0.9961591107609342,0.9848198889453735,0.9387965598920308,0.8648063251303161,0.8633590362286461,0.9157111732602834,0.9859195777556604
0.394,10.047270586993585,0.9946698874066866,0.9999577778067327,0.9999941570666753,0.9999993932050423,0.9999294130179806,0.9998040190738483,0.9995959291398588,0.9992538944326625,0.9985548907218097,0.9964372685653198,0.9961844778412534,0.9848958982102365,0.9390036719387427,0.8651389818590809,0.8636950652878496,0.9159645127168051,0.9859643022626892
0.395,10.058941381853549,0.9947029306635541,0.9999582747499085,0.9999942389938757,0.9999994032818554,0.9999302003031614,0.9998059808429174,0.999599645017194,0.9992602352984223,0.9985660398253505,0.9964609728914757,0.9962096071975736,0.9849713156461282,0.9392095053517296,0.8654698917749224,0.8640293304026534,0.9162163850460711,0.9860087380614247
0.396,10.070580172705668,0.9947356775846872,0.9999587644927587,0.999994319550936,0.9999994131642148,0.9999309766633359,0.9998079176020988,0.9996033165188277,0.9992665048429236,0.998577072234003,0.9964844541302611,0.9962345016199439,0.9850461472189902,0.9394140708037468,0.865799067644386,0.8643618444551,0.9164668018647679,0.9860528877736311
0.397,10.082187091013239,0.9947681315243374,0.999959247157304,0.9999943987641594,0.9999994228563573,0.9999317422768832,0.9998098297313439,0.9996069442825798,0.9992727040405771,0.9985879894483647,0.9965077149074566,0.9962591638594955,0.9851203988218085,0.9396173788566053,0.8661265221158126,0.8646926202081243,0.9167157746742745,0.9860967539905486
0.398,10.09376226752051,0.994800295791408,0.9999597228632155,0.9999944766592826,0.9999994323624175,0.9999324973188597,0.9998117176039604,0.9996105289356493,0.9992788338502779,0.9985987929463778,0.9965307578121461,0.9962835966290684,0.9851940762756564,0.9398194399625464,0.8664522677206584,0.8650216703068806,0.916963314862032,0.9861403392733263
0.399,10.105305832257626,0.9948321736501636,0.999960191727865,0.9999945532614899,0.9999994416864305,0.9999332419610674,0.9998135815867427,0.9996140710948136,0.9992848952156862,0.9986094841837203,0.9965535853973061,0.9963078026038238,0.9852671853307209,0.9400202644655942,0.8667763168747942,0.8653490072800498,0.9172094337028929,0.986183646153447
0.4,10.116817914545454,0.9948637683209258,0.9999606538663741,0.9999946285954251,0.9999994508323341,0.9999339763721218,0.9998154220401009,0.9996175713666252,0.9992908890655019,0.9986200645941892,0.996576200180387,0.9963317844218488,0.9853397316673118,0.940219862602891,0.8670986818797917,0.8656746435411313,0.917454142360454,0.986226677133147
