Beta,R_0,R1,R2,R3,R4,R5,R6,R7,R8,R9,R10,R11,R12,R13,R14,R15,R16,R_all
0.0,0.0,0.0,0.0,0.0,0.0,0.0,0.0,0.0,0.0,0.0,0.0,0.0,0.0,0.0,0.0,0.0,0.0,0.0
0.001,0.05438336700897308,0.0,0.0,0.0,0.0,0.0,0.0,0.0,0.0,0.0,0.0,0.0,0.0,0.0,0.0,0.0,0.0,0.0
0.002,0.10844237994035787,0.0,0.0,0.0,0.0,0.0,0.0,0.0,0.0,0.0,0.0,0.0,0.0,0.0,0.0,0.0,0.0,0.0
0.003,0.16217993194251734,0.0,0.0,0.0,0.0,0.0,0.0,0.0,0.0,0.0,0.0,0.0,0.0,0.0,0.0,0.0,0.0,0.0
0.004,0.21559888185770754,0.0,0.0,2.220446049250313e-16,1.5543122344752192e-15,3.3306690738754696e-16,1.1102230246251565e-16,1.1102230246251565e-16,1.1102230246251565e-16,1.1102230246251565e-16,1.1102230246251565e-16,1.1102230246251565e-16,0.0,0.0,0.0,0.0,0.0,1.9422326118055555e-16
0.005,0.26870205472906405,0.0,0.0,0.0,0.0,0.0,0.0,0.0,0.0,0.0,0.0,0.0,0.0,0.0,0.0,0.0,0.0,0.0
0.006,0.3214922422986248,0.0,0.0,0.0,0.0,0.0,0.0,0.0,0.0,0.0,0.0,0.0,0.0,0.0,0.0,0.0,0.0,0.0
0.007,0.373972203496572,0.0,0.0,0.0,0.0,0.0,0.0,0.0,0.0,0.0,0.0,0.0,0.0,0.0,0.0,0.0,0.0,0.0
0.008,0.42614466492187497,0.0,0.0,0.0,0.0,0.0,0.0,0.0,0.0,0.0,0.0,0.0,0.0,0.0,0.0,0.0,0.0,0.0
0.009,0.4780123213145082,0.0,0.0,0.0,0.0,0.0,0.0,0.0,0.0,0.0,0.0,0.0,0.0,0.0,0.0,0.0,0.0,0.0
0.01,0.5295778360194175,0.0,0.0,0.0,0.0,0.0,0.0,0.0,0.0,0.0,0.0,0.0,0.0,0.0,0.0,0.0,0.0,0.0
0.011,0.5808438414424008,0.0,0.0,0.0,0.0,0.0,0.0,0.0,0.0,0.0,0.0,0.0,0.0,0.0,0.0,0.0,0.0,0.0
0.012,0.6318129394980695,1.1102230246251565e-15,1.7763568394002505e-15,2.3314683517128287e-15,4.440892098500626e-15,2.7755575615628914e-15,2.3314683517128287e-15,1.5543122344752192e-15,1.2212453270876722e-15,1.2212453270876722e-15,1.2212453270876722e-15,1.1102230246251565e-15,7.771561172376096e-16,1.1102230246251565e-16,0.0,0.0,0.0,1.5949146975204454e-15
0.013,0.6824877020500482,2.220446049250313e-15,3.9968028886505635e-15,5.773159728050814e-15,9.43689570931383e-15,6.106226635438361e-15,4.6629367034256575e-15,3.1086244689504383e-15,2.6645352591003757e-15,2.55351295663786e-15,2.220446049250313e-15,1.887379141862766e-15,1.5543122344752192e-15,9.992007221626409e-16,6.661338147750939e-16,5.551115123125783e-16,2.220446049250313e-16,3.4542412957606726e-15
0.014,0.7328706713435701,0.0,0.0,2.220446049250313e-16,1.5543122344752192e-15,3.3306690738754696e-16,1.1102230246251565e-16,1.1102230246251565e-16,1.1102230246251565e-16,1.1102230246251565e-16,1.1102230246251565e-16,1.1102230246251565e-16,0.0,0.0,0.0,0.0,0.0,1.9422326118055555e-16
0.015,0.7829643604306219,5.551115123125783e-16,1.3322676295501878e-15,1.887379141862766e-15,3.885780586188048e-15,1.9984014443252818e-15,1.2212453270876722e-15,6.661338147750939e-16,5.551115123125783e-16,6.661338147750939e-16,6.661338147750939e-16,5.551115123125783e-16,4.440892098500626e-16,1.1102230246251565e-16,0.0,0.0,0.0,1.042282225243652e-15
0.016,0.8327712535877863,3.885780586188048e-15,6.994405055138486e-15,1.021405182655144e-14,1.9206858326015208e-14,1.1879386363489175e-14,8.43769498715119e-15,5.551115123125783e-15,4.551914400963142e-15,4.218847493575595e-15,3.774758283725532e-15,3.219646771412954e-15,2.55351295663786e-15,1.3322676295501878e-15,8.881784197001252e-16,9.992007221626409e-16,6.661338147750939e-16,6.264508338652963e-15
0.017,0.8822938067269268,2.3314683517128287e-15,4.3298697960381105e-15,7.549516567451064e-15,1.4654943925052066e-14,8.326672684688674e-15,5.88418203051333e-15,3.774758283725532e-15,2.9976021664879227e-15,2.9976021664879227e-15,2.886579864025407e-15,2.220446049250313e-15,1.7763568394002505e-15,9.992007221626409e-16,8.881784197001252e-16,6.661338147750939e-16,3.3306690738754696e-16,4.416800795806903e-15
0.018,0.9315344477988614,4.9960036108132044e-15,9.325873406851315e-15,1.4432899320127035e-14,2.864375403532904e-14,1.6653345369377348e-14,1.1657341758564144e-14,7.549516567451064e-15,5.995204332975845e-15,5.662137425588298e-15,5.218048215738236e-15,4.440892098500626e-15,3.3306690738754696e-15,2.1094237467877974e-15,1.3322676295501878e-15,1.3322676295501878e-15,1.4432899320127035e-15,8.742147781192075e-15
0.019,0.9804955771901609,2.552136280087325e-11,4.530964492488465e-11,7.913825150751563e-11,1.6272605485312397e-10,9.206968520913961e-11,6.262823593061739e-11,3.906397427755337e-11,3.137656801044386e-11,3.1126878852205664e-11,2.775102370122795e-11,2.424160872038783e-11,1.7892909376371335e-11,1.0650591519834052e-11,7.48090478452923e-12,7.032707749488054e-12,6.8794969720897825e-12,4.714276820705126e-11
0.02,1.0291795681132077,0.013683147348739877,0.024283643746669692,0.041152187486471425,0.08069415727058549,0.04740933349964638,0.03293980773835237,0.020797480318206718,0.01669999881382822,0.016452192071906513,0.014599805897652751,0.012814948950020888,0.009519066892160755,0.005689441459341804,0.004011323340839312,0.003750380907663442,0.0036555748368082286,0.024492231807478528
0.021,1.077588766989652,0.03791795210099791,0.06711063734036593,0.10854909673931845,0.19827166610417557,0.12324085810233398,0.08846063631121603,0.05696980628548198,0.04576828495999152,0.044636425642516686,0.039348015193398256,0.03478814383581319,0.02609941448500741,0.01570560113592001,0.011136386849820434,0.010329309933163056,0.010014023951481654,0.06471023714676948
0.022,1.1257254938273922,0.06348613720597074,0.11179364963514571,0.17338258199408463,0.2977750430010807,0.1943906139307603,0.1436686398303959,0.09430835495708134,0.07587880990062934,0.07338285395697719,0.0643408964787493,0.05724706260676771,0.04334438901676285,0.026258727425965578,0.018713660974044033,0.017241344606937936,0.016635775605993608,0.10384793667725209
0.023,1.1735920425912068,0.0898984863592206,0.1571900794696487,0.2347809861356941,0.3822597154868558,0.2604062554866998,0.19755481162902644,0.13207384273531597,0.10650674929076853,0.10229012416613092,0.08930355168158377,0.07990270720778303,0.06101022615555862,0.03720574480596717,0.02663544780049132,0.02440191952835713,0.023446542596816,0.1415995198988579
0.024,1.2211906815671643,0.11673484518505817,0.2023591067076188,0.2922515815131842,0.45428930173326487,0.32116426925373,0.2494007527959048,0.16966652709630725,0.13721589652303368,0.13103343030250958,0.11401856992944348,0.10252081380209055,0.07889046056648685,0.04842123804586884,0.034806554546908286,0.031737271900688646,0.030382636972367205,0.17775625929386404
0.025,1.2685236537209301,0.14365406408861048,0.24658320198914174,0.3455975169174268,0.5159845176630466,0.37677204425137545,0.2987444647785975,0.20662928583744455,0.16766394963072306,0.15936467846809887,0.13832371732432514,0.12492143658068855,0.09681896921890731,0.05980071134015652,0.04314704848149031,0.0391862100309599,0.03739209703400814,0.2121986576038806
0.026,1.3155931770500928,0.17039034718507418,0.28935162268978887,0.3948296459843149,0.5690840096366525,0.4274814965821455,0.3453278806536352,0.24263198732503932,0.19759423640794427,0.18710324600476158,0.16210387716302166,0.14697211990933523,0.1146668788399311,0.07125995475345948,0.051591991702377826,0.04669958701145793,0.04443387987781233,0.24487896547875934
0.027,1.3624014449306197,0.1967433656223252,0.33032699527618936,0.44009209759004453,0.6150069560696867,0.4736236055524222,0.38904415205956255,0.2774490158500269,0.22682202045714328,0.214123633306875,0.18528153663414215,0.1685790711116928,0.13233696350093027,0.08273260591991882,0.06008974196342054,0.054238747514160024,0.051476256430881495,0.27580232544617445
0.028,1.4089506264575646,0.22256666101069222,0.36930826025128194,0.4816065381659266,0.6549107829628573,0.5155632955034971,0.42989266562332984,0.3109366101558215,0.255220078125038,0.24034338037008496,0.20780795857409695,0.18967864326242723,0.14975761777807484,0.094167179621087,0.06859980014238032,0.06177370414361183,0.05849505967403612,0.3050103055002825
0.029,1.455242866780129,0.24775663660129865,0.406196703966331,0.5196334871064873,0.6897409924674942,0.5536704970681994,0.46794384603047023,0.3430129805659291,0.2827057280982578,0.2657126540284064,0.22965582312110844,0.21023005876798517,0.16687738128872165,0.10552420920949979,0.07709070813563101,0.069281415605007,0.06547208885525135,0.33256793933153683
0.03,1.5012802874311928,0.27224306237058127,0.44096764081678985,0.5544469485511305,0.7202725138400139,0.5883028149472961,0.5033130423380623,0.3736420763517161,0.30923004313694136,0.29020584725643894,0.25081343677170576,0.23020957382136342,0.18366035054706675,0.11677376173451604,0.08553820746739782,0.07674431041766061,0.07239377354014853,0.3585541409343809
0.031,1.5470649866514181,0.2959812980407528,0.47364809558016185,0.5863186125846396,0.7471432246610763,0.6197960087794651,0.5361418441657884,0.40282087574490444,0.33476925997524676,0.31381505105053065,0.2712803228074049,0.24960596247009914,0.20008249970585112,0.12789338913835457,0.09392371387625742,0.08414908350054451,0.07925010454005144,0.383054911074866
0.032,1.5925990397080296,0.3189461106475866,0.5042998500129835,0.6155085865060717,0.7708807695124753,0.6484594968078243,0.5665850841161357,0.4305696884399348,0.35931811370278666,0.3365450928361855,0.2910639284975691,0.2684170936529995,0.21612880300847193,0.13886648778178023,0.10223309200046304,0.09148574226970307,0.08603379961360891,0.4061586838180826
0.033,1.6378844992083714,0.341126846368902,0.5330068990547588,0.6422604209641185,0.791923876870477,0.6745749603840883,0.5948020234851845,0.45692488090717387,0.3828847460527569,0.35840981576701936,0.310177194956363,0.2866473678620334,0.23179101604850583,0.1496810061517846,0.11045568782630844,0.09874686208815764,0.09273966125221889,0.4279532416272311
0.034,1.6829233954083487,0.36252370000379974,0.5598663610915302,0.6667988747953726,0.8106392660695527,0.6983967788096731,0.6209505381118683,0.4819334839357553,0.4054868538494133,0.37942931166553207,0.3286367766372572,0.3043058108768686,0.24706597824252563,0.16032843553755216,0.11858357152386922,0.10592700969509217,0.09936408568971233,0.4485237471596798
0.035,1.7277177365158376,0.3831448509529818,0.5849820128041681,0.6893293716645785,0.8273350655930048,0.7201534790172196,0.6451834174209723,0.5056492327441475,0.4271487940740708,0.3996278743934093,0.34646174314600087,0.32140466181417093,0.26195431903373956,0.17080302469892372,0.1266109472783784,0.11302229814942621,0.1059046884771746,0.46795155346361555
0.036,1.7722695089891696,0.40300427294274443,0.6084597778722928,0.7100384608469075,0.8422714893923434,0.7400496895686122,0.6676461306633443,0.5281296839266327,0.44789941789657617,0.4190324923246165,0.36367263643644177,0.33795832989509966,0.27645947322594977,0.18110116930249642,0.13453369365683687,0.12003004337343393,0.11236001889925729,0.48631354731945153
0.037,1.8165806778307831,0.4221200631827423,0.6304046488273171,0.7290948390509271,0.8556693630156429,0.7582682875757754,0.6884755982507489,0.5494341356353685,0.46777045645755255,0.43767174226548167,0.3802907889181555,0.35398262514335477,0.29058693164517213,0.19122093671726337,0.1423490052046592,0.1269484986672592,0.11872934174443706,0.5036818514977806
0.038,1.860653186876122,0.4405131702292564,0.6509186479090967,0.7466506529864299,0.8677169628051747,0.774972554770969,0.7077996415531882,0.5696221439764801,0.48679532283432614,0.45557498168820787,0.3963378328844832,0.36949419233627123,0.3043436705523981,0.20116169533676354,0.15005511228668877,0.13377664891540852,0.12501247006105554,0.520123763862402
0.039,1.9044889590778873,0.4582064273171047,0.6700995334688081,0.762842909115617,0.8785755286061873,0.7903082394848465,0.7257368822666956,0.5887524804456437,0.5050082274768781,0.4727717625342073,0.4118353502472788,0.38451009582400186,0.3177377168415443,0.2109238246048435,0.15765106138451424,0.14051405050410481,0.13120963654353712,0.5357018486762646
0.04,1.9480898967857145,0.47522381965658034,0.6880400358816186,0.7777948861743439,0.8883837298243905,0.8044054713178798,0.7423969320901971,0.6068824146977603,0.5224435296692367,0.48929140964548357,0.4268046252410296,0.39904751647592696,0.3307778165358627,0.22050848745417462,0.1651365421787745,0.1471607063142255,0.13732139425955436,0.5504741219495004
0.041,1.9914578820213715,0.49158993103726023,0.7048274652214048,0.7916174903613675,0.8972613021799469,0.8173805057838861,0.7578807626651186,0.6240672366044172,0.5391352667335993,0.5051627215923233,0.44126647275428466,0.41312353209904384,0.3434731820494846,0.2299174511473122,0.17251175093805615,0.1537169677142578,0.14334853973976247,0.5644942912335654
0.042,2.034594776749556,0.5073295279937797,0.7205435762449388,0.8044105211482526,0.9053120243264641,0.8293372943056871,0.772281180339008,0.6403599536811356,0.5551168171154652,0.5204137625407208,0.4552411222300162,0.4267549600980812,0.3558332996720268,0.23915294578710333,0.17977728218395628,0.16018345741777817,0.14929205318080963,0.5778120231992462
0.043,2.0775024231443755,0.5224672496299816,0.7352646081060583,0.8162638331515594,0.9126261664289032,0.840368885256369,0.7856833545609809,0.6558111164169614,0.570420664302832,0.5350717218304641,0.4687481423828054,0.4399582466078521,0.36786778323247316,0.24821755225847153,0.1869340424675492,0.16656100853364642,0.15515305180220273,0.5904732213033947
0.044,2.1201826438515905,0.5370273786797779,0.7490614395443789,0.8272583901739279,0.9192825142527378,0.8505586672134963,0.7981653656518498,0.6704687362530617,0.5850782366359678,0.5491628238639907,0.48180639585260876,0.4527493903489347,0.3795862632742105,0.2571141132601166,0.1939831815112676,0.17285061624021392,0.16093275335974677,0.6025203020392431
0.045,2.162637242246696,0.5510336750696005,0.7619998172890359,0.8374672138077257,0.9253500503000718,0.8599814681053917,0.8097987494814066,0.684378270026712,0.5991198041409119,0.5627122752939138,0.4944340157474485,0.4651438924247876,0.3909983036094662,0.26584566252666475,0.20092603704921275,0.17905339934669373,0.16663244753703443,0.6139924625174731
0.046,2.204868002688928,0.5645092575742701,0.7741406277630763,0.8469562324972298,0.930889356493146,0.8687045246677121,0.8206490247596194,0.6975826514386533,0.6125744180853346,0.5757442397533746,0.5066483981065657,0.4771567254749708,0.402113339031815,0.27441536844037584,0.20776409052097955,0.18517056963374123,0.17225347347500697,0.6249259350289157
0.047,2.2468766907712534,0.5774765224574707,0.7855401911167134,0.855785038707246,0.9359537896752466,0.8767883363436662,0.8307761942847761,0.7101223551202008,0.6254698823942642,0.5882818327979034,0.5184662058474162,0.48880231723119894,0.41294062940907805,0.2828264890709241,0.21449893140215404,0.1912034073421367,0.17779720210453753,0.6353542262062899
0.048,2.288665053566434,0.5899570905104867,0.7962505630778912,0.86400756251681,0.940590470880449,0.8842874169193387,0.8402352153475764,0.7220354826182747,0.6378327486610915,0.6003471315391185,0.529903380892778,0.5000945447403471,0.42348922647381215,0.29108233632549363,0.22113222843617508,0.19715324154152658,0.18326502225277652,0.6453083397188695
0.049,2.3302348198692244,0.6019717758372063,0.8063198347612337,0.8716726699772597,0.9448411212399968,0.8912509560742796,0.8490764370986821,0.7333578624108958,0.6496883284579136,0.6119611948091741,0.5409751620152973,0.5110467364301983,0.4337679504623425,0.2991862473870869,0.2276657064029538,0.20302143438869624,0.188658329725934,0.6548169823004436
0.05,2.371587700434783,0.6135405712215325,0.8157924239143676,0.8788246942204386,0.9487427710310633,0.8977234018204387,0.8573460044232097,0.7441231581555153,0.6610607181457973,0.6231440907173644,0.5516961065634948,0.5216716798791701,0.44378537439078636,0.3071415620022939,0.23410112734624844,0.20880936849800957,0.1939785187479376,0.6639067534669688
0.051,2.412725388213356,0.6246826460618131,0.8247093534632006,0.8855039067499589,0.9523283633429837,0.9037449736012206,0.8650862289929874,0.7543629809369847,0.6719728325265113,0.6339149292323644,0.5620801147018313,0.5319816336685546,0.4535498142459585,0.31495160447754433,0.24044027540434543,0.2145184368111115,0.19922697526977473,0.6726023196230275
0.052,2.453649558581315,0.6354163537461355,0.8331085149068835,0.8917469357056699,0.9556272698394969,0.9093521146833748,0.8723359288720497,0.7641070024537961,0.6824464445496565,0.6442918980084269,0.572140455148846,0.5419883420876084,0.4630693237463993,0.32261966947524634,0.2466849445622653,0.2201500344804459,0.20440507176846612,0.680926573453463
0.053,2.4943618695685936,0.645759246032866,0.8410249152995468,0.8975871372255514,0.9586657329057409,0.9145778914260481,0.8791307384638021,0.7733830669588031,0.6925022289577805,0.654292300118023,0.5818897916616368,0.5517030517595304,0.4723516926207981,0.33014901088337933,0.2528369287797658,0.22570555238046308,0.20951416323514638,0.6889007795954772
0.054,2.5348639620826163,0.655728092538689,0.848490907378434,0.9030549253797064,0.9614672459112003,0.9194523460650187,0.8855033908018874,0.7822173004273218,0.7021598082657452,0.6639325926916171,0.591340209714133,0.5611365294833102,0.4814044475780398,0.33754283317554956,0.25889801405659774,0.2311863719380649,0.21455558411429232,0.6965447076200025
0.055,2.5751574601287555,0.6653389038563502,0.8555364029578424,0.9081780655398936,0.9640528812599777,0.9240028088071823,0.8914839742658976,0.7906342159158781,0.7114377998658676,0.6732284257231362,0.6005032429669105,0.5702990807597791,0.49023485532002287,0.34480428479194736,0.2648699720811649,0.23659386103491165,0.21953064600492145,0.7038767533419638
0.056,2.6152439710273976,0.6746069571530795,0.8621890700791361,0.9129819354860891,0.9664415742335559,0.9282541742863731,0.8971001657933596,0.7986568144399567,0.720353863354926,0.6821946804966714,0.6093898992398858,0.5792005686029905,0.4988499270868967,0.3519364531617526,0.2707545551760787,0.24192937078244836,0.2244406359728719,0.7109140494430223
0.057,2.655125085627669,0.68354682335849,0.8684745146426351,0.9174897580429642,0.9686503692776619,0.9322291467791635,0.9023774425927261,0.8063066809695562,0.7289247474139499,0.6908455072404109,0.618010685785026,0.5878504323398537,0.5072564243330175,0.35894236105936883,0.27655349230774706,0.24719423300873233,0.22928681535336493,0.717672566338262
0.058,2.694802378517888,0.6921723952533465,0.8744164473865592,0.9217228085838476,0.9706946342807503,0.9359484580097418,0.9073392742606707,0.8136040753404002,0.7371663357528135,0.6991943617287615,0.6263756337209896,0.5962577061791512,0.5154608652175291,0.36582496404441023,0.28226848597016874,0.25238975832661537,0.23407041894687952,0.7241672041575171
0.059,2.734277408232795,0.7004969159299689,0.8800368371498569,0.9257006003352907,0.9725882474873886,0.939431060877292,0.9120072970860802,0.8205680180236734,0.7450936917711959,0.7072540406413331,0.6344943215404177,0.6044310373911133,0.523469531660993,0.3725871487815764,0.28790120978766853,0.25751723467717524,0.2387926545302419,0.7304118766475373
0.06,2.7735517174576274,0.7085330072205321,0.885356051380312,0.9294410500580466,0.9743437609464262,0.9426943020088441,0.9164014721932613,0.8272163708014241,0.7527211016948491,0.715036715554227,0.6423758976372229,0.6123787039848192,0.5312884767729492,0.3792317320738642,0.2934533067092202,0.26257792626184406,0.24345470261990865,0.7364195877362961
0.061,2.8126268332290785,0.7162926977883857,0.8903929848418106,0.9329606263658807,0.9759725437803501,0.9457540756672285,0.9205402290450128,0.833565912468317,0.7600621160285239,0.7225539654897368,0.6500291018285997,0.6201086318060829,0.5389235324976616,0.38576146047272775,0.29892638768962965,0.2675730727924359,0.24805771643642738,0.7422025014375238
0.062,2.8515042671332207,0.7237874506553788,0.8951651774458258,0.9362744826677232,0.9774849080541372,0.9486249612201746,0.9244405956969505,0.8396324097307799,0.7671295892298908,0.7298168079887832,0.6574622858667416,0.6276284110055068,0.5463803173589472,0.3921790103533085,0.304322030771226,0.27250388900100775,0.25260282202874396,0.747772005713312
0.063,2.8901855155004204,0.731028189999456,0.8996889220898405,0.9393965764770249,0.9788902195996355,0.9513203460962291,0.9281183170707111,0.8454306835076532,0.7739357175566803,0.736835728699016,0.6646834329501174,0.6349453118470285,0.5536642442117454,0.39848698836282814,0.3096417804947116,0.27737156436182553,0.2570911185247694,0.7531387708561228
0.064,2.9286720595973157,0.7380253271049637,0.9039793633350869,0.9423397766207742,0.980196995799356,0.9538525359101955,0.9315879623971006,0.8509746708565367,0.7804920750754019,0.743620709492741,0.6717001762548955,0.6420662998429254,0.5607805279294003,0.40468793216652943,0.3148871475801064,0.28217726298612966,0.26152367848091906,0.7583128028991081
0.065,2.9669653658159,0.7447887853858448,0.9080505877015519,0.9451159596957953,0.981412992038933,0.9562328532301609,0.9348630228717784,0.8562774827605348,0.7868096478469475,0.7501812551442729,0.6785198165146529,0.6489980502130076,0.5677341929725689,0.4107843114289107,0.32005960882877527,0.2869221236572559,0.2659015483083986,0.7633034925153886
0.066,3.0050668858597662,0.7513280244314214,0.9119157063023973,0.9477360969584184,0.9825452782902347,0.9584717262754668,0.9379560004660267,0.8613514580135684,0.7928988663242329,0.7565264186073832,0.6851493386816784,0.6557469616745051,0.5745300807991907,0.41677852897896384,0.32516060720584095,0.2916072599792976,0.2702257487581453,0.7681196598228186
0.067,3.042978056927561,0.7576520630474061,0.9155869304846505,0.9502103326924081,0.9836003070789469,0.9605787686763653,0.9408784887435103,0.8662082134408039,0.7987696360113157,0.762664824941157,0.6915954277065048,0.6623191695755994,0.5811728570856962,0.4226729221171528,0.3301915520691254,0.29623376061712814,0.2744972754496918,0.7727695954705961
0.068,3.080700301893688,0.763769501282513,0.9190756410894321,0.9525480549765861,0.9845839739146838,0.9625628512882766,0.9436412464504038,0.8708586906854908,0.8044313664434092,0.7686046939375897,0.6978644834742462,0.6687205583901743,0.5876670187381834,0.4284697640293089,0.33515381951642,0.30080268960939627,0.2787170994319562,0.777261098347644
0.069,3.11823502948633,0.7696885414446377,0.9223924518939275,0.9547579596655903,0.985501671112874,0.964432166933696,0.9462542645704536,0.8753131997857581,0.809892998553884,0.7743538615072956,0.7039626349372174,0.6749567735946018,0.5940169006790612,0.43417126527877736,0.3400487528275885,0.305315086739256,0.2828861677661967,0.7816015102197255
0.07,3.1555836344628103,0.7754170081208671,0.9255472677492125,0.9568481083026794,0.9863583358113024,0.9661942888404078,0.9487268274679282,0.879581459755499,0.815163030498433,0.7799197998811891,0.709895753483446,0.6810332329495343,0.6002266824000267,0.43977957535323287,0.34487766298191913,0.30977196795019446,0.2870054041232095,0.785797747572488
0.071,3.1927474977823573,0.7809623672232648,0.9285493378831593,0.9588259806006815,0.9871584928766299,0.9678562234536737,0.9510675686794763,0.8836726363730409,0.8202495420087159,0.785309636686368,0.7156694655802313,0.6869551372109869,0.6063003942764702,0.44529678424681063,0.3496418292343847,0.3141743257964683,0.2910757093883569,0.7898563309108151
0.072,3.229727986776316,0.7863317440879914,0.93140730479605,0.9606985220545716,0.9879062933044027,0.9694244582206415,0.9532845218600927,0.8875953773702936,0.8251602173484449,0.7905301729539205,0.7212891647310486,0.6927274802956991,0.6122419236417007,0.4507249240617045,0.35434249973718435,0.3185231299194681,0.29509796226922935,0.7937834117406792
0.073,3.266526455315833,0.7915319406592776,0.9341292491381699,0.9624721871854374,0.9886055486375049,0.9709050048758091,0.9553851673381617,0.8913578452038611,0.8299023669443817,0.7955879001152395,0.7267600227829417,0.6983550589259507,0.6180550206219771,0.4560659706162925,0.35898089219523466,0.32281932754279086,0.2990730199017836,0.7975847974379546
0.074,3.3031442439770866,0.7965694517924586,0.9367227309234565,0.9641529788596027,0.9892597618606418,0.9723034386956511,0.9573764746893869,0.8949677475784493,0.834482947763421,0.8004890160418537,0.7320870006201898,0.7038424817788658,0.6237433037352993,0.4613218450492774,0.36355819454614013,0.3270638439800826,0.3030017184516247,0.8012659741890695
0.075,3.339582680204082,0.8014504807119182,0.9391948274010693,0.9657464840774383,0.9898721551705134,0.9736249341372982,0.9592649416988465,0.8984323658819523,0.8389085825050033,0.805239440181866,0.7372748582785538,0.7091941781647919,0.6293102652584273,0.46649441541134196,0.36807556565679644,0.3312575831507084,0.3068848737077816,0.8048321281707841
0.076,3.3758430784690554,0.8061809536606755,0.9415521678773562,0.9672579065830336,0.9904456949714372,0.9748742972294901,0.9610566300439781,0.9017585816810327,0.843185577675778,0.8098448278439883,0.7423281645128441,0.7144144062587428,0.6347592763677381,0.47158549823750917,0.37253413603011254,0.33540142809921025,0.31072328166691465,0.8082881651205455
0.077,3.4119267404305442,0.810766533778573,0.9438009657539305,0.9686920966076876,0.9909831144030824,0.9760559950430058,0.9627571979985927,0.9049529014158537,0.8473199406107851,0.8143105836779064,0.7472513058489662,0.7195072609080988,0.640093592060326,0.47659686009477675,0.37693500851645045,0.3394962415152092,0.31451771910633153,0.8116387284346259
0.078,3.4478349550891414,0.8152126342458248,0.9459470480232425,0.970053578026454,0.9914869336696895,0.9771741825317177,0.9643719304286554,0.9080214794229801,0.8513173955026402,0.8186418743974124,0.7520484951500018,0.7244766810389351,0.6453163558623657,0.48153021910078997,0.3812792590253429,0.3435428662510426,0.3182689441446056,0.814888215918446
0.079,3.4835689989409864,0.8195244307280687,0.9479958824409308,0.971346573177174,0.9919594784078093,0.9782327270036484,0.9659057663242159,0.9109701394063222,0.855183398497269,0.8228436407903917,0.7567237797243029,0.7293264566823989,0.6504306043321025,0.4863872464102461,0.3855679372338301,0.34754212583490596,0.3219776967888751,0.8180407953019323
0.08,3.519130136129032,0.8237068731582399,0.9499526025741996,0.9725750255650839,0.9924028963015062,0.9792352304533936,0.9673633240882085,0.9138043944674121,0.8589231519118178,0.8269206090574632,0.7612810490020512,0.7340602356416297,0.6554392713650967,0.49116956766657416,0.3898020672884427,0.35149482497772633,0.3256446994681913,0.8211004186223869
0.081,3.5545196185921157,0.827764696889512,0.9518220309072941,0.9737426206527351,0.9928191721295087,0.9801850499625503,0.9687489247815896,0.9165294657982271,0.8625416176274214,0.8308773015187798,0.7657240418052284,0.7386815298187374,0.660345192309432,0.4958787644170629,0.39398264849840936,0.35540175007232555,0.32927065755247087,0.8240708355679739
0.082,3.589738686211878,0.8317024332523767,0.9536087001686836,0.9748528049142784,0.9932101414074613,0.9810853163529121,0.9700666135051947,0.9191503001322435,0.8660435297066258,0.8347180467263041,0.7700563532345255,0.7431937212203983,0.6651511078986178,0.5005163754901898,0.3981106560181489,0.35926366968374623,0.3328562598568021,0.8269556058664936
0.083,3.6247885669575663,0.8355244195476424,0.9553168730296429,0.97590880331479,0.9935775027697954,0.9819389512578428,0.9713201790815346,0.9216715860423695,0.8694334062824607,0.8384469890167329,0.7742814411953285,0.7476000676596782,0.669859668009847,0.5050838983343554,0.4021870415175074,0.3630813350298644,0.33640217913098747,0.8297581107965027
0.084,3.659670477028754,0.8392348085058043,0.9569505603104197,0.9769136353590002,0.9939228292194207,0.9827486827600812,0.9725131721843302,0.9240977691678625,0.8727155607634333,0.8420680975382049,0.7784026325836249,0.7519037081707645,0.6744734352551514,0.5095827903175985,0.40621273383853884,0.36685548045160843,0.33990907253431923,0.8324815638909665
0.085,3.694385620996016,0.8428375772418597,0.9585135378179355,0.9778701298392521,0.9942475783591381,0.9835170597290018,0.9736489220497073,0.926433066446253,0.8758941123961073,0.8455851747819595,0.7824231291514221,0.7561076681523891,0.678994888412819,0.5140144699881859,0.41018863963790264,0.37058682387230046,0.3433775820956806,0.8351290208974166
0.086,3.7289351919395863,0.8463365357332867,0.9600093619278915,0.9787809383995946,0.99455310170611,0.9842464649768351,0.9747305518904844,0.9286814794206649,0.8789729962244329,0.8490018646482678,0.7863460130700962,0.7602148642548703,0.6834264257062582,0.5183803182962234,0.41411564401420276,0.3742760672457648,0.3468083351591452,0.8377033890529865
0.087,3.7633203715860426,0.8497353348475282,0.9614413840141111,0.9796485480213669,0.9948406531796748,0.9849391273413095,0.9757609931237399,0.9308468066876824,0.8819559724826169,0.8523216600741694,0.7901742522089749,0.7642281090248524,0.687770367937249,0.5226816797766337,0.4179946111197762,0.37792389699298057,0.3502019448152901,0.8402074357276073
0.088,3.7975423304430374,0.8530374739439965,0.9628127638188542,0.9804752925253418,0.9951113968430556,0.9855971327914681,0.976742998511709,0.9329326555460845,0.8848466354560608,0.8555479102488964,0.7939107051454093,0.7681501153210484,0.6920289614802984,0.5269198636940196,0.42182638475662804,0.3815309844271564,0.3535590103185048,0.8426437964840633
0.089,3.831602227932123,0.8562463080743039,0.9641264818495999,0.981263363176287,0.9953664139709185,0.9862224346438523,0.9776791543069268,0.9349424529022834,0.8876484218427594,0.8586838274412639,0.7975581259216007,0.7719835005135174,0.6962043811445622,0.5310961451500581,0.4256117889563181,0.3850979861671795,0.3568801174905962,0.8450149825994321
0.09,3.8655012125196846,0.8593650548031628,0.9653853508803165,0.9820148184675724,0.9956067095071484,0.9868168629677172,0.9785718914842831,0.9368794554841648,0.8903646186455336,0.8617324934618322,0.8011191685625165,0.7757307904783093,0.7002987329095384,0.5352117661541791,0.42935162854375153,0.3886255445394752,0.3601658391110305,0.8473233880886671
0.091,3.8992404218460326,0.8623968006711836,0.9665920266284616,0.9827315931560756,0.995833217970482,0.9873821332503202,0.9794234961352196,0.9387467594112041,0.8929983706235668,0.8646968657812342,0.8045963913683651,0.779394423398611,0.7043140565404886,0.5392679366583586,0.4330466896849018,0.39211428796836023,0.36341673529415985,0.8495712962676475
0.092,3.9328209828526646,0.8653445073196255,0.9677490176728039,0.9834155066110253,0.9960468088596911,0.987919854386504,0.9802361190925648,0.9405473091651908,0.8955526873299201,0.8675797833247405,0.8079922609942631,0.7829767533829012,0.7082523280892796,0.5432658355569178,0.43669774041857534,0.3955648313550181,0.3666333538538079,0.8517608858899165
0.093,3.9662440119077402,0.8682110172960343,0.9688586946715758,0.9840682705344879,0.9962482916047143,0.9884315360506901,0.9810117848484355,0.9422839060026357,0.8980304497600243,0.8703839719618994,0.8113091563289766,0.786480053909996,0.7121154622860874,0.5472066116522638,0.4403055311724019,0.39897777644527177,0.3698162306555848,0.8538942368884943
0.094,3.999510614929797,0.8709990595586434,0.9699232989353919,0.9846914961058709,0.9964384201054445,0.9889185955039178,0.981752399822121,0.9439592158469134,0.9004344166345596,0.8731120497089194,0.8145493721838845,0.7899065211103126,0.7159053148271628,0.5510913845875429,0.4438707952632762,0.40235371218634375,0.3729658899573157,0.8559733357515856
0.095,4.032621887509728,0.8737112546963859,0.9709449504047634,0.9852867005980218,0.9966178968956958,0.9893823638836541,0.9824597600298978,0.9455757766954112,0.9027672303386534,0.8757665316603755,0.8177151228026434,0.7932582768921178,0.7196236845636106,0.5549212457471813,0.44739424938251937,0.40569321507283795,0.3760828447379658,0.8580000805586572
0.096,4.065578915031056,0.8763501198804118,0.9719256550778471,0.9858553135081803,0.9967873769661509,0.9898240920196814,0.9831355582042055,0.9471360055743835,0.9050314225379401,0.8783498346657914,0.8208085452013951,0.796537371921038,0.7232723155959029,0.5586972591263208,0.4508765940660705,0.4089968494821693,0.3791675970154379,0.8599762857012344
0.097,4.098382772788536,0.8789180735620827,0.9728673119302547,0.9863986822431577,0.996947471276765,0.9902449558153973,0.9837813904055295,0.9486422050718349,0.9072294194907204,0.8808642817656949,0.8238317023487706,0.799745788460609,0.7268528992786174,0.5624204621701323,0.45431851415003843,0.4122651679997077,0.38222063815362406,0.8619036863108112
0.098,4.1310345261051005,0.8814174399315543,0.9737717193652806,0.9869180773946021,0.9970987499861379,0.9906460612302899,0.9843987621666241,0.9500965694765624,0.909363547074242,0.8833121064008427,0.8267865861943803,0.8028854430812105,0.7303670761396812,0.5660918665840076,0.4577206792119545,0.4154987117338904,0.3852424491590807,0.8637839424145032
0.099,4.163535230447185,0.8838504531502398,0.9746405812297477,0.987414697637042,0.9972417454227109,0.9910284488961241,0.9849890942053454,0.951501190549463,0.9114360355419877,0.8856954564074728,0.8296751205539712,0.8059581892442913,0.7338164377181791,0.5697124591156051,0.46108374399810437,0.4186980106215794,0.3882335009676888,0.8656186428374539
0.1,4.195885931538462,0.8862192613696707,0.9754755124277861,0.9878896742785387,0.9973769548202679,0.9913930983964753,0.9855537277393006,0.9528580629513406,0.9134490240277838,0.8880163978106486,0.8324991638589354,0.8089658197684065,0.737202528324598,0.5732832023097217,0.46440834883730386,0.4218635837239342,0.39119425472166125,0.8674093088695171
0.101,4.228087665471987,0.8885259305485464,0.9762780441622402,0.9883440754911846,0.997504842838093,0.991740932236616,0.9860939294327437,0.9541690893497147,0.9154045648115512,0.8902769184270315,0.835260511777403,0.8119100691831985,0.7405268467271733,0.576805035236934,0.4676951200414995,0.42499593951307957,0.39412516203724235,0.8691573977123903
0.102,4.260141458820827,0.8907724480790772,0.977049628831002,0.988778910246344,0.9976258438842268,0.9920728195283958,0.9866108960036142,0.9554360852255411,0.9173046273605874,0.8924789312877186,0.8379608997137239,0.8147926159771164,0.7437908477678323,0.5802788741969425,0.47094467029358067,0.42809557614983773,0.39702666526343455,0.8708643057221379
0.103,4.292048328747136,0.8929607262330731,0.9777916446033798,0.9891951319774019,0.9977403642585451,0.9923895794126072,0.9871057585163162,0.9566607833992723,0.9191511021593978,0.8946242778911453,0.8406020051927446,0.8176150847443293,0.7469959439110448,0.5837056133975262,0.47415759902278953,0.4311629817528084,0.39989919773208893,0.8725313714609044
0.104,4.323809283109757,0.8950926054376283,0.9785053996996145,0.9895936419908662,0.9978487841308432,0.992691984239387,0.9875795863837343,0.9578448382943208,0.9209458043402795,0.8967147312954378,0.8431854501349083,0.8203790482359783,0.7501435067287272,0.5870861256099893,0.47733449276809803,0.4341986346590603,0.40274318399967146,0.8741598785705769
0.105,4.355425320570342,0.8971698573896728,0.9791921363948358,0.989975292644912,0.997951459367721,0.9929807625254485,0.9880333911000732,0.9589898299547281,0.9226904771261024,0.8987519990590487,0.8457128030278596,0.823086029320625,0.7532348683241941,0.590421262801956,0.4804759255299468,0.4372030036767032,0.40555904008101296,0.8757510584802094
0.106,4.386897430698028,0.8991941880181271,0.9798530347670692,0.9903408903128739,0.9980487232208098,0.9932566017053386,0.9884681297243633,0.96009726783267,0.9243867950960207,0.9007377260379655,0.848185580999905,0.8257375028584797,0.7562713226979911,0.5937118567483568,0.48358245911070896,0.44017654832960995,0.4083471736753497,0.8773060929581452
0.107,4.418226594072673,0.9011672403018811,0.980489216207389,0.9906911981477408,0.9981408878877572,0.9935201506924682,0.9888847081328833,0.9611685943603474,0.9260363672841819,0.9026734970472944,0.8506052518003698,0.8283348974937312,0.7592541270583026,0.5969587196213993,0.4866546434442469,0.44311971909453696,0.41110798438493,0.8788261165189611
0.108,4.449413782386707,0.9030905969513545,0.9811017467089044,0.9910269386623979,0.9982282459563662,0.9937720222643492,0.989283984057295,0.9622051883198125,0.9276407401208844,0.904560839394556,0.8529732356916051,0.8308795973690604,0.7621845030784972,0.6001626445603165,0.4896930169149306,0.44603295763090023,0.4138418639264728,0.8803122186946325
0.109,4.480459958545592,0.9049657829609326,0.9816916399499878,0.9913487961391586,0.9983110717413655,0.994012795285274,0.9896667699239581,0.9632083680233506,0.9292014002250472,0.9064012252915944,0.8552909072571315,0.8333729437661972,0.7650636381042373,0.6033244062216404,0.49269810666645764,0.44891669700345316,0.41654919633574605,0.8817654461786293
0.11,4.511366076766918,0.9067942680391612,0.9822598601859794,0.9916574188810394,0.9983896225224542,0.9942430167785837,0.9900338355086793,0.9641793943161794,0.9307197770563223,0.9081960741515922,0.8575595971301437,0.8358162366761603,0.7678926863124611,0.6064447613107321,0.49567042890082746,0.4517713618981024,0.4192303581655147,0.8831868048510308
0.111,4.54213308267817,0.9085774689231841,0.9828073249625215,0.9919534213162355,0.9984641396915144,0.9944632038596842,0.9903859104200359,0.9651194734124302,0.9321972454346621,0.909946754777309,0.8597805936463697,0.8382107363026221,0.7706727698244286,0.6095244490952709,0.4986104891678045,0.454597368831097,0.4218857186771151,0.8845772616921754
0.112,4.572761913413174,0.9103167515835341,0.9833349076626885,0.992237385966343,0.9985348498161994,0.9946738455400612,0.9907236864233943,0.966029759574641,0.9336351279346917,0.9116545874462958,0.8619551444250513,0.8405576645016534,0.7734049797749135,0.6125641919013813,0.5015187826451935,0.45739512635181545,0.42451564002589337,0.8859377465918213
0.113,4.603253497707245,0.9120134333250368,0.9838434398991697,0.9925098652880461,0.9986019656264891,0.9948754044117237,0.9910478196168168,0.9669113576462983,0.9350346971617813,0.9133208458985076,0.864084457881602,0.8428582061609217,0.7760903773395149,0.6155646955930452,0.5043957944102428,0.46016503523936947,0.4271204774407239,0.8872691540603167
0.114,4.633608755991059,0.913668784789267,0.9843337137619249,0.9927713833972269,0.9986656869302419,0.9950683182207545,0.9913589324691883,0.9677653254463404,0.9363971779163073,0.9149467592314251,0.8661697046753049,0.8451135105212566,0.7787299947219728,0.6185266500354349,0.5072419997024886,0.4629074886932373,0.4297005793978512,0.8885723448478194
0.115,4.6638286004832725,0.9152840318636761,0.9848064839309679,0.993022437683761,0.9987262014632645,0.9952530013379569,0.9916576157301129,0.9685926760339345,0.9377237492521999,0.9165335137074955,0.8682120190952233,0.8473246924433301,0.7813248361032682,0.6214507295427674,0.5100578641783317,0.4656228725181336,0.4322562877892452,0.8898481474771901
0.116,4.693913935281899,0.9168603575022259,0.9852624696632236,0.9932635003246252,0.9987836856789538,0.9954298461339615,0.9919444302204122,0.9693943798512992,0.939015546435508,0.9180822544784325,0.8702125003873278,0.8494928336220615,0.7838758785542037,0.624337593311259,0.5128438441576404,0.4683115653033083,0.4347879380856867,0.8910973596957984
0.117,4.723865656454478,0.918398903462094,0.9857023566617554,0.993495019702363,0.9988383054821495,0.99559922426558,0.9922199085113907,0.9701713667518335,0.9402736628083799,0.9195940872306537,0.8721722140256767,0.8516189837512096,0.786384072913082,0.6271878858377471,0.5156003868626522,0.4709739385964753,0.4372958594947707,0.8923207498511305
0.118,4.753684652127031,0.9199007719607498,0.9861267988350616,0.9937174217354178,0.9988902169114472,0.9957614878796707,0.9924845565004295,0.9709245279203387,0.9414991515635314,0.9210700797558938,0.8740921929303342,0.8537041616404903,0.7888503446300096,0.6300022373245033,0.5183279306494506,0.47361035707254806,0.4397803751140198,0.8935190581947463
0.119,4.78337180257185,0.9213670272574719,0.9865364199535849,0.9939311111263535,0.9989395667738761,0.9959169707402957,0.9927388548899112,0.9716547176916837,0.9426930274339825,0.9225112634508,0.8759734386345679,0.8557493562874319,0.7912755945792882,0.6327812640707715,0.5210269052322731,0.4762211786973668,0.44224180207928654,0.894692998118841
0.12,4.812927980294118,0.922798697163137,0.9869318152100721,0.9941364725335329,0.9989864932355259,0.9960659892845106,0.9929832605759596,0.972362755273852,0.9438562683025582,0.923918634749106,0.8778169224037269,0.8577555279060617,0.793660699841277,0.6355255688515095,0.5236977319009016,0.47880675488658675,0.4446804517086126,0.8958432573293789
0.121,4.842354050117389,0.9241967744819108,0.9873135526899524,0.9943338716714111,0.9990311263714153,0.9962088436117215,0.9932182079530117,0.9730494263809325,0.9449898167353912,0.9252931564897784,0.8796235863080815,0.8597236089144167,0.796006514455047,0.6382357412838211,0.5263408237313808,0.48136743065989296,0.4470966296417168,0.8969704989595015
0.122,4.871650869267935,0.9255622183882626,0.9876821747574642,0.9945236563442207,0.9990735886776336,0.9963458184111732,0.9934441101397958,0.9737154847812575,0.9460945814434194,0.9266357592243426,0.8813943442517765,0.8616545048827585,0.798313870143084,0.6409123581815355,0.5289565857902971,0.4839035447907081,0.4494906359752686,0.8980753626266803
0.123,4.900819287457998,0.9268959557425362,0.988038199362868,0.9947061574174757,0.9991139955485391,0.9964771838317918,0.9936613601318947,0.9743616537655664,0.9471714386756362,0.9279473424664115,0.8831300829599427,0.8635490954442798,0.8005835770092298,0.6435559838983662,0.53154541533284,0.48641542995153886,0.4518627653940973,0.8991584654368465
0.124,4.92986014696793,0.9281988823481396,0.988382121275704,0.9948816897314005,0.9991524557215826,0.9966031962982906,0.9938703318856956,0.9749886275397643,0.9482212335476432,0.9292287758862857,0.8848316629259025,0.865408235170002,0.802816424211005,0.6461671706600781,0.5341077019948712,0.48890341285511785,0.45421330729848697,0.9002204029385311
0.125,4.958774282727274,0.9294718641532411,0.9887144132487191,0.9950505529600925,0.9991890716921169,0.996724099277159,0.9940713813381941,0.9755970725465595,0.949244781308846,0.9304809004533249,0.8864999193203054,0.8672327544094688,0.8050131806073915,0.648746458886065,0.5366438279792001,0.4913678143914809,0.4565425459276943,0.9012617500298539
0.126,4.987562522394776,0.930715738399708,0.9890355271167651,0.9952130324199566,0.9992239401003701,0.996840123995892,0.9942648473667947,0.9761876287199955,0.9502428685514502,0.931704529528651,0.8881356628639345,0.8690234600987682,0.8071745953831109,0.6512943775007267,0.5391541682362814,0.493808949761118,0.4588507604798272,0.9022830618210104
0.127,5.016225686437365,0.9319313147218715,0.9893458948346817,0.9953693998306937,0.9992571520925918,0.99695149011857,0.9944510526929693,0.9767609106766495,0.9512162543642294,0.9329004499106017,0.8897396806658335,0.8707811365373296,0.8093013986503739,0.6538114442350162,0.5416390906395123,0.49622712860433105,0.461138225228209,0.903284874454752
0.128,5.044764588208093,0.9331193761975669,0.9896459294579031,0.9955199140318982,0.9992887936582233,0.9970584063806772,0.994630304733357,0.9773175088470312,0.9521656714338774,0.934069422835224,0.8913127370283237,0.872506546134878,0.8113943020290467,0.6562981659185179,0.5440989561553325,0.4986226551269277,0.46340520963435805,0.9042677058871874
0.129,5.073180034023072,0.9342806803537633,0.989936026069279,0.9956648216581004,0.9993189459448019,0.9971610711858344,0.9948028964016434,0.9778579905505033,0.9530918270965955,0.9352121849339732,0.8928555742203977,0.8742004301298545,0.8134539992061184,0.6587550387624015,0.5465341190082952,0.5009958282223769,0.4656519784576991,0.9052320566310937
0.13,5.101472823237411,0.9354159601289745,0.9902165626553646,0.9958043577748957,0.9993476855521787,0.9972596731669388,0.9949691068643296,0.9783829010168431,0.9539954043424164,0.936329449150669,0.8943689132209014,0.8758635092805458,0.8154811664753225,0.6611825486335772,0.5489449268412896,0.5033469415905358,0.46787879186211634,0.906178410463791
0.131,5.129643748320173,0.9365259247945286,0.9904879009352218,0.9959387464786165,0.999375084807508,0.9973543917140173,0.9951292022532813,0.9788927643573733,0.9548770627746348,0.9374219056196521,0.8958534544328481,0.8774964845301099,0.8174764632577283,0.6635811713203714,0.5513317208710775,0.5056762838530746,0.4700859055194683,0.9071072351015032
0.132,5.157693594928368,0.9376112608366589,0.990750387144569,0.9960682014618344,0.9994012120223585,0.9974453974709464,0.995283436337759,0.9793880844884172,0.9557374395265762,0.9384902225069786,0.8973098783701374,0.8791000376466226,0.8194405326040675,0.6659513727900306,0.5536948360393079,0.5079841386657029,0.47227357071015874,0.9080189828420189
0.133,5.185623141979986,0.9386726328012837,0.9910043527779357,0.9961929265468249,0.9994261317331905,0.9975328528030332,0.9954320511584409,0.9798693460096651,0.9565771501378187,0.9395350468163963,0.8987388463178914,0.8806748318392149,0.8213740016795417,0.6682936094383374,0.5560346011591606,0.5102707848273016,0.4744420344208723,0.9089140911773468
0.134,5.2134331617261065,0.9397106841032319,0.9912501152913012,0.9963131161889806,0.9994499049263563,0.9976169122373186,0.9955752776257851,0.9803370150398883,0.9573967893918653,0.940557005161757,0.900141000967561,0.8822215123513226,0.8232774822318102,0.6706083283316273,0.5583513390577717,0.5125364963860665,0.4765915394395692,0.9097929833779661
0.135,5.241124419822064,0.9407260378015968,0.9914879787675391,0.9964289559520231,0.9994725892486909,0.9976977228773324,0.9957133360849182,0.9807915400122902,0.9581969321171556,0.941556704507428,0.9015169670278954,0.8837407070320181,0.8251515710428341,0.6728959674414707,0.5606453667145814,0.514781542742764,0.47872232444783214,0.9106560690501738
0.136,5.2686976753977275,0.9417192973427959,0.9917182345468374,0.9965406229567451,0.99949423920468,0.9977754247939116,0.995846436849092,0.9812333524316502,0.9589781339532049,0.9425347328781907,0.9028673518128192,0.8852330268863464,0.8269968503652145,0.6751569558722781,0.5629169953957385,0.5170061887511835,0.4808346241106569,0.9115037446679399
0.137,5.296153681126861,0.9426910472728466,0.991941161824128,0.9966482863048911,0.9995149063411266,0.9978501513935832,0.9959747807036171,0.9816628675952911,0.9597409320835623,0.9434916600400342,0.904192745807207,0.88669906660555,0.828813888343642,0.6773917140820831,0.5651665307847076,0.5192106948158919,0.48292866916377,0.9123363940806045
0.138,5.323493183295615,0.9436418539202811,0.9921570282154278,0.9967521074796839,0.9995346394201619,0.9979220297659117,0.9960985593820525,0.9820804852797791,0.9604858459371878,0.9444280381531811,0.9054937232114993,0.8881394050780158,0.8306032394220407,0.6796006540967318,0.567394273109185,0.5213953169873631,0.4850046864985573,0.9131543889976609
0.139,5.3507169218701485,0.9445722660510564,0.9923660902948754,0.9968522407244039,0.9995534845813887,0.9979911810111137,0.9962179560163178,0.9824865903951597,0.9612133778597663,0.9453444023986156,0.9067708424660598,0.8895546058817473,0.8323654447369652,0.6817841797177185,0.5696005172644689,0.5235603070545798,0.48706289924468604,0.9139580894518159
0.14,5.377825630563382,0.945482815496744,0.9925685941041333,0.9969488334003329,0.9995714854938911,0.9980577205491596,0.9963331455622834,0.9828815536084243,0.9619240137563926,0.9462412715793156,0.908024646756126,0.8909452177591216,0.8341010324977883,0.6839426867238789,0.5717855529333844,0.5257059126351792,0.4891035268504912,0.9147478442414249
0.141,5.404820036900913,0.9463740177572183,0.992764775635723,0.9970420263252927,0.9995886834987855,0.9981217584114956,0.9964442952022947,0.9832657319378084,0.9626182237069882,0.9471191486973372,0.909255664498174,0.8923117750746592,0.8358105183541881,0.686076563067158,0.5739496647028877,0.5278323772632285,0.4911267851612039,0.9155239913533603
0.142,5.431700862286116,0.9472463725790046,0.9929548612917621,0.9971319540939259,0.9996051177429445,0.9981833995164484,0.9965515647259926,0.983639469319429,0.9632964625557409,0.9479785215078345,0.9104644098084669,0.8936547982564979,0.8374944057514233,0.6881861890626548,0.5760931321774541,0.529939940474699,0.49313288649509135,0.9162868583672956
0.143,5.458468822064382,0.948100364510383,0.9931390683194841,0.9972187453807954,0.9996208253044785,0.9982427439293018,0.996655106890704,0.9840030971476853,0.9639591704757856,0.9488198630510499,0.9116513829545341,0.894974794222233,0.8391531862738648,0.6902719375731379,0.578216230089358,0.5320288378907176,0.49512203971757773,0.9170367628423384
0.144,5.485124625586592,0.9489364634342973,0.9933176052248308,0.9973025232273058,0.9996358413105182,0.9982998871079708,0.9967550677625975,0.9843569347907641,0.9646067735102875,0.9496436321632549,0.9128170707902813,0.8962722567897533,0.8407873399772303,0.6923341741882203,0.5803192284059421,0.5340993012986608,0.4970944503134035,0.9177740126868897
0.145,5.511668976271777,0.9497551250800609,0.9934906721653382,0.9973834053133923,0.9996501990478037,0.9983549201351387,0.9968515870397202,0.9847012900825196,0.9652396840910267,0.9504502739675738,0.9139619471754086,0.8975476670736771,0.8423973357099506,0.6943732573983759,0.5824023924339802,0.5361515587311612,0.4990503204569031,0.9184989065125653
0.146,5.538102571668985,0.9505567915148033,0.9936584613234517,0.9974615042148556,0.9996639300665497,0.998407929937665,0.9969447983579655,0.98503645979192,0.9658583015355241,0.9512402203455796,0.9150864733797754,0.8988014938679599,0.8439836314240728,0.6963895387639694,0.5844659829212213,0.538185834543093,0.5009898490804388,0.919211733972955
0.147,5.56442610351839,0.9513418916155563,0.9938211572613493,0.9975369276471725,0.9996770642780244,0.9984589994940218,0.997034829580952,0.985362730071197,0.9664630125237014,0.9520138903905047,0.9161910984733269,0.9000341940152272,0.8455466744761004,0.6983833630794678,0.5865102561552102,0.5402023494865934,0.5029132319410716,0.9199127760879703
0.148,5.590640257811635,0.952110841522832,0.9939789372582757,0.9976097786965565,0.9996896300462486,0.9985082080304659,0.997121803074735,0.9856803768837606,0.9670541915550106,0.9527716908428665,0.9172762597021642,0.9012462127633514,0.8470869019181362,0.7003550685329927,0.5885354640594684,0.542201320784189,0.5048206616855073,0.9206023055544714
0.149,5.616745714851417,0.9528640450765075,0.9941319716313387,0.9976801560389934,0.9997016542741938,0.9985556312066087,0.997205835968214,0.985989666412892,0.9676322013869273,0.9535140165092783,0.9183423828513196,0.9024379841097799,0.8486047407796931,0.7023049868613703,0.5905418542871229,0.5441829622000771,0.5067123279133829,0.9212805870438451
0.15,5.642743149310345,0.9536018942347854,0.99428042404066,0.9977481541479366,0.9997131624848321,0.9986013412910075,0.9972870404000472,0.986290855452166,0.968197393455652,0.9542412506651643,0.9193898825947656,0.9036099311340873,0.8501006083405167,0.7042334435008263,0.5925296703120605,0.5461474841096232,0.5085884172389392,0.9219478774871477
0.151,5.668633230289057,0.9543247694769699,0.994424451779718,0.9978138634912999,0.999724178897366,0.9986454073273546,0.9973655237528325,0.986584191778508,0.9687501082798258,0.954953765442079,0.9204191628331695,0.9047624663192158,0.8515749123947469,0.7061407577334697,0.5944991515176894,0.5480950935671278,0.510449113351134,0.9226044263484214
0.152,5.694416621373627,0.9550330401907537,0.9945642060516747,0.9978773707183488,0.9997347264989453,0.9986878952918143,0.9974413888752699,0.9868699145087348,0.9692906758480228,0.9556519222002845,0.9214306170198783,0.9058959918618357,0.853028051506737,0.7080272428297008,0.5964505332833796,0.5500259943719124,0.5122945970722401,0.9232504758867285
0.153,5.720093980692256,0.955727065044687,0.9946998322324286,0.9979387588370553,0.9997448271121557,0.9987288682420146,0.9975147342929771,0.9871482544403914,0.9698194159907465,0.9563360718872166,0.9224246284755989,0.907010899972249,0.8544604152588313,0.7098932061866812,0.5983840470686574,0.5519403871327793,0.5141250464149785,0.9238862614074461
0.154,5.745665960971272,0.9564071923464601,0.9948314701210975,0.9979981073824442,0.9997545014585455,0.9987683864581745,0.9975856544085858,0.9874194343776428,0.9703366387376201,0.957006555382437,0.9234015706922177,0.9081075731642357,0.8558723844913944,0.7117389494629877,0.6002999204952217,0.5538384693308906,0.5159406366382275,0.9245120115033207
0.155,5.7711332095904435,0.957073760387606,0.9949592541785885,0.9980554925764314,0.9997637692184388,0.9988065075768155,0.9976542396917151,0.9876836694429485,0.9708426446604268,0.9576637038296427,0.9243618076261826,0.9091863845352243,0.8572643315353671,0.7135647687095775,0.6021983774268531,0.5557204353811149,0.5177415403013552,0.9251279482857547
0.156,5.7964963686376025,0.9577270977751992,0.9950833137548799,0.99811098747962,0.999772649087268,0.9988432867174805,0.9977205768593744,0.9879411673752021,0.9713377252026255,0.9583078389562756,0.9253056939818548,0.9102476980371553,0.8586366204376201,0.7153709544971802,0.6040796380472762,0.5575864766918843,0.5195279273172132,0.9257342876067866
0.157,5.821756074962612,0.9583675237510983,0.9952037733056015,0.9981646621354955,0.9997811588286399,0.9988787766028513,0.9977847490473245,0.9881921288149855,0.9718221629959349,0.9589392733812501,0.926233575485218,0.9112918687383902,0.8599896071793588,0.7171577920402326,0.6059439189360398,0.5594367817236106,0.5212999650038326,0.9263312392721812
0.158,5.846912960230665,0.9589953484992593,0.9953207525984654,0.9982165837074336,0.9997893153243393,0.998913027672643,0.9978468359728849,0.988436747577553,0.9722962321645513,0.9595583109112945,0.927145789148316,0.9123192430769972,0.8613236398878266,0.7189255613174652,0.6077914331424792,0.5612715360456978,0.5230578181348653,0.9269190072460448
0.159,5.871967650974949,0.9596108734416138,0.9954343669100728,0.9982668166089117,0.9997971346214579,0.9989460881916188,0.9979069140896552,0.9886752109141264,0.9727601986175387,0.9601652468263764,0.9280426635247744,0.9133301591057428,0.8626390590415421,0.7206745371892472,0.6096223902578103,0.5630909223921955,0.524801648988799,0.9274977898473471
0.16,5.896920768648649,0.960214391522994,0.9955447272135867,0.9983154226272879,0.9998046319768252,0.998978004352055,0.9979650567345836,0.9889076997620556,0.9732143203299023,0.9607603681546624,0.9289245189567453,0.9143249467290918,0.863936197669299,0.7224049895117903,0.61143699648542,0.564895120716127,0.5265316173969916,0.9280677799387156
0.161,5.921772929676332,0.9608061874855532,0.995651940357737,0.9983624610414964,0.9998118218989067,0.9990088203709659,0.9980213342677968,0.9891343889843671,0.9736588476128348,0.9613439539374417,0.9297916678136029,0.9153039279325154,0.8652153815431427,0.7241171832483122,0.6132354547094043,0.5666843082425391,0.5282478807905534,0.9286291651078485
0.162,5.946524745504711,0.961386538133119,0.9957561092375988,0.9984079887339812,0.9998187181873215,0.9990385785823761,0.9980758142055759,0.9893554475991964,0.9740940233735977,0.9619162754844232,0.9306444147226991,0.916267417004388,0.8664769293655367,0.7258113785772528,0.6150179645614049,0.5684586595203024,0.5299505942461136,0.929182127841879
0.163,5.971176822652788,0.9619557125858902,0.9958573329575567,0.9984520602971765,0.9998253339701269,0.9990673195249135,0.9981285613468445,0.9895710389995769,0.9745200833654819,0.9624775966197976,0.9314830567924786,0.9172157207507472,0.8677211529509162,0.7274878309976349,0.6167847224857962,0.5702183464726989,0.5316399105304997,0.9297268456950001
0.164,5.995729762761395,0.9625139725258739,0.9959557069868501,0.9984947281348225,0.9998316817390009,0.9990950820249808,0.9981796378935117,0.9897813211640331,0.9749372564282689,0.9630281739194375,0.9323078838282398,0.9181491387031746,0.8689483574018242,0.7291467914316585,0.6185359218032722,0.5719635384468351,0.5333159801443694,0.9302634914496506
0.165,6.020184162642141,0.9630615724334379,0.9960513233080667,0.9985360425583873,0.9998377733824527,0.9991219032757442,0.9982291035649966,0.9899864468584002,0.9753457647195941,0.9635682569395934,0.9331191785408158,0.9190679633200491,0.8701588412798141,0.7307885063246118,0.62027175277288,0.5736944022619115,0.5349789513648135,0.9307922332715414
0.166,6.0445406143257685,0.9635987598153406,0.9961442705589396,0.9985760518788533,0.9998436202171759,0.9991478189121688,0.9982770157072357,0.9901865638292753,0.9757458239375961,0.9640980884374264,0.9339172167484359,0.9199724801814123,0.8713528967712986,0.732413217742184,0.6219924026525436,0.5754111022563776,0.53662897028697,0.9313132348587957
0.167,6.068799705109927,0.9641257754245792,0.996234634167775,0.9986148024941092,0.9998492330176567,0.9991728630823122,0.9983234293964658,0.990381814989482,0.9761376435352164,0.9646179045837028,0.9347022675720217,0.9208629681776747,0.8725308098485147,0.7340211634652569,0.6236980557581266,0.577113800334009,0.5382661808646689,0.9318266555854534
0.168,6.092962017606384,0.9646428534723869,0.9963224964828272,0.9986523389721761,0.9998546220441415,0.9991970685150807,0.9983683975380516,0.9905723385959126,0.9765214269264987,0.9651279351679625,0.9354745936241582,0.9217396996923836,0.8736928604257699,0.7356125770822504,0.6253888935210692,0.5788026560089325,0.5398907249501437,0.9323326506395865
0.169,6.117028129787658,0.9651502218326924,0.9964079368959153,0.9986887041304839,0.9998597970690595,0.999220466584634,0.9984119709606161,0.9907582684200927,0.9768973716852205,0.9656284037964593,0.9362344511919706,0.9226029407792664,0.8748393225111293,0.7371876880791005,0.6270650945446484,0.5804778264496286,0.5415027423328252,0.9328313711562559
0.17,6.140998615033114,0.9656481022393402,0.9964910319605661,0.9987239391114007,0.9998647674019903,0.9992430873716208,0.998454198505715,0.9909397339117973,0.9772656697361737,0.966119528083158,0.9369820904141289,0.9234529513337492,0.8759704643536939,0.7387467219269356,0.6287268346588945,0.5821394665219426,0.5431023707772547,0.9333229643455282
0.171,6.164874042174489,0.9661367104763608,0.996571855504944,0.9987580834542076,0.9998695419132657,0.9992649597214112,0.9984951271132857,0.9911168603560295,0.9776265075393964,0.9666015198340583,0.9377177554521947,0.9242899852591487,0.8770865485866197,0.7402899001675229,0.6303742869742062,0.5837877288311254,0.5446897460601294,0.9338075736157655
0.172,6.188654975540897,0.9666162565615628,0.9966504787398255,0.9987911751637013,0.9998741290562815,0.9992861112994861,0.9985348019030844,0.9912897690236601,0.9779800662676463,0.96707458522511,0.9384416846565118,0.9251142906277232,0.8781878323660158,0.7418174404965512,0.6320076219337001,0.5854227637629386,0.5462650020065158,0.9342853386923838
0.173,6.212341975003292,0.9670869449237098,0.9967269703618523,0.9988232507755945,0.9998785368885961,0.9993065686441334,0.9985732662523188,0.9914585773160081,0.9783265219773911,0.967538924973965,0.939154110726838,0.9259261098367635,0.8792745675058579,0.7433295568448129,0.6336270073643301,0.5870447195238395,0.5478282705252441,0.9347563957322733
0.174,6.235935596018397,0.9675489745735341,0.996801396652292,0.9988543454188772,0.9998827730918863,0.999326357216591,0.9986105618696657,0.9916233989036342,0.9786660457735783,0.9679947345058064,0.9398552608679075,0.9267256797598964,0.8803470006090514,0.7448264594573479,0.6352326085268108,0.5886537421802803,0.549379681643511,0.9352208774340598
0.175,6.259436389672131,0.9680025392688238,0.9968738215715185,0.998884492875292,0.9998868449908264,0.9993455014487727,0.9986467288658598,0.9917843438595979,0.9789988039684377,0.9684422041134835,0.9405453569401012,0.9275132318937669,0.8814053731947644,0.74630835497061,0.6368245881643815,0.5902499756971379,0.5509193635407112,0.9356789131443818
0.176,6.282844902722513,0.9684478276738178,0.996944306849418,0.9989137256360678,0.999890759570951,0.9993640247886987,0.9986818058210227,0.9919415187874261,0.9793249582345567,0.9688815191121687,0.9412246156054017,0.9282889925002593,0.8824499218221568,0.7477754464877108,0.6384031065504376,0.5918335619753001,0.5524474425815202,0.9361306289603463
0.177,6.306161677642065,0.968885023513123,0.9970129120719101,0.9989420749560498,0.9998945234955628,0.9993819497437549,0.9987158298488973,0.9920950269440213,0.9796446657524565,0.9693128599887493,0.9418932484687974,0.9290531827444096,0.8834808782106185,0.7492279336518017,0.6399683215350676,0.5934046408884337,0.5539640433482439,0.9365761478283207
0.178,6.329387252659713,0.9693143057203691,0.997079694763769,0.9989695709053541,0.9998981431217366,0.9993992979218879,0.9987488366581412,0.9922449683577319,0.9799580793528925,0.9697364025461508,0.9425514622152964,0.9298060188281588,0.884498469356633,0.750666012717643,0.6415203885905194,0.5949633503189485,0.5554692886724597,0.9370155896392109
0.179,6.352522161802213,0.9697358485817977,0.9971447104679177,0.9989962424186706,0.999901624515473,0.9994160900708452,0.9987808606108254,0.9923914399417931,0.9802653476540844,0.9701523180427866,0.9431994587427033,0.9305477121200864,0.8855029176473714,0.7520898766214157,0.6430594608556297,0.5965098261931874,0.5569632996659661,0.9374490713203688
0.18,6.375566934935065,0.9701498218749828,0.9972080128213586,0.9990221173423304,0.999904973466049,0.9994323461155601,0.998811934778276,0.9925345356033387,0.9805666151940805,0.970560773327316,0.9438374352903083,0.9312784692812626,0.8864944409711224,0.7534997150488246,0.6445856891792434,0.5980442025158523,0.5584461957510567,0.9378767069242633
0.181,6.3985220978029815,0.9705563910028644,0.9972696536278982,0.9990472224792464,0.9999081954996115,0.999448085193774,0.9988420909943903,0.992674346348175,0.9808620225584459,0.9709619309688885,0.9444655845636284,0.9319984923873514,0.8874732528246607,0.7548957145015432,0.6460992221626505,0.5995666114037002,0.5599180946901419,0.9382986077140499
0.182,6.421388172069857,0.9709557171232739,0.9973296829278133,0.9990715836318329,0.9999112958920566,0.9994633256899889,0.9988713599065502,0.9928109603814967,0.9811517065034587,0.9713559493830416,0.9450840948553376,0.9327079790470868,0.8884395624176482,0.7562780583620455,0.6476002062010653,0.6010771831185096,0.561379112614728,0.9387148822461561
0.183,6.444165675358295,0.9713479572741196,0.9973881490645993,0.9990952256430008,0.9999142796812326,0.999478085267831,0.9988997710242521,0.9929444632047207,0.9814358000749918,0.9717429829534151,0.9456931501625191,0.9334071225172488,0.8893935747741627,0.7576469269568722,0.64908878552418,0.6025760460993532,0.5628293640537794,0.9391256364500082
0.184,6.46685512128866,0.9717332644943963,0.997445098748935,0.9991181724353232,0.999917151678507,0.9994923809009088,0.9989273527655617,0.9930749377085984,0.9817144327232443,0.9721231821494372,0.9462929303003632,0.9340961118142522,0.8903354908314461,0.7590024976183755,0.6505651022358071,0.6040633269941849,0.5642689619614693,0.9395309737050086
0.185,6.489457019517685,0.9721117879411737,0.9975005771199912,0.9991404470484602,0.9999199164797322,0.9995062289022384,0.9989541325015013,0.9932024642627686,0.9819877304134886,0.9724966936401302,0.946883611012433,0.9347751318224637,0.8912655075359557,0.7603449447449815,0.652029296352646,0.605539150690761,0.5656980177443465,0.9399309949148731
0.186,6.511971875776637,0.9724836730027124,0.9975546278042013,0.999162071674925,0.9999225784756418,0.9995196449523098,0.9989801365984691,0.9933271208018966,0.9822558157329827,0.9728636604041808,0.9474653640776158,0.935444363399354,0.8921838179368045,0.7616744398600193,0.6534815058421883,0.6070036403469122,0.5671166412879213,0.9403257985794311
0.187,6.534400191909033,0.9728490614078534,0.997607292971614,0.9991830676942725,0.9999251418617106,0.9995326441258612,0.9990053904587827,0.9934489829085464,0.9825188079941974,0.9732242218364081,0.9480383574138708,0.9361039834775889,0.8930906112766731,0.762991151669147,0.6549218666597905,0.6084569174201854,0.5685249409826963,0.9407154808639895
0.188,6.556742465907928,0.9732080913318144,0.99765861338993,0.999203455705785,0.9999276106475073,0.9995452409174236,0.9990299185594407,0.9935681238929202,0.9827768233345,0.973578513850766,0.9486027551788818,0.936754165164163,0.8939860730802682,0.764295246116423,0.6563505127849323,0.6098991016968643,0.5699230237496475,0.9411001356663542
0.189,6.578999191952776,0.9735608974985289,0.9977086284763341,0.9992232555597271,0.9999299886655677,0.9995574492657007,0.9990537444891835,0.9936846148695953,0.9830299748124279,0.9739266689800007,0.9491587178677192,0.9373950778366684,0.8948703852404043,0.7655868864390516,0.6577675762566844,0.6113303113203943,0.5713109950651758,0.9414798546815962
0.19,6.60117086044586,0.973907611279651,0.9977573763472147,0.999242486387237,0.9999322795798139,0.9995692825768364,0.9990768909839366,0.9937985248313851,0.9832783725006838,0.974268816472089,0.9497064024076105,0.9380268872367963,0.8957437261017834,0.7668662332208471,0.6591731872084033,0.6127506628192165,0.5726889589855375,0.9418547274646563
0.191,6.623257958048315,0.9742483607903493,0.9978048938658699,0.9992611666289185,0.9999344868935456,0.9995807537466287,0.999099379960711,0.9939099207204405,0.9835221235759751,0.9746050823835699,0.9502459622499164,0.9386497555611574,0.8966062705425398,0.7681334444444431,0.6605674739016776,0.6141602711340322,0.5740570181707714,0.9422248414908623
0.192,6.645260967715736,0.9745832709820055,0.9978512166882852,0.999279314062196,0.9999366139570253,0.9995918751817388,0.9991212325500354,0.9940188674967062,0.9837613324058165,0.9749355896698839,0.9507775474594052,0.9392638415495106,0.8974581900536202,0.7693886755422905,0.6619505627595395,0.6155592496445095,0.5754152739081303,0.9425902822144456
0.193,6.667180368733376,0.97491246373193,0.9978963793070721,0.999296945827489,0.999938663974681,0.9996026588199451,0.9991424691269879,0.9941254282038403,0.9839961006324116,0.9752604582728249,0.9513013048009146,0.9398693005704823,0.8982996528160637,0.7706320794464685,0.6633225783989681,0.6169477101954453,0.5767638261350343,0.9429511331251295
0.194,6.6890166367509485,0.9752360579302005,0.997940415093644,0.999314078453262,0.9999406400119446,0.9996131161494899,0.9991631093408924,0.9942296640327001,0.9842265272537203,0.9755798052052095,0.9518173778234857,0.940466284704857,0.8991308237762456,0.7718638066373467,0.6646836436626925,0.6183257631223966,0.5781027734615516,0.94330747580286
0.195,6.710770243817035,0.9755541695637289,0.9979833563387113,0.9993307278800027,0.9999425450017481,0.999623258227559,0.9991831721437429,0.9943316343824934,0.9844527087018187,0.9758937446328606,0.9523259069420555,0.9410549428265168,0.8999518647191448,0.7730840051911249,0.6660338796503218,0.6196935172767941,0.5794322131924269,0.9436593899707544
0.196,6.732441658413099,0.9758669117976517,0.9980252342911649,0.9993469094831758,0.9999443817506944,0.999633095697941,0.999202675817414,0.9944313969196897,0.9846747389186512,0.9762023879540028,0.9528270295167837,0.9416354206811044,0.9007629343396959,0.7742928208262854,0.6673734057488143,0.6210510800505498,0.5807522413486563,0.9440069535463277
0.197,6.754031345487116,0.9761743950541443,0.9980660791954205,0.9993626380952034,0.9999461529449204,0.9996426388079003,0.9992216379997146,0.9945290076347818,0.9848927094292711,0.9765058438761576,0.9533208799300931,0.9422078609624829,0.9015641883122817,0.7754903969489826,0.6687023396623035,0.6223985574001725,0.5820629526886347,0.9443502426910664
0.198,6.775539766486825,0.9764767270887446,0.99810592032729,0.9993779280265127,0.9999478611556686,0.999651897424306,0.9992400757093369,0.9946245208969828,0.9851067094126629,0.9768042184906294,0.9538075896614977,0.9427724033870605,0.9023557793584214,0.7766768746973987,0.6700207974412963,0.6237360538704011,0.5833644407288725,0.9446893318584065
0.199,6.796967379392611,0.9767740130642781,0.9981447860284426,0.9993927930856971,0.9999495088445828,0.9996608810490494,0.9992580053697516,0.9947179895069432,0.9853168257702343,0.9770976153446641,0.9542872873602892,0.9433291847660483,0.9031378573127088,0.7778523929850965,0.6713288935112631,0.6250636726173677,0.5846567977643009,0.9450242938401766
0.2,6.8183146387499995,0.9770663556224671,0.9981827037395175,0.9994072465988288,0.9999510983687431,0.9996695988337835,0.9992754428320989,0.9948094647475649,0.9855231431920629,0.9773861355113624,0.9547600989161508,0.9438783390757158,0.9039105691870497,0.7790170885433909,0.6726267407006266,0.6263815154313029,0.58594011488817,0.9453551998115622
0.201,6.83958199570181,0.9773538549533037,0.998219700031944,0.9994213014279637,0.9999526319854524,0.9996780595940199,0.9992924033971191,0.9948989964329895,0.9857257442209805,0.9776698776574264,0.9552261475277651,0.9444199975257064,0.9046740592332526,0.7801710959627686,0.6739144502681758,0.6276896827587921,0.5872144820115548,0.9456821193746452
0.202,6.860769898019925,0.9776366088622674,0.9982558006385267,0.999434969988872,0.9999541118567884,0.9996862718226094,0.9993089018361678,0.9949866329558315,0.9859247093145719,0.977948938108812,0.9556855537694806,0.9449542886254735,0.9054284690040154,0.7813145477333782,0.6751921319299063,0.6289882737245953,0.5884799878824734,0.9460051206005673
0.203,6.8818787901367315,0.9779147128354599,0.9982910304828454,0.9994482642680337,0.999955540053934,0.999694243702637,0.9993249524113565,0.9950724213327257,0.986120116905165,0.9782234109143626,0.9561384356560976,0.9454813382488955,0.9061739374123597,0.7824475742846169,0.6764598938853135,0.6302773861530386,0.58973672010463,0.9463242700703733
0.204,6.902909113176178,0.97818826010273,0.9983254137075217,0.9994611958389279,0.9999569185612959,0.9997019831197599,0.9993405688948577,0.995156407248257,0.9863120434578827,0.9784933879074906,0.9565849087058336,0.9460012696971261,0.906910600789555,0.7835703040238369,0.6777178428431427,0.6315571165889902,0.5909847651557898,0.9466396329145754
0.205,6.923861304984519,0.9784573416988568,0.9983589737013996,0.9994737758776504,0.9999582492804233,0.9997094976740115,0.9993557645874124,0.9952386350973327,0.9865005635268287,0.9787589587659744,0.9570250860015257,0.946514203759733,0.9076385929415766,0.7846828633741926,0.6789660840466147,0.6328275603184272,0.5922242084057951,0.9469512728514844
0.206,6.944735800160691,0.9787220465228609,0.9983917331256853,0.9994860151778884,0.9999595340337386,0.9997167946910994,0.9993705523360763,0.9953191480260598,0.9866857498094703,0.9790202110699355,0.9574590782501256,0.9470202587741802,0.9083580452041401,0.785785376811653,0.680204721298137,0.6340888113886054,0.5934551341342313,0.9472592522243611
0.207,6.965533030086366,0.9789824613955025,0.9984237139390901,0.9994979241652808,0.9999607745680859,0.9997238812332188,0.9993849445512376,0.9953979879711857,0.9868676731992866,0.9792772303580571,0.9578869938405399,0.9475195506837005,0.9090690864963541,0.7868779669011992,0.6814338569835143,0.6353409626278408,0.5946776255477499,0.9475636320374151
0.208,6.986253422955665,0.9792386711150337,0.9984549374220177,0.9995095129111926,0.999961972558111,0.9997307641094033,0.9993989532229386,0.9954751956981566,0.9870464028367395,0.9795301001821032,0.9583089388998696,0.9480121930936118,0.9097718433730279,0.7879607543322285,0.6826535920956704,0.6365841056649082,0.5958917647970574,0.9478644719907038
0.209,7.0068974038045475,0.9794907585112606,0.9984854241998357,0.9995207911459272,0.999963129609479,0.9997374498854371,0.999412589936533,0.995550810837847,0.9872220061586295,0.9797789021597957,0.9587250173480945,0.9484982973261202,0.9104664400756752,0.7890338579531851,0.6838640262578913,0.6378183309480723,0.5970976329935782,0.9481618305139629
0.21,7.0274653945398775,0.9797388044979721,0.9985151942652684,0.9995317682714032,0.9999642472619372,0.9997439448933447,0.999425865887708,0.9956248719220125,0.9873945489458923,0.980023716026106,0.9591353309512558,0.9489779724736586,0.9111529985822497,0.7900973948054371,0.6850652577466042,0.6390437277637534,0.5982953102257974,0.9484557647994105
0.211,7.047957813968156,0.9799828881237947,0.9985442669999495,0.9995424533733184,0.9999653269922343,0.9997502552404818,0.9994387918968974,0.9956974164175134,0.9875640953698903,0.9802646196830117,0.9595399793731795,0.9494513254508032,0.9118316386556485,0.7911514801564181,0.6862573835137005,0.6402603842548402,0.5994848755752914,0.9487463308335574
0.212,7.06837507782396,0.9802230866215206,0.9985726611951656,0.9995528552328236,0.9999663702168989,0.999756386818241,0.999451378423115,0.9957684807593562,0.9877307080372528,0.9805016892477706,0.9599390602257866,0.9499184610448116,0.9125024778910172,0.7921962275320543,0.6874404992084149,0.6414683874386538,0.6006664071324561,0.9490335834280589
0.213,7.0887175987980475,0.9804594754559632,0.9986003950718265,0.999562982337727,0.9999673782948894,0.9997623453103939,0.9994636355772318,0.9958381003825983,0.987894448033314,0.9807349990997621,0.960332669118034,0.9503794819648225,0.9131656317618916,0.7932317487484899,0.6886146991987709,0.6426678232245742,0.6018399820119339,0.9493175762496406
0.214,7.108985786565165,0.9806921283703898,0.998627486299692,0.999572842893251,0.999968352530116,0.9997681362010828,0.9994755731347215,0.9959063097531591,0.9880553749641988,0.980964621925943,0.9607208997035285,0.9508344888897585,0.9138212136652084,0.7942581539431358,0.6897800765926028,0.6438587764313363,0.6030056763677516,0.9495983618491342
0.215,7.129180047811549,0.9809211174315761,0.9986539520158869,0.9995824448323587,0.9999692941738467,0.9997737647824806,0.9994872005478973,0.9959731423975767,0.9882135469976017,0.9811906287649614,0.9611038437268513,0.9512835805149694,0.914469334965216,0.7952755516050516,0.6909367232581651,0.6450413308040013,0.6041635654081754,0.9498759916896443
0.216,7.149300786262136,0.9811465130735304,0.9986798088427319,0.9995917958256709,0.9999702044269998,0.9997792361621305,0.9994985269576632,0.9960386309317539,0.9883690209023058,0.9814130890499762,0.9614815910686363,0.9517268535976529,0.9151101050363142,0.7962840486046813,0.6920847298443353,0.6462155690306096,0.6053137234102832,0.9501505161738881
0.217,7.16934840270745,0.98136838413993,0.998705072904918,0.9996009032909892,0.9999710844423291,0.9997845552699832,0.9995095612047981,0.9961028070887262,0.9885218520864827,0.9816320706502211,0.9618542297894368,0.9521644030010898,0.9157436313048567,0.797283750222956,0.693224185800426,0.6473815727585279,0.6064562237342696,0.9504219846707228
0.218,7.1893232950302295,0.9815867979253128,0.9987297598460508,0.9996097744024435,0.999971935326508,0.9997897268651431,0.9995203118407958,0.9961657017454921,0.9886720946348168,0.9818476399113577,0.9622218461724185,0.9525963217377287,0.9163700192899407,0.7982747601797834,0.6943551793956071,0.6485394226104897,0.6075911388374817,0.9506904455409024
0.219,7.2092258582317434,0.9818018202150642,0.9987538848445919,0.999618416099279,0.9999727581421168,0.9997947555423367,0.9995307871382771,0.9962273449489395,0.9888198013444933,0.9820598616946531,0.9625845247649132,0.9530227010111514,0.9169893726432135,0.7992571806619337,0.6954777977379561,0.649689198200341,0.6087185402881973,0.9509559461620751
0.22,7.229056484457831,0.9820135153242397,0.9987774626292166,0.9996268350942995,0.9999735539095382,0.9997996457381154,0.9995409951009944,0.9962877659409007,0.988965023760089,0.9822687994150232,0.9629423484188688,0.9534436302569554,0.9176017931877226,0.8002311123503411,0.6965921267931365,0.650830978148498,0.6098384987791468,0.9512185329530587
0.221,7.248815563024654,0.9822219461352596,0.9988005074936175,0.9996350378819783,0.9999743236087655,0.9998044017368061,0.9995509434734443,0.9963469931823694,0.989107812207402,0.9824745150779772,0.963295398330227,0.9538591971825825,0.9182073809558364,0.8011966544468325,0.697698251402719,0.6519648400971183,0.610951084140788,0.9514782513974113
0.222,7.268503480444178,0.9824271741345133,0.9988230333107696,0.9996430307462556,0.9999750681811276,0.999809027676217,0.9995606397501069,0.9964050543769096,0.9892482158262571,0.9826770693154977,0.9636437540772608,0.9542694878061235,0.9188062342262578,0.802153904700299,0.6987962553021492,0.6530908607249959,0.6120563653543377,0.9517351460663218
0.223,7.288120620449371,0.982629259447908,0.9988450535466842,0.9996508197680312,0.9999757885309354,0.9998135275531144,0.9995700911843248,0.9964619764932867,0.9893862826023214,0.9828765214208925,0.963987493657903,0.9546745864941316,0.9193984495601589,0.8031029594323219,0.699886221138375,0.654209115762187,0.6131544105645629,0.951989260640846
0.224,7.307667364019139,0.9828282608753967,0.9988665812736653,0.9996584108323674,0.9999764855270528,0.9998179052284749,0.9995793047968398,0.9965177857873487,0.9895220593979615,0.9830729293826493,0.9643266935260971,0.9550745759984692,0.9199841218364583,0.8040439135622681,0.7009682304871347,0.6553196800043672,0.6142452870923425,0.9522406379335034
0.225,7.327144089402985,0.9830242359245154,0.9988876291830949,0.9996658096354143,0.9999771600043962,0.9998221644325285,0.9995882873839989,0.9965725078231854,0.9896555919821768,0.9832663499173254,0.9646614286271946,0.9554695374922196,0.9205633442862643,0.8049768606318661,0.7020423638699196,0.6564226273269302,0.6153290614469997,0.9524893199092626
0.226,7.3465511721454115,0.9832172408429655,0.9989082095977586,0.9996730216910685,0.9999778127653662,0.9998263087695962,0.9995970455256463,0.9966261674935907,0.9897869250596382,0.9834568385015043,0.9649917724324331,0.9558595506046866,0.9211362085265077,0.8059018928292768,0.7031087007706148,0.6575180306988331,0.6164057993384108,0.952735347705931
0.227,7.365888985110053,0.9834073306502675,0.9989283344837357,0.9996800523373759,0.9999784445812148,0.9998303417227358,0.9996055855927117,0.9966787890398541,0.9899161022988608,0.9836444494028463,0.9653177969725159,0.9562446934555117,0.9217028045927832,0.8068191010126691,0.7041673196518261,0.6586059621961919,0.6174755656888984,0.9529787616539687
0.228,7.3851578985035635,0.9835945591685186,0.9989480154618661,0.9996869067426908,0.9999790561933501,0.9998342666582003,0.9996139137545093,0.9967303960709057,0.9900431663595424,0.9838292357102637,0.9656395728703244,0.95662504268793,0.9222632209714239,0.8077285747333129,0.7052182979709003,0.6596864930156338,0.6185384246449083,0.9532196012957449
0.229,7.404358279899229,0.9837789790522797,0.9989672638188125,0.9996935899115992,0.9999796483145839,0.9998380868297201,0.9996220359857584,0.9967810115818374,0.9901681589190914,0.9840112493632477,0.9659571693727852,0.9570006735011941,0.9228175446308258,0.808630402258203,0.7062617121956463,0.6607596934874103,0.6195944395884798,0.9534579054042588
0.23,7.4234904942603555,0.9839606418176232,0.9989860905177337,0.9997001066906178,0.9999802216303214,0.9998418053826139,0.9996299580733385,0.9968306579718219,0.9902911206983738,0.9841905411803725,0.9662706543819166,0.9573716596821835,0.923365861052045,0.8095246705922193,0.7072976378197611,0.6618256330882788,0.6206436731485105,0.9536937120013349
0.231,7.442554903963379,0.984139597870363,0.9990045062085824,0.9997064617736774,0.9999807767997002,0.9998454253577376,0.9996376856227881,0.9968793570614529,0.9904120914867027,0.9843671608870036,0.9665800944850808,0.9577380736362284,0.9239082542586852,0.8104114654998424,0.7083261493779722,0.6628843804541538,0.621686187211821,0.9539270583753139
0.232,7.461551868820755,0.9843158965334963,0.999022521238043,0.9997126597073982,0.9999813144566763,0.9998489496952772,0.9996452240645581,0.9969271301095255,0.9905311101660971,0.9845411571422346,0.9668855549844612,0.9580999864171651,0.9244448068460942,0.8112908715264271,0.7093473204608958,0.6639360033925348,0.622722042934025,0.9541579810982598
0.233,7.480481746103591,0.9844895860738797,0.9990401456591237,0.9997187048961683,0.9999818352110634,0.9998523812383923,0.9996525786600313,0.9969739978292769,0.9906482147348306,0.984712577565075,0.9671870999257894,0.9584574677566473,0.924975600009888,0.8121629720190489,0.710361223729622,0.6649805688947169,0.623751300750206,0.9543865160426858
0.234,7.499344890564043,0.9846607137281645,0.9990573892404142,0.9997246016070304,0.9999823396495261,0.9998557227367166,0.9996597545073153,0.9970199804041071,0.9907634423302966,0.9848814687599159,0.9674847921263424,0.9588105860927338,0.9255007135738202,0.8130278491469323,0.7113679309300327,0.666018143147784,0.6247740203854062,0.9546126983978267
0.235,7.5181416544574775,0.984829325728013,0.9990742614750229,0.9997303539743861,0.9999828283365283,0.9998589768497226,0.9996667565468195,0.9970650975027975,0.9908768292512099,0.9850478763412903,0.9677786932022306,0.9591594085977706,0.926020226017013,0.8138855839214693,0.7123675129068548,0.6670487915463935,0.6257902608649344,0.9548365626854668
0.236,7.5368723875644035,0.9849954673246185,0.9990907715892063,0.9997359660045257,0.9999833018152413,0.999862146149953,0.9996735895666247,0.9971093682942437,0.9909884109791657,0.9852118449579557,0.9680688635949978,0.9595040012055893,0.9265342145005664,0.81473625621584,0.7133600396174573,0.6680725787043565,0.6268000805244895,0.9550581427753362
0.237,7.555537437212156,0.9851591828125517,0.9991069285507007,0.9997414415799882,0.9999837606084109,0.9998652331261287,0.9996802582076528,0.997152811461723,0.9910982221995781,0.9853734183163143,0.9683553625975505,0.9598444286380404,0.9270427548935634,0.8155799447842431,0.714345580145398,0.6690895684660143,0.6278035370201124,0.9552774719000906
0.238,7.5741371482963835,0.9853205155529514,0.9991227410767677,0.9997467844637612,0.9999842052191874,0.9998682401861357,0.9996867669686461,0.9971954452167082,0.9912062968220167,0.9855326392031951,0.9686382483794389,0.9601807544308771,0.9275459217984829,0.8164167272807424,0.7153242027137205,0.6700998239174165,0.6288006873379607,0.9554945826698883
0.239,7.592671863302272,0.9854795079960824,0.9991382176419658,0.9997519983033251,0.9999846361319191,0.9998711696598958,0.9996931202109618,0.9972372873122477,0.9913126679999616,0.9856895495080147,0.9689175780115038,0.9605130409590122,0.928043788576042,0.8172466802777457,0.7162959746980154,0.6711034073973118,0.629791587803918,0.9557095070865737
0.24,7.611141922325582,0.9856362017032777,0.9991533664856559,0.999757086634548,0.9999850538129113,0.9998740238021279,0.9996993221631917,0.9972783550559238,0.9914173681499939,0.9858441902443371,0.96919340748991,0.9608413494611598,0.9285364273694732,0.8180698792841153,0.7172609626392412,0.6721003805079401,0.6307762940930348,0.9559222765574836
0.241,7.629547663093441,0.9857906373682855,0.9991681956192525,0.999762052885439,0.9999854587111526,0.9998768047950026,0.9997053769256111,0.9973186653224051,0.9915204289704403,0.98599660157085,0.9694657917595828,0.9611657400638834,0.9290239091282606,0.8188863987629259,0.7182192322563173,0.673090804125648,0.6317548612388095,0.9561329219088847
0.242,7.647889420984937,0.9859428548380368,0.9991827128332289,0.9997669003797623,0.99998585125901,0.9998795147506964,0.9997112884744663,0.9973582345656079,0.9916218814594894,0.9861468228117748,0.9697347847370628,0.9614862718050625,0.9295063036313416,0.819696312148873,0.7191708484584891,0.674074738411316,0.6327273436423086,0.9563414733990532
0.243,7.6661675290514735,0.9860928931328541,0.9991969257038859,0.9997716323405217,0.9999862318728934,0.9998821557138461,0.9997170606661056,0.9973970788304777,0.9917217559327954,0.9862948924767285,0.9700004393327977,0.9618030026567969,0.9299836795097913,0.8204996918653427,0.720115875357474,0.6750522428206113,0.633693795081132,0.9565479607310132
0.244,7.684382318036952,0.9862407904661146,0.9992108415998926,0.999776251893316,0.9999866009538925,0.9998847296639126,0.9997226972409599,0.9974352137644051,0.991820082040586,0.9864408482800529,0.9702628074728835,0.962115989547761,0.9304561042690018,0.8212966093411493,0.7210543762793891,0.6760233761140626,0.6346542687182253,0.9567524130649327
0.245,7.702534116397694,0.9863865842633872,0.9992244676886084,0.9997807620695747,0.9999869588883855,0.9998872385174533,0.9997282018273798,0.99747265462829,0.9919168887842897,0.9865847271596271,0.970521940120274,0.9624252883850256,0.930923644310369,0.8220871350269476,0.7219864137764687,0.6769881963669688,0.6356088171105437,0.9569548590302024
0.246,7.720623250322211,0.986530311181057,0.9992378109421923,0.9997851658096757,0.9999873060486232,0.999889684130309,0.9997335779453341,0.9975094163072622,0.9920122045326968,0.9867265652951789,0.9707778872954689,0.9627309540753576,0.9313863649524983,0.8228713384113276,0.7229120496385706,0.6779467609791332,0.6365574922175663,0.9571553267371921
0.247,7.7386500437507175,0.9866720071244541,0.99925087814351,0.9997894659659514,0.9999876427932861,0.9998920682997086,0.9997388290099749,0.9975455133210744,0.9921060570376704,0.98686639812611,0.9710306980966993,0.963033040546017,0.9318443304519449,0.8236492880366009,0.723831344904486,0.67889912668444,0.6375003454096717,0.9573538437887067
0.248,7.756614818394496,0.9868117072654996,0.9992636758918428,0.9997936653055857,0.9999879694680204,0.9998943927662947,0.9997439583350753,0.9975809598341755,0.9921984734494191,0.9870042603688491,0.9712804207196208,0.9633316007650593,0.9322976040234946,0.8244210515142805,0.7247443598730413,0.6798453495602645,0.6384374274763674,0.9575504372911418
0.249,7.774517893755008,0.9869494460598849,0.999276210608409,0.9997977665134081,0.9999882864059494,0.9998966592160728,0.9997489691363439,0.9976157696654762,0.9922894803313467,0.9871401860337469,0.9715271024765295,0.9636266867611598,0.9327462478600017,0.8251866955402671,0.7256511541140134,0.6807854850367281,0.639368788634386,0.9577451338653524
0.25,7.792359587142858,0.9870852572637971,0.9992884885417018,0.9998017721945883,0.999988593928164,0.9998988692822888,0.9997538645346212,0.9976499562978174,0.9923791036744901,0.9872742084415268,0.9717707898151131,0.9639183496429709,0.9331903231517924,0.8259462859097433,0.7265517864788474,0.6817195879057978,0.6402944785356419,0.9579379596572436
0.251,7.81014021369652,0.9872191739502045,0.9993005157726521,0.9998056848772336,0.9999888923441932,0.999901024547235,0.9997586475589624,0.9976835328871512,0.9924673689115606,0.9874063602393036,0.9720115283367503,0.964206639618026,0.9336298901056452,0.8266998875317841,0.7274463151111934,0.682647712330234,0.6412145462750596,0.9581289403480868
0.252,7.8278600864009125,0.9873512285247138,0.9993122982196212,0.9998095070148956,0.9999891819524537,0.9999031265439902,0.9997633211496112,0.997716512271443,0.9925543009305982,0.9875366734161833,0.9722493628143699,0.9644916060111999,0.9340650079633581,0.8274475644436905,0.7283347974572535,0.6835699118523877,0.6421290403982685,0.9583181011645758
0.253,7.845519516105742,0.9874814527410125,0.9993238416432302,0.9998132409889866,0.9999894630406814,0.9999051767580955,0.9997678881608681,0.9977489069793058,0.9926399240882513,0.9876651793184563,0.9724843372098823,0.96477329728274,0.934495735019913,0.8281893798250517,0.7292172902759546,0.6844862394028551,0.6430380089091724,0.9585054668886269
0.254,7.863118811543702,0.9876098777159096,0.9993351516510317,0.9998168891111122,0.9999897358863453,0.9999071766291674,0.9997723513638582,0.9977807292383746,0.9927242622226948,0.9877919086643954,0.9727164946911935,0.9650517610458771,0.9349221286412487,0.828925396011541,0.7300938496489435,0.6853967473089851,0.6439414992773931,0.9586910618669277
0.255,7.880658279348442,0.9877365339439834,0.9993462337020301,0.9998204536253211,0.9999900007570434,0.9999091275524516,0.9997767134492015,0.9978119909834284,0.9928073386661954,0.9879168915586699,0.9729458776488157,0.9653270440840288,0.9353442452816497,0.8296556745084532,0.7309645309904079,0.6863014873032504,0.6448395584455919,0.9588749100202486
0.256,7.898138224072399,0.9878614513118513,0.9993570931110545,0.9998239367102756,0.9999902579108821,0.9999110308803212,0.9997809770295892,0.9978427038642711,0.9928891762573356,0.9880401575063883,0.9731725277120811,0.9655991923676035,0.935762140500761,0.8303802760039858,0.731829389056732,0.6872005105314767,0.6457322328366706,0.9590570348525195
0.257,7.915558948204404,0.9879846591120689,0.9993677350529901,0.999827340481347,0.9999905075968414,0.9999128879237176,0.9997851446422719,0.9978728792533756,0.9929697973529072,0.9881617354267773,0.9733964857649728,0.9658682510704195,0.9361758689802392,0.831099260382274,0.7326884779559844,0.6880938675609416,0.6466195683608552,0.9592374594596782
0.258,7.932920752187148,0.9881061860566723,0.9993781645668742,0.9998306669926373,0.999990750055123,0.9999146999535413,0.9997892187514583,0.9979025282533018,0.9930492238394838,0.9882816536665111,0.973617791961582,0.9661342645857438,0.9365854845400466,0.8318126867361803,0.7335418511572427,0.688981608388336,0.6475016104226634,0.9594162065382987
0.259,7.950223934434439,0.988226060290372,0.9993883865598591,0.9998339182389313,0.9999909855174858,0.9999164682019905,0.9997932017506339,0.9979316617038941,0.9931274771446806,0.9883999400126986,0.9738364857412005,0.9663972765419658,0.9369910401543996,0.8325206133798475,0.7343895614997634,0.6898637824475998,0.6483784039277594,0.9595932983940052
0.26,7.967468791348316,0.9883443094034079,0.9993984058110486,0.9998370961575795,0.9999912142075665,0.999918193863852,0.9997970959647967,0.9979602901892662,0.993204578248114,0.9885166217055382,0.974052605843059,0.9666573298179106,0.9373925879673758,0.8332230978610176,0.7352316612019911,0.6907404386176279,0.6492499932896966,0.9597687569496772
0.261,7.98465561733595,0.9884609604440779,0.9994082269752127,0.9998402026303178,0.9999914363411885,0.9999198780977445,0.9998009036526176,0.9979884240445803,0.9932805476920664,0.9886317254506519,0.9742661903207206,0.9669144665578051,0.9377901793081934,0.8339201969731243,0.736068201870419,0.6916116252298516,0.6501164224365537,0.9599426037534534
0.262,8.001784704826429,0.9885760399309456,0.9994178545863822,0.9998432394850234,0.9999916521266558,0.9999215220273185,0.9998046270085259,0.998016073362627,0.9933554055918669,0.9887452774311044,0.9744772765561384,0.9671687281859027,0.938183864706165,0.8346119667671595,0.736899234508297,0.6924773900756973,0.6509777348174586,0.9601148599865386
0.263,8.018856344287311,0.9886895738647383,0.9994272930613308,0.99984620849741,0.999991861765038,0.9999231267424116,0.9998082681647227,0.9980432480002122,0.9934291716459961,0.9888573033191196,0.974685901273385,0.9674201554207772,0.938573693905338,0.8352984625633252,0.7377248095241948,0.6933377804139258,0.6518339734090148,0.9602855464708178
0.264,8.035870824241073,0.9888015877399452,0.9994365467029453,0.9998491113926661,0.9999920654504413,0.9999246933001628,0.9998118291931266,0.9980699575843577,0.9935018651459233,0.9889678282875001,0.9748921005520642,0.9676687882892931,0.9389597158788268,0.8359797389624679,0.7385449767404209,0.6941928429778523,0.6526851807216176,0.9604546836762867
0.265,8.052828431281336,0.988912106556121,0.999445619703491,0.9998519498470356,0.99999226337027,0.9999262227260874,0.999815312107252,0.9980962115183214,0.9935735049856825,0.9890768770207599,0.9750959098404121,0.9679146661402624,0.9393419788428445,0.8366558498573069,0.7393597854012988,0.6950426239824503,0.6535313988056746,0.9606222917283013
0.266,8.069729450088989,0.9890211548289061,0.9994545161477725,0.999854725489347,0.9999924557054769,0.9999277160151139,0.9998187188640246,0.9981220189874422,0.993644109671197,0.9891844737259773,0.9752973639680945,0.9681578276577925,0.9397205302704423,0.8373268484434548,0.7401692841813086,0.6958871691313433,0.6543726692577226,0.9607883904146499
0.267,8.086574163448084,0.98912875660077,0.9994632400161968,0.9998574399024871,0.9999926426308033,0.999929174132582,0.999822051365534,0.9981473889648157,0.9937136973293578,0.9892906421433769,0.9754964971587125,0.9683983108743367,0.9400954169049612,0.8379927872302402,0.740973521193089,0.6967265236236844,0.6552090332264531,0.9609529991924585
0.268,8.103362852261641,0.9892349354514858,0.9994717951877395,0.9998600946248288,0.9999928243150105,0.999930598015208,0.9998253114607286,0.9981723302168066,0.9937822857168654,0.9893954055566466,0.9756933430420177,0.9686361531834522,0.9404666847732054,0.8386537180513312,0.7417725439953091,0.6975607321609248,0.6560405314186344,0.9611161371949248
0.269,8.120095795567238,0.9893397145083431,0.9994801854428189,0.9998626911516073,0.9999930009211009,0.999931988572014,0.9998285009470518,0.9981968513084017,0.9938498922288397,0.9894987868029984,0.9758879346658509,0.9688713913522743,0.9408343791983421,0.8393096920751697,0.7425663996004086,0.6983898389534774,0.6568672041049493,0.9612778232378965
0.27,8.136773270552487,0.9894431164561079,0.9994884144660799,0.9998652309362516,0.9999931726065309,0.9999333466852254,0.9998316215720247,0.9982209606084097,0.9939165339072047,0.9896008082829795,0.9760803045078059,0.9691040615337128,0.9411985448125353,0.8399607598152145,0.7433551344822111,0.6992138877272724,0.6576890911257314,0.961438075826288
0.271,8.153395552570325,0.9895451635467339,0.9994964858490929,0.9998677153916709,0.9999933395234154,0.9999346732111362,0.9998346750347749,0.998244666294512,0.9939822274488571,0.989701491970041,0.9762704844866295,0.9693341992783786,0.9415592255693186,0.8406069711400019,0.7441387945834111,0.7000329217302126,0.6585062318966185,0.9615969131603483
0.272,8.169962915154185,0.9896458776088346,0.9995044030929668,0.9998701458914979,0.9999935018187238,0.9999359689809444,0.9998376629875141,0.9982679763581692,0.9940469892136221,0.9898008594198695,0.9764585059733617,0.9695618395462466,0.9419164647557133,0.8412483752830251,0.7449174253229373,0.7008469837385216,0.6593186654141139,0.9617543531417769
0.273,8.186475630032984,0.9897452800569216,0.9995121696108846,0.9998725237712908,0.9999936596344688,0.9999372348015583,0.9998405870369673,0.9982908986093885,0.9941108352320037,0.9898989317794907,0.9766443998022246,0.9697870167180616,0.9422703050041006,0.8418850208524369,0.7456910716031981,0.7016561160629997,0.6601264302610624,0.9619104133796982
0.274,8.202933967145995,0.9898433919004157,0.9995197887305575,0.999874850329694,0.9999938131078869,0.9999384714563742,0.9998434487457534,0.998313440681355,0.9941737812127356,0.989995729796148,0.9768281962812646,0.9700097646064927,0.9426207883038471,0.8425169558405777,0.7464597778172055,0.7024603605551747,0.660929564612038,0.9620651111964926
0.275,8.219338194657533,0.9899402337524368,0.9995272636966062,0.9998771268295626,0.9999939623716133,0.9999396797060274,0.999846249633721,0.9983356100349329,0.9942358425501377,0.9900912738259653,0.9770099252027556,0.9702301164670454,0.9429679560126973,0.843144227633338,0.7472235878555854,0.7032597586133613,0.661728106238652,0.9622184636334947
0.276,8.235688578971555,0.9900358258383788,0.999534597672868,0.9998793544990471,0.9999941075538479,0.9999408602891172,0.9998489911792398,0.9983574139630385,0.9942970343312852,0.990185583842397,0.9771896158533692,0.9704481050087321,0.943311848867932,0.8437668830193487,0.7479825451134714,0.7040543511886233,0.6625220925147752,0.9623704874565537
0.277,8.25198538474604,0.9901301880042762,0.9995417937446344,0.9998815345326435,0.999994248778517,0.9999420139229067,0.9998516748204487,0.9983788595948916,0.994357371342993,0.9902786794444743,0.9773672970241155,0.9706637624045126,0.9436525069973012,0.8443849681990143,0.7487366924972909,0.7048441787906454,0.6633115604216824,0.9625211991614688
0.278,8.268228874907308,0.9902233397249661,0.9995488549208194,0.9998836680922094,0.9999943861654271,0.9999431413039985,0.9998543019564644,0.9983999539001462,0.9944168680786226,0.9903705798648499,0.9775429970200642,0.970877120301506,0.9439899699297357,0.8449985287933821,0.7494860724314358,0.7056292814935115,0.6640965465531135,0.9626706149792945
0.279,8.284419310664125,0.990315300112053,0.9995557841360634,0.9998857563079452,0.9999945198304133,0.999944243108987,0.999856873948549,0.9984207036929066,0.9944755387447181,0.9904613039776485,0.9777167436698475,0.9710882098309823,0.9443242766058435,0.845607609852859,0.7502307268648318,0.7064096989413958,0.6648770871202623,0.9628187508815267
0.28,8.30055695152174,0.9904060879216808,0.9995625842527724,0.9998878002793442,0.9999946498854824,0.9999453199950888,0.9998593921212404,0.9984411156356308,0.9945333972674704,0.9905508703061283,0.9778885643349529,0.9712970616181368,0.9446554653881941,0.8462122558657713,0.7509706972773973,0.7071854703541645,0.6656532179566831,0.9629656225851682
0.281,8.316642055295713,0.9904957215621176,0.9995692580630958,0.9998898010761111,0.9999947764389492,0.9999463726007515,0.9998618577634449,0.9984611962429261,0.9945904572990215,0.9906392970301577,0.9780584859188095,0.9715037057916549,0.9449835740713968,0.8468125107667783,0.7517060246864017,0.7079566345328929,0.6664249745231263,0.9631112455576748
0.282,8.332674878125678,0.9905842191011576,0.9995758082908452,0.9998917597390515,0.9999948995955692,0.9999474015462404,0.9998642721294956,0.9984809518852383,0.9946467322236082,0.9907266019935128,0.9782265348756751,0.9717081719930699,0.9453086398919774,0.847408417945136,0.7524367496527202,0.7087232298652952,0.6671923919122991,0.9632556350217952
0.283,8.348655674488912,0.990671598273346,0.9995822375933552,0.9998936772809308,0.9999950194566649,0.9999484074342081,0.9998666364401749,0.99850038879244,0.9947022351635517,0.9908128027110006,0.9783927372193254,0.9719104893859214,0.9456306995380581,0.848000020252818,0.7531629122869901,0.7094852943310748,0.6679555048535514,0.9633988059602928
0.284,8.364584697213823,0.9907578764870315,0.9995885485632883,0.999895554687307,0.9999951361202482,0.9999493908502413,0.9998689518837061,0.9985195130573183,0.9947569789850973,0.9908979163754111,0.9785571185315542,0.9721106866647163,0.9459497891588443,0.8485873600124947,0.7538845522556679,0.7102428655071893,0.6687143477174953,0.963540773120566
0.285,8.38046219749326,0.990843070831249,0.9995947437303865,0.9998973929173351,0.9999952496811367,0.999950352363392,0.9998712196167105,0.998538330638969,0.9948109763041085,0.9909819598643059,0.9787197039704862,0.9723087920637002,0.9462659443739231,0.8491704790253756,0.7546017087869918,0.7109959805730378,0.6694689545205493,0.9636815510191602
0.286,8.39628842489774,0.9909271980824409,0.9996008255631704,0.9998991929045473,0.9999953602310678,0.9999512925266894,0.999873440765136,0.9985568473660947,0.9948642394916188,0.9910649497466437,0.9788805182787094,0.9725048333654406,0.9465792002823783,0.8497494185789136,0.7553144206768484,0.7117446763155681,0.6702193589294188,0.9638211539461807
0.287,8.4120636273885,0.9910102747110167,0.9996067964705878,0.999900955557606,0.9999954678588064,0.9999522118776344,0.9998756164251544,0.998575068940215,0.9949167806792455,0.99114690228925,0.9790395857912284,0.972698837909229,0.9468895914717248,0.8503242194543781,0.7560227262945478,0.7124889891343068,0.670965594265506,0.9639595959696049
0.288,8.427788051330472,0.9910923168877596,0.999612658803614,0.9999026817610344,0.9999955726502495,0.9999531109386784,0.999877747664031,0.9985930009387878,0.9949686117644696,0.9912278334631341,0.9791969304432468,0.9728908325993045,0.9471971520266669,0.8508949219342976,0.7567266635885066,0.7132289550463133,0.6717076935092535,0.9640968909394976
0.289,8.443461941505088,0.9911733404900801,0.9996184148568038,0.9999043723759224,0.9999956746885266,0.9999539902176856,0.9998798355209659,0.9986106488182462,0.9950197444157853,0.9913077589496575,0.97935257577778,0.9730808439129044,0.9475019155376853,0.8514615658097737,0.7574262700918435,0.7139646096910595,0.6724456893044257,0.9642330524921325
0.29,8.459085541122993,0.9912533611081239,0.9996240668697992,0.9999060282406117,0.9999957740540963,0.9999548502083795,0.9998818810079089,0.998628017916953,0.9950701900777228,0.9913866941465564,0.9795065449531031,0.973268897908144,0.9478039151094553,0.8520241903876713,0.7581215829278856,0.7146959883352351,0.6731796139623225,0.9643680940540243
0.291,8.474659091836624,0.9913323940507355,0.9996296170287916,0.9999076501713567,0.9999958708248403,0.9999556913907751,0.9998838851103481,0.9986451134580746,0.9951199599757461,0.9914646541738248,0.9796588607500388,0.9734550202317328,0.9481031833691007,0.8525828344976842,0.7588126388155885,0.7154231258774817,0.6739094994659336,0.9645020288458656
0.292,8.490182833752666,0.9914104543512832,0.9996350674679418,0.9999092389629671,0.9999959650761513,0.999956514231597,0.9998858487880744,0.9986619405523782,0.9951690651210331,0.9915416538794588,0.9798095455790885,0.9736392361265271,0.9483997524742865,0.8531375364992827,0.7594994740748741,0.7161460568530555,0.6746353774740277,0.9646348698863831
0.293,8.505657005444386,0.9914875567733473,0.999640420270759,0.9999107953894276,0.9999960568810207,0.9999573191846827,0.9998877729759212,0.9986785042009528,0.9952175163151376,0.9916177078450681,0.97995862148741,0.9738215704389264,0.9486936541211546,0.8536883342885405,0.7601821246318824,0.7168648154384205,0.6753572793251836,0.9647666299961057
0.294,8.521081843963868,0.9915637158162766,0.9996456774714377,0.9999123202045,0.9999961463101207,0.9999581066913733,0.9998896585844811,0.998694809297858,0.9952653241545366,0.9916928303913567,0.9801061101656465,0.9740020476261139,0.9489849195521053,0.8542352653048486,0.7608606260241438,0.7175794354557734,0.6760752360417619,0.964897321801048
0.295,8.536457584854112,0.9916389457206153,0.999650841056159,0.9999138141423056,0.9999962334318846,0.9999588771808914,0.9998915065007995,0.9987108606327012,0.9953124990350697,0.9917670355834765,0.9802520329546094,0.9741806917631485,0.9492735795634286,0.8547783665375133,0.7615350134056722,0.7182899503775004,0.676789278333815,0.9650269577363189
0.296,8.551784462161017,0.9917132604734052,0.9996559129643504,0.9999152779178888,0.9999963183125838,0.9999596310707061,0.999893317589048,0.9987266628931463,0.9953590511562681,0.9918403372362578,0.9803964108518191,0.9743575265499083,0.9495596645127884,0.8553176745322448,0.7622053215519758,0.7189963933305694,0.6774994366029435,0.9651555500496448
0.297,8.567062708445267,0.9917866738133645,0.9996608950899125,0.9999167122277642,0.9999964010164019,0.9999603687668862,0.9998950926911754,0.9987422206673554,0.9954049905255806,0.9919127489193182,0.9805392645179072,0.9745325753178907,0.9498432043265617,0.855853225397536,0.7628715848649954,0.7196987971008554,0.6782057409460927,0.9652831108048209
0.298,8.582292554794087,0.991859199235948,0.9996657892824086,0.9999181177504457,0.9999964816055055,0.9999610906644427,0.9998968326275388,0.9987575384463658,0.9954503269624971,0.9919842839620555,0.9806806142828822,0.9747058610368728,0.9501242285070378,0.8563850548109337,0.7635338373779637,0.7203971941374043,0.678908221159295,0.9654096518850855
0.299,8.597474230832894,0.9919308499982908,0.9996705973482197,0.9999194951469591,0.999996560140114,0.9999617971476585,0.9998985381975156,0.9987726206264043,0.9954950701025728,0.992054955458525,0.9808204801522644,0.9748774063214344,0.9504027661394797,0.8569131980252056,0.7641921127601903,0.7210916165566303,0.679606906741359,0.9655351849964222
0.3,8.612607964736842,0.9920016391240394,0.9996753210516687,0.9999208450613396,0.9999966366785649,0.9999624885904087,0.9999002101800962,0.9987874715111391,0.995539229401356,0.9921247762722052,0.9809588818130899,0.9750472334373463,0.9506788458990499,0.8574376898744046,0.7648464443217767,0.7217820961464574,0.6803018268975012,0.9656597216707911
0.301,8.62769398324225,0.9920715794080708,0.9996799621161093,0.999922168121113,0.9999967112773781,0.9999631653564703,0.9999018493344578,0.9988020953138742,0.995582814138222,0.9921937590406563,0.9810958386397897,0.97521536430783,0.9509524960576049,0.8579585647798312,0.7654968650182546,0.7224686643703924,0.6809930105429292,0.9657832732692893
0.302,8.642732511657922,0.9921406834211066,0.999684522224987,0.9999234649377626,0.9999967839913172,0.9999638277998216,0.999903456400522,0.9988164961596846,0.9956258334201153,0.9922619161800708,0.9812313696999451,0.9753818205196868,0.9512237444903602,0.8584758567558977,0.7661434074551576,0.7231513523715467,0.6816804863063686,0.9659058509852461
0.303,8.657723773876375,0.9922089635142199,0.999689003022867,0.9999247361071814,0.9999968548734488,0.9999644762649319,0.999905032099494,0.9988306780874961,0.9956682961852027,0.9923292598897222,0.9813654937599228,0.9755466233293045,0.951492618682429,0.8589895994158941,0.7667861038925221,0.7238301909765924,0.6823642825335432,0.9660274658472494
0.304,8.672667992384937,0.9922764318232414,0.9996934061164354,0.9999259822101103,0.9999969239751995,0.9999651110870421,0.9999065771343857,0.9988446450521112,0.9957102112064398,0.9923958021563124,0.981498229290392,0.9757097936685404,0.9517591457352372,0.8594998259776607,0.7674249862493189,0.7245052106996652,0.683044427290601,0.9661481287221114
0.305,8.687565388276763,0.9923431002730657,0.9996977330754705,0.9999272038125635,0.999996991346411,0.9999657325924367,0.9999080921905231,0.9988584009261811,0.9957515870950527,0.9924615547582215,0.9816295944717283,0.9758713521504856,0.9520233523728181,0.8600065692691651,0.768060086107821,0.7251764417462091,0.6837209483674949,0.9662678503177665
0.306,8.702416181261732,0.9924089805818599,0.9997019854337874,0.9999284014662398,0.9999970570353931,0.9999663410987059,0.999909577936038,0.998871949502127,0.9957924323039383,0.9925265292696612,0.9817596071993036,0.9760313190751132,0.9522852649479867,0.8605098617339881,0.768691434717902,0.7258439140167651,0.6843938732813097,0.966386641186114
0.307,8.717220589677252,0.9924740842651781,0.9997061646901558,0.9999295757089228,0.9999971210889751,0.9999669369150005,0.9999110350223442,0.998885294494012,0.9958327551309832,0.9925907370647356,0.9818882850886677,0.9761897144348121,0.9525449094484012,0.8610097354367209,0.769319063001273,0.7265076571107055,0.685063229279548,0.9665045117257947
0.308,8.731978830498962,0.9925384226399842,0.9997102723091922,0.9999307270648672,0.9999971835525543,0.9999675203422785,0.999912464084601,0.9988984395393637,0.995872563722306,0.9926541893214104,0.9820156454806224,0.9763465579198092,0.9528023115025072,0.8615062220682713,0.7699430015556532,0.7271677003299148,0.6857290433433623,0.9666214721849148
0.309,8.746691119351324,0.9926020068285828,0.9997143097222266,0.9999318560451748,0.9999972444701446,0.9999680916735435,0.9999138657421603,0.9989113882009504,0.9959118660754223,0.9927168970253946,0.9821417054461916,0.9765018689234838,0.9530574963853744,0.8619993529510863,0.7705632806588808,0.727824072682417,0.6863913421907465,0.9667375326637088
0.31,8.761357670518134,0.9926648477624648,0.9997182783281459,0.9999329631481587,0.9999973038844213,0.9999686511940753,0.9999152405990023,0.9989241439685107,0.9959506700423364,0.992778870973934,0.9822664817914893,0.9766556665475746,0.9533104890244225,0.8624891590442868,0.771179930272961,0.7284768028859504,0.6870501522796792,0.9668527031171494
0.311,8.775978696952922,0.9927269561860653,0.9997221794942127,0.9999340488596961,0.9999973618367662,0.999969199181654,0.9999165892441568,0.9989367102604401,0.9959889833325615,0.9928401217795221,0.9823899910624868,0.9768079696072831,0.9535613140050406,0.862975670948721,0.7717929800480527,0.7291259193714928,0.6877054998112222,0.9669669933575009
0.312,8.790554410289257,0.9927883426604396,0.9997260145568629,0.9999351136535707,0.9999974183673094,0.9999697359067767,0.9999179122521127,0.9989490904254332,0.9960268135160678,0.992900659873527,0.982512249549684,0.9769587966362757,0.9538099955761038,0.8634589189119346,0.7724024593264004,0.7297714502867348,0.6883574107325772,0.9670804130568229
0.313,8.805085020850955,0.9928490175668567,0.9997297848224791,0.9999361579918054,0.9999974735149707,0.9999702616328675,0.9999192101832145,0.9989612877440843,0.9960641680261647,0.9929604955097401,0.9826332732926842,0.9771081658915856,0.9540565576553862,0.8639389328330613,0.7730083971462012,0.7304134234995034,0.689005910740097,0.9671929717494182
0.314,8.819570737662204,0.9929089911103143,0.9997334915681445,0.9999371823249837,0.9999975273174999,0.9999707766164803,0.9999204835840478,0.9989733054304476,0.9961010541623138,0.9930196387678444,0.9827530780846772,0.9772560953584186,0.9543010238348749,0.8644157422676341,0.773610822245421,0.7310518666011394,0.6896510252822563,0.9673046788342337
0.315,8.834011768457584,0.9929682733229754,0.999737136042375,0.9999381870925633,0.9999975798115139,0.9999712811074958,0.9999217329878126,0.998985146633557,0.9961374790928786,0.9930780995568083,0.9828716794768296,0.977402602754863,0.954543417385986,0.8648893764323188,0.7742097630655509,0.7316868069098235,0.6902927795625791,0.9674155435772105
0.316,8.848408319691991,0.9930268740675305,0.9997407194658318,0.9999391727231782,0.9999976310325344,0.999971775349313,0.9999229589146856,0.9989968144389081,0.9961734498578106,0.9931358876182034,0.9829890927825883,0.9775477055365066,0.9547837612646849,0.865359864209572,0.7748052477553081,0.7323182714738565,0.6909311985425259,0.9675255751135862
0.317,8.862760596550487,0.9930848030404852,0.9997442430320134,0.9999401396349341,0.9999976810150233,0.9999722595790332,0.9999241618721726,0.9990083118699021,0.9962089733712736,0.993193012529451,0.9831053330818954,0.9776914209009636,0.955022078116512,0.8658272341522246,0.775397304174285,0.7329462870748951,0.6915663069443403,0.9676347824501504
0.318,8.877068802958036,0.9931420697753763,0.9997477079079302,0.9999410882356928,0.999997729792417,0.9999727340276396,0.9999253423554492,0.9990196418892541,0.9962440564242069,0.993249483706997,0.9832204152253196,0.9778337657923123,0.9552583902815178,0.8662915144879919,0.7759859598965424,0.7335708802311396,0.6921981292538568,0.9677431744674535
0.319,8.891333141589167,0.9931986836459178,0.9997511152347592,0.9999420189233502,0.9999977773971596,0.9999731989201708,0.9999265008476926,0.9990308074003649,0.996278705686832,0.9933053104094168,0.983334353838103,0.9779747569054452,0.9554927197991072,0.8667527331239105,0.7765712422141516,0.7341920772004767,0.6928266897232669,0.9678507599219711
0.32,8.905553813877551,0.9932546538690777,0.9997544661284818,0.9999429320861047,0.999997823860735,0.9999736544758888,0.9999276378204034,0.9990418112486593,0.9963129277111005,0.9933605017404551,0.983447163324129,0.978114410690335,0.9557250884127956,0.8672109176507068,0.7771531781406842,0.7348099039835806,0.6934520123738497,0.9679575474482268
0.321,8.919731020025472,0.9933099895080899,0.9997577616805042,0.9999438281027183,0.9999978692136976,0.9999741009084425,0.9999287537337167,0.9990526562228904,0.9963467289330865,0.993415066651997,0.9835588578698087,0.9782527433562176,0.955955517574879,0.8676660953470952,0.7777317944146517,0.735424386326968,0.6940741209986634,0.9680635455608683
0.322,8.933864959013224,0.9933646994753983,0.9997610029582603,0.9999447073427697,0.9999979134857023,0.9999745384260252,0.9999298490367065,0.9990633450564114,0.9963801156753257,0.9934690139469771,0.9836694514478908,0.9783897708756926,0.9561840284510197,0.8681182931840067,0.7783071175028946,0.7360355497260118,0.6946930391651995,0.9681687626567043
0.323,8.947955828608432,0.9934187925355393,0.9997641910057992,0.9999455701669007,0.9999979567055335,0.9999749672315283,0.9999309241676789,0.9990738804284158,0.9964130941491005,0.9935223522822241,0.983778957821196,0.9785255089887454,0.9564106419247487,0.8685675378287541,0.7788791736039224,0.736643419427913,0.6953087902179997,0.9682732070167012
0.324,8.962003825375254,0.9934722773079618,0.9997673268443564,0.999946416927054,0.999997998901132,0.9999753875226897,0.9999319795544584,0.999084264965147,0.9964456704566741,0.9935750901712457,0.9838873905462767,0.9786599732066912,0.9566353786018872,0.8690138556491279,0.7794479886512065,0.7372480204346299,0.6959213972812386,0.9683768868079371
0.325,8.976009144683545,0.9935251622697858,0.9997704114729097,0.9999472479667058,0.9999980400996229,0.9999757994922371,0.9999330156146652,0.9990945012410773,0.9964778505934743,0.9936272359869528,0.9839947629770045,0.9787931788160429,0.9568582588148888,0.8694572727174305,0.7800135883164239,0.737849377505768,0.6965308832612702,0.9684798100855205
0.326,8.989971980717897,0.993577455758503,0.9997734458687202,0.9999480636210903,0.999998080327341,0.9999762033280288,0.9999340327559838,0.9991045917800585,0.9965096404502278,0.9936787979643255,0.9841010882680866,0.9789251408823038,0.9570793026271032,0.869897814814445,0.7805759980126554,0.7384475151614286,0.6971372708491371,0.968581984794468
0.327,9.003892526486624,0.9936291659746184,0.9997764309878587,0.9999488642174186,0.9999981196098562,0.9999765992131885,0.9999350313764256,0.9991145390564434,0.9965410458150475,0.993729784203022,0.9842063793785132,0.9790558742536883,0.9572985298369645,0.8703355074333439,0.7811352428975384,0.7390424576850201,0.6977405825230498,0.9686834187715458
0.328,9.017770973830645,0.993680300984237,0.9997793677657187,0.9999496500750901,0.9999981579719969,0.9999769873262361,0.9999360118645824,0.9991243454961806,0.9965720723754722,0.9937802026699328,0.9843106490749368,0.9791853935647719,0.9575159599821038,0.8707703757835354,0.7816913478763726,0.7396342291260275,0.6983408405508289,0.9687841197470759
0.329,9.031607513432311,0.993730868721594,0.9997822571175145,0.9999504215058991,0.999998195437874,0.9999773678412158,0.999936974599873,0.9991340134778809,0.9966027257204616,0.9938300612016793,0.984413909934986,0.9793137132400687,0.9577316123433894,0.8712024447944497,0.782244337605183,0.7402228533027464,0.6989380669923146,0.9688840953467053
0.33,9.045402334824121,0.9937808769915325,0.9997850999387672,0.999951178814235,0.9999982320309035,0.9999777409278193,0.9999379199527834,0.9991435453338601,0.9966330113423466,0.9938793675070602,0.9845161743505133,0.9794408474975441,0.9579455059488945,0.8716317391192674,0.7827942364937397,0.7408083538049781,0.699532283701745,0.9689833530931412
0.331,9.059155626397391,0.9938303334719281,0.9997878971057776,0.999951922297276,0.9999982677738283,0.9999781067515054,0.999938848285099,0.9991529433511533,0.9966629346387361,0.9939281291694464,0.9846174545307803,0.9795668103520587,0.9581576595777948,0.8720582831385891,0.7833410687085317,0.741390753996688,0.7001235123300995,0.9690819004078524
0.332,9.072867575410823,0.9938792457160618,0.9997906494760862,0.9999526522451785,0.9999983026887383,0.9999784654736166,0.9999397599501315,0.9991622097725072,0.9966925009143822,0.9939763536491243,0.9847177625055806,0.9796916156187464,0.9583680917641975,0.8724821009640487,0.783884858175703,0.7419700770186282,0.7007117743274134,0.969179744612737
0.333,9.086538367999,0.9939276211549445,0.9997933578889212,0.99995336894126,0.9999983367970925,0.9999788172514913,0.9999406552929379,0.9991713467973464,0.9967217153830039,0.9940240482855909,0.9848171101283023,0.9798152769163303,0.9585768208009022,0.8729032164418707,0.7844256285839433,0.7425463457909229,0.7012970909450599,0.969276892931759
0.334,9.10016818918082,0.9939754670995907,0.9997960231656351,0.9999540726621774,0.9999983701197369,0.9999791622385735,0.9999415346505344,0.9991803565827172,0.9967505831690701,0.9940712202997999,0.984915509078931,0.979937807670374,0.9587838647430962,0.8733216531563732,0.7849634033873395,0.7431195830156208,0.7018794832379998,0.9693733524925504
0.335,9.11375722286783,0.9940227907432463,0.9997986461101294,0.9999547636781004,0.9999984026769249,0.9999795005845192,0.9999423983521039,0.9991892412442083,0.9967791093095446,0.9941178767963615,0.985012970866994,0.9800592211164731,0.9589892414119836,0.8737374344334159,0.7854982058081874,0.7436898111792096,0.7024589720670051,0.969469130327986
0.336,9.12730565187251,0.9940695991635676,0.9998012275092683,0.999955442252879,0.9999984344883344,0.9999798324352984,0.9999432467191978,0.9991980028568496,0.9968072987555917,0.994164024765695,0.9851095068344495,0.980179530303386,0.9591929683983527,0.8741505833437967,0.7860300588397628,0.7442570525551007,0.7030355781008484,0.9695642333777249
0.337,9.14081365791646,0.9941158993247579,0.9998037681332819,0.9999561086442076,0.9999984655730869,0.9999801579332962,0.9999440800659312,0.9992066434559888,0.9968351563742456,0.9942096710861379,0.9852051281585181,0.9802987480961056,0.9593950630660794,0.8745611227065947,0.786558985249054,0.7448213292060757,0.7036093218184652,0.9696586684897242
0.338,9.154281421638531,0.9941616980796562,0.9998062687361584,0.9999567631037829,0.9999984959497635,0.9999804772174088,0.9999448986991744,0.9992151650381473,0.996862686950042,0.9942548225260102,0.9852998458544615,0.9804168871788745,0.9595955425555703,0.8749690750924634,0.7870850075794562,0.7453826629867034,0.7041802235110881,0.9697524424217228
0.339,9.167709122602878,0.9942070021717851,0.9998087300560268,0.9999574058774592,0.9999985256364224,0.9999807904231381,0.9999457029187369,0.999223569561856,0.9968898951866154,0.9942994857456361,0.9853936707783068,0.9805339600581429,0.9597944237871457,0.8753744628268736,0.7876081481534288,0.745941075545722,0.70474830328435,0.969845561842697
0.34,9.181096939306931,0.9942518182373552,0.9998111528155285,0.9999580372053977,0.999998554650614,0.9999810976826831,0.9999464930175482,0.9992318589484699,0.9969167857082616,0.994343667299324,0.9854866136295197,0.9806499790654716,0.9599917234643636,0.875777307993306,0.7881284290751147,0.7464965883283909,0.7053135810603626,0.9699380333342887
0.341,9.194445049189325,0.9942961528072279,0.9998135377221806,0.9999586573222123,0.9999985830093975,0.9999813991250281,0.9999472692818324,0.9992400350829648,0.9969433630614655,0.9943873736373054,0.985578684953627,0.9807649563603816,0.9601874580772862,0.8761776324363965,0.7886458722329233,0.7470492225788092,0.7058760765797638,0.9700298633922068
0.342,9.20775362863771,0.9943400123088383,0.9998158854687295,0.999959266457112,0.9999986107293548,0.9999816948760296,0.9999480319912781,0.9992480998147142,0.9969696317163966,0.9944306111076341,0.9856698951447868,0.9808789039331504,0.9603816439056907,0.8765754577650335,0.7891604993020778,0.7475989993422044,0.7064358094037422,0.9701210584275994
0.343,9.221022852996551,0.9943834030680778,0.9998181967334944,0.9999598648340373,0.9999986378266059,0.9999819850584988,0.9999487814192036,0.9992560549582475,0.9969955960683726,0.9944733859580455,0.9857602544483134,0.9809918336075558,0.9605742970222227,0.8769708053554077,0.7896723317471276,0.7481459394671907,0.7069927989160296,0.9702116247684064
0.344,9.234252896574803,0.9944263313111391,0.9998204721807032,0.9999604526717952,0.9999986643168225,0.9999822697922836,0.9999495178327183,0.9992639022939913,0.9970212604392902,0.994515704337779,0.9858497729631516,0.9811037570435708,0.9607654332954984,0.8773636963540172,0.7901813908244258,0.7486900636079958,0.7075470643248727,0.9703015686606776
0.345,9.247443932653564,0.994468803166322,0.9998227124608197,0.9999610301841892,0.9999986902152415,0.9999825491943468,0.9999502414928783,0.9992716435689918,0.9970466290790269,0.9945575722993627,0.9859384606443056,0.9812146857400071,0.9609550683931497,0.8777541516806269,0.7906876975845714,0.7492313922266598,0.7080986246649754,0.9703908962698758
0.346,9.260596133493621,0.9945108246658041,0.9998249182108613,0.9999615975801456,0.9999987155366784,0.9999828233788434,0.9999509526548387,0.9992792804976217,0.9970717061668112,0.9945989958003606,0.986026327305222,0.9813246310371111,0.9611432177848213,0.8781421920311826,0.7911912728748196,0.7497699455952028,0.7086474987994167,0.9704796136821464
0.347,9.27370967034297,0.9945524017473731,0.99982709005471,0.9999621550638362,0.9999987402955399,0.9999830924571937,0.9999516515680015,0.9992868147622691,0.9970964958125648,0.994639980705086,0.9861133826201275,0.9814336041191113,0.9613298967451125,0.8785278378806827,0.7916921373414577,0.7503057437977657,0.7091937054215427,0.9705677269055708
0.348,9.286784713444225,0.9945935402561268,0.9998292286034148,0.9999627028347993,0.9999987645058361,0.9999833565381566,0.9999523384761592,0.9992942480140116,0.9971210020582154,0.9946805327862784,0.986199636126323,0.9815416160167207,0.9615151203564722,0.8789111094860069,0.7921903114321495,0.7508388067327223,0.7097372630568362,0.9706552418713924
0.349,9.299821432042013,0.9946342459461353,0.9998313344554863,0.9999632410880542,0.9999987881811926,0.9999836157278988,0.9999530136176346,0.9993015818732731,0.9971452288789823,0.9947206577267479,0.9862850972264352,0.9816486776095915,0.9616989035120426,0.8792920268887015,0.7926858153982455,0.7513691541147616,0.7102781900647583,0.9707421644352194
0.35,9.312819994390244,0.9946745244820723,0.9998334081971839,0.9999637700142163,0.9999988113348613,0.9999838701300636,0.9999536772254171,0.9993088179304667,0.9971691801846335,0.9947603611209846,0.9863697751906249,0.9817547996287266,0.9618812609184548,0.8796706099177249,0.7931786692970653,0.7518968054769465,0.7108165046405703,0.9708285003782094
0.351,9.325780567759377,0.994714381440812,0.9998354504027968,0.9999642897996058,0.999998833979733,0.9999841198458365,0.9999543295272946,0.9993159577466217,0.9971928598207179,0.9947996484767376,0.9864536791587557,0.9818599926588464,0.9620622070985779,0.8800468781921511,0.7936688929941448,0.7524217801727402,0.7113522248171278,0.9709142554082264
0.352,9.33870331844358,0.9947538223129945,0.9998374616349157,0.9999648006263553,0.9999988561283464,0.9999843649740093,0.9999549707459826,0.9993230028539968,0.9972162715697703,0.9948385252165604,0.9865368181425215,0.9819642671407133,0.9622417563942212,0.8804208511238336,0.7941565061654553,0.7529440973780115,0.7118853684666542,0.9709994351609823
0.353,9.35158841176785,0.9947928525045588,0.9998394424447002,0.9999653026725139,0.9999988777928999,0.9999846056110432,0.9999556010992493,0.9993299547566781,0.9972394191524909,0.9948769966793257,0.986619201027534,0.9820676333734136,0.9624199229687898,0.8807925479200301,0.7946415282995919,0.7534637760930097,0.7124159533024907,0.9710840452011535
0.354,9.364436012095052,0.9948314773382465,0.9998413933721377,0.9999657961121489,0.999998898985261,0.9999848418511288,0.9999562208000372,0.9993368149311639,0.9972623062289013,0.9949150681217113,0.9867008365753731,0.9821701015165987,0.9625967208098978,0.8811619875859884,0.7951239786999328,0.753980835144316,0.7129439968808243,0.9711680910234779
0.355,9.37724628283293,0.994869702055074,0.9998433149462964,0.9999662811154433,0.9999989197169761,0.9999850737862451,0.9999568300565821,0.9993435848269366,0.9972849363994749,0.9949527447196533,0.9867817334255979,0.9822716815926851,0.9627721637319349,0.8815291889274938,0.7956038764867673,0.7544952931867673,0.7134695166023908,0.971251578053834
0.356,9.390019386441006,0.994907531815776,0.9998452076855722,0.9999667578487932,0.9999989399992806,0.9999853015062172,0.9999574290725282,0.9993502658670202,0.997307313206244,0.994990031569774,0.9868619000977216,0.9823723834890158,0.9629462653785921,0.8818941705533796,0.7960812405993987,0.755007168705359,0.7139925297141605,0.9713345116502966
0.357,9.40275548443747,0.9949449717022204,0.9998470720979291,0.9999672264748999,0.9999989598431069,0.9999855250987714,0.9999580180470401,0.9993568594485257,0.9973294401338847,0.9950269336907775,0.9869413449931491,0.9824722169599827,0.9631190392253436,0.8822569508780009,0.7965560897982147,0.7555164800171166,0.7145130533109975,0.9714168971041766
0.358,9.415454737405978,0.9949820267187944,0.9998489086811341,0.9999676871528612,0.9999989792590946,0.9999857446495891,0.999958597174913,0.9993633669431837,0.9973513206107777,0.9950634560248214,0.9870200763970809,0.9825711916291102,0.9632904985818891,0.8826175481236717,0.7970284426667343,0.7560232452729503,0.715031104337302,0.9714987396410418
0.359,9.42811730500241,0.9950187017937643,0.9998507179229854,0.9999681400382598,0.9999989982575981,0.9999859602423602,0.9999591666466777,0.9993697896978657,0.9973729580100488,0.9950996034388577,0.9870981024803794,0.9826693169911028,0.9634606565945528,0.8829759803230661,0.7974983176136236,0.7565274824594802,0.7155466995886282,0.971580044421716
0.36,9.440743345961538,0.9950550017806066,0.999852500301536,0.9999685852832492,0.999999016848695,0.9999861719588335,0.9999597266487055,0.9993761290350922,0.9973943556505858,0.9951353807259503,0.9871754313014042,0.9827666024138555,0.9636295262486457,0.8833322653215866,0.7979657328746865,0.7570292094008403,0.7160598557132842,0.9716608165432642
0.361,9.453333018103697,0.9950909314593145,0.9998542562853114,0.9999690230366373,0.9999990350421948,0.9999863798788663,0.9999602773633077,0.99938238625353,0.9974155167980363,0.9951707926065642,0.987252070807811,0.9828630571404281,0.9637971203707858,0.8836864207796948,0.7984307065148286,0.757528443760458,0.7165705892139096,0.9717410610399586
0.362,9.465886478341323,0.9951264955376782,0.9998559863335212,0.9999694534439679,0.9999990528476461,0.9999865840804731,0.9999608189688348,0.9993885626284786,0.9974364446657842,0.9952058437298307,0.9873280288383202,0.9829586902909858,0.9639634516311819,0.8840384641752114,0.7988932564299951,0.758025203042813,0.7170789164490348,0.9718207828842256
0.363,9.478403882685496,0.9951616986525395,0.9998576908962667,0.9999698766476004,0.9999990702743444,0.9999867846398722,0.9999613516397711,0.9993946594123445,0.9974571424159053,0.995240538674787,0.9874033131244515,0.9830535108647039,0.9641285325458786,0.8843884128055803,0.7993534003490821,0.7585195045951709,0.7175848536346185,0.9718999869875792
0.364,9.490885386252389,0.9951965453710219,0.999859370414743,0.9999702927867862,0.9999990873313394,0.9999869816315313,0.9999618755468281,0.9994006778351056,0.9974776131601045,0.9952748819515924,0.987477931292229,0.98314752774164,0.964292375478965,0.8847362837901024,0.7998111558358231,0.759011365609296,0.7180884168455686,0.9719786782015339
0.365,9.50333114326969,0.9952310401917378,0.9998610253214354,0.9999707019977445,0.999999104027442,0.999987175128212,0.9999623908570353,0.9994066191047649,0.9974978599606332,0.9953088780027192,0.9875518908638535,0.9832407496845724,0.9644549926447467,0.8850820940721347,0.800266540290651,0.7595008031231414,0.7185896220172403,0.972056861318506
0.366,9.515741307082935,0.9952651875459706,0.999862656040312,0.9999711044137352,0.999999120371231,0.999987365201013,0.9999628977338273,0.9994124844077941,0.9975178858311878,0.9953425312041217,0.9876251992593461,0.9833331853408067,0.964616396109882,0.88542586042126,0.8007195709525345,0.7599878340225198,0.7190884849469192,0.9721345410726943
0.367,9.528116030161828,0.9952989917988342,0.9998642629870115,0.9999715001651299,0.9999991363710604,0.9999875519194115,0.999963396337131,0.9994182749095671,0.9975376937377906,0.9953758458663827,0.9876978637981617,0.9834248432439507,0.9647765977954839,0.8857675994354243,0.8011702649007912,0.7604724750427486,0.7195850212952832,0.9722117221409492
0.368,9.540455464106463,0.9953324572504109,0.9998658465690256,0.9999718893794818,0.9999991520350653,0.9999877353513047,0.9999638868234481,0.999423991754784,0.9975572865996517,0.9954088262358357,0.9877698917007735,0.9835157318156579,0.9649356094791867,0.8861073275430438,0.8016186390568757,0.7609547427702795,0.7200792465878466,0.9722884091436236
0.369,9.552759759653537,0.995365588136866,0.9998674071858782,0.9999722721815926,0.999999167371168,0.9999879155630493,0.9999643693459368,0.999429636067885,0.9975766672900143,0.9954414764956678,0.9878412900902289,0.9836058593673402,0.9650934427971798,0.8864450610050815,0.8020647101861456,0.7614346536443024,0.7205711762163861,0.9723646066454098
0.37,9.565029066682465,0.9953983886315417,0.999868945229299,0.9999726486935786,0.9999991823870847,0.9999880926194996,0.9999648440544916,0.9994352089534564,0.9975958386369823,0.9954738007669995,0.987912065993679,0.9836952341018521,0.9652501092462079,0.8867808159170948,0.8025084948996033,0.7619122239583329,0.7210608254403503,0.9724403191561632
0.371,9.577263534221487,0.9954308628460292,0.9998704610833944,0.9999730190349349,0.9999991970903308,0.9999882665840455,0.9999653110958197,0.9994407114966257,0.997614803424332,0.9955058031099451,0.987982226343878,0.9837838641151441,0.9654056201855391,0.8871146082112535,0.8029500096556155,0.7623874698617765,0.721548209388249,0.9725155511317094
0.372,9.589463310453684,0.9954630148312207,0.9998719551248123,0.9999733833225971,0.9999992114882269,0.9999884375186487,0.9999657706135167,0.9994461447634501,0.997633564392306,0.9955374875246507,0.9880517779806594,0.983871757397888,0.9655599868389008,0.8874464536583294,0.8033892707616103,0.7628604073614765,0.7220333430590293,0.972590306974639
0.373,9.601628542722985,0.9954948485783411,0.9998734277229051,0.999973741671003,0.9999992255879041,0.9999886054838788,0.9999662227481397,0.999451509801294,0.9976521242383924,0.9955688579523149,0.9881207276523827,0.9839589218370745,0.9657132202963841,0.8877763678696571,0.803826294375751,0.7633310523232385,0.7225162413234285,0.9726645910350855
0.374,9.613759377540056,0.9955263680199598,0.9998748792398874,0.9999740941921506,0.9999992393963095,0.9999887705389467,0.9999666676372791,0.9994568076392009,0.9976704856180881,0.9955999182761872,0.9881890820173574,0.9840453652175818,0.9658653315163186,0.888104366299068,0.8042610965085909,0.7637994204733394,0.7229969189253177,0.9727384076114963
0.375,9.625855960588236,0.9955575770309824,0.9998763100309902,0.9999744409956568,0.9999992529202114,0.9999889327417395,0.9999671054156275,0.9994620392882542,0.9976886511456462,0.9956306723225498,0.9882568476452392,0.9841310952237193,0.9660163313271154,0.8884304642447959,0.8046936930247026,0.7642655274000145,0.723475390483022,0.9728117609513821
0.376,9.637918436729324,0.9955884794296255,0.9998777204446117,0.9999747821888129,0.9999992661662042,0.9999890921488526,0.9999675362150475,0.9994672057419326,0.9977066233948091,0.9956611238616785,0.9883240310184036,0.9842161194407425,0.966166230429082,0.8887546768513571,0.8051240996442905,0.7647293885549287,0.7239516704906295,0.9728846552520601
0.377,9.649946950009387,0.9956190789783705,0.9998791108224642,0.9999751178766395,0.9999992791407134,0.999989248815621,0.9999679601646384,0.999472307976456,0.9977244048995267,0.9956912766087865,0.9883906385332939,0.9843004453563432,0.9663150393962069,0.8890770191114025,0.805552331944779,0.7651910192546264,0.7244257733192803,0.97295709466138
0.378,9.661941643664479,0.9956493793849013,0.9998804814997178,0.9999754481619397,0.9999992918500001,0.9999894027961516,0.9999683773907999,0.9994773469511249,0.9977419981546605,0.9957211342249509,0.9884566765017466,0.9843840803621139,0.9664627686779166,0.889397505867545,0.8059784053623821,0.765650434681966,0.7248977132184429,0.9730290832784402
0.379,9.673902660126346,0.9956793843030225,0.9998818328051408,0.9999757731453511,0.999999304300166,0.9999895541433518,0.9999687880172949,0.9994823236086512,0.9977594056166731,0.9957507003180192,0.9885221511522931,0.9844670317549868,0.9666094286008036,0.8897161518141603,0.8064023351936521,0.7661076498875345,0.7253675043171726,0.9731006251542913
0.38,9.685830141028037,0.9957090973335614,0.9998831650612356,0.9999760929253964,0.9999993164971576,0.9999897029089602,0.9999691921653109,0.9994872388754832,0.9977766297043049,0.9957799784435015,0.9885870686314381,0.9845493067386489,0.9667550293703283,0.8900329714991638,0.8068241365970086,0.7665626797910464,0.7258351606253556,0.9731717242926258
0.381,9.697724227209521,0.995738522025253,0.9998844785843739,0.9999764075985325,0.9999993284467701,0.999989849143574,0.999969589953519,0.9994920936621228,0.9977936727992373,0.9958089721054442,0.9886514350049166,0.9846309124249322,0.966899581072492,0.8903479793257612,0.8072438245942476,0.7670155391827225,0.726300696034938,0.9732423846504594
0.382,9.709585058723206,0.9957676618756073,0.9998857736849255,0.9999767172591986,0.9999993401546523,0.9999899928966778,0.9999699814981324,0.9994968888634352,0.9978105372467415,0.9958376847572874,0.9887152562589285,0.9847118558351807,0.9670430936754849,0.8906611895541755,0.807661414072032,0.7674662427246552,0.7267641243211388,0.9733126101387969
0.383,9.721412774839461,0.9957965203317611,0.9998870506673866,0.999977021999863,0.9999993516263104,0.9999901342166697,0.9999703669129627,0.9995016253589538,0.9978272253563167,0.9958661198027065,0.9887785383013521,0.9847921439015948,0.9671855770313073,0.8909726163033505,0.8080769197833617,0.7679148049521539,0.7272254591436498,0.9733824046232901
0.384,9.733207514052044,0.995825100791314,0.9998883098305044,0.9999773219110693,0.9999993628671118,0.9999902731508885,0.9999707463094752,0.9995063040131758,0.9978437394023141,0.9958942805964379,0.9888412869629356,0.9848717834685511,0.9673270408773651,0.8912822735526297,0.8084903563490271,0.7683612402750757,0.7276847140478188,0.9734517719248822
0.385,9.744969414083528,0.995853406603148,0.9998895514673981,0.9999776170814795,0.9999993738822888,0.9999904097456385,0.9999711197968427,0.9995109256758539,0.9978600816245486,0.9959221704450895,0.9889035079984696,0.9849507812939023,0.9674674948380407,0.891590175143412,0.8089017382590404,0.7688055629791374,0.7281419024658208,0.9735207158204441
0.386,9.75669861189064,0.9958814410682321,0.9998907758656779,0.9999779075979188,0.9999993846769427,0.9999905440462152,0.9999714874819974,0.9995154911822804,0.9978762542289005,0.9959497926079353,0.9889652070879376,0.9850291440502535,0.9676069484262386,0.8918963347807862,0.8093110798740544,0.7692477872272153,0.7285970377178131,0.9735892400433965
0.387,9.768395243669598,0.9959092074404123,0.9998919833075607,0.999978193545417,0.9999993952560472,0.9999906760969292,0.9999718494696826,0.999520001353566,0.9978922593879025,0.9959771502976962,0.9890263898376478,0.9851068783262177,0.9677454110449069,0.8922007660351401,0.8097183954267564,0.7696879270606248,0.7290501330130774,0.9736573482843244
0.388,9.780059444861367,0.9959367089271867,0.9998931740699835,0.9999784750072497,0.9999994056244518,0.9999908059411298,0.9999722058625024,0.9995244569969111,0.9979080992413182,0.9960042466813053,0.9890870617813454,0.9851839906276495,0.967882891988535,0.8925034823437502,0.8101236990232512,0.7701259964003873,0.7295012014511482,0.9737250441915808
0.389,9.791691350156901,0.9959639486904652,0.999894348424714,0.999978752064979,0.9999994157868851,0.9999909336212283,0.9999725567609695,0.9995288589058734,0.9979237758967069,0.99603108488066,0.9891472283813051,0.9852604873788596,0.9680194004446284,0.892804497012348,0.810527004644421,0.770562009048479,0.7299502560229265,0.973792331371878
0.39,9.803291093502304,0.9959909298473174,0.9998955066384587,0.9999790247984918,0.9999994257479587,0.9999910591787203,0.9999729022635541,0.9995332078606285,0.9979392914299793,0.996057667973359,0.9892068950294053,0.9853363749238075,0.9681549454951595,0.893103823216665,0.8109283261472718,0.7709959786890688,0.7303973096117826,0.9738592133908739
0.391,9.814858808104004,0.9960176554707039,0.9998966489729683,0.9999792932860389,0.9999994355121695,0.9999911826542076,0.9999732424667281,0.9995375046282247,0.997954647885941,0.996083998993427,0.9892660670481842,0.985411659527275,0.9682895361179958,0.8934014740039576,0.8113276772662619,0.7714279188897354,0.7308423749946427,0.9739256937737436
0.392,9.826394626433823,0.9960441285901965,0.9998977756851407,0.9999795576042713,0.9999994450839034,0.9999913040874193,0.9999735774650121,0.9995417499628336,0.997969847278827,0.9961100809320247,0.9893247496918778,0.9854863473760203,0.9684231811883077,0.8936974622945097,0.8117250716146124,0.7718578431026741,0.7312854648430642,0.9739917760057438
0.393,9.837898680234053,0.9960703521926837,0.9998988870271223,0.9999798178282772,0.9999994544674381,0.9999914235172327,0.9999739073510179,0.9995459446059943,0.9979848915928241,0.9961359167381468,0.9893829481474393,0.9855604445799119,0.9685558894799521,0.8939918008831151,0.812120522685603,0.7722857646658868,0.7317265917242978,0.9740574635327689
0.394,9.849371100522458,0.9960963292230637,0.9998999832464059,0.9999800740316169,0.9999994636669459,0.9999915409816936,0.9999742322154918,0.999550089286853,0.9979997827825853,0.9961615093193068,0.9894406675355429,0.9856339571730456,0.9686876696668356,0.894284502440542,0.812514043853851,0.7727116968043589,0.7321657681023382,0.9741227597618958
0.395,9.860812017597254,0.9961220625849248,0.9999010645859272,0.9999803262863576,0.999999472686497,0.9999916565180356,0.9999745521473563,0.9995541847223972,0.9980145227737319,0.9961868615422087,0.9894979129115686,0.9857068911148412,0.9688185303242572,0.8945755795149734,0.8129056483765734,0.7731356526312203,0.732603006338959,0.9741876680619207
0.396,9.872221561042048,0.9961475551412131,0.9999021312841587,0.999980574663107,0.9999994815300617,0.9999917701626997,0.9999748672337515,0.9995582316176854,0.9980291134633491,0.9962119762334076,0.9895546892665725,0.985779252291122,0.9689484799302297,0.8948650445334325,0.8132953493948353,0.7735576451488938,0.7330383186947391,0.9742521917638884
0.397,9.883599859730719,0.9961728097148886,0.9999031835752016,0.9999808192310458,0.9999994902015134,0.9999918819513526,0.9999751775600738,0.9995622306660715,0.9980435567204684,0.9962368561799572,0.9896110015282384,0.9858510465151759,0.9690775268667801,0.8951529098031851,0.8136831599347801,0.7739776872502293,0.7334717173300744,0.9743163341616112
0.398,9.89494704183227,0.9961978290895681,0.9999042216888753,0.99998106005796,0.9999994987046307,0.9999919919189051,0.9999754832100153,0.9995661825494249,0.9980578543865445,0.9962615041300458,0.9896668545618156,0.9859222795288001,0.9692056794212315,0.8954391875131258,0.8140690929088472,0.7743957917196238,0.7339032143061793,0.9743800985121783
0.399,9.90626323481566,0.9962226160101579,0.9999052458508058,0.9999812972102722,0.9999995070431009,0.9999921000995298,0.9999757842656014,0.9995700879383456,0.9980720082759201,0.9962859227936208,0.9897222531710389,0.9859929570033275,0.9693329457874644,0.8957238897351437,0.8144531611169719,0.774811971234129,0.7343328215860743,0.9744434880364612
0.4,9.917548565454545,0.996247173183474,0.9999062562825107,0.9999815307530718,0.9999995152205216,0.999992206526678,0.9999760808072282,0.9995739474923753,0.9980860201762842,0.9963101148430026,0.9897772020990352,0.986063084540637,0.9694593340671589,0.8960070284254714,0.814835377247773,0.775226238364545,0.7347605510355635,0.9745065059196071
