Beta,R_0,R1,R2,R3,R4,R5,R6,R7,R8,R9,R10,R11,R12,R13,R14,R15,R16,R_all
0.0,0.0,0.0,0.0,0.0,0.0,0.0,0.0,0.0,0.0,0.0,0.0,0.0,0.0,0.0,0.0,0.0,0.0,0.0
0.001,0.04713903098703889,0.0,0.0,0.0,0.0,0.0,0.0,0.0,0.0,0.0,0.0,0.0,0.0,0.0,0.0,0.0,0.0,0.0
0.002,0.0939969146719682,0.0,0.0,0.0,0.0,0.0,0.0,0.0,0.0,0.0,0.0,0.0,0.0,0.0,0.0,0.0,0.0,0.0
0.003,0.14057615881070365,0.0,0.0,0.0,0.0,0.0,0.0,0.0,0.0,0.0,0.0,0.0,0.0,0.0,0.0,0.0,0.0,0.0
0.004,0.18687924142292492,0.0,0.0,0.0,0.0,0.0,0.0,0.0,0.0,0.0,0.0,0.0,0.0,0.0,0.0,0.0,0.0,0.0
0.005,0.23290861123152712,0.0,0.0,0.0,0.0,0.0,0.0,0.0,0.0,0.0,0.0,0.0,0.0,0.0,0.0,0.0,0.0,0.0
0.006,0.2786666880943026,0.0,0.0,0.0,0.0,0.0,0.0,0.0,0.0,0.0,0.0,0.0,0.0,0.0,0.0,0.0,0.0,0.0
0.007,0.3241558634280118,0.0,0.0,0.0,0.0,0.0,0.0,0.0,0.0,0.0,0.0,0.0,0.0,0.0,0.0,0.0,0.0,0.0
0.008,0.369378500625,0.0,0.0,0.0,0.0,0.0,0.0,0.0,0.0,0.0,0.0,0.0,0.0,0.0,0.0,0.0,0.0,0.0
0.009,0.41433693546251216,0.0,0.0,0.0,0.0,0.0,0.0,0.0,0.0,0.0,0.0,0.0,0.0,0.0,0.0,0.0,0.0,0.0
0.01,0.4590334765048544,0.0,0.0,0.0,0.0,0.0,0.0,0.0,0.0,0.0,0.0,0.0,0.0,0.0,0.0,0.0,0.0,0.0
0.011,0.5034704054985479,0.0,0.0,0.0,0.0,0.0,0.0,0.0,0.0,0.0,0.0,0.0,0.0,0.0,0.0,0.0,0.0,0.0
0.012,0.5476499777606177,8.881784197001252e-16,1.4432899320127035e-15,1.4432899320127035e-15,3.6637359812630166e-15,2.7755575615628914e-15,2.55351295663786e-15,1.887379141862766e-15,1.887379141862766e-15,1.6653345369377348e-15,1.4432899320127035e-15,1.3322676295501878e-15,8.881784197001252e-16,5.551115123125783e-16,0.0,5.551115123125783e-16,1.1102230246251565e-16,1.3060916853518527e-15
0.013,0.591574422560154,1.6653345369377348e-15,2.9976021664879227e-15,3.219646771412954e-15,6.217248937900877e-15,6.217248937900877e-15,5.551115123125783e-15,3.6637359812630166e-15,3.3306690738754696e-15,2.9976021664879227e-15,2.6645352591003757e-15,2.6645352591003757e-15,1.6653345369377348e-15,1.2212453270876722e-15,5.551115123125783e-16,1.4432899320127035e-15,6.661338147750939e-16,2.6179229338098404e-15
0.014,0.6352459434932821,0.0,0.0,0.0,0.0,0.0,0.0,0.0,0.0,0.0,0.0,0.0,0.0,0.0,0.0,0.0,0.0,0.0
0.015,0.6786667188516745,0.0,0.0,0.0,0.0,0.0,0.0,0.0,0.0,0.0,0.0,0.0,0.0,0.0,0.0,0.0,0.0,0.0
0.016,0.7218389019847328,1.887379141862766e-15,3.1086244689504383e-15,3.4416913763379853e-15,7.549516567451064e-15,7.216449660063518e-15,5.995204332975845e-15,3.9968028886505635e-15,3.3306690738754696e-15,3.1086244689504383e-15,2.886579864025407e-15,2.9976021664879227e-15,2.1094237467877974e-15,1.2212453270876722e-15,7.771561172376096e-16,1.5543122344752192e-15,6.661338147750939e-16,2.8716740095448715e-15
0.017,0.7647646216555661,9.992007221626409e-16,1.5543122344752192e-15,1.4432899320127035e-15,3.885780586188048e-15,3.552713678800501e-15,3.4416913763379853e-15,2.1094237467877974e-15,1.9984014443252818e-15,1.7763568394002505e-15,1.5543122344752192e-15,1.4432899320127035e-15,1.2212453270876722e-15,7.771561172376096e-16,0.0,6.661338147750939e-16,1.1102230246251565e-16,1.473586182999518e-15
0.018,0.8074459823908918,1.7763568394002505e-15,3.1086244689504383e-15,3.3306690738754696e-15,7.438494264988549e-15,6.994405055138486e-15,5.88418203051333e-15,3.885780586188048e-15,3.3306690738754696e-15,3.1086244689504383e-15,2.886579864025407e-15,2.886579864025407e-15,1.887379141862766e-15,1.2212453270876722e-15,6.661338147750939e-16,1.4432899320127035e-15,6.661338147750939e-16,2.8011385596896367e-15
0.019,0.8498850648249764,1.7763568394002505e-15,3.1086244689504383e-15,3.3306690738754696e-15,7.438494264988549e-15,6.994405055138486e-15,5.88418203051333e-15,3.885780586188048e-15,3.3306690738754696e-15,3.1086244689504383e-15,2.886579864025407e-15,2.886579864025407e-15,1.887379141862766e-15,1.2212453270876722e-15,5.551115123125783e-16,1.3322676295501878e-15,6.661338147750939e-16,2.787322254758888e-15
0.02,0.8920839260377359,7.438494264988549e-15,1.2101430968414206e-14,1.3322676295501878e-14,3.297362383136715e-14,2.986499936241671e-14,2.4980018054066022e-14,1.587618925213974e-14,1.354472090042691e-14,1.3655743202889425e-14,1.2323475573339238e-14,1.199040866595169e-14,8.43769498715119e-15,5.995204332975845e-15,3.4416913763379853e-15,5.440092820663267e-15,3.3306690738754696e-15,1.1915709282487561e-14
0.021,0.934044599887112,6.439293542825908e-15,1.0547118733938987e-14,1.176836406102666e-14,2.8754776337791554e-14,2.531308496145357e-14,2.1538326677728037e-14,1.3877787807814457e-14,1.1657341758564144e-14,1.1657341758564144e-14,1.0103029524088925e-14,1.021405182655144e-14,7.438494264988549e-15,4.9960036108132044e-15,2.6645352591003757e-15,4.551914400963142e-15,2.7755575615628914e-15,1.021503875532911e-14
0.022,0.9757690973358348,3.6293190674996367e-13,5.998535002049721e-13,6.714628852932947e-13,1.8515189381673736e-12,1.6123768986631148e-12,1.3109513474773848e-12,8.257838857161914e-13,6.920020112488601e-13,6.896705428971472e-13,6.417089082333405e-13,6.220579606974752e-13,4.3298697960381105e-13,2.9409807922320397e-13,1.673106098110111e-13,2.651212582804874e-13,1.5998313784848506e-13,6.163397648894361e-13
0.023,1.0172594067726848,0.010775873101110722,0.017801807461618968,0.019734829097303952,0.052637789056992124,0.04644601603485199,0.03812049997588596,0.02425977253696543,0.020369980559958978,0.02027326791461026,0.018825149008916298,0.018256661213438052,0.012772531491525574,0.008696387663595928,0.004968051898597725,0.007849872962144011,0.00473407507323198,0.01802555148477604
0.024,1.0585174943283582,0.03715465407133234,0.061343841550011824,0.066582647565117,0.16445199319648207,0.14931675738712036,0.125166271874794,0.08160764176730906,0.06889771680851964,0.06834586464325454,0.06319841652267688,0.06136108795877515,0.04340749925548548,0.029839863566138547,0.017206708876626342,0.027010344365665406,0.01627117040870163,0.0601260209333517
0.025,1.0995453041860466,0.06387303789375853,0.10522980321262465,0.11228675514850084,0.25909059156864733,0.24048373811904955,0.20527640223772803,0.13694729673810246,0.11627241998801541,0.11505615040402506,0.10607454044088238,0.10309066283166513,0.07368663961394084,0.05111807340558461,0.02974083913708414,0.04641498645775055,0.027953181330054755,0.10036096713224545
0.026,1.1403447588868274,0.09056915753239903,0.14868539189108454,0.15647640122490847,0.33985217723362204,0.3208988640772611,0.278244868622778,0.18968663054286727,0.16196452629407565,0.1599715460775556,0.14718421599507403,0.14316493457697055,0.1033313842087189,0.07230633539539266,0.04242951222376401,0.06586854093559313,0.03968361758717465,0.1385879894404804
0.027,1.180917759629972,0.11698891467034434,0.19115830887605145,0.19891278429611658,0.40928586384348187,0.39170040061481093,0.3442951132762263,0.23953024481642626,0.20567017704703405,0.20285447757105812,0.1863977998296894,0.1814460467570349,0.13217028169129474,0.09325221662387684,0.0551709336845726,0.08523131202244372,0.05139277742805337,0.17477217547327353
0.028,1.2212661865682657,0.14295576480039218,0.23226898146761832,0.23945539326259568,0.4693804108478682,0.454032232020643,0.4038676863576325,0.28637297439964826,0.2472363974393199,0.24359619318106074,0.2236746169029925,0.21788649962091,0.1601032411968596,0.11385318420989254,0.06789119692765444,0.1044032473409704,0.06303008093601026,0.2089438232339364
0.029,1.261391899098436,0.16834914304465742,0.27176998195336577,0.27803643659501276,0.5217044923658967,0.5089608338569818,0.4574962359439563,0.3302292205892289,0.2866101093702632,0.2821722776976656,0.2590301140752571,0.2524955193543458,0.1870778001833454,0.13404141001835057,0.08053646661568326,0.12331289486048802,0.07455880448819541,0.2411717019706374
0.03,1.301296736146789,0.193089069163367,0.3095134131344053,0.31464121160099245,0.5675090634114519,0.5574432177172148,0.5057373521203309,0.3711864752009324,0.3238035393072948,0.31861277070425054,0.2925144935112185,0.2853173423170571,0.21307332013005043,0.15377340005788875,0.09306751838659433,0.14190966855643106,0.0859524029584311,0.27154610124836137
0.031,1.3409825164501372,0.21712508864867197,0.34542514467228835,0.3492930249052295,0.6078021212829765,0.6003204022025613,0.5491324645914055,0.4093748758008404,0.35887073123263236,0.35298203378075443,0.3241987291438472,0.31641710987088134,0.23809036945095963,0.17302284234217502,0.10545587705589643,0.16015835209060858,0.0971918902853206,0.3001680569294575
0.032,1.380451038832117,0.2404282641074751,0.37948475714584784,0.3820416763684207,0.6434037381376378,0.6383229261886693,0.5881885417504967,0.44494734465069286,0.3918915816040729,0.385365153942387,0.35416537731181885,0.3458716655496341,0.2621435243372573,0.19177561587265513,0.11768104795448386,0.17803513651016933,0.1082639409281847,0.3271425179232509
0.033,1.4197040824749774,0.26298533171581984,0.411710132623328,0.4129547454362864,0.6749870065772325,0.6720813989883155,0.6233696585248025,0.47806672505107684,0.4229609937833554,0.415858762911798,0.38250253653255195,0.37376354540750734,0.2852564481209654,0.2100262687787301,0.1297285066291174,0.19552472770050588,0.11915949393455094,0.35257405681350806
0.034,1.458743407186933,0.2847944098816103,0.44214575591436134,0.442111070585977,0.7031088571570301,0.7021385388360866,0.6550947163528995,0.5088975555965198,0.45218153610219525,0.4445648618407654,0.40929989737998307,0.4001770702126861,0.3074585082750725,0.22777550870017405,0.14158822271290872,0.21261821224340105,0.12987271473979023,0.3765642377791482
0.035,1.4975707536651588,0.30586183110783327,0.47085393177501167,0.46959593010199685,0.7282335195762365,0.7289609798684227,0.683738523998078,0.5376009237492433,0.47965850920399444,0.47158670374884937,0.434646190889175,0.42519583301217456,0.3287824428017331,0.24502839952641875,0.153253565374725,0.22931146871383623,0.14040021591841723,0.3992100698920115
0.036,1.5361878437545127,0.3261997932665426,0.4979082630707846,0.49549752999422336,0.7507505797358196,0.7529500853607274,0.709634597821265,0.5643313637619412,0.5054966758251449,0.4970260905679277,0.4586275779115244,0.44890111869823746,0.3492627498016385,0.26179305672897357,0.16472048474821177,0.24560397602659256,0.1507404679276606,0.42060317167988953
0.037,1.5745963807020704,0.3458246129026705,0.5233888627136883,0.5199044867875757,0.7709890208799712,0.7744514973303398,0.7330787269691283,0.5892351082181099,0.5297981397695746,0.5209816446713995,0.4813266732648639,0.4713709481385373,0.3689345794846143,0.27807969823035494,0.1759868951394501,0.2614979137822373,0.16089335076363298,0.44082939957772393
0.038,1.6127980494075405,0.3647554235941114,0.5473788828586652,0.5429040608079609,0.7892282469615424,0.793763397079893,0.7543327591160647,0.6124492302705147,0.5526610192273365,0.5435477515627452,0.5028219979494903,0.4926795409125295,0.38783297754143065,0.2938999510828679,0.18705220717219417,0.2769974792462401,0.17085981105863723,0.45996877545429854
0.039,1.650794516669651,0.38301320511336356,0.5699620369821794,0.5645809508060768,0.8057068141314558,0.811143564495564,0.7736283068696713,0.6341013654146981,0.5741786678758038,0.5648139634996451,0.5231877188243876,0.5128970576036833,0.4059923754377629,0.3092663436644283,0.19791697080004678,0.29210836628457637,0.18064159866793306,0.4780956029302891
0.04,1.6885874314285716,0.40062005964543546,0.5912208650154722,0.5850165048577873,0.8206294042135042,0.8268153686791953,0.7911702198565971,0.6543098033373907,0.5944392717717251,0.5848647177317359,0.5424935795934498,0.5320895272109213,0.42344625480467946,0.32419193335352237,0.20858260147578067,0.30683736621038327,0.19024106356991433,0.49527869860434476
0.041,1.7261784250044525,0.41759867329212486,0.611235550774782,0.604288237160385,0.8341724370366029,0.8409728325326855,0.8071397524602162,0.6731838088986482,0.6135257017217661,0.6037792672078175,0.5608049571157658,0.550318895281495,0.44022693476259167,0.33869003374622997,0.21905116912616962,0.3211920609683758,0.19966099879230936,0.5115816888005715
0.042,1.7635691113321494,0.4339719170400028,0.6300831470190322,0.6224695672864305,0.8464886196818444,0.8537849072964684,0.8216974060173512,0.6908240776725977,0.6315155368356649,0.6216317523385135,0.5781829976805246,0.5676431487605706,0.4563654460043004,0.3527740153976867,0.22932523486316714,0.3351805866558999,0.2089045186431846,0.5270633390314703
0.043,1.8007610871922055,0.44976255301941825,0.6478370990171158,0.6396297191871702,0.8577106586499986,0.8653990793293391,0.8349854514026843,0.7073232629537265,0.6484812001879997,0.638491363887294,0.5946848020822011,0.5841164874929717,0.47189146592326214,0.3664571611138887,0.23940772419061762,0.34881145090262233,0.217974964150356,0.54177789463305
0.044,1.8377559324381627,0.46499302044526225,0.6645669847007645,0.6558337330701163,0.8679543078740946,0.8759444155414723,0.8471301520737633,0.7227665325603333,0.6644901652500529,0.6544225621517425,0.6103636381519542,0.5997895218956659,0.4868332964302281,0.3797525618644352,0.24930182826407,0.3620933916910023,0.22687582955983776,0.5557754186907664
0.045,1.8745552102202645,0.4796852819606896,0.6803384101495609,0.6711425552970572,0.8773208860126469,0.8855341382919796,0.8582437141263645,0.7372321283602379,0.6796052042659395,0.6694853282291134,0.625269166221812,0.6147094829359696,0.5012178713112011,0.3926730430282189,0.25901092682261184,0.3750352682052265,0.23561070519788108,0.5691021185832346
0.046,1.9111604672056242,0.49386071581005564,0.6952130147931704,0.6856131805350054,0.8858993668095142,0.8942678063335063,0.8684259919468329,0.7507919113771505,0.6938846585974425,0.68373543067066,0.6394476677484824,0.6289204351323936,0.5150707836915214,0.40523111333173567,0.26853852794093247,0.3876459765354777,0.2441832330935072,0.5818006559994301
0.047,1.947573233794917,0.5075400427822344,0.7092485525050745,0.6992988272341876,0.8937681238502433,0.9022331659229226,0.8777659776011394,0.7635118820787768,0.7073827173318585,0.6972246961422877,0.6529422706363632,0.6424634864730949,0.5284163268298496,0.41743893077785377,0.277888220892028,0.39993438474290566,0.2525970725838046,0.5939104376605187
0.048,1.9837950243356646,0.5207432795038822,0.7224990236242672,0.7122491326416667,0.9009963938968497,0.9095077255577344,0.8863431003476939,0.7754526699997447,0.7201496948912084,0.7100012764686157,0.6657931671088305,0.6553769913508362,0.5412775433793171,0.4293082812904645,0.2870636392692828,0.411909283055807,0.26085587375112806,0.605467885559385
0.049,2.019827337332171,0.5334897116518409,0.7350148395875181,0.7245103574006424,0.9076455097870059,0.9161600988143661,0.8942283603033492,0.786669989897867,0.732232301528762,0.7221099070947741,0.6780378215834251,0.6676967441385037,0.5536762796356098,0.44085056685814883,0.2960684321655488,0.4235793459264062,0.26896325701981727,0.6165066865668821
0.05,2.055671655652174,0.5457978821607903,0.7468430068283145,0.7361255926505093,0.9137699436545033,0.9222511522624522,0.9014853177380955,0.7972150636509939,0.7436739028229848,0.733592153873014,0.6897111671188673,0.6794561620797184,0.5656332422937957,0.4520768007479029,0.30490624170009917,0.43495310340809246,0.2769227976070632,0.6270580219146923
0.051,2.0913294467302688,0.5576855906481668,0.7580273203122386,0.7471349646720948,0.9194181932437161,0.9278349891992863,0.9081709569536469,0.8071350083976485,0.7545147658438421,0.74448664639428,0.7008457897658026,0.6906864568867395,0.5771680559636503,0.4629976079497945,0.3135806855612624,0.4460389198721244,0.28473801380525776,0.6371507774687092
0.052,2.126802162768166,0.5691699011531348,0.7686085598448357,0.7575758336985959,0.9246335378182364,0.9329597947915765,0.9143364413362989,0.8164731922318953,0.7647922907597209,0.7548292969981603,0.7114721006714245,0.7014167949219104,0.5882993202228155,0.4736232294570738,0.3220953435220747,0.45684497851291894,0.29241235829192413,0.6468117359361493
0.053,2.162091240931838,0.580267155956496,0.778624684342667,0.7674829846734564,0.9294546852054039,0.9376685639495449,0.9200277740220666,0.8252695592367538,0.7745412274090959,0.7646535052220844,0.7216184961329164,0.7116744461589327,0.5990446653725578,0.48396352932129505,0.33045374710967634,0.4673792704232953,0.29994921183327694,0.6560657522611927
0.054,2.1971981035456114,0.5909929937634579,0.7881110207789233,0.776888808585826,0.9339163275758491,0.9419997297374072,0.9252863766912387,0.8335609258887459,0.7837938768755164,0.7739903478739452,0.7313115060173405,0.7214849223253643,0.6094208063411801,0.4940280036760972,0.3386593717824269,0.47764958727890094,0.3073518788800459,0.664935913497407
0.055,2.232124158283262,0.6013623709281439,0.7971004456352402,0.7858234736306103,0.9380496204047913,0.9459877072143369,0.9301495973175505,0.8413812509636728,0.7925802784463893,0.7828687551900148,0.7405759311024521,0.7308721047525184,0.6194435943834475,0.503825791116562,0.34671563110353787,0.48766351687192167,0.3146235846579932,0.6734436844279583
0.056,2.2668707983561647,0.6113895847054953,0.8056235575117752,0.7943150858825186,0.9418825965279511,0.9496633651927214,0.9346511562202593,0.8487618810723975,0.8009283825550919,0.7913156737142873,0.7494349699699168,0.7398583625279893,0.6291280663712919,0.5133656839685738,0.3546258725054753,0.49742844089129756,0.32176747343709466,0.6816090401555847
0.057,2.3014394026985485,0.6210882977538301,0.8137088401436865,0.802389839486299,0.9454405251579572,0.9530544364062155,0.9388215384860901,0.8557317738911373,0.8088642104378936,0.7993562166365775,0.7579103361179779,0.7484646615767596,0.6384884915764739,0.5226561400954977,0.3623933743221336,0.5069515344700694,0.32878660772768553,0.6894505868165597
0.058,2.335831336149915,0.6304715632956989,0.8213828155007172,0.8100721565818975,0.948746224065528,0.9561858749250635,0.9426883397210883,0.8623177010483074,0.8164120013078575,0.8070138023767186,0.7660223659679182,0.7567106653015635,0.6475384159208027,0.5317052949760342,0.37002134383096374,0.5162397671176722,0.3356839682027235,0.696985671495178
0.059,2.3700479496346643,0.6395518504879377,0.8286701869502777,0.8173848173286543,0.9518203317747694,0.9590801682800021,0.9462765711387958,0.8685444325061582,0.8235943478759331,0.8143102822168271,0.7737901184270375,0.7646148274006721,0.656290703721973,0.5405209738536041,0.37751291609878934,0.5252999047318805,0.3424624541856637,0.7042304823336709
0.06,2.404090580338983,0.6483410696632509,0.8355939726753413,0.8243490804857034,0.9546815455122196,0.9617576106093584,0.9496089291710985,0.8744349041417704,0.8304323210483091,0.8212660577741958,0.7812314666470126,0.7721944774576899,0.6647575769990652,0.5491107038087442,0.38487115346589684,0.5341385124460623,0.34912488457555313,0.7112001397507455
0.061,2.437960551885038,0.6568505971923873,0.8421756296807372,0.8309847950605858,0.9573468297366279,0.9642365421863608,0.952706034083564,0.8800103700960039,0.8369455846084505,0.8279001890821276,0.7883631825850937,0.7794658998676814,0.6729506524256231,0.5574817256453688,0.39209904553553876,0.5427619581159489,0.35567399910657005,0.7179087796027273
0.062,2.4716591745025296,0.6650912997834058,0.8484351688130877,0.8373105035652839,0.9598315993228487,0.9665335598821427,0.9555866414720706,0.8852905413256374,0.8431525006589868,0.8342304940107225,0.7952010149399319,0.7864444066299741,0.6808809760332463,0.5656410055120097,0.3991995095619155,0.5511764162888075,0.36211245985968443,0.7243696290459868
0.063,2.5051877451976448,0.6730735580869878,0.8543912612743465,0.8433435374263716,0.9621498808486065,0.9686637024474688,0.9582678299979613,0.8902937116662972,0.8490702265577483,0.8402736397184891,0.8017597609962461,0.7931444045024575,0.6885590557772223,0.573595246202445,0.40617539115047696,0.5593878725289138,0.3684428529605591,0.7305950757888929
0.064,2.5385475479194635,0.6808072895174417,0.8600613371367836,0.8491001050896122,0.9643144549132434,0.9706406139307294,0.9607651682725951,0.8950368725936316,0.8547148040372446,0.8460452267815531,0.8080533328745845,0.7995794569765191,0.6959948920796954,0.5813508980980122,0.41302946520106043,0.5674021279980639,0.3746676904109586,0.7365967313563245
0.065,2.5717398537238494,0.6883019702305335,0.8654616763759625,0.8545953733435278,0.9663369819837435,0.9724766880730935,0.9630928634184541,0.8995358177584527,0.8601012411501725,0.8515598666022184,0.814094818645174,0.8057623414968627,0.703198006466488,0.588914169727563,0.41976443703775523,0.5752248042098577,0.380789412011565,0.7423854889298281
0.066,2.6047659209348915,0.6955666562235587,0.8706074929334634,0.859843542364418,0.9682281138999415,0.9741831961189941,0.9652638935038341,0.9038052382686057,0.865243587636855,0.8568312526541131,0.81989653872898,0.811705102316984,0.7101774684120321,0.5962910379314674,0.42638294368020613,0.5828613478925814,0.3868103873426112,0.7479715762718443
0.067,2.637626995303914,0.7026100035416969,0.8755130123070285,0.8648579149594382,0.96999759286544,0.9757704001390949,0.9672901257638279,0.9078588095960684,0.8701550042649556,0.8618722260780195,0.8254700979750434,0.8174190993493899,0.716941920503593,0.6034872576239863,0.4328875552197804,0.5903170359085538,0.3927329177756643,0.7533646041926884
0.068,2.670324310166113,0.7094402875888379,0.8801915431455953,0.8696509604563314,0.9716543394933245,0.9772476536734188,0.9691824222751638,0.9117092709019209,0.8748478266481083,0.8666948361013297,0.8308264337711364,0.8229150533398947,0.7234996020316472,0.6105083711542598,0.43928077627107687,0.5975969801882945,0.39855923849542585,0.7585736109739537
0.069,2.702859086594864,0.7160654215517726,0.8846555433026274,0.8742343736595615,0.9732065312580988,0.9786234912560826,0.9709507345408572,0.9153684974939493,0.8793336240087513,0.8713103957152688,0.8359758605149351,0.8282030876676916,0.7298583711083062,0.6173597172706147,0.4455650474749888,0.6047061326464245,0.4042915205149481,0.7636071031213322
0.07,2.7352325335537193,0.7224929739545408,0.8889166807749412,0.878619129263725,0.9746616725206898,0.9799057081731396,0.9726041882577098,0.9188475670611765,0.883623253311621,0.8757295330077013,0.8409281107452091,0.8332927670472576,0.7360257254103364,0.6240464396961041,0.45174274703416906,0.6116492900531172,0.40993187267127007,0.7684730927831673
0.071,2.767445848046166,0.7287301853655348,0.8929858899270802,0.8828155320869144,0.9760266571364252,0.9811014316256553,0.9741511593813886,0.9221568202660296,0.8877269091582368,0.8799622385156061,0.8456923732069885,0.8381931333845645,0.7420088216378335,0.6305734953255443,0.4578161922655123,0.6184310988405524,0.4154823435914461,0.7731791321380428
0.072,2.7995002152631576,0.7347839842840449,0.8968734233740537,0.8868332634595109,0.9773078245220703,0.9822171843165446,0.975599342466604,0.9253059162175522,0.8916541697992241,0.8840179089300944,0.8502773281011606,0.8429127390183779,0.7478144937741098,0.6369456620559086,0.4637876411573646,0.6250560598283834,0.42094492362129887,0.7777323450250238
0.073,2.8313968087284658,0.7406610022357106,0.9005888998685587,0.8906814240780151,0.9785110099436284,0.9832589413479074,0.9769558121408191,0.9283038832975027,0.8954140395904577,0.8879053874581099,0.8546911797473975,0.8474596775575646,0.7534492702269484,0.6431675462630202,0.46965929392164374,0.6315285328559624,0.42632154671116285,0.7821394560634657
0.074,2.8631367904418985,0.74636758810811,0.9041413485130343,0.8943685736091113,0.9796415896885831,0.9842321812022885,0.9782270784664243,0.931159165764821,0.8990149881906486,0.8916330011185589,0.8589416868695845,0.8518416125071562,0.7589193899261596,0.6492435899381224,0.4754332945331142,0.6378527413120852,0.43161409225443026,0.7864068174853527
0.075,2.894721311020408,0.7519098217586715,0.9075392495923227,0.8979027673062703,0.9807045217020599,0.9851419314836619,0.9794191368562171,0.9338796665222748,0.9024649867719902,0.8952085952264417,0.8630361906948825,0.8560658038593318,0.7642308174473424,0.6551780774982234,0.4811117322497108,0.6440327765554792,0.4368243868759535,0.7905404338815675
0.076,2.9261515098371333,0.757293526927469,0.9107905722995078,0.901291589879891,0.981704382193883,0.9859928100096782,0.9805375131285118,0.93647278639168,0.9057715414917129,0.8986395652964618,0.8669816410411162,0.8601391328103571,0.7693892572270193,0.6609751422842131,0.48669664310916627,0.6500726022212715,0.44195420616838144,0.794545985044192
0.077,2.9574285151584077,0.7625242834873335,0.9139028096057078,0.9045421868421761,0.9826453986609357,0.9867890617738306,0.9815873042196614,0.9389454602104642,0.9089417244506777,0.901932886577405,0.8707846205521543,0.864068124750709,0.7744001669297751,0.6666387727606169,0.49219001139829854,0.6559760584102807,0.44700527637528387,0.7984288470695219
0.078,2.9885534442787685,0.767607439063278,0.9168830105043028,0.9076612935296577,0.9835314797151278,0.9875345922330555,0.9825732150118651,0.9413041900321629,0.9119822023453452,0.905095141410184,0.8744513672272928,0.8678589706630825,0.7792687700238305,0.6721728184306416,0.49759377109222225,0.6617468657593231,0.4519792760205884,0.8021941118709105
0.079,3.0195274036540014,0.772548120052496,0.9197378098411899,0.9106552619894019,0.9843662420603718,0.98823299732147,0.9834995916816924,0.9435550756862995,0.9148992630014141,0.9081325445856735,0.8779877953781738,0.8715175470515036,0.7840000676174876,0.6775809954798044,0.502909807261464,0.6673886293917544,0.4568778374843361,0.8058466052364975
0.08,3.050351489032258,0.777351242075306,0.9224734559252173,0.9135300858994059,0.9851530349212468,0.988887590543287,0.9843704519287939,0.9457038429287477,0.9176988399609994,0.911050966863199,0.8813995151354486,0.875049434514387,0.7885988496051912,0.6828668921610463,0.5081399574455794,0.6729048427483559,0.461702548525179,0.8093909035542766
0.081,3.081026785583266,0.7820215198863707,0.9250958360968234,0.9162914236794379,0.9858949621905896,0.989501427456434,0.9851895124039163,0.9477558693917607,0.9203865352802799,0.9138559567966376,0.884691850617044,0.8784599350648741,0.7930697051685005,0.6880339739337701,0.5132860129923331,0.6782988912993531,0.4664549537503543,0.8128313493156041
0.082,3.1115543680256823,0.786563476774396,0.927610500418085,0.9189446199354947,0.9865949025323515,0.990077327822175,0.9859602136198812,0.9497162085231574,0.9229676406809406,0.9165527610024496,0.8878698568605032,0.8817540882931638,0.7974170326740403,0.6930855883687556,0.5183497203619102,0.683574056138898,0.4711365560340971,0.8161720654980306
0.083,3.1419353007526025,0.7909814534773418,0.930022683633743,0.9214947253690672,0.9872555276490763,0.9906178956643779,0.9866857425979754,0.9515896116864375,0.9254471571863747,0.9191463429924455,0.8909383356132836,0.8849366864576808,0.8016450490075336,0.6980249698304106,0.5233327823959242,0.6887335174637892,0.4757488178856495,0.8194169689191332
0.084,3.1721706379552717,0.7952796166389692,0.9323373255402684,0.9239465152714433,0.9878793188997328,0.991125537454356,0.9873690534746951,0.9533805485776491,0.9278298133623608,0.9216414006836245,0.893901850067112,0.8880122885847626,0.8057577983802358,0.7028552439473054,0.5282368595512607,0.6937803579385404,0.4802931627681569,0.8225697826447371
0.085,3.20226142374502,0.7994619668313363,0.9345590898885747,0.9263045067132384,0.9884685824329372,0.9916024786129137,0.988012886269517,0.9550932261004623,0.9301200822716963,0.9240423826878925,0.8967647386153677,0.8909852336500161,0.8097591606415303,0.7075794318814252,0.5330635710989771,0.6987175659491642,0.48477097636982136,0.8256340475274239
0.086,3.2322086922734496,0.8035323461666686,0.9366923819354822,0.9285729745301833,0.9890254629824211,0.9920507784998915,0.988619783992925,0.9567316058279659,0.9323221972429686,0.9263535034757931,0.8995311277059987,0.8938596529085499,0.8136528591290754,0.7122004544060974,0.5378144962886573,0.7035480387482518,0.48918360782877823,0.8286131329444772
0.087,3.262013467850912,0.8074944455208286,0.9387413647494415,0.9307559661978037,0.9895519564556112,0.9924723440427463,0.9891921082549484,0.9582994201680204,0.9344401665451703,0.9285787575004882,0.9022049438565508,0.896639481435848,0.8174424680856756,0.7167211358020362,0.5424911754787288,0.7082745854940449,0.49353237091316715,0.8315102467983125
0.088,3.2916767650632908,0.8113518113894815,0.9407099743672387,0.9328573156799798,0.9900499214321035,0.9928689421391765,0.9897320535176684,0.9598001873384772,0.9364777870521614,0.9307219323610396,0.9047899248925143,0.8993284689361096,0.8211314196700281,0.7211442075804999,0.5470951112333609,0.7128999301863377,0.4978185451579161,0.8343284448369253
0.089,3.3211995888871346,0.8151078523969282,0.9426019338903819,0.934880656329364,0.9905210896763842,0.9932422109542312,0.9902416601202474,0.9612372252490536,0.9384386569739637,0.932786621077484,0.9072896304652582,0.9019301898703451,0.8247230105866008,0.725472312042079,0.551627769386628,0.7174267145020716,0.5020433769597472,0.8370706393468983
0.09,3.3505829348031493,0.8187658454765081,0.9444207666025233,0.9368294329112502,0.9909670757581677,0.9935936702194736,0.9907228261918032,0.9626136643780653,0.9403261877254789,0.9347762335442322,0.909707451901338,0.9044480529523936,0.8282204083581504,0.7297080056792133,0.5560905800746759,0.7218575005335506,0.5062080806319031,0.8397396072669966
0.091,3.3798277889080905,0.8223289417404507,0.9461698081825772,0.9387069128166396,0.9913893858640025,0.9939247306303896,0.9911773185556938,0.9639324597244399,0.9421436149974048,0.9366940072228765,0.9120466214308569,0.90688531005725,0.8316266572627848,0.7338537624301025,0.5604849387366794,0.7261947734322112,0.5103138394200839,0.8423379977662842
0.092,3.408935128025078,0.8258001720560606,0.9478522180820576,0.940516196524914,0.9917894258751816,0.9942367024281529,0.9916067827183108,0.9651964019084105,0.9438940090888075,0.9385430171305256,0.9143102208388056,0.9092450645826319,0.8349446839559658,0.7379119767912843,0.5648122070853937,0.7304409439608683,0.5143618064810516,0.8448683393269839
0.093,3.437905919812353,0.8291824523441942,0.949470990129566,0.9422602273716415,0.9921685087793454,0.9945308032429259,0.992012752026157,0.9664081274879107,0.9455802845559717,0.9403261851752556,0.916501189579877,0.9115302793015565,0.8381773027964657,0.7418849667957645,0.5690737140481219,0.7345983509573437,0.5183531058253188,0.847333046368934
0.094,3.466741122870515,0.8324785886150846,0.9510289624202419,0.9439418006725846,0.9925278614763748,0.9948081652679412,0.9923966560666652,0.9675701285519296,0.9472052092277335,0.9420462888861313,0.9186223323941101,0.9137437837408091,0.8413272208940186,0.7457749768632327,0.5732707566789375,0.7386692637123469,0.5222888332253233,0.849734425449435
0.095,3.495441686848249,0.835691281755732,0.9525288265433111,0.9455635722508968,0.9928686310331221,0.9950698418265604,0.9927598283807938,0.9686847616468469,0.9487714126334656,0.9437059695814685,0.9206763264578455,0.9158882811175229,0.8443970428952052,0.7495841805285366,0.5774046010429904,0.7426558842644356,0.5261700570904269,0.8520746810695045
0.096,3.524008552546584,0.8388231320822679,0.9539731361965885,0.9471280664107621,0.9931918904361365,0.9953168133882313,0.9931035135487958,0.96975425608702,0.9502813938861996,0.9453077400155571,0.9226657281018354,0.9179663548636658,0.8473892755230178,0.7533146830542827,0.5814764830737258,0.7465603496148295,0.5299978193100483,0.8543559211150168
0.097,3.5524426520216887,0.8418766436699435,0.9553643152328872,0.9486376833973161,0.9934986438867409,0.9955499930836765,0.9934288737046204,0.9707807216965824,0.9517375290600095,0.9468539915409045,0.9245929791259399,0.9199804747659966,0.8503063318845276,0.756968523933102,0.5854876094038426,0.7503847338647924,0.5337731360661941,0.8565801619589146
0.098,3.580744908686244,0.844854228472679,0.9567046651796991,0.9500947063795617,0.9937898316785113,0.9957702317646596,0.9937369945290889,0.9717661560254904,0.9531420780976959,0.9483470008201681,0.9264604127376235,0.9219330027470034,0.8531505355601323,0.7605476792848404,0.589439158170795,0.754131050278235,0.5374969986166036,0.8587493332485683
0.099,3.608916237409406,0.8477582102434218,0.9579963722702455,0.9515013079901262,0.9940663346933795,0.9959783226492217,0.9940288907672178,0.9727124510792915,0.9544971912819982,0.9497889361192996,0.9282702591394362,0.9238261983104605,0.8559241244869816,0.7640540641536568,0.5933322797976351,0.7578012532721282,0.5411703740496832,0.8608652824004566
0.1,3.6369575446153846,0.8505908282659345,0.9592415140209976,0.9528595564530853,0.9943289785491306,0.996175005589304,0.994305511310783,0.9736213995988405,0.955804915300981,0.9511818632109984,0.930024650788791,0.9256622236735054,0.8586292546483622,0.7674895347097447,0.5971680977499794,0.7613972403372392,0.5447942060123612,0.8629297788225839
0.101,3.6648697283806597,0.8533542409080161,0.9604420653880162,0.9541714213286719,0.9945785374279912,0.9963609709941085,0.9945677438833758,0.9744947009232361,0.9570671989358823,0.9525277509153511,0.9317256273516378,0.9274431486055525,0.861268003580071,0.7708558903601468,0.6009477092698525,0.7649208538916425,0.5483694154119458,0.8649445178834669
0.102,3.692653678529862,0.8560505290056036,0.9615999045319542,0.9554387789014831,0.9948157376132287,0.9965368634393565,0.994816419361744,0.9753339664665522,0.9582858983975436,0.9538284763024932,0.9333751403700518,0.9291709549928933,0.8638423737040977,0.7741548757729124,0.6046721860871578,0.7683738830693779,0.5518969010930337,0.8669111246450546
0.103,3.7203102767303284,0.8586816990866554,0.9627168182192506,0.956663417236774,0.9950412607582045,0.99670328498975,0.9950523157641057,0.9761407248364873,0.9594627823355604,0.9550858295802626,0.9349750576623096,0.930847541146485,0.8663542954992849,0.7773881828186067,0.6083425751094962,0.7717580654465612,0.5553775404904646,0.8688311573756206
0.104,3.747840396585366,0.8612496864432174,0.963794506884939,0.957847040927569,0.9952557469100788,0.9968607982593624,0.9952761619333116,0.976916426620804,0.9605995365424664,0.9563015186880917,0.9365271674726794,0.9324747258691918,0.8688056305180283,0.7805574524329912,0.6119598990910292,0.7750750887071769,0.5588121902592851,0.8707061108574374
0.105,3.775244903726236,0.8637563580595979,0.9648345893805479,0.9589912755536164,0.9954597973083562,0.9970099292323885,0.9954886409402194,0.9776624488653902,0.9616977683735976,0.9574771736168143,0.9380331823869288,0.93405425229759,0.8711981742575099,0.7836642764044893,0.6155251572810772,0.7783265922507161,0.5622016868826416,0.8725374195029372
0.106,3.802524655902883,0.8662035154041293,0.9658386074287955,0.9600976718716431,0.9956539769766469,0.9971511698646004,0.9956903932303525,0.9783800992658953,0.962759010901743,0.9586143504726076,0.9394947430284174,0.9355877915324038,0.8735336588934394,0.78671019908987,0.6190393260531091,0.78151416874375,0.5655468472584846,0.8743264602920227
0.107,3.8296805030734293,0.8685928970915702,0.9668080298051407,0.9611677097549222,0.9958388171243759,0.9972849804839898,0.9958820195348631,0.9790706200931832,0.9637847268242776,0.9597145353019563,0.9409134215485893,0.9370769460706468,0.8758137558837719,0.7896967190614048,0.6225033595147635,0.7846393656174557,0.5688484692659226,0.8760745555422648
0.108,3.8567132874924472,0.8709261814228121,0.9677442562647575,0.962202801898847,0.9960148173736999,0.9974117920073955,0.9960640835649573,0.9797351918712793,0.9647763121391758,0.9607791476933021,0.9422907249247219,0.9385232530516622,0.8780400784494341,0.7926252906885904,0.6259181900995272,0.7877036865130486,0.5721073323120428,0.8777829755228513
0.109,3.883623843798041,0.8732049888081765,0.9686486212321118,0.963204297307978,0.9961824478255512,0.9975320079883949,0.9962371145072572,0.9803749368250491,0.9657350996051092,0.9618095441699059,0.9436280980768919,0.9399281873284049,0.8802141839386487,0.7954973256573743,0.6292847291406642,0.7907085926770097,0.5753241978599655,0.8794529409223648
0.11,3.9104129990977445,0.8754308840802383,0.9695223972690579,0.9641734845789087,0.9963421509775207,0.9976460065103686,0.9964016093360479,0.9809909221135316,0.9666623619997297,0.9628070213874134,0.9449269268152937,0.9412931643745515,0.8823375760810573,0.7983141944296687,0.6326038674279819,0.7936555043079212,0.5784998099388762,0.8810856251797342
0.111,3.9370815730532636,0.8776053787017845,0.9703667983361959,0.9651115949922636,0.9964943435051942,0.9977541419374079,0.9965580349569835,0.981584162863647,0.9675593151892293,0.96377281914865,0.946188540628288,0.9426195430373024,0.8844117071374702,0.801077227645808,0.6358764757479942,0.7965458018566709,0.5816348956367416,0.8826821566870332
0.112,3.9636303779640722,0.8797299328742042,0.9711829828611627,0.9660198054261828,0.9966394179175679,0.9978567465346189,0.9967068301955633,0.9821556250178861,0.9684271210213325,0.9647081232472898,0.9474142153208522,0.9439086281450897,0.8864379799507253,0.8037877174724621,0.6391034054080247,0.7993808272817191,0.5847301655763932,0.8842436208721851
0.113,3.990060218849888,0.881805957551311,0.9719720566265333,0.9668992411027708,0.9967777440962643,0.9979541319683596,0.9968484076425645,0.9827062280085755,0.9692668900530115,0.9656140681512217,0.9486051755124474,0.9451616729787804,0.8884177499028122,0.8064469188984034,0.6422854887447697,0.8021618852610567,0.5877863143756186,0.8857710621690617
0.114,4.0163718935320425,0.8838348163633306,0.9727350754891001,0.9677509781781772,0.996909670727454,0.9980465906960326,0.9969831553675769,0.9832368472703789,0.9700796841234286,0.9664917395356841,0.9497625970027225,0.9463798816144146,0.8903523267831228,0.8090560509804022,0.6454235396178394,0.804890244362436,0.5908040210918899,0.8872654858819392
0.115,4.042566192713755,0.8858178274555225,0.9734730479414548,0.9685760461862235,0.9970355266346465,0.9981343972542234,0.9971114385108505,0.9837483166018333,0.9708665187818666,0.9673421766755398,0.9508876090129085,0.9475644111449762,0.8922429765723989,0.8116162980414177,0.6485183538887517,0.8075671381733847,0.593783949652321,0.8887278599507932
0.116,4.068643900059348,0.88775626524566,0.9741869375260204,0.9693754303448004,0.9971556220198357,0.9982178094532184,0.9972336007628165,0.9842414303859319,0.9716283655797354,0.9681663747054208,0.9519812963102399,0.9487163737882197,0.8940909231466871,0.8141288108231421,0.6515707098858611,0.810193766392471,0.5967267492694193,0.890159116623462
0.117,4.09460579227239,0.8896513621043689,0.9748776651109652,0.9701500737336218,0.9972702496198729,0.998297069485256,0.9973499657398595,0.9847169456790372,0.9723661542351147,0.9689652867558727,0.9530447012222614,0.9498368388871129,0.8958973499053677,0.8165947075948626,0.6545813688556774,0.8127712958832246,0.599633054843181,0.8915601540403046
0.118,4.120452639172822,0.8915043099621037,0.9755461110367705,0.9709008793513282,0.997379685784376,0.9983724049532378,0.9974608382642165,0.985175584176737,0.9730807746777136,0.9697398259730807,0.954078825547428,0.9509268348090445,0.8976634013270831,0.8190150752205031,0.6575510754010105,0.8153008616920728,0.6025034873500479,0.8929318377365864
0.119,4.146185203773029,0.8933162618463394,0.9761931171416083,0.9716287120593846,0.9974841914809788,0.9984440298260653,0.9975665055552336,0.98561803406464,0.9737730789815895,0.9704908674292434,0.9550846323679956,0.9519873507495469,0.8993901844571862,0.8213909701856279,0.6604805579063708,0.8177835680315977,0.6053386542192256,0.8942750020674869
0.12,4.171804242352941,0.8950883333523637,0.9768194886731256,0.9723344004197166,0.9975840132332521,0.9985121453262501,0.9976672383386197,0.9860449517615405,0.9744438831924762,0.971219249930193,0.9560630477708122,0.9530193384459256,0.9010787703301163,0.8237234195860981,0.6633705289510347,0.8202204892303745,0.6081391496968396,0.8955904515602806
0.121,4.197310504534117,0.8968216040508765,0.9774259960937052,0.9730187384325532,0.9976793839962077,0.9985769407549805,0.9977632918798043,0.9864569635618514,0.9750939690561067,0.9719257777264163,0.9570149624812623,0.9540237138058458,0.9027301953299247,0.8260134220799927,0.6662216857101673,0.8226126706505998,0.6109055551983877,0.8968789621979583
0.122,4.222704733352854,0.8985171188354317,0.9780133767857908,0.9736824871805149,0.9977705239739043,0.9986385942593973,0.9978549069470144,0.9868546671837266,0.9757240856534926,0.9726112221332278,0.9579412334152856,0.9550013584556162,0.9043454624919939,0.828261948804337,0.6690347103443937,0.8249611295746829,0.613638439649928,0.8981412826382611
0.123,4.247987665332359,0.900175889212593,0.9785823366634183,0.9743263763845835,0.9978576413833218,0.9986972735464462,0.9979423107092379,0.9872386332288398,0.9763349509487271,0.9732763230654672,0.9588426851540796,0.9559531212126078,0.905925542748822,0.8304699442580958,0.6718102703781781,0.8272668560619144,0.6163383598184147,0.8993781353718467
0.124,4.273160030553935,0.9017988945375295,0.9791335516956786,0.9749511058772129,0.997940933168343,0.9987531365473169,0.9980257175738323,0.9876094065593783,0.9769272532545098,0.9739217904917423,0.9597201113458089,0.9568798194859847,0.9074713761225915,0.8326383271528375,0.6745490190673737,0.8295308137763034,0.6190058606315916,0.9005902178230687
0.125,4.298222552727273,0.9033870831976337,0.9796676693474535,0.9755573469974976,0.998020585667386,0.9988063320361554,0.998105329968162,0.9879675075974255,0.9775016526202536,0.9745483058129163,0.9605742760383761,0.9577822406096574,0.9089838728670937,0.8347679912323954,0.6772515957562864,0.8317539407866176,0.6216414754878271,0.901778203396618
0.126,4.323175949259797,0.9049413737466036,0.980185309942411,0.9761457439129947,0.9980967752379561,0.9988570002064437,0.9981813390693062,0.9883134335515499,0.9780587821473162,0.9751565231692307,0.9614059149470573,0.9586611431111405,0.9104639145614337,0.8368598060628012,0.6799186262245819,0.8339371503396309,0.6242457265562515,0.902942742473077
0.127,4.348020931325127,0.9064626559913103,0.9806870679529172,0.9767169148724907,0.9981696688411371,0.9989052732081639,0.9982539254855631,0.9886476595750965,0.9785992492356071,0.97574707068018,0.9622157366605734,0.9595172579197664,0.9119123551578219,0.8389146177937031,0.6825507230243608,0.8360813316075435,0.6268191250675588,0.9040844633562407
0.128,4.372758203930636,0.9079517920336533,0.9811735132212106,0.9772714533937369,0.9982394245888134,0.9989512756486243,0.9983232598931902,0.9889706398603658,0.9791236367655459,0.9763205516209867,0.963004423788952,0.9603512895175108,0.9133300219856261,0.8409332498924271,0.6851484858077088,0.8381873504105017,0.6293621715958087,0.9052039731748726
0.129,4.397388465984139,0.9094096172694858,0.9816451921159091,0.9778099293899096,0.9983061922562011,0.9989951250595924,0.9983895036315551,0.9892828086725914,0.9796325042190953,0.9768775455392891,0.9637726340563297,0.9611639170354788,0.9147177167137468,0.8429165038517861,0.6877125016450237,0.8402560499151134,0.6318753563315533,0.9063018587414138
0.13,4.421912410359712,0.9108369413465913,0.9821026286276446,0.9783328902383176,0.998370113762076,0.9990369323331779,0.9984528092596302,0.9895845813273614,0.9801263887433574,0.9774186093154189,0.9645210013416552,0.9619557952989319,0.9160762162732673,0.8448651598726938,0.6902433453344029,0.8422882513098144,0.6343591593465967,0.9073786873699853
0.131,4.446330723962671,0.9122345490835939,0.982546325407385,0.9788408617946549,0.9984313236189057,0.9990768021287125,0.9985133210765401,0.9898763551148901,0.9806058061599984,0.9779442781694437,0.965250136670081,0.9627275558235602,0.9174062737422313,0.8467799775225932,0.6927415797023787,0.844284754457922,0.6368140508506949,0.9084350076559013
0.132,4.470644087793697,0.9136032013515794,0.9829767647507679,0.9793343493558886,0.9984899493549337,0.9991148332527078,0.9985711756086693,0.9901585101743221,0.9810712519235665,0.9784550666179469,0.96596062915766,0.9634798077655478,0.9187086191943015,0.8486616963706599,0.6952077558962628,0.8462463385291615,0.6392404914404726,0.90947135021876
0.133,4.494853177012152,0.9149436359201283,0.9833944095315619,0.9798138385746782,0.9985461119101077,0.9991511190138045,0.9986265020656466,0.990431410321039,0.9815232020315746,0.9789514693833354,0.9666530469118142,0.9642131388278328,0.9199839605129609,0.8505110366007045,0.6976424136683654,0.8481737626104445,0.6416389323408375,0.9104882284110611
0.134,4.518958660998574,0.9162565682693646,0.9837997040871727,0.9802797963280442,0.9985999260076097,0.9991857475544859,0.9986794227673528,0.9906954038297519,0.9819621138890422,0.9794339622582982,0.9673279378898937,0.9649281161248227,0.9212329841728384,0.8523286996026523,0.7000460816523382,0.8500677662966264,0.6440098156391563,0.9114861389941812
0.135,4.54296120341637,0.9175426923695519,0.9841930750589257,0.9807326715428325,0.9986515005026184,0.9992188021611902,0.9987300535439364,0.9909508241759775,0.9823884271300258,0.9799030029278721,0.9679858307180147,0.9656252870076986,0.9224563559896507,0.8541153685434436,0.7024192776318864,0.8519290702619625,0.6463535745124422,0.9124655627834259
0.136,4.566861462272728,0.918802681429686,0.9845749321896899,0.9811728959803702,0.998700938709813,0.999250361554336,0.9987785041106789,0.9911979907383303,0.9828025643985118,0.9803590317514318,0.9686272354722324,0.9663051798523183,0.923654721840186,0.8558717089181564,0.7047625088020806,0.8537583768129389,0.6486706334477992,0.9134269652637772
0.137,4.590660089978739,0.9200371886164712,0.9849456690812429,0.9816008849825553,0.9987483387110232,0.9992805001596582,0.9988248784194136,0.9914372094639092,0.983204932090902,0.9808024725067729,0.9692526444239911,0.966968304811617,0.924828708353677,0.8575983690821257,0.7070762720235,0.8555563704231436,0.6509614084563577,0.9143707971778617
0.138,4.614357733408769,0.9212468477449846,0.9853056639136326,0.9820170381814928,0.998793793644327,0.9993092883621502,0.9988692749880795,0.991668773498912,0.9835959210621886,0.9812337330983327,0.9698625327516809,0.9676151545342919,0.9259789235758425,0.8592959807647916,0.7093610540694244,0.857323718250807,0.6532263072809228,0.9152974950875704
0.139,4.637955033959068,0.9224322739422839,0.9856552801286488,0.982421740174658,0.9988373919758089,0.9993367927438094,0.9989117872098771,0.9918929637864724,0.983975907297786,0.981653206231471,0.9704573592200263,0.9682462048514671,0.9271059576068176,0.8609651595659827,0.7116173318662841,0.859061070639622,0.6554657295975536,0.9162074819106845
0.14,4.661452627605635,0.9235940642851422,0.9859948670793927,0.9828153611674522,0.9988792177551025,0.9993630763062984,0.9989525036433853,0.9921100496335958,0.9843452525528729,0.9820612700546172,0.9710375668289346,0.9688619154329281,0.9282103832141277,0.8626065054353105,0.7138455727275779,0.8607690616034336,0.6576800672112779,0.9171011674337757
0.141,4.684851144961349,0.9247327984130428,0.9863247606478074,0.983198257584902,0.9989193508557638,0.9993881986795478,0.9989915082849048,0.9923202892489484,0.9847043049609878,0.9824582887709877,0.9716035834333423,0.9694627304144404,0.9292927564218072,0.8642206031353177,0.7160462345814532,0.8624483092953608,0.6598697042461437,0.9179789488025852
0.142,4.708151211332399,0.9258490391175056,0.9866452838319216,0.9835707726541516,0.998957867201451,0.9994122163172545,0.9990288808242005,0.9925239302531449,0.9850533996135156,0.9828446132214752,0.9721558223355091,0.9700490789975719,0.9303536170767045,0.8658080226890013,0.7182197661921416,0.8640994164618974,0.6620350173297973,0.9188412109910107
0.143,4.731353446773968,0.9269433329087728,0.9869567473044544,0.9839332369592995,0.998994838978814,0.9994351826801622,0.9990646968847315,0.9927212101630811,0.9853928591116095,0.983220581440219,0.9726946828511307,0.9706213760233696,0.9313934893929741,0.8673693198123013,0.7203666073754325,0.8657229708825127,0.6641763757727711,0.9196883272497676
0.144,4.754458466145252,0.9280162105608256,0.9872594499443282,0.9842859689700401,0.9990303348379415,0.9994571484079398,0.9990990282493856,0.9929123568517632,0.9857229940920019,0.9835865191842795,0.9732205508505642,0.9711800225211639,0.932412882475695,0.8689050363321209,0.722487189208368,0.8673195457952598,0.6662941417426597,0.9205206595357349
0.145,4.777466879163764,0.9290681876356612,0.9875536793425479,0.9846292755454871,0.9990644200811468,0.999478161480423,0.9991319430726564,0.9930975889849915,0.9860441037280728,0.9839427404387594,0.9737337992763934,0.971725406233705,0.9334122908245208,0.8704157005904263,0.7245819342333287,0.868889700308876,0.668388670433353,0.9213385589229374
0.146,4.800379290458971,0.9300997649877156,0.9878397122838136,0.984963452414472,0.9990971568408303,0.9994982673689247,0.9991635060801429,0.993277116436183,0.986356476207466,0.9842895478986312,0.9742347886384854,0.9722579021197729,0.9343921948182156,0.8719018278349391,0.7266512566566783,0.8704339798018429,0.6704603102294908,0.9221423659960564
0.147,4.823196299625261,0.9311114292492725,0.9881178152051608,0.9852887846335426,0.9991286042470979,0.9995175091782692,0.999193778756186,0.99345114068053,0.9866603891874692,0.9846272334284699,0.9747238674876398,0.9727778728353408,0.9353530611808929,0.8733639205969292,0.728695562542131,0.8719529163088576,0.672509402866295,0.9229324112273285
0.148,4.845918501274238,0.9321036532976623,0.9883882446328388,0.9856055470238091,0.9991588185857735,0.999535927780163,0.9992228195204003,0.9936198551696279,0.9869561102293052,0.9849560785012113,0.9752013728688596,0.9732856691943123,0.9362953434307345,0.8748024690565799,0.7307152499989948,0.8734470288951482,0.6745362835849325,0.923709015337626
0.149,4.8685464850863855,0.933076896705018,0.9886512475985727,0.9859140045877279,0.9991878534474005,0.9995535619384677,0.9992506838938109,0.9937834456876339,0.9872438972124158,0.9852763546170004,0.9756676307552284,0.9737816306098036,0.9372194823119293,0.876217951396387,0.7327107093654472,0.8749168240190525,0.6765412812835511,0.9244724896424811
0.15,4.891080835862069,0.9340316061713149,0.9889070620362881,0.9862144129068441,0.9992157598677864,0.9995704484269028,0.9992774246552528,0.9939420906899537,0.9875239987297584,0.9855883237031329,0.9761229564633195,0.9742660855168864,0.9381259062105378,0.8776108341430309,0.734682323386983,0.8763627958832608,0.678524718664135,0.925223136383774
0.151,4.91352213357192,0.9349682159413932,0.9891559171603115,0.9865070185214609,0.9992425864606089,0.9995866221396699,0.9993030919886461,0.9940959616254015,0.987796654465081,0.9858922384960369,0.9765676550510148,0.9747393517776608,0.9390150315549561,0.8789815724981452,0.7366304673901848,0.8777854267751135,0.6804869123753088,0.925961249047763
0.152,4.935870953406593,0.9358871482066259,0.9893980338260069,0.9867920592931498,0.9992683795425672,0.9996021161954531,0.9993277336217216,0.9942452232427127,0.9880620955530828,0.9861883429061893,0.9770020216985689,0.9752017370694842,0.9398872632016176,0.8803306106583846,0.738555509451944,0.879185187396323,0.6824281731512218,0.9266871126700956
0.153,4.958127865825909,0.9367888134918642,0.9896336248737511,0.9870697647509613,0.9992931832515302,0.9996169620352244,0.9993513949567302,0.9943900338822477,0.9883205449233216,0.9864768723668134,0.9774263420737028,0.9756535392571366,0.9407429948065466,0.8816583821251813,0.7404578105642741,0.8805625371824835,0.6843488059466409,0.9274010041284176
0.154,4.980293436607387,0.9376736110282688,0.9898628954570988,0.9873403564221512,0.9993170396581051,0.9996311895142453,0.9993741191936338,0.9945305457536681,0.9885722176286792,0.9867580541671579,0.9778408926814782,0.9760950467496645,0.941582609183346,0.8829653100045641,0.7423377247948371,0.8819179246127142,0.6862491100683685,0.9281031924231508
0.155,5.002368226894198,0.9385419291126,0.9900860433559454,0.9876040481481935,0.9993399888710218,0.9996448269886381,0.9993959474462442,0.9946669052003282,0.9888173211591528,0.9870321077711135,0.9782459411996594,0.9765265388426078,0.9424064786481762,0.884251807297396,0.7441955994433137,0.8832517875097681,0.688129379303106,0.9287939389469886
0.156,5.024352793242508,0.9393941454535201,0.990303259275442,0.9878610463868042,0.9993620691367003,0.9996579013968679,0.9994169188517419,0.9947992529510757,0.9890560557416965,0.9872992451218813,0.9786417468002352,0.9769482860462758,0.9432149653522538,0.8855182771803752,0.7460317751937342,0.8845645533309322,0.6899899020418702,0.9294734977436286
0.157,5.046247687668254,0.940230627505433,0.9905147271313852,0.9881115505006661,0.999383316933351,0.999670438336457,0.9994370706739842,0.9949277243601224,0.989288614626801,0.9875596709333726,0.9790285604577393,0.9773605504007099,0.9440084216023812,0.8867651132781286,0.7478465862628872,0.8858566394500247,0.6918309614010757,0.9301421157562318
0.158,5.068053457693352,0.9410517327903649,0.9907206243227548,0.9883557530335045,0.9994037670599283,0.9996824621362311,0.999456438400978,0.9950524496356011,0.9895151843624583,0.9878135829689785,0.9794066252449741,0.977763585777931,0.9447871901699878,0.8879926999267156,0.7496403605449207,0.8871284534307927,0.6936528353403837,0.9308000330660762
0.159,5.089770646391334,0.9418578092083646,0.9909211219920435,0.9885938399741276,0.9994234527202426,0.9996939959243752,0.9994750558368728,0.9951735540573962,0.9897359450561282,0.9880611723083181,0.9797761766167108,0.9781576381720473,0.9455516045891461,0.8892014124288455,0.751413419752242,0.8883803932919955,0.6954557967774203,0.9314474831218466
0.16,5.111399792432433,0.9426491953368823,0.9911163852739807,0.9888259910090165,0.9994424056025137,0.9997050616925608,0.9994929551888073,0.9952911581847991,0.9899510706252842,0.9883026236025392,0.9801374426819143,0.9785429459777649,0.9463019894440051,0.8903916173011022,0.7531660795528272,0.8896128477644516,0.6972401136994584,0.932084692959981
0.161,5.132941430128119,0.9434262207195677,0.9913065735332246,0.9890523797640145,0.9994606559546332,0.9997156803563862,0.9995101671489149,0.9954053780545082,0.9901607290370943,0.9885381153187156,0.9804906444650089,0.9789197402578181,0.9470386606460613,0.8915636725134548,0.7548986497040371,0.8908261965403197,0.6990060492721603,0.9327118834164724
0.162,5.154396089475101,0.9441892061449029,0.9914918405915637,0.9892731740356383,0.9994782326553823,0.9997258718123588,0.9995267209717821,0.9955163253694674,0.9903650825377519,0.9887678199738585,0.9808359961566769,0.9792882449998096,0.9477619257016727,0.8927179277213271,0.7566114341830424,0.8920208105148677,0.7007538619454674,0.9333292693305036
0.163,5.175764296198792,0.9449384639150733,0.9916723349451394,0.9894885360125059,0.9994951632818434,0.9997356549916292,0.9995426445476286,0.9956241076790051,0.9905642878719566,0.9889919043590298,0.9811737053546594,0.9796486773629304,0.9484720839701981,0.8938547244904835,0.7583047313139549,0.893197052020983,0.7024838055567276,0.9339370597402771
0.164,5.197046571796247,0.94567429810546,0.9918481999721749,0.9896986224873487,0.9995114741732205,0.9997450479106773,0.9995579644714645,0.995728828550715,0.990758496493008,0.9892105297540218,0.981503973295002,0.9800012479150012,0.949169426913134,0.8949743965149807,0.7599788338917552,0.8943552750566592,0.704196129431141,0.9345354580713807
0.165,5.218243433578596,0.9463970048151176,0.9920195741316685,0.9899035850600547,0.9995271904912764,0.9997540677191352,0.9995727061084602,0.9958305877344921,0.9909478547639589,0.9894238521330424,0.9818269950741703,0.9803461608602599,0.9498542383345983,0.8960772698284258,0.7616340293031089,0.8954958255056962,0.7058910784796069,0.9351246623180134
0.166,5.239355394712951,0.9471068724085917,0.9921865911534877,0.99010357033216,0.9995423362775803,0.9997627307449187,0.9995868936557547,0.995929481319116,0.9911325041502482,0.9896320223618256,0.9821429598624348,0.9806836142582971,0.9505267946134995,0.8971636630087728,0.7632705996441604,0.8966190413518319,0.7075688932940513,0.9357048652173818
0.167,5.260382964263824,0.9478041817494091,0.9923493802202726,0.9902987200931919,0.9995569345077446,0.9997710525368322,0.9996005502009087,0.9960256018817533,0.9913125814042105,0.9898351863865597,0.9824520511089107,0.9810138002345216,0.9511873649277138,0.8982338873768754,0.7648888218353853,0.8977252528865234,0.7092298102403078,0.9362762544175633
0.168,5.281326647234043,0.9484892064255623,0.9925080661415416,0.9904891714992387,0.9995710071428251,0.9997790479047955,0.9996136977771986,0.9961190386307284,0.9914882187418433,0.9900334854150125,0.9827544467386129,0.9813369051825236,0.9518362114705782,0.8992882471890137,0.7664889677335871,0.8988147829105847,0.7108740615486274,0.9368390126391103
0.169,5.302186944605176,0.9491622129672976,0.9926627695203678,0.9906750572441093,0.9995845751780396,0.9997867309578388,0.9996263574159354,0.9962098775418952,0.9916595440121886,0.9902270560902088,0.9830503193418764,0.9816531099586799,0.9524735896599944,0.900327039823598,0.7680713042411164,0.8998879469298808,0.712501875401885,0.9373933178306665
0.17,5.322964353377484,0.9498234610574984,0.9928136069129758,0.9908565057234212,0.9995976586889596,0.9997941151399925,0.9996385491959809,0.9962982014889241,0.9918266808596714,0.9904160306569989,0.9833398363564685,0.9819625900693335,0.9530997483404288,0.9013505559622476,0.7696360934123893,0.9009450533452724,0.7141134760215537,0.93793934331885
0.171,5.343659366609386,0.9504732037349471,0.9929606909815921,0.9910336411919404,0.9996102768753139,0.9998012132642033,0.9996502922906204,0.9963840903678005,0.9919897488797175,0.990600537121842,0.9836231602427099,0.9822655158508636,0.9537149299780757,0.9023590797654346,0.771183592557781,0.9019864036369951,0.7157090837515112,0.9384772579526385
0.172,5.364272473456464,0.9511116875907376,0.993104130640864,0.9912065839144839,0.9996224481025378,0.999808037544388,0.9996616050119459,0.9964676212158164,0.9921488637679583,0.9907806994061082,0.9839004486519012,0.982562052642945,0.9543193708494465,0.9033528890428765,0.7727140543449671,0.9030122925436568,0.717288915139741,0.9390072262424948
0.173,5.384804159210007,0.9517391529580917,0.9932440311981457,0.9913754503106731,0.999634189941191,0.999814599625736,0.9996725048528904,0.9965488683253232,0.9923041374633144,0.9909566374931922,0.9841718545883412,0.9828523609552852,0.9549133012236295,0.9043322554188519,0.7742277268977813,0.9040230082360224,0.718853183017991,0.9395294084944437
0.174,5.405254905335085,0.952355834095834,0.9933804944879365,0.991540353093818,0.9996455192043651,0.9998209106133649,0.9996830085270477,0.9966279033524953,0.9924556782852351,0.9911284675697133,0.9844375265652092,0.9831365966281109,0.9554969455384628,0.9052974444926125,0.7757248538926607,0.9050188324857583,0.7204020965794504,0.9400439609393169
0.175,5.425625189508197,0.9529619593657571,0.9935136190007374,0.9917014014041963,0.9996564519831873,0.9998269810994203,0.999693132006402,0.9967047954213467,0.9926035910653571,0.9912963021610658,0.9846976087545676,0.983414910986666,0.9560705225708436,0.9062487159940501,0.7772056746527413,0.9060000408292923,0.7219358614544971,0.9405510358573602
0.176,5.445915485654449,0.9535577514041083,0.9936435000065867,0.9918587009369747,0.9996670036805275,0.9998328211887159,0.9997028905570859,0.9967796112232252,0.9927479772738341,0.9914602502615703,0.9849522411317349,0.9836874509899679,0.9566342456013962,0.90718632393478,0.7786704242396709,0.90696690272695,0.7234546797845779,0.9410507816983942
0.177,5.466126263984324,0.954143427287415,0.9937702296735126,0.9920123540650164,0.9996771890430042,0.9998384405229939,0.9997122987732777,0.9968524151120007,0.9928889351405735,0.9916204174594616,0.9852015596142618,0.983954359374062,0.9571883225737061,0.9081105167547896,0.7801193335432011,0.9079196817175167,0.7249587502942705,0.9415433431977102
0.178,5.486257991029987,0.954719198692858,0.9938938971811364,0.9921624599567959,0.9996870221913832,0.9998438483038864,0.9997213706093403,0.9969232691951502,0.9930265597716081,0.9917769060569436,0.9854456961957366,0.9842157747899969,0.9577329562483213,0.9090215374648004,0.7815526293686154,0.9088586355683682,0.7264482683615808,0.9420288614878745
0.179,5.5063111296811975,0.9552852720533933,0.9940145888296454,0.99230911468964,0.9996965166494549,0.9998490533146533,0.9997301194103024,0.9969922334209337,0.993160943260818,0.9919298151855213,0.9856847790746329,0.9844718319367416,0.9582683443517143,0.9099196237844809,0.7829705345220572,0.9097840164213136,0.7279234260865245,0.9425074742066063
0.18,5.52628613922078,0.9558418487078157,0.9941323881443429,0.9924524113585003,0.9997056853714728,0.9998540639407649,0.9997385579407712,0.9970593656618445,0.9932921747972072,0.9920792409168212,0.9859189327784045,0.9847226616892456,0.9587946797203887,0.9108050082766506,0.7843732678938113,0.9106960709342842,0.7293844123580446,0.9429793156008839
0.181,5.546183475359689,0.9563891250459482,0.994247375975973,0.9925924401804507,0.9997145407682291,0.9998588881893957,0.9997466984123641,0.9971247217945078,0.993420340767931,0.9922252763690904,0.9861482782830231,0.9849683912218433,0.9593121504403079,0.9116779184776012,0.7857610445395937,0.9115950404189997,0.7308314129193085,0.9434445166274357
0.182,5.566003590271668,0.9569272926491347,0.994359630597011,0.9927292885950969,0.9997230947318417,0.9998635337078908,0.9997545525097427,0.9971883557761924,0.9935455248572581,0.992368011809563,0.9863729331281437,0.9852091441271889,0.9598209399818168,0.9125385770236629,0.7871340757599048,0.9124811609747376,0.7322646104314318,0.9439032050497523
0.183,5.585746932627502,0.9574565384262069,0.994469227794096,0.9928630413610756,0.9997313586593198,0.9998680078012636,0.9997621314153218,0.997250319718093,0.9936678081416467,0.9925075347528713,0.9865930115280772,0.9854450405309013,0.9603212273302172,0.9133872017741382,0.7884925691774971,0.9133546636183281,0.7336841845356725,0.9443555055317627
0.184,5.6054139476288665,0.9579770447450872,0.9945762409567768,0.9929937806488104,0.9997393434749733,0.9998723174487778,0.9997694458327294,0.9973106639555325,0.9937872691811007,0.9926439300556695,0.9868086244787386,0.9856761972020931,0.9608131871121569,0.9142240059307185,0.7898367288130084,0.9142157744104932,0.7350903119141396,0.9448015397283043
0.185,5.6250050770418,0.9584889895601854,0.9946807411627351,0.9931215861296865,0.9997470596517263,0.9998764693196658,0.9997765060090837,0.9973694371152245,0.9939039841069679,0.9927772800076317,0.9870198798607336,0.9859027276599451,0.9612969897179808,0.9150491981534965,0.7911667551588064,0.9150647145786427,0.7364831663490545,0.9452414263725101
0.186,5.644520759229782,0.9589925465357394,0.9947827972596373,0.9932465350617964,0.999754517231394,0.9998804697880321,0.999783321756151,0.9974266861797321,0.9940180267063319,0.9929076644189775,0.9872268825387392,0.986124742276486,0.9617728014201885,0.9158629826736844,0.7924828452510978,0.9159017006362372,0.7378629187806063,0.9456752813602349
0.187,5.663961429186419,0.9594878851652456,0.9948824759437644,0.993368702372403,0.9997617258439752,0.9998843249469863,0.9997899024704457,0.9974824565492486,0.9941294685031451,0.9930351607046722,0.9874297344573258,0.9863423483757255,0.9622407844881378,0.9166655594031428,0.7937851927403425,0.9167269444988249,0.7392297373634436,0.946103217831636
0.188,5.683327518567775,0.9599751708871156,0.9949798418355593,0.9934881607372583,0.9997686947260125,0.999888040622047,0.9997962571523287,0.997536792100825,0.9942383788362389,0.9931598439654405,0.987628534733362,0.9865556503292855,0.9627010972991268,0.9174571240408196,0.7950739879600194,0.9175406535968553,0.7405837875218324,0.9465253462500143
0.189,5.702619455724314,0.9604545651966941,0.9950749575522235,0.9936049806569119,0.9997754327380689,0.9998916223838603,0.9998023944241577,0.9975897352451557,0.9943448249343463,0.9932817870657265,0.9878233797451392,0.9867647496486669,0.9631538944459827,0.9182378681761997,0.7963494179937889,0.918343030985368,0.7419252320035252,0.9469417744780259
0.19,5.721837665732484,0.960926225754767,0.995167883777492,0.9937192305301336,0.9997819483813664,0.9998950755602669,0.9998083225475403,0.9976413269810351,0.9944488719882616,0.9934010607087285,0.9880143632183436,0.9869697450742828,0.9635993268412807,0.9190079793898567,0.7976116667410924,0.9191342754506521,0.7432542309323684,0.9473526078513597
0.191,5.740982570425937,0.9613903064926804,0.9952586793287069,0.9938309767245722,0.9997882498136291,0.9998984052477552,0.9998140494397371,0.997691606947589,0.994550583220257,0.993517733508629,0.9882015763090007,0.9871707326613841,0.9640375418183098,0.9197676413512,0.7988609149812287,0.9199145816139719,0.7445709418596892,0.9477579492499804
0.192,5.760054588426397,0.9618469577141916,0.9953474012213039,0.993940283644766,0.9997943448641725,0.9999016163223338,0.9998195826892597,0.9977406134743781,0.9946500199508729,0.9936318720601357,0.9883851076835104,0.9873678058629988,0.964468683228901,0.9205170339135045,0.8000973404359503,0.9206841400324437,0.7458755198144886,0.9481578991670269
0.193,5.779054135174161,0.9622963261941638,0.9954341047308235,0.9940472137976128,0.999800241048277,0.9999047134498539,0.999824929570707,0.9977883836294731,0.9947472416631892,0.9937435410054436,0.9885650435958856,0.9875610556099981,0.9648928915382253,0.921256333206306,0.8013211178306153,0.9214431372971553,0.7471681173524789,0.948552555775456
0.194,5.7979816229582815,0.9627385552742157,0.995518843452549,0.994151827855406,0.9998059455808823,0.9999077010958134,0.9998300970588778,0.9978349532655837,0.9948423060646845,0.993852803098725,0.9887414679623039,0.987750570388403,0.9653103039166677,0.9219857117252473,0.8025324189539336,0.9221917561286082,0.7484488846039903,0.948942014992513
0.195,5.816837460946373,0.9631737849554287,0.9956016693588754,0.9942541847165364,0.9998114653896372,0.9999105835346674,0.9998350918421994,0.9978803570643355,0.9949352691467805,0.9939597192682473,0.9889144624330758,0.9879364363140336,0.9657210543288772,0.9227053384194509,0.8037314127163424,0.9229301754695649,0.7497179693207832,0.9493263705421142
0.196,5.835622055214106,0.9636021519882167,0.9956826328544998,0.9943543415639551,0.9998168071273367,0.9999133648586754,0.9998399203355075,0.9979246285787704,0.9950261852421696,0.9940643486762146,0.9890841064621277,0.9881187372046044,0.966125273620091,0.9234153787764968,0.8049182652070497,0.9236585705753805,0.750975516921788,0.9497057140152129
0.197,5.854335808774357,0.9640237899594521,0.9957617828295278,0.9944523539214882,0.9998219771837784,0.9999160489863061,0.9998445886922093,0.9979678002741501,0.9951151070800135,0.9941667487764265,0.9892504773740972,0.9882975546493631,0.9665230895998249,0.924115994905078,0.8060931397497756,0.924377113101892,0.7522216705378093,0.9500801349282303
0.198,5.872979121606022,0.9644388293769435,0.995839166710581,0.9945482757080927,0.9998269816970671,0.9999186396702272,0.9998491028158645,0.9980099035671375,0.995202085839104,0.9942669753698401,0.9894136504291295,0.9884729680763631,0.9669146271230209,0.9248073456154056,0.8072561969572287,0.9250859711909408,0.7534565710552132,0.9504497207796152
0.199,5.89155239068253,0.964847397751355,0.9959148305099897,0.9946421592901328,0.9998318265643932,0.9999211405048983,0.9998534683712119,0.9980509688634255,0.995287171199064,0.9943650826581213,0.9895736988854645,0.988645054817462,0.9673000081687376,0.9254895864974312,0.8084075947843465,0.9257853095535984,0.7546803571586314,0.9508145571046049
0.2,5.91005601,0.9652496196756548,0.9959888188731473,0.9947340555317614,0.9998365174523153,0.9999235549337917,0.9998576907946711,0.9980910255938799,0.9953704113896729,0.9944611232952643,0.9897306940598966,0.9888138901711301,0.9676793519164677,0.9261628699969546,0.8095474885803362,0.9264752895511625,0.7558931653727037,0.951174727528255
0.201,5.9284903706051155,0.9656456169021733,0.9960611751241056,0.994824013843478,0.9998410598065666,0.9999258862562574,0.9998617753043454,0.998130102249262,0.995451853238388,0.9945551484373564,0.9898847053861873,0.988979547463149,0.9680527748201609,0.9268273454896799,0.8106760311395389,0.9271560692739922,0.7570951301028848,0.9515303138167913
0.202,5.946855860622665,0.9660355084173555,0.9961319413094807,0.9949120822289391,0.9998454588614127,0.9999281376340539,0.9998657269095523,0.9981682264135902,0.9955315422161383,0.9946472077905625,0.9900358004715107,0.9891420981052829,0.9684203906800315,0.9274831593532815,0.8117933727511558,0.9278278036182441,0.7582863836753411,0.9518813959273572
0.203,5.965152865282785,0.9664194105142808,0.9962011582407381,0.9949983073300891,0.9998497196485812,0.9999303120975588,0.9998695504199051,0.9982054247961999,0.9956095224814558,0.9947373496573987,0.9901840451510001,0.9893016116519932,0.9687823107122222,0.9281304550375417,0.8128996612478588,0.9284906443605729,0.75946705637596,0.952228052056202
0.204,5.983381766947891,0.966797436863029,0.9962688655349246,0.9950827344706787,0.9998538470057831,0.9999324125516804,0.9998732504539677,0.9982417232625566,0.995685836923015,0.9948256209813618,0.9903295035404713,0.9894581558552725,0.9691386436163992,0.9287693731326172,0.813995042053316,0.9291447402308568,0.7606372764884939,0.9525703586853751
0.205,6.0015429451393185,0.9671696985789591,0.9963351016539086,0.9951654076982343,0.9998578455848487,0.9999344417814813,0.9998768314475046,0.998277146863875,0.9957605272006403,0.9949120673899815,0.9904722380873879,0.9896117967176651,0.9694894956413432,0.9294000514354893,0.8150796582286585,0.9297902369830024,0.7617971703318622,0.9529083906279722
0.206,6.019636776563658,0.9675363042889753,0.9963999039421891,0.9952463698245384,0.9998617198594945,0.9999364024575316,0.9998802976613472,0.998311719865596,0.9958336337848441,0.994996733236353,0.9906123096201345,0.9897625985435399,0.9698349706486058,0.9300226250146535,0.8161536505179174,0.9304272774638909,0.7629468622966326,0.9532422210719889
0.207,6.037663635138802,0.967897360195843,0.9964633086633314,0.9953256624646825,0.9998654741327391,0.9999382971410056,0.9998836531888942,0.9983454657747668,0.995905195994952,0.995079661639213,0.9907497773956591,0.9899106239886828,0.9701751701742942,0.9306372262731002,0.817217157392454,0.9310560016805145,0.7640864748807027,0.9535719216228294
0.208,6.055623892019704,0.9682529701406202,0.9965253510350836,0.9954033260747429,0.9998691125439875,0.9999401282885334,0.9998869019632646,0.9983784073663734,0.9959752520358726,0.9951608945216132,0.9908846991455458,0.9900559341082653,0.9705101934890451,0.9312439850096373,0.8182703150944091,0.9316765468653605,0.7652161287242017,0.9538975623445175
0.209,6.073517915623847,0.9686032356632658,0.9965860652632269,0.9954793999881381,0.9998726390757962,0.9999418982568222,0.9998900477641217,0.9984105667086672,0.9960438390335631,0.9952404726482452,0.9910171311205745,0.9901985884032518,0.9708401376562473,0.9318430284786042,0.8193132576791963,0.9322890475400891,0.7663359426436325,0.9542192117996544
0.21,6.091346071656441,0.9689482560614858,0.9966454845742104,0.9955539224507151,0.9998760575603374,0.9999436093070572,0.9998930942241833,0.9984419651875277,0.9961109930692427,0.9953184356614708,0.9911471281338232,0.9903386448653002,0.9711650975885718,0.9324344814480228,0.8203461170570638,0.9328936355775593,0.7674460336652725,0.9545369370881672
0.211,6.109108723135334,0.9692881284478725,0.9967036412466178,0.9956269306546159,0.9998793716855753,0.9999452636090942,0.9998960448354333,0.9984726235299031,0.9961767492124012,0.995394822116104,0.9912747436023641,0.9904761600202101,0.9714851661028612,0.9330184662562343,0.8213690230337455,0.9334904402622467,0.7685465170578542,0.9548508038848917
0.212,6.126806230415647,0.9696229478053928,0.9967605666415114,0.9956984607709699,0.9998825850011687,0.9999468632454547,0.9998989029550507,0.9985025618263639,0.9962411415526516,0.9954696695129959,0.9914000295876074,0.990611188969971,0.9718004339734349,0.9335951028670629,0.8223821033502254,0.9340795883491014,0.7696375063645389,0.9551608764760267
0.213,6.144438951214155,0.9699528070412802,0.9968162912316996,0.9957685479814569,0.9998857009241126,0.9999484102151323,0.9999016718110685,0.9985317995528094,0.996304203230469,0.9955430143314649,0.9915230368343385,0.9907437854334609,0.9721109899838589,0.9341645089235516,0.8233854837216376,0.9346612041208916,0.7707191134342067,0.9554672177944997
0.214,6.162007240633374,0.9702777970393804,0.9968708446299676,0.9958372265087847,0.9998887227441314,0.9999499064372215,0.9999043545077765,0.998560355591359,0.9963659664668597,0.9956148920606175,0.9916438148084968,0.9908740017858418,0.972416920977231,0.9347267998003113,0.8243792878753209,0.9352354094440734,0.7717914484520751,0.9557698894542817
0.215,6.17951145118541,0.9705980067110012,0.9969242556163127,0.9959045296461222,0.999891653628836,0.9999513537543765,0.9999069540308795,0.9985882482504639,0.996426462592002,0.9956853372296021,0.9917624117337418,0.9910018890967008,0.9727183119050281,0.9352820886545221,0.8253636375880523,0.9358023238232319,0.7728546199696674,0.9560689517836857
0.216,6.196951932815534,0.9709135230443127,0.9969765521642234,0.995970489785526,0.9998944966286539,0.999952753936109,0.9999094732524249,0.9986154952842689,0.9964857220728958,0.9957543834368334,0.9918788746268474,0.9911274971669781,0.9730152458745621,0.9358304864756273,0.8263386527224751,0.9363620644541332,0.7739087349341404,0.9563644638576856
0.217,6.214329032925499,0.9712244311523465,0.997027761466038,0.9960351384454017,0.9998972546815462,0.9999541086819334,0.9999119149355074,0.9986421139112563,0.9965437745400618,0.9958220633782291,0.9919932493319691,0.9912508745647268,0.9733078041950879,0.9363721021337565,0.8273044512627443,0.9369147462754251,0.7749538987169949,0.9566564835292838
0.218,6.231643096396613,0.971530814319637,0.9970779099574191,0.9960985062970318,0.999899930617518,0.9999554196243651,0.999914281738765,0.9986681208322011,0.9966006488133239,0.995888408874493,0.9921055805538206,0.991372068659745,0.9735960664226078,0.9369070424269151,0.8282611493494082,0.9374604820190288,0.7759902151421788,0.9569450674599648
0.219,6.248894465612552,0.9718327540475472,0.9971270233409769,0.9961606231902095,0.9999025271629347,0.9999566883317831,0.9999165762206741,0.9986935322474636,0.9966563729267088,0.9959534508974823,0.9922159118898011,0.9914911256571188,0.9738801104034114,0.9374354121269756,0.829208861313542,0.937999382259253,0.7770177865135987,0.9572302711492608
0.22,6.266083480481928,0.9721303300983217,0.9971751266090761,0.9962215181780082,0.9999050469446518,0.9999579163111588,0.999918800843654,0.9987183638736472,0.9967109741524998,0.9960172195956906,0.9923242858611082,0.9916080906297153,0.9741600123163933,0.937957314024503,0.8301476997101553,0.9385315554606721,0.7780367136420557,0.9575121489634631
0.221,6.283210478460613,0.9724236205379064,0.9972222440658538,0.9962812195407209,0.9999074924939656,0.9999591050106613,0.99992095797799,0.9987426309596473,0.9967644790244717,0.996079744318881,0.9924307439428729,0.9917230075496603,0.9744358467141837,0.9384728489724505,0.8310777753508876,0.9390571080247995,0.7790470958716185,0.9577907541635021
0.222,6.300275794573829,0.9727127017775726,0.9972683993484819,0.9963397548089994,0.9999098662503975,0.9999602558221429,0.9999230499055831,0.9987663483021145,0.9968169133603407,0.996141053641901,0.9925353265933498,0.9918359193188384,0.9747076865631334,0.9389821159287557,0.8319991973360105,0.9395761443355901,0.7800490311054471,0.9580661389320302
0.223,6.317279761437987,0.9729976486143852,0.9973136154477004,0.9963971507862224,0.9999121705653129,0.9999613700835122,0.9999250788235362,0.9987895302603559,0.9968683022834572,0.9962011753877059,0.9926380732821966,0.9919468677984463,0.9749756032821839,0.9394852119978664,0.8329120730857542,0.9400887668038067,0.7810426158310806,0.9583383543997253
0.224,6.3342227092822965,0.9732785342705479,0.9973579147276501,0.9964534335701221,0.9999144077053894,0.9999624490809993,0.9999270468475814,0.9988121907706968,0.9969186702437697,0.996260136649624,0.9927390225178732,0.9920558938376343,0.9752396667806618,0.9399822324712316,0.833816508370971,0.9405950759102792,0.7820279451452017,0.9586074506708516
0.225,6.3511049659701495,0.9735554304316623,0.9974013189450306,0.9965086285736945,0.9999165798559352,0.9999634940513191,0.9999289560153592,0.9988343433603237,0.9969680410380864,0.996317963812888,0.9928382118741917,0.9921630373012645,0.9754999454950279,0.9404732708667807,0.8347126073431561,0.9410951702480902,0.7830051127778923,0.958873476848087
0.226,6.3679268570202625,0.9738284072839343,0.997443849267608,0.9965627605454225,0.9999186891240682,0.9999645061837368,0.9999308082895548,0.9988560011606302,0.997016437829662,0.9963746825754604,0.9929356780160455,0.9922683370968192,0.9757565064246142,0.9409584189674233,0.8356004725638376,0.9415891465637141,0.7839742111163889,0.9591364810566567
0.227,6.384688705627602,0.9740975335503586,0.9974855262920989,0.9966158535888323,0.9999207375417614,0.9999654866220404,0.9999326055608976,0.9988771769200832,0.9970638831671308,0.9964303179681784,0.9930314567243462,0.992371831200485,0.9760094151663803,0.9414377668585945,0.8364802050333509,0.94207709979714,0.7849353312283527,0.9593965104677832
0.228,6.401390832684085,0.9743628765259149,0.9975263700614508,0.9966679311814122,0.9999227270687587,0.9999664364664261,0.999934349651032,0.9988978830166302,0.9971103990028154,0.9964848943742421,0.9931255829201953,0.9924735566824431,0.9762587359487184,0.941911402964875,0.8373519042190142,0.9425591231210071,0.7858885628846637,0.9596536113214814
0.229,6.418033556799052,0.9746245021118046,0.9975664000815443,0.9967190161929126,0.9999246595953706,0.9999673567752982,0.9999360423152645,0.9989181314696648,0.9971560067104277,0.9965384355480712,0.9932180906883165,0.9925735497313901,0.9765045316643365,0.9423794140857072,0.8382156680827181,0.943035307978777,0.786833994581753,0.9599078289487168
0.23,6.434617194319527,0.9748824748487563,0.9976056353373349,0.9967691309030529,0.999926536945151,0.9999682485669902,0.9999376852451923,0.9989379339515673,0.9972007271021895,0.9965909646335498,0.9933090132997741,0.9926718456783186,0.9767468639022483,0.942841885430238,0.8390715931079405,0.9435057441219725,0.7877717135634791,0.9601592077929478
0.231,6.451142059350266,0.9751368579494322,0.9976440943084595,0.9968182970186529,0.9999283608774641,0.9999691128214088,0.9999392800712199,0.9989573017988364,0.9972445804453902,0.9966425041816849,0.9933983832340006,0.992768479019578,0.9769857929788958,0.9432989006513064,0.839919774326206,0.9439705196465066,0.7887018058425654,0.9604077914310729
0.232,6.467608463773585,0.9753877133299567,0.9976817949843219,0.9968665356902133,0.9999301330899439,0.9999699504816063,0.9999408283649681,0.9989762460228298,0.9972875864784033,0.9966930761676961,0.9934862322001581,0.9928634834392436,0.9772213779684319,0.9437505418786051,0.8407603053429961,0.9444297210281261,0.7896243562216039,0.9606536225937994
0.233,6.4840167172689815,0.9756351016406001,0.9977187548786817,0.9969138675279613,0.9999318552208524,0.9999707624552824,0.9999423316415811,0.9989947773201263,0.9973297644261814,0.9967427020075587,0.9935725911578541,0.9929568918308148,0.9774536767321871,0.9441968897510333,0.8415932783631279,0.9448834331569949,0.7905394483136361,0.9608967431854534
0.234,6.5003671273325505,0.9758790822956376,0.9977549910437598,0.996960312617382,0.9999335288513399,0.9999715496162216,0.9999437913619349,0.9990129060825251,0.9973711330152474,0.9967914025740178,0.9936574903372352,0.9930487363182648,0.9776827459473469,0.9446380234482675,0.8424187842156131,0.9453317393714408,0.7914471645623248,0.9611371943032478
0.235,6.516659999296187,0.9761197135024114,0.9977905200838821,0.9970058905342543,0.999935155507613,0.9999723128056665,0.9999452089347538,0.9990306424066964,0.9974117104882009,0.9968391982120945,0.9937409592584783,0.993139048276464,0.9779086411348612,0.9450740207215683,0.8432369123780051,0.9457747214908856,0.7923475862617207,0.9613750162560264
0.236,6.532895636346605,0.9763570522896179,0.9978253581686748,0.997050620359207,0.9999367366630137,0.9999730528336324,0.999946585718636,0.9990479961034953,0.9974515146177559,0.9968861087540987,0.9938230267506988,0.9932278583509968,0.9781314166866091,0.9455049579238448,0.8440477510002524,0.9462124598479841,0.7932407935756366,0.9616102485824983
0.237,6.549074339544125,0.9765911545348451,0.9978595210458296,0.9970945206918134,0.9999382737400129,0.9999737704801633,0.9999479230239966,0.9990649767069539,0.9974905627203281,0.9969321535341682,0.9939037209702964,0.9933151964773932,0.9783511258918441,0.9459309100389985,0.8448513869280654,0.946645033319991,0.7941268655566385,0.9618429300689811
0.238,6.565196407841308,0.9768220749913797,0.9978930240534535,0.99713760966424,0.9999397681121229,0.9999744664965354,0.9999492221149263,0.9990815934829618,0.997528871669185,0.9969773514023502,0.9939830694187567,0.9934010918997921,0.9785678209629364,0.946351950710563,0.8456479057258068,0.9470725193593755,0.7950058801646583,0.9620730987666645
0.239,6.581262138101339,0.9770498673143085,0.9979258821320173,0.9971799049544646,0.9999412211057335,0.9999751416064068,0.9999504842109759,0.9990978554376467,0.9975664579071779,0.9970217207382396,0.9940610989599244,0.9934855731890572,0.9787815530604362,0.9467681522696608,0.846437391698923,0.9474949940237086,0.7958779142852439,0.9623007920084143
0.24,6.597271825116279,0.977274584085932,0.997958109835919,0.9972214237990791,0.9999426340018714,0.9999757965069188,0.9999517104888636,0.9991137713254689,0.9976033374590667,0.9970652794641915,0.9941378358367697,0.9935686682603615,0.9789923723174783,0.9471795857622944,0.847219927915918,0.9479125320048343,0.7967430437474463,0.9625260464251247
0.241,6.613225761625071,0.9774962768405133,0.9979897213446739,0.9972621830056912,0.9999440080378912,0.9999764318697496,0.9999529020841137,0.9991293496570366,0.9976395259434545,0.9971080450581211,0.9942133056876594,0.9936504043902586,0.9792003278635444,0.9475863209759903,0.8479955962298887,0.9483252066573523,0.7976013433413607,0.9627488979616372
0.242,6.629124238331403,0.9777149960883786,0.9980207304737446,0.9973021989649393,0.9999453444090955,0.9999770483421231,0.999954060092627,0.9991445987066563,0.9976750385843438,0.9971500345659051,0.994287533562153,0.9937308082332575,0.9794054678476054,0.9479884264658117,0.8487644772996237,0.9487330900264241,0.7984528868353207,0.9629693818922378
0.243,6.644967543921341,0.9779307913393922,0.9980511506850261,0.997341487662133,0.9999466442702934,0.9999776465477744,0.9999551855721859,0.9991595265196249,0.9977098902223293,0.9971912646133996,0.994360543936337,0.9938099058379154,0.9796078394606599,0.9483859695797592,0.8495266506102843,0.9491362528749246,0.7992977469927618,0.9631875328357438
0.244,6.660755965080832,0.9781437111258192,0.9980809950969949,0.9973800646885324,0.9999479087372934,0.9999782270878749,0.9999562795438983,0.9991741409192749,0.9977440953254373,0.9972317514180862,0.9944323607277118,0.9938877226624663,0.979807488957686,0.948779016483572,0.8502821944936678,0.9495347647099522,0.8001359955887553,0.9634033847701967
0.245,6.676489786512968,0.978353803024599,0.9981102764945352,0.9974179452522794,0.9999491388883388,0.9999787905419169,0.9999573429935831,0.9991884495137818,0.9977776679996273,0.9972715108003597,0.9945030073096488,0.9939642835899979,0.9800044616790252,0.9491676321849498,0.8510311861480708,0.9499286938087197,0.8009677034262227,0.9636169710471686
0.246,6.692169290955122,0.978561113679042,0.998139007338455,0.9974551441889914,0.9999503357654858,0.9999793374685624,0.9999583768730974,0.9992024597027419,0.9978106219989634,0.9973105581944686,0.9945725065254267,0.9940396129431937,0.9801988020712132,0.9495518805572061,0.8517737016577547,0.9503181072438359,0.8017929403518373,0.9638283244056933
0.247,6.707794759195863,0.9787656888199697,0.9981671997746999,0.9974916759720297,0.9999515003759258,0.9999798684064553,0.9999593821016116,0.999216178683528,0.9978429707354708,0.9973489086591221,0.9946408807018652,0.9941137344986506,0.9803905537072749,0.9499318243623724,0.8525098160120284,0.9507030709080003,0.8026117752716222,0.9640374769858407
0.248,6.723366470091744,0.9789675732863121,0.9981948656432776,0.9975275547224538,0.9999526336932577,0.999980383874999,0.9999603595668316,0.9992296134574343,0.9978747272886851,0.9973865768877717,0.9947081516625653,0.9941866715007902,0.9805797593064969,0.950307525273764,0.8532396031239514,0.9510836495381204,0.8034242761662443,0.964244460341935
0.249,6.738884700583857,0.9791668110451778,0.9982220164869019,0.9975627942186713,0.9999537366587072,0.9999808843751032,0.9999613101261725,0.9992427708356142,0.9979059044149068,0.9974235772185822,0.9947743407407714,0.9942584466753717,0.9807664607536954,0.9506790438980226,0.8539631358486699,0.9514599067388707,0.8042305101060215,0.9644493054554333
0.25,6.754349725714286,0.9793634452114137,0.9982486635593658,0.9975974079057945,0.9999548101823011,0.9999813703898975,0.999962234607884,0.9992556574448214,0.9979365145561699,0.997459923644099,0.9948394687918654,0.9943290822426224,0.980950699117992,0.9510464397966507,0.8546804860013915,0.9518319050057056,0.8050305432656404,0.9646520427474748
0.251,6.769761818642327,0.9795575180666679,0.9982748178336541,0.997631408904713,0.9999558551439937,0.9999818423854167,0.9999631338121316,0.9992682797329603,0.9979665698489351,0.9974956298206233,0.9949035562055042,0.9943985999299966,0.9811325146711108,0.9514097715070495,0.8553917243750078,0.9521997057473417,0.8058244409385957,0.9648527020911074
0.252,6.785121250660593,0.9797490710779677,0.9983004900098029,0.9976648100208924,0.9999568723947492,0.9999823008112567,0.9999640085120338,0.9992806439744528,0.9979960821325156,0.9975307090773059,0.9949666229174148,0.9944670209845744,0.9813119469052125,0.9517690965630724,0.8560969207573719,0.9525633693077221,0.8066122675513558,0.9650513128232021
0.253,6.800428291210914,0.9799381449158314,0.998325690522516,0.9976976237529066,0.9999578627575839,0.9999827461012045,0.9999648594546584,0.9992927562754281,0.9980250629572467,0.9975651744249667,0.9950286884208535,0.9945343661851116,0.9814890345502771,0.9521244715151094,0.8567961439482401,0.9529229549874764,0.8073940866772605,0.9652479037560662
0.254,6.815683207900115,0.9801247794719213,0.9983504295485451,0.9977298623007158,0.9999588270285661,0.999983178673841,0.9999656873619789,0.9993046225787418,0.9980535235924056,0.997599038564651,0.9950897717777424,0.9946006558537522,0.9816638155910479,0.9524759519497111,0.8574894617758823,0.9532785210648894,0.8081699610501575,0.9654425031887612
0.255,6.830886266515581,0.9803090138762559,0.9983747170138438,0.9977615375736941,0.9999597659777772,0.9999835989331198,0.9999664929317927,0.99931624866883,0.9980814750338906,0.9976323138959301,0.9951498916294937,0.9946659098674131,0.9818363272835505,0.9528235925087674,0.8581769411133711,0.9536301248163921,0.8089399525777827,0.9656351389181357
0.256,6.846037731040725,0.9804908865139894,0.9983985626005005,0.9977926611984191,0.9999606803502376,0.9999840072689219,0.9999672768386041,0.9993276401764062,0.998108928011668,0.9976650125249547,0.995209066207529,0.9947301476688519,0.9820066061711967,0.953167446908249,0.8588586478945552,0.9539778225365839,0.8097041223548901,0.9658258382495825
0.257,6.861137863670242,0.9806704350417743,0.9984219757534598,0.9978232445262286,0.9999615708667948,0.9999844040575881,0.9999680397344706,0.9993388025830037,0.9981358929969945,0.9976971462722695,0.9952673133435054,0.9947933882774269,0.9821746881004868,0.9535075679565259,0.859534647129726,0.9543216695578028,0.8104625306761357,0.9660146280075227
0.258,6.876186924825254,0.9808476964037156,0.9984449656870389,0.9978532986405538,0.9999624382249793,0.9999847896624291,0.9999687822498178,0.9993497412253705,0.9981623802094214,0.9977287266803972,0.9953246504792561,0.9948556502995592,0.9823406082363201,0.9538440075722713,0.8602050029209792,0.9546617202692502,0.8112152370487232,0.9662015345456333
0.259,6.891185173168261,0.9810227068469304,0.9984675413912446,0.9978828343640352,0.9999632830998263,0.9999851644342157,0.9999695049942212,0.9993604612997236,0.9981883996235897,0.9977597650211986,0.995381094676456,0.994916951938906,0.9825044010769255,0.9541768168019626,0.8608697784772853,0.9549980281356849,0.811962300204814,0.9663865837568166
0.26,6.906132865617979,0.9811955019367213,0.9984897116378999,0.9979118622654277,0.9999641061446667,0.9999855287116485,0.999970208557158,0.9993709678658631,0.9982139609758207,0.9977902723030149,0.995436662626017,0.994977311006253,0.9826661004684223,0.9545060458369897,0.8615290361292675,0.9553306457156959,0.8127037781137069,0.9665698010829247
0.261,6.921030257363993,0.9813661165713781,0.9985114849865845,0.9979403926663046,0.9999649079918886,0.9999858828218087,0.9999708935087295,0.999381265851157,0.998239073770511,0.9978202592776038,0.9954913706572275,0.9950367449291371,0.9828257396190208,0.9548317440303803,0.8621828373437015,0.955659624679565,0.8134397279937946,0.9667512115242435
0.262,6.9358776018813,0.9815345849966128,0.9985328697903959,0.9979684356475628,0.9999656892536691,0.9999862270805916,0.9999715604003547,0.9993913600543955,0.9982637472863367,0.9978497364468697,0.9955452347466358,0.9950952707612033,0.9829833511128737,0.955153959913151,0.8628312427377347,0.9559850158267282,0.8141702063242992,0.9669308396487436
0.263,6.950675150944661,0.9817009408196433,0.9985538742015387,0.9979960010557395,0.9999664505226784,0.9999865617931212,0.999972209765439,0.9994012551495232,0.9982879905822745,0.9978787140694001,0.9955982705266943,0.9951529051913083,0.983138966923588,0.9554727412102955,0.8634743120928388,0.9563068691028485,0.8148952688567929,0.9671087096011053
0.264,6.965423154642858,0.9818652170229314,0.9985745061767443,0.9980230985091441,0.9999671923727581,0.9999868872541495,0.9999728421200144,0.999410955689252,0.9983118125034433,0.9979072021668108,0.9956504932941628,0.9952096645523749,0.9832926184274049,0.9557881348564167,0.864112104368495,0.9566252336165066,0.8156149706265066,0.9672848451115227
0.265,6.980121861392758,0.9820274459775865,0.99859477348253,0.998049737403812,0.9999679153595736,0.9999872037484397,0.9999734579633572,0.9994204661085596,0.9983352216867756,0.9979352105299082,0.9957019180182858,0.9952655648300078,0.9834443364160586,0.9561001870110138,0.8647446777156218,0.956940157655523,0.8163293659634351,0.9674592695042933
0.266,6.994771517953283,0.982187659456444,0.9986146837003017,0.9980759269192856,0.999968620021242,0.9999875115511332,0.9999740577785813,0.9994297907280758,0.9983582265665205,0.9979627487246729,0.995752559348745,0.9953206216708742,0.9835941511093224,0.9564089430734309,0.8653720894897499,0.9572516887029151,0.8170385085032361,0.9676320057062
0.267,7.0093723694392,0.9823458886468266,0.9986342442313035,0.9981016760242293,0.9999693068789364,0.9999878109281028,0.9999746420332082,0.9994389337573629,0.9983808353795866,0.9979898260980719,0.9958024316233974,0.9953748503908607,0.9837420921672502,0.9567144476974775,0.8659943962639477,0.957559873452505,0.817742451197936,0.9678030762546915
0.268,7.023924659334813,0.9825021641629973,0.9986534623014218,0.9981269934818817,0.9999699764374682,0.999988102136293,0.9999752111797164,0.9994478992980919,0.998403056170728,0.998016451783703,0.9958515488758035,0.9954282659830092,0.983888188702121,0.9570167448057263,0.8666116538415056,0.957864757824181,0.8184412463264381,0.9679725033058645
0.269,7.038428629507471,0.9826565160583126,0.9986723449658478,0.9981518878553516,0.9999706291858477,0.9999883854240438,0.9999757656560688,0.9994566913471191,0.99842489679758,0.9980426347072789,0.9958999248425525,0.9954808831252405,0.9840324692900965,0.9573158776035002,0.8672239172683819,0.9581663869788241,0.819134945504844,0.9681403086422546
0.27,7.052884520220996,0.9828089738370841,0.9986908991136014,0.9981763675127628,0.9999712655978229,0.9999886610314055,0.9999763058862207,0.9994653137994668,0.9984463649355482,0.9980683835919537,0.9959475729703905,0.9955327161878719,0.9841749619825968,0.9576118885925523,0.8678312408454169,0.9584648053329075,0.8198235996965875,0.968306513680443
0.271,7.067292570148924,0.9829595664661555,0.9987091314719238,0.9982004406322517,0.9999718861324003,0.9999889291904384,0.9999768322806083,0.9994737704512094,0.9984674680825558,0.998093706963498,0.9959945064231577,0.9955837792409336,0.9843156943174045,0.9579048195844485,0.8684336781403191,0.958760056572777,0.8205072592223885,0.9684711394784791
0.272,7.081653016387666,0.9831083223862036,0.9987270486105401,0.9982241152068223,0.9999724912343446,0.9999891901255019,0.9999773452366195,0.9994820650022713,0.9984882135636545,0.9981186131553277,0.9960407380885395,0.995634086061291,0.9844546933295022,0.9581947117136589,0.8690312819994286,0.9590521836686183,0.8211859737700264,0.9686342067431296
0.273,7.095966094469488,0.9832552695227709,0.9987446569457991,0.9982473990490641,0.9999730813346612,0.9999894440535323,0.9999778451390458,0.9994902010591366,0.9985086085355013,0.9981431103133904,0.9960862805846393,0.9956836501395785,0.9845919855616516,0.9584816054503674,0.8696241045592634,0.9593412288881236,0.8218597924039425,0.9687957358369548
0.274,7.110232038375413,0.9834004352970341,0.9987619627446906,0.9982702997957362,0.999973656851061,0.9999896911843099,0.9999783323605178,0.9994981821374748,0.9985286599907089,0.9981672064009139,0.9961311462663739,0.9957324846869492,0.9847275970747215,0.9587655406130025,0.8702121972578504,0.9596272338098574,0.8225287635746668,0.9689557467852189
0.275,7.124451080547945,0.9835438466363207,0.9987789721287484,0.998292824912222,0.9999742181884074,0.999989931720715,0.999978807261925,0.9995060116646866,0.9985483747620697,0.9981909092030204,0.9961753472317018,0.9957806026416478,0.9848615534577697,0.9590465563804992,0.8707956108458493,0.9599102393363372,0.8231929351280836,0.9691142592826378
0.276,7.1386234519037215,0.9836855299843743,0.9987956910778383,0.9983149816968584,0.9999747657391479,0.999990165858975,0.9999792701928193,0.9995136929823699,0.9985677595266598,0.998214226331213,0.9962188953276854,0.9958280166754099,0.9849938798378879,0.9593246913042982,0.8713743953974709,0.9601902857068292,0.823852354314527,0.9692712926999683
0.277,7.152749381845985,0.9838255113113814,0.9988121254338377,0.9983367772851443,0.9999752998837299,0.9999903937889014,0.9999797214918033,0.9995212293487107,0.9985868208098266,0.9982371652277351,0.9962618021563944,0.995874739199694,0.9851246008898127,0.9595999833200868,0.8719486003211949,0.9604674125098691,0.8245070677977208,0.9694268660904445
0.278,7.166829098276992,0.9839638161237594,0.9988282809042104,0.9983582186538301,0.999975820991001,0.9999906156941176,0.9999801614869046,0.9995286239408006,0.9986055649890628,0.9982597331698086,0.9963040790806528,0.9959207823717507,0.9852537408453119,0.9598724697592892,0.8725182743702921,0.9607416586955149,0.8251571216635577,0.9695809981960658
0.279,7.180862827610234,0.9841004694737188,0.9988441630654766,0.9983793126248949,0.999976329418595,0.9999908317522788,0.9999805904959368,0.9995358798568833,0.998623998297771,0.9982819372737555,0.9963457372296368,0.9959661581005332,0.9853813235023495,0.9601421873603133,0.873083465653154,0.9610130625873362,0.8258025614287267,0.9697337074537361
0.28,7.19485079478261,0.9842354959685993,0.9988597773665858,0.998400065869411,0.9999768255133044,0.9999910421352819,0.9999810088268456,0.9995430001185334,0.998642126828922,0.9983037844990034,0.996386787504325,0.996010878052455,0.9855073722340372,0.9604091722795562,0.8736442216434342,0.961281661894148,0.8264434320491875,0.9698850120012641
0.281,7.208793223266413,0.9843689197799913,0.9988751291321919,0.9984204849113031,0.9999773096114389,0.9999912470094696,0.9999814167780442,0.9995499876727679,0.9986599565386097,0.9983252816519813,0.9964272405828075,0.996054953656998,0.9856319099973764,0.9606734601021788,0.8742005891900064,0.9615474937214941,0.8270797779284992,0.9700349296832246
0.282,7.222690335081257,0.9845007646526432,0.9988902235658361,0.9984405761310026,0.9999777820391718,0.9999914465358246,0.9999818146387346,0.9995568453940947,0.9986774932495074,0.998346435389908,0.9964671069254565,0.9960983961121757,0.9857549593417971,0.9609350858526509,0.87475261452674,0.961810594582887,0.8277116429260021,0.9701834780566851
0.283,7.23654235080584,0.9846310539131643,0.9989050657530397,0.9984603457690009,0.999978243112873,0.9999916408701576,0.9999822026892182,0.9995635760864986,0.9986947426542261,0.998367252224476,0.9965063967799634,0.9961412163898551,0.9858765424174989,0.9611940840050748,0.8753003432821014,0.9620710004108091,0.828339070364858,0.9703306743968023
0.284,7.250349489589633,0.9847598104785258,0.998919660664308,0.9984797999293056,0.9999786931394314,0.9999918301632884,0.9999825812011951,0.9995701824853679,0.9987117103185796,0.9983877385254344,0.996545120186245,0.9961834252409436,0.9859966809835979,0.961450488493292,0.8758438204885797,0.9623287465674814,0.8289621030399514,0.9704765357022906
0.285,7.2641119691644205,0.9848870568643662,0.9989340131580516,0.9984989445828019,0.9999791324165652,0.9999920145612192,0.9999829504380516,0.9995766672593627,0.9987284016847596,0.9984079005240741,0.9965832869812239,0.9962250332004404,0.9861153964160877,0.9617043327207775,0.8763830905919446,0.9625838678554052,0.8295807832256548,0.9706210787007672
0.286,7.277830005855759,0.985012815193107,0.9989481279834237,0.9985177855705215,0.9999795612331204,0.9999921942053025,0.9999833106551386,0.9995830330122276,0.9987448220744207,0.9984277443166181,0.9966209068034857,0.9962660505923613,0.9862327097156146,0.9619556495703273,0.8769181974603372,0.9628363985276817,0.8301951526834586,0.9707643198539749
0.287,7.291503814594304,0.9851371072018813,0.9989620097830785,0.9985363286068227,0.9999799798693605,0.9999923692324014,0.9999836621000386,0.9995892822845502,0.9987609766916822,0.9984472758675188,0.9966579890978172,0.9963064875345357,0.9863486415150766,0.962204471413544,0.8774491843931977,0.9630863722981162,0.8308052526694716,0.9709062753628889
0.288,7.305133608927038,0.9852599542502816,0.9989756630958533,0.9985545792824847,0.9999803885972445,0.9999925397750457,0.9999840050128246,0.9995954175554669,0.9987768706260453,0.998466501012667,0.996694543119628,0.9963463539432841,0.9864632120870471,0.962450830120125,0.8779760941300357,0.963333822351109,0.8314111239417925,0.9710469611727064
0.289,7.318719601028387,0.9853813773279323,0.9989890923593744,0.9985725430677161,0.999980787680696,0.9999927059615802,0.999984339626308,0.9996014412443182,0.9987925088552317,0.9984854254625133,0.9967305779392597,0.9963856595379746,0.9865764413510296,0.9626947570669576,0.8784989688590404,0.9635787813513416,0.8320128067677544,0.9711863929777291
0.29,7.332262001711229,0.9855013970618889,0.9990023019125912,0.9985902253150846,0.9999811773758627,0.9999928679163089,0.9999846661662785,0.9996073557122555,0.9988078962479428,0.9985040548051058,0.9967661024461859,0.9964244138454666,0.9866883488805477,0.9629362831470267,0.8790178502255418,0.9638212814532603,0.8326103409310469,0.9713245862261313
0.291,7.345761020437799,0.9856200337238702,0.9990152959982402,0.9986076312623653,0.9999815579313661,0.9999930257596336,0.9999849848517359,0.999613163263799,0.9988230375665437,0.9985223945090461,0.9968011253531054,0.9964626262044403,0.9867989539100726,0.9631754387781377,0.8795327793403188,0.9640613543103628,0.8332037657387172,0.9714615561246233
0.292,7.35921686533049,0.9857373072373273,0.9990280787652408,0.998624766035314,0.9999819295885437,0.9999931796081866,0.9999852958951132,0.9996188661483515,0.9988379374696752,0.9985404499263653,0.9968356551999316,0.9965003057696183,0.9869082753417957,0.9634122539114603,0.8800437967877623,0.9642990310842929,0.8337931200280517,0.9715973176430159
0.293,7.372629743182544,0.985853237184353,0.9990406542710243,0.9986416346503656,0.9999822925816821,0.9999933295749596,0.9999855995024904,0.9996244665616665,0.9988526005147931,0.9985582262953243,0.9968697003576817,0.9965374615158825,0.9870163317522472,0.9636467580398971,0.880550942633893,0.964534342453747,0.8343784421733415,0.9717318855186781
0.294,7.38599985946865,0.9859678428124362,0.9990530264838001,0.9986582420172598,0.9999826471382419,0.9999934757694273,0.9999858958738038,0.9996299666472733,0.9988670311606388,0.9985757287431385,0.9969032690322688,0.9965741022422857,0.9871231413987653,0.96387898020628,0.8810542564342383,0.964767318623197,0.8349597700925334,0.9718652742608984
0.295,7.399327418355438,0.9860811430410651,0.9990651992847586,0.9986745929415978,0.9999829934790753,0.9999936182976663,0.9999861852030446,0.9996353684978612,0.9988812337696447,0.9985929622886303,0.9969363692681967,0.9966102365759651,0.9872287222258207,0.9641089490114,0.8815537772415709,0.9649979893314333,0.83553714125377,0.9719974981551529
0.296,7.4126126227118645,0.9861931564681826,0.9990771764702142,0.9986906921273299,0.9999833318186353,0.9999937572624701,0.999986467678453,0.9996406741566224,0.9988952126102717,0.9986099318448112,0.9969690089521652,0.9966458729759577,0.9873330918711996,0.9643366926218727,0.8820495436135125,0.9652263838599343,0.8361105926818198,0.9721285712672766
0.297,7.425855674119513,0.9863039013764976,0.9990889617536907,0.9987065441791781,0.9999836623651795,0.9999938927634593,0.9999867434827037,0.9996458856185569,0.9989089718592872,0.998626642221396,0.9970011958165833,0.9966810197369208,0.9874362676720474,0.9645622387778446,0.8825415936200031,0.9654525310410625,0.8366801609643975,0.9722585074475457
0.298,7.439056772882788,0.9864133957396569,0.999100558767948,0.998722153604994,0.9999839853209649,0.9999940248971887,0.9999870127930862,0.9996510048317389,0.9989225156039787,0.9986430981272495,0.9970329374429956,0.996715684992761,0.9875382666707793,0.9647856148005425,0.8830299648506408,0.9656764592660949,0.8372458822583821,0.9723873203346697
0.299,7.452216118039009,0.9865216572282794,0.9991119710669562,0.9987375248180539,0.9999843008824367,0.9999941537572501,0.9999872757816783,0.9996560336985459,0.9989358478443106,0.9986593041727704,0.997064241265424,0.9967498767201735,0.9876391056208578,0.9650068475996707,0.8835146944218947,0.965898196493089,0.8378077922959295,0.9725150233596986
0.3,7.4653339073684215,0.9866287032158572,0.9991232021278141,0.9987526621392955,0.9999846092404119,0.9999942794343704,0.9999875326155131,0.9996609740768548,0.9989489724950213,0.9986752648722116,0.9970951145736269,0.9967836027420942,0.9877388009924437,0.965225963680659,0.8839958189841906,0.96611777025459,0.8383659263904827,0.9726416297498445
0.301,7.478410337404099,0.9867345507845267,0.9991342553526178,0.9987675697994933,0.9999849105802544,0.9999944020165078,0.999987783456741,0.9996658277812003,0.998961893387667,0.9986909846459395,0.9971255645162765,0.9968168707310671,0.9878373689779213,0.9654429891517646,0.8844733747288758,0.9663352076651808,0.8389203194426845,0.9727671525322208
0.302,7.491445603441763,0.9868392167307125,0.9991451340702773,0.9987822519413794,0.9999852050820465,0.9999945215889441,0.9999880284627852,0.9996705965839027,0.9989746142726085,0.9987064678226358,0.9971555981040606,0.9968496882125293,0.9879348254973014,0.9656579497310314,0.8849473973950632,0.9665505354288804,0.8394710059461914,0.9728916045375021
0.303,7.504439899549502,0.986942717570648,0.9991558415382855,0.9987967126217068,0.9999854929207522,0.9999946382343722,0.9999882677864932,0.999675282216162,0.9989871388209466,0.9987217186414401,0.9971852222127048,0.9968820625680156,0.9880311862035062,0.9658708707531108,0.8854179222763563,0.9667637798463926,0.8400180199933913,0.9730149984035044
0.304,7.517393418577406,0.9870450695457744,0.9991663809444397,0.9988109558132611,0.9999857742663779,0.9999947520329829,0.9999885015762809,0.9996798863691219,0.998999470626407,0.9987367412540382,0.9972144435859239,0.9969140010382855,0.9881264664875379,0.9660817771759453,0.8858849842274594,0.9669749668222088,0.8405613952810274,0.9731373465786903
0.305,7.530306352167102,0.9871462886280228,0.9991767554085166,0.998824985406818,0.9999860492841243,0.9999948630625466,0.9999887299762744,0.9996844106949021,0.9990116132071746,0.9987515397266957,0.9972432688382992,0.996945510726374,0.9882206814835347,0.9662906935873198,0.8863486176706753,0.9671841218715697,0.8411011651157299,0.9732586613255988
0.306,7.54317889076121,0.9872463905249805,0.9991869679839032,0.9988388052130515,0.9999863181345362,0.9999949713984929,0.9999889531264445,0.9996888568076024,0.9990235700076792,0.9987661180422396,0.9972717044580863,0.9969765986005685,0.988313846073715,0.9664976442112816,0.8868088566022894,0.9673912701272851,0.8416373624194577,0.973378954724202
0.307,7.5560112236127015,0.987345390684946,0.9991970216591839,0.9988524189643923,0.9999865809736456,0.9999950771139879,0.9999891711627383,0.9996932262842786,0.9990353444003358,0.9987804801019879,0.9972997568099554,0.9970072714973133,0.9884059748932158,0.9667026529144352,0.8872657345988474,0.9675964363464206,0.8421700197348498,0.9734982386751925
0.308,7.568803538794179,0.9874433043018734,0.9992069193596864,0.998865830316838,0.9999868379531103,0.9999951802800074,0.9999893842172053,0.9996975206658891,0.9990469396872381,0.9987946297276309,0.9973274321376637,0.9970375361240452,0.9884970823348245,0.9669057432121104,0.887719284823324,0.9677996449168488,0.842699169230491,0.9736165249031985
0.309,7.581556023207058,0.9875401463202115,0.9992166639489856,0.9988790428517172,0.9999870892203482,0.999995280965409,0.9999895924181196,0.9997017414582173,0.9990583591018084,0.9988085706630631,0.9973547365666646,0.9970673990619602,0.9885871825536093,0.9671069382744104,0.8881695400311874,0.9680009198636715,0.8432248427060913,0.9737338249599359
0.31,7.594268862590673,0.9876359314396371,0.999226258230369,0.9988920600774086,0.9999873349186673,0.9999953792370005,0.9999897958900982,0.999705890132766,0.9990696058104045,0.9988223065761687,0.9973816761066534,0.9970968667687136,0.9886762894714491,0.96730626093214,0.8886165325763624,0.9682002848555148,0.8437470715975814,0.9738501502272897
0.311,7.606942241531298,0.987730674119688,0.9992357049482627,0.9989048854310153,0.9999875751873903,0.9999954751596065,0.9999899947542147,0.999709968127628,0.999080682913885,0.9988358410605621,0.9974082566540514,0.9971259455810562,0.9887644167814651,0.967503733682618,0.889060294417089,0.9683977632106988,0.8442658869821257,0.9739655119203332
0.312,7.619576343471074,0.9878243885842954,0.9992450067896206,0.9989175222799972,0.9999878101619768,0.9999955687961327,0.9999901891281099,0.999713976848332,0.9990915934491336,0.9988491776372838,0.9974344839944318,0.9971546417174075,0.9888515779523588,0.9676993786953759,0.8895008571216865,0.9685933779032867,0.8447813195830549,0.9740799210902863
0.313,7.632171350716865,0.9879170888262209,0.999254166385277,0.9989299739237616,0.9999880399741395,0.9999956602076275,0.9999903791260978,0.9997179176686644,0.9991023403905446,0.998862319756452,0.9974603638048857,0.9971829612803673,0.988937786232655,0.9678932178177446,0.8899382518742172,0.9687871515690143,0.8452933997747192,0.9741933886274072
0.314,7.644727444449022,0.9880087886113971,0.9992631863112637,0.9989422435952134,0.9999882647519585,0.9999957494533422,0.9999905648592684,0.9997217919314693,0.9991129266514704,0.9988752707988751,0.9974859016563329,0.9972109102591679,0.9890230546548562,0.9680852725803335,0.890372509480056,0.968979106511103,0.8458021575872625,0.9743059252638304
0.315,7.657244804730078,0.9880995014831775,0.9992720690900938,0.9989543344622663,0.9999884846199903,0.9999958365907881,0.9999907464355879,0.9997256009494256,0.9991233550856307,0.998888034077621,0.9975111030157777,0.9972384945320679,0.9891073960395057,0.9682755642024019,0.8908036603713676,0.9691692647059599,0.8463076227113221,0.9744175415763413
0.316,7.669723610513347,0.9881892407664952,0.9992808171920108,0.9989662496293155,0.9999886996993745,0.9999959216757923,0.999990923959994,0.9997293460058028,0.9991336284884865,0.9989006128395482,0.9975359732485107,0.9972657198686912,0.989190822999167,0.968464113597127,0.8912317346124901,0.9693576478087653,0.8468098245026512,0.9745282479890969
0.317,7.682164039651461,0.9882780195719343,0.9992894330362067,0.9989779921386733,0.9999889101079358,0.9999960047625521,0.9999910975344892,0.9997330283551957,0.9991437495985792,0.9989130102667982,0.9975605176202584,0.9972925919323076,0.9892733479423171,0.9686509413767702,0.8916567619052304,0.9695442771589526,0.8473087919866689,0.974638054776289
0.318,7.694566268904811,0.9883658507997147,0.9992979189920074,0.9989895649719696,0.9999891159602836,0.9999960859036859,0.9999912672582307,0.9997366492242393,0.9991537210988346,0.9989252294782506,0.9975847412992824,0.9973191162820635,0.9893549830771572,0.9688360678577435,0.8920787715940706,0.9697291737855808,0.8478045538629388,0.974746972064753
0.319,7.706930473949924,0.9884527471435937,0.9993062773800291,0.9990009710515159,0.999989317367908,0.9999961651502841,0.999991433227617,0.9997402098123043,0.9991635456178347,0.9989372735309412,0.997608649358429,0.9973452983751576,0.9894357404153441,0.9690195130655778,0.8924977926712881,0.9699123584126028,0.848297138509574,0.9748550098365255
0.32,7.7192568293877555,0.9885387210946845,0.9993145104733031,0.9990122132416362,0.9999895144392728,0.9999962425519568,0.9999915955363717,0.9997437112921722,0.9991732257310564,0.9989491454214457,0.9976322467771306,0.9973711435689675,0.989515631775642,0.9692012967397972,0.8929138537819912,0.9700938514640328,0.8487865739875744,0.9749621779313462
0.321,7.7315455087519105,0.9886237849451964,0.9993226204983738,0.9990232943499646,0.9999897072799052,0.9999963181568814,0.9999917542756256,0.9997471548106939,0.9991827639620801,0.9989608480872291,0.9976555384433602,0.9973966571231252,0.9895946687874976,0.9693814383386989,0.8933269832290699,0.9702736730690128,0.8492728880450956,0.9750684860491141
0.322,7.743796684516785,0.9887079507920954,0.9993306096363671,0.9990342171287101,0.9999898959924833,0.9999963920118466,0.999991909533994,0.9997505414894289,0.9991921627837661,0.9989723844079598,0.9976785291555405,0.9974218442015456,0.989672862894541,0.9695599570440424,0.8937372089780677,0.9704518430667819,0.8497561081216489,0.9751739437522892
0.323,7.756010528105638,0.988791230540689,0.9993384800240322,0.9990449842758911,0.9999900806769201,0.9999964641622973,0.9999920613976536,0.9997538724252676,0.9992014246194032,0.9989837572067939,0.9977012236244073,0.9974467098744074,0.9897502253580124,0.9697368717656485,0.8941445586619703,0.970628381011551,0.8502362613522372,0.9752785604682491
0.324,7.7681872098985805,0.9888736359081363,0.9993462337547573,0.9990555984365377,0.9999902614304446,0.9999965346523756,0.9999922099504156,0.9997571486910373,0.9992105518438269,0.998994969251626,0.9977236264748316,0.9974712591200882,0.9898267672601181,0.969912201145912,0.8945490595859176,0.9708033061772826,0.8507133745714249,0.9753823454915972
0.325,7.780326899240507,0.988955178426886,0.9993538728795585,0.9990660622038666,0.9999904383476814,0.9999966035249621,0.9999923552737966,0.9997603713360905,0.999219546784511,0.9990060232563096,0.9977457422475975,0.9974954968270549,0.9899024995073158,0.9700859635642286,0.8949507387318373,0.9709766375623804,0.8511874743173448,0.9754853079864244
0.326,7.792429764448939,0.9890358694480419,0.9993613994080445,0.9990763781204249,0.9999906115207271,0.9999966708217152,0.9999924974470878,0.9997635413868787,0.9992284117226303,0.9990169218818478,0.9977675754011397,0.9975194277957103,0.9899774328335331,0.9702581771413369,0.8953496227630034,0.971148393894289,0.8516585868356412,0.9755874569885263
0.327,7.804495972821807,0.9891157201446604,0.9993688153093571,0.9990865486792074,0.9999907810392236,0.9999967365831088,0.9999926365474213,0.9997666598475102,0.9992371488940989,0.9990276677375544,0.9977891303132412,0.9975430567401987,0.9900515778033174,0.9704288597435797,0.8957457380285206,0.971318593634006,0.8521267380833543,0.9756888014075762
0.328,7.816525690645161,0.9891947415149791,0.9993761225130874,0.9990965763247452,0.9999909469904306,0.9999968008484693,0.9999927726498341,0.9997697277002926,0.9992457604905803,0.9990382633821875,0.9978104112826912,0.9975663882901674,0.9901249448149226,0.9705980289870852,0.8961391105677341,0.9714872549805088,0.852591953732741,0.9757893500292539
0.329,7.828519083200805,0.9892729443855792,0.9993833229101693,0.9991064634541692,0.9999911094592943,0.9999968636560111,0.9999929058273309,0.9997727459062614,0.9992542486604752,0.9990487113250547,0.9978314225309055,0.9975894269924909,0.9901975441033309,0.9707657022418684,0.8965297661145694,0.9716543958750974,0.8530542591750392,0.9758891115173347
0.33,7.84047631477387,0.9893503394144836,0.9993904183537505,0.9991162124182464,0.9999912685285149,0.9999969250428705,0.9999930361509445,0.9997757154056941,0.9992626155098818,0.9990590140270913,0.9978521682035092,0.9976121773129536,0.9902693857432131,0.9709318966358568,0.8969177301018013,0.9718200340056545,0.853513679524172,0.9759880944157343
0.331,7.852397548660311,0.989426937094191,0.9993974106600422,0.9991258255223919,0.9999914242786119,0.9999969850451396,0.9999931636897932,0.9997786371186106,0.9992708631035353,0.9990691739019134,0.9978726523718838,0.9976346436378957,0.9903404796518278,0.97109662905884,0.8973030276652533,0.9719841868108268,0.8539702396203961,0.9760863071505159
0.332,7.86428294717435,0.9895027477546491,0.999404301609147,0.9991353050276557,0.9999915767879864,0.9999970436978973,0.9999932885111386,0.999781511945261,0.999278993465722,0.9990791933168446,0.9978928790346787,0.9976568302758205,0.9904108355918617,0.9712599161663472,0.8976856836479299,0.9721468714841257,0.8544239640338933,0.9761837580318574
0.333,7.876132671655828,0.9895777815661658,0.9994110929458666,0.9991446531516859,0.999991726132983,0.9999971010352416,0.999993410680439,0.9997843407665991,0.9992870085811727,0.9990890745939178,0.997912852119288,0.9976787414589664,0.9904804631742118,0.9714217743834498,0.8980657226040816,0.9723081049779532,0.8548748770683074,0.9762804552559787
0.334,7.887946882477523,0.9896520485422633,0.9994177863804895,0.999153872069669,0.9999918723879482,0.9999971570903184,0.9999935302614033,0.9997871244447447,0.999294910395933,0.9990988200108541,0.9979325754832945,0.9977003813448428,0.9905493718607103,0.9715822199084965,0.8984431688032058,0.9724679040075503,0.8553230027642266,0.9763764069070331
0.335,7.899725739052369,0.9897255585424721,0.999424383589559,0.9991629639152472,0.999992015625288,0.9999972118953513,0.9999936473160415,0.9997898638234334,0.9993027008182129,0.9991084318020168,0.9979520529158802,0.9977217540177316,0.9906175709667954,0.9717412687167768,0.898818046233982,0.9726262850548735,0.8557683649026122,0.9764716209589613
0.336,7.911469399840637,0.9897983212750711,0.999430886216622,0.9991719307814134,0.9999921559155239,0.9999972654816689,0.9999937619047148,0.9997925597284536,0.9993103817192158,0.9991179121593433,0.9979712881392054,0.9977428634901544,0.9906850696641264,0.9718989365641184,0.8991903786081452,0.9727832643723975,0.8562109870081763,0.9765661052773094
0.337,7.923178022357037,0.9898703462997699,0.9994372958729606,0.9991807747213857,0.9999922933273456,0.9999973178797326,0.9999938740861835,0.9997952129680737,0.9993179549339469,0.9991272632332547,0.9979902848097572,0.997763713704308,0.9907518769831477,0.9720552389904175,0.8995601893642968,0.9729388579868485,0.8566508923527069,0.9766598676210118
0.338,7.934851763177757,0.9899416430303395,0.999443614138304,0.9991894977494598,0.9999924279276642,0.9999973691191625,0.9999939839176533,0.9997978243334567,0.9993254222620022,0.9991364871335439,0.9980090465196662,0.997784308533467,0.9908180018155994,0.972210191323104,0.8999275016716559,0.9730930817028676,0.8570881039583432,0.9767529156441404
0.339,7.946490777947448,0.990012220737189,0.999449842561524,0.9991981018418419,0.9999925597816618,0.9999974192287625,0.9999940914548207,0.9998003945990644,0.9993327854683386,0.9991455859302415,0.9980275767979951,0.9978046517833546,0.9908834529169789,0.9723638086805442,0.9002923384337487,0.973245951106606,0.8575226446008013,0.9768452568976186
0.34,7.958095221386139,0.9900820885498903,0.9994559826613141,0.999206588937462,0.9999926889528414,0.9999974682365456,0.9999941967519161,0.999802924523052,0.9993400462840254,0.9991545616544629,0.9980458791119983,0.9978247471934841,0.9909482389089512,0.9725161059753795,0.9006547222920418,0.9733974815692553,0.8579545368125505,0.9769368988309043
0.341,7.969665247296096,0.9901512554596543,0.9994620359268498,0.999214960938767,0.9999928155030735,0.9999975161697565,0.9999942998617471,0.9998054148476506,0.9993472064069774,0.9991634162992339,0.998063956868352,0.9978445984384697,0.9910123682817134,0.9726670979178061,0.9010146756295171,0.9735476882505104,0.8583838028859427,0.9770278487936394
0.342,7.981201008568608,0.9902197303217556,0.9994680038184359,0.9992232197124958,0.9999929394926426,0.9999975630548958,0.9999944008357381,0.9998078662995413,0.9993542675026704,0.9991721518202974,0.9980818134143591,0.9978642091293088,0.9910758493963094,0.9728167990187936,0.9013722205741895,0.9736965861019716,0.858810464876294,0.9771181140372682
0.343,7.992702657190735,0.9902875218579102,0.9994738877681355,0.9992313670904358,0.9999930609802915,0.9999976089177415,0.999994499723971,0.9998102795902195,0.9993612312048402,0.9991807701369013,0.9980994520391254,0.9978835828146356,0.9911386904869005,0.9729652235932451,0.9017273790025705,0.9738441898704814,0.85923454460492,0.9772077017166264
0.344,8.004170344251968,0.9903546386586066,0.9994796891803852,0.9992394048701614,0.9999931800232648,0.9999976537833701,0.999994596575223,0.9998126554163487,0.9993680991161638,0.9991892731325674,0.9981168759747108,0.9979027229819469,0.9912008996629895,0.9731123857631007,0.9020801725430758,0.9739905141014028,0.8596560636621267,0.9772966188914969
0.345,8.01560421995086,0.9904210891853892,0.9994854094325947,0.9992473348157559,0.9999932966773506,0.9999976976761789,0.9999946914370045,0.9998149944601062,0.9993748728089256,0.9991976626558429,0.9981340883972545,0.997921633058802,0.9912624849116015,0.9732582994603844,0.9024306225793813,0.9741355731418359,0.8600750434101551,0.9773848725281399
0.346,8.02700443360157,0.9904868817730984,0.9994910498757327,0.9992551586585153,0.9999934109969213,0.9999977406199042,0.9999947843555943,0.9998172973895204,0.9993815538256667,0.9992059405210334,0.9981510924280762,0.9979403164139945,0.991323454099421,0.9734029784301962,0.9027787502537248,0.9742793811437769,0.8604915049860833,0.9774724695007913
0.347,8.038371133640373,0.9905520246320653,0.9994966118348982,0.9992628780976371,0.9999935230349729,0.9999977826376426,0.9999948753760755,0.9998195648587976,0.9993881436798197,0.9992141085089199,0.9981678911347518,0.9979587763587003,0.9913838149748869,0.9735464362336497,0.9031245764701569,0.9744219520672195,0.8609054693046847,0.9775594165931344
0.348,8.049704467632093,0.9906165258502638,0.9995020966098785,0.9992704948008916,0.9999936328431632,0.9999978237518685,0.9999949645423686,0.9998217975086423,0.9993946438563269,0.9992221683674583,0.9981844875321666,0.9979770161475993,0.9914435751702468,0.9736886862507579,0.9034681218977415,0.9745632996831995,0.8613169570612441,0.9776457204997435
0.349,8.061004582276503,0.9906803933954214,0.9995075054756928,0.9992780104052783,0.999993740471849,0.9999978639844535,0.9999950518972649,0.9998239959665685,0.9994010558122466,0.9992301218124631,0.9982008845835448,0.9979950389799729,0.9915027422035697,0.9738297416832663,0.9038094069737058,0.9747034375767856,0.8617259887343315,0.9777313878275009
0.35,8.072271623414634,0.9907436351170867,0.9995128396831244,0.9992854265176674,0.9999938459701218,0.9999979033566829,0.999995137482458,0.9998261608472028,0.999407380977342,0.999237970528275,0.998217085201457,0.9980128480007779,0.9915613234807206,0.9739696155574362,0.9041484519065421,0.974842379150014,0.8621325845885359,0.9778164250969873
0.351,8.083505736035072,0.9908062587486591,0.9995181004592392,0.9992927447154253,0.999993949385843,0.999997941889274,0.9999952213385752,0.9998282927525809,0.9994136207546591,0.9992457161684135,0.9982330922488051,0.9980304463016975,0.9916193262972957,0.9741083207267772,0.904485276679061,0.9749801376247734,0.8625367646771582,0.9779008387438456
0.352,8.094707064280154,0.9908682719093767,0.9995232890078921,0.9992999665470274,0.9999940507656774,0.9999979796023919,0.9999953035052064,0.9998303922724356,0.9994197765210883,0.9992533603562138,0.9982489085397861,0.9980478369221679,0.9916767578405195,0.9742458698747323,0.9048199010513976,0.9751167260456345,0.8629385488448639,0.9779846351201219
0.353,8.105875751452162,0.9909296821062672,0.9995284065102218,0.9993070935326547,0.9999941501551265,0.9999980165156659,0.9999953840209341,0.9998324599844778,0.9994258496279154,0.9992609046854495,0.9982645368408354,0.9980650228503849,0.9917336251911059,0.9743822755173142,0.9051523445639713,0.9752521572826314,0.8633379567302983,0.9780678204955771
0.354,8.117011940019397,0.9909904967360607,0.9995334541251327,0.9993141271647783,0.9999942475985596,0.999998052648205,0.9999954629233614,0.9998344964546702,0.999431841401358,0.999268350720941,0.9982799798715489,0.9980820070242875,0.9917899353250826,0.9745175500056956,0.9054826265404005,0.9753864440339924,0.8637350077686624,0.978150401058981
0.355,8.128115771622276,0.9910507230870649,0.9995384329897676,0.99932106890873,0.9999943431392456,0.9999980880186128,0.9999955402491385,0.999836502237495,0.9994377531430905,0.9992756999991501,0.9982952403055857,0.9980987923325203,0.9918456951155797,0.9746517055287536,0.9058107660903711,0.9755195988288217,0.8641297211942507,0.9782323829193754
0.356,8.139187387079303,0.991110368341005,0.9995433442199668,0.9993279202032592,0.999994436819382,0.9999981226450025,0.9999956160339901,0.9998384778762137,0.9994435861307557,0.9992829540287603,0.9983103207715511,0.9981153816153763,0.9919009113345848,0.9747847541155682,0.9061367821124633,0.9756516340297338,0.8645221160429536,0.978313772107319
0.357,8.150226926393048,0.9911694395748277,0.9995481889107182,0.9993346824610783,0.999994528680125,0.9999981565450107,0.9999956903127407,0.9998404239031217,0.999449341618466,0.9992901142912453,0.998325223853861,0.9981317776657181,0.9919555906546629,0.9749167076378783,0.9064606932969327,0.9757825618354405,0.8649122111547213,0.9783945745761087
0.358,8.161234528756026,0.9912279437624707,0.9995529681365962,0.9993413570693945,0.9999946187616168,0.9999981897358111,0.9999957631193392,0.9998423408397948,0.9994550208372918,0.9992971822414224,0.9983399520935873,0.998147983229881,0.9920097396506442,0.9750475778124937,0.9067825181284511,0.9759123942832932,0.8653000251759942,0.9784747962029764
0.359,8.172210332556574,0.9912858877765987,0.9995576829521904,0.9993479453904303,0.9999947071030135,0.9999982222341279,0.9999958344868836,0.9998442291973317,0.9994606249957392,0.999304159307996,0.9983545079892849,0.9981640010085552,0.9920633648012793,0.9751773762036646,0.9071022748888039,0.9760411432517788,0.8656855765620961,0.9785544427902667
0.36,8.183154475384613,0.9913432783903052,0.9995623343925244,0.9993544487619317,0.999994793742512,0.9999982540562489,0.9999959044476437,0.9998460894765886,0.9994661552802168,0.9993110468940865,0.9983688939978027,0.9981798336576512,0.9921164724908622,0.9753061142254104,0.9074199816595474,0.9761688204629723,0.8660688835795937,0.9786335200665923
0.361,8.194067094037447,0.9914001222787836,0.9995669234734648,0.9993608684976654,0.9999948787173749,0.9999982852180371,0.9999959730330849,0.9998479221684089,0.9994716128554912,0.9993178463777485,0.9983831125350747,0.9981954837891446,0.9921690690108227,0.9754338031438069,0.9077356563246255,0.9762954374849458,0.8664499643086218,0.9787120336879668
0.362,8.204948324525407,0.9914564260209648,0.9995714511921203,0.9993672058879041,0.9999949620639567,0.999998315734944,0.9999960402738887,0.9998497277538474,0.9994769988651329,0.9993245591124772,0.998397165976897,0.9982109539719053,0.9922211605612882,0.9755604540792349,0.9080493165729471,0.9764210057341361,0.8668288366451757,0.9787899892389205
0.363,8.21579830207755,0.9915121961011246,0.9995759185272329,0.9993734621999016,0.9999950438177269,0.9999983456220205,0.9999961061999755,0.9998515067043885,0.9994823144319509,0.9993311864277032,0.9984110566596862,0.9982262467325074,0.9922727532526158,0.9756860780085881,0.9083609799009237,0.9765455364776694,0.8672055183033698,0.9788673922335935
0.364,8.226617161147226,0.9915674389104608,0.9995803264395581,0.9993796386783569,0.9999951240132947,0.9999983748939282,0.9999961708405247,0.9998532594821589,0.9994875606584188,0.9993377296292761,0.9984247868812229,0.9982413645560233,0.9923238531068953,0.9758106857674445,0.9086706636149701,0.9766690408356459,0.8675800268176639,0.9789442481168095
0.365,8.237405035417662,0.9916221607486401,0.9995846758722381,0.9993857365458673,0.9999952026844316,0.9999984035649507,0.9999962342239951,0.9998549865401358,0.99949273862709,0.9993441899999373,0.9984383589013794,0.9982563098868001,0.992374466059424,0.9759342880521986,0.908978384833966,0.9767915297833849,0.8679523795450582,0.9790205622651316
0.366,8.248162057807434,0.9916763678253161,0.9995889677511657,0.9993917570033727,0.9999952798640932,0.9999984316490044,0.9999962963781439,0.9998566883223493,0.999497849401004,0.9993505687997832,0.9984517749428313,0.9982710851292208,0.9924245979601531,0.9760568954221582,0.909284160491682,0.9769130141536304,0.8683225936672565,0.9790963399878986
0.367,8.258888360475964,0.9917300662616184,0.999593202985339,0.9993977012305887,0.9999953555844415,0.9999984591596485,0.9999963573300462,0.9998583652640803,0.999502894024083,0.9993568672667161,0.9984650371917554,0.9982856926484484,0.992474254575107,0.9761785183016037,0.9095880073391682,0.9770335046387181,0.8686906861927988,0.979171586528241
0.368,8.269584074828897,0.9917832620916147,0.9995973824672105,0.9994035703864309,0.9999954298768655,0.9999984861100949,0.9999964171061135,0.9998600177920531,0.9995078735215209,0.9993630866168874,0.9984781477985117,0.9983001347711556,0.9925234415877756,0.9762991669818134,0.9098899419471075,0.9771530117927054,0.8690566739591636,0.9792463070640832
0.369,8.280249331523493,0.9918359612637444,0.9996015070730249,0.9994093656094293,0.9999955027720018,0.9999985125132186,0.9999964757321109,0.999861646324624,0.9995127889001618,0.9993692280451293,0.998491108878312,0.9983144137862388,0.9925721646004817,0.9764188516230525,0.9101899807081337,0.9772715460334636,0.8694205736348397,0.9793205067091244
0.37,8.290884260473934,0.9918881696422258,0.9996055776631517,0.9994150880181334,0.9999955742997542,0.9999985383815664,0.9999965332331753,0.9998632512719646,0.9995176411488708,0.9993752927253772,0.9985039225118745,0.9983285319455169,0.9926204291357208,0.97653758225653,0.9104881398391161,0.9773891176447351,0.86978240172137,0.979394190513803
0.371,8.301488990856603,0.9919398930084379,0.9996095950824097,0.9994207387115092,0.9999956444893131,0.9999985637273664,0.9999965896338313,0.9998648330362411,0.9995224312388967,0.9993812818110837,0.9985165907460635,0.998342491464416,0.9926682406374776,0.9766553687863199,0.9107844353834075,0.9775057367781542,0.8701421745553655,0.9794673634662439
0.372,8.312063651115311,0.9919911370622752,0.999613560160383,0.9994263187693261,0.9999957133691746,0.9999985885625366,0.9999966449580086,0.9998663920117892,0.9995271601242264,0.9993871964356228,0.9985291155945183,0.9983562945226406,0.9927156044725165,0.976772220991252,0.911078883213062,0.9776214134552337,0.8704999083104903,0.9795400304931909
0.373,8.322608368966495,0.992041907423478,0.999617473711732,0.9994318292525367,0.9999957809671577,0.999998612898694,0.9999966992290568,0.9998679285852851,0.9995318287419307,0.9993930377126847,0.9985414990382662,0.9983699432648299,0.9927625259316494,0.9768881485267685,0.9113714990310178,0.9777361575693169,0.8708556189994204,0.9796121964609206
0.374,8.333123271404334,0.9920922096329386,0.9996213365364948,0.9994372712036472,0.9999958473104229,0.9999986367471623,0.9999967524697618,0.999869443135911,0.9995364380125035,0.9993988067366633,0.9985537430263252,0.9983834398012003,0.9928090102309788,0.9770031609267505,0.911662298373249,0.9778499788874964,0.8712093224757738,0.979683866176141
0.375,8.343608484705882,0.9921420491539825,0.9996251494203838,0.9994426456470803,0.9999959124254888,0.9999986601189804,0.9999968047023601,0.999870936035519,0.999540988840193,0.999404504583034,0.9985658494762925,0.9983967862081766,0.9928550625131185,0.9771172676053128,0.9119512966108845,0.9779628870525003,0.8715610344360131,0.9797550443868746
0.376,8.35406413443609,0.9921914313736262,0.9996289131350752,0.9994479535895294,0.9999959763382489,0.9999986830249104,0.9999968559485536,0.9998724076487888,0.9995454821133252,0.9994101323087237,0.998577820274922,0.9984099845290083,0.9929006878483917,0.9772304778585688,0.9122385089522973,0.9780748915845464,0.8719107704213233,0.9798257357833269
0.377,8.36449034545284,0.9922403616038125,0.9996326284384911,0.9994531960203061,0.9999960390739879,0.9999987054754443,0.9999969062295236,0.9998738583333829,0.9995499187046204,0.999415690952473,0.9985896572786898,0.9984230367743743,0.9929458912360066,0.9773428008663654,0.9125239504451613,0.9781860018831635,0.8722585458194612,0.979895944998738
0.378,8.374887241911901,0.9922888450826217,0.9996362960750765,0.9994583739116798,0.9999961006573975,0.9999987274808128,0.9999969555659447,0.9998752884400979,0.9995542994715031,0.9994211815351902,0.9986013623143472,0.9984359449229748,0.9929906776052108,0.9774542456939886,0.9128076359784797,0.9782962272289836,0.8726043758665809,0.9799656766102217
0.379,8.385254947271877,0.9923368869754631,0.9996399167760697,0.9994634882192087,0.9999961611125913,0.999998749050991,0.999997003977998,0.9998766983130114,0.9995586252564047,0.999426605060298,0.9986129371794633,0.9984487109221115,0.9930350518164238,0.9775648212938414,0.913089580284582,0.9784055767855021,0.8729482756490328,0.9800349351395874
0.38,8.395593584299064,0.9923844923762417,0.9996434912597657,0.999468539882066,0.99999622046312,0.9999987701957066,0.9999970514853839,0.9998780882896274,0.9995628968870597,0.9994319625140716,0.9986243836429568,0.9984613366882561,0.9930790186623497,0.9776745365070917,0.913369797941094,0.97851405960081,0.8732902601051378,0.9801037250541514
0.381,8.40590327507233,0.992431666308506,0.9996470202317757,0.9994735298233566,0.9999962787319858,0.9999987909244458,0.9999970981073351,0.9998794587010156,0.9995671151767952,0.9994372548659715,0.9986357034456155,0.9984738241076064,0.993122582869069,0.9777834000652947,0.9136483033728766,0.9786216846092946,0.8736303440269376,0.9801720507675304
0.382,8.416184140987884,0.9924784137265739,0.9996505043852789,0.9994784589504289,0.9999963359416566,0.9999988112464602,0.9999971438626282,0.9998808098719495,0.9995712809248142,0.9994424830689668,0.9986468983006066,0.9984861750366328,0.9931657490971099,0.9778914205919872,0.9139251108539388,0.9787284606333138,0.8739685420619203,0.9802399166404251
0.383,8.426436302764076,0.9925247395166382,0.9996539444012703,0.9994833281551785,0.9999963921140792,0.999998831170773,0.9999971887695962,0.9998821421210404,0.9995753949164727,0.9994476480598539,0.9986579698939767,0.9984983913026116,0.9932085219425012,0.977998606604255,0.9142002345093213,0.9788343963848407,0.8743048687147218,0.980307326981387
0.384,8.436659880446095,0.9925706484978524,0.9996573409488018,0.9994881383143462,0.999996447270693,0.9999988507061855,0.9999972328461396,0.9998834557608683,0.9995794579235509,0.999452750759566,0.99866891988514,0.9985104747041499,0.9932509059378054,0.9781049665142751,0.9144736883169535,0.9789395004670813,0.8746393383488047,0.980374286047575
0.385,8.446854993410673,0.9926161454233964,0.9996606946852187,0.9994928902898094,0.9999965014324429,0.9999988698612827,0.9999972761097378,0.9998847510981098,0.9995834707045178,0.9994577920734781,0.998679749907359,0.9985224270116977,0.993292905553133,0.9782105086308325,0.9147454861094834,0.979043781376065,0.8749719651881136,0.9804407980454979
0.386,8.457021760370713,0.9926612349815237,0.9996640062563907,0.9994975849288666,0.9999965546197914,0.9999988886444393,0.9999973185774599,0.9998860284336629,0.9995874340047917,0.9994627728917043,0.9986904615682135,0.9985342499680515,0.9933345251971388,0.9783152411608101,0.9150156415760817,0.979147247502208,0.8753027633187082,0.9805068671317431
0.387,8.467160299379918,0.9927059217965891,0.9996672762969383,0.9995022230645174,0.9999966068527313,0.9999989070638251,0.9999973602659753,0.9998872880627692,0.9995913485569926,0.9994676940893887,0.9987010564500616,0.9985459452888473,0.9933757692179999,0.9784191722106568,0.9152841682642188,0.9792499071318522,0.8756317466903726,0.9805724974136958
0.388,8.477270727837338,0.9927502104300581,0.9996705054304535,0.999506805515735,0.9999966581507975,0.9999989251274112,0.999997401191564,0.9998885302751326,0.9995952150811916,0.999472556526991,0.9987115361104903,0.9985575146630428,0.9934166419043757,0.9785223097878287,0.9155510795814181,0.9793517684487764,0.875958929118205,0.9806376929502437
0.389,8.487353162491926,0.9927941053814984,0.9996736942697162,0.9995113330877332,0.9999967085330783,0.9999989428429742,0.9999974413701268,0.9998897553550363,0.9995990342851533,0.9994773610505648,0.9987219020827581,0.9985689597533913,0.9934571474863519,0.9786246618022088,0.915816388796982,0.9794528395356839,0.876284324284184,0.9807024577524711
0.39,8.497407719447004,0.9928376110895535,0.999676843416906,0.9995158065722288,0.9999967580182269,0.9999989602181024,0.9999974808171946,0.9998909635814561,0.9996028068645735,0.9994821084920317,0.998732155876228,0.9985802821969061,0.9934972901363666,0.9787262360675013,0.9160801090436946,0.9795531283756649,0.8766079457387141,0.9807667957843403
0.391,8.50743451416475,0.9928807319328992,0.9996799534638088,0.999520226747697,0.9999968066244718,0.9999989772602003,0.9999975195479381,0.9998921552281711,0.9996065335033121,0.9994867996694474,0.9987422989767921,0.9985914836053142,0.9935370739701189,0.9788270403026057,0.9163422533195,0.979652642853635,0.8769298069021498,0.9808307109633625
0.392,8.517433661470587,0.9929234722311826,0.9996830249920194,0.9995245943796223,0.9999968543696283,0.9999989939764934,0.9999975575771771,0.9998933305638728,0.9996102148736201,0.9994914353872646,0.998752332847288,0.998602565565503,0.9935765030474638,0.9789270821329656,0.9166028344891561,0.9797513907577495,0.8772499210663005,0.980894207161258
0.393,8.527405275557596,0.9929658362459449,0.9996860585731399,0.9995289102207437,0.9999969012711081,0.9999990103740333,0.9999975949193891,0.9998944898522707,0.9996138516363634,0.9994960164365883,0.9987622589279065,0.9986135296399569,0.9936155813732885,0.9790263690918978,0.9168618652858654,0.9798493797807951,0.877568301395913,0.9809572882046035
0.394,8.537349469990835,0.9930078281815277,0.999689054768973,0.9995331750112955,0.9999969473459295,0.999999026459702,0.9999976315887185,0.9998956333521959,0.9996174444412397,0.9995005435954271,0.9987720786365918,0.9986243773671853,0.9936543128983748,0.979124908621898,0.9171193583128825,0.9799466175215577,0.877884960930136,0.98101995787547
0.395,8.54726635771167,0.9930494521859625,0.999692014131712,0.9995373894792415,0.9999969926107274,0.9999990422402163,0.9999976675989842,0.9998967613177022,0.9996209939269922,0.9995050176289386,0.998781793369433,0.9986351102621436,0.9936927015202454,0.9792227080759275,0.9173753260450984,0.980043111486169,0.878199912583963,0.9810822199120508
0.396,8.557156051042048,0.9930907123518464,0.9996949372041265,0.9995415543405064,0.9999970370817626,0.9999990577221327,0.999997702963689,0.9998978739981652,0.9996245007216189,0.99950943928967,0.9987914045010484,0.9986457298166433,0.9937307510839953,0.9793197747186759,0.9176297808306035,0.9801388690894302,0.8785131691496579,0.9811440780092774
0.397,8.567018661688728,0.9931316127172001,0.9996978245197434,0.9995456702991999,0.9999970807749312,0.9999990729118509,0.9999977376960264,0.9998989716383785,0.9996279654425765,0.9995138093177933,0.9988009133849626,0.9986562374997573,0.9937684653831091,0.9794161157278068,0.917882734892227,0.9802338976561145,0.8788247432981593,0.9812055358194262
0.398,8.576854300747492,0.9931721572663124,0.9997006766030254,0.9995497380478391,0.9999971237057735,0.9999990878156181,0.999997771808889,0.999900054478648,0.9996313886969803,0.9995181284413363,0.9988103213539751,0.998666634758214,0.9938058481602627,0.979511738195181,0.9181342003290563,0.980328204422248,0.8791346475804681,0.9812665969527151
0.399,8.586663078707328,0.993212349930569,0.9997034939695439,0.9995537582675629,0.999997165889483,0.9999991024395335,0.9999978053148761,0.999901122754885,0.9996347710818009,0.9995223973764075,0.9988196297205227,0.9986769230167868,0.993842903108112,0.9796066491280611,0.9183841891179334,0.9804217965363702,0.8794428944290145,0.9813272649778907
0.4,8.596445105454544,0.993252194589268,0.9997062771261503,0.9995577316283449,0.9999972073409142,0.9999991167895512,0.999997838226301,0.999902176698695,0.9996381131840546,0.9995266168274181,0.9988288397770345,0.9986871036786734,0.993879633870067,0.9797008554502957,0.9186327131149314,0.9805146810607737,0.8797494961590084,0.9813875434228051
