Beta,R_0,R1,R2,R3,R4,R5,R6,R7,R8,R9,R10,R11,R12,R13,R14,R15,R16,R_all
0.0,0.0,0.0,0.0,0.0,0.0,0.0,0.0,0.0,0.0,0.0,0.0,0.0,0.0,0.0,0.0,0.0,0.0,0.0
0.001,0.07375532721834496,0.0,0.0,0.0,0.0,0.0,0.0,0.0,0.0,0.0,0.0,0.0,0.0,0.0,0.0,0.0,0.0,0.0
0.002,0.14707076182902584,0.0,0.0,0.0,0.0,0.0,0.0,0.0,0.0,0.0,0.0,0.0,0.0,0.0,0.0,0.0,0.0,0.0
0.003,0.2199502275520317,0.0,0.0,0.0,0.0,0.0,0.0,0.0,0.0,0.0,0.0,0.0,0.0,0.0,0.0,0.0,0.0,0.0
0.004,0.2923976015810277,4.440892098500626e-16,2.3314683517128287e-15,2.7755575615628914e-15,1.9984014443252818e-15,5.551115123125783e-16,3.3306690738754696e-16,4.440892098500626e-16,5.551115123125783e-16,5.551115123125783e-16,4.440892098500626e-16,3.3306690738754696e-16,4.440892098500626e-16,3.3306690738754696e-16,2.220446049250313e-16,2.220446049250313e-16,1.1102230246251565e-16,1.1709016083785046e-15
0.005,0.36441671527093594,0.0,0.0,0.0,0.0,0.0,0.0,0.0,0.0,0.0,0.0,0.0,0.0,0.0,0.0,0.0,0.0,0.0
0.006,0.43601135481335956,0.0,0.0,0.0,0.0,0.0,0.0,0.0,0.0,0.0,0.0,0.0,0.0,0.0,0.0,0.0,0.0,0.0
0.007,0.5071852619000979,0.0,0.0,0.0,0.0,0.0,0.0,0.0,0.0,0.0,0.0,0.0,0.0,0.0,0.0,0.0,0.0,0.0
0.008,0.577942134375,0.0,0.0,0.0,0.0,0.0,0.0,0.0,0.0,0.0,0.0,0.0,0.0,0.0,0.0,0.0,0.0,0.0
0.009,0.6482856268743914,4.440892098500626e-16,2.3314683517128287e-15,2.7755575615628914e-15,1.9984014443252818e-15,5.551115123125783e-16,3.3306690738754696e-16,4.440892098500626e-16,5.551115123125783e-16,5.551115123125783e-16,4.440892098500626e-16,3.3306690738754696e-16,4.440892098500626e-16,3.3306690738754696e-16,2.220446049250313e-16,2.220446049250313e-16,1.1102230246251565e-16,1.1709016083785046e-15
0.01,0.7182193514563107,0.0,0.0,0.0,0.0,0.0,0.0,0.0,0.0,0.0,0.0,0.0,0.0,0.0,0.0,0.0,0.0,0.0
0.011,0.7877468782187802,0.0,0.0,0.0,0.0,0.0,0.0,0.0,0.0,0.0,0.0,0.0,0.0,0.0,0.0,0.0,0.0,0.0
0.012,0.8568717359073359,4.6629367034256575e-15,1.3988810110276972e-14,1.7208456881689926e-14,1.0436096431476471e-14,4.9960036108132044e-15,4.440892098500626e-15,4.773959005888173e-15,4.9960036108132044e-15,4.884981308350689e-15,4.107825191113079e-15,3.9968028886505635e-15,3.885780586188048e-15,2.4424906541753444e-15,1.6653345369377348e-15,1.3322676295501878e-15,7.771561172376096e-16,8.019287581105196e-15
0.013,0.9255974125120308,1.3322676295501878e-14,4.3853809472693683e-14,5.6066262743570405e-14,3.197442310920451e-14,1.432187701766452e-14,1.2656542480726785e-14,1.4654943925052066e-14,1.4988010832439613e-14,1.509903313490213e-14,1.2434497875801753e-14,1.1324274851176597e-14,1.1546319456101628e-14,7.882583474838611e-15,5.551115123125783e-15,4.884981308350689e-15,3.3306690738754696e-15,2.480724234973912e-14
0.014,0.9939273558541266,7.747174809780155e-06,2.6391489890364994e-05,3.490785285609199e-05,1.858056193426716e-05,8.106796305584751e-06,7.043612264001631e-06,8.222749381170402e-06,8.65373524472357e-06,8.763902189734551e-06,7.14263006895699e-06,6.425313349933681e-06,6.710281076460767e-06,4.475621928845541e-06,3.2489939704172244e-06,2.911281682171918e-06,1.8398989013457268e-06,1.4763562455713924e-05
0.015,1.0618649741626793,0.03485302659604017,0.1115933282400492,0.1421958421261479,0.08113566274909267,0.036906232465905076,0.03209401150734925,0.036902746970141176,0.03866992138769121,0.03906589232986135,0.03208113520879863,0.028994333809731265,0.0302151855790469,0.020271730817572053,0.014589395456373833,0.013053585769492893,0.008276436053830993,0.06330254731369471
0.016,1.1294136366412213,0.0728918389355322,0.2186413283783395,0.2695549188658066,0.16422572707623273,0.07803689128279556,0.06797020628506656,0.07700059305068918,0.08034153167327585,0.08097642688777518,0.06702076789433797,0.06087202948143644,0.06327347989571652,0.042725417132820076,0.030503419096837847,0.02725796392227753,0.01734485192207147,0.12628324752415696
0.017,1.1965766740247383,0.11040139032102869,0.31128504058324613,0.3736122568605186,0.24073385269441738,0.1192434819190128,0.10409608506462797,0.11638357378162334,0.12095879077584482,0.12167017854131168,0.10143979483213539,0.0925706737689691,0.0959762041776393,0.06522581898768165,0.04625605982078107,0.041294008825918604,0.0263709132105302,0.18333470316832676
0.018,1.2633573791271346,0.1471630436660254,0.39143746026381365,0.45950425417712815,0.3106377009428979,0.1600502173543259,0.14011474349032305,0.15484152318927003,0.1603549008343903,0.16101411527754006,0.13515991969372654,0.12390181875432205,0.1281425610732384,0.08764537829194019,0.061810252407781374,0.05513717757216374,0.035336662667851626,0.2352241500436383
0.019,1.3297590073793755,0.18301603654534537,0.4608729717272406,0.5310410629909423,0.3741425601459063,0.20008264518224406,0.17573539703367613,0.1922199748957043,0.19841659566094705,0.19892244631025724,0.16804699409796386,0.1547142874747064,0.15963688813216614,0.1098834549484824,0.0771398987219033,0.06877048571214617,0.04422822708482799,0.2825897547258573
0.02,1.3957847773584906,0.21784140900225835,0.5211540500044831,0.5910974163956345,0.4316014081969608,0.2390559002178374,0.21072392738207857,0.22840631833049263,0.23506979974178377,0.23534426640114758,0.2000023178505277,0.18488789593502408,0.19035714259404435,0.1318593495633722,0.0922258549636139,0.08218180333486125,0.053034544732511235,0.3259652457627511
0.021,1.46143787130762,0.2515523546494407,0.5736227389294618,0.6418747516646726,0.4834499686587813,0.27676140345102707,0.24489520330394488,0.2633209982510757,0.27027032765180525,0.2702551934530174,0.23095587241472282,0.21432865849187344,0.22022750003672353,0.15350797878773215,0.10705371581116385,0.09536232770528252,0.06174661985433272,0.3658001736648553
0.022,1.5267214356472794,0.28408794942414917,0.6194180216462857,0.6850812138805159,0.5301592499674455,0.3130538725556917,0.2781064451330122,0.29691139321371995,0.3039974187740456,0.30365137459326375,0.2608609240088221,0.242964906452817,0.24919325725823982,0.1747770176672716,0.12161256200099568,0.10830569713212246,0.07035707027264304,0.4024761355733526
0.023,1.591638581478017,0.31540867816770446,0.6595015016451873,0.7220578554600803,0.572203523074305,0.3478395559887838,0.31025131551678875,0.3291471739677059,0.3362489475876064,0.3355449858027032,0.28968966147161623,0.2707440285935011,0.27721707883091895,0.19562487462078104,0.13589422726360645,0.12100746105890392,0.07885984363194509,0.43631964788523214
0.024,1.6561923850746267,0.3454929436793749,0.6946837914078048,0.7538687261713922,0.6100402517245285,0.3810660006273988,0.34125458545142073,0.36001652762397374,0.36703767582247737,0.36596071812248554,0.31742962647767015,0.29762965995050217,0.3042760589079623,0.2160191478508232,0.14989284154748317,0.13346474656026486,0.08725002989113095,0.46761232212764714
0.025,1.7203858883720928,0.3743341475418117,0.7256486072073862,0.781366218908967,0.6440985804636303,0.4127133584399362,0.3710673042144744,0.38952293777248936,0.3963881954311884,0.3949329476197806,0.34408075614916966,0.3235992119224538,0.3303593048228256,0.2359353676589998,0.16360451706869172,0.14567603025550924,0.09552372680781962,0.4965988990094293
0.026,1.7842220994434137,0.4019381456447291,0.752973642359602,0.805239149813201,0.6747736247669212,0.442787109563077,0.39966244272830154,0.41768237019577326,0.42433436802179403,0.42250340686009646,0.3696529084333914,0.34864168023291253,0.3554658813850625,0.25535591827160387,0.17702710561480295,0.15764096483280343,0.10367793317994223,0.5234935954387164
0.027,1.8477039929694725,0.42832099052257666,0.7771481843539889,0.8260485967939409,0.7024245211257755,0.47131203808399924,0.4270309979208299,0.4445207944152353,0.4509171524601834,0.4487192469757112,0.39416377890621024,0.3727556947674323,0.37960302897378684,0.27426908388559035,0.19015999071007528,0.16936023319356164,0.11171045601180063,0.5484851318950985
0.028,1.910834510701107,0.45350692443434837,0.7985877891155615,0.8442549326022043,0.7273748035328127,0.4983272932629561,0.4531785492244492,0.4700720084111648,0.4761827576539499,0.47363142025713734,0.41763714417969866,0.39594779057920026,0.40278460847685704,0.29266819194809146,0.20300389783539097,0.18083541706364736,0.11961982478187905,0.5717407332775001
0.029,1.9736165619135235,0.4775266082323084,0.8176464275626915,0.8602384400965943,0.7499141365142674,0.5238823794702414,0.4781222539132307,0.49437574780321447,0.5001810797485927,0.49729333547553656,0.44010138404127874,0.41823088621516435,0.4250297460900233,0.3105508412917912,0.2155607162889842,0.19206887458149968,0.12740521004820693,0.593409334159037
0.03,2.036053023853211,0.5004155768003774,0.8346265161540812,0.874315192731912,0.7703007674451829,0.5480339330217254,0.5018882604058583,0.5174760634321564,0.5229643928251514,0.5197597497489113,0.46158824472157434,0.43962295732682477,0.4463616598243999,0.3279182094040306,0.22783333132961503,0.20306362529075772,0.13506634576913756,0.6136241682278145
0.031,2.098146742177493,0.5222129108059762,0.8497871993757836,0.8867494023467868,0.7887642908378524,0.5708431597889614,0.5245095111539136,0.539419949371108,0.5445862660429602,0.5410858667051678,0.4821318118372526,0.46014589287176677,0.4668066526906508,0.3447744354295671,0.2398254673173168,0.21382324270195763,0.14260345568297317,0.632504880455848
0.032,2.1599005313868616,0.542960111309007,0.8633511974594876,0.8977631033833482,0.8055084723934309,0.592373822742593,0.5460239009941694,0.5602562004664915,0.5651006815826063,0.5613266139553943,0.5017676654403956,0.4798245197675678,0.4863932581055712,0.3611260757067253,0.25154154307780807,0.2243517551336106,0.15001718438444422,0.650159267937363
0.033,2.2213171752502276,0.562700160653296,0.8755104795232124,0.9075438091675968,0.8207139832383066,0.6126906830655086,0.5664727534735893,0.5800344762105938,0.5845613285357878,0.5805360751017326,0.5205321923963437,0.4986857805678302,0.5051515228288346,0.3769816279933246,0.2629865404956925,0.23465355549946043,0.15730853368630637,0.6666847300048768
0.034,2.282399427223231,0.5814767509355605,0.8864309754260059,0.9162506101106183,0.8345409615112396,0.6318583119626793,0.5858995765839538,0.5988045466438987,0.6030210488616525,0.5987670534552876,0.5384620336525174,0.5167580480043994,0.5231124125243158,0.3923511197345023,0.27416588685125254,0.2447333204238098,0.16447880465816012,0.6821694888249491
0.035,2.343150010859729,0.5993336604035391,0.8962565000493362,0.9240190646549888,0.8471313610658207,0.6499402026692079,0.6043490601576704,0.6166156960859286,0.6205314129284716,0.6160707466389583,0.5555936461534483,0.5340705601730096,0.5403073251801009,0.40724575507850325,0.28508535089539366,0.25459593872784714,0.17152954550324462,0.6966936269729096
0.036,2.4035716202166064,0.6163142582437214,0.9051120311011931,0.9309651473855872,0.8586110736061255,0.666998123322146,0.6218662793544055,0.6335162615650232,0.637142403959897,0.6324965133581054,0.571962961305536,0.5506529606556809,0.5567676981717032,0.4216776149702395,0.2957509522159586,0.2642464490271573,0.17846250522337614,0.7103299774354117
0.037,2.463666920252025,0.6324611191234728,0.9131064549966774,0.9371884553627485,0.8690918265814349,0.683091661265873,0.6384960717078203,0.6495532845594572,0.6529021927762011,0.6480917157906478,0.5876051240032297,0.566534928828067,0.5725246956476806,0.435659404549369,0.30616888312282775,0.27368998594893346,0.18527959285543483,0.7231448932255877
0.038,2.523438547217235,0.6478157302823332,0.9203348739069019,0.9427748268240671,0.8786728683228341,0.6982779180064334,0.65428255868368,0.6647722567920269,0.6678569864128088,0.6629016231970414,0.602554298260958,0.5817458868387495,0.5876089640467174,0.44920424220438626,0.31634544206858706,0.2829317343221507,0.19198284194466775,0.7351989176284265
0.039,2.582889109042077,0.66241827568986,0.9268805497610343,0.9477984913527266,0.8874424566725241,0.7126113214656123,0.6692687863080574,0.6792169431097324,0.6820509363818286,0.6769693644043183,0.6168435274103261,0.5963147711340512,0.6020504448114301,0.46232548492624137,0.3262869775093835,0.29197689060652465,0.1985743798462284,0.7465473714892391
0.04,2.642021185714286,0.6763074836222343,0.9328165470368555,0.9523238442007979,0.8954791693653059,0.7261435284945972,0.6834964629367243,0.6929292667629285,0.6955260944214914,0.6903359187208231,0.6305046385856772,0.610269857829371,0.6158782346558695,0.47503658500569435,0.3359998410749937,0.300830630792816,0.205056401408939,0.7572408705090911
0.041,2.700837329652716,0.6895205258290951,0.9382071249223105,0.9564069173957207,0.902853054741731,0.738923395896862,0.6970057755147374,0.7059492445636526,0.7083224054916829,0.7030401365551382,0.6435681828118454,0.6236386326196561,0.6291204850035896,0.48735097357849133,0.3454903489366946,0.309498084013599,0.2114311465854367,0.7673257829133877
0.042,2.7593400660746004,0.7020929581827446,0.9431089203377895,0.9600966049052693,0.9096266407016685,0.7509970025987798,0.7098352686418119,0.7183149613854785,0.7204777294882827,0.7151187825292515,0.6560634034174919,0.6364476972277571,0.6418043333965882,0.4992819670038695,0.3547647503181536,0.31798431113754166,0.21770088152283396,0.7768446358881693
0.043,2.817531893356953,0.7140586942754568,0.947571955945537,0.9634356873021346,0.9158558185948912,0.7624077092140119,0.7220217733819271,0.7300625752349679,0.7320278846530519,0.7266065951916014,0.6680182267273387,0.6487227055809575,0.6539558607557572,0.5108426925375851,0.36382920217346704,0.3262942876711479,0.22386788271103908,0.7858364776675545
0.044,2.8754152833922264,0.7254500048343111,0.9516405012950797,0.9664616921861054,0.9215906172769198,0.773196244188937,0.7336003750330722,0.7412263456691304,0.743006706952968,0.7375363585601239,0.6794592700461474,0.6604883239700572,0.6656000693386166,0.5220460302128784,0.3726897491470199,0.33443289035208046,0.22993442379687257,0.79433720098455
0.045,2.932992681938326,0.7362975370511898,0.9553538103882551,0.969207619450581,0.9268758810105133,0.7834008080966888,0.7446044110221423,0.7518386796606877,0.7534461208058609,0.7479389816743416,0.690411862850014,0.6717682103796896,0.676760877087587,0.5329045682607996,0.381352308024131,0.34240488688197956,0.23590276470712146,0.802379832678287
0.046,2.9902665089630935,0.7466303489838717,0.9587467549766431,0.9717025548465019,0.9317518633717596,0.7930571895610061,0.7550654917385743,0.7619301901388524,0.7633762174560063,0.7578435831276349,0.7009000778624761,0.682585008987943,0.6874611247960118,0.5434305697796002,0.3898226559742719,0.350214928310151,0.24177514276000878,0.8099947935199033
0.047,3.047239158983348,0.7564759550849529,0.961850369654599,0.9739721908459715,0.9362547478846789,0.8021988878200943,0.7650135385012999,0.7715297633780123,0.7728253380742973,0.7672775782057846,0.710946769330925,0.6929603565269942,0.6977225931477499,0.5536359486998452,0.39810642197669843,0.357867543640198,0.24755376548031238,0.8172101317304269
0.048,3.1039130013986016,0.7658603796740611,0.9646923221443711,0.9760392702726299,0.9404171047901326,0.8108572381552613,0.7744768340009032,0.7806646321918972,0.7818201592932235,0.776266766794754,0.7205736163492417,0.7029148977855166,0.707566027219501,0.5635322533881565,0.4062090808996275,0.3653671362880496,0.25324080486737355,0.8240517331833369
0.049,3.1602903808195295,0.7748082158024935,0.9672973199754511,0.9779239653435674,0.944268292165814,0.8190615373683788,0.7834820815054182,0.7893604525382215,0.790385779406773,0.7848354206573781,0.7298011695108679,0.7124683080301633,0.7170111664840212,0.5731306564903829,0.4141359497777185,0.37271798207111184,0.25883839289675326,0.830543510887248
0.05,3.2163736173913047,0.7833426874845933,0.9696874629498303,0.9796442025035371,0.9478348085550664,0.826839167245573,0.7920544698943468,0.7976413816687823,0.7985458038875074,0.7930063690311921,0.7386488995367104,0.7216393205393477,0.726076778727903,0.5824419498376642,0.4218921858983141,0.37992422845421736,0.264348618065014,0.8367075760121783
0.051,3.2721650071118815,0.7914857137025655,0.9718825492870736,0.9812159416076311,0.9511406033276255,0.8342157145325874,0.8002177422183367,0.8055301563909469,0.8063224292133873,0.8008010817822053,0.7471352468166963,0.730445757788994,0.7347806966097735,0.5914765434298015,0.4294827863648266,0.3869898948186693,0.2697735228128768,0.8425643924425407
0.052,3.327666822145329,0.7992579729452586,0.973900342100864,0.9826534165316618,0.9542073501759674,0.8412150864032957,0.8079942659954189,0.8130481703547587,0.8137365242694485,0.8082397495742271,0.755277671043368,0.7389045651171577,0.7431398558430103,0.6002444676732093,0.4369125888562737,0.3939188735562551,0.2751151016849156,0.848132916601188
0.053,3.3828813111302845,0.8066789673293197,0.9757568018256516,0.9839693430889555,0.9570546884360339,0.8478596207539058,0.8154051038692328,0.8202155495595872,0.8208077088060624,0.8153413606908082,0.7630927003098609,0.7470318459314909,0.7511703341996441,0.6087553781889725,0.44418627334584115,0.40071493182101603,0.28037530010407974,0.8534307240837922
0.054,3.437810699483649,0.813767085584065,0.9774662893508801,0.9851750991524743,0.9597004362995859,0.8541701909233743,0.8224700835877785,0.8270512254975289,0.8275544286064739,0.8221237742857426,0.7705959792009538,0.7548428977184796,0.7588873907063952,0.6170185626234659,0.4513083645791971,0.4073817137982677,0.285556013657009,0.8584741244656722
0.055,3.4924571896995706,0.8205396643688148,0.9790417439005579,0.9862808810784476,0.9621607794464316,0.8601663046430046,0.8292078665275787,0.8335730055277675,0.8339940271500447,0.8286037899456957,0.7778023155312324,0.7623522482730158,0.7663055045459825,0.6250429489925193,0.45828323514569436,0.41392274337325285,0.29065908780140126,0.8632782654891487
0.056,3.546822961643836,0.82701304754136,0.9804948390930357,0.9872958398676014,0.9644504381581658,0.86586619716924,0.8356360142000523,0.8397976402154493,0.8401428136612851,0.8347972135309826,0.7847257254844248,0.7695736916971688,0.7734384132924463,0.6328371151729291,0.46511510900328956,0.42034142710142,0.2956863179199901,0.8678572277050858
0.057,3.6009101728437236,0.833202643115373,0.9818361201095385,0.9882281999553318,0.9665828155715569,0.8712869186644978,0.8417710523445342,0.845740887477407,0.846016127514146,0.8407189193227721,0.7913794769872663,0.7765203238229452,0.7802991502027441,0.640409299224534,0.47180806534155906,0.42664105739896685,0.30063944965710787,0.8722241105244017
0.058,3.654720958773424,0.839122977738642,0.9830751244738497,0.9890853630710886,0.9685701293810208,0.8764444159704975,0.8476285323441952,0.8514175734611851,0.8516283990210273,0.8463829085511767,0.7977761312137253,0.7832045767996078,0.7869000803622113,0.6477674102841233,0.478366042687147,0.4328248158864505,0.30552017948367627,0.876391110531701
0.059,3.708257433135089,0.8447877485976252,0.9842204885860119,0.9898739992324832,0.9704235289983593,0.8813536089739491,0.8532230898039748,0.8568416501480922,0.856993206680425,0.8518023644120882,0.803927582164249,0.7896382526553084,0.7932529355418485,0.6549190398208926,0.4847928431728601,0.43889577683021974,0.31033015544487075,0.8803695928218055
0.06,3.761521688135593,0.8502098727109153,0.9852800418489112,0.9906001266273038,0.9721531999176455,0.8860284618013293,0.8585685002092454,0.8620262497194088,0.8621233309893352,0.8569897037039762,0.8098450943024668,0.7958325556983108,0.7993688476734869,0.6618714730834934,0.4910921369058524,0.4448569106365071,0.31507097805193407,0.8841701560391771
0.061,3.8145157947590866,0.8554015336179577,0.9862608899690019,0.991269181875521,0.9737684568081838,0.8904820491021727,0.8636777316448783,0.866983735760648,0.8670308049490432,0.8619566252313482,0.815539338260719,0.801798123667432,0.8052583808869535,0.6686317006022715,0.4972674663823101,0.4507110873615221,0.3197442012857753,0.8878026917287427
0.062,3.8672418030354128,0.8603742255023772,0.9871694887936453,0.9918860819444464,0.9752778266639368,0.894726617692297,0.8685629946004086,0.8717257514044923,0.871726961407833,0.8667141551309285,0.8210204246475385,0.8075450575764994,0.8109315620832428,0.6752064296380739,0.503322250906085,0.45646108020798537,0.3243513336852166,0.8912764385431664
0.063,3.9197017423044573,0.8651387948137154,0.9880117098613481,0.9924552788061304,0.9766891231695007,0.8987736438323976,0.8732357889211835,0.8762632645308699,0.8762224773931783,0.8712726892812741,0.8262979360063056,0.81308295022535,0.8163979100409426,0.6816020954920233,0.5092597909771317,0.4621095689845177,0.32889383949724404,0.8946000317952931
0.064,3.9718976214765105,0.8697054794689935,0.9887928986823943,0.9929808077708809,0.9780095132969511,0.902633886415582,0.8777069479901682,0.8806066101542904,0.8805274155904523,0.8756420329576232,0.8313809569858498,0.8184209133715269,0.8216664630710233,0.6878248726096705,0.5150832726226388,0.4676591435092703,0.33337313987038586,0.8977815487943714
0.065,4.023831429288703,0.8740839457277039,0.9895179266316674,0.9934663302995709,0.9792455770215401,0.9063174363313193,0.8819866802424496,0.8847655301353903,0.8846512631262087,0.8798314378921608,0.8362781027917106,0.8235676035735378,0.8267458052485985,0.6938806854285593,0.5207957716495628,0.4731123069433171,0.33779061407557687,0.9008285503600307
0.066,4.075505134557596,0.87828332284178,0.9901912372192694,0.9939151719861885,0.9804033609346222,0.9098337622642103,0.8860846081260543,0.8887492103567906,0.8886029678125094,0.8838496368963015,0.840997545991919,0.8285312467292466,0.8316440912602767,0.6997752189311024,0.52640025780217,0.47847147904277676,0.34214760074158956,0.9037481188682355
0.067,4.126920686427977,0.8823122355866994,0.9908168874048533,0.9943303563075874,0.9814884264369766,0.9131917531749328,0.8900098046297453,0.8925663155036903,0.8923909720052856,0.8877048761965955,0.8455470417540648,0.8333196613424683,0.8363690699129219,0.7055139288751784,0.5318995988121927,0.48373899932146835,0.3464453990944214,0.9065468931479312
0.068,4.178080014617941,0.8861788347819063,0.9913985845358974,0.9947146346568971,0.9825058931129227,0.9163997576983977,0.8937708275020175,0.8962250215878256,0.8960232442248477,0.8914049456298752,0.8499339515916297,0.8379402805577312,0.8409281063546024,0.7111020516834243,0.5372965643325411,0.4889171301182601,0.35068527019197593,0.9092311005154257
0.069,4.228985029660316,0.8898908259088011,0.9919397194163508,0.9950705131083395,0.9834604778135589,0.9194656206811592,0.8973757512864072,0.8997330463500892,0.8995073086808524,0.8949572068366524,0.8541652656974631,0.8424001730080171,0.8453282030616982,0.7165446139791682,0.5425938297482532,0.4940080595651848,0.35486843814702995,0.911806586205207
0.07,4.279637623140497,0.8934554959331104,0.9924433959484122,0.9954002763023866,0.9843565299146563,0.9223967170668412,0.9008321972971087,0.9030976776726384,0.9028502728375916,0.8983686195847871,0.858247623941172,0.8467060625234621,0.8495760196479237,0.7218464417625492,0.5477939798605904,0.49901390445397886,0.3589960913328526,0.9142788404305704
0.071,4.33003966793075,0.896879738435908,0.9929124577351661,0.9957060087897706,0.9851980631599264,0.9251999833251138,0.9041473616562856,0.9063258001261062,0.906058853148676,0.9016457663482852,0.8621873356053713,0.8508643467508955,0.8536778915517227,0.7270121692248845,0.5528995124420384,0.5039367129999799,0.36306938356702456,0.9166530232847356
0.072,4.3801930184210525,0.9001700771542374,0.9933495119841547,0.9959896141295091,0.9859887844525074,0.9278819466067779,0.9073280415107788,0.9094239197718031,0.9091393990832114,0.9047948752589148,0.8659903979333703,0.8548811147349439,0.8576398476583438,0.7320462472029206,0.5579128416614242,0.508778467503336,0.3670894352699754,0.9189339876728119
0.073,4.430099510746514,0.9033326880283767,0.9937569510106316,0.9962528319987889,0.9867321199156143,0.9304487517949633,0.9103806595414725,0.9123981873327971,0.9120979155585819,0.9078218415412442,0.869662513558135,0.8587621635114949,0.8614676269121125,0.7369529512774267,0.562836301379575,0.5135410869083303,0.37105733459557455,0.9211263004467345
0.074,4.479760963011456,0.9063734198485501,0.9941369716033345,0.9964972535403336,0.9874312385066182,0.9329061866104159,0.9133112868736446,0.9152544198416264,0.914940083888053,0.9107322475348099,0.8732091068793841,0.8625130137637671,0.865166693973144,0.7417363895227834,0.5676721483168806,0.5182264292622578,0.3749741385318094,0.9232342618989422
0.075,4.529179175510204,0.9092978135894012,0.994491592484369,0.9967243351450387,0.9880890734366303,0.9352597049174142,0.9161256644913862,0.9179981208662646,0.9176712813446817,0.9135313814004546,0.8766353394525466,0.866138924590209,0.8687422539710987,0.7464005099158886,0.5724225650948643,0.5228362940758031,0.37884087397014177,0.9252619237558752
0.076,4.578355930944626,0.9121111205159956,0.9948226700675542,0.996935410843521,0.9887083416194218,0.9375144483660602,0.9188292232537876,0.9206344994099223,0.9202965994365286,0.9162242546015045,0.8799461244501203,0.8696449074321144,0.8721992664067211,0.7509491074139606,0.5770896631544649,0.5273724245872796,0.3826585387426181,0.9272131057991635
0.077,4.627292994638505,0.9148183191405113,0.9951319126958049,0.9971317034592988,0.9892915613486539,0.9396752664965249,0.9214271026051614,0.9231684875743624,0.922820860981932,0.9188156182443596,0.8831461402527564,0.8730357392072128,0.8755424582498302,0.755385830711718,0.581675485554154,0.5318365099333606,0.38642810262619,0.9290914112305014
0.078,4.675992114748785,0.9174241311042711,0.995420893517331,0.9973143346581075,0.9898410683805341,0.9417467354213364,0.9239241680662118,0.9256047570707426,0.9252486360676765,0.9213099783573311,0.8862398432242407,0.8763159746937418,0.8787763362802956,0.759714188689039,0.5861820096513538,0.5362301872291688,0.39015050831403786,0.9309002408855112
0.079,4.724455022473727,0.9199330360553315,0.9956910621422287,0.9974843340120023,0.9903590305797241,0.9437331751929245,0.9263250275877967,0.9279477346565236,0.9275842569672622,0.9237116101811034,0.8892314797214277,0.8794899582076074,0.8819051987163067,0.763937556560588,0.5906111496708477,0.5405550435607107,0.3938266723539382,0.932642806392268
0.08,4.772683432258064,0.9223492855875657,0.9959437552050714,0.9976426471830643,0.9908474612693212,0.9456386659553933,0.928634046843855,0.9302016165718078,0.929831832091167,0.9260245715391023,0.8921250973871966,0.8825618346133036,0.8849331461720409,0.7680591817391127,0.5949647591640332,0.5448126178927712,0.39745748605394193,0.9343221423614707
0.081,4.820679041995173,0.9246769163030619,0.9961802059450818,0.9977901433194374,0.9913082314106979,0.9474670629718349,0.9308553635351746,0.9323703820435315,0.9319952590360003,0.9282527153512458,0.8949245557715896,0.8855355597072856,0.8878640919846172,0.772082189424163,0.5992446333629597,0.5490044028953962,0.401043816355798,0.9359411176874146
0.082,4.868443533226324,0.9269197620557146,0.9964015529031376,0.997927621745842,0.991743080725682,0.949222010611412,0.9329929007710089,0.9344578059212872,0.9340782367947587,0.93039970135007,0.8976335363235333,0.8884149100105317,0.8907017719480679,0.7760095879279277,0.6034525114331364,0.5531318466921276,0.4045865066766894,0.9375024460318423
0.083,4.91597857133707,0.9290814654301491,0.9966088478239957,0.9980558180214348,0.992153627861786,0.9509069553738715,0.9350503795911128,0.9364674705041661,0.9360842771859995,0.932469007054035,0.9002555517928981,0.8912034920050884,0.8934497534899497,0.7798442737497296,0.6075900786290903,0.5571963545331297,0.4080863777199668,0.939008695556363
0.084,4.9632858057507985,0.931165488506564,0.9968030628425458,0.9981754094297401,0.9925413796907417,0.9525251580231038,0.9370313306865632,0.9384027766138995,0.9380167155556584,0.9344639380489042,0.9027939550801443,0.8939047508475017,0.8961114443241872,0.7835890364104923,0.6116589683566317,0.5611992903963086,0.41154422825563297,0.940462297963342
0.085,5.010366870119522,0.9331751229587286,0.9969850970244399,0.998287019958215,0.992907739821325,0.9540797048957627,0.9389391053737703,0.9402669539657172,0.9398787208013994,0.9363876376244575,0.9052519475684243,0.8965219785902021,0.8986901006117693,0.7872465630582097,0.615660764145713,0.5651419785194673,0.4149608358714082,0.9418655568999424
0.086,5.057223382511923,0.9351134995292145,0.9971557823239677,0.998391224818708,0.993254016399209,0.9555735184458196,0.9407768858723584,0.942063070884745,0.9416733047658429,0.9382430958104188,0.9076325869707833,0.8990583219401427,0.901188834659066,0.790819442855139,0.6195970015377,0.5690257048664751,0.4183369576952417,0.9432206557752522
0.087,5.10385694559873,0.9369835969229707,0.9973158890154246,0.9984885545545057,0.9935814292592506,0.9570093670811705,0.942547694934094,0.9437940434123866,0.9434033310416845,0.9400331578523253,0.9099387947229706,0.9015167895822838,0.9036106221817254,0.7943101711570634,0.6234691698907688,0.5728517185303397,0.4216733310901617,0.944529665036148
0.088,5.150269146835442,0.9387882501575746,0.9974661306483483,0.9985794987747565,0.9938911164890772,0.9583898743440493,0.944254404866772,0.9454626438440134,0.9450715232286588,0.9417605321651674,0.9121733629504083,0.9039002590939051,0.9059583091604335,0.7977211534946269,0.6272787141070462,0.5766212330759908,0.42497067432238933,0.9457945489436428
0.089,5.196461558642462,0.9405301584058807,0.9976071685717937,0.9986645095527162,0.9941841404570108,0.959717527482978,0.9458997459939055,0.9470715087363506,0.9466804726794261,0.9434277977999002,0.9143389610359858,0.9062114834741688,0.9082346183131911,0.8010547093663349,0.6310270362849819,0.5803354278254822,0.4282296872036292,0.9470171718879408
0.09,5.242435738582676,0.9422118923643578,0.9977396160681796,0.9987440045204192,0.9944614933521658,0.9609946854602808,0.9474863145882084,0.9486231464202418,0.9482326457688217,0.9450374114554371,0.9164381418136145,0.9084530973118959,0.9104421552072568,0.8043130758524407,0.634715497300336,0.5839954490882231,0.43145105170846976,0.9481993042772002
0.091,5.288193229536527,0.9438359011781268,0.9978640421331334,0.9988183696889699,0.9947241022799032,0.9622235864357922,0.9490165803142047,0.9501199440519444,0.9497303907184372,0.9465917140663991,0.9184733474108346,0.910627622613125,0.9125834140324609,0.807498411058541,0.6383454183190329,0.5876024113387597,0.4346354325678051,0.949342628032101
0.092,5.333735559874608,0.9454045189515936,0.9979809749340814,0.9988879620206282,0.9949728339516589,0.9634063547642513,0.9504928932128083,0.9515641742337634,0.9511759440062291,0.9480929369947408,0.9204469147622407,0.9127374743087037,0.914660783056244,0.8106127973973094,0.6419180822449999,0.5911573983445113,0.43778347783919125,0.9504487417156497
0.093,5.379064243627834,0.9469199708715877,0.9980909049770725,0.9989531117761752,0.9952084990044436,0.9645450075409993,0.9519174902584205,0.9529580012326521,0.9525714363887292,0.9495432078513787,0.9223610808140628,0.9147849654609245,0.9166765497794988,0.8136582447164216,0.6454347351059997,0.5946614642457754,0.44089581945501577,0.9515191653252436
0.094,5.424180780655226,0.9483843789680803,0.9981942880083976,0.9990141246586526,0.9954318559819605,0.9656414607279494,0.9532925015169423,0.9543034868233914,0.9539188985614825,0.950944555972097,0.9242179874389028,0.9167723121870471,0.9186329058111046,0.8166366932803434,0.6488965873803205,0.5981156345902197,0.44397307374936745,0.9525553447718075
0.095,5.469086656809338,0.9497997675358362,0.9982915476749645,0.9990712837724476,0.9956436150062953,0.9666975348893627,0.9546199559311059,0.9556025957810798,0.9552202664815118,0.952298917570295,0.9260196860783838,0.9187016383164438,0.920531951477912,0.8195500166132919,0.6523048152670814,0.6015209073239713,0.44701584196444233,0.9535586560688262
0.096,5.513783344099378,0.9511680682387595,0.9983830779650528,0.9991248514147882,0.9958444411664333,0.9677149605647216,0.9559017867576823,0.9568572010459311,0.9564773863739388,0.9536081405875491,0.9277681421303035,0.9205749797970706,0.9223757001858874,0.8224000242103211,0.6556605619027743,0.60487825374133,0.4500247107373184,0.9545304092522476
0.097,5.558272300852052,0.9524911249172063,0.9984692454489873,0.9991750707150289,0.996034957647436,0.9686953833039351,0.9571398366793982,0.9580690885817627,0.9576920194433258,0.9548739892615009,0.9294652390957985,0.9223942888659963,0.9241660825471366,0.8251884641231428,0.6589649385265544,0.6081886193950281,0.45300025256790266,0.9554718520505722
0.098,5.60255497187017,0.9537706981171575,0.9985503913373968,0.9992221671355853,0.9962157486219304,0.9696403683882115,0.9583358626128055,0.9592399619480626,0.9588658463088672,0.956098148429214,0.9311127825010186,0.924161437997803,0.9259049502866048,0.8279170254269628,0.6622190255966705,0.6114529249688829,0.4559430262688191,0.9563841733229164
0.099,5.646632788589051,0.9550084693588626,0.9986268333730458,0.9992663498470296,0.9963873619235973,0.9705514052581904,0.9594915402318628,0.9603714466041403,0.9600004711812175,0.9572822275828865,0.9327125036068608,0.9258782236438192,0.9275940799413798,0.8305873405742951,0.6654238738603209,0.6146720671145893,0.45885357739798927,0.9572685062814413
0.1,5.690507169230769,0.9562060451613686,0.998698867570721,0.9993078129886415,0.9965503115205729,0.9714299116693177,0.9606084682256171,0.961465093962576,0.9610974257975111,0.9584277646936388,0.9342660629194399,0.9275463697743414,0.929235176364718,0.8332009876414147,0.6685805053791027,0.6178469192543208,0.4617324386746321,0.9581259315132638
0.101,5.734179518956254,0.9573649608382407,0.9987667698182969,0.9993467368246258,0.9967050798050784,0.9722772375929702,0.9616881723070978,0.962522385207997,0.9621581731299786,0.959536229818009,0.9357750535131478,0.9291675312352465,0.9308298760461521,0.8357594924728171,0.6716899145121347,0.6209783323507343,0.4645801303793703,0.9589574798157963
0.102,5.777651230015314,0.9584866840787497,0.9988307973508919,0.9993832888052332,0.9968521197141486,0.9730946688804722,0.962732108989356,0.9635447348961037,0.9631841108825037,0.9606090285007925,0.9372410041773925,0.9307432969296954,0.9323797502583304,0.8382643307287755,0.6747530688588097,0.6240671356458802,0.46739716073911475,0.9597641348584002
0.103,5.820923681894576,0.9595726183278446,0.9988911901089201,0.9994176245411446,0.9969918566950229,0.9738834307058917,0.9637416691434822,0.9645334943468415,0.9641765747884787,0.9616475049869263,0.9386653823973974,0.9322751928349629,0.9338863080405739,0.8407169298408255,0.6777709101630707,0.6271141373704667,0.4701840262973743,0.9605468356822456
0.104,5.863998241463415,0.9606241059773323,0.9989481719898669,0.9994498886986969,0.9971246905275793,0.9746446908023452,0.9647181813524204,0.9654899548446672,0.9651368417224074,0.9626529452542587,0.9400495971787715,0.9337646848638131,0.9353509990285163,0.843118670879751,0.6807443551809733,0.6301201254248356,0.47294121227059693,0.9613064790493802
0.105,5.906876263117871,0.9616424313798665,0.9990019520027126,0.9994802158228161,0.9972509970151221,0.9753795625054763,0.9656629150734514,0.9664153506579767,0.9660661326368511,0.9636265798782498,0.9413950017249485,0.9352131815792641,0.936775216138612,0.8454708903404096,0.6836742965132512,0.6330858680329584,0.47566919289113996,0.962043921651185
0.106,5.9495590889226095,0.9626288236965714,0.9990527253331335,0.9995087310938904,0.9973711295538622,0.9760891076167858,0.9665770836213446,0.9673108618889448,0.9669656153355365,0.9645695867388974,0.9427028959760155,0.9366220367710365,0.9381602981157554,0.8477748818475078,0.6865616034044815,0.636012114370683,0.47836843173743726,0.9627599821856306
0.107,5.992048048750947,0.9635844595884113,0.9991006743268761,0.999535551024242,0.9974854205905505,0.9767743390985832,0.9674618469833599,0.9681776171642639,0.9678364070927098,0.965483093579504,0.9439745290169071,0.9379925519014775,0.9395075319517447,0.85003189778622,0.6894071225103922,0.6388995951694079,0.48103938205189767,0.9634554433120567
0.108,6.034344460422961,0.9645104657607554,0.9991459693980459,0.9995607840993385,0.997594182976921,0.9774362236114948,0.9683183144765317,0.9690166961765723,0.9686795771281477,0.9663681804262557,0.9452111013624493,0.9393259784282804,0.9408181551818517,0.8522431508613397,0.6922116786347676,0.6417490232963035,0.4836824870470612,0.9641310534915601
0.109,6.076449629841749,0.9654079213699622,0.9991887698684561,0.9995845313684183,0.9976977112288797,0.978075683904685,0.9691475472569644,0.9698291320857029,0.9694961489466105,0.9672258818769917,0.9464137671262596,0.9406235200108677,0.9420933580663146,0.854409815588462,0.6949760754373348,0.6445610943121342,0.48629818020050264,0.9647875287204781
0.11,6.1183648511278195,0.9662778603002375,0.9992292247436423,0.9996068869887823,0.9977962826977078,0.9786936010682341,0.9699505606902168,0.9706159137882778,0.9702871025499362,0.968057189266995,0.9475836360800814,0.9418863346068966,0.943334285663155,0.8565330297205067,0.6977010961139511,0.6473364870076984,0.48888688553896553,0.9654255541639247
0.111,6.160091406751689,0.9671212733184785,0.9992674734306645,0.9996279387276256,0.9978901586599518,0.9792908166564567,0.9707283265912525,0.971377988063612,0.9710533765294376,0.9688630527191174,0.9487217756097176,0.9431155364649546,0.9445420397983342,0.8586138956127246,0.7003875040503429,0.6500758639198421,0.4914490179121692,0.9660457856958274
0.112,6.2016305676646715,0.9679391101143241,0.9993036464023685,0.9996477684249333,0.9979795853321244,0.9798681346903311,0.9714817753418667,0.9721162616033628,0.9717958700457588,0.9696443830850819,0.9498292125733488,0.9443121980191465,0.945717680938898,0.8606534815291572,0.7030360434505849,0.6527798718279534,0.4939849832567348,0.9666488513514582
0.113,6.242983593427931,0.9687322812321608,0.9993378658123844,0.9996664524206603,0.9980647948158387,0.9804263235466454,0.9722117978929843,0.9728316029318766,0.9725154447028825,0.9704020537843577,0.9509069350676699,0.9454773516909357,0.9468622299744222,0.8626528228933708,0.7056474399414522,0.6554491422318105,0.49649517885062944,0.9672353526980257
0.114,6.284151732339792,0.9695016599014067,0.9993702460647699,0.999684061949123,0.9981460059785447,0.9809661177409458,0.9729192476587327,0.9735248442237308,0.9732129263225422,0.9711369025465955,0.951955894106943,0.9466119916032826,0.947976669911753,0.8646129234861355,0.7082224011537188,0.6580842918116028,0.4989799935585433,0.9678058661285074
0.115,6.32513622156134,0.9702480837709895,0.9994008943418757,0.999700663503283,0.9982234252746245,0.9814882196108831,0.9736049423087497,0.9741967830245485,0.9738891066248941,0.9718497330632255,0.9529770052197566,0.9477170752118234,0.9490619474877371,0.8665347565925821,0.7107616172814271,0.6606859228709079,0.5014398080685583,0.9683609440835325
0.116,6.365938287240357,0.9709723565535614,0.9994299110937108,0.9997163191713664,0.9982972475112152,0.9819933009061116,0.9742696654647585,0.9748481838807702,0.9745447448209235,0.9725413165534643,0.9539711499679917,0.9487935248575515,0.9501189747043595,0.8684192661012344,0.7132657616200954,0.6632546237633715,0.5038749951204797,0.9689011162058008
0.117,6.406559144633604,0.9716752495846436,0.9994573904918077,0.9997310869480498,0.9983676565627927,0.9824820042904723,0.9749141683070603,0.975479779883704,0.9751805691217117,0.9732123932496454,0.954939177392225,0.9498422292452049,0.951148630290446,0.870267367557196,0.7157354910847946,0.6657909693037947,0.5062859197261784,0.9694268904312073
0.118,6.446999998227475,0.9723575033015669,0.999483420850341,0.9997450210222587,0.9984348260382231,0.982954944761813,0.9755391710962265,0.9760922741328357,0.9757972781693668,0.9738636738064784,0.9558819053875439,0.9508640448513112,0.9521517610938448,0.8720799491716467,0.7181714467089659,0.6682955211643045,0.5086729393822613,0.9699387540205627
0.119,6.487262041857037,0.9730198286467716,0.9995080850170219,0.9997581720434423,0.9984989199037027,0.9834127109944378,0.9761453646149361,0.9766863411230626,0.9763955423941129,0.9744958406385551,0.9568001220135165,0.9518597972656183,0.9531291834077674,0.8738578727896953,0.7205742541248202,0.6707688282562472,0.5110364042753942,0.9704371745355304
0.12,6.527346458823529,0.9736629083997455,0.9995314607360865,0.999770587368037,0.998560093064742,0.9838558666088462,0.9767334115345898,0.9772626280602243,0.9769760053017554,0.975109549190148,0.9576945867418324,0.9528302824694175,0.9540816842347638,0.8756019748185323,0.7229445240261123,0.6732114270984123,0.5133766574805738,0.9709226007621586
0.121,6.567254422010272,0.9742873984416154,0.9995536209855045,0.9997823112876812,0.9986184919101038,0.9842849513731176,0.97730394771104,0.977821756109024,0.9775392846954735,0.9757054291411033,0.9585660316449277,0.953776268054064,0.9550100224915962,0.8773130671177214,0.7252828526140476,0.6756238421721719,0.5156940351526329,0.9713954635851677
0.122,6.606987093997071,0.9748939289561607,0.9995746342903628,0.9997933852406186,0.9986742548203825,0.9847004823400105,0.9778575834134984,0.9783643215771838,0.9780859738356449,0.9762840855523884,0.9594151625287125,0.9546984943828147,0.9559149301580965,0.8789919378533784,0.7275898220270431,0.6780065862640816,0.517988866711257,0.9718561768159221
0.123,6.6465456271731185,0.9754831055707839,0.9995945650142195,0.9998038480076004,0.998727512643711,0.9851029549235776,0.9783949044904344,0.9788908970394326,0.9786166425411813,0.976846099954644,0.9602426600123342,0.9555976756989165,0.956797113372907,0.880639352317897,0.729866000755023,0.6803601607964718,0.5202614750197696,0.9723051379768486
0.124,6.685931163848396,0.9760555104407638,0.9996134736300818,0.9998137358934971,0.9987783891408841,0.985492843918855,0.978916473476036,0.9794020324047104,0.9791318382356384,0.9773920313828797,0.9610491805577462,0.9564745011827199,0.9576572534788481,0.8822560537167943,0.7321119440389077,0.6826850561465282,0.5225121765579372,0.972742729044859
0.125,6.725144836363637,0.9766117032799102,0.9996314169725263,0.9998230828957211,0.9988270014020278,0.9858706044679544,0.9794228306405848,0.9798982559297565,0.9796320869411624,0.9779224173602689,0.9618353574516871,0.9573296359604293,0.9584960080204918,0.8838427639241719,0.7343281942559158,0.6849817519543425,0.5247412815890327,0.9731693171561865
0.126,6.764187767198839,0.9771522223405535,0.9996484484723627,0.9998319208604792,0.9988734602367718,0.9862366729756705,0.9799144949878882,0.9803800751820637,0.9801178942231534,0.978437774833815,0.9626018017425271,0.958163722066958,0.9593140116963814,0.8854001842082138,0.7365152812912681,0.6872507174203797,0.5269490943213841,0.9735852552748713
0.127,6.803061069080377,0.9776775853456279,0.9996646183751264,0.999840279627785,0.9989178705397466,0.986591467977523,0.9803919652027245,0.9808479779549915,0.9805897460883469,0.9789386010644999,0.9633491031343007,0.9589773793652153,0.960111877268197,0.8869289959280652,0.7386737228968624,0.689492411592801,0.5291359130646265,0.9739908828270005
0.128,6.841765845086705,0.9781882903754385,0.9996799739445926,0.9998481871660906,0.9989603316330871,0.9869353909629616,0.9808557205510685,0.9813024331376702,0.9810481098388576,0.9794253744743665,0.9640778308401105,0.9597712064240255,0.9608901964290384,0.8884298612033801,0.7408040250374524,0.6917072836450521,0.5313020303808623,0.9743865263026737
0.129,6.880303188752705,0.9786848167115562,0.999694559652401,0.999855669697323,0.9990009375875032,0.9872688271562973,0.981306221735704,0.9817438915421626,0.9814934348845714,0.9798985554528449,0.9647885343969658,0.9605457813567531,0.9616495406328783,0.8899034235577482,0.7429066822248463,0.693895773144112,0.5334477332309355,0.974772499827523
0.13,6.918674184172662,0.9791676256401305,0.9997084173548039,0.9998627518130515,0.9990397775233621,0.9875921462577568,0.981743911709669,0.982172786690207,0.981926153516136,0.9803585871244935,0.9654817444440016,0.9613016626225974,0.9623904618871217,0.8913503085371641,0.7449821778406109,0.6960583103097732,0.535573303116,0.9751491057055217
0.131,6.956879906101939,0.9796371612167857,0.9997215864574697,0.999869456582452,0.9990769358931243,0.9879057031469121,0.982169216449833,0.9825895355617261,0.9823466816406622,0.9808058960802025,0.9661579734659189,0.962039389792411,0.9631134935101047,0.8927711243046366,0.7470309844477487,0.6981953162653154,0.5376790162145706,0.9755166349347005
0.132,6.994921420057308,0.9800938509951324,0.999734104069198,0.9998758056526806,0.9991124927463764,0.9882098385505956,0.9825825456927689,0.9829945393071536,0.9827554194821265,0.981240893073783,0.9668177165033806,0.9627594842807925,0.9638191508552628,0.8941664622119833,0.7490535640917897,0.7003072032799103,0.539765143515228,0.9758753676972741
0.133,7.032799782416012,0.980538106720812,0.9997460051453456,0.999881819342225,0.9991465239786173,0.9885048796772831,0.9829842936349538,0.9833881839255167,0.9831527522483491,0.9816639736857593,0.967461451832005,0.963462450046112,0.9645079320036053,0.8955368973498099,0.7510503685917248,0.7023943750030872,0.5418319509451401,0.976225573825616
0.134,7.070516040513553,0.9809703249928806,0.9997573226216913,0.9998875167277491,0.9991791015648682,0.9887911408198032,0.9833748395992112,0.9837708409100907,0.9835390507663104,0.9820755189560735,0.9680896416115086,0.9641487742600372,0.9651803184260452,0.8968829890766161,0.7530218398211832,0.7044572266915652,0.5438796994945658,0.9765675132454059
0.135,7.108071232740214,0.9813908878942331,0.9997680875394219,0.9998929157249163,0.999210293779105,0.9890689239281221,0.9837545486691981,0.9841428678633436,0.98391467208747,0.982475895987314,0.9687027325064611,0.9648189279480417,0.965836775617048,0.8982052815279336,0.7549684099802393,0.7064961454287513,0.5459086453374855,0.976901436397204
0.136,7.145466388636364,0.9818001635926735,0.9997783291618655,0.9998980331636288,0.9992401654004363,0.9893385191538432,0.9841237722936292,0.9845046090827839,0.9842799600646531,0.9828654585199905,0.9693011562800431,0.9654733666022998,0.9664777537009857,0.8995043041063491,0.7568905018582184,0.7085115103371888,0.5479190399485054,0.9772275846376342
0.137,7.1827025289865345,0.9821985069141458,0.9997880750835493,0.9999028848580943,0.9992687779068923,0.9896002053679673,0.9844828488618407,0.9848563961192344,0.9846352459019827,0.9832445474812875,0.969885330362116,0.966112530768297,0.9671036880125101,0.9007805719532362,0.7587885290878534,0.7105036927842253,0.5499111302161787,0.9775461906212753
0.138,7.219780665912305,0.9825862598895507,0.9997973513321219,0.9999074856720953,0.9992961896576218,0.9898542506533597,0.9848321042521931,0.985198548308967,0.9849808486792492,0.9836134915086521,0.9704556583928451,0.9667368466064128,0.9677149996521857,0.9020345864029651,0.7606628963911278,0.7124730565811579,0.551885158552869,0.9778574786643026
0.139,7.256701802964009,0.9829637522764999,0.9998061824636356,0.9999118495798084,0.9993224560642449,0.9901009127732927,0.9851718523547361,0.9855313732810518,0.9853170758520323,0.9839726074494917,0.9710125307430522,0.9673467264296691,0.9683120960185603,0.903266835420337,0.7625139998171262,0.7144199581761058,0.5538413630012922,0.9781616650908599
0.14,7.293466935211269,0.9833313020572763,0.9998145916516479,0.9999159897224951,0.9993476297520547,0.990340439617344,0.9855023955694681,0.9858551674411951,0.9856442237288137,0.98432220083819,0.9715563250124091,0.9679425692187722,0.9688953713177881,0.9044777940219471,0.7643422269721982,0.7163447468408433,0.555779977337848,0.9784589585630724
0.141,7.330077049332396,0.9836892159142047,0.9998226007705698,0.9999199184613605,0.9993717607117156,0.9905730696258611,0.9858240252814559,0.9861702164332737,0.9859625779262524,0.9846625663515796,0.9720874065065266,0.9685247611155188,0.9694652070518638,0.9056679246821485,0.7661479572427324,0.7182477648518224,0.5577012311728682,0.9787495603955794
0.142,7.3665331237026646,0.9840377896835657,0.999830230473656,0.9999236474268538,0.9993948964420577,0.9907990321941286,0.9861370223140009,0.9864767955796989,0.9862724138037264,0.9849939882439481,0.9726061286939367,0.9690936758955813,0.9700219724864668,0.9068376777242577,0.7679315620108159,0.7201293476655981,0.5596053500478868,0.9790336648553858
0.143,7.402836128481456,0.9843773087891267,0.9998375002660015,0.9999271875646638,0.9994170820845323,0.9910185480573093,0.9864416573609752,0.9867751703016858,0.9865739968781853,0.9853167407625969,0.973112833643914,0.9696496754216332,0.9705660250993683,0.9079874916976146,0.7696934048630528,0.7219898240888666,0.5614925555300412,0.9793114594478131
0.144,7.438987025698324,0.9847080486563013,0.9998444285728862,0.9999305491786438,0.9994383605498485,0.9912318296571684,0.9867381913993871,0.9870655965204393,0.9868675832202984,0.9856310885449107,0.9736078524460339,0.9701931100777268,0.9710977110103012,0.9091177937410762,0.7714338417927928,0.72382951644331,0.563363065303704,0.9795831251892618
0.145,7.474986769337979,0.9850302751078995,0.9998510328037826,0.9999337419708836,0.9994587726372813,0.9914390814915343,0.9870268760831771,0.9873483210402173,0.9871534198328338,0.9859372869978533,0.9740915056123178,0.9707243191857908,0.9716173653931481,0.9102289999335055,0.7731532213960204,0.7256487407254428,0.5652170932594521,0.9798488368674767
0.146,7.510836305424201,0.9853442447423688,0.9998573294123172,0.9999367750791268,0.9994783571471059,0.9916405004473886,0.9873079541191883,0.9876235819141721,0.9874317450121437,0.9862355826607455,0.9745641034627716,0.9712436314050671,0.9721253128712594,0.911321515631781,0.7748518850611362,0.7274478067616353,0.5670548495804564,0.9801087632899435
0.147,7.546536572102706,0.9856502052953897,0.9998633339524601,0.9999396571117227,0.999497150986583,0.9918362761184367,0.9875816596262046,0.9878916087938292,0.9877027886935956,0.9865262135521414,0.975025946495083,0.9717513651152678,0.9726218678966708,0.9123957357968353,0.7765301671528569,0.7292270183584928,0.5688765408263898,0.9803630675210386
0.148,7.582088499722992,0.9859483959856327,0.9998690611311924,0.9999423961802808,0.999515189269893,0.9920265911079508,0.9878482184779005,0.9881526232630095,0.987966772781732,0.9868094095015748,0.9754773257392049,0.9722478287841936,0.9731073351139533,0.9134520453082057,0.7781883951904492,0.7309866734487536,0.5706823700149395,0.9806119071084881
0.149,7.6174930109191425,0.9862390478454454,0.9998745248578884,0.999944999930191,0.9995325054123894,0.9922116213176441,0.988107848630499,0.9884068391569613,0.9882239114659074,0.9870853924669039,0.9759185230975124,0.9727333213205145,0.973582009709389,0.9144908192675584,0.7798268900205031,0.7327270642328693,0.5724725367010015,0.9808554342996889
0.15,7.652751020689655,0.9865223840371985,0.9998797382906273,0.9999474755691543,0.9995491312195174,0.9923915362232825,0.9883607604358942,0.9886544628674249,0.9884744115221075,0.9873543768379457,0.976349811671191,0.9732081324123841,0.9740461777461338,0.9155124232916262,0.7814459659844415,0.7344484773164135,0.5742472370536451,0.9810937962483854
0.151,7.687863436476256,0.9867986201559766,0.9998847138796404,0.9999498298938627,0.9995650969707234,0.9925664991377086,0.9886071569409485,0.9888956936343162,0.9887184726016184,0.9876165697270572,0.9767714560734749,0.9736725428525203,0.9745001164859937,0.9165172137949809,0.7830459310809605,0.7361511938434748,0.5760066639309178,0.981327135212202
0.152,7.722831158241758,0.9870679645192679,0.99988946340808,0.9999520693149547,0.9995804314986558,0.9927366674619085,0.9888472341736436,0.9891307238246757,0.988956287507179,0.9878721712472802,0.9771837127303288,0.9741268248503556,0.9749440946984115,0.9175055382630426,0.7846270871235729,0.7378354896261665,0.5777510069525652,0.9815555887414655
0.153,7.757655078546951,0.9873306184442695,0.9998939980302859,0.9999541998803642,0.9995951622639423,0.9929021929247237,0.9890811814167206,0.9893597391994988,0.9891880424572157,0.9881213747786403,0.9775868301691328,0.9745712423318335,0.9753783729572311,0.9184777355157097,0.7861897298934373,0.7395016352703907,0.5794804525707404,0.9817792898597606
0.154,7.792336082626539,0.9875867765133953,0.9998983283077117,0.9999562272971712,0.9996093154258072,0.993063221811772,0.9893091814694159,0.9895829191690272,0.9894139173387269,0.9883643672231575,0.9779810492959057,0.9750060512273928,0.9758032039257762,0.9194341359619771,0.7877341492876364,0.741149896297989,0.5811951841387639,0.9819983672366218
0.155,7.826875048464164,0.9878366268285413,0.9999024642426658,0.9999581569520585,0.999622915908779,0.993219895184114,0.9895314108978651,0.9898004370370537,0.9896340859493571,0.9886013292490964,0.9783666036615731,0.9754314997486627,0.9762188326307614,0.9203750618458939,0.7892606294630625,0.7427805332654005,0.5828953819780059,0.9822129453527384
0.156,7.861272846866486,0.9880803512546347,0.9999064153100038,0.9999599939304655,0.9996359874657176,0.9933723490871708,0.9897480402747182,0.9900124602347614,0.9898487162291685,0.9888324355249584,0.978743719717763,0.9758478286543593,0.9766254967255168,0.9213008274841962,0.7907694489760675,0.7443938018789455,0.58458122344295,0.9824231446580434
0.157,7.895530341536371,0.9883181256529663,0.9999101904869085,0.9999617430345276,0.9996485527373803,0.993520714750371,0.9899592344084786,0.9902191505445943,0.9900579704825959,0.9890578549436904,0.9791126170625892,0.9762552715058552,0.9770234267429975,0.9222117394959352,0.7922608809180212,0.7459899531068541,0.5862528829844967,0.9826290817230288
0.158,7.929648389145184,0.9885501201047816,0.999913798280878,0.9999634087998842,0.9996606333087311,0.9936651187779826,0.9901651525630544,0.9904206643146244,0.9902620055910435,0.9892777508375642,0.9794735086768583,0.9766540549128706,0.9774128463390154,0.92310809702441,0.7937351930469241,0.7475692332881445,0.5879105322115705,0.9828308693836062
0.159,7.9636278394041975,0.9887764991255791,0.9999172467560354,0.9999649955114283,0.999672249762182,0.9938056833315555,0.9903659486679833,0.9906171526638656,0.9904609732165577,0.9894922811841534,0.9798266011511158,0.9770443987697081,0.9777939725261158,0.9239901919516971,0.795192647915203,0.7491318842384593,0.5895543399510784,0.9830286168798307
0.16,7.997469535135135,0.9889974218705426,0.9999205435578703,0.9999665072180697,0.9996834217279476,0.993942526304383,0.99056177151977,0.9908087616789528,0.9906550199969912,0.9897015988038159,0.980172094903929,0.9774265164824416,0.9781670158985013,0.9248583091060584,0.796633502993828,0.7506781433529616,0.5911844723062805,0.9832224299887683
0.161,8.031174312339852,0.9892130423315159,0.9999236959365069,0.9999679477465768,0.9996941679316779,0.994075761488365,0.9907527649747487,0.9909956326025884,0.9908442877330491,0.9899058515490685,0.9805101843917818,0.9778006151874427,0.9785321808483824,0.9257127264624979,0.7980580107928703,0.7522082437063852,0.5928010927136198,0.9834124111517933
0.162,8.06474300026918,0.9894235095259001,0.9999267107685965,0.9999693207145572,0.9997045062395307,0.9942054987336395,0.9909390681338694,0.991177902014136,0.9910289135675906,0.9901051824862213,0.9808410583109415,0.9781668959616132,0.9788896657741203,0.9265537153367243,0.7994664189786234,0.7537224141503385,0.5944043619980601,0.9835986595965712
0.163,8.098176421490935,0.9896289676778455,0.9999295945779165,0.9999706295426342,0.9997144537008279,0.994331844101325,0.9911208155197773,0.9913557020027233,0.9912090301575388,0.9902997300696217,0.9811648997916391,0.9785255540246761,0.9792396632805096,0.9273815405727664,0.8008589704874027,0.7552208794079452,0.5959944384269837,0.9837812714539766
0.164,8.131475391957105,0.9898295563920806,0.99993235355476,0.9999718774658714,0.9997240265884351,0.9944549000097027,0.9912981372465426,0.9915291603331957,0.9913847658387357,0.9904896283088387,0.9814818865848899,0.9788767789338574,0.9795823603715296,0.9281964607244787,0.8022359036361354,0.7567038601659132,0.5975714777626902,0.9839603398701845
0.165,8.164640721070235,0.990025410820712,0.9999349935741894,0.9999730675444957,0.9997332404369952,0.9945747653741472,0.9914711591823795,0.9916984006052472,0.9915562447840619,0.9906750069291042,0.9817921912422636,0.97922075477128,0.9799179386358814,0.9289987282311625,0.8035974522298461,0.7581715731641133,0.5991356333135425,0.9841359551141527
0.166,8.197673211748999,0.9902166618233084,0.9999375202132268,0.9999742026739622,0.9997421100791388,0.9946915357411021,0.9916400031056702,0.9918635424060378,0.991723587155123,0.9908559915253109,0.9820959812889026,0.9795576603243726,0.9802465744256109,0.9297885895875216,0.804943845666142,0.7596242312827499,0.600687055983804,0.9843082046807125
0.167,8.230573660493006,0.9904034361205671,0.9999399387670443,0.9999752855944054,0.9997506496797836,0.9948053034163765,0.9918047868546017,0.9920247014565917,0.9918869092477932,0.9910327037098527,0.9823934193900685,0.9798876692595837,0.9805684390281046,0.93056628550816,0.806275309036796,0.7610620436271973,0.6022258943222037,0.9844771733894652
0.168,8.26334285744681,0.9905858564418487,0.9999422542642178,0.9999763188995152,0.9997588727686333,0.9949161575880293,0.9919656244707029,0.9921819897522555,0.9920463236318884,0.9912052612545793,0.9826846635114871,0.9802109502896779,0.9808836988317318,0.9313320510868196,0.807592063226522,0.7624852156105789,0.6037522945692735,0.984642943479678
0.169,8.295981586463173,0.9907640416668487,0.9999444714811013,0.9999773050448751,0.9997667922709759,0.9950241844440917,0.9921226263365568,0.9923355156974812,0.9922019392852319,0.9913737782271224,0.9829698670737493,0.9805276673348788,0.9811925154853952,0.9320861159505525,0.8088943250090357,0.7638939490341601,0.6052664007034914,0.9848055947013562
0.17,8.328490625165564,0.9909381069616646,0.9999465949553756,0.9999782463557978,0.9997744205368763,0.9951294672853667,0.9922758993079486,0.9924853842351905,0.9923538617223591,0.9915383651218416,0.983249179101014,0.9808379796781113,0.9814950460522395,0.9328287044090094,0.8101823071404863,0.7652884421656225,0.6067683544862692,0.984965204402671
0.171,8.360870745009915,0.9911081639095037,0.9999486289988212,0.9999791450346875,0.9997817693688548,0.9952320866335308,0.9924255468406988,0.9926316969709549,0.9925021931180982,0.9916991289856223,0.9835227443642437,0.9811420421145817,0.9817914431577541,0.9335600355990206,0.8114562184503462,0.7666688898152884,0.6082582955058214,0.9851218476138978
0.172,8.393122711345645,0.9912743206362632,0.9999505777093629,0.9999800031679636,0.9997888500481323,0.9953321203347554,0.9925716691124162,0.992774552292226,0.9926470324262517,0.9918561735387501,0.9837907035192012,0.9814400050959293,0.9820818551325006,0.9342803236246382,0.8127162639298375,0.7680354834103562,0.6097363612199443,0.9852755971280277
0.173,8.42524728347597,0.9914366819312067,0.9999524449824309,0.9999808227325679,0.999795673359525,0.9954296436590486,0.9927143631393966,0.9929140454828304,0.9927884754935936,0.9920095992910735,0.9840531932394163,0.9817320148691657,0.9823664261496795,0.9349897776928029,0.8139626448179774,0.7693884110672113,0.6112026869977436,0.9854265235781963
0.174,8.457245214717476,0.9915953493629481,0.9999542345216776,0.9999816056020873,0.9998022496150605,0.995524729395516,0.9928537228888801,0.9930502688329372,0.992926615169383,0.9921595036536573,0.9843103463443296,0.9820182136106137,0.9826452963577459,0.9356886022447908,0.8151955586853146,0.7707278576618704,0.6126574061603416,0.9855746955120704
0.175,8.489117252459016,0.9917504213909425,0.9999559498490916,0.9999823535525114,0.9998085886763864,0.9956174479437199,0.99298983938687,0.9931833117446964,0.993061541410593,0.9923059810461211,0.9845622919228055,0.9822987395550451,0.9829186020082704,0.9363769970835875,0.8164151995154307,0.7720540048986155,0.6141006500205859,0.9857201794633289
0.176,8.520864138219894,0.9919019934726802,0.9999575943145421,0.9999830682676513,0.9998146999760389,0.9957078674013172,0.9931228008217099,0.9933132608337338,0.9931933413830347,0.9924491229998438,0.9848091554522032,0.9825737271202102,0.983186475579237,0.9370551574973356,0.8176217577842788,0.7733670313768762,0.6155325479218039,0.9858630400203604
0.177,8.552486607707381,0.9920501581667621,0.9999591711047894,0.999983751344238,0.9998205925376297,0.9957960536481392,0.9932526926435981,0.9934402000266841,0.9933220995585572,0.992589018257213,0.9850510589131801,0.9828433070269406,0.9834490458939577,0.9377232743789937,0.8188154205374224,0.7746671126564086,0.6169532272756182,0.9860033398923032
0.178,8.583985390873533,0.9921950052320359,0.9999606832519933,0.9999844042967233,0.9998262749950142,0.9958820704268728,0.9933795976602202,0.993564210654931,0.993447897808487,0.9927257528670841,0.9852881209004012,0.9831076064150029,0.983706438235777,0.9383815343423357,0.8199963714652454,0.7759544213208271,0.6183628135988559,0.9861411399725412
0.179,8.615361211971374,0.9923366217229543,0.9999621336417479,0.9999850285617984,0.9998317556104943,0.9959659794204958,0.9935035961286639,0.9936853715447164,0.9935708154934709,0.9928594102766086,0.9855204567293135,0.9833667489548673,0.9839587744587343,0.9390301198344212,0.8211647909761907,0.7772291270395338,0.6197614305495792,0.9862764993997617
0.18,8.646614789610389,0.9924750920813197,0.999963525020672,0.9999856255026505,0.9998370422921061,0.9960478403266069,0.9936247658437768,0.993803759103776,0.9936909295498721,0.992990071419586,0.9857481785391439,0.983620854955555,0.9842061730943394,0.9396692092446581,0.822320856268091,0.7784913966280991,0.6211491999622607,0.9864094756166889
0.181,8.677746836811407,0.9926104982245608,0.9999648600035802,0.9999861964129714,0.9998421426100449,0.9961277109287889,0.9937431822231184,0.9939194474046459,0.9938083145728662,0.9931178148014806,0.9859713953922664,0.9838700414687148,0.9844487494546156,0.9402989770105745,0.8234647413976511,0.7797413941071327,0.6225262418821281,0.9865401244265801
0.182,8.708758061060802,0.9927429196306905,0.9999661410802599,0.999986742520735,0.9998470638122711,0.9962056471651362,0.9938589183886516,0.9940325082647821,0.9939230428963761,0.9932427165812463,0.9861902133700826,0.9841144223890773,0.9846866157315536,0.9409195937204125,0.824596617348134,0.780979280759696,0.6238926745987033,0.9866685000475899
0.183,8.739649164364105,0.9928724334200807,0.999967370621877,0.9999872649917562,0.9998518128393415,0.9962817031940661,0.993972045245312,0.9941430113236293,0.9940351846699772,0.9933648506500868,0.9864047356655511,0.9843541085514266,0.984919881093117,0.9415312262126534,0.8257166520953098,0.7822052151872945,0.6252486146785581,0.9867946551650864
0.184,8.770420843298968,0.9929991144341849,0.9999685508870318,0.9999877649330458,0.9998563963385081,0.9963559314575379,0.9940826315565849,0.9942510241167628,0.9941448079329008,0.9934842887072817,0.9866150626724953,0.9845892078242227,0.9851486517759308,0.9421340376725785,0.8268250106717167,0.7834193533644935,0.6265941769973082,0.9869186409820099
0.185,8.801073789067523,0.9931230353113362,0.9999696840274859,0.9999882433959733,0.9998608206771206,0.996428382741787,0.994190744017219,0.9943566121472301,0.9942519786852546,0.9936011003331959,0.986821292071815,0.9848198252000058,0.9853730311747807,0.9427281877259652,0.8279218552292861,0.7846218486921974,0.6279294747708698,0.987040507267352
0.186,8.831608687548139,0.9932442665597392,0.9999707720935773,0.9999887013792491,0.9998650919553719,0.9964991062356838,0.994296447323192,0.9944598389542058,0.9943567609565763,0.99371535305959,0.9870235189147203,0.9850460628827031,0.985593119929046,0.9433138325300151,0.8290073451003805,0.7858128520496303,0.6292546195859938,0.9871603024028354
0.187,8.862026219346573,0.9933628766277707,0.9999718170393449,0.9999891398317374,0.99986921601842,0.9965681495868185,0.9943998042390475,0.9945607661790715,0.9944592168718304,0.9938271124373385,0.9872218357031028,0.9852680203719575,0.9858090160061812,0.9438911248616081,0.8300816368572912,0.786992511845056,0.6305697214301057,0.9872780734278713
0.188,8.892327059846547,0.9934789319716996,0.9999728207273756,0.999989559655109,0.9998731984679187,0.9966355589554091,0.9945008756627074,0.9946594536290296,0.9945594067149526,0.9939364421016645,0.9874163324671535,0.9854857945445907,0.9860208147823606,0.9444602142029711,0.8311448843702408,0.7881609740652742,0.6318748887204619,0.9873938660828606
0.189,8.922511879259732,0.9935924971209283,0.9999737849333914,0.9999899617063452,0.9998770446729879,0.9967013790661259,0.9945997206878683,0.9947559593383484,0.9946573889900424,0.9940434038349889,0.9876070968403303,0.9856994797333097,0.9862286091203903,0.9450212468248466,0.8321972388639368,0.7893183823239258,0.6331702283326499,0.9875077248509099
0.19,8.95258134267516,0.9937036347408584,0.9999747113505927,0.9999903468001002,0.9998807597806535,0.9967656532579195,0.9946963966640774,0.9948503396273383,0.9947532204802992,0.9941480576274897,0.9877942141317787,0.9859091678027596,0.9864324894449934,0.9455743658672455,0.8332388489727156,0.7904648779086441,0.6344558456284407,0.9876196929980301
0.191,8.982536110108073,0.993812405693474,0.9999756015937683,0.9999907157109308,0.9998843487257834,0.9968284235319388,0.9947909592545868,0.9949426491591509,0.9948469563047944,0.994250461735466,0.987977767396299,0.9861149482230221,0.9866325438155639,0.9461197114178639,0.83426986079432,0.7916005998270809,0.6357318444830231,0.9877298126118722
0.192,9.012376836548224,0.9939188690957345,0.9999764572031885,0.9999910691754021,0.9998878162405455,0.9968897305976162,0.9948834624920732,0.9950329409944897,0.9949386499731653,0.9943506727375913,0.9881578375019536,0.986316908140657,0.9868288579964858,0.9466574205882375,0.8352904179423497,0.7927256848518429,0.6369983273116232,0.9878381246390671
0.193,9.0421041720076,0.9940230823758659,0.9999772796482916,0.9999914078940755,0.9998911668634136,0.9969496139170004,0.9949739588323121,0.9951212666443154,0.9950283534383164,0.9944487455891411,0.988334503195403,0.9865151324473748,0.9870215155251079,0.9471876275877138,0.8363006615974232,0.7938402675643671,0.6382553950955394,0.987944668921219
0.194,9.071718761567636,0.9941251013276305,0.9999780703311765,0.999991732533386,0.9998944049477427,0.9970081117474079,0.9950624992058892,0.9952076761206293,0.9951161171472069,0.994544733674277,0.9885078411650536,0.9867097038464314,0.9872105977774597,0.9477104637953061,0.8373007305570869,0.7949444803977628,0.6395031474075951,0.9880494842296144
0.195,9.101221245425869,0.9942249801626588,0.9999788305899107,0.9999920437274163,0.9998975346699365,0.997065261182462,0.9951491330680259,0.9952922179854091,0.9952019900897997,0.9946386888564597,0.988677926102101,0.9869007029168269,0.9873961840317927,0.9482260578295039,0.8382907612845094,0.7960384536786531,0.6407416824370378,0.9881526082986886
0.196,9.130612258942067,0.9943227715609169,0.9999795617016664,0.9999923420795723,0.9999005600372275,0.9971210981915893,0.9952339084465979,0.9953749393977733,0.9952860198462478,0.9947306615270693,0.9888448307595447,0.9870882081753897,0.9875783515300278,0.9487345356161017,0.8392708879559932,0.797122315668041,0.6419710970138887,0.9882540778583089
0.197,9.159892432683847,0.994418526719385,0.9999802648856918,0.999992628164167,0.9999034848950906,0.997175657658035,0.9953168719884163,0.9954558861594438,0.9953682526323852,0.9948207006523001,0.9890086260092489,0.9872722961368241,0.987757175537183,0.9492360204541134,0.8402412425073406,0.798196192601226,0.6431914866327638,0.9883539286649129
0.198,9.189062392471769,0.9945122953990152,0.9999809413061289,0.9999929025279175,0.9999063129343061,0.9972289734154575,0.9953980690038423,0.9955351027585734,0.9954487333435911,0.9949088538183968,0.9891693808971237,0.9874530413717945,0.9879327293988581,0.9497306330798304,0.8412019546791016,0.7992602087267994,0.6444029454761775,0.9884521955315546
0.199,9.21812275942392,0.994604125970036,0.9999815920746834,0.9999931656913599,0.9999090476976925,0.9972810782831628,0.9954775435098002,0.9956126324120046,0.9955275055970909,0.9949951672753001,0.989327162696492,0.9876305165631181,0.9881050845968449,0.9502184917290851,0.8421531520607408,0.8003144863447431,0.6456055664373447,0.9885489123568947
0.2,9.24707415,0.9946940654556685,0.9999822182531589,0.9999934181501878,0.999911692586524,0.9973320041000318,0.9955553382712534,0.9956885171060206,0.9956046117727535,0.9950796859787592,0.9894820369597105,0.9878047925601344,0.9882743108029304,0.9506997121977756,0.843094960133748,0.8013591458436534,0.6467994411424902,0.9886441121531814
0.201,9.275917176044915,0.9947821595743145,0.999982820855859,0.9999936603765175,0.9999142508666492,0.9973817817571944,0.9956314948412027,0.995762797635647,0.9956800930524473,0.9951624536309723,0.9896340675681077,0.9879759384313183,0.9884404759309608,0.9511744079007074,0.8440275023137263,0.8023943057371177,0.6479846599726842,0.9887378270732577
0.202,9.30465244483188,0.9948684527802762,0.9999834008518662,0.9999938928200852,0.9999167256743245,0.9974304412295022,0.9957060535992657,0.9958355136425618,0.995753989458007,0.9952435127198128,0.9897833167802987,0.9881440215151971,0.988603646187226,0.9516426899288046,0.8449508999914841,0.803420082699263,0.6491613120852107,0.9888300884366347
0.203,9.333280559105035,0.9949529883030633,0.9999839591672052,0.9999941159093797,0.9999191200217795,0.9974780116058466,0.995779053788892,0.9959067036516683,0.9958263398878674,0.9953229045566924,0.9899298452789378,0.9883091074696355,0.9887638861192247,0.9521046671047425,0.8458652725731581,0.8044365915995013,0.650329485434483,0.9889209267546694
0.204,9.361802117121586,0.9950358081853417,0.9999844966868946,0.9999943300527138,0.9999214368025238,0.9975245211183692,0.9958505335532684,0.9959764051063805,0.9958971821524155,0.9954006693131158,0.9900737122159607,0.9884712603195448,0.9889212586628712,0.95256044603705,0.8467707375193956,0.8054439455364917,0.6514892667925221,0.9890103717548732
0.205,9.390217712693497,0.9951169533195757,0.9999850142568956,0.9999945356392389,0.9999236787964102,0.9975699971706098,0.9959205299699633,0.996044654402674,0.9959665530081091,0.995476846055976,0.990214975256376,0.9886305425030715,0.9890758251881944,0.9530101311727308,0.84766741038362,0.8064422558713396,0.6526407417689973,0.9890984524043951
0.206,9.418527935228676,0.9951964634834128,0.9999855126859606,0.9999947330399049,0.9999258486744669,0.9976144663646328,0.9959890790843606,0.9961114869219475,0.9960344881904097,0.9955514727816365,0.990353690620652,0.9887870149163215,0.9892276455435863,0.9534538248484483,0.8485554048494064,0.8074316322600534,0.6537839948308566,0.9891851969327041
0.207,9.446733369771744,0.9952743773738592,0.9999859927473896,0.9999949226083696,0.9999279490035071,0.9976579545271739,0.996056215941929,0.9961769370627412,0.9961010224455759,0.9956245864488489,0.9904899131257523,0.9889407369566698,0.9893767780986493,0.9538916273403191,0.8494348327669895,0.8084121826852819,0.6549191093215417,0.9892706328535026
0.208,9.474834597044334,0.9953507326402901,0.999986455180698,0.9999951046818591,0.999929982250531,0.9977004867348448,0.9961219746193704,0.9962410382713561,0.9961661895613583,0.9956962230105467,0.9906236962248673,0.9890917665647055,0.9895232797856912,0.9543236369123583,0.85030580418893,0.8093840134873436,0.6560461674798087,0.9893547869859004
0.209,9.50283219348494,0.9954255659163416,0.9999869006931997,0.9999952795819836,0.9999319507869255,0.9977420873384342,0.9961863882546925,0.9963038230714162,0.996230022396641,0.9957664174445597,0.9907550920458865,0.9892401602648602,0.9896672061399163,0.9547499498636173,0.8511684274049578,0.8103472293945724,0.65716525045816,0.9894376854748802
0.21,9.530726731288343,0.9954989128507223,0.9999873299615127,0.9999954476155093,0.9999338568924763,0.9977827799863392,0.9962494890762443,0.9963653230924127,0.9962925529100661,0.9958352037832887,0.9908841514286563,0.9893859732047653,0.9898086113383578,0.9551706605740536,0.8520228089760192,0.8113019335529974,0.658276438340895,0.9895193538110721
0.211,9.55851877844458,0.995570808136987,0.9999877436329883,0.9999956090750906,0.9999357027591973,0.9978225876471629,0.996311308430755,0.99642556909727,0.9963538121876809,0.995902615142378,0.9910109239610665,0.9895292591933834,0.9899475482375949,0.9555858615491745,0.8528690537675464,0.81224822755537,0.6593798101617967,0.9895998168498765
0.212,9.586208898777505,0.9956412855423107,0.9999881423270699,0.9999957642399632,0.9999374904949893,0.997861532631509,0.9963718768104133,0.9964845910089697,0.9964138304696456,0.9959686837484246,0.9911354580140055,0.9896700707379549,0.9900840684102955,0.9559956434634859,0.8537072649819686,0.8131862114695579,0.6604754439214526,0.9896790988299459
0.213,9.613797651982916,0.9957103779352997,0.9999885266365846,0.9999959133766018,0.9999392221271337,0.9978996366130053,0.9964312238790244,0.9965424179362675,0.9964726371760336,0.9960334409657591,0.9912578007752239,0.9898084590798004,0.9902182221806289,0.9564000952027889,0.8545375441904894,0.8141159838663228,0.6615634166042292,0.9897572233910598
0.214,9.641285593666261,0.9957781173128752,0.9999888971289703,0.9999960567393427,0.9999408996056309,0.9979369206485867,0.9964893784972778,0.9965990781985381,0.9965302609317623,0.9960969173223313,0.9913779982821433,0.9899444742290209,0.9903500586585818,0.9567993039053541,0.8553599913641454,0.8150376418464949,0.6626438041949003,0.9898342135914086
0.215,9.668673275379938,0.9958445348262638,0.999989254347444,0.9999961945709751,0.9999425248063902,0.9979734051980651,0.9965463687471602,0.9966545993497795,0.9965867295906822,0.9961591425347354,0.9914960954536487,0.9900781649981298,0.9904796257732204,0.9571933550020099,0.8561747049041671,0.8159512810675625,0.6637166816949434,0.9899100919243117
0.216,9.695961244660193,0.9959096608061263,0.9999895988121104,0.9999963271033007,0.9999440995342773,0.998009110143014,0.9966022219555439,0.9967090082018087,0.9966420702588592,0.9962201455324047,0.9916121361208972,0.9902095790346556,0.9906069703049303,0.9575823322551753,0.8569817816716598,0.8168569957696896,0.6647821231385085,0.9899848803343911
0.217,9.723150045063596,0.9959735247868586,0.9999899310210187,0.9999964545576653,0.9999456255260281,0.9980440548049948,0.9966569647169847,0.9967623308466783,0.9966963093170772,0.9962799544810064,0.9917261630571775,0.9903387628527498,0.9907321379166725,0.9579663177968711,0.8577813170166225,0.817754878801175,0.6658402016080707,0.9900586002332136
0.218,9.750240216203142,0.9960361555300927,0.9999902514511666,0.9999965771454631,0.9999471044530334,0.9980782579631488,0.9967106229157533,0.9968145926783426,0.9967494724425916,0.9963385968050661,0.9918382180068545,0.9904657618638331,0.990855173184286,0.9583453921657374,0.8585734048063213,0.8186450216433703,0.666890989249768,0.9901312725144338
0.219,9.777232293783946,0.9960975810474272,0.9999905605594555,0.9999966950686144,0.9999485379240016,0.9981117378711791,0.996763221747133,0.9968658184136014,0.9968015846301592,0.9963960992098497,0.9919483417134253,0.9905906204063131,0.9909761196258708,0.9587196343430879,0.859358137453035,0.8195275144350672,0.6679345572884409,0.9902029175684399
0.22,9.804126809638554,0.9961578286224154,0.9999908587835997,0.9999968085200197,0.9999499274875046,0.9981445122737479,0.9968147857380092,0.9969160321123479,0.9968526702123727,0.9964524877025283,0.9920565739467228,0.9907133817744038,0.9910950197302827,0.9590891217880292,0.8601356059411887,0.8204024459963686,0.6689709760423725,0.9902735552965355
0.221,9.830924291761875,0.9962169248318383,0.9999911465429923,0.9999969176839905,0.9999512746344124,0.9981765984223067,0.9968653387667746,0.9969652571971445,0.9969027528793234,0.9965077876126535,0.9921629535292904,0.9908340882460788,0.9912119149847664,0.9594539304716736,0.8609058998538893,0.8212699038520561,0.6700003149377404,0.9903432051246632
0.222,9.857625264345737,0.9962748955662865,0.9999914242395281,0.9999970227366576,0.999952580800222,0.9982080130903856,0.9969149040825789,0.997013516472154,0.9969518556976186,0.9965620236119673,0.9922675183619594,0.9909527811101836,0.9913268459017609,0.9598141349104692,0.8616691073988832,0.8221299742544659,0.6710226425227876,0.9904118860166914
0.223,9.884230247813061,0.9963317660500768,0.9999916922583884,0.9999971238463597,0.9999538473672851,0.9982387725883594,0.996963504323943,0.9970608321414464,0.9970000011287736,0.9966152197335701,0.9923703054486527,0.99106950069274,0.9914398520449006,0.9601698081986759,0.862425315433943,0.8229827422058866,0.6720380264817166,0.9904796164872799
0.224,9.910739758851674,0.9963875608605278,0.9999919509687869,0.9999972211740122,0.9999550756669396,0.998268892777709,0.9970111615367634,0.9971072258267064,0.9970472110470056,0.9966673993904691,0.992471350920444,0.9911842863824649,0.9915509720542395,0.9605210220400106,0.863174609491706,0.8238282914804886,0.673046533648314,0.9905464146143367
0.225,9.937154310447761,0.996442303946615,0.9999922007246813,0.9999973148734567,0.9999562669815489,0.9982983890848008,0.9970578971917273,0.997152718584361,0.997093506756445,0.9967185853935305,0.9925706900588944,0.9912971766555313,0.9916602436707265,0.9608678467784855,0.8639170738039733,0.8246667046457978,0.6740482300193145,0.9906122980510815
0.226,9.963474411918952,0.9964960186470297,0.9999924418654507,0.9999974050917935,0.9999574225464536,0.9983272765141982,0.9971037322011606,0.99719733092215,0.9971389090077913,0.9967687999688555,0.9926683573186919,0.9914082090995969,0.9917677037599533,0.9612103514284641,0.8646527913254829,0.825498063083725,0.6750431807675046,0.9906772840377329
0.227,9.989700568947054,0.9965487277076617,0.9999926747165399,0.9999974919696979,0.9999585435518402,0.9983555696615236,0.9971486869353274,0.9972410828151579,0.9971834380144278,0.9968180647746,0.9927643863496162,0.991517420437124,0.9918733883352013,0.9615486037039553,0.865381843757174,0.8263224470111605,0.6760314502545808,0.9907413894128264
0.228,10.015833283610451,0.996600453298525,0.9999928995900749,0.9999975756417202,0.9999596311445287,0.9983832827258896,0.9971927812382035,0.9972839937213268,0.9972271134680174,0.9968664009172599,0.9928588100178523,0.9916248465480128,0.991977332579809,0.9618826700471695,0.86610431156895,0.8271399355001451,0.6770131020437553,0.9908046306241836
0.229,10.041873054416122,0.9966512170301485,0.9999931167854482,0.9999976562365708,0.9999606864296853,0.9984104295219113,0.9972360344427399,0.9973260825964697,0.9972699545535986,0.9969138289674367,0.9929516604266719,0.991730522491572,0.9920795708688825,0.9622126156563564,0.8668202740219574,0.8279506064976281,0.6779881989121304,0.9908670237395346
0.23,10.067820376331362,0.9967010399694476,0.9999933265898775,0.9999977338773913,0.999961710472462,0.9984370234913191,0.9972784653856348,0.9973673679087998,0.9973119799641952,0.9969603689751062,0.9930429689365058,0.991834482527848,0.9921801367903711,0.9625385045129445,0.8675298091903891,0.828754536844821,0.6789568028628321,0.9909285844568199
0.231,10.09367574081512,0.9967499426550971,0.9999935292789368,0.9999978086820124,0.999962704299566,0.998463077714184,0.9973200924216336,0.9974078676529949,0.9973532079149621,0.997006040484403,0.9931327661844257,0.9919367601383315,0.992279063165527,0.962860399408005,0.8682329939828256,0.829551802296158,0.6799189751369195,0.9909893281141663
0.232,10.119439635849057,0.99679794511242,0.9999937251170647,0.9999978807631988,0.9999636689007646,0.9984886049197698,0.9973609334373708,0.9974475993638129,0.997393656156879,0.9970508625479414,0.9932210821030547,0.9920373880460657,0.9923763820687712,0.9631783619680548,0.8689299041631255,0.8303424775378718,0.6808747762250691,0.9910492696995628
0.233,10.145112545968216,0.9968450668678125,0.9999939143580479,0.9999979502288824,0.9999646052303245,0.9985136174970269,0.9974010058647713,0.9974865801292722,0.997433341990011,0.9970948537406864,0.9933079459389266,0.9921363982351697,0.9924721248469821,0.9634924526802203,0.8696206143708747,0.831126636206193,0.6818242658790394,0.9911084238602369
0.234,10.170694952291422,0.996891326962717,0.9999940972454815,0.9999980171823837,0.9999655142083933,0.9985381275047404,0.9974403266940272,0.9975248266034153,0.9974722822763481,0.997138032173391,0.9933933862703083,0.9922338219698021,0.992566322138228,0.9638027309167796,0.870305198141408,0.8319043509051837,0.6827675031229248,0.9911668049117462
0.235,10.196187332551318,0.9969367439671628,0.9999942740132103,0.9999980817226226,0.9999663967223207,0.9985621466813426,0.9974789124861618,0.997562355018668,0.9975104934522421,0.9971804155056152,0.9934774310245073,0.9923296898125773,0.9926590038899595,0.9641092549590987,0.8709837279254102,0.8326756932242133,0.6837045462641977,0.9912244268467942
0.236,10.221590161124121,0.9969813359928855,0.9999944448857472,0.9999981439443192,0.9999672536279266,0.9985856864544067,0.9975167793852003,0.9975991811978082,0.9975479915404508,0.9972220209583392,0.9935601074946767,0.9924240316424547,0.9927501993766792,0.9644120820209812,0.8716562751081096,0.8334407337550833,0.6846354529045482,0.9912813033437792
0.237,10.246903909059029,0.9970251207060421,0.9999946100786745,0.9999982039381845,0.9999680857507155,0.9986087579498277,0.9975539431299555,0.9976353205655594,0.9975847921618056,0.9972628653261876,0.9936414423561364,0.9925168766721184,0.9928399372171062,0.9647112682714449,0.872322910028072,0.834199542108813,0.6855602799505252,0.9913374477750836
0.238,10.272129044107352,0.9970681153395344,0.9999947697990252,0.9999982617911021,0.9999688938870408,0.9986313720007064,0.997590419065445,0.9976707881598199,0.997620910546515,0.9973029649892746,0.9937214616822235,0.9926082534648598,0.9929282453908508,0.9650068688569435,0.8729837019956052,0.8349521869320876,0.6864790836239777,0.9913928732151182
0.239,10.29726603075131,0.9971103367049541,0.9999949242456481,0.9999983175863008,0.9999696788052209,0.998653539155943,0.9976262221539525,0.9977055986425422,0.9976563615451155,0.9973423359246862,0.993800190959691,0.9926981899509831,0.9930151512546146,0.9652989379230478,0.8736387193107849,0.8356987359233858,0.6873919194723117,0.9914475924481212
0.24,10.322315330232557,0.9971518012041621,0.9999950736095549,0.9999983714035193,0.9999704412466095,0.9986752696885548,0.997661366985743,0.9977397663102723,0.9976911596390831,0.9973809937176084,0.9938776551036633,0.9927867134437458,0.9931006815579315,0.9655875286356,0.8742880292811075,0.8364392558487841,0.6882988423785543,0.9915016179757282
0.241,10.347277400580381,0.9971925248405155,0.9999952180742534,0.9999984233191631,0.9999711819266217,0.9986965736037234,0.9976958677894471,0.9977733051043631,0.9977253189511165,0.9974189535721155,0.9939538784721688,0.9928738506548497,0.9931848624584639,0.9658726932013594,0.8749316982387838,0.8371738125574534,0.6891999065712402,0.9915549620243148
0.242,10.37215269663963,0.997232523229752,0.999995357816064,0.9999984734064535,0.9999719015357186,0.9987174606465847,0.997729738442123,0.9978062286208708,0.9977588532551028,0.9974562303216307,0.9940288848802565,0.9929596277094969,0.9932677195368673,0.9661544828881468,0.875569791557676,0.8379024709968492,0.6900951656341137,0.9916076365521236
0.243,10.39694167009832,0.9972718116105456,0.9999954930044224,0.9999985217355695,0.9999726007403509,0.9987379403097679,0.9977629924790083,0.9978385501201458,0.9977917759857772,0.9974928384390664,0.9941026976137164,0.9930440701610234,0.9933492778112386,0.9664329480445091,0.8762023736698925,0.8386252952276079,0.6909846725156625,0.9916596532561796
0.244,10.421644769515012,0.9973104048547423,0.999995623802169,0.9999985683737832,0.9999732801838648,0.9987580218406946,0.9977956431029726,0.99787028253613,0.9978241002480857,0.9975287920466591,0.9941753394424098,0.9931272030051241,0.993429561751158,0.9667081381189107,0.8768295080820433,0.8393423484381489,0.6918684795384755,0.9917110235790036
0.245,10.446262440345821,0.9973483174772886,0.999995750365825,0.9999986133855892,0.9999739404873708,0.9987777142486447,0.9978277031936789,0.9979014384853669,0.997855838826263,0.9975641049255056,0.9942468326332261,0.9932090506936821,0.9935085952913407,0.9669801016784675,0.8774512573911692,0.8400536929589976,0.6927466384084338,0.9917617587151284
0.246,10.470795124971232,0.9973855636458601,0.9999958728458564,0.9999986568328268,0.9999745822505772,0.9987970263115975,0.9978591853164668,0.9979320302757384,0.9978870041926331,0.9975987905248133,0.9943171989626757,0.9932896371482125,0.9935864018449072,0.9672488864272353,0.8780676833003458,0.8407593902768262,0.6936192002237407,0.9918118696174233
0.247,10.495243262722571,0.9974221571902038,0.9999959913869255,0.9999986987747975,0.9999752060525907,0.9988159665828573,0.9978901017309637,0.9979620699149333,0.9979176085161416,0.997632861970871,0.9943864597291305,0.9933689857729364,0.9936630043162864,0.9675145392240653,0.8786788466339781,0.8414595010482286,0.6944862154837876,0.9918613670032376
0.248,10.519607289908258,0.9974581116112003,0.9999961061281325,0.9999987392683762,0.9999758124526835,0.9988345433974682,0.9979204643994358,0.9979915691186605,0.9979476636706318,0.997666332075753,0.9944546357647237,0.993447119467492,0.9937384251137609,0.9677771061000355,0.8792848073527845,0.8421540851132262,0.6953477340978662,0.9919102613603645
0.249,10.543887639839724,0.9974934400896568,0.999996217203245,0.999998778368118,0.999976401991031,0.9988527648784287,0.9979502849948847,0.9980205393186113,0.9979771812428689,0.9976992133457613,0.9945217474469182,0.9935240606392973,0.9938126861616672,0.9680366322754739,0.8798856245684843,0.8428432015085167,0.6962038053937243,0.9919585629528322
0.25,10.568084742857144,0.9975281554948385,0.9999963247409185,0.9999988161263591,0.9999769751894191,0.9988706389427091,0.9979795749089008,0.9980489916701836,0.9980061725403235,0.9977315179896183,0.9945878147097548,0.9935998312155737,0.9938858089122595,0.9682931621765789,0.8804813565581902,0.8435269084804696,0.6970544781259733,0.9920062818265297
0.251,10.59219902635482,0.9975622703927493,0.9999964288649061,0.9999988525933138,0.9999775325519236,0.9988881733070835,0.9980083452592803,0.9980769370599709,0.998034648598722,0.9977632579264153,0.9946528570547889,0.9936744526550398,0.9939578143572493,0.9685467394516531,0.8810720607785176,0.8442052634978741,0.6978998004843476,0.9920534278146698
0.252,10.61623091480638,0.997595797054166,0.9999965296942602,0.9999988878171665,0.9999780745655626,0.9989053754937766,0.998036606897413,0.9981043861130291,0.9980626201893696,0.9977944447933256,0.9947168935617274,0.9937479459592876,0.9940287230390281,0.9687974069869567,0.8816577938794128,0.8448783232644435,0.6987398201018191,0.9921000105430972
0.253,10.640180829789651,0.9976287474624391,0.9999966273435241,0.99999892184416,0.9999786017009229,0.9989222528359375,0.99806437041545,0.9981313491999239,0.9980900978262568,0.9978250899530908,0.9947799428987718,0.9938203316838489,0.9940985550615864,0.9690452069221909,0.8822386117177079,0.8455461437310847,0.699574584062572,0.9921460394354468
0.254,10.664049190011353,0.9976611333210619,0.9999967219229164,0.9999989547186785,0.9999791144127619,0.9989388124829427,0.998091646153257,0.9981578364435683,0.9981170917729523,0.9978552045012871,0.994842023332679,0.9938916299489616,0.9941673301011336,0.9692901806656241,0.882814569370411,0.8462087801079351,0.7004041389098381,0.9921915237181503
0.255,10.687836411331444,0.9976929660610211,0.9999968135385063,0.9999989864833287,0.9999796131405853,0.9989550614055344,0.9981184442051612,0.9981838577258579,0.9981436120492936,0.9978847992733767,0.9949031527385471,0.9939618604500465,0.9942350674164323,0.9695323689088666,0.8833857211477344,0.8468662868761734,0.7012285306535977,0.9922364724253084
0.256,10.711542906787331,0.9977242568479311,0.9999969022923821,0.9999990171790154,0.9999800983092024,0.9989710064008018,0.9981447744264981,0.998209422694108,0.9981696684378784,0.9979138848515555,0.9949633486093348,0.9940310424678998,0.9943017858588524,0.9697718116413049,0.8839521206058676,0.8475187177996075,0.7020478047781464,0.9922808944034207
0.257,10.735169086617729,0.9977550165889627,0.9999969882828118,0.9999990468450145,0.9999805703292602,0.9989866540970087,0.9981706464399652,0.9982345407672999,0.9981952704903648,0.9979424715713993,0.9950226280651224,0.9940991948786132,0.9943675038821544,0.9700085481642039,0.8845138205595031,0.8481661259360482,0.7028620062495348,0.9923247983159833
0.258,10.75871535828636,0.9977852559395702,0.9999970716043973,0.9999990755190425,0.999981029597755,0.9990020109582726,0.9981960696417881,0.9982592211421454,0.9982204275335868,0.9979705695283169,0.9950810078621225,0.9941663361632285,0.9944322395520104,0.9702426171044858,0.8850708730941174,0.848808563648468,0.7036711795228766,0.9923681926479604
0.259,10.782182126505345,0.9978149853100241,0.9999971523482216,0.9999991032373233,0.9999814764985261,0.9990170832891013,0.9982210532077052,0.9982834727989706,0.99824514867549,0.9979981885838174,0.995138504401447,0.9942324844171336,0.9944960105552704,0.9704740564281942,0.8856233295780138,0.8494460826159547,0.7044753685495372,0.9924110857101283
0.26,10.805569793258428,0.9978442148717562,0.9999972306019896,0.9999991300346508,0.9999819114027285,0.9990318772387923,0.998245606098778,0.9983073045074279,0.9982694428108941,0.9980253383715948,0.9951951337376381,0.9942976573592093,0.9945588342089801,0.9707029034536506,0.886171240674134,0.85007873384446,0.7052746167841955,0.9924534856433004
0.261,10.828878757823892,0.9978729545635224,0.9999973064501635,0.99999915594445,0.9999823346692884,0.9990463988056959,0.998269737067031,0.9983307248320421,0.9982933186270878,0.9980520283034386,0.9952509115869718,0.994361872340732,0.9946207274691604,0.9709291948643131,0.8867146563516415,0.850706567677352,0.7060689671917896,0.9924954004224346
0.262,10.852109416797314,0.9979012140973889,0.9999973799740912,0.9999991809988344,0.9999827466453413,0.9990606538413521,0.9982934546609281,0.998353742137593,0.9983167846092601,0.9980782675749734,0.9953058533355369,0.9944251463540429,0.9946817069393523,0.9711529667213419,0.8872536258972814,0.8513296338057699,0.7068584622543423,0.9925368378606265
0.263,10.875262164114028,0.9979290029645473,0.9999974512521308,0.9999992052286617,0.9999831476666514,0.9990746480545006,0.9983167672306884,0.9983763645943432,0.9983398490457751,0.9981040651712343,0.9953599740471009,0.9944874960409856,0.9947417888789365,0.9713742544758831,0.8877881979265259,0.8519479812787918,0.7076431439776756,0.9925778056129941
0.264,10.89833739107143,0.9979563304409653,0.9999975203597682,0.9999992286635857,0.9999835380580175,0.9990883870149709,0.9983396829334503,0.9983986001831135,0.9983625200332945,0.9981294298720838,0.9954132884707648,0.9945489377011246,0.9948009892112334,0.9715930929810737,0.8883184203945026,0.8525616585134148,0.7084230538980064,0.9926183111804555
0.265,10.921335486350975,0.9979832055928752,0.9999975873697313,0.9999992513321071,0.9999839181336615,0.9991018761574553,0.9983622097382852,0.9984204567002126,0.9983848054817518,0.9981543702574733,0.9954658110484165,0.9946094872997461,0.9948593235313897,0.9718095165037783,0.8888443406067199,0.8531707133043516,0.7091982330884399,0.9926583619134034
0.266,10.944256836040045,0.9980096372821088,0.9999976523520979,0.9999992732616216,0.9999842881976021,0.9991151207851687,0.998384355431067,0.9984419417622229,0.9984067131191844,0.9981788947125556,0.9955175559219854,0.9946691604756501,0.9949168071140584,0.9720235587360625,0.8893660052295841,0.8537751928336509,0.7099687221653477,0.9926979650152783
0.267,10.967101823653525,0.9980356341712809,0.9999977153744002,0.9999992944784662,0.9999846485440156,0.9991281260733996,0.9984061276192023,0.998463062810651,0.9984282504964266,0.9982030114326526,0.9955685369405071,0.9947279725487402,0.9949734549208774,0.9722352528064097,0.8898834603007213,0.8543751436801429,0.7107345612946439,0.992737127546047
0.268,10.989870830155212,0.9980612047288272,0.9999977765017242,0.9999993150079621,0.9999849994575815,0.9991408970729554,0.9984275337362252,0.9984838271164439,0.9984494249916688,0.9982267284280824,0.9956187676670014,0.994785938527414,0.9950292816077535,0.9724446312906888,0.8903967512391022,0.8549706118287111,0.7114957901979553,0.9927758564255855
0.269,11.01256423397897,0.9980863572339004,0.9999978357968052,0.9999993348744578,0.9999853412138155,0.9991534387135046,0.99844858104626,0.998504241784376,0.9984702438148875,0.9982500535288505,0.9956682613851704,0.9948430731157638,0.9950843015319569,0.9726517262228782,0.8909059228549775,0.8555616426794012,0.7122524481586924,0.9928141584369692
0.27,11.035182411049725,0.99811109978113,0.9999978933201197,0.9999993541013685,0.9999856740793911,0.9991657558068209,0.9984692766483589,0.9985243137573119,0.9984907140121478,0.9982729943892096,0.9957170311059215,0.9948993907205895,0.995138528759031,0.9728565691055513,0.8914110193596269,0.8561482810563613,0.7130045740280162,0.9928520402296797
0.271,11.05772573480419,0.9981354402852493,0.9999979491299723,0.9999993727112146,0.9999859983124465,0.9991778530499311,0.9984896274807149,0.998544049820347,0.9985108424697866,0.9982955584920907,0.9957650895737197,0.9949549054582321,0.9951919770695241,0.9730591909201324,0.891912084374926,0.856730571216626,0.7137522062307118,0.9928895083227195
0.272,11.080194576211454,0.9981593864855924,0.9999980032825804,0.9999993907256589,0.9999863141628825,0.9991897350281709,0.9985096403247561,0.9985634566048324,0.9985306359184747,0.9983177531534118,0.9958124492727755,0.9950096311612299,0.9952446599655476,0.9732596221369253,0.8924091609427334,0.8573085568587396,0.7144953827709615,0.9929265691076474
0.273,11.102589303793291,0.9981829459504689,0.9999980558321546,0.9999994081655409,0.9999866218726481,0.9992014062181497,0.9985293218091248,0.9985825405922846,0.9985501009371669,0.9983395855262647,0.995859122433072,0.9950635813848053,0.9952965906771645,0.9734578927249221,0.8929022915341059,0.8578822811312286,0.7152341412380286,0.9929632288515322
0.274,11.124910283644349,0.9982061260814143,0.9999981068309759,0.9999994250509108,0.999986921676015,0.99921287099063,0.9985486784135443,0.9986013081181858,0.9985692439569397,0.9983610626049878,0.9959051210362357,0.995116769413185,0.9953477821686152,0.9736540321613978,0.8933915180583397,0.85845178664092,0.7159685188118435,0.9929994936998287
0.275,11.147157879452054,0.9982289341173269,0.9999981563294694,0.9999994414010617,0.9999872137998431,0.9992241336133225,0.9985677164725772,0.9986197653756779,0.9985880712647226,0.9983821912291239,0.9959504568212569,0.9951692082657592,0.9953982471443832,0.9738480694412947,0.8938768818718473,0.8590171154611163,0.7166985522685039,0.9930353696791748
0.276,11.169332452516413,0.9982513771384873,0.9999982043762763,0.9999994572345597,0.999987498463835,0.9992351982535985,0.9985864421792794,0.9986379184191518,0.9986065890069242,0.9984029780872699,0.9959951412900618,0.9952209107030839,0.9954479980551064,0.9740400330864026,0.8943584237868686,0.859578309139621,0.7174242779856825,0.9930708627001205
0.277,11.191434361769524,0.9982734620704703,0.9999982510183208,0.9999994725692744,0.9999877758807814,0.9992460689811256,0.9986048615887505,0.9986557731677377,0.9986248031929575,0.9984234297208198,0.9960391857129428,0.9952718892327318,0.9954970471033383,0.9742299511543412,0.8948361840800234,0.8601354087066274,0.7181457319479512,0.9931059785597772
0.278,11.213463963794986,0.9982951956879482,0.9999982963008761,0.9999994874224054,0.999988046256798,0.9992567497704252,0.9986229806215875,0.9986733354086975,0.9986427196986684,0.9984435525276059,0.9960826011338493,0.9953221561149939,0.9955454062491621,0.9744178512473449,0.8953102025007057,0.8606884546824636,0.7188629497520157,0.9931407229444074
0.279,11.235421612847032,0.9983165846183915,0.9999983402676271,0.9999995018105108,0.9999883097915531,0.9992672445033576,0.9986408050672411,0.9986906108007232,0.9986603442696671,0.9984633527654385,0.9961253983755435,0.9953717233684386,0.9955930872156638,0.9746037605208614,0.8957805182793261,0.861237487085206,0.7195759666118704,0.9931751014319371
0.28,11.257307660869566,0.9983376353456677,0.9999983829607301,0.999999515749532,0.9999885666784861,0.9992775569715346,0.9986583405872796,0.9987076048771438,0.9986776825245696,0.9984828365555505,0.9961675880446254,0.9954206027753303,0.9956401014942666,0.974787705691963,0.8962471701354023,0.8617825454381568,0.7202848173638672,0.9932091194944102
0.281,11.279122457514921,0.9983583542135434,0.999998424420871,0.9999995292548186,0.9999888171050202,0.9992876908786636,0.9986755927185639,0.9987243230490439,0.9986947399581487,0.9985020098859472,0.99620918053643,0.9954688058869121,0.9956864603499315,0.9749697130475782,0.8967101962855039,0.8623236687771924,0.7209895364717072,0.9932427825003749
0.282,11.300866350162513,0.9983787474290913,0.9999984646873199,0.999999542341152,0.9999890612527645,0.9992976498428233,0.9986925668763327,0.9987407706082958,0.9987115219443988,0.998520878614665,0.9962501860398013,0.9955163440285563,0.9957321748262263,0.9751498084525462,0.8971696344510518,0.8628608956579824,0.72169015803135,0.9932760957172112
0.283,11.322539683937261,0.9983988210660054,0.9999985037979853,0.9999995550227677,0.9999892992977113,0.9993074373986762,0.9987092683572059,0.9987569527305092,0.9987280337395165,0.9985394484729427,0.9962906145417446,0.9955632283047867,0.9957772557502697,0.9753280173575007,0.8976255218659783,0.8633942641630861,0.7223867157758477,0.9933090643133958
0.284,11.34414280172786,0.9984185810678267,0.9999985417894639,0.9999995673133777,0.9999895314104243,0.9993170569996166,0.9987257023421036,0.9987728744778992,0.9987442804847996,0.9985577250683062,0.9963304758319628,0.9956094696041762,0.9958217137375497,0.975504364806585,0.8980778952842473,0.8639238119089219,0.7230792430801007,0.9933416933607119
0.285,11.36567604420485,0.9984380332510826,0.9999985786970905,0.9999995792261904,0.9999897577562216,0.9993265120198581,0.998741873899087,0.9987885408020765,0.9987602672094681,0.9985757138875699,0.9963697795072783,0.9956550786041217,0.9958655591966241,0.9756788754450029,0.8985267909872401,0.864449576052621,0.723767772965541,0.9933739878363985
0.286,11.387139749838536,0.9984571833083421,0.9999986145549845,0.9999995907739309,0.9999899784953499,0.9993358057564624,0.9987577879861209,0.9988039565467611,0.9987759988334074,0.9985934202997582,0.9964085349759454,0.9957000657755021,0.9959088023337032,0.9758515735264108,0.8989722447910093,0.8649715932987598,0.7244523381047392,0.9934059526252504
0.287,11.40853425491671,0.9984760368111896,0.9999986493960947,0.9999996019688596,0.9999901937831551,0.9993449414313097,0.9987734494537619,0.9988191264504233,0.9987914801698374,0.9986108495589477,0.9964467514618525,0.995744441387221,0.9959514531571186,0.9760224829201527,0.8994142920534014,0.8654898999059785,0.7251329708259426,0.9934375925216579
0.288,11.42985989356223,0.9984945992131198,0.9999986832522436,0.9999996128227912,0.9999904037702447,0.999353922193015,0.9987888630477735,0.998834055148851,0.9988067159279099,0.9986280068070349,0.9964844380086225,0.9957882155106368,0.9959935214816831,0.9761916271183428,0.8998529676810539,0.8660045316934848,0.7258097031175393,0.9934689122316008
0.289,11.4511169977504,0.9985128758523546,0.9999987161541679,0.999999623347111,0.9999906086026452,0.9993627511187894,0.9988040334116709,0.9988487471776505,0.9988217107152354,0.9986448970764277,0.9965216034836102,0.9958313980238858,0.9960350169329419,0.9763590292428005,0.9002883061362673,0.8665155240474485,0.7264825666324551,0.9934999163745883
0.29,11.472305897326201,0.9985308719545871,0.9999987481315593,0.9999996335527928,0.9999908084219538,0.9993714312162494,0.9988189650891974,0.9988632069746772,0.9988364690403424,0.9986615252926679,0.9965582565817998,0.9958739986160972,0.9960759489513202,0.9765247120518381,0.9007203414437548,0.8670229119272852,0.7271515926924819,0.9935306094855527
0.291,11.493426920021355,0.9985485926356519,0.9999987792131022,0.999999643450414,0.9999910033654844,0.9993799654251765,0.9988336625267337,0.9988774388824027,0.9988509953150704,0.9986778962769821,0.9965944058296078,0.9959160267915073,0.9961163267961688,0.9766886979469087,0.901149107197273,0.8675267298718347,0.7278168122925386,0.9935609960166926
0.292,11.514480391471215,0.9985660429041251,0.9999988094265113,0.9999996530501717,0.9999911935664089,0.9993883566192265,0.9988481300756434,0.9988914471502172,0.9988652938568992,0.9986940147487662,0.9966300595885914,0.9959574918734722,0.9961561595497106,0.9768510089791138,0.9015746365661358,0.868027012005434,0.7284782561048657,0.9935910803392727
0.293,11.535466635231506,0.9985832276638572,0.9999988387985663,0.9999996623618967,0.9999913791538931,0.9993966076075926,0.9988623719945555,0.9989052359366719,0.9988793688912158,0.9987098853280038,0.9966652260590658,0.995998403008383,0.9961954561208918,0.9770116668555769,0.9019969623016125,0.8685237920438877,0.7291359544831579,0.9936208667453768
0.294,11.556385972794898,0.9986001517164378,0.9999988673551463,0.9999996713950683,0.999991560253228,0.9994047211366208,0.9988763924515863,0.9989188093116597,0.9988932245535211,0.9987255125376212,0.9966999132836326,0.9960387691694879,0.9962342252491385,0.9771706929456847,0.9024161167432156,0.8690171033003384,0.7297899374666302,0.993650359449618
0.295,11.577238723607426,0.9986168197635976,0.9999988951212626,0.9999996801588271,0.999991736985956,0.9994126998913822,0.9988901955265022,0.9989321712585392,0.9989068648915783,0.9987409008057809,0.9967341291506228,0.9960785991606187,0.996272475508023,0.977328108287198,0.902832131824876,0.8695069786910369,0.7304402347840236,0.9936795625908067
0.296,11.598025205084745,0.9986332364095469,0.9999989221210899,0.9999996886619889,0.9999919094699933,0.9994205464972007,0.9989037852128249,0.9989453256762022,0.9989202938675036,0.998756054468114,0.9967678813974549,0.9961179016198315,0.9963102153088411,0.9774839335922387,0.9032450390810126,0.8699934507410176,0.7310868758575506,0.9937084802335758
0.297,11.61874573262824,0.9986494061632534,0.9999989483779965,0.9999996969130561,0.9999920778197477,0.9994282635211398,0.998917165419882,0.9989582763810856,0.9989335153598027,0.998770977769895,0.9968011776139123,0.9961566850229564,0.996347452904103,0.9776381892531518,0.9036548696524944,0.8704765515896777,0.7317298898067774,0.9937371163699689
0.298,11.639400619640972,0.9986653334406608,0.9999989739145736,0.9999997049202307,0.9999922421462323,0.9994358534734477,0.9989303399748021,0.9989710271091315,0.9989465331653532,0.9987856748681604,0.9968340252453404,0.9961949576870641,0.9963841963909403,0.9777908953482483,0.9040616542925005,0.8709563129962639,0.7323693054524514,0.993765474920986
0.299,11.659990177543488,0.9986810225668511,0.999998998752663,0.9999997126914248,0.9999924025571747,0.9994433188089629,0.9989433126244589,0.9989835815176947,0.9989593510013348,0.9988001498337711,0.9968664315957667,0.9962327277738492,0.9964204537144321,0.9779420716474296,0.9044654233722772,0.8714327663452659,0.7330051513202671,0.9937935597380939
0.3,11.680514715789474,0.9986964777781495,0.9999990229133842,0.9999997202342724,0.9999925591571237,0.999450661928482,0.9989560870373633,0.9989959431874006,0.9989719725071093,0.9988144066534222,0.996898403830946,0.9962700032929322,0.9964562326708497,0.9780917376176983,0.9048662068867966,0.8719059426517252,0.7336374556445779,0.9938213746046983
0.301,11.70097454188124,0.9987117032241766,0.9999990464171596,0.9999997275561393,0.9999927120475509,0.9994578851800899,0.9989686668055066,0.999008115623954,0.9989844012460515,0.9988284492316012,0.9969299489813316,0.9963067921050843,0.996491540910826,0.9782399124285555,0.9052640344603172,0.8723758725664494,0.7342662463720504,0.9938489232375803
0.302,11.721369961385099,0.9987267029698468,0.9999990692837404,0.9999997346641334,0.9999928613269495,0.9994649908604539,0.9989810554461555,0.9990201022599012,0.9989966407073315,0.9988422813924935,0.9969610739449756,0.9963431019253741,0.9965263859424475,0.9783866149572892,0.9056589353518488,0.8728425863811466,0.7348915511652657,0.9938762092882992
0.303,11.741701277946568,0.9987414809973163,0.9999990915322292,0.9999997415651146,0.9999930070909296,0.9994719812160827,0.9989932564036001,0.9990319064563463,0.9990086943076523,0.9988559068818424,0.9969917854903597,0.996378940326241,0.9965607751342742,0.9785318637941562,0.906050938460524,0.8733061140334706,0.7355133974062636,0.9939032363445585
0.304,11.761968793305439,0.9987560412078816,0.9999991131811041,0.9999997482657041,0.99999314943231,0.9994788584445515,0.9990052730508577,0.9990435315046219,0.9990205653929405,0.9988693293687583,0.9970220902591589,0.9964143147404952,0.9965947157182877,0.9786756772474577,0.906440072330877,0.8737664851119858,0.7361318122000375,0.9939300079315433
0.305,11.782172807310705,0.9987703874238286,0.99999913424824,0.9999997547722932,0.999993288441207,0.9994856246956942,0.9990171086913304,0.9990549806279171,0.9990322572399949,0.998882552447483,0.9970519947689381,0.9964492324642484,0.9966282147927691,0.9788180733485142,0.9068263651580335,0.87422372886105,0.7367468223779756,0.9939565275132206
0.306,11.802313617935349,0.9987845233902356,0.9999991547509304,0.9999997610910517,0.9999934242051204,0.9994922820727629,0.9990287665604223,0.9990662569828644,0.9990437730580918,0.9988955796391091,0.997081505415786,0.996483700659774,0.9966612793251096,0.9789590698565394,0.9072098447928115,0.8746778741856172,0.7373584545012504,0.9939827984936133
0.307,11.822391521290994,0.9987984527767308,0.9999991747059073,0.9999997672279366,0.9999935568090159,0.9994988326335574,0.9990402498271135,0.9990773636610836,0.9990551159905485,0.9989084143932548,0.9971106284768857,0.9965177263583014,0.9966939161545552,0.9790986842634166,0.9075905387467355,0.8751289496559626,0.7379667348641591,0.9940088242180392
0.308,11.842406811642412,0.9988121791792045,0.9999991941293616,0.9999997731886997,0.9999936863354053,0.9995052783915236,0.9990515615954942,0.9990883036906878,0.999066289116248,0.9989210600896973,0.9971393701130251,0.9965513164627451,0.9967261319948859,0.9792369337983802,0.9079684741969654,0.8755769835123294,0.7385716894974153,0.9940346079743235
0.309,11.8623597814219,0.9988257061214789,0.9999992130369613,0.9999997789788954,0.9999938128644237,0.9995116213168228,0.9990627049062597,0.9990990800377499,0.9990772954511232,0.9989335200399633,0.9971677363710474,0.9965844777503691,0.9967579334370344,0.9793738354326029,0.9083436779911431,0.8760220036695024,0.7391733441713896,0.9940601529939822
0.31,11.882250721243523,0.9988390370569358,0.9999992314438703,0.9999997846038875,0.9999939364739041,0.9995178633373731,0.9990736827381668,0.9991096956077317,0.9990881379496049,0.9989457974888812,0.997195733186245,0.9966172168753908,0.9967893269516414,0.9795094058836924,0.9087161766521573,0.8764640377213058,0.7397717243993056,0.9940854624533751
0.311,11.902079919917227,0.9988521753701032,0.9999992493647657,0.9999997900688571,0.9999940572394496,0.9995240063398622,0.9990844980094531,0.9991201532468765,0.9990988195060307,0.9989578956160925,0.9972233663846961,0.9966495403715238,0.9968203188915525,0.9796436616200975,0.9090859963828265,0.8769031129450284,0.7403668554403873,0.9941105394748357
0.312,11.92184766446281,0.9988651243782027,0.9999992668138545,0.9999997953788085,0.9999941752345026,0.9995300521707342,0.9990951535792212,0.9991304557435666,0.9991093429560206,0.998969817537526,0.9972506416855476,0.9966814546544611,0.9968509154942577,0.9797766188654294,0.9094531630705058,0.877339256305779,0.7409587623029613,0.9941353871277699
0.313,11.941554240123775,0.9988778873326578,0.9999992838048904,0.9999998005385761,0.9999942905304128,0.9995360026371498,0.9991056522487861,0.9991406058296457,0.9991197110778154,0.9989815663068351,0.9972775647032436,0.9967129660243029,0.9968811228842732,0.9799082936026952,0.9098177022916148,0.87777249446077,0.7415474697475128,0.9941600084297317
0.314,11.961199930381051,0.9988904674205648,0.999999300351189,0.9999998055528305,0.9999944031965017,0.9995418595079221,0.9991159967629902,0.9991506061817085,0.9991299265935832,0.9989931449167988,0.9973041409497035,0.9967440806679271,0.996910947075469,0.9800387015784485,0.9101796393160916,0.8782028537635336,0.7421330022896986,0.994184406347475
0.315,11.980785016966582,0.9989028677661274,0.999999316465643,0.9999998104260844,0.9999945133001256,0.999547624514426,0.9991261898114842,0.9991604594223569,0.9991399921706917,0.9990045563006881,0.9973303758364482,0.9967748046613052,0.9969403939733428,0.9801678583068607,0.9105389991117705,0.8786303602680698,0.7427153842033158,0.9942085837979755
0.316,12.000309779876796,0.9989150914320559,0.9999993321607367,0.9999998151626988,0.9999946209067364,0.9995532993514863,0.9991362340299756,0.9991701681214253,0.999149910422949,0.9990158033335979,0.9973562746766774,0.9968051439717666,0.9969694693772412,0.9802957790737086,0.9108958063486889,0.8790550397329292,0.7432946395232262,0.9942325436494353
0.317,12.019774497385956,0.9989271414209313,0.9999993474485602,0.9999998197668877,0.9999947260799402,0.9995588856782402,0.999146132001447,0.9991797347971747,0.9991596839118131,0.9990268888337462,0.9973818426872991,0.9968351044602097,0.9969981789825305,0.9804224789402872,0.9112500854033225,0.8794769176252296,0.7438707920482412,0.99425628872226
0.318,12.039179446059366,0.9989390206765361,0.9999993623408227,0.9999998242427238,0.9999948288815542,0.9995643851189789,0.9991558862573426,0.9991891619174568,0.9991693151475716,0.9990378155637416,0.9974070849909125,0.9968646918832634,0.9970265283827178,0.9805479727472454,0.9116018603627489,0.8798960191246094,0.7444438653439632,0.9942798217900145
0.319,12.058524900766479,0.9989507320851523,0.9999993768488652,0.9999998285941443,0.9999949293716618,0.9995697992639663,0.9991654992787259,0.9991984519008493,0.999178806590491,0.999048586231818,0.997432006617744,0.9968939118953993,0.9970545230715231,0.9806722751183454,0.9119511550287452,0.8803123691271187,0.7450138827455868,0.9943031455803564
0.32,12.077811134693878,0.9989622784768283,0.9999993909836737,0.9999998328249543,0.9999950276086648,0.9995751296702372,0.9991749734974081,0.9992076071177626,0.9991881606519382,0.9990592034930403,0.9974566125075413,0.996922770050996,0.9970821684449048,0.9807954004641517,0.9122979929218156,0.8807259922490488,0.7455808673606592,0.9943262627759477
0.321,12.097038419358125,0.9989736626266132,0.9999994047558907,0.9999998369388331,0.9999951236493356,0.9995803778623745,0.9991843112970491,0.9992166298915186,0.9991973796954742,0.9990696699504803,0.9974809075114209,0.9969512718063566,0.9971094698030396,0.9809173629856467,0.9126423972851546,0.8811369128307007,0.7461448420718035,0.9943491760153483
0.322,12.116207024618515,0.998984887255763,0.9999994181758268,0.9999998409393376,0.9999952175488666,0.9995855453332663,0.9991935150142303,0.9992255224994038,0.9992064660379197,0.9990799881563627,0.9975048963936766,0.9969794225216808,0.9971364323522562,0.9810381766777772,0.912984391088545,0.881545154940095,0.7467058295393997,0.9943718878938848
0.323,12.135317218689691,0.9989959550329155,0.9999994312534723,0.999999844829907,0.9999953093609177,0.9995906335448435,0.9992025869395015,0.9992342871736951,0.9992154219503958,0.999090160613184,0.9975285838335439,0.9970072274629929,0.9971630612069273,0.9811578553329325,0.9133239970321915,0.8819507423766233,0.7472638522042304,0.9943944009645013
0.324,12.15436926815416,0.9990068685752383,0.9999994439985076,0.9999998486138674,0.9999953991376637,0.9995956439287985,0.9992115293184023,0.999242926102661,0.9992242496593376,0.9991001897748045,0.997551974426927,0.9970346918040254,0.9971893613913165,0.9812764125443558,0.9136612375504924,0.8823536986746424,0.7478189322900883,0.9944167177385929
0.325,12.173363437974684,0.9990176304495483,0.9999994564203137,0.999999852294435,0.9999954869298378,0.9996005778872858,0.9992203443524571,0.9992514414315377,0.9992329513474839,0.9991100780475122,0.9975750726880844,0.9970618206280625,0.9972153378413862,0.9813938617094896,0.9139961348157509,0.8827540471070136,0.7483710918063462,0.9944388406868168
0.326,12.192299991506573,0.9990282431734033,0.9999994685279824,0.999999855874721,0.9999955727867762,0.999605436793604,0.9992290342001473,0.9992598352634816,0.999241529154842,0.999119827791062,0.9975978830512778,0.9970886189297397,0.9972409954065631,0.9815102160332577,0.9143287107418235,0.8831518106885833,0.7489203525504906,0.9944607722398884
0.327,12.211179190509844,0.9990387092161693,0.9999994803303255,0.9999998593577343,0.9999956567564597,0.9996102219928609,0.9992376009778583,0.9992681096604983,0.9992499851796295,0.9991294413196902,0.9976204098723835,0.9971150916168057,0.9972663388514651,0.981625488531284,0.9146589869877129,0.8835470121796151,0.7494667361106215,0.994482514789356
0.328,12.23000129516129,0.9990490310000605,0.9999994918358848,0.9999998627463857,0.9999957388855543,0.9996149348026214,0.9992460467608045,0.9992762666443482,0.9992583214791924,0.9991389209031024,0.9976426574304667,0.9971412435118437,0.9972913728575894,0.9817396920330504,0.9149869849610999,0.8839396740891632,0.7500102638679139,0.9945040706883621
0.329,12.248766564066432,0.9990592109011547,0.9999995030529404,0.9999998660434918,0.9999958192194504,0.9996195765135396,0.9992543735839309,0.9992843081974312,0.999266540070901,0.9991482687674402,0.9976646299293218,0.9971670793539551,0.997316102024963,0.9818528391849952,0.9153127258218205,0.8843298186783966,0.7505509569990488,0.9945254422523835
0.33,12.267475254271357,0.9990692512503848,0.9999995139895199,0.9999998692517768,0.9999958978023009,0.9996241483899736,0.9992625834427928,0.9992922362636489,0.9992746429330248,0.9991574870962227,0.9976863314989772,0.9971926038004056,0.9973405308737565,0.9819649424535508,0.9156362304852856,0.8847174679638719,0.7510888364786071,0.9945466317599574
0.331,12.28612762127446,0.9990791543345064,0.9999995246534064,0.9999998723738773,0.9999959746770585,0.9996286516705866,0.9992706782944157,0.9993000527492463,0.9992826320055851,0.9991665780312657,0.9977077661971671,0.9972178214282356,0.9973646638458624,0.9820760141281266,0.9159575196258471,0.8851026437207543,0.7516239230814307,0.9945676414533928
0.332,12.304723919038077,0.9990889223970425,0.9999995350521466,0.9999998754123446,0.9999960498855107,0.9996330875689308,0.9992786600581317,0.9993077595236328,0.9992905091911871,0.9991755436735807,0.9977289380107696,0.9972427367358335,0.9973885053064381,0.9821860663240337,0.9162766136801094,0.8854853674859907,0.7521562373849519,0.9945884735394607
0.333,12.3232644,0.9990985576392051,0.9999995451930586,0.9999998783696479,0.9999961234683146,0.9996374572740182,0.9992865306163984,0.9993153584201837,0.9992982763558332,0.9991843860842493,0.9977498508572138,0.9972673541444773,0.997412059545415,0.9822951109853553,0.9165935328501883,0.8858656605614328,0.7526857997714902,0.9946091301900761
0.334,12.341749315084915,0.9991080622207964,0.9999995550832398,0.9999998812481767,0.9999961954650303,0.9996417619508765,0.9992942918155963,0.999322851237022,0.999305935329715,0.9991931072852794,0.9977705085858555,0.9972916779998392,0.9974353307789751,0.9824031598877632,0.916908297106918,0.8862435440169134,0.7532126304305163,0.994629613542958
0.335,12.360178913715709,0.9991174382610869,0.9999995647295734,0.9999998840502443,0.999996265914153,0.999646002741091,0.9993019454668076,0.999330239737782,0.9993134879079874,0.9992017092604403,0.9977909149793218,0.9973157125734599,0.9974583231509934,0.9825102246412812,0.9172209261930078,0.886619038693275,0.7537367493608855,0.9946499257022795
0.336,12.3785534438247,0.9991266878396743,0.999999574138736,0.99999988677809,0.9999963348531447,0.9996501807633331,0.9993094933465771,0.9993375256523533,0.9993209358515234,0.999210193956077,0.9978110737548268,0.9973394620641884,0.997481040734451,0.9826163166929974,0.9175314396261471,0.8869921652053533,0.7542581763730413,0.9946700687393042
0.337,12.396873151864744,0.9991358129973213,0.9999995833172037,0.9999998894338815,0.9999964023184641,0.9996542971138758,0.9993169371976537,0.9993447106776087,0.9993282808876521,0.9992185632819066,0.9978309885654574,0.9973629305995932,0.9975034875328157,0.9827214473297256,0.9178398567020634,0.887362943944914,0.7547769310911866,0.9946900446930026
0.338,12.415138282820259,0.9991448157367744,0.9999995922712595,0.9999998920197178,0.9999964683455961,0.9996583528670957,0.9993242787297145,0.9993517964781133,0.9993355247108775,0.9992268191117956,0.997850663001432,0.9973861222373402,0.9975256674813928,0.9828256276806167,0.9181461964975304,0.8877313950835468,0.7552930329554267,0.9947098555706634
0.339,12.433349080218147,0.9991536980235622,0.9999996010069985,0.9999998945376312,0.9999965329690802,0.9996623490759639,0.9993315196200726,0.9993587846868175,0.999342668983581,0.9992349632845176,0.9978701005913307,0.9974090409665424,0.9975475844486471,0.9829288687197226,0.9184504778733297,0.8880975385755134,0.7558065012238834,0.9947295033484843
0.34,12.451505786138613,0.9991624617867775,0.9999996095303351,0.9999998969895896,0.9999965962225382,0.999666286772523,0.9993386615143669,0.9993656769057327,0.999349715336708,0.9992429976044955,0.9978893048032991,0.9974316907090797,0.9975692422374955,0.9830311812685124,0.9187527194771656,0.8884613941605548,0.7563173549747783,0.9947489899721548
0.341,12.469608641225904,0.9991711089198381,0.9999996178470076,0.9999998993774989,0.9999966581387005,0.9996701669683545,0.9993457060272364,0.9993724747065926,0.9993566653704364,0.9992509238425245,0.9979082790462249,0.9974540753208905,0.9975906445865723,0.9831325759983411,0.9190529397465348,0.888822981366655,0.7568256131084894,0.9947683173574234
0.342,12.487657884698914,0.9991796412812328,0.9999996259625851,0.9999999017032052,0.9999967187494321,0.9996739906550322,0.9993526547429784,0.9993791796314965,0.999363520654831,0.9992587437364783,0.9979270266708906,0.9974761985932358,0.9976117951714665,0.9832330634328743,0.91935115691155,0.8891823195127635,0.75733129434958,0.9947874873906547
0.343,12.505653754361756,0.9991880606952481,0.9999996338824718,0.9999999039684963,0.9999967780857575,0.9996777588045663,0.9993595092161907,0.9993857931935393,0.9993702827304816,0.9992664589919998,0.9979455509710995,0.9974980642539354,0.997632697605933,0.9833326539504673,0.9196473889977206,0.8895394277114769,0.7578344172487983,0.9948065019293729
0.344,12.523596486614172,0.9991963689526786,0.9999996416119133,0.9999999061751043,0.9999968361778853,0.9996814723698364,0.999366270972399,0.9993923168774262,0.9993769531091263,0.9992740712831756,0.9979638551847778,0.9975196759685786,0.9976533554430773,0.9834313577865006,0.9199416538286901,0.8898943248716805,0.7583350001850515,0.994825362802794
0.345,12.541486316461917,0.999204567811522,0.9999996491560007,0.999999908324707,0.999996893055231,0.9996851322850132,0.9993729415086707,0.9993987521400725,0.9993835332742607,0.9992815822531932,0.9979819424950535,0.997541037341708,0.9976737721765154,0.9835291850356731,0.9202339690289298,0.8902470297011508,0.7588330613673527,0.9948440718123476
0.346,12.559323477526986,0.9992126589976563,0.9999996565196763,0.99999991041893,0.9999969487464403,0.9996887394659701,0.9993795222942119,0.9994051004111894,0.9993900246817311,0.9992889935149856,0.9979998160313112,0.9975621519179788,0.9976939512415083,0.9836261456542535,0.9205243520263933,0.8905975607091186,0.7593286188367427,0.9948626307321875
0.347,12.577108202057817,0.9992206442055033,0.9999996637077376,0.9999999124593485,0.9999970032794109,0.9996922948106856,0.9993860147709528,0.9994113630938568,0.9993964287603168,0.9992963066518583,0.9980174788702243,0.9975830231832932,0.997713896016072,0.9837222494622899,0.9208128200551257,0.8909459362087939,0.7598216904681832,0.9948810413096882
0.348,12.594840720939333,0.9992285250986749,0.9999996707248429,0.9999999144474887,0.9999970566813139,0.9996957991996348,0.9993924203541183,0.9994175415650821,0.9994027469122956,0.9993035232181045,0.9980349340367659,0.9976036545659112,0.9977336098220653,0.9838175061457797,0.9210993901578376,0.891292174319855,0.760312293972428,0.9948993052659366
0.349,12.61252126370298,0.999236303310607,0.9999996775755146,0.9999999163848297,0.9999971089786144,0.9996992534961722,0.9993987404327856,0.9994236371763456,0.9994089805139987,0.9993106447396036,0.9980521845051967,0.9976240494375364,0.9977530959262529,0.9839119252588003,0.9213840791884357,0.8916362929708983,0.7608004468978675,0.9949174242962079
0.35,12.630150058536586,0.9992439804451766,0.999999684264144,0.999999918272805,0.9999971601970917,0.999702658546905,0.9994049763704288,0.9994296512541347,0.9994151309163511,0.999317672714408,0.9980692332000328,0.9976442111143813,0.9977723575413467,0.9840055162256011,0.9216669038145163,0.8919783099018541,0.7612861666323483,0.9949354000704344
0.351,12.647727332294204,0.9992515580773065,0.9999996907949956,0.9999999201128038,0.9999972103618585,0.9997060151820574,0.9994111295054512,0.9994355851004639,0.9994211994454008,0.9993246086133151,0.9980860829969924,0.9976641428582076,0.9977913978270251,0.9840982883426574,0.92194788051982,0.8923182426663654,0.7617694704049686,0.9949532342336644
0.352,12.665253310505834,0.9992590377535553,0.9999996971722108,0.9999999219061732,0.99999725949738,0.9997093242158261,0.9994172011517047,0.9994414399933841,0.9994271874028339,0.9993314538804271,0.9981027367239225,0.9976838478773464,0.9978102198909303,0.9841902507806881,0.9222270256066492,0.8926561086341326,0.762250375287852,0.9949709284065109
0.353,12.682728217387082,0.9992664209926945,0.9999997033998118,0.9999999236542183,0.9999973076274922,0.9997125864467274,0.9994231925989981,0.9994472171874796,0.9994330960664806,0.9993382099336976,0.9981191971617058,0.9977033293276965,0.9978288267896455,0.9842814125866358,0.9225043551982478,0.8929919249932229,0.7627288981978937,0.9949884841855878
0.354,12.700152275848689,0.9992737092862727,0.9999997094817051,0.999999925358205,0.999997354775419,0.9997158026579358,0.9994291051135932,0.999452917914354,0.9994389266908067,0.9993448781654658,0.9981354670451489,0.9977225903137011,0.9978472215296503,0.9843717826856128,0.922779885241147,0.8933257087523474,0.763205055898488,0.9950059031439453
0.355,12.717525707506054,0.9992809040991663,0.9999997154216859,0.9999999270193606,0.9999974009637902,0.9997189736176147,0.9994349399386889,0.999458543383104,0.9994446805073959,0.9993514599429787,0.9981515490638503,0.9977416338893055,0.9978654070682578,0.9844613698828113,0.9230536315074718,0.8936574767431034,0.7636788650012294,0.9950231868314863
0.356,12.734848732688587,0.9992880068701187,0.9999997212234404,0.9999999286388745,0.9999974462146576,0.9997221000792393,0.9994406982948961,0.9994640947807841,0.9994503587254202,0.9993579566089015,0.9981674458630523,0.9977604630588934,0.99788338631453,0.9845501828653799,0.9233256095972165,0.8939872456221848,0.7641503419675946,0.995040336775382
0.357,12.752121570449058,0.9992950190122668,0.9999997268905501,0.9999999302179009,0.9999974905495115,0.9997251827819116,0.9994463813806997,0.9994695732728585,0.9994559625320993,0.9993643694818161,0.9981831600444729,0.997779080778205,0.9979011621301758,0.9846382302042668,0.9235958349404826,0.8943150318735598,0.7646195031105982,0.9950573544804725
0.358,12.769344438572805,0.9993019419136561,0.9999997324264945,0.9999999317575585,0.9999975339892957,0.9997282224506677,0.9994519903729114,0.9994749800036445,0.9994614930931504,0.999370699856709,0.9981986941671215,0.997797489955235,0.9979187373304295,0.9847255203560294,0.9238643227996848,0.8946408518106185,0.7650863645964321,0.995074241429666
0.359,12.786517553586906,0.9993087769377439,0.9999997378346549,0.9999999332589325,0.9999975765544237,0.9997312197967786,0.9994575264271116,0.9994803160967453,0.9994669515532268,0.9993769490054479,0.9982140507480968,0.9978156934511124,0.9979361146849114,0.9848120616646131,0.9241310882717231,0.894964721578287,0.7655509424460781,0.9950909990843241
0.36,12.803641130769229,0.9993155254238915,0.9999997431183164,0.9999999347230757,0.9999976182647924,0.9997341755180433,0.9994629906780819,0.9994855826554718,0.999472339036348,0.9993831181772473,0.9982292322633687,0.997833694080963,0.9979532969184702,0.9848978623630974,0.9243961462901222,0.8952866571551134,0.7660132525369034,0.9951076288846405
0.361,12.820715384157467,0.9993221886878455,0.999999748280672,0.9999999361510088,0.9999976591397969,0.9997370902990749,0.9994683842402267,0.9994907807632573,0.9994776566463179,0.9993892085991242,0.998244241148543,0.9978514946147524,0.9979702867120085,0.9849829305754119,0.924659511627139,0.8956066743553214,0.7664733106042336,0.9951241322500153
0.362,12.837740526558004,0.9993287680222083,0.9999997533248242,0.9999999375437223,0.9999976991983445,0.9997399648115806,0.9994737082079869,0.9994959114840598,0.9994829054671356,0.9993952214763433,0.9982590797996114,0.9978690977781133,0.9979870867032903,0.9850672743180215,0.9249211988958387,0.8959247888308371,0.766931132242905,0.9951405105794163
0.363,12.854716769554813,0.9993352646968979,0.999999758253789,0.9999999389021771,0.9999977384588675,0.9997427997146343,0.9994789636562427,0.999500975862758,0.999488086563396,0.9994011579928523,0.9982737505736846,0.9978865062531547,0.9980036994877332,0.9851509015015828,0.9251812225521395,0.8962410160732837,0.7673867329087977,0.9951567652517374
0.364,12.871644323518161,0.9993416799595987,0.9999997630704976,0.9999999402273053,0.9999977769393372,0.9997455956549439,0.9994841516407086,0.9995059749255366,0.9994932009806815,0.9994070193117078,0.9982882557897111,0.9979037226792552,0.998020127619183,0.9852338199325702,0.9254395968968272,0.8965553714159497,0.7678401279203485,0.995172897626147
0.365,12.888523397613367,0.9993480150362001,0.9999997677777995,0.9999999415200117,0.9999978146572756,0.999748353267111,0.9994892731983184,0.9995109096802636,0.999498249745945,0.9994128065754916,0.998302597729181,0.9979207496538401,0.9980363736106739,0.9853160373148749,0.9256963360775395,0.8968678700357283,0.7682913324600443,0.9951889090424316
0.366,12.90535419980934,0.9993542711312282,0.9999997723784647,0.999999942781174,0.999997851629768,0.9997510731738858,0.9994943293476031,0.9995157811168591,0.9995032338678844,0.999418520906717,0.9983167786368146,0.9979375897331421,0.9980524399351713,0.9853975612513749,0.9259514540907212,0.8971785269550292,0.7687403615758965,0.9952048008213308
0.367,12.922136936887197,0.9993604494282659,0.9999997768751863,0.9999999440116439,0.9999978878734753,0.9997537559864155,0.9994993210890586,0.9995205902076562,0.9995081543373084,0.9994241634082282,0.9983308007212381,0.9979542454329469,0.9980683290263012,0.985478399245478,0.9262049647835502,0.8974873570436632,0.769187230182895,0.9952205742648643
0.368,12.938871814448667,0.9993665510903648,0.9999997812705825,0.9999999452122482,0.9999979234046451,0.9997564023044865,0.9995042494055068,0.9995253379077524,0.9995130121274947,0.9994297351635879,0.9983446661556448,0.9979707192293241,0.9980840432790635,0.9855585587026381,0.9264568818558353,0.8977943750206994,0.7696319530644463,0.9952362306566563
0.369,12.955559036924537,0.9993725772604476,0.9999997855671995,0.9999999463837893,0.9999979582391229,0.9997590127167623,0.9995091152624472,0.9995300251553559,0.9995178081945396,0.9994352372374596,0.9983583770784413,0.9979870135593425,0.9980995850505316,0.9856380469318449,0.9267072188618856,0.8980995954562971,0.7700745448737906,0.9952517712622506
0.37,12.972198807582938,0.9993785290617023,0.9999997897675129,0.999999947527046,0.9999979923923633,0.9997615878010147,0.9995139196084029,0.9995346528721211,0.9995225434777009,0.999440670675979,0.9983719355938837,0.9980031308217715,0.9981149566605376,0.9857168711470881,0.9269559892123527,0.8984030327735116,0.7705150201354021,0.9952671973294194
0.371,12.988791328537625,0.9993844075979677,0.9999997938739301,0.9999999486427743,0.9999980258794404,0.9997641281243497,0.9995186633752559,0.9995392219634786,0.9995272188997315,0.999446036507118,0.9983853437726977,0.998019073377768,0.998130160392343,0.9857950384687959,0.9272032061760457,0.8987047012500733,0.7709533932463715,0.9952825100884658
0.372,13.005336800756142,0.9993902139541092,0.9999997978887928,0.9999999497317082,0.9999980587150581,0.9997666342434294,0.9995233474785777,0.9995437333189581,0.9995318353672077,0.9994513357410422,0.9983986036526877,0.9980348435515498,0.998145198493297,0.9858725559252491,0.9274488828817203,0.8990046150201435,0.7713896784777703,0.9952977107525226
0.373,13.021835424067957,0.999395949196389,0.9999998018143781,0.9999999507945605,0.9999980909135597,0.9997691067046873,0.9995279728179516,0.9995481878125024,0.9995363937708486,0.9994565693704578,0.9984117172393333,0.9980504436310559,0.9981600731754804,0.9859494304539708,0.92769303231984,0.8993027880760438,0.7718238899759982,0.995312800517843
0.374,13.038287397172477,0.9994016143728259,0.9999998056529013,0.9999999518320228,0.9999981224889384,0.9997715460445399,0.9995325402772872,0.9995525863027767,0.9995408949858291,0.9994617383709536,0.9984246865063735,0.998065875868592,0.9981747866163377,0.9860256689030912,0.927935667344314,0.8995992342699631,0.7722560417641132,0.9953277805640852
0.375,13.054692917647058,0.999407210513549,0.9999998094065168,0.9999999528447673,0.9999981534548458,0.9997739527895924,0.9995370507251297,0.9995569296334692,0.9995453398720864,0.9994668437013341,0.9984375133963789,0.998081142481465,0.9981893409592956,0.9861012780326911,0.928176800674207,0.8998939673156384,0.7726861477431449,0.9953426520545933
0.376,13.071052181954887,0.9994127386311423,0.999999813077321,0.999999953833446,0.9999981838246014,0.9997763274568408,0.9995415050149606,0.9995612186335863,0.9995497292746193,0.9994718863039459,0.998450199821313,0.9980962456526039,0.9982037383143689,0.9861762645161205,0.9284164448954274,0.9001870007900147,0.7731142216933928,0.9953574161366714
0.377,13.087365385452841,0.9994181997209833,0.999999816667353,0.9999999547986929,0.9999982136112016,0.9997786705538684,0.9995459039854935,0.9995654541177409,0.999554064023781,0.9994768671049967,0.9984627476630819,0.9981111875311681,0.9982179807587561,0.9862506349412957,0.9286546124623877,0.9004783481348789,0.7735402772757044,0.9953720739418529
0.378,13.103632722399247,0.9994235947615738,0.999999820178597,0.999999955741123,0.999998242827328,0.9997809825790387,0.9995502484609616,0.9995696368864346,0.9995583449355657,0.9994817870148679,0.9984751587740721,0.9981259702331445,0.9982320703374206,0.9863243958119737,0.9288913156996432,0.9007680226584738,0.7739643280327416,0.995386626586163
0.379,13.119854385961629,0.9994289247148629,0.9999998236129835,0.9999999566613343,0.999998271485356,0.9997832640216834,0.9995545392514016,0.9995737677263336,0.9995625728118891,0.9994866469284202,0.9984874349776792,0.9981405958419317,0.9982460090636625,0.9863975535490056,0.9291265668035065,0.9010560375370873,0.7743863873902286,0.9954010751703795
0.38,13.136030568224298,0.9994341905265646,0.9999998269723908,0.9999999575599073,0.9999982995973629,0.9997855153622862,0.9995587771529283,0.9995778474105383,0.9995667484408624,0.9994914477252923,0.9984995780688245,0.9981550664089138,0.9982597989196775,0.9864701144915681,0.9293603778436377,0.9013424058166215,0.7748064686581849,0.9954154207802831
0.381,13.15216146019599,0.9994393931264671,0.9999998302586471,0.9999999584374061,0.9999983271751351,0.9997877370726627,0.9995629629480057,0.9995818766988481,0.9995708725970606,0.9994961902701942,0.9985115898144621,0.9981693839540219,0.9982734418571061,0.9865420848983745,0.9295927607646132,0.9016271404141384,0.7752245850321435,0.9954296644869105
0.382,13.168247251817334,0.9994445334287368,0.9999998334735314,0.9999999592943785,0.9999983542301769,0.9997899296161357,0.9995670974057114,0.9995858563380192,0.9995749460417851,0.9995008754131932,0.9985234719540756,0.9981835504662852,0.9982869397975705,0.9866134709488656,0.9298237273874708,0.9019102541193854,0.7756407495943523,0.9954438073467944
0.383,13.184288131968357,0.999449612332215,0.9999998366187752,0.999999960131357,0.9999983807737172,0.9997920934477079,0.999571181281995,0.9995897870620177,0.9995789695233206,0.9995055039899939,0.9985352262001651,0.9981975679043706,0.9983002946332022,0.9866842787443797,0.9300532894112336,0.9021917595962992,0.7760549753149623,0.9954578504022037
0.384,13.200284288475835,0.9994546307207084,0.9999998396960639,0.9999999609488587,0.9999984068167166,0.9997942290142289,0.9995752153199312,0.9995936695922668,0.9995829437771863,0.9995100768222133,0.9985468542387245,0.9982114381971131,0.9983135082271585,0.9867545143093033,0.9302814584144112,0.9024716693844895,0.7764672750532007,0.9954717946813795
0.385,13.21623590812065,0.9994595894632742,0.9999998427070378,0.9999999617473864,0.9999984323698748,0.9997963367545597,0.9995792002499682,0.9995975046378889,0.999586869526382,0.9995145947176486,0.9985583577297087,0.9982251632440338,0.998326582414129,0.9868241835922027,0.9305082458564802,0.9027499959007017,0.776877661558528,0.9954856411987633
0.386,13.23214317664504,0.9994644894144984,0.9999998456532937,0.9999999625274285,0.9999984574436376,0.9997984170997333,0.9995831367901692,0.9996012928959427,0.9995907474816286,0.9995190584705402,0.9985697383074932,0.9982387449158496,0.9983395190008322,0.9868932924669367,0.9307336630793434,0.9030267514402602,0.7772861474717835,0.9954993909552234
0.387,13.248006278759833,0.9994693314147682,0.9999998485363865,0.9999999632894596,0.9999984820482025,0.9998004704731117,0.9995870256464503,0.9996050350516547,0.9995945783416036,0.9995234688618295,0.9985809975813227,0.9982521850549722,0.9983523197665026,0.9869618467337501,0.9309577213087675,0.9033019481784914,0.7776927453263135,0.9955130449382763
0.388,13.26382539815157,0.9994741162905398,0.9999998513578293,0.9999999640339413,0.9999985061935267,0.9998024972905392,0.9995908675128125,0.999608731778646,0.9995983627931717,0.9995278266594096,0.9985921371357521,0.9982654854759968,0.9983649864633679,0.9870298521203493,0.9311804316558026,0.9035755981721276,0.7780974675490886,0.9955266041223042
0.389,13.279600717489618,0.999478844854599,0.9999998541190961,0.9999999647613219,0.9999985298893318,0.9998044979604922,0.9995946630715689,0.9996123837391546,0.9996021015116109,0.9995321326183731,0.9986031585310787,0.9982786479661832,0.9983775208171173,0.9870973142829607,0.9314018051181783,0.9038477133606923,0.7785003264618048,0.9955400694687665
0.39,13.29533241843318,0.9994835179063177,0.9999998568216216,0.9999999654720372,0.9999985531451108,0.9998064728842269,0.9995984129935671,0.9996159915842527,0.9996057951608321,0.9995363874812523,0.9986140633037653,0.9982916742859251,0.9983899245273602,0.9871642388073695,0.9316218525816831,0.9041183055678645,0.7789013342819734,0.9955534419264109
0.391,13.311020681638288,0.9994881362319042,0.9999998594668031,0.9999999661665111,0.9999985759701339,0.9998084224559215,0.9996021179384075,0.9996195559540592,0.9996094443935966,0.9995405919782561,0.9986248529668561,0.9983045661692127,0.9984021992680768,0.9872306312099444,0.9318405848215225,0.9043873865028283,0.779300503123995,0.9955667224314763
0.392,13.326665686764704,0.9994927006046489,0.9999998620560013,0.9999999668451556,0.9999985983734538,0.9998103470628178,0.9996057785546554,0.9996230774779475,0.9996130498517266,0.9995447468275014,0.9986355290103829,0.9983173253240846,0.998414346688059,0.987296496938642,0.9320580125036595,0.9046549677616001,0.7796978450002233,0.995579911907895
0.393,13.34226761248279,0.999497211785164,0.9999998645905412,0.999999967508371,0.999998620363912,0.9998122470853575,0.9996093954800508,0.9996265567747503,0.9996166121663133,0.9995488527352394,0.9986460929017655,0.9983299534330717,0.9984263684113436,0.987361841373997,0.9322741461861339,0.9049210608283409,0.780093371822013,0.9955930112674917
0.394,13.357826636480294,0.9995016705216199,0.9999998670717135,0.9999999681565469,0.9999986419501434,0.9998141228973172,0.9996129693417116,0.9996299944529581,0.9996201319579184,0.9995529103960772,0.9986565460862024,0.9983424521536336,0.9984382660376369,0.9874266698300952,0.932488996320366,0.9051856770766491,0.7804870954007573,0.9956060214101725
0.395,13.373342935469108,0.9995060775499746,0.9999998695007751,0.9999999687900619,0.9999986631405824,0.9998159748659391,0.9996165007563346,0.999633391110915,0.9996236098367742,0.9995569204931954,0.9986668899870548,0.9983548231185841,0.9984500411427308,0.9874909875555303,0.9327025732524395,0.9054488277708369,0.7808790274489117,0.9956189432241206
0.396,13.388816685191955,0.9995104335941999,0.9999998718789508,0.9999999694092843,0.9999986839434672,0.99981780335206,0.9996199903303905,0.9996367473370099,0.9996270464029764,0.9995608836985606,0.9986771260062234,0.9983670679365118,0.9984616952789116,0.9875547997343457,0.9329148872243691,0.9057105240671894,0.7812691795810048,0.995631777585979
0.397,13.40424806042903,0.9995147393665027,0.9999998742074331,0.9999999700145722,0.9999987043668456,0.9998196087102366,0.999623438660316,0.9996400637098636,0.9996304422466752,0.9995648006731331,0.9986872555245171,0.9983791881921892,0.9984732299753603,0.9876181114869594,0.933125948375347,0.905970777015206,0.781657563314639,0.9956445253610343
0.398,13.419637235004556,0.9995189955675412,0.9999998764873842,0.9999999706062739,0.9999987244185791,0.9998213912888686,0.9996268463327013,0.9996433407985117,0.9996337979482617,0.9995686720670722,0.9986972799020158,0.9983911854469775,0.9984846467385455,0.9876809278710766,0.9333357667429758,0.9062295975588265,0.782044190071477,0.9956571874033979
0.399,13.434984381793356,0.9995232028866369,0.9999998787199361,0.999999971184728,0.9999987441063481,0.9998231514303191,0.999630213924474,0.9996465791625847,0.9996371140785498,0.9995724985199343,0.9987072004784247,0.9984030612392211,0.9984959470526089,0.987743253882584,0.9335443522644814,0.9064869965376396,0.7824290711782167,0.99566976455618
0.4,13.450289672727271,0.9995273620019826,0.999999880906192,0.9999999717502643,0.9999987634376566,0.9998248894710318,0.9996335420030794,0.9996497793524834,0.9996403911989552,0.99957628066087,0.9987170185734231,0.9984148170846356,0.9985071323797438,0.9878050944564317,0.9337517147779109,0.9067429846880763,0.7828122178675558,0.995682257651664
