Beta,R_0,R1,R2,R3,R4,R5,R6,R7,R8,R9,R10,R11,R12,R13,R14,R15,R16,R_all
0.0,0.0,0.0,0.0,0.0,0.0,0.0,0.0,0.0,0.0,0.0,0.0,0.0,0.0,0.0,0.0,0.0,0.0,0.0
0.001,0.047120713459621134,0.0,0.0,0.0,0.0,0.0,0.0,0.0,0.0,0.0,0.0,0.0,0.0,0.0,0.0,0.0,0.0,0.0
0.002,0.09396038886679921,0.0,0.0,0.0,0.0,0.0,0.0,0.0,0.0,0.0,0.0,0.0,0.0,0.0,0.0,0.0,0.0,0.0
0.003,0.14052153300297324,0.0,0.0,0.0,0.0,0.0,0.0,0.0,0.0,0.0,0.0,0.0,0.0,0.0,0.0,0.0,0.0,0.0
0.004,0.1868066229249012,0.0,0.0,0.0,1.2212453270876722e-15,0.0,0.0,0.0,0.0,0.0,0.0,0.0,0.0,0.0,0.0,0.0,0.0,8.04555418917549e-17
0.005,0.23281810640394088,0.0,0.0,0.0,0.0,0.0,0.0,0.0,0.0,0.0,0.0,0.0,0.0,0.0,0.0,0.0,0.0,0.0
0.006,0.27855840235756385,0.0,0.0,0.0,0.0,0.0,0.0,0.0,0.0,0.0,0.0,0.0,0.0,0.0,0.0,0.0,0.0,0.0
0.007,0.32402990127326153,0.0,0.0,0.0,0.0,0.0,0.0,0.0,0.0,0.0,0.0,0.0,0.0,0.0,0.0,0.0,0.0,0.0
0.008,0.36923496562499997,0.0,0.0,0.0,0.0,0.0,0.0,0.0,0.0,0.0,0.0,0.0,0.0,0.0,0.0,0.0,0.0,0.0
0.009,0.4141759302823758,0.0,0.0,0.0,0.0,0.0,0.0,0.0,0.0,0.0,0.0,0.0,0.0,0.0,0.0,0.0,0.0,0.0
0.01,0.4588551029126213,0.0,0.0,0.0,0.0,0.0,0.0,0.0,0.0,0.0,0.0,0.0,0.0,0.0,0.0,0.0,0.0,0.0
0.011,0.503274764375605,0.0,0.0,0.0,0.0,0.0,0.0,0.0,0.0,0.0,0.0,0.0,0.0,0.0,0.0,0.0,0.0,0.0
0.012,0.547437169111969,8.881784197001252e-16,1.3322676295501878e-15,2.1094237467877974e-15,3.6637359812630166e-15,1.7763568394002505e-15,1.6653345369377348e-15,1.7763568394002505e-15,1.887379141862766e-15,1.6653345369377348e-15,1.5543122344752192e-15,1.2212453270876722e-15,1.1102230246251565e-15,3.3306690738754696e-16,0.0,0.0,0.0,1.3463657922910627e-15
0.013,0.5913445455245429,1.7763568394002505e-15,2.7755575615628914e-15,3.885780586188048e-15,6.106226635438361e-15,3.4416913763379853e-15,3.1086244689504383e-15,3.1086244689504383e-15,3.219646771412954e-15,3.219646771412954e-15,2.886579864025407e-15,2.6645352591003757e-15,2.1094237467877974e-15,1.2212453270876722e-15,5.551115123125783e-16,5.551115123125783e-16,1.1102230246251565e-16,2.5939581129252753e-15
0.014,0.634999096353167,0.0,0.0,0.0,1.2212453270876722e-15,0.0,0.0,0.0,0.0,0.0,0.0,0.0,0.0,0.0,0.0,0.0,0.0,8.04555418917549e-17
0.015,0.6784029990430621,0.0,0.0,2.220446049250313e-16,1.2212453270876722e-15,2.220446049250313e-16,1.1102230246251565e-16,1.1102230246251565e-16,1.1102230246251565e-16,1.1102230246251565e-16,1.1102230246251565e-16,1.1102230246251565e-16,1.1102230246251565e-16,0.0,0.0,0.0,0.0,1.5907992344461654e-16
0.016,0.7215584061068702,2.1094237467877974e-15,3.3306690738754696e-15,5.218048215738236e-15,7.549516567451064e-15,3.774758283725532e-15,3.4416913763379853e-15,3.3306690738754696e-15,3.4416913763379853e-15,3.6637359812630166e-15,3.3306690738754696e-15,3.1086244689504383e-15,2.220446049250313e-15,1.4432899320127035e-15,8.881784197001252e-16,6.661338147750939e-16,2.220446049250313e-16,3.033721191062039e-15
0.017,0.7644674454804947,9.992007221626409e-16,1.4432899320127035e-15,3.1086244689504383e-15,3.885780586188048e-15,1.887379141862766e-15,1.6653345369377348e-15,1.7763568394002505e-15,1.9984014443252818e-15,1.7763568394002505e-15,1.5543122344752192e-15,1.3322676295501878e-15,1.2212453270876722e-15,3.3306690738754696e-16,0.0,0.0,0.0,1.4714142339843647e-15
0.018,0.8071322208728652,1.7763568394002505e-15,3.1086244689504383e-15,4.9960036108132044e-15,7.549516567451064e-15,3.6637359812630166e-15,3.3306690738754696e-15,3.1086244689504383e-15,3.4416913763379853e-15,3.552713678800501e-15,3.219646771412954e-15,2.886579864025407e-15,1.9984014443252818e-15,1.3322676295501878e-15,7.771561172376096e-16,6.661338147750939e-16,2.220446049250313e-16,2.903355287180654e-15
0.019,0.8495548121097445,1.7763568394002505e-15,3.1086244689504383e-15,4.9960036108132044e-15,7.549516567451064e-15,3.6637359812630166e-15,3.3306690738754696e-15,3.1086244689504383e-15,3.4416913763379853e-15,3.552713678800501e-15,3.219646771412954e-15,2.886579864025407e-15,1.9984014443252818e-15,1.3322676295501878e-15,7.771561172376096e-16,5.551115123125783e-16,2.220446049250313e-16,2.898361212727621e-15
0.02,0.8917372754716981,7.438494264988549e-15,1.2101430968414206e-14,2.1094237467877974e-14,3.275157922644212e-14,1.532107773982716e-14,1.3322676295501878e-14,1.2434497875801753e-14,1.3655743202889425e-14,1.4099832412739488e-14,1.3211653993039363e-14,1.176836406102666e-14,8.43769498715119e-15,4.440892098500626e-15,3.552713678800501e-15,2.6645352591003757e-15,2.1094237467877974e-15,1.1999062666241858e-14
0.021,0.9336816440263406,4.6629367034256575e-15,8.104628079763643e-15,1.3655743202889425e-14,2.1649348980190553e-14,9.992007221626409e-15,8.659739592076221e-15,8.104628079763643e-15,8.770761894538737e-15,9.103828801926284e-15,8.43769498715119e-15,7.438494264988549e-15,5.551115123125783e-15,3.1086244689504383e-15,2.220446049250313e-15,1.7763568394002505e-15,1.2212453270876722e-15,7.798926162265597e-15
0.022,0.9753899279549718,2.567945855957987e-13,4.384270724244743e-13,8.000267115448878e-13,1.2865264409356314e-12,5.698774785400929e-13,4.812816811750054e-13,4.509725926027386e-13,5.002664948960955e-13,5.198064201294983e-13,4.829470157119431e-13,4.3021142204224816e-13,3.1041835768519377e-13,1.6786572132332367e-13,1.13464793116691e-13,9.514611321037592e-14,7.505107646466058e-14,4.448886619670662e-13
0.023,1.0168641148737139,0.010552500518341668,0.017921349709075107,0.03216656940288187,0.05066608077917878,0.0230461643889871,0.019637420391345972,0.018433614242915675,0.020397841778829306,0.021141878626859345,0.019630415303500515,0.017519124468057812,0.01269709889231685,0.006889565903429262,0.004664701013538997,0.003896678809793497,0.0030771337688068057,0.017993652811521058
0.024,1.0581061701492536,0.03737451457455754,0.06262211194897604,0.10758601109245192,0.16180970104836723,0.07841726518779257,0.06817841087411791,0.06431010576788221,0.07073309288125817,0.07288672016920139,0.06756587736737751,0.06067785361864375,0.04441303622845072,0.024353604042850252,0.01657045300364446,0.013783127833887132,0.010845162268541375,0.06127983694003938
0.025,1.0991180372093023,0.0650262441369781,0.1074624880892403,0.17746962239050978,0.25665170092811274,0.13158488095069487,0.11637874454275365,0.11023246621488492,0.1205794624457831,0.12364530622817227,0.11453167581354895,0.10343845240431071,0.07643653633273573,0.04235521103647544,0.028954479038118652,0.02400342872709338,0.01882739709895942,0.10296999472407195
0.026,1.1399016378478664,0.09302024673855269,0.15161785980264553,0.2416360267022195,0.33793130177890796,0.18214977006083932,0.1634637447787457,0.1553893918138366,0.16913280182926693,0.1727245557324676,0.15997729443815933,0.1452243102125278,0.10830337282111724,0.06064038740940403,0.04164202496495506,0.03443200388362,0.02693266050622989,0.1427876520900431
0.027,1.1804588725254392,0.12097977398342485,0.19451541238185865,0.3002271998971554,0.4079255606925424,0.22990421433954544,0.20890130996359357,0.1992113611496411,0.21585334947075663,0.21968029333306105,0.203548655635863,0.1856422049482902,0.139671288994899,0.0790101086704682,0.054494562825584736,0.04497019710521122,0.03509067515977049,0.18058566564062029
0.028,1.2207916206642067,0.1486249998067215,0.23578428797845996,0.35356434097426204,0.4685053423252965,0.2747812546386773,0.25235632105542805,0.2413268942690574,0.26041150731624885,0.2642609908938496,0.24504424988657347,0.2244451726254999,0.17030008657043882,0.09731355561156996,0.06740545381697582,0.055542660577227454,0.04324878137292487,0.2163132630581749
0.029,1.2609017409383625,0.17575505355821996,0.2752056838553826,0.40205258837152646,0.5211997654478249,0.3168106283250127,0.29364300673339283,0.28151604984609835,0.30263410814840674,0.306355070562531,0.28437396290396966,0.26149594318686464,0.20002969211474264,0.11543932469977192,0.08029423516123302,0.06609294636264929,0.05136831634583294,0.2499866145968766
0.03,1.3007910715596331,0.2022307038641037,0.312670508133128,0.4461228678149234,0.5672575249392013,0.35608451715277545,0.33268350024328797,0.31966960241084164,0.3424590572694044,0.34594786563728064,0.32152533710529396,0.2967360764635758,0.22876048074964905,0.13330697081916998,0.0931011027689489,0.07657937602664755,0.05942137056055741,0.28166564346639295
0.031,1.3404614305580969,0.22795958170548103,0.3481462815107148,0.4861987872259499,0.6077002702143781,0.3927326020342091,0.36947492093780676,0.35575638599975534,0.379900073206076,0.3830889667896772,0.35653786415118616,0.3301618829763454,0.25643722102341404,0.15085979079334633,0.10578219465330707,0.08697157272152545,0.06738813913875552,0.31143698593528163
0.032,1.3799146160583944,0.2528843274831839,0.38165244616640337,0.522679301023266,0.6433669339418108,0.42690467455271963,0.40406457277290786,0.38979851517017416,0.41502058065597136,0.4178685348328387,0.38948423856823033,0.3618064763457475,0.28303662920820605,0.1680590277899512,0.11830579636454286,0.09724770671875138,0.07525486016375582,0.33940202084482096
0.033,1.4191524065514105,0.27697340544331794,0.41324247020178373,0.555930841375715,0.6749496156950081,0.4587589214408043,0.4365318797878327,0.42185319316763303,0.44791498278680675,0.4504006313264195,0.4204570816650023,0.39172677482257756,0.30855800438463854,0.18487936858780274,0.13064938634592593,0.10739237214935848,0.08301225077701191,0.3656687371337124
0.034,1.4581765611615245,0.300214125093499,0.4429911271426856,0.5862849022810042,0.7030222427735986,0.48845427841693756,0.46697553956709326,0.4519996530071745,0.47869553281164856,0.48081175881333116,0.4495597442922714,0.4199942716611287,0.33301630746295663,0.20130550923917012,0.14279737571735007,0.11739497643106456,0.09065433690529767,0.3903463719759413
0.035,1.4969888199095025,0.32260740016686673,0.4709855871229466,0.6140386177944277,0.7280633229763752,0.5161456193345306,0.4955045618208631,0.4803299430034593,0.5074833074286028,0.5092331491154021,0.47690005875059394,0.44668858240499465,0.35643710436299114,0.2173295616420109,0.15473939495151168,0.12724852838384948,0.09817758321674164,0.4135419908807784
0.036,1.535590903971119,0.3441638388604058,0.49731926076308186,0.639456869791859,0.7504739787567833,0.5419808802419657,0.5222321304226281,0.5069425239825165,0.534402120307327,0.5357956948749751,0.5025861823576655,0.47189299826449926,0.37885290010350436,0.23294910479615472,0.16646900023129485,0.13694872928491975,0.10558024775210717,0.43535840162946715
0.037,1.5739845159315933,0.364900838825594,0.5220876068958635,0.6627750742673748,0.7705922592804921,0.5660994814167052,0.5472714849730087,0.5319378919850031,0.5595745123876001,0.560626719416679,0.5267239052786252,0.4956914709212368,0.4003004978122955,0.24816572335754072,0.1779826974939689,0.1464932913648187,0.11286190311463695,0.4558929697502612
0.038,1.6121713400359066,0.3848404344027202,0.5453853300854061,0.6842021658040712,0.788704533000687,0.588631605391531,0.5707332304800766,0.5554156451326221,0.583119193422023,0.5838480109847303,0.5494149732080463,0.5181666102241356,0.42081910775647735,0.26298391192505455,0.18927920538830312,0.1558814261364524,0.12002308067441425,0.475237034082069
0.039,1.650153042435094,0.4040077048908953,0.5673045557167841,0.703923520188818,0.8050545936637672,0.6096980282007194,0.592723647572101,0.5774725721027132,0.6051494881794294,0.6055747174398652,0.5707561070284228,0.5393983940191482,0.44044900320729763,0.2774102530520437,0.20035889750767621,0.16511345935718458,0.12706500560111034,0.4934757148195751
0.04,1.6879312714285715,0.4224296006968197,0.5879336888694493,0.7221036841860107,0.8198509733666272,0.6294102984387674,0.6133436974146236,0.5982014582093824,0.6257724714645942,0.6259148195300781,0.5908384963482082,0.5594633756501715,0.459230574246414,0.291452800084833,0.21122337921204826,0.17419054050830485,0.13398939908155316,0.5106879723332907
0.041,1.7255076577025825,0.440134080779217,0.6073567484814083,0.7388888557230062,0.8332728457356401,0.6478711259776098,0.632688504111862,0.6176903917586694,0.6450885699471745,0.6449689871633788,0.6097476111403538,0.5784342368762247,0.4772036708540134,0.30512061348981845,0.22187516570488997,0.18311442299814584,0.14079833038430167,0.5269468207688653
0.042,1.7628838145648313,0.457149482200523,0.6256530292013089,0.7544090993576621,0.845474816139518,0.6651748882817263,0.6508471610669921,0.6360224159378227,0.6631914754624815,0.6628306836515169,0.6275632231319271,0.5963795783941606,0.49440715609191244,0.31842341246779093,0.23231743652386472,0.19188729746416588,0.14749410604480806,0.5423196319028601
0.043,1.8000613381753765,0.4735040629444216,0.6428969866030357,0.7687803042674392,0.8565908293358165,0.6814081936854082,0.6679027532319306,0.6532754163918173,0.6801682615384681,0.6795864251535227,0.6443595618669546,0.6133638717643539,0.5108786116606954,0.3313713134054004,0.24255384790920176,0.20051166509466112,0.15407918680425214,0.5568684863002937
0.044,1.8370418077738517,0.4892256742136116,0.6591582721414573,0.782105903135093,0.8667373738221587,0.6966504623323232,0.6839325194829518,0.6695221667195821,0.6960996280579481,0.6953161319662755,0.6602055536532189,0.6294475189728028,0.526654153710487,0.3439746339283789,0.2525883891811074,0.20899024123371257,0.16055612538193842,0.570650543549776
0.045,1.8738267859030837,0.5043415295529836,0.6745018660048667,0.794478374992354,0.8760161228965181,0.7109744999041643,0.699008102263607,0.684830477003657,0.71106022226389,0.7100935287525043,0.6751651078869012,0.6446869817817819,0.5417683281230555,0.3562437466571552,0.26242527271259786,0.21732588199322478,0.16692751994655974,0.5837184133809448
0.046,1.910417818629174,0.5188780463806799,0.6889882714723845,0.8059805561632888,0.8845161222374941,0.7244470489717655,0.7131958478530065,0.6992634067951473,0.7251190006685742,0.7239865649819336,0.6892974266263101,0.6591349543202218,0.5562540627349993,0.36818897071803736,0.27206884964641254,0.2255215284109814,0.17319597945865595,0.5961205162714226
0.047,1.946816435758107,0.532860741618651,0.70267374535785,0.8166867826016566,0.8923156105380086,0.7371293092888732,0.7265571320858035,0.7128795155956871,0.7383396078917156,0.7370578366865022,0.7026573212289375,0.6728405603902958,0.5701426599910736,0.379820491998929,0.2815235454107178,0.2335801640373638,0.1793640980174246,0.6079014267409548
0.048,1.9830241510489512,0.5463141676581923,0.715610546918785,0.8266638851219802,0.8994835417166283,0.7490774226417524,0.7391486944499978,0.7257331321551099,0.7507807564768325,0.7493649974175451,0.7152955254032896,0.6858495626698767,0.5834638179191229,0.39114830532662437,0.29079381051159703,0.2415047828323218,0.18543443605463594,0.6191021956049481
0.049,2.019042462423714,0.5592618782867343,0.7278471931500505,0.8359720568453066,0.9060808632398393,0.7603429206683316,0.7510229691984952,0.7378746297956069,0.7624965973373488,0.7609611509616223,0.7272589978770956,0.6982045750437882,0.5962456705468286,0.4021821733799601,0.29988408314763215,0.24929836500008806,0.191409506745006,0.6297606494961093
0.05,2.0548728521739132,0.5717264167413223,0.7394287123172977,0.844665609932144,0.9121615941706276,0.7709731358482912,0.7622284061238067,0.7493506991620038,0.7735370743800066,0.7718952215632491,0.7385912105494148,0.7099452721754993,0.6085148412551411,0.4129315983832579,0.3087987609959414,0.25696385894883034,0.19729176639520374,0.6399116672895757
0.051,2.09051678716392,0.5837293199623056,0.7503968903756505,0.8527936365237374,0.9177737379986065,0.7810115769683604,0.7728097764537296,0.760204612768695,0.7839482595466178,0.7822122995639543,0.7493324198279443,0.7211085924716996,0.6202965043140463,0.4234058035527357,0.31754218012753144,0.26450416798437026,0.20308360786812218,0.649587433909328
0.052,2.125975719031142,0.5952911345595571,0.7607905068913035,0.8604005868395839,0.9229600585632038,0.7904982710097468,0.7828084612783178,0.7704764778127717,0.793772666360956,0.7919539618101978,0.7595199201018529,0.7317289320341791,0.6316144511400561,0.4336137219719097,0.3261185994724731,0.2719221406666944,0.20878735632084577,0.6588176725071883
0.053,2.161251084383089,0.6064314410919881,0.7706455584705444,0.8675267756150334,0.9277587420430131,0.799470073740689,0.7922627212627444,0.7802034751972717,0.803049541316169,0.801158567126131,0.7691882791386778,0.7418383282068547,0.6424911587723835,0.44356399110718914,0.3345321896087903,0.27922056400120576,0.21440526670262205,0.6676298562972022
0.054,2.196344304991394,0.6171688840870487,0.7799954686683677,0.8742088265116778,0.9322039637381805,0.8079609514318069,0.8012079473133975,0.7894200837352129,0.8118151332666452,0.8098615277442038,0.7783695557439942,0.7514666320322329,0.6529478587743858,0.4532649515837248,0.3427870249200703,0.2864021588225989,0.21993952258681226,0.6760494014714414
0.055,2.2312567879828324,0.6275212058552684,0.7888712840162138,0.8804800627840093,0.9363263749792154,0.8160022361168482,0.8096768924714952,0.7981582892111316,0.8201029415221998,0.8180955579445497,0.7870935003713113,0.7606416694180959,0.6630046052928806,0.46272464915507083,0.3508870783756961,0.29346957687197783,0.22539223600822633,0.6840998426688527
0.056,2.2659899260273972,0.6375052826341268,0.7973018562608987,0.8863708513207259,0.9401535227710583,0.8236228567454847,0.8176998856995672,0.8064477784535387,0.8279439436707399,0.8258909013484135,0.7953877395783209,0.7693893911442915,0.6726803413977127,0.47195083904147916,0.35883621834922963,0.3004253991778928,0.23076544805199428,0.6918029924516073
0.057,2.3005450975234845,0.6471371619616754,0.8053140112058523,0.8919089061776947,0.9437102125838511,0.8308495484509372,0.825305028465507,0.8143161188847028,0.835366804341297,0.8332755383945101,0.8032779453376143,0.7777340120561365,0.6819929631122967,0.4809509919979461,0.3666382070159879,0.3072721354371136,0.2360611299976031,0.6991790861872439
0.058,2.3349236667802384,0.6564321004605427,0.8129327047356558,0.8971195568615792,0.9470188229218484,0.8377070420055578,0.8325183751624753,0.8217889242109105,0.8423980662072289,0.8402753755372264,0.8107879902560211,0.7856981399275536,0.6909593807585677,0.48973230161737724,0.3742966999687408,0.3140122241571176,0.24128118486613825,0.7062469136559858
0.059,2.369126984197111,0.6654046014275112,0.8201811667174468,0.9020259858892381,0.9500995788538154,0.8442182353767007,0.8393640984635014,0.8288900070309431,0.849062324551219,0.8469144176679232,0.8179400897585083,0.7933028945570159,0.6995955773959408,0.49830169248628364,0.38181524676699263,0.32064803337381675,0.2464274492531513,0.7130239386118132
0.06,2.403156386440678,0.6740684517882355,0.827081033531101,0.9066494395208359,0.9529707905053498,0.8504043491327851,0.8458646407206232,0.8356415191976818,0.8553823866918192,0.8532149251933043,0.8247549322654563,0.8005680176995912,0.7079166642477817,0.5066658288976098,0.38919729219539245,0.32718186179832764,0.2515016953562842,0.7195264074304724
0.061,2.4370131966187656,0.6824367581025521,0.8336524700008487,0.9110094150287588,0.9556490615433788,0.856285067291383,0.8520408524964906,0.8420640807852451,0.86137941752154,0.8591975571203818,0.8312517983468599,0.8075119744510543,0.7159369330911447,0.5148311238933354,0.3964461780541131,0.3336159402782102,0.25650563312757324,0.725769447882319
0.062,2.470698724451939,0.6905219814020613,0.8399142814960702,0.915123827406452,0.9581494718842979,0.8618786650510406,0.8579121192733301,0.8481768985046643,0.8670730723398616,0.8648815014044705,0.8374486697810632,0.8141520466939353,0.72366990564409,0.5228037484626089,0.40356514534135446,0.33995243348339377,0.2614409124965922,0.7317671589756696
0.063,2.5042142664423883,0.6983359707150916,0.8458840169471025,0.9190091580296263,0.960485738197093,0.8672021247083688,0.8634964773283943,0.8539978743840348,0.8724816180887862,0.8702845937207153,0.8433623293842836,0.8205044191968587,0.7311283800257657,0.5305896407627589,0.4105573367176507,0.34619344174659106,0.2663091256232425,0.7375326927289924
0.064,2.5375611060402687,0.7058899951899632,0.8515780634891301,0.9226805874469987,0.9626703552252786,0.8722712409326117,0.8688107197023148,0.8595437054908561,0.8776220440188749,0.8754234257246307,0.8490084524139077,0.8265842589321147,0.7383244743921029,0.5381945152630665,0.41742579916507405,0.35234100300341686,0.2711118091489476,0.743078328648757
0.065,2.5707405138075314,0.7131947747696603,0.857011733407983,0.9261521141903666,0.9647147204957882,0.8771007164516247,0.8738704931211574,0.8648299754295675,0.8825101627337052,0.8803134437754768,0.8544016902857507,0.8324057881452995,0.7452696678678025,0.5456238717366549,0.42417348677303013,0.35839709478962234,0.2758504464227487,0.7484155416145096
0.066,2.6037537475792987,0.7202605094026834,0.8621993440190676,0.9294366612472134,0.966629244602419,0.8817042490957485,0.8786903866671864,0.8698712382993611,0.8871607024826486,0.8849690390094795,0.8595557472846881,0.8379823516773796,0.7519748389058909,0.5528830040458041,0.43080326359710897,0.3643636362625221,0.28052646968487205,0.753555063803821
0.067,2.6366020526228144,0.7270969067983956,0.8671542910668395,0.9325461716270927,0.9684234489325921,0.8860946110489069,0.8832840129292059,0.874681095748477,0.8915873914973117,0.8894036295687295,0.8644834508902743,0.8433264790052442,0.7584503012113664,0.5599770086815943,0.4373179065492697,0.3702424902213167,0.2851412621951197,0.7585069412270247
0.068,2.66928666179402,0.7337132087523855,0.8718891161886622,0.9354916942706072,0.9701060524382435,0.8902837210687415,0.8876640823019621,0.8792722677128755,0.8958030350967268,0.8936297357164203,0.8691968162846617,0.848449941432772,0.7647058373668287,0.5669107930309452,0.44372010828699837,0.37603546510706043,0.289696160297121,0.7632805853847812
0.069,2.701808795691798,0.7401182160797597,0.8764155689445916,0.9382834613925106,0.9716850488257649,0.8942827103589797,0.8918424710462207,0.8836566573804951,0.8998195862209216,0.897659048499992,0.8737071055596395,0.8533638048314448,0.7707507302965962,0.5736890833536025,0.4500124800765851,0.3817443169678454,0.2941924554123868,0.7678848205101539
0.07,2.7341696628099177,0.7463203122028907,0.8807446638741886,0.9409309582146402,0.9731677753489367,0.898101982706737,0.8958302836670616,0.8878454108778258,0.9036482099919549,0.9015024925605548,0.8780248820929392,0.858078478297974,0.7765937927024478,0.5803164324589528,0.45619755461163336,0.38737075137852717,0.29863139596037713,0.7723279268105976
0.071,2.7663704596867267,0.7523274854458978,0.8848867330032815,0.9434429859268904,0.9745609742268678,0.9017512694343608,0.8996379101178621,0.8918489721336844,0.9072993428458771,0.9051702836294544,0.8821600605210895,0.8626037590666156,0.7822433945994545,0.5867972270782231,0.4622777887726738,0.3929164253073478,0.30301418920250456,0.7766176800836371
0.072,2.798412371052631,0.7581473500916799,0.8888514741878727,0.9458277186126429,0.9758708475712905,0.9052396796589777,0.9032750782912983,0.8956771333360138,0.9107827467281857,0.9086719812006248,0.8861219526968719,0.8669488739859257,0.7877074890748131,0.5931356949319428,0.4682555663175503,0.39838294892414705,0.30734200300936043,0.7807613880426523
0.073,2.8302965699753897,0.7637871662591854,0.8926479956491704,0.9480927547867075,0.9771031065902038,0.9085757463024716,0.9067509022164089,0.8993390813613071,0.9141075587989622,0.9120165368201254,0.8899193099836418,0.8711225178437418,0.7929936363865256,0.5993359114958323,0.474133200495241,0.4037718873467341,0.31161596755146026,0.784765923655625
0.074,2.862024218003273,0.7692538586592091,0.89628485702304,0.9502451641170094,0.9782630157345709,0.9117674682495545,0.9100739263421243,0.9028434405228627,0.9172823370517263,0.9152123383915481,0.893560362206236,0.8751328888001312,0.7981090265124384,0.6054018064707356,0.4799129365781982,0.4090847623234246,0.31583717691457036,0.788637755769657
0.075,2.8935964653061226,0.774554034286658,0.899770107218893,0.9522915298343589,0.9793554323688458,0.9148223490113294,0.913252166252455,0.9061983119533701,0.9203151022118035,0.9182672508574478,0.897052853548609,0.8789877211658709,0.8030605002537385,0.611337169964007,0.48559695431013206,0.4143230538508883,0.32000669064126386,0.7923829772670907
0.076,2.925014450814332,0.7796939991062007,0.90311131935712,0.9542379872762861,0.9803848424723209,0.9177474322157955,0.9162931461265493,0.9094113099092309,0.9232133762453965,0.9211886535822176,0.9004040756615437,0.8826943157436612,0.8078545689906652,0.617145658391056,0.4911873702676931,0.4194882017273278,0.3241255352007515,0.7960073309749197
0.077,2.956279302355808,0.784679773786664,0.9063156230304207,0.9560902589599245,0.9813553928147607,0.920549334214593,0.9192039332277645,0.9124895952583185,0.9259842177792347,0.9239834747305399,0.9036208982194873,0.8862595679305721,0.8124974331819674,0.6228308001066176,0.49668624013562923,0.4245816070416647,0.32819470538933637,0.7995162335275162
0.078,2.9873921367909237,0.7895171085376598,0.909389734112721,0.9578536865343107,0.9822709199949946,0.9232342740665844,0.9219911696795906,0.9154399063894743,0.9286342547024006,0.9266582229073712,0.9067097971435842,0.8896899937631405,0.8169949996936858,0.6283960007758949,0.5020955608959213,0.4296046335999346,0.3322151656640332,0.8029147973632884
0.079,3.0183540601455134,0.7942114970997964,0.9123399823195841,0.9595332599233354,0.983134976683756,0.9258081011331641,0.9246611017624067,0.9182685877606966,0.9311697141963862,0.9292190163000643,0.9096768806880807,0.89299175407089,0.8213528980370787,0.6338445484960187,0.5074172729320655,0.434558609290433,0.33618785141201113,0.8062078510184758
0.08,3.049166167741935,0.7987681899375576,0.9151723367060205,0.9611336439362466,0.9839508553710079,0.9282763204972277,0.9272196069434846,0.9209816162835902,0.9335964504163861,0.9316716095404018,0.9125279135692959,0.8961706768897998,0.8255764955900978,0.63917961867841,0.5126532620502151,0.43944482738945445,0.34011367015857963,0.8093999578656736
0.081,3.0798295443282377,0.8031922066815902,0.9178924292712067,0.9626592025923933,0.9847216098823486,0.9306441163971518,0.9296722188331303,0.923584625724009,0.9359199700260306,0.9340214184837754,0.9152683393000757,0.8992322782742226,0.8296709118716669,0.6444042787025936,0.5178053614192604,0.44426454780963387,0.34399350271645823,0.8124954334306543
0.082,3.110345264205457,0.807488347864764,0.920505576824717,0.964114021380304,0.9854500748980888,0.932916373848709,0.9320241502422042,0.926082929282813,0.9381454557689939,0.9362735430842425,0.917903300877936,0.9021817816339057,0.8336410319331784,0.6495214923518928,0.5228753534322187,0.44901899829302594,0.34782820427904304,0.8154983614084715
0.083,3.1407143913530824,0.8116612059940156,0.9230168012553188,0.9655019276477277,0.9861388836815635,0.9350976986113324,0.9342803145002943,0.928481540506127,0.9402777882439757,0.938432788527539,0.9204376599617944,0.905024135711954,0.837491518927096,0.6545341240412079,0.5278649714914911,0.4537093755511299,0.35161860546034895,0.8184126084885172
0.084,3.1709379795527157,0.8157151759976645,0.9254308483310679,0.9668265092985455,0.986790484199642,0.9371924356403181,0.9364453451793887,0.9307851926612886,0.9423215660342681,0.9405036847691196,0.9228760146601478,0.9077640313097398,0.8412268259083016,0.6594449428468125,0.5327759017206699,0.458336846354091,0.35536551328423194,0.8212418380880274
0.085,3.20101707250996,0.8196544650856421,0.9277522051482415,0.9680911319541222,0.987407153797749,0.9392046861532547,0.9385236143548307,0.9329983567026998,0.944281124329322,0.9424905046107682,0.9252227160426579,0.9104059168557925,0.8448512069198726,0.66425662634777,0.537609784605641,0.4629025485713151,0.3590697121254208,0.8239895230843798
0.086,3.2309527039745625,0.8234831020579064,0.9299851163364842,0.9692989547204298,0.9879910125736227,0.9411383234270237,0.9405192495235357,0.9351252579409295,0.946160552163265,0.9443972804371349,0.9274818834772469,0.9129540129075419,0.8483687274112935,0.6689717642882445,0.5423682165677748,0.4674075921657037,0.36273196460480817,0.8266589576282888
0.087,3.260745897858842,0.8272049460942097,0.9321335991182919,0.9704529446878668,0.9885440355781394,0.9429970074309577,0.9424361492887592,0.9371698915185441,0.9479637083840617,0.9462278197225429,0.9296574188858656,0.9154123256673452,0.85178327403367,0.6735928620695848,0.5470527514719634,0.4718530601436747,0.3663530124413408,0.8292532681125631
0.088,3.2903976683544296,0.8308236950564195,0.934201457312562,0.9715558902778968,0.9890680639575744,0.9447841983920823,0.9442779979110337,0.9391360367871904,0.9496942364568397,0.947985719408487,0.9317530200040072,0.9177846595874571,0.8550985638533445,0.6781223440807098,0.5516649020722555,0.47624000946307643,0.3699335772627642,0.831775423364406
0.089,3.3199090200473558,0.834342893332672,0.936192294364298,0.9726104135392472,0.989564815139355,0.9465031693796532,0.9460482788161306,0.9410272706723183,0.9513555781956924,0.9496743792432657,0.9337721927216986,0.9200746291324187,0.8583181530223452,0.6825625568749191,0.5562061413977679,0.4805694719010384,0.37347436137736834,0.8342282441231799
0.09,3.349280948031496,0.8377659392508607,0.9381095254756101,0.973618981486269,0.9900358921525146,0.9481570179883478,0.9477502871429676,0.9428469801045449,0.9529509865099568,0.9512970141670881,0.9357182625770446,0.9222856697617189,0.8614454449413731,0.6869157722008927,0.5606779040815104,0.4848424548837247,0.3769760485087854,0.836614411860101
0.091,3.3785144380204235,0.8410960920872516,0.9399563889068399,0.974583916563015,0.9904827921644607,0.9497486771923938,0.9493871414071879,0.9445983735899436,0.9544835372434195,0.9528566658186589,0.9375943854673581,0.9244210481904435,0.8644836979484889,0.6911841898952582,0.5650815876346527,0.48905994227988747,0.3804393044957859,0.838936476991391
0.092,3.40761046645768,0.8443364786944138,0.9417359565108764,0.9755074063085191,0.990906914307181,0.9512809254365122,0.9509617943496145,0.9462844919854401,0.9559561401780815,0.9543562132326114,0.9394035576374252,0.9264838719809426,0.8674360325643105,0.6953699406437437,0.5694185536687111,0.4932228951600284,0.38386477795893326,0.8411968665319476
0.093,3.4365700006254882,0.8474900997711499,0.9434511435585035,0.9763915122915403,0.9913095668584976,0.9527563960237838,0.9524770430328585,0.9479082185399429,0.957371549267926,0.9557983827911454,0.941148624999461,0.9284770985142727,0.8703054383223557,0.6994750886175785,0.5736901290680141,0.4973322525228985,0.3872531009358444,0.8433978912325402
0.094,3.4653939987519498,0.8505598357956826,0.945104717907846,0.9772381783765737,0.9916919738372935,0.9541775858553097,0.9539355382439915,0.9494722882567854,0.9587323721625226,0.9571857574877822,0.9428322918347857,0.9304035433862683,0.8730947802111512,0.7035016339914637,0.5778976071147326,0.5013889319909892,0.3906048894867248,0.8455417522398883
0.095,3.494083410116731,0.8535484526420282,0.9466993085666323,0.9780492383771361,0.9920552810657162,0.9555468635718153,0.9553397932563029,0.9509792966284545,0.9600410790752065,0.9585207855562092,0.9444571289231215,0.9322658882695262,0.8758068047528572,0.7074515153491072,0.5820422485686563,0.505393830476588,0.3939207442717634,0.8476305473156412
0.096,3.5226391751552795,0.8564586068982248,0.948237413692032,0.9788264231471435,0.9924005617460727,0.9568664771430517,0.956692191998728,0.9524317077903922,0.9613000110459522,0.9598057885126995,0.9460255811416517,0.9340666882793314,0.8784441457414374,0.711326611981993,0.5861252827038141,0.5093478248198838,0.39720125110186066,0.8496662766472651
0.097,3.55106222556158,0.8592928509039247,0.949721408069207,0.9795713671565237,0.9927288215954368,0.9581385609469658,0.9579949966774927,0.9538318621368371,0.9625113876448556,0.9610429686565264,0.9475399745725653,0.9358083788785659,0.8810093296617947,0.7151287460867694,0.5901479083039275,0.513251772400543,0.4004469814641207,0.8516508482811027
0.098,3.57935348438949,0.8620536375237458,0.9511535501064178,0.9802856145930151,0.9930410035767847,0.9593651423770828,0.9592503548908466,0.9551819834381888,0.9636773141583195,0.9622344160690856,0.94900252315469,0.9374932823539199,0.8835047808098204,0.718859684866335,0.5941112946186089,0.5171065117241034,0.40365849302342016,0.8535860832053777
0.099,3.60751386615266,0.8647433246717605,0.9525359883815078,0.980970625028322,0.9933379922617315,0.9605481480133402,0.9604603062744117,0.9564841854962027,0.964799788296563,0.963382115149078,0.950415334911965,0.939123613893221,0.8859328261319293,0.7225211425394478,0.5980165822821235,0.5209128629844479,0.40683633010133213,0.8554737201086482
0.1,3.635544276923077,0.8673641796015318,0.9538707677718377,0.9816277786833912,0.9936206178565867,0.9616894093887005,0.9616267887116163,0.9577404783704185,0.9658807064579058,0.9644879507180378,0.9517804177889122,0.9407014872914129,0.8882956998013817,0.7261147822634042,0.6018648841964418,0.5246716286035729,0.40998102413357684,0.8573154198371483
0.101,3.6634456144282423,0.8699183829752027,0.9551598351972183,0.982258381324505,0.993889659920442,0.9627906683812212,0.9627516441409136,0.9589527742065775,0.9669218695823995,0.965553713727703,0.9530996851208869,0.9422289203106173,0.8905955475475196,0.729642217974104,0.6056572863802312,0.5283835937497813,0.4130930941071319,0.8591127695725757
0.102,3.6912187681470137,0.8724080327243137,0.9564050450030914,0.9828636688191082,0.9941458508013146,0.96385358225885,0.9638366239889355,0.9601228926953603,0.967924988624744,0.9665811065981831,0.9543749607647178,0.9437078397177859,0.8928344307529498,0.7331050161475756,0.6093948487853516,0.532049526835385,0.416173046978056,0.8608672867501652
0.103,3.7188646194041253,0.8748351477142207,0.9576081640090937,0.9834448113777828,0.9943898788139528,0.9648797284020126,0.964883394256421,0.9612525661875604,0.9688916896740339,0.9675717482135561,0.9556079839133647,0.945140086021688,0.8950143303327005,0.7365046974868197,0.6130786060823477,0.5356701799949317,0.41922137807103255,0.8625804227353278
0.104,3.746384041463415,0.8772016712232622,0.9587708762462048,0.9840029175065108,0.9946223911807396,0.9658706087270628,0.9658935402816393,0.9623434444897799,0.9698235187456821,0.9685271785994114,0.9568004136163983,0.9465274179293566,0.8971371504084334,0.7398427385376178,0.6167095684163435,0.5392462895449165,0.4222385714615662,0.8642535662756916
0.105,3.773777899619772,0.8795094742471293,0.9598947874039202,0.9845390376913139,0.9948439967551743,0.9668276538318268,0.9668685712040914,0.9633970993628805,0.9707219462688733,0.9694488633049234,0.9579538330264511,0.947871516540626,0.8992047217899318,0.7431205732367558,0.6202887221346921,0.5427785764258874,0.4252251003417311,0.8658880467440886
0.106,3.801047051289833,0.8817603586382521,0.9609814290072486,0.9850541678354928,0.9950552685456576,0.9677522268828179,0.9678099241495028,0.9644150287437177,0.9715883712910709,0.9703381975102678,0.9590697533902505,0.9491739892980277,0.9012188052752739,0.7463395943959354,0.6238170304876511,0.546267746627813,0.42818142737031184,0.8674851371868266
0.107,3.8281923461014387,0.883956060089409,0.9620322623418591,0.985549252467999,0.9952567460557167,0.968645627262155,0.9687189681554992,0.9653986607091248,0.9724241254194195,0.9711965098785806,0.9601496178014577,0.9504363737080483,0.9031810947803486,0.7495011551244495,0.6272954343032968,0.549714491599506,0.43110800500812174,0.869046057190481
0.108,3.855214625981873,0.8860982509702126,0.9630486821443244,0.9860251877399357,0.9954489374553775,0.9695090939908371,0.9695970078558704,0.9663493571996901,0.973230476517365,0.9720250661701784,0.9611948047312411,0.951660140848598,0.9050932203076848,0.7526065701935596,0.630724852637823,0.5531194886428856,0.43400527583925763,0.8705719755794631
0.109,3.8821147252449135,0.8881885430245902,0.9640320200731525,0.9864828242247904,0.9956323215970995,0.9703438089437418,0.9704452869399681,0.9672684175195446,0.9740086321734022,0.9728250726354006,0.9622066313513412,0.9528466986764671,0.9069567507639089,0.7556571173453331,0.6341061834023252,0.5564834012927917,0.43687367287898815,0.872064012955676
0.11,3.908893470676692,0.890228489936892,0.9649835479751457,0.9869229695367245,0.9958073498885186,0.971150899870544,0.9712649914025316,0.9681570816271831,0.9747597429575768,0.9735976792011982,0.9631863566632924,0.9539973951475703,0.9087731966345516,0.758654038548567,0.6374403039670962,0.5598068796830418,0.4397136198689515,0.8735232440907373
0.111,3.9355516816204053,0.8922195897737971,0.9659044809605599,0.9873463907801,0.9959744480331881,0.9719314432356853,0.9720572525980923,0.9690165332312229,0.9754849054801918,0.9743439824654451,0.9641351844464778,0.9551135211618642,0.9105440125243647,0.7615985412042737,0.6407280717444255,0.563090560899367,0.4425255315602856,0.8749507001804743
0.112,3.9620901700598807,0.8941632873087594,0.9667959802995586,0.9877538168423551,0.9961340176495485,0.9726864668895343,0.9728231501130534,0.9698479027039933,0.9761851652660796,0.9750650285119127,0.9650542660367684,0.9561963133439948,0.9122705995707907,0.7644917993030869,0.6439703247508344,0.566335069319853,0.44530981398529135,0.8763473709706809
0.113,3.9885097407020162,0.8960609762353297,0.9676591561515583,0.9881459405413905,0.9962864377774879,0.9734169525819797,0.9735637144675747,0.9706522698248998,0.9768615194568123,0.9757618155578802,0.9659447029466579,0.9572469566699529,0.9139543077377413,0.767334954536805,0.6471678821496316,0.5695410169434445,0.44806686471818613,0.877714206762475
0.114,4.014811191058123,0.8979140012753197,0.9684950701382287,0.988523420637742,0.9964320662810707,0.9741238383288653,0.9742799296585019,0.9714306663646559,0.9775149193523087,0.9764352964454749,0.9668075493370261,0.9582665869493079,0.9155964379963979,0.7701291173661896,0.6503215447746373,0.5727090037070734,0.4507970731254821,0.8790521203049853
0.115,4.040995311524164,0.8997236601874143,0.9693047377701487,0.9888868837210167,0.9965712411552887,0.9748080206409188,0.9749727355537644,0.9721840785206683,0.9781462728024513,0.977086380987023,0.9676438143499417,0.9592562931719296,0.917198244399321,0.7728753680470171,0.6534320956358717,0.5758396177919184,0.45350082060649044,0.8803619885825571
0.116,4.067062885459941,0.9014912056815138,0.9700891307364097,0.9892369259793345,0.9967042817440471,0.9754703566241179,0.9756430301479082,0.9729134492131348,0.9787564464585605,0.9777159381739482,0.9684544643112618,0.9602171197274945,0.9187609360537727,0.7755747576162777,0.6565003004079752,0.578933435919285,0.4561784808244237,0.8816446545031407
0.117,4.09301468926721,0.9032178472437771,0.9708491790658106,0.9895741148598471,0.9968314898759998,0.9761116659598003,0.9762916716877411,0.9736196802507341,0.9793462678938579,0.9783247982580637,0.9692404248111653,0.9611500685055179,0.920285678999788,0.7782283088403243,0.6595269079020765,0.5819910236365711,0.4588304199285511,0.8829009284940637
0.118,4.118851492466765,0.9049047528770474,0.9715857731676844,0.9898989906277877,0.9969531509243096,0.9767327327722247,0.9769194806764229,0.974303634374164,0.9799165276013948,0.9789137547134746,0.9700025826702006,0.9620561008831237,0.921773597998191,0.7808370171266759,0.6625126505218019,0.5850129355937479,0.4614569967678216,0.8841315900109553
0.119,4.144574057774502,0.9065530507610698,0.9722997657598397,0.9902120678309481,0.9970695347959219,0.9773343073907423,0.9775272417637486,0.9749661371852092,0.9804679808773205,0.9794835660867199,0.9707417877979035,0.9629361396072847,0.923225778233444,0.7834018514010935,0.6654582447040771,0.5879997158107753,0.4640585630963653,0.8853373889651848
0.12,4.17018314117647,0.9081638308366586,0.9729919736905912,0.9905138366759537,0.9971808968554865,0.9779171080132385,0.9781157055298247,0.9756079789684825,0.9810013495968051,0.980034957742248,0.9714588549505593,0.9637910705778184,0.9246432669359093,0.7859237549514695,0.6683643913453441,0.5909518979363401,0.4666354637712451,0.8865190470748094
0.121,4.1956794920029346,0.9097381463177322,0.9736631796613713,0.9908047643222427,0.9972874787886594,0.9784818222770315,0.9786855901688378,0.9762299164124987,0.98151732388942,0.9805686235098221,0.9721545653942378,0.9646217445370054,0.926027074927842,0.7884036462399883,0.6712317762137834,0.5938700054982897,0.4691880369428265,0.8876772591436897
0.122,4.221063853001463,0.911277015134912,0.9743141338559803,0.991085296099211,0.9973895094091364,0.9790291087429922,0.979237583079149,0.9768326742362778,0.9820165637203014,0.9810852272399918,0.972829668478819,0.9654289786713183,0.9273781780971646,0.790842419684945,0.6740610703481111,0.5967545521461097,0.47171661423809885,0.8888126942731047
0.123,4.2463369604090575,0.9127814213141662,0.9749455554821229,0.9913558566515892,0.9974872054134353,0.9795595982982447,0.9797723423655217,0.9774169467272584,0.9824997003829875,0.9815854042733453,0.9734848831283398,0.966213558130385,0.9286975188028385,0.7932409464135388,0.676852930443477,0.5996060418857816,0.4742215209372702,0.8899259970099143
0.124,4.271499544023324,0.9142523162937936,0.9755581342305025,0.9916168510177494,0.9975807720871259,0.9800738954824463,0.9802904982588897,0.977983399195909,0.9829673379094103,0.9820697628288632,0.9741208992526447,0.9669762374679838,0.9299860072154214,0.795600074986896,0.6796079992249817,0.6024249693073316,0.47670307614395013,0.8910177884350418
0.125,4.296552327272727,0.9156906201828483,0.9761525316563925,0.9918686656452987,0.9976704039659247,0.9805725797423026,0.9807926544587077,0.9785326693520648,0.9834200544021536,0.9825388853163342,0.9747383790849907,0.9677177420095572,0.9312445225961918,0.797920632098511,0.6823269058093019,0.6052118198053766,0.479161592949197,0.8920886671958043
0.126,4.321496027285922,0.9170972229639367,0.9767293824882834,0.9921116693480035,0.9977562854548065,0.9810562066186594,0.9812793894025856,0.9790653686076847,0.9838584032937354,0.9829933295774544,0.9753379584499519,0.9684387691504449,0.9324739145180214,0.8002034232472381,0.685010266054876,0.6079670697929482,0.48159737858971663,0.8931392104853779
0.127,4.346331354960174,0.9184729856431557,0.9772892958678996,0.9923462142078058,0.997838591408048,0.9815253088702232,0.9817512574675944,0.9795820833104077,0.9842829145373563,0.9834336300599261,0.9759202479656897,0.9691399895887708,0.9336750040309938,0.8024492333859107,0.6876586829011051,0.6106911869088607,0.48401073460045874,0.8941699749724743
0.128,4.371059015028902,0.9198187413497897,0.9778328565256024,0.9925726364254208,0.9979174876728939,0.9819803975376908,0.9822087901073353,0.9800833759120077,0.9846940957332576,0.9838602989285783,0.9764858341843885,0.9698220484966714,0.9348485847755992,0.8046588275466151,0.6902727466969827,0.6133846302188863,0.48640195696187405,0.8951814976841074
0.129,4.395679706128335,0.9211352963882364,0.9783606258949353,0.992791257122766,0.9979931315993401,0.9824219629518224,0.9826524969286009,0.9805697860755686,0.9850924331945551,0.9842738271172704,0.9770352806744156,0.9704855666333202,0.9359954240461669,0.8068329514435923,0.6928530355195586,0.6160478504109779,0.48877133624205205,0.8961742968441382
0.13,4.42019412086331,0.9224234312444991,0.9788731431698284,0.9930023831002416,0.9980656725183362,0.9828504756887538,0.9830828667111967,0.9810418317249644,0.985478392956159,0.9846746853250884,0.9775691290475342,0.9711311414029905,0.9371162638070508,0.8089723320546973,0.6954001154826187,0.6186812899847703,0.4911191577339664,0.8971488726701154
0.131,4.4446029458722185,0.9236839015494578,0.9793709263077492,0.9932063075516778,0.9981352521905424,0.9832663874756372,0.9835003683742664,0.981500010039989,0.9858524217301562,0.985063324960115,0.9780878999342926,0.9717593478611977,0.9382118216639416,0.8110776781823021,0.697914541035952,0.6212853834355818,0.4934457015880451,0.8981057081307723
0.132,4.468906861891118,0.9249174390010074,0.9798544729818868,0.9934033107395663,0.9982020052276206,0.9836701320494922,0.9839054518922421,0.9819447984002706,0.986214947810807,0.9854401790338425,0.978592093910509,0.9723707396717739,0.9392827917925418,0.8131496809944857,0.7003968552555455,0.6238605574331226,0.4957512429402523,0.8990452696663844
0.133,4.493106543817012,0.926124752247044,0.9803242614852529,0.9935936606330195,0.9982660594878895,0.9840621259719677,0.9842985491633441,0.9823766552809062,0.9865663819321056,0.985805663009099,0.9790821923775966,0.9729658500175581,0.9403298458267216,0.8151890145473114,0.7028475901250522,0.6264072309951152,0.4980360520358875,0.8999680078740644
0.134,4.517202660770328,0.9273065277311704,0.980780751589411,0.9937776135107326,0.9983275364480467,0.9844427694025433,0.9846800748333633,0.982796021102565,0.9869071180806646,0.9861601756041722,0.9795586583992971,0.9735451924672162,0.9413536337081508,0.8171963362889629,0.7052672668088424,0.628925815656008,0.5003003943492697,0.9008743581599271
0.135,4.541195876156584,0.9284634305028969,0.9812243853603702,0.9939554145310735,0.9983865515525342,0.9848124468325344,0.9850504270772891,0.983203319038637,0.9872375342665058,0.9865040995556488,0.980021937497237,0.9741092618005613,0.942354784499295,0.8191722875464655,0.7076563959169506,0.6314167156309745,0.5025445306994856,0.9017647413599548
0.136,4.565086847727273,0.9295961049940134,0.9816555879340254,0.9941272982712804,0.9984432145420107,0.9851715277821212,0.9854099883411829,0.9835989557818425,0.987557993254174,0.9868378023423211,0.9804724584075685,0.9746585347945959,0.9433339071615605,0.8211174939956907,0.710015477762204,0.6338803279753573,0.504768717362365,0.9026395643312649
0.137,4.588876227639972,0.9307051757627284,0.9820747682533828,0.9942934892376182,0.9984976297622942,0.9855203674624786,0.9857591260465457,0.9839833222725698,0.9878688432564412,0.987161636872373,0.9809106338008247,0.9751934709723703,0.9442915913002763,0.8230325661153108,0.712345002609817,0.6363170427397336,0.5069732061788352,0.9034992205153896
0.138,4.612564662517681,0.9317912482070799,0.9824823197696654,0.9944542023482221,0.9985498964550356,0.9858593074049574,0.9860981932592876,0.9843567943910639,0.9881704185927235,0.9874759421359117,0.9813368609669834,0.9757145133166268,0.9452284078781071,0.8249180996253356,0.7146454509197158,0.6387272431207495,0.5091582446598055,0.9043440904750699
0.139,4.63615279350741,0.9328549092490501,0.9828786211092745,0.9946096433902447,0.9986001090313014,0.9861886760591457,0.9864275293252792,0.9847197336154672,0.9884630403142003,0.987781043824786,0.9817515224676205,0.9762220889500808,0.9461449098984099,0.8267746759108388,0.7169172935818514,0.6411113056078803,0.5113240760877225,0.9051745424059887
0.14,4.659641256338029,0.9338967279907379,0.9832640367084576,0.9947600094528145,0.9986483573291569,0.9865087893615275,0.9867474604743406,0.98507248764758,0.9887470167975038,0.9880772549215157,0.982154986756916,0.9767166097840863,0.9470416330599621,0.8286028624314538,0.7191609921447419,0.6434696001262514,0.5134709396149253,0.9059909326247657
0.141,4.683030681377372,0.9349172563438778,0.983638917417426,0.9949054893372216,0.998694726856269,0.9868199512763488,0.9870583003944088,0.9854153910081099,0.9890226443087302,0.9883648762590367,0.9825476087731742,0.977198473137329,0.9479190963844178,0.8304032131171893,0.7213769990374861,0.6458024901756665,0.5155990703589383,0.906793606034475
0.142,4.70632169368864,0.9359170296339229,0.9840036010755592,0.9950462639456501,0.998739299018474,0.9871224543102083,0.987360350777523,0.9857487656030558,0.9892902075394161,0.9886441970528713,0.9829297305024216,0.9776680623260969,0.9487778028177704,0.8321762687510957,0.7235657577854642,0.6481103329659639,0.5177086994948106,0.9075828965688573
0.143,4.729514913086074,0.9368965671798519,0.9843584130592387,0.9951825066496978,0.9987821513351947,0.987416580001793,0.987653901839163,0.9860729212627917,0.9895499801160257,0.9889154954072297,0.983301681515552,0.9781257472275875,0.9496182398070414,0.8339225573392854,0.7257277032199507,0.6503934795488319,0.5198000543446307,0.908359127616344
0.144,4.752610954189944,0.9378563728507985,0.9847036668037606,0.9953143836398393,0.9988233576425274,0.9877025993880973,0.9879392328123856,0.9863881562553056,0.989802225084398,0.9891790387964582,0.9836637794804048,0.9785718848176302,0.9504408798533427,0.83564259446879,0.7278632616818375,0.652652274946199,0.5218733584643116,0.9091226124249302
0.145,4.775610426480836,0.9387969356005488,0.9850396643006931,0.9954420542569226,0.9988629882847664,0.9879807734483856,0.9882166124181212,0.9866947577749782,0.9900471953705182,0.9894350845231706,0.9840163306500822,0.9790068196841243,0.9512461810424082,0.8373368836537185,0.7299728512196729,0.6548870582753159,0.5239288317277719,0.9098736544888875
0.146,4.798513934353268,0.9397187299808962,0.9853666965719647,0.9955656713067149,0.9989011102950806,0.9882513535270782,0.9884862993129028,0.98699300240819,0.9902851342188942,0.9896838801543109,0.984359630328733,0.979430884517415,0.952034587553627,0.8390059166701552,0.7320568817822009,0.6570981628706358,0.5259666904085916,0.9106125479182419
0.147,4.821322077168633,0.940622216634799,0.9856850441218963,0.9956853813584541,0.9989377875660083,0.9885145817366787,0.9887485425152361,0.9872831565769837,0.990516275609744,0.9899256639363295,0.9846939633159648,0.9798444005787708,0.9528065301485639,0.8406501738802219,0.7341157554055893,0.6592859164025995,0.5279871472592548,0.911339577791892
0.148,4.844035449307479,0.9415078427702334,0.9859949773683164,0.9958013250283015,0.9989730810103942,0.9887706913417903,0.9890035818117375,0.9875654769619281,0.9907408446561278,0.990160665190581,0.9850196043309771,0.9802476781480495,0.953562426639896,0.842270124545707,0.7361498663955159,0.6614506409934251,0.529990411588063,0.9120550204951893
0.149,4.866654640221147,0.9423760426155959,0.9862967570538409,0.9959136372485374,0.9990070487133501,0.9890199071252077,0.9892516481441093,0.9878402109052661,0.9909590579820916,0.9903891046899884,0.9853368184174457,0.9806410169515909,0.9543026823416544,0.8438662271316523,0.7381596015042858,0.6635926533299973,0.5319766893338076,0.9127591440427689
0.15,4.889180234482758,0.9432272378574635,0.9865906346383282,0.9960224475232883,0.9990397460757803,0.9892624457370185,0.9894929639779537,0.9881075967953714,0.991171124082829,0.990611195017957,0.985645861330134,0.9810247065713086,0.9550276905016086,0.8454389296002642,0.7401453401031401,0.6657122647739506,0.5339461831382855,0.913452208387353
0.151,4.9116128118375775,0.9440618380614814,0.9868768526734717,0.9961278801715288,0.999071225949982,0.98949851602759,0.9897277436543741,0.9883678644334726,0.9913772436678047,0.9908271409104664,0.9859469799041484,0.981399026835905,0.9557378327165937,0.846988669695508,0.7421074543499115,0.6678097814690327,0.5358990924167396,0.9141344657152302
0.152,4.933952947252747,0.9448802410771118,0.9871556451604323,0.9962300545580536,0.9991015387677937,0.989728319365269,0.9899561937252523,0.9886212353835554,0.9915776099877337,0.9910371395822124,0.9862404124077073,0.9817642481950825,0.956433479331537,0.8485158752187228,0.7440463093521755,0.6698855044458335,0.5378356134262946,0.9148061607290624
0.153,4.956201210966416,0.9456828334269414,0.9874272378913656,0.9963290853130763,0.9991307326617357,0.9899520499395762,0.990178513273046,0.9888679233062994,0.9917724091462564,0.9912413810376243,0.9865263888792426,0.982120632077575,0.9571149898229075,0.8500209642955863,0.7459622633260428,0.6719397297239611,0.5397559393324667,0.9154675309186399
0.154,4.978358168536252,0.9464699906812098,0.9876918487756494,0.9964250825410701,0.9991588535795582,0.9901698950506309,0.9903948942158962,0.9891081342778569,0.9919618203971007,0.9914400483675332,0.9868051314496088,0.9824684312337824,0.9577827131672717,0.8515043456347383,0.7478556677507302,0.673972748411745,0.5416602602738151,0.9161188068201697
0.155,5.000424380887372,0.9472420778181933,0.9879496881515758,0.9965181520194298,0.9991859453925858,0.9903820353855021,0.9906055215987967,0.98934206709424,0.9921460164274789,0.9916333180322258,0.9870768546501332,0.9828078900637445,0.9584369881956079,0.8529664187783675,0.7497268675190425,0.6759848468035387,0.543548763424799,0.9167602122646491
0.156,5.022400404359673,0.9479994495710424,0.9882009590842242,0.9966083953875018,0.9992120499982212,0.9905886452821411,0.9908105738715286,0.9895699135620344,0.9923251636284257,0.9918213601315732,0.987341765707198,0.9831392449311589,0.9590781439339988,0.8544075743450436,0.751576201083895,0.6779763064746931,0.545421633056908,0.9173919646158536
0.157,5.044286790754589,0.9487424507616516,0.9884458576501998,0.9966959103264931,0.9992372074169513,0.9907898929815188,0.9910102231540293,0.9897918587761234,0.9924994223527406,0.9920043386628916,0.9876000648240122,0.9834627244641007,0.9597064999312941,0.8558281942650744,0.753404000600998,0.6799474043742759,0.5472790505981244,0.9180142749984271
0.158,5.066084087381276,0.949471416622102,0.9886845732098792,0.9967807907307458,0.9992614558841724,0.9909859408685496,0.9912046354898252,0.9900080813850655,0.9926689471611645,0.992182411767147,0.9878519454501904,0.9837785498430757,0.9603223665742999,0.8572286520086527,0.7552105920678228,0.6818984129155985,0.5491211946907757,0.9186273485165496
0.159,5.087792837102234,0.9501866731042024,0.9889172886677727,0.9968631268708301,0.9992848319371357,0.9911769457023596,0.9913939710881227,0.9902187538447343,0.9928338870573825,0.992355731964092,0.9880975945397285,0.9840869350770015,0.9609260453910357,0.8586093128070428,0.756996295458966,0.6838296000646138,0.5509482412478345,0.9192313844636246
0.16,5.109413578378378,0.9508885371776227,0.9891441807215793,0.9969430055488854,0.999307370497293,0.9913630588364204,0.9915783845551215,0.9904240426607973,0.9929943857124142,0.9925244463768796,0.988337192797929,0.98438808726768,0.9615178293425609,0.8599705338670556,0.7587614248580162,0.6857412294262537,0.5527603635077172,0.9198265765234064
0.161,5.130946845313553,0.9515773171170946,0.9893654201004801,0.9970205102466148,0.9993291049483064,0.9915444264290443,0.991758025115081,0.9906241086205774,0.9931505816789207,0.9926886969466815,0.9885709149178054,0.9846822068632978,0.9620980031038625,0.8613126645790417,0.7605062885860379,0.687633560328758,0.554557732087637,0.9204131129629658
0.162,5.15239316769852,0.9522533127791294,0.9895811717931872,0.997095721266314,0.9993500672099679,0.9917211896447106,0.9919330368216435,0.9908191070148128,0.9933026085959281,0.9928486206377956,0.9887989298064601,0.9849694879014603,0.9626668433342593,0.8626360467186314,0.762231189326765,0.6895068479060579,0.5563405150355534,0.9209911768178737
0.163,5.173753071054399,0.9529168158686852,0.9897915952662355,0.9971687158652945,0.9993702878082623,0.9918934848466646,0.992103558759889,0.9910091878498049,0.9934505953844426,0.9930043496337156,0.9890214008019143,0.9852501182422441,0.9632246189377677,0.8639410146424338,0.7639364242486127,0.6913613431782653,0.5581088778807721,0.9215609460699606
0.164,5.195027076675604,0.9535681101961946,0.9899968446729827,0.9972395683840402,0.9993897959417903,0.9920614437812111,0.992269725239573,0.9911944960504125,0.9935946664344022,0.993156011524598,0.9892384858808311,0.9855242797917207,0.963771591313845,0.8652278954779044,0.7656222851235936,0.6931972931303232,0.5598629836832377,0.9221225938179883
0.165,5.216215701672241,0.9542074719253439,0.9901970690537549,0.9973083503684177,0.9994086195447557,0.9922251937540983,0.9924316659799741,0.9913751716543349,0.993734941783391,0.9933037294865457,0.9894503378575621,0.9857921487163904,0.9643080145989135,0.8664970093075802,0.7672890584432384,0.6950149407888703,0.5616029930815616,0.9226762884415616
0.166,5.237319459012016,0.9548351698119806,0.9903924125275566,0.9973751306862447,0.999426785346709,0.99238485779937,0.9925895062867516,0.9915513499980926,0.993871537287515,0.9934476224531038,0.9896571045749178,0.9860538956489332,0.9648341358990425,0.8677486693478741,0.7689370255316023,0.6968145252973663,0.5633290643398261,0.9232221937585827
0.167,5.2583388575616254,0.9554514654345047,0.9905830144757362,0.9974399756384995,0.9994443189292296,0.9925405548410419,0.9927433672212005,0.9917231618951048,0.9940045647848207,0.99358780527934,0.9898589290870443,0.9863096858856732,0.9653501955141578,0.8689831821226112,0.7705664626554485,0.6985962819895274,0.5650413533932112,0.9237604691765371
0.168,5.27927440212766,0.9560566134160868,0.9907690097179844,0.9975029490654428,0.9994612447797128,0.9926923998479407,0.9928933657622612,0.9918907338062302,0.9941341322516127,0.9937243888988639,0.9900559498347686,0.986559679576125,0.9658564271541191,0.870200847631487,0.7721776411316879,0.7003604424611176,0.566740013892471,0.9242912698378942
0.169,5.300126593497014,0.9566508616390399,0.9909505286810206,0.9975641124479077,0.999477586342425,0.9928405039820272,0.9930396149616296,0.9920541880031287,0.9942603439520151,0.9938574804741223,0.99024830081376,0.986804031904977,0.9663530581470029,0.8714019595136138,0.7737708274321548,0.7021072346401425,0.5684251972473084,0.9248147467598731
0.17,5.320895928476822,0.9572344514516548,0.9911276975603011,0.9976235250039978,0.999493366066974,0.9929849747405058,0.9931822240922935,0.9922136427247757,0.9943833005810938,0.9939871835402864,0.9904361117358292,0.9870428932668474,0.9668403096399034,0.8725868052063238,0.775346283285799,0.7038368828554844,0.5700970526686742,0.9253310469688331
0.171,5.341582899933907,0.957807617867799,0.9913006384750735,0.997681243781422,0.9995086054543377,0.9931259160920116,0.9933212987908007,0.9923692123274493,0.9945030994018498,0.9941135981430348,0.9906195081836812,0.9872764094341325,0.9673183967925539,0.8737556660993817,0.7769042657783646,0.7055496079040267,0.5717557272100298,0.925840313629519
0.172,5.3621879968337725,0.9583705897595644,0.9914694696170783,0.9977373237456809,0.9995233251005827,0.9932634286071449,0.9934569411935547,0.9925210074284898,0.9946198343763708,0.9942368209705165,0.9907986117594131,0.9875047217182519,0.9677875289640592,0.8749088176847624,0.7784450274496285,0.7072456271163006,0.5734013658076045,0.9263426861693902
0.173,5.382711704279131,0.9589235900432336,0.9916343053931861,0.9977918178643105,0.9995375447383987,0.9933976095836168,0.9935892500674132,0.9926691350441189,0.9947335962914158,0.994356945479766,0.9909735402270404,0.9877279671245779,0.968247909893011,0.8760465297021375,0.7799688163882696,0.7089251544206994,0.5750341113196784,0.9268383003982427
0.174,5.403154503547963,0.9594668358588295,0.9917952565622467,0.997844777187374,0.9995512832765668,0.9935285531662509,0.9937183209348549,0.9928136987215906,0.9948444728786939,0.9944740620178285,0.9911444076493153,0.9879462785013265,0.968699737871254,0.8771690662802121,0.781475876324436,0.710588400406295,0.5766541045649226,0.9273272886233336
0.175,5.423516872131147,0.9600005387434937,0.991952430366408,0.9978962509243868,0.9995645588374713,0.9936563504620739,0.9938442461939614,0.9929547986659305,0.9949525489300848,0.9945882579378376,0.9913113245190928,0.9881597846826712,0.9691432059115497,0.8782766860740466,0.7829664467200711,0.7122355723842919,0.5782614843598237,0.9278097797601946
0.176,5.443799283769633,0.9605249047989338,0.9921059306571548,0.9979462865178459,0.9995773887927615,0.9937810896507203,0.9939671152334554,0.9930925318615099,0.9950579064080334,0.9946996177102798,0.991474397885485,0.9883686106263271,0.9695785019093821,0.8793696423984946,0.784440762857066,0.713866874448158,0.5798563875552216,0.928285899439326
0.177,5.464002208491182,0.9610401348531692,0.9922558580162996,0.9979949297135288,0.9995897897972594,0.9939028560903608,0.9940870145430172,0.9932269921886875,0.9951606245513439,0.9948082230296649,0.9916337314750324,0.9885728775458469,0.9700058087991332,0.8804481833578812,0.7858990559232986,0.7154825075324619,0.5814389490719878,0.9287557701089414
0.178,5.484126112646675,0.9615464246167916,0.992402309872153,0.9980422246277162,0.9996017778212102,0.994021732419355,0.9942040278190961,0.9933582705357396,0.9952607799765834,0.9949141529168113,0.9917894258081111,0.988772703037851,0.9704253047048488,0.8815125519720448,0.7873415530966142,0.7170826694704534,0.5830093019358703,0.9292195111339308
0.179,5.504171458945999,0.9620439648339503,0.992545380611084,0.9980882138114876,0.9996133681809585,0.9941377986538212,0.9943182360664188,0.9934864549062893,0.9953584467752947,0.995017483816945,0.9919415783107834,0.9889682012044094,0.970837163085805,0.8825629862988553,0.7887684776268085,0.7186675550504161,0.5845675773115278,0.9296772388912048
0.18,5.524138706493506,0.9625329414282625,0.9926851616846732,0.9981329383122263,0.9996245755681361,0.9942511322813036,0.9944297176953885,0.9936116305224364,0.9954536966072121,0.9951182896938026,0.9920902834222891,0.9891594827707799,0.971241552877077,0.8835997195533261,0.7901800489156658,0.7202373560708257,0.5861139045357795,0.9301290668615666
0.181,5.544028310823071,0.963013535643842,0.9928217417126531,0.9981764377324688,0.9996354140774395,0.9943618083507086,0.9945385486155586,0.9937338799237754,0.9955465987896565,0.9952166421199157,0.9922356326983663,0.9893466551986997,0.9716386386253022,0.8846229802234217,0.7915764825951085,0.721792261394343,0.5876484111500935,0.9305751057182597
0.182,5.563840723932729,0.9634859241816268,0.9929552065818165,0.998218750286223,0.9996458972330672,0.9944698995586775,0.9946448023253563,0.9938532830624857,0.9956372203832883,0.9953126103632485,0.9923777149105811,0.989529822795416,0.9720285806198217,0.8856329921826726,0.792957990603504,0.72333245700067,0.5891712229323351,0.9310154634123281
0.183,5.583576394318915,0.9639502793311847,0.9930856395410702,0.9982599128528731,0.9996560380138915,0.9945754763325488,0.9947485499982213,0.9939699173946647,0.9957256262743756,0.9954062614703519,0.9925166161418363,0.9897090868186335,0.9724115350193785,0.8866299747996916,0.7943247812601858,0.7248581260382986,0.5906824639277972,0.9314502452549195
0.184,5.603235767010309,0.9644067690981647,0.9932131212927995,0.9982999610287867,0.9996658488774252,0.9946786069100608,0.9948498605653181,0.9940838579680688,0.9958118792537376,0.9954976603461865,0.9926524198782225,0.9898845455775496,0.9727876539745387,0.887614143044692,0.7956770593382321,0.7263694488751788,0.592182256479531,0.9318795539966566
0.185,5.622819283601285,0.9648555573275541,0.9933377300807005,0.9983389291767287,0.9996753417826488,0.9947793574159361,0.9949488007949739,0.9941951775064167,0.9958960400925098,0.9955868698307624,0.9927852070973671,0.9900562945301388,0.9731570857459998,0.8885857075931012,0.7970150261355502,0.7278666031483333,0.5936707212580035,0.9323034899042002
0.186,5.642327382284981,0.9652968038229004,0.9934595417742341,0.9983768504731848,0.9996845282117557,0.9948777919354812,0.9950454353689829,0.9943039464904072,0.9959781676148707,0.9956739507727373,0.9929150563534275,0.9902244263768412,0.9735199748189395,0.8895448749263584,0.7983388795443132,0.7293497638124429,0.5951479772900907,0.93272215083411
0.187,5.661760497885971,0.9657306644616421,0.9935786299498433,0.9984137569536915,0.999693419190869,0.9949739725853323,0.995139826955915,0.9944102332355886,0.9960583187678668,0.9957589621001022,0.9930420438588723,0.9903890311508022,0.9738764620135555,0.8904918474299853,0.7996488141187916,0.7308191031874289,0.5966141419874392,0.9331356323041207
0.188,5.681119061892582,0.9661572913066948,0.9936950659690711,0.998449679556264,0.9997020253097854,0.995067959581468,0.9952320362815585,0.9945141039672191,0.9961365486884601,0.9958419608880852,0.9931662435631814,0.9905501963048052,0.9742266845919361,0.8914268234890129,0.8009450211416236,0.7322747910050591,0.5980693311741954,0.9335440275619306
0.189,5.7004035024888315,0.9665768327144267,0.9938089190537124,0.9984846481630084,0.9997103567407921,0.9951598113046051,0.995322122196621,0.9946156228922431,0.996212910767923,0.9959230024243921,0.9932877272285974,0.990708006795031,0.9745707763614005,0.8923499975808452,0.8022276886885631,0.7337169944545936,0.5995136591141413,0.9339474276516053
0.19,5.719614244585988,0.9669894334391558,0.99392025635812,0.9985186916400028,0.9997184232566069,0.995249584363091,0.9954101417418042,0.9947148522685099,0.9962874567136923,0.9960021402718996,0.9934065645030465,0.9908625451617732,0.9749088677744377,0.8932615603656392,0.8034970016917498,0.7351458782275035,0.6009472385372343,0.9343459214776931
0.191,5.738751709853783,0.9673952347342956,0.9940291430387889,0.9985518378755243,0.999726234247482,0.9953373336533958,0.9954961502103681,0.9948118524713467,0.9963602366087966,0.9960794263289089,0.9935228229903503,0.9910138916072323,0.9752410860253707,0.8941616987742765,0.8047531420015354,0.7365616045612753,0.6023701806655788,0.9347395958671337
0.192,5.75781631675127,0.9677943744502682,0.994135642321328,0.998584113816697,0.9997337987375166,0.9954231124183077,0.9955802012082888,0.9949066820576028,0.9964312989689582,0.9961549108870675,0.9936365683178352,0.9911621240705047,0.9755675551438658,0.8950505960939987,0.8059962884469072,0.7379643332823291,0.6037825952388415,0.9351285356290616
0.193,5.776808480557315,0.9681869871293025,0.9942398155649302,0.9986155455046335,0.9997411254002163,0.9955069723029263,0.9956623467121137,0.9949993978272667,0.9965006907974725,0.9962286426870549,0.9937478642014502,0.9913073182998814,0.9758883960854021,0.8959284320517787,0.8072266168945432,0.7393542218480693,0.6051845905391269,0.9355128236125713
0.194,5.795728613400759,0.9685732040972278,0.994341722324443,0.9986461581081353,0.9997482225733363,0.9955889634085466,0.9957426371246109,0.9950900548827603,0.9965684576379574,0.9963006689721297,0.993856772508492,0.9914495479225602,0.9762037268188121,0.8967953828954942,0.8084443003065365,0.7407314253880857,0.6065762734153222,0.9358925407625336
0.195,5.814577124290221,0.9689531535523703,0.9944414204101389,0.9986759759560192,0.9997550982730447,0.9956691343445215,0.9958211213283045,0.9951787066860057,0.996634643625066,0.9963710355396268,0.9939633533180364,0.9915888845118767,0.9765136624110005,0.8976516214729708,0.8096495087968207,0.7420960967445298,0.6079577493069352,0.9362677661735365
0.196,5.8333544191435776,0.9693269606516556,0.9945389659452801,0.9987050225681279,0.9997617602074397,0.9957475322781864,0.9958978467369867,0.995265405113358,0.9966992915332474,0.9964397867904934,0.9940676649791667,0.991725397652151,0.9768183151089408,0.8984973173089573,0.810842409686332,0.7434483865116808,0.609329122267429,0.9366385771420191
0.197,5.852060900817096,0.9696947475940142,0.9946344134215654,0.9987333206850851,0.9997682157894512,0.9958242029829251,0.9959728593452887,0.9953502005084903,0.9967624428236385,0.9965069657769422,0.9941697641670902,0.9918591550012437,0.9771177944190512,0.8993326366800958,0.8120231675569399,0.7447884430747249,0.6106904949870746,0.9370050492166733
0.198,5.870696969134253,0.9700566337011871,0.9947278157525492,0.9987608922968514,0.9997744721491583,0.9958991908844549,0.9960462037763921,0.995433141733317,0.9968241376891661,0.9965726142483048,0.9942697059372259,0.9919902223509114,0.9774122071840392,0.9001577426879442,0.8131919443041764,0.7461164126477612,0.6120419688153285,0.9373672562471755
0.199,5.889263020914214,0.9704127354960211,0.9948192243251099,0.9987877586701298,0.99978053614555,0.9959725391054021,0.9961179233279577,0.9955142762170353,0.9968844150979345,0.996636772695156,0.9943675437773447,0.9921186636850472,0.9777016576573093,0.9009727953301104,0.814348899188796,0.7474324393110545,0.6133836437827497,0.9377252704313135
0.2,5.9077594499999995,0.970763166778341,0.9949086890490512,0.9988139403746766,0.9997864143777576,0.9960442895082391,0.9961880600163455,0.9955936500033604,0.9969433128349681,0.996699480391785,0.9944633296578409,0.9922445412358889,0.9779862475750182,0.9017779515695529,0.8154941888871969,0.7487366650475527,0.6147156186224698,0.9380791623605677
0.201,5.926186647286338,0.9711080386984848,0.9949962584049062,0.9988394573085608,0.999792113195783,0.9961144827366477,0.9962566546191951,0.9956713077960297,0.9970008675423813,0.9967607754370764,0.9945571140802061,0.9923679155382722,0.9782660762258604,0.9025733654021004,0.8166279675407275,0.7500292297786844,0.6160379907912248,0.938429001064208
0.202,5.944545000747198,0.9714474598285804,0.9950819794900212,0.9988643287224205,0.9997976387107474,0.9961831582553742,0.9963237467164335,0.9957472930026442,0.9970571147580366,0.9968206947938721,0.9946489461237803,0.9924888454820062,0.9785412405186664,0.9033591879222452,0.8177503868039131,0.7513102713994526,0.6173508564899604,0.938774854051957
0.203,5.962834895463021,0.9717815362316434,0.995165898062983,0.9988885732427584,0.9998029968046849,0.9962503543886355,0.9963893747297761,0.9958216477769152,0.997112088952757,0.9968792743268711,0.9947388734908447,0.9926073883624417,0.9788118350478876,0.9041355673872571,0.8188615958916241,0.7525799258128427,0.6186543106840234,0.9391167873552777
0.204,5.981056713647642,0.9721103715285702,0.9952480585864584,0.998912208894319,0.9998081931399004,0.9963161083571349,0.9964535759607788,0.9958944130593803,0.9971658235661499,0.9969365488391305,0.9948269425501228,0.9927235999293017,0.9790779521570434,0.904902649279669,0.8199617416252156,0.7538383269635585,0.6199484471229497,0.939454865567335
0.205,5.999210834674922,0.9724340669630973,0.9953285042685082,0.9989352531215858,0.9998132331679155,0.9963804563137433,0.9965163866275031,0.9959656286166488,0.9972183510410992,0.9969925521072228,0.9949131983787517,0.9928375344338414,0.9793396820002012,0.9056605763681805,0.8210509684776611,0.7550856068710993,0.6212333583598533,0.9397891518816756
0.206,6.017297635105067,0.9727527214647991,0.9954072771024342,0.9989577228094364,0.9998181221380187,0.996443433377898,0.9965778418998473,0.9960353330792364,0.9972697028569829,0.997047316915104,0.9949976848027818,0.9929492446743982,0.9795971126015575,0.9064094887670237,0.8221294186177089,0.7563218956621984,0.6225091357704353,0.9401197081296833
0.207,6.035317488710671,0.9730664317101863,0.9954844179052178,0.9989796343029924,0.9998228651054415,0.9965050736687712,0.9966379759335989,0.996103563978044,0.9973199095616632,0.9971008750867438,0.995080444436264,0.9930587820403969,0.9798503299131854,0.907149523993837,0.8231972319530823,0.7575473216026316,0.6237758695716165,0.9404465948168433
0.208,6.053270766502463,0.9733752921819733,0.9955599663546058,0.9990010034266971,0.9998274669391768,0.996565410337255,0.996696821903258,0.9961703577795354,0.9973690008023034,0.9971532575175702,0.9951615187189768,0.9931661965548636,0.9800994178710118,0.9078808170260888,0.8242545461727475,0.758762011128413,0.625033648839803,0.9407698711578669
0.209,6.071157836754763,0.9736793952265739,0.9956339610248938,0.9990218455026543,0.9998319323294561,0.9966244755968113,0.9967544120336814,0.9962357499196631,0.9974170053550567,0.9972044942047724,0.9952409479528468,0.9932715369155075,0.9803444584490854,0.9086035003560915,0.8253014967882747,0.7599660888763895,0.6262825615287952,0.9410895951107126
0.21,6.088979065030674,0.9739788311098844,0.9957064394214602,0.9990421753682596,0.9998362657949026,0.99668230075323,0.9968107776305943,0.9962997748365937,0.9974639511536711,0.9972546142765096,0.9953187713371118,0.9933748505344225,0.9805855317121922,0.909317704044647,0.82633821717431,0.7611596777142491,0.62752269448735,0.9414058234095499
0.211,6.10673481420698,0.974273688071414,0.995777438014097,0.9990620073931529,0.9998404716893735,0.9967389162333371,0.9968659491100123,0.9963624660022781,0.997509865317057,0.9973036460200689,0.9953950270022747,0.9934761835764604,0.9808227158668785,0.9100235557733617,0.8273648386081854,0.7623428987699555,0.6287541334764022,0.9417186115966922
0.212,6.124425444498777,0.9745640523768134,0.9958469922691848,0.999081355495522,0.9998445542085089,0.9967943516126961,0.9969199560266194,0.9964238559529109,0.9975547741758554,0.9973516169090131,0.9954697520428947,0.9935755809963244,0.9810560873109302,0.9107211808956683,0.8283814903086827,0.7635158714606202,0.6299769631859536,0.9420280140535504
0.213,6.142051313483831,0.9748500083688587,0.995915136680755,0.9991002331577831,0.9998485173959977,0.996848635642339,0.996972827101141,0.996483976318325,0.9975987032980494,0.997398553629359,0.9955429825492582,0.9936730865744314,0.9812857206813647,0.9114107024865903,0.8293882994739733,0.7646787135208243,0.6311912672516393,0.9423340840306302
0.214,6.159612776126675,0.9751316385169391,0.9959819048004838,0.9991186534416645,0.9998523651495758,0.9969017962745659,0.9970245902467502,0.9965428578503585,0.9976416775136546,0.9974444821048236,0.9956147536379732,0.9937687429515869,0.9815116889009832,0.9120922413912852,0.8303853913187579,0.7658315410304061,0.6323971282709779,0.9426368736766121
0.215,6.177110184802431,0.9754090234650978,0.9960473292666554,0.999136629002719,0.9998561012267678,0.9969538606878479,0.997075272594548,0.996600530450236,0.9976837209385252,0.997489427521175,0.995685099481527,0.9938625916625163,0.9817340632235332,0.9127659162724012,0.8313728891106184,0.7669744684417192,0.6335946278193136,0.9429364340665446
0.216,6.1945438893203875,0.9756822420786757,0.9961114418321371,0.999154172104287,0.9998597292503849,0.9970048553108689,0.9971249005181503,0.9966570231950023,0.9977248569973122,0.9975334143497224,0.995754053336845,0.9939546731682954,0.981952913277526,0.913431843656276,0.8323509142056053,0.7681076086063789,0.6347838464654565,0.9432328152291847
0.217,6.211914236947304,0.9759513714896,0.9961742733913994,0.9991712946309347,0.9998632527137888,0.9970548058457382,0.9971734996574171,0.996712364363042,0.9977651084456043,0.9975764663699795,0.9958216475728899,0.994045026887719,0.9821683071087546,0.9140901379780155,0.8333195860830793,0.7692310728015032,0.635964863787027,0.9435260661735105
0.218,6.229221572430471,0.9762164871403649,0.9962358540066218,0.9991880081013866,0.9998666749859344,0.997103737290405,0.9972210949413577,0.9967665814587233,0.9978044973912855,0.9976186066915322,0.9958879136973353,0.9941336912276458,0.9823803112215557,0.9147409116254793,0.8342790223798209,0.7703449707554613,0.6371377583855173,0.9438162349144394
0.219,6.246466238020518,0.976477662826745,0.9962962129329134,0.9992043236809762,0.9998699993161982,0.9971516739603059,0.9972677106102413,0.9968197012361961,0.9978430453151387,0.9976598577751419,0.9959528823823472,0.9942207036123581,0.982588990618856,0.9153842749822035,0.8352293389234313,0.7714494106731427,0.6383026079010666,0.9441033684977762
0.22,6.263648573493976,0.9767349707392836,0.9963553786426851,0.9992202521936312,0.9998732288390061,0.9971986395092738,0.9973133702369466,0.9968717497223781,0.9978807730907242,0.9977002414531131,0.9960165834895093,0.9943061005119703,0.9827944088410443,0.9160203364692925,0.8361706497650349,0.7725444992607499,0.6394594890269671,0.9443875130244199
0.221,6.280768916175585,0.9769884815035933,0.9964133788492036,0.9992358041334137,0.9998763665782653,0.9972446569497367,0.9973580967475749,0.9969227522391588,0.9979177010035625,0.9977397789489549,0.9960790460939195,0.9943899174699203,0.9829966280037067,0.9166492025863031,0.8371030672113045,0.7736303417501329,0.6406084775238974,0.9446687136738513
0.222,6.2978276009603835,0.9772382642195098,0.9964702405293568,0.9992509896756342,0.9998794154516135,0.9972897486722314,0.9974019124413592,0.9969727334248507,0.9979538487696469,0.9977784908963611,0.9961402985074922,0.9944721891295779,0.9831957088342614,0.9172709779511536,0.8380267018558241,0.7747070419226703,0.6417496482338986,0.94494701472693
0.223,6.31482496033553,0.9774843864991326,0.9965259899456612,0.9992658186875538,0.9998823782744901,0.997333936464259,0.997444839009892,0.9970217172549162,0.9979892355533116,0.9978163973575364,0.996200368301491,0.9945529492599992,0.983391710707532,0.9178857653390796,0.8389416626098034,0.7757747021327066,0.6428830750940902,0.9452224595880215
0.224,6.3317613244019135,0.9777269145037907,0.996580652667537,0.9992803007386949,0.9998852577640386,0.9973772415285062,0.9974868975556997,0.9970697270619961,0.9980238799844808,0.9978535178408933,0.996259282328323,0.9946322307808604,0.9835846916802891,0.9184936657206664,0.8398480567321607,0.7768334233305587,0.644008831150138,0.9454950908064784
0.225,6.348637020895522,0.9779659129799647,0.9966342535918806,0.9992944451107721,0.9998880565428485,0.9974196845004559,0.9975281086101873,0.9971167855552675,0.9980578001753211,0.9978898713181422,0.9963170667426207,0.9947100657865968,0.9837747085247983,0.9190947782989785,0.8407459898589881,0.7778833050850957,0.6451269885694773,0.9457649500974945
0.226,6.365452375208582,0.9782014452942013,0.9966868169629569,0.9993082608072621,0.999890777142543,0.9974612854654098,0.9975684921509763,0.9971629148391531,0.9980910137363207,0.9979254762407996,0.996373747021635,0.9947864855697774,0.9839618167614027,0.9196892005458144,0.8416355660324141,0.7789244456059057,0.6462376186542962,0.9460320783623594
0.227,6.382207710410469,0.9784335734670484,0.996738366391639,0.9993217565626237,0.9998934220072191,0.9975020639749436,0.9976080676186602,0.9972081364314085,0.9981235377918172,0.9979603505561333,0.9964293479849677,0.9948615206437402,0.984146070690173,0.920277028237108,0.8425168877288765,0.7799569417650531,0.6473407918542862,0.9462965157081245
0.228,6.3989033472684085,0.9786623582060456,0.9967889248740167,0.999334940851184,0.9998959934967468,0.9975420390628174,0.9976468539329961,0.9972524712806088,0.9981553889949932,0.9979945117225687,0.9964838938136644,0.9949352007645149,0.9843275234216546,0.9208583554874982,0.8433900558868199,0.7809808891184405,0.6484365777791612,0.9465583014667084
0.229,6.415539604267931,0.9788878589377954,0.9968385148093982,0.9993478218957038,0.9998984938899352,0.9975812292603593,0.9976848695085567,0.9972959397830561,0.9981865835423624,0.998027976724574,0.9965374080686907,0.9950075549520582,0.9845062269067405,0.9214332747840922,0.8442551699338323,0.781996381926779,0.6495250452109571,0.9468174742134549
0.23,6.432116797633136,0.9791101338391467,0.9968871580177256,0.999360407675633,0.9999009253875677,0.997619652611343,0.9977221322698597,0.9973385617991307,0.9982171371877618,0.9980607620870446,0.9965899137088157,0.9950786115108239,0.9846822319656964,0.9220018770194403,0.8451123278132294,0.7830035131761752,0.6506062621161085,0.9470740717851633
0.231,6.448635241346722,0.979329239867518,0.9969348757564263,0.9993727059350697,0.999903290115316,0.9976573266863761,0.9977586596659953,0.9973803566691042,0.9982470652558717,0.9980928838892046,0.9966414331079214,0.995148398049693,0.9848555883163673,0.9225642515237448,0.8459616260101055,0.7840023745983481,0.6516802956573144,0.9473281312976091
0.232,6.4650952471698115,0.9795452327903843,0.9969816887367191,0.9993847241904353,0.9999055901265356,0.997694268596818,0.9977944686847696,0.9974213432284348,0.9982763826552782,0.9981243577780436,0.9966919880717603,0.995216941501284,0.9850263446015902,0.9231204860963235,0.8468031595768579,0.7849930566904757,0.6527472122051919,0.94757968916257
0.233,6.481497124661566,0.9797581672139569,0.9970276171393961,0.9993964697378744,0.999907827404949,0.9977304950082441,0.9978295758663817,0.9974615398225647,0.9983051038910974,0.9981551989813067,0.9967415998541781,0.9952842681406651,0.9851945484158356,0.9236706670363456,0.847637022158199,0.7859756487346846,0.6538070773497269,0.9478287811043752
0.234,6.49784118119859,0.979968096611079,0.9970726806300976,0.9994079496603919,0.9999100038672211,0.9977660221534718,0.9978639973166508,0.9975009643212345,0.9983332430771763,0.9981854223200509,0.9967902891728232,0.9953504036034897,0.985360246331107,0.9242148791728606,0.8484633060156683,0.7869502388171866,0.654859955911523,0.9480754421759912
0.235,6.514127721994134,0.9801750733483603,0.9971168983740978,0.9994191708347367,0.9999121213654315,0.9978008658451653,0.9978977487198109,0.9975396341323348,0.9983608139478856,0.998215042220788,0.996838076224359,0.995415372903574,0.9855234839221155,0.9247532058941377,0.8492821020516539,0.7879169138470731,0.6559059119528547,0.9483197067746613
0.236,6.530357050117096,0.9803791487125766,0.9971602890506207,0.9994301399380424,0.9999141816894487,0.9978350414880327,0.9979308453508867,0.9975775662153104,0.9983878298695202,0.9982440727272256,0.9968849806991963,0.9954792004499355,0.9856843057907585,0.925285729176334,0.8500934998329357,0.7888757595747692,0.6569450087885287,0.9485616086571113
0.237,6.546529466510812,0.980580372936354,0.9972028708666993,0.9994408634542338,0.9999161865692089,0.9978685640906312,0.9979633020876681,0.9976147770941315,0.9984143038513215,0.9982725275116225,0.9969310217957636,0.9955419100633113,0.9858427555899173,0.925812529611509,0.8508975876137618,0.7898268606101604,0.657977308996556,0.9488011809543366
0.238,6.562645270011669,0.9807787952231607,0.9972446615705971,0.999451347680208,0.9999181376769053,0.9979014482767928,0.9979951334222952,0.9976512828698509,0.9984402485561344,0.9983004198857712,0.9969762182343304,0.9956035249921732,0.9859988760466003,0.9263336864350009,0.8516944523584655,0.7907703004403922,0.6590028744286407,0.9490384561859823
0.239,6.578704757367501,0.9809744637716267,0.9972856784648053,0.9994615987317998,0.9999200366290911,0.9979337082966862,0.9980263534724692,0.9976870992327577,0.9984656763107144,0.9983277628116226,0.9970205882703989,0.9956640679282569,0.9861527089844486,0.9268492775521842,0.8524841797636379,0.7917061614473542,0.6600217662204884,0.9492734662743326
0.24,6.594708223255814,0.9811674257992128,0.9973259384186315,0.9994716225495377,0.9999218849886985,0.9979653580375243,0.9980569759923025,0.9977222414741439,0.9984905991156938,0.9983545689115635,0.9970641497076792,0.9957235610216216,0.9863042953456254,0.9273593795646198,0.8532668542798616,0.792634524924853,0.6610340448019386,0.9495062425579175
0.241,6.610655960301798,0.9813577275652472,0.9973654578803933,0.9994814249042009,0.9999236842669795,0.9979964110339333,0.9980870143828201,0.9977567244976979,0.9985150286552236,0.9983808504783614,0.997106919910663,0.9957820258952549,0.9864536752121059,0.927864067795618,0.8540425591330179,0.79355547109548,0.6620397699069227,0.9497368158047491
0.242,6.626548259096176,0.9815454143933482,0.9974042528892311,0.9994910114021822,0.9999254359253706,0.9980268804779929,0.9981164817021253,0.9977905628305366,0.9985389763062992,0.9984066194847872,0.9971489158168074,0.9958394836592395,0.9866008878263887,0.928363416315226,0.8548113763451753,0.7944690791271789,0.6630390005832535,0.9499652162252079
0.243,6.642385408212839,0.9817305306932537,0.9974423390865521,0.9995003874906668,0.9999271413772839,0.9980567792289591,0.9981453906752401,0.9978237706338887,0.998562453147783,0.9984318875929268,0.9971901539483441,0.9958959549244948,0.9867459716116439,0.9288574979646553,0.8555733867550716,0.7953754271495254,0.6640317952022503,0.9501914734845723
0.244,6.658167694226329,0.9819131199820714,0.99747973172712,0.9995095584626311,0.9999288019898296,0.9980861198226822,0.9981737537036335,0.997856361713443,0.9985854699691343,0.9984566661631945,0.9972306504237262,0.995951459816109,0.9868889641913167,0.9293463843801643,0.8563286700381926,0.7962745922697123,0.6650182114681976,0.9504156167152231
0.245,6.673895401729106,0.9820932249049718,0.9975164456898004,0.9995185294616707,0.9999304190854708,0.9981149144807286,0.9982015828744479,0.9978883495293714,0.998608037278857,0.998480966263057,0.9972704209687239,0.9960060179862734,0.9870299024082012,0.9298301460164085,0.8570773047264653,0.797166650588262,0.6659983064276509,0.9506376745285178
0.246,6.689568813348678,0.9822708872553336,0.9975524954879751,0.999527305486663,0.9999319939436146,0.9981431751192185,0.9982288899694339,0.997919747206038,0.9986301653126747,0.998504798675478,0.9973094809271824,0.9960596486268336,0.987168822343002,0.9303088521692718,0.8578193682275628,0.7980516772144549,0.6669721364785783,0.9508576750263485
0.247,6.705188209764502,0.9824461479943664,0.9975878952796363,0.9995358913962694,0.9999335278021426,0.9981709133573867,0.9982556864736029,0.997950567541407,0.998651864041443,0.9985281739070949,0.9973478452714518,0.9961123704814692,0.987305759332398,0.9307825709981936,0.8585549368438414,0.7989297462814955,0.6679397573793582,0.9510756458123998
0.248,6.7207538697247715,0.9826190472702164,0.9976226588771708,0.9995442919132856,0.9999350218588807,0.9981981405258795,0.9982819835836091,0.9979808230161572,0.9986731431788092,0.9985511021961353,0.9973855286125015,0.9961642018575141,0.9874407479866233,0.931251369548001,0.8592840857909076,0.799800930961406,0.6689012242576189,0.9512916140031052
0.249,6.736266070062964,0.9827896244365786,0.9976567997568451,0.9995525116288432,0.9999364772730147,0.9982248676747931,0.9983077922158692,0.9980105258025147,0.998694012188626,0.9985735935200828,0.9974225452097285,0.9962151606374303,0.98757382220658,0.9317153137702624,0.8600068892158295,0.8006653034796674,0.6698565916189393,0.95150560623832
0.25,6.751725085714286,0.9829579180708242,0.9976903310680019,0.9995605550064693,0.9999378951664505,0.9982511055814647,0.9983331230144276,0.9980396877728126,0.9987144802921303,0.9985956576031018,0.99745890898047,0.9962652642899446,0.9877050152004963,0.9321744685441704,0.8607234202149983,0.8015229351295995,0.6708059133553983,0.9517176486917158
0.251,6.767131189731887,0.9831239659916603,0.9977232656419776,0.9995684263860098,0.9999392766251224,0.9982768647580238,0.9983579863585788,0.9980683205077879,0.9987345564748941,0.9986173039232272,0.9974946335092304,0.9963145298808601,0.9878343595001442,0.9326288976969703,0.8614337508516462,0.802373896286497,0.67174924275399,0.9519277670809023
0.252,6.782484653302962,0.9832878052763339,0.9977556160007487,0.9995761299874194,0.9999406227002526,0.9983021554587117,0.9983823923702521,0.9980964353046234,0.9987542494935546,0.9986385417193305,0.9975297320566323,0.9963629740835539,0.9879618869766285,0.93307866402394,0.8621379521730312,0.8032182564215158,0.672686632504895,0.95213598667729
0.253,6.797785745764638,0.9834494722773944,0.9977873943653179,0.9995836699144254,0.9999419344095627,0.9983269876869774,0.9984063509211686,0.9981240431847437,0.9987735678823335,0.9986593799978666,0.9975642175680998,0.9964106131891685,0.9880876288557602,0.9335238293079366,0.8628360942272929,0.8040560841153231,0.6736181347096208,0.9523423323156973
0.254,6.813034734619751,0.9836090026390261,0.9978186126638485,0.9995910501580687,0.9999432127384383,0.9983513712023572,0.9984298716397781,0.9981511549013734,0.9987925199593495,0.9986798275394111,0.9975981026822837,0.9964574631165094,0.9882116157330281,0.933964454338519,0.8635282460799873,0.8048874470715102,0.6745438008890062,0.9525468284037133
0.255,6.828231885552407,0.9837664313129644,0.9978492825395532,0.9995982746001267,0.9999444586410515,0.9983753155271451,0.9984529639179824,0.9981777809468665,0.9988111138327348,0.9986998929049945,0.9976313997392365,0.9965035394216574,0.9883338775881774,0.9344005989306563,0.8642144758303104,0.8057124121297751,0.6754636819910971,0.9527494989308182
0.256,6.843377462443439,0.9839217925740062,0.9978794153583483,0.9996053470164227,0.9999456730414404,0.9983988299528614,0.998475636917653,0.9982039315598124,0.9988293574065594,0.9987195844422396,0.9976641207883458,0.9965488573073031,0.9884544437994088,0.9348323219430321,0.8648948506270103,0.806531045278878,0.6763778283988944,0.9529503674772745
0.257,6.858471727385657,0.9840751200351278,0.9979090222162795,0.9996122710800247,0.9999468568345479,0.9984219235465256,0.9984978995769497,0.998229616731928,0.9988472583865705,0.9987389102913103,0.9976962775960332,0.9965934316318157,0.988573343157209,0.9352596812959566,0.865569436684004,0.807343411669377,0.6772862899379757,0.9531494572227915
0.258,6.8735149406989855,0.9842264466622185,0.9979381139467267,0.9996190503643396,0.999948010887222,0.9984446051567405,0.9985197606164479,0.9982548462147428,0.9988648242857552,0.9987578783906764,0.997727881653228,0.9966372769180499,0.988690603877822,0.9356827339888922,0.8662382992956954,0.8081495756261429,0.6781891158839954,0.953346790954971
0.259,6.888507360945413,0.9843758047884451,0.997966701127395,0.999625688346105,0.9999491360391793,0.9984668834195942,0.9985412285450784,0.9982796295260822,0.9988820624297288,0.9987764964827018,0.9977589441826202,0.9966804073619052,0.9888062536163734,0.9361015361176062,0.8669015028520091,0.8089496006606638,0.6790863549700649,0.9535423910775426
0.26,6.903449244943821,0.9845232261282529,0.9979947940871002,0.9996321884082818,0.9999502331039325,0.9984887667643844,0.9985623116658892,0.9983039759563569,0.9988989799619586,0.9987947721190615,0.9977894761457032,0.9967228368406387,0.988920319479656,0.936516142890956,0.8675591108531393,0.8097435494831371,0.6799780553940109,0.9537362796183894
0.261,6.918340847784632,0.9846687417910175,0.9980224029123534,0.999638553842854,0.999951302869683,0.9985102634191729,0.998583018081632,0.9983278945746662,0.9989155838488264,0.9988127126659939,0.9978194882496101,0.9967645789209447,0.989032828038587,0.9369266086473185,0.8682111859240262,0.8105314840143593,0.6808642648255239,0.9539284782373779
0.262,6.933182422844346,0.9848123822943541,0.9980495374537532,0.9996447878535352,0.9999523461001812,0.9985313814161746,0.9986033557001825,0.9983513942347173,0.9989318808845344,0.9988303253093926,0.9978489909537515,0.9968056468668056,0.9891438053403472,0.93733298687067,0.868857789828559,0.8113134653974109,0.6817450304131869,0.9541190082339894
0.263,6.947974221799887,0.9849541775770968,0.9980762073321895,0.9996508935583874,0.9999533635355553,0.9985521285969862,0.9986233322397974,0.9983744835805712,0.9989478776958632,0.998847617059744,0.9978779944762621,0.9968460536471204,0.9892532769202091,0.9377353302063263,0.8694989834835172,0.8120895540091474,0.682620398791397,0.9543078905547664
0.264,6.962716494642858,0.9850941570119538,0.9981024219448679,0.9996568739923558,0.9999543558931088,0.9985725126176608,0.9986429552342133,0.9983971710522175,0.9989635807467829,0.9988645947569158,0.9979065088002598,0.9968858119431211,0.9893612678130657,0.9381336904763505,0.8701348269722518,0.8128598094714927,0.6834904160871744,0.9544951458005718
0.265,6.977409489693593,0.9852323494178504,0.9981281904711569,0.9996627321097198,0.99995532386809,0.9985925409536328,0.9986622320375962,0.9984194648909848,0.9989789963429248,0.9988812650748005,0.9979345436799251,0.9969249341555804,0.9894678025646643,0.9385281186946371,0.8707653795581136,0.8136242906625448,0.6843551279268676,0.9546807942336739
0.266,6.992053453615129,0.985368783071967,0.9981535218782676,0.9996684707864665,0.9999562681344327,0.9986122209044979,0.9986811698293417,0.9984413731447931,0.9989941306359167,0.9988976345258205,0.9979621086464067,0.9969634324118176,0.9895729052425589,0.9389186650816788,0.8713906996976332,0.8143830557274937,0.6852145794427477,0.9548648557846542
0.267,7.006648631426985,0.9855034857214803,0.9981784249267668,0.9996740928225862,0.9999571893454701,0.9986315595986526,0.9986997756187341,0.9984629036732514,0.9990089896275888,0.9989137094652968,0.9979892130135564,0.9970013185725114,0.9896765994467845,0.9393053790790252,0.872010845053458,0.8151361620893567,0.6860688152795068,0.955047350059151
0.268,7.0211952665188475,0.9856364845950167,0.998202908175933,0.9996796009442962,0.9999580881346223,0.9986505639977994,0.9987180562494681,0.9984840641526064,0.9990235791740506,0.9989294960956878,0.9980158658835021,0.9970386042383217,0.9897789083202633,0.9396883093634388,0.8726258725070519,0.8158836664595334,0.6869178796006467,0.9552282963444368
0.269,7.035693600664084,0.9857678064138263,0.9982269799889575,0.9996849978061908,0.9999589651160605,0.9986692409013193,0.9987360184040367,0.9985048620805469,0.9990379049896468,0.9989450004707018,0.998042076152061,0.9970753007563299,0.9898798545589503,0.9400675038607577,0.8732358381711616,0.8166256248481851,0.6877618160947747,0.9554077136158379
0.27,7.05014387403315,0.9858974774026822,0.9982506485379958,0.9996902859933251,0.9999598208853456,0.9986875969505176,0.9987536686079912,0.99852530478087,0.9990519726507945,0.9989602284992875,0.9980678525139998,0.9971114192262999,0.9899794604217251,0.9404430097594684,0.8738407974020539,0.8173620925744407,0.6886006679817975,0.9555856205429997
0.271,7.064546325206838,0.9860255233005166,0.9982739218090763,0.9996954680232311,0.9999606560200441,0.9987056386327476,0.9987710132340755,0.99854539940801,0.9990657875997047,0.998975185949505,0.9980932034681455,0.9971469705067686,0.990077747740037,0.9408148735240008,0.8744408048115323,0.8180931242764332,0.6894344780190216,0.955762035496
0.272,7.078901191189428,0.9861519693707982,0.9982968076068669,0.9997005463478702,0.9999614710803234,0.9987233722854144,0.9987880585062412,0.9985651529514381,0.999079355147994,0.9989898784522848,0.9981181373223527,0.997181965220968,0.99017473792731,0.9411831409077454,0.8750359142787307,0.818818773921169,0.6902632885071569,0.9559369765513204
0.273,7.09320870742166,0.9862768404116583,0.9983193135593081,0.9997055233555237,0.9999622666095231,0.9987408040998629,0.998804810503544,0.9985845722399351,0.999092680480189,0.9990043115050735,0.9981426621983309,0.9972164137625865,0.9902704519881159,0.941547856965805,0.8756261789616976,0.8195390948142349,0.6910871412962312,0.9561104614976715
0.274,7.107469107793634,0.9864001607657735,0.9983414471221136,0.9997104013726238,0.9999630431347093,0.9987579401251555,0.9988212751639292,0.998603663945741,0.9991057686571256,0.9990184904753742,0.9981667860363361,0.9972503263013719,0.9903649105271187,0.9419090660674829,0.8762116513087651,0.8202541396093427,0.6919060777914092,0.9562825078416823
0.275,7.1216826246575335,0.9865219543300102,0.9983632155831438,0.9997151826655273,0.999963801167206,0.9987747862717403,0.9988374582879057,0.9986224345885859,0.99911862461925,0.9990324206041821,0.9981905165997316,0.9972837127885832,0.9904581337578007,0.9422668119085171,0.8767923830697172,0.8209639603177183,0.6927201389587285,0.9564531328134555
0.276,7.135849488840264,0.986642244564838,0.9983846260666567,0.9997198694422326,0.9999645412031093,0.9987913483150157,0.9988533655421157,0.9986408905396068,0.99913125318982,0.9990461070093207,0.998213861479421,0.9973165829622936,0.9905501415109721,0.9426211375230621,0.8773684253067526,0.821668608317335,0.6935293653307408,0.9566223533719905
0.277,7.149969929655925,0.9867610545035179,0.9984056855374385,0.999724463854044,0.999965263723784,0.9988076318987923,0.9988690024628005,0.9986590380251513,0.9991436590780143,0.9990595546886804,0.9982368280981591,0.9973489463525514,0.9906409532430741,0.9429720852954294,0.8779398284052532,0.822368134361996,0.6943337970120745,0.9567901862104825
0.278,7.164044174918213,0.9868784067610725,0.9984264008048193,0.9997289679971837,0.9999659691963411,0.9988236425386577,0.998884374459168,0.9986768831304746,0.9991558468819496,0.9990727685233624,0.9982594237147412,0.9973808122864006,0.9907305880442775,0.9433196969715877,0.8785066420843567,0.8230625885902666,0.6951334736849055,0.9569566477614941
0.279,7.178072450952639,0.9869943235430412,0.9984467785265758,0.9997333839143531,0.9999666580740992,0.9988393856252451,0.9988994868166627,0.9986944318033313,0.9991678210916101,0.9990857532807327,0.9982816554280793,0.9974121898927669,0.9908190646463844,0.9436640136704302,0.8790689154073416,0.8237520205342617,0.6959284346143519,0.9571217542020093
0.28,7.192054982608696,0.9871088266540297,0.9984668252127264,0.9997377135962466,0.9999673307970305,0.9988548664274101,0.9989143447001436,0.9987116898574662,0.9991795860916916,0.9990985136173876,0.9983035301811634,0.997443088107213,0.9909064014305383,0.944005075894815,0.8796266967918254,0.8244364791282884,0.696718718653782,0.9572855214583716
0.281,7.205991993271839,0.9872219375060562,0.9984865472292193,0.999741958983018,0.9999679877921894,0.9988700900953179,0.9989289531569714,0.9987286629760063,0.9991911461643626,0.9991110540820325,0.9983250547649148,0.9974735156765668,0.9909926164347476,0.9443429235423821,0.8801800340197821,0.8251160127173502,0.6975043642500453,0.9574479652111043
0.282,7.219883704875406,0.9873336771267021,0.9985059508015195,0.9997461219657009,0.9999686294741287,0.998885061663444,0.9989433171200075,0.9987453567147587,0.999202505491946,0.9991233791182804,0.9983462358219343,0.9975034811634256,0.9910777273612255,0.9446775959161539,0.8807289742473796,0.825790669065509,0.6982854094486233,0.9576091008996234
0.283,7.233730337912385,0.9874440661670693,0.9985250420180971,0.9997502043875873,0.9999692562452984,0.998899786053491,0.9989574414105292,0.9987617765054146,0.9992136681595232,0.999135493067368,0.9983670798501469,0.9975329929505415,0.9911617515835555,0.9450091317349214,0.8812735640146446,0.8264604953641148,0.6990618918987039,0.9577689437268421
0.284,7.247532111447084,0.9875531249095533,0.9985438268338181,0.9997542080455617,0.999969868496433,0.9989142680772227,0.9989713307410623,0.9987779276586657,0.9992246381574628,0.9991474001707957,0.998387593206348,0.9975620592450899,0.9912447061536832,0.9453375691434249,0.8818138492549545,0.8271255382399006,0.6998338488581803,0.9579275086636682
0.285,7.261289243126684,0.9876608732754331,0.9985623110732434,0.9997581346913956,0.9999704666069243,0.998928512439222,0.9989849897181339,0.9987938153672321,0.999235419383877,0.9991591045728917,0.9984077821096522,0.9975906880828254,0.991326607808741,0.94566294572233,0.882349875304362,0.8277858437629467,0.7006013171985735,0.9580848104534029
0.286,7.2750019491926805,0.9877673308322845,0.9985805004338367,0.9997619860330025,0.9999710509451819,0.9989425237395688,0.9989984228449482,0.9988094447088078,0.9992460156470083,0.9991706103233033,0.9984276526448496,0.9976188873321281,0.9914074729777094,0.9459852984980055,0.8828816869107564,0.8284414574545159,0.7013643334098845,0.9582408636160364
0.287,7.288670444492208,0.987872516801222,0.9985984004890847,0.9997657637356538,0.99997162186898,0.998956306476447,0.9990116345239879,0.9988248206489238,0.9992564306675463,0.9991819213794184,0.9984472107656702,0.997646664697944,0.9914873177879198,0.9463046639521074,0.8834093282428624,0.8290924242947637,0.7021229336053707,0.958395682452449
0.288,7.30229494248927,0.9879764500639715,0.9986160166915329,0.999769469423159,0.9999721797257947,0.998969865048677,0.9990246290595419,0.9988399480437321,0.9992666680808807,0.9991930416087172,0.9984664622979617,0.9976740277256209,0.991566158071403,0.9466210780309732,0.883932842899081,0.8297387887303235,0.7028771535262562,0.9585492810485178
0.289,7.315875655275843,0.9880791491697809,0.9986333543757384,0.9997731046790089,0.9999727248531267,0.9989832037581803,0.9990374106601645,0.9988548316427138,0.9992767314392884,0.9992039747910593,0.9984854129427798,0.9977009838046453,0.991644009371087,0.9469345761548305,0.8844522739161765,0.8303805946817707,0.7036270285463682,0.9587016732791285
0.29,7.329412793582887,0.9881806323421705,0.9986504187611429,0.9997766710474851,0.9999732575788163,0.9989963268123748,0.9990499834410643,0.9988694760913123,0.9992866242140599,0.999214724620905,0.9985040682793981,0.9977275401722815,0.9917208869468477,0.9472451932268242,0.8849676637778109,0.8310178855509671,0.7043725936767082,0.9588528728121027
0.291,7.342906566791243,0.9882809174855288,0.998667214954868,0.9997801700347356,0.9999737782213447,0.9990092383265063,0.9990623514264294,0.998883885933494,0.9992963497975648,0.9992252947094757,0.9985224337682349,0.9977537039171157,0.9917968057814183,0.947552963641867,0.8854790544229295,0.8316507042282886,0.7051138835699552,0.9590028931120338
0.292,7.35635718294243,0.9883800221915571,0.9986837479544353,0.9997836031098187,0.9999742870901268,0.9990219423259145,0.9990745185516864,0.998898065614241,0.9993059115052598,0.999235688586853,0.998540514753704,0.9977794819825085,0.9918717805861583,0.9478579212953152,0.8859864872540013,0.8322790930997357,0.7058509325249012,0.9591517474440392
0.293,7.369764848749334,0.9884779637455664,0.9987000226504132,0.9997869717057148,0.9999747844857938,0.9990344427482385,0.9990864886656983,0.9989120194819734,0.9993153125776404,0.9992459097040197,0.9985583164669883,0.997804881169958,0.9919458258066889,0.9481600995914764,0.8864900031451154,0.8329030940539339,0.7065837744908257,0.9592994488774315
0.294,7.383129769606801,0.9885747591326313,0.998716043828993,0.9997902772203086,0.999975270700466,0.9990467434455622,0.9990982655329025,0.998925751790908,0.9993245561821366,0.9992559614348442,0.9985758440287406,0.9978299081423768,0.9920189556283946,0.94845953145195,0.8869896424499377,0.8335227484890201,0.7073124430718021,0.959446010289305
0.295,7.396452149602122,0.9886704250436036,0.998731816174496,0.9997935210173412,0.9999757460180164,0.9990588481865013,0.9991098528353891,0.998939266703352,0.9993336454149567,0.9992658470780095,0.9985931024517122,0.9978545694272831,0.9920911839817982,0.9487562493238066,0.8874854450095304,0.8341380973194213,0.7080369715309447,0.9595914443680483
0.296,7.409732191525424,0.9887649778809903,0.9987473442718137,0.9997967044273356,0.9999762107143256,0.9990707606582336,0.9991212541749241,0.9989525682919346,0.9993425833028807,0.9992755698588892,0.998610096643313,0.9978788714199124,0.9921625245478104,0.9490502851876081,0.8879774501600364,0.8347491809825265,0.7087573927945932,0.9597357636167775
0.297,7.422970096879958,0.9888584337646972,0.9987626326087836,0.9997998287484922,0.9999766650575284,0.999082484468476,0.9991324730749159,0.9989656605417798,0.9993513728050011,0.9992851329313719,0.9986268314081034,0.9979028203862468,0.992232990762857,0.9493416705652724,0.8884656967402307,0.8353560394452509,0.7094737394564359,0.9598789803566944
0.298,7.436166065892292,0.9889508085376452,0.9987776855785012,0.9998028952475604,0.9999771093082512,0.9990940231474063,0.9991435129823298,0.9989785473526196,0.9993600168144181,0.999294539379635,0.998643311450221,0.9979264224659694,0.992302595823888,0.9496304365277871,0.8889502230989437,0.8359587122105,0.7101860437815735,0.9600211067303736
0.299,7.449320297522403,0.989042117771258,0.9987925074815717,0.9998059051606825,0.9999775437198433,0.9991053801495351,0.9991543772695499,0.9989912325408511,0.9993685181598867,0.9993037922198703,0.9986595413757442,0.9979496836753424,0.9923713526932714,0.9499166137027738,0.8894310671023561,0.8365572383235292,0.7108943377105261,0.9601621547049788
0.3,7.462432989473684,0.9891323767708287,0.9988071025283018,0.9998088596942142,0.999977968538598,0.9991165588555275,0.9991650692361915,0.9990037198415387,0.9993768796074182,0.9993128944019622,0.9986755256949932,0.9979726099100119,0.9924392741035732,0.9502002322819079,0.8899082661411697,0.8371516563782051,0.7115986528631807,0.9603021360754065
0.301,7.475504338202837,0.9892216005807651,0.9988214748408342,0.9998117600255197,0.999978384003969,0.9991275625739755,0.9991755921108638,0.9990160129103626,0.9993851038618387,0.9993218488111201,0.9986912688247722,0.9979952069477421,0.9925063725622297,0.9504813220281955,0.8903818571376558,0.837742004523168,0.7122990205426823,0.9604410624673679
0.302,7.488534538929695,0.9893098039897185,0.9988356284552253,0.999814607303745,0.9999787903487777,0.9991383945431233,0.9991859490528859,0.9990281153255165,0.9993931935683036,0.9993306582694664,0.9987067750905522,0.9980174804510813,0.9925726603561108,0.9507599122831115,0.8908518765525836,0.8383283204678991,0.7129954717392719,0.9605789453403993
0.303,7.501523785646935,0.9893970015355981,0.9988495673234704,0.9998174026505673,0.9999791877994145,0.9991490579325479,0.9991961431539572,0.9990400305895536,0.9994011513137716,0.9993393255375816,0.9987220487285977,0.9980394359699587,0.9926381495559802,0.9510360319736025,0.891318360392031,0.8389106414886911,0.7136880371340648,0.9607157959908125
0.304,7.514472271129707,0.9894832075104748,0.9988632953154734,0.999820147160923,0.9999795765760334,0.9991595558447944,0.9992061774397821,0.9990517621311853,0.9994089796284384,0.9993478533160076,0.9987370938880391,0.9980610789442182,0.9927028520208537,0.9513097096189546,0.8917813442140801,0.8394890044345278,0.7143767471027813,0.960851625554581
0.305,7.5273801869451695,0.9895684359653758,0.9988768162209675,0.9998228419037154,0.9999799568927402,0.999169891316968,0.9992160548716525,0.999063313307031,0.9994166809871305,0.9993562442467098,0.9987519146328906,0.9980824147060874,0.9927667794022594,0.9515809733375323,0.8922408631353992,0.8400634457328712,0.7150616317194187,0.9609864450101648
0.306,7.540247723461939,0.9896527007149736,0.9988901337513855,0.9998254879225003,0.9999803289577743,0.9991800673222844,0.9992257783479881,0.9990746874033235,0.9994242578106626,0.9993645009145008,0.9987665149440167,0.9981034484825854,0.9928299431483995,0.9518498508533904,0.8926969518377141,0.8406340013953588,0.7157427207598759,0.9611202651812766
0.307,7.553075069859448,0.9897360153421717,0.9989032515416805,0.9998280862361532,0.9999806929736853,0.9991900867715803,0.9992353507058351,0.9990858876375682,0.9994317124671568,0.9993726258484252,0.9987808987210481,0.9981241853978702,0.9928923545082199,0.9521163695027587,0.893149644574171,0.8412007070234135,0.7164200437055239,0.9612530967395891
0.308,7.565862414137214,0.9898183932025902,0.9989161731521012,0.9998306378395166,0.9999810491375023,0.9991999525147826,0.9992447747223266,0.9990969171601602,0.9994390472733274,0.9993806215231077,0.9987950697842497,0.9981446304755283,0.9929540245353875,0.9523805562404075,0.8935989751755907,0.8417635978137659,0.717093629746727,0.9613849502073878
0.309,7.578609943124026,0.9898998474289522,0.9989289020699207,0.9998331437040291,0.9999813976409,0.9992096673423408,0.9992540531161035,0.9991077790559582,0.9994462644957306,0.9993884903600647,0.9988090318763386,0.9981647886408074,0.9930149640921774,0.9526424376458913,0.8940449770566202,0.8423227085638908,0.7177635077863141,0.9615158359601645
0.31,7.591317842487046,0.9899803909353747,0.9989414417111205,0.9998356047783353,0.9999817386703571,0.9992192339866217,0.9992631885486981,0.9991184763458176,0.9994533663519801,0.9993962347289814,0.9988227886642583,0.9981846647227937,0.9930751838532742,0.9529020399296766,0.8944876832217799,0.8428780736773631,0.7184297064430029,0.9616457642291615
0.311,7.603986296740817,0.9900600364215671,0.9989537954220326,0.9998380219888803,0.9999820724073111,0.9992286551232673,0.9992721836258824,0.9991290119880855,0.9994603550119314,0.9994038569489552,0.9988363437409065,0.9982042634565352,0.9931346943094872,0.9531593889391541,0.8949271262714105,0.8434297271691268,0.7190922540547728,0.9617747451038585
0.312,7.616615489256198,0.9901387963769368,0.998965966480938,0.9998403962404852,0.9999823990283075,0.9992379333725182,0.9992810408989803,0.9991393888800538,0.9994672325988332,0.9994113592897051,0.9988497006268192,0.998223589485114,0.9931935057713831,0.9534145101645405,0.8953633384075212,0.8439777026706874,0.719751178682195,0.9619027885344135
0.313,7.629205602269211,0.9902166830846068,0.9989779580996263,0.9998427284169075,0.9999827187051449,0.9992470713005025,0.9992897628661455,0.999149609859378,0.9994740011904488,0.9994187439727504,0.9988628627718132,0.998242647361666,0.9932516283728383,0.9536674287446685,0.8957963514395395,0.8445220334352216,0.7204065081117121,0.9620299043340484
0.314,7.641756816889805,0.9902937086253465,0.9989897734249138,0.9998450193813849,0.9999830316050136,0.9992560714204913,0.9992983519736064,0.9991596777054574,0.9994806628201478,0.9994260131725575,0.9988758335565859,0.9982614415513528,0.993309072074512,0.9539181694726704,0.8962261967899672,0.8450627523426116,0.7210582698588759,0.9621561021813894
0.315,7.6542693131105395,0.9903698848814172,0.9990014155401246,0.9998472699771646,0.9999833378906324,0.9992649361941229,0.9993068106168795,0.999169595140781,0.9994872194779683,0.9994331690176567,0.9988886162942758,0.9982799764332844,0.9933658466672418,0.9541667568015568,0.8966529054999416,0.8455998919044003,0.7217064911715365,0.9622813916227565
0.316,7.6667432698151945,0.9904452235403354,0.999012887466533,0.9998494810280161,0.9999836377203791,0.9992736680325938,0.9993151411419502,0.9991793648322379,0.9994936731116512,0.9994402135917297,0.998901214231984,0.9982982563023955,0.9934219617753657,0.9544132148496909,0.8970765082347059,0.8461334842686729,0.7223511990329905,0.9624057820744101
0.317,7.679178864787288,0.9905197360985551,0.9990241921647712,0.9998516533387316,0.9999839312484173,0.9992822692978212,0.9993233458464232,0.9991889893923959,0.9995000256276476,0.9994471489346693,0.998913630552257,0.9983162853712766,0.9934774268599696,0.9546575674061627,0.8974970352889882,0.8466635612248623,0.7229924201650835,0.9625292828247489
0.318,7.691576274718526,0.9905934338650717,0.9990353325361994,0.9998537876956102,0.9999842186248198,0.9992907423035744,0.9993314269806445,0.999198471380745,0.9995062788920996,0.9994539770436099,0.9989258683745329,0.9983340677719594,0.9935322512220648,0.9548998379360653,0.8979145165922938,0.8471901542084846,0.7236301810312715,0.9626519030364645
0.319,7.703935675217169,0.990666327964948,0.999046311424243,0.9998558848669301,0.999984499995687,0.9992990893165782,0.9993393867487932,0.9992078133049123,0.9995124347317949,0.9994606998739329,0.9989379307565518,0.998351607557661,0.9935864440056938,0.9551400495856718,0.8983289817141088,0.8477132943058,0.7242645078396394,0.9627736517486523
0.32,7.716257240816327,0.9907384293427665,0.9990571316156965,0.9998579456034072,0.9999847755032627,0.9993073125575882,0.9993472273099463,0.999217017621843,0.9995184949350964,0.9994673193402448,0.9989498206957309,0.9983689087044841,0.9936400142009709,0.9553782251875208,0.8987404598690196,0.8482330122584042,0.7248954265458771,0.9628945378788812
0.321,7.72854114498217,0.9908097487660074,0.9990677958419936,0.9998599706386403,0.9999850452860457,0.9993154142024382,0.9993549507791155,0.9992260867389544,0.9995244612528483,0.9994738373173304,0.9989615411305058,0.9983859751130785,0.9936929706470543,0.955614387265406,0.8991489799217494,0.848749338467752,0.7255229628562179,0.9630145702252203
0.322,7.740787560122075,0.9908802968283554,0.9990783067804463,0.9998619606895446,0.9999853094788974,0.9993233963830622,0.9993625592282586,0.9992350230152588,0.9995303353992584,0.9994802556410816,0.9989730949416383,0.9984028106102597,0.9937453220350544,0.955848558039277,0.8995545703921103,0.8492623029996109,0.7261471422303323,0.9631337574682266
0.323,7.7529966575926865,0.9909500839529367,0.9990886670554541,0.9998639164567732,0.9999855682131472,0.9993312611884896,0.999370054687264,0.9992438287624589,0.9995361190527563,0.9994865761094016,0.9989844849534926,0.9984194189505925,0.993797076910879,0.95608075943005,0.8999572594598777,0.8497719355884478,0.726767989884187,0.9632521081728906
0.324,7.765168607707911,0.9910191203954876,0.9990988792396814,0.9998658386251261,0.9999858216166937,0.9993390106658165,0.9993774391449116,0.9992525062460155,0.999541813856831,0.9994928004830866,0.9989957139352797,0.9984358038179335,0.9938482436780175,0.9563110130643311,0.9003570749695837,0.8502782656417527,0.7273855307928622,0.9633696307905475
0.325,7.777303579746835,0.9910874162474561,0.9991089458552076,0.9998677278639491,0.9999860698141027,0.9993466468211515,0.9993847145498077,0.999261057686189,0.999547421420846,0.9994989304866844,0.9990067846022717,0.998451968826939,0.993898830600263,0.9565393402790554,0.9007540444352329,0.8507813222442935,0.7279997896933307,0.9634863336607474
0.326,7.789401741961577,0.9911549814390401,0.9991188693746471,0.9998695848275204,0.9999863129267028,0.9993541716205386,0.9993918828112981,0.9992694852590543,0.9995529433208328,0.999504967809331,0.9990176996169854,0.9984679175245361,0.9939488458043785,0.9567657621260408,0.9011481950449428,0.8512811341623107,0.7286107910872006,0.9636022250130887
0.327,7.801463261585058,0.9912218257421597,0.9991286522222438,0.9998714101554282,0.9999865510726779,0.9993615869908572,0.9993989458003567,0.9992777910974906,0.9995583811002661,0.999510914105566,0.9990284615903388,0.9984836533913592,0.9939982972827036,0.9569902993764613,0.9015395536655092,0.8517777298476478,0.729218559243421,0.9637173129690177
0.328,7.813488304838709,0.9912879587733692,0.9991382967749367,0.9998732044729362,0.9999867843671559,0.9993688948206987,0.9994059053504533,0.9992859772921464,0.9995637362708161,0.999516770996128,0.9990390730827777,0.9984991798431527,0.9940471928957066,0.9572129725252381,0.9019281468468971,0.8522711374418201,0.7298231182009491,0.9638316055435916
0.329,7.825477036940111,0.9913533899967075,0.9991478053634004,0.9998749683913398,0.9999870129222962,0.9993760969612225,0.9994127632583981,0.9992940458923811,0.9995690103130842,0.9995225400687276,0.9990495366053764,0.9985145002321404,0.9940955403744813,0.9574338017953541,0.9023140008266614,0.8527613847800254,0.7304244917713842,0.9639451106472063
0.33,7.8374296221105535,0.9914181287264908,0.9991571802730609,0.9998767025083138,0.9999872368473731,0.9993831952269905,0.9994195212851663,0.9993019989071832,0.9995742046773186,0.9995282228788039,0.9990598546209104,0.998529617848363,0.9941433473231912,0.95765280714209,0.9026971415342935,0.8532484993950911,0.7310227035415644,0.9640578360872933
0.331,7.849346223582539,0.991482184130045,0.9991664237450847,0.9998784074082482,0.9999874562488574,0.9993901913967801,0.9994261811567016,0.9993098383060651,0.9995793207841118,0.9995338209502589,0.9990700295449044,0.9985445359209836,0.994190621221461,0.9578700082571844,0.9030775945955027,0.8537325085213667,0.7316177768761292,0.9641697895699806
0.332,7.8612270036072145,0.9915455652303841,0.9991755379773458,0.9998800836625771,0.9999876712304955,0.9993970872143787,0.9994327445646998,0.9993175660199369,0.9995843600250806,0.9995393357761755,0.9990800637466547,0.9985592576195635,0.9942373694267179,0.9580854245729213,0.9034553853364256,0.8542134390985575,0.7322097349200483,0.9642809787017232
0.333,7.873072123461731,0.9916082809088316,0.9991845251253686,0.9998817318300975,0.9999878818933856,0.9994038843893571,0.9994392131673732,0.9993251839419582,0.9995893237635285,0.9995447688195164,0.9990899595502263,0.998573786055308,0.9942835991764831,0.9582990752661438,0.9038305387877694,0.8546913177755001,0.7327986006011155,0.9643914109909029
0.334,7.8848817434565435,0.9916703399075897,0.999193387303247,0.9998833524572798,0.9999880883360523,0.9994105845978254,0.9994455885901956,0.9993326939283693,0.9995942133350922,0.999550121513806,0.999099719235427,0.998588124282282,0.9943293175906149,0.958510979262197,0.9042030796888911,0.8551661709138858,0.7333843966324105,0.9645010938493953
0.335,7.896656022942643,0.9917317508322536,0.9992021265845434,0.9998849460785698,0.999988290654518,0.9994171894831692,0.9994518724266299,0.9993400977993016,0.9995990300483708,0.9995553952637944,0.9991093450387583,0.9986022752985997,0.9943745316735048,0.9587211552388014,0.9045730324918092,0.8556380245919256,0.7339671455147273,0.9646100345941098
0.336,7.908395120318724,0.9917925221542768,0.9992107450031639,0.9998865132166832,0.9999884889423729,0.9994237006567681,0.9994580662388365,0.9993473973395689,0.9996037751855394,0.9995605914461062,0.9991188391543425,0.9986162420475841,0.9944192483162264,0.958929621629858,0.9049404213651538,0.8561069046079643,0.734546869538971,0.9647182404484961
0.337,7.92009919303829,0.991852662213384,0.9992192445542138,0.999888054382891,0.9999886832908428,0.9994301196986979,0.9994641715583649,0.9993545942994392,0.9996084500029484,0.9995657114098716,0.9991282037348291,0.9986300274189023,0.9944634742986412,0.9591363966291857,0.9053052701980536,0.8565728364840401,0.7351235907885219,0.9648257185440274
0.338,7.9317683976166835,0.991912179219936,0.9992276271948326,0.9998895700772984,0.9999888737888545,0.9994364481584138,0.999470189886829,0.9993616903953877,0.9996130557317054,0.9995707564773431,0.9991374408922787,0.998643634249672,0.9945072162914583,0.9593414981941945,0.9056676026039616,0.8570358454693925,0.7356973311415697,0.9649324759216501
0.339,7.943402889638078,0.9919710812572468,0.9992358948450082,0.9998910607891158,0.9999890605230993,0.9994426875554185,0.999476122696565,0.9993686873108317,0.9996175935782456,0.9995757279444959,0.9991465526990265,0.9986570653255444,0.994550480858252,0.9595449440494923,0.9060274419244209,0.8574959565439197,0.7362681122734162,0.9650385195332094
0.34,7.955002823762376,0.9920293762838523,0.9992440493883726,0.9998925269969224,0.9999892435780948,0.9994488393799136,0.9994819714312734,0.9993755866968478,0.9996220647248856,0.9995806270816145,0.999155541188525,0.9986703233817622,0.9945932744574381,0.959746751690431,0.9063848112327708,0.8579531944215849,0.7368359556587474,0.9651438562428484
0.341,7.9665683537320815,0.9920870721357351,0.9992520926729782,0.9998939691689233,0.999989423036245,0.9994549050934354,0.9994877375066459,0.9993823901728713,0.9996264703303641,0.9995854551338637,0.9991644083561672,0.9986834111041919,0.9946356034442072,0.9599469383865887,0.9067397333377956,0.8584075835537733,0.737400882573876,0.9652484928283785
0.342,7.978099632379071,0.9921441765285024,0.9992600265120558,0.9998953877631992,0.999989598977898,0.9994608861294751,0.9994934223109766,0.9993890993273801,0.9996308115303701,0.9995902133218463,0.9991731561600901,0.9986963311303343,0.9946774740724206,0.9601455211851929,0.9070922307873153,0.8588591481326008,0.7379629140989558,0.9653524359826265
0.343,7.989596811631346,0.9922006970595219,0.9992678526847547,0.9998967832279497,0.9999897714814021,0.9994667838940852,0.9994990272057583,0.9993957157185606,0.9996350894380566,0.9995949028421471,0.9991817865219602,0.9987090860503103,0.9947188924964644,0.9603425169144826,0.9074423258717209,0.8593079120941739,0.7385220711201648,0.9654556923147547
0.344,8.001060042519685,0.9922566412100136,0.999275572936865,0.9998981560017308,0.9999899406231613,0.9994725997664694,0.9995045535262657,0.9994022408749589,0.9996393051445425,0.9995995248678632,0.9991903013277391,0.998721678407826,0.9947598647730671,0.9605379421870137,0.9077900406274553,0.8597538991218039,0.7390783743318614,0.9655582683515581
0.345,8.012489475184275,0.9923120163471002,0.9992831889815236,0.9998995065136851,0.9999901064776876,0.9994783350995606,0.9995100025821217,0.9994086762961163,0.9996434597194024,0.9996040805491214,0.9991987024284326,0.9987341107011145,0.9948003968630788,0.9607318134029068,0.9081353968404379,0.8601971326491735,0.7396318442387133,0.9656601705387365
0.346,8.023885258881256,0.9923668297258167,0.999290702499903,0.9999008351837664,0.9999902691176525,0.9994839912205838,0.9995153756578543,0.9994150234531886,0.9996475542111434,0.9996085710135835,0.9992069916408216,0.9987463853838572,0.9948404946332148,0.960924146753038,0.9084784160494389,0.8606376358634583,0.7401825011577958,0.9657614052421443
0.347,8.035247541989222,0.992421088491079,0.9992981151418844,0.9999021424229589,0.9999904286139375,0.9994895694316057,0.9995206740134355,0.9994212837895523,0.999651589647671,0.9996129973669386,0.9992151707481767,0.9987585048660836,0.9948801638577623,0.9611149582221764,0.9088191195493986,0.8610754317084028,0.740730365220666,0.9658619787490146
0.348,8.046576472015653,0.9924747996796152,0.9993054285267141,0.99990342863349,0.9999905850356816,0.9994950710100717,0.9995258988848112,0.9994274587213956,0.9996555670367431,0.9996173606933841,0.999223241500955,0.9987704715150518,0.9949194102202539,0.9613042635920663,0.9091575283946978,0.8615105428873538,0.7412754563754087,0.9659618972691651
0.349,8.057872195603322,0.9925279702218561,0.999312644243646,0.9999046942090379,0.9999907384503295,0.9995004972093302,0.9995310514844162,0.9994335496382951,0.9996594873664136,0.9996216620560943,0.9992312056174824,0.9987822876561085,0.9949582393151047,0.9614920784444574,0.9094936634023758,0.861942991866249,0.7418177943886559,0.9660611669361775
0.35,8.069134858536586,0.992580606943791,0.9993197638525683,0.9999059395349333,0.999990888923676,0.999505849259144,0.9995361330016775,0.9994395579037799,0.9996633516054645,0.9996259024976782,0.9992390647846189,0.9987939555735296,0.9949966566492184,0.961678418164083,0.9098275451553002,0.8623728008765632,0.7423573988475802,0.9661597938085581
0.351,8.080364605747686,0.9926327165687845,0.9993267888846156,0.9999071649883572,0.9999910365199115,0.99951112836619,0.9995411446035063,0.9994454848558814,0.9996671607038279,0.9996300830406268,0.9992468206584089,0.9988054775113426,0.9950346676435592,0.9618632979415871,0.9101591940052873,0.8627999919182123,0.7428942891618636,0.9662577838708769
0.352,8.091561581322956,0.9926843057193588,0.9993337208427672,0.9999083709385315,0.9999911813016641,0.9995163357145477,0.9995460874347771,0.9994513318076711,0.9996709155929976,0.9996342046877487,0.9992544748647172,0.9988168556741306,0.9950722776346929,0.9620467327764026,0.9104886300761753,0.863224586762417,0.7434284845656391,0.9663551430348857
0.353,8.102725928508985,0.992735380918941,0.999340561202431,0.9999095577469065,0.999991323330042,0.9995214724661747,0.9995509626187967,0.9994571000477852,0.999674617186431,0.9996382684225947,0.9992620289998492,0.9988280922278172,0.9951094918762959,0.9622287374795788,0.910815873266849,0.8636466069545237,0.7439600041194094,0.9664518771406148
0.354,8.113857789718718,0.992785948593575,0.9993473114120152,0.9999107257673429,0.9999914626646736,0.9995265397613731,0.9995557712577617,0.9994627908409373,0.9996782663799411,0.999642275209875,0.9992694846311583,0.9988391893004361,0.9951463155406348,0.9624093266765632,0.9111409432542206,0.864066073816788,0.7444888667119401,0.9665479919574532
0.355,8.124957306537532,0.992836015073602,0.9993539728934847,0.9999118753462888,0.9999915993637473,0.9995315387192433,0.9995605144332046,0.9994684054284187,0.9996818640520789,0.999646225995863,0.9992768432976381,0.9988501489828817,0.9951827537200156,0.9625885148099342,0.9114638594961628,0.8644830084511165,0.745015091062128,0.9666434931852055
0.356,8.136024619729206,0.9928855865953057,0.9993605470429074,0.9999130068229527,0.9999917334840491,0.9995364704381283,0.9995651932064303,0.9994739450285881,0.9996854110645071,0.9996501217087915,0.9992841065105025,0.998860973329644,0.995218811428204,0.9627663161420894,0.9117846412343994,0.8648974317417715,0.7455386957208479,0.9667383864551329
0.357,8.147059869241913,0.9929346693025273,0.9993670352309854,0.9999141205294719,0.9999918650810007,0.999541335996047,0.9995698086189426,0.9994794108373485,0.9996889082623648,0.9996539632592395,0.9992912757537513,0.9988716643595271,0.9952544936018171,0.9629427447578875,0.9121033074973495,0.8653093643580353,0.7460596990727728,0.9668326773309733
0.358,8.158063194214078,0.9929832692482483,0.9993734388035758,0.9999152167910761,0.9999919942086946,0.9995461364511181,0.9995743616928592,0.9994848040286144,0.9996923564746227,0.9996577515405091,0.9992983524847241,0.9988822240563525,0.9952898051016875,0.9631178145672461,0.9124198771029313,0.8657188267568404,0.7465781193381738,0.9669263713099459
0.359,8.169034732980261,0.9930313923961435,0.9993797590821992,0.9999162959262479,0.9999921209199295,0.9995508728419739,0.9995788534313188,0.9994901257547674,0.9996957565144311,0.9996614874289933,0.9993053381346407,0.9988926543696457,0.9953247507142008,0.963291539307696,0.9127343686613215,0.8661258391853591,0.7470939745746956,0.967019473823734
0.36,8.179974623076921,0.993079044622102,0.9993859973645364,0.9999173582468778,0.9999922452662448,0.9995555461881639,0.9995832848188779,0.9994953771471013,0.9996991091794584,0.9996651717845365,0.9993122341091303,0.9989029572153084,0.995359335152605,0.963463932546893,0.9130468005776742,0.8665304216835594,0.74760728267911,0.9671119902394554
0.361,8.1908830012482,0.9931262317157213,0.9993921549249137,0.9999184040584171,0.9999923672979526,0.9995601574905506,0.9995876568218981,0.9995005593162583,0.9997024152522225,0.9996688054507852,0.9993190417887478,0.9989131344762769,0.9953935630582953,0.9636350076850873,0.913357191054798,0.8669325940867233,0.7481180613890477,0.9672039258606113
0.362,8.20176000345158,0.9931729593817714,0.999398233014778,0.9999194336600249,0.999992487064171,0.9995647077316949,0.9995919703889251,0.9995056733526526,0.9997056755004138,0.9996723892555304,0.9993257625294794,0.9989231880031647,0.9954274390020732,0.9638047779575519,0.9136655580957934,0.8673323760279312,0.7486263282847063,0.9672952859280209
0.363,8.212605764863572,0.9932192332416301,0.9994042328631599,0.999920447344713,0.9999926046128542,0.9995691978762332,0.999596226451059,0.9995107203268871,0.9997088906772111,0.9996759240110432,0.9993323976632364,0.9989331196148915,0.9954609674853802,0.9639732564369712,0.9139719195066508,0.8677297869405105,0.7491321007905408,0.9673860756207395
0.364,8.223420419885276,0.9932650588346924,0.9994101556771281,0.9999214453994861,0.9999927199908238,0.9995736288712457,0.9996004259223147,0.9995157012901592,0.9997120615215893,0.9996794105144015,0.999338948498338,0.9989429310992993,0.9954941529415074,0.9641404560357887,0.9142762928988093,0.8681248460604514,0.7496353961769286,0.9674763000569584
0.365,8.234204102147972,0.9933104416197516,0.9994160026422316,0.9999224281054794,0.9999928332437974,0.9995780016466166,0.9996045696999764,0.9995206172746569,0.9997151887586204,0.9996828495478092,0.9993454163199833,0.9989526242137545,0.9955269997367822,0.9643063895085171,0.9145786956916766,0.8685175724287871,0.750136231561816,0.967565964294892
0.366,8.244956944518588,0.9933553869763547,0.9994217749229336,0.9999233957380917,0.9999929444164177,0.9995823171153858,0.9996086586649415,0.9995254692939473,0.9997182730997678,0.9996862418789085,0.9993518023907129,0.9989622006857368,0.99555951217173,0.9644710694540101,0.9148791451151128,0.8689079848939436,0.7506346239123438,0.9676550733336481
0.367,8.255679079105187,0.9933999002061323,0.9994274736630347,0.9999243485671164,0.9999930535522803,0.9995865761740929,0.9996126936820584,0.9995302583433546,0.9997213152431723,0.9996895882610846,0.9993581079508602,0.9989716622134163,0.9955916944822151,0.9646345083176954,0.9151776582118758,0.8692961021140537,0.7511305900464526,0.9677436321140822
0.368,8.266370637262355,0.9934439865341022,0.9994330999860876,0.9999252868568678,0.9999931606939604,0.9995907797031129,0.9996166756004556,0.9995349854003319,0.9997243158739335,0.9996928894337627,0.9993643342189933,0.9989810104662167,0.9956235508405576,0.9647967183937729,0.9154742518400315,0.8696819425592422,0.7516241466344674,0.9678316455196401
0.369,8.277031749596583,0.9934876511099491,0.9994386549958012,0.9999262108663053,0.9999932658830393,0.9995949285669853,0.999620605253864,0.999539651424822,0.9997272756643828,0.9996961461226995,0.9993704823923456,0.9989902470853684,0.9956550853566299,0.9649577118273754,0.915768942675327,0.8700655245138774,0.7521153102006635,0.96791911837718
0.37,8.287662545971564,0.9935308990092802,0.999444139776437,0.9999271208491547,0.99999336916013,0.9995990236147342,0.9996244834609312,0.9995442573596117,0.9997301952743509,0.9996993590402673,0.9993765536472388,0.9989993736844479,0.995686302078931,0.9651175006166948,0.9160617472135302,0.8704468660787923,0.7526040971248122,0.9680060554577894
0.371,8.298263155513489,0.9935737352348564,0.9994495553931959,0.9999280170540253,0.9999934705649021,0.999603065680183,0.9996283110255292,0.9995488041306779,0.9997330753514293,0.9997025288857309,0.999382549139495,0.9990083918499065,0.9957172049956402,0.9652760966150724,0.9163526817727333,0.8708259851734743,0.7530905236437079,0.9680924614775791
0.372,8.308833706616255,0.9936161647178012,0.9994549028925972,0.9999288997245253,0.9999935701361055,0.9996070555822607,0.9996320887370548,0.9995532926475256,0.999735916531225,0.9997056563455192,0.9993884700048407,0.9990173031415881,0.9957477980356507,0.9654335115330566,0.9166417624956238,0.8712028995382276,0.7535746058526767,0.9681783410984677
0.373,8.319374326946674,0.993658192318786,0.9994601833028484,0.9999297690993735,0.999993667911594,0.999610994125302,0.9996358173707235,0.9995577238035186,0.99973871943761,0.99970874209349,0.9993943173593021,0.999026109093235,0.9957780850695829,0.965589756940426,0.9169290053517204,0.8715776267363013,0.7540563597070638,0.968263698928955
0.374,8.329885143449575,0.9936998228291942,0.9994653976342069,0.9999306254125089,0.9999937639283486,0.9996148820993402,0.9996394976878564,0.9995620984762029,0.9997414846829649,0.999711786791189,0.9994000922995904,0.999034811212984,0.9958080699107782,0.9657448442681802,0.9172144261395779,0.8719501841559933,0.7545358010237079,0.9683485395248772
0.375,8.34036628235294,0.9937410609722623,0.9994705468793352,0.9999314688931974,0.9999938582224989,0.9996187202803948,0.9996431304361614,0.9995664175276227,0.9997442128684166,0.9997147910881027,0.9994057959034807,0.9990434109838511,0.9958377563162739,0.9658987848104973,0.9174980404889584,0.8723205890127217,0.75501294548239,0.9684328673901533
0.376,8.350817869172932,0.9937819114042009,0.999475632013646,0.9999322997661354,0.9999939508293453,0.9996225094307504,0.9996467163500069,0.999570681804629,0.9997469045840709,0.9997177556219055,0.9994114292301809,0.9990519098642066,0.9958671479877593,0.9660515897266619,0.9177798638629716,0.87268885835107,0.7554878086272723,0.9685166869775156
0.377,8.361240028718912,0.9938223787152942,0.9994806539956413,0.9999331182515516,0.9999940417833795,0.9996262502992316,0.9996502561506907,0.9995748921391829,0.9997495604092397,0.9997206810187015,0.9994169933206933,0.9990603092882397,0.9958962485725132,0.9662032700429596,0.9180599115601826,0.8730550090468036,0.7559604058683134,0.9686000026892323
0.378,8.371632885098405,0.993862467430979,0.9994856137672443,0.999933924565306,0.9999941311183052,0.9996299436214713,0.9996537505467019,0.99957904934865,0.9997521809126627,0.9997235678932607,0.9994224891981691,0.9990686106664142,0.9959250616643244,0.966353836654542,0.9183381987166909,0.8734190578088588,0.7564307524826697,0.9686828188778133
0.379,8.38199656172204,0.993902182012904,0.9994905122541227,0.9999347189189866,0.9999942188670577,0.9996335901201718,0.9996572002339774,0.9995831542360902,0.9997547666527247,0.9997264168492493,0.9994279178682535,0.9990768153859129,0.9959535908043928,0.9665033003272623,0.9186147403081772,0.8737810211813055,0.7568988636160778,0.9687651398467072
0.38,8.39233118130841,0.9939415268599697,0.999495350366006,0.9999355015200027,0.9999943050618237,0.9996371905053623,0.9996606058961527,0.9995872075905398,0.9997573181776672,0.9997292284794561,0.9994332803194249,0.9990849248110746,0.9959818394822162,0.9666516716994805,0.9188895511519222,0.8741409155452831,0.7573647542842215,0.9688469698509847
0.381,8.402636865888942,0.9939805063093482,0.9995001289969961,0.9999362725716782,0.9999943897340591,0.9996407454746482,0.9996639682048072,0.9995912101872884,0.999759836025796,0.9997320033660123,0.9994385775233265,0.9990929402838212,0.9960098111364573,0.9667989612838399,0.9191626459087943,0.8744987571209086,0.7578284393740805,0.9689283130980136
0.382,8.412913736812675,0.9940191246374854,0.9995048490258704,0.9999370322733406,0.999994472914508,0.9996442557134576,0.9996672878197034,0.999595162788149,0.9997623207256832,0.9997347420806073,0.9994438104350899,0.9991008631240754,0.996037509155796,0.9669451794690158,0.9194340390852104,0.8748545619691624,0.7582899336452651,0.9690091737481175
0.383,8.423161914751047,0.994057386061084,0.9995095113163787,0.9999377808204086,0.9999945546332204,0.9996477218952801,0.9996705653890221,0.999599066141723,0.9997647727963653,0.9997374451846995,0.999448979993653,0.99910869463017,0.9960649368797659,0.9670903365214356,0.9197037450350671,0.8752083459937445,0.7587492517313319,0.969089555915229
0.384,8.433381519702602,0.9940952947380683,0.9995141167175337,0.9999385184044776,0.9999946349195691,0.9996511446819017,0.9996738015495913,0.999602920983658,0.9997671927475373,0.9997401132297224,0.9994540871220702,0.9991164360792498,0.9960920975995734,0.9672344425869718,0.9199717779616448,0.8755601249429091,0.7592064081410856,0.96916946366753
0.385,8.44357267099768,0.9941328547685326,0.9995186660638955,0.9999392452134028,0.9999947138022669,0.9996545247236346,0.9996769969271103,0.999606728036902,0.9997695810797406,0.9997427467572858,0.9994591327278162,0.999124088727663,0.9961189945589027,0.9673775076926081,0.9202381519194837,0.875909914411273,0.7596614172598652,0.9692489010280787
0.386,8.453735487303058,0.9941700701956709,0.9995231601758496,0.9999399614313813,0.9999947913093826,0.9996578626595407,0.9996801521363695,0.99961048801195,0.9997719382845487,0.9997453462993726,0.9994641177030837,0.9991316538113465,0.9961456309547058,0.9675195417480796,0.9205028808162335,0.8762577298415994,0.7601142933508124,0.9693278719754312
0.387,8.463870086626562,0.9942069450066898,0.9995275998598793,0.9999406672390311,0.9999948674683572,0.9996611591176522,0.9996832677814645,0.9996142016070869,0.999774264844748,0.999747912378532,0.9994690429250745,0.9991391325462023,0.996172009937976,0.9676605545474858,0.9207659784144767,0.8766035865265595,0.7605650505561274,0.9694063804442501
0.388,8.473976586321625,0.9942434831337063,0.9995319859088316,0.9999413628134685,0.9999949423060192,0.9996644147151856,0.9996863444560062,0.9996178695086243,0.999776561234514,0.9997504455080671,0.9994739092562843,0.9991465261284663,0.99619813461451,0.9678005557708796,0.9210274583335248,0.8769474996104683,0.7610137028983089,0.9694844303259014
0.389,8.484055103091833,0.9942796884546269,0.9995363191021789,0.9999420483283837,0.9999950158485995,0.9996676300587524,0.9996893827433261,0.9996214923911322,0.9997788279195845,0.9997529461922194,0.9994787175447817,0.9991538357350693,0.996224008045652,0.9679395549858303,0.9212873340511899,0.8772894840909988,0.7614602642813779,0.9695620254690476
0.39,8.494105752995392,0.9943155647940133,0.9995406002062729,0.9999427239541158,0.9999950881217466,0.9996708057445644,0.9996923832166767,0.9996250709176664,0.9997810653574283,0.9997554149263489,0.9994834686244808,0.9991610625239912,0.9962496332490274,0.9680775616489622,0.9215456189055311,0.877629554820874,0.7619047484920888,0.9696391696802242
0.391,8.504128651449609,0.9943511159239303,0.9995448299745954,0.9999433898577231,0.9999951591505405,0.9996739423586347,0.9996953464394288,0.9996286057399898,0.9997832739974103,0.9997578521971098,0.9994881633154092,0.9991682076346076,0.9962750131992603,0.9682145851074695,0.9218023260965748,0.8779677265095334,0.7623471692011234,0.9697158667244103
0.392,8.514123913235293,0.9943863455647803,0.9995490091480024,0.9999440462030554,0.9999952289595061,0.9996770404769756,0.9996982729652628,0.9996320974987902,0.9997854542809536,0.9997602584826232,0.9994928024239695,0.9991752721880287,0.9963001508286795,0.968350634600607,0.9220574686880122,0.8783040137247811,0.762787539964275,0.9697921203255917
0.393,8.524091652501147,0.9944212573861211,0.9995531384549632,0.9999446931508214,0.999995297572628,0.9996801006657898,0.9997011633383572,0.999635546823893,0.9997876066416963,0.9997626342526453,0.9994973867431948,0.9991822572874329,0.9963250490280106,0.9684857192611577,0.9223110596088716,0.8786384308944092,0.7632258742236128,0.9698679341673115
0.394,8.534031982768102,0.99445585500747,0.9995572186117951,0.9999453308586567,0.9999953650133622,0.9996831234816601,0.9997040180935729,0.9996389543344686,0.9997897315056475,0.9997649799687325,0.9995019170530004,0.9991891640183919,0.9963497106470549,0.9686198481168774,0.9225631116551677,0.8789709923078014,0.763662185308638,0.9699433118932136
0.395,8.54394501693364,0.9944901419990938,0.9995612503228926,0.9999459594811887,0.99999543130465,0.9996861094717331,0.9997068377566326,0.9996423206392369,0.9997918292913371,0.9997672960844018,0.9995063941204286,0.9991959934491899,0.9963741384953568,0.9687530300919169,0.9228136374915268,0.8793017121175147,0.7640964864374219,0.9700182571075757
0.396,8.553830867276051,0.9945241218827834,0.9995652342809511,0.9999465791701013,0.9999954964689298,0.9996890591739003,0.9997096228442973,0.9996456463366659,0.9997939004099641,0.9997695830452894,0.99951081869989,0.9992027466311368,0.9963983353428587,0.9688852740082226,0.9230626496527904,0.8796306043408406,0.7645287907177325,0.9700927733758378
0.397,8.563689645458696,0.994557798132616,0.9995691711671884,0.9999471900741971,0.9999955605281499,0.9996919731169748,0.9997123738645389,0.9996489320151674,0.9997959452655412,0.9997718412893043,0.9995151915333982,0.9992094245988749,0.9964223039205428,0.969016588586914,0.9233101605455947,0.8799576828613449,0.7649591111481481,0.9701668642251184
0.398,8.573521462534183,0.9945911741757029,0.9995730616515581,0.9999477923394582,0.9999956235037795,0.9996948518208637,0.9997150913167087,0.9996521782532874,0.9997979642550358,0.9997740712467794,0.9995195133508007,0.9992160283706778,0.9964460469210626,0.9691469824496416,0.9235561824499293,0.8802829614303889,0.7653874606191564,0.9702405331447229
0.399,8.583326428948567,0.9946242533929239,0.9995769063929618,0.9999483861091064,0.9999956854168207,0.9996976957967385,0.9997177756917024,0.9996553856198938,0.9997999577685089,0.9997762733406191,0.9995237848700047,0.9992225589487465,0.9964695669993625,0.9692764641199225,0.9238007275206733,0.8806064536686283,0.7658138519142421,0.9703137835866462
0.4,8.593104654545453,0.9946570391196499,0.9995807060394545,0.9999489715236612,0.99999574628782,0.9997005055471997,0.9997204274721221,0.9996585546743582,0.9998019261892498,0.9997784479864438,0.9995280067971983,0.9992290173194961,0.9964928667732851,0.9694050420244567,0.9240438077891102,0.880928173067496,0.7662382977109604,0.9703866189660657
