Beta,R_0,R1,R2,R3,R4,R5,R6,R7,R8,R9,R10,R11,R12,R13,R14,R15,R16,R_all
0.0,0.0,0.0,0.0,0.0,0.0,0.0,0.0,0.0,0.0,0.0,0.0,0.0,0.0,0.0,0.0,0.0,0.0,0.0
0.001,0.07884254685942174,0.0,0.0,0.0,0.0,0.0,0.0,0.0,0.0,0.0,0.0,0.0,0.0,0.0,0.0,0.0,0.0,0.0
0.002,0.1572148598409543,0.0,0.0,0.0,0.0,0.0,0.0,0.0,0.0,0.0,0.0,0.0,0.0,0.0,0.0,0.0,0.0,0.0
0.003,0.23512113330029732,0.0,0.0,0.0,0.0,0.0,0.0,0.0,0.0,0.0,0.0,0.0,0.0,0.0,0.0,0.0,0.0,0.0
0.004,0.31256551185770753,1.6653345369377348e-15,3.552713678800501e-15,3.774758283725532e-15,3.1086244689504383e-15,2.220446049250313e-15,1.9984014443252818e-15,1.887379141862766e-15,1.9984014443252818e-15,1.9984014443252818e-15,1.6653345369377348e-15,1.4432899320127035e-15,1.2212453270876722e-15,1.2212453270876722e-15,3.3306690738754696e-16,4.440892098500626e-16,1.1102230246251565e-16,2.4512234478258834e-15
0.005,0.389552091133005,0.0,0.0,0.0,0.0,0.0,0.0,0.0,0.0,0.0,0.0,0.0,0.0,0.0,0.0,0.0,0.0,0.0
0.006,0.4660849184675836,0.0,0.0,0.0,0.0,0.0,0.0,0.0,0.0,0.0,0.0,0.0,0.0,0.0,0.0,0.0,0.0,0.0
0.007,0.5421679936336925,0.0,0.0,0.0,0.0,0.0,0.0,0.0,0.0,0.0,0.0,0.0,0.0,0.0,0.0,0.0,0.0,0.0
0.008,0.61780526953125,1.1102230246251565e-16,2.55351295663786e-15,2.55351295663786e-15,5.551115123125783e-16,2.220446049250313e-16,1.1102230246251565e-16,3.3306690738754696e-16,4.440892098500626e-16,4.440892098500626e-16,1.1102230246251565e-16,1.1102230246251565e-16,2.220446049250313e-16,2.220446049250313e-16,2.220446049250313e-16,2.220446049250313e-16,1.1102230246251565e-16,8.864814292760153e-16
0.009,0.693000652872444,2.220446049250313e-15,5.995204332975845e-15,6.217248937900877e-15,3.774758283725532e-15,2.4424906541753444e-15,2.3314683517128287e-15,2.3314683517128287e-15,2.3314683517128287e-15,2.220446049250313e-15,1.9984014443252818e-15,1.6653345369377348e-15,1.4432899320127035e-15,1.5543122344752192e-15,5.551115123125783e-16,6.661338147750939e-16,2.220446049250313e-16,3.4097787149990993e-15
0.01,0.767758004854369,0.0,0.0,0.0,0.0,0.0,0.0,0.0,0.0,0.0,0.0,0.0,0.0,0.0,0.0,0.0,0.0,0.0
0.011,0.8420811418199419,5.551115123125783e-16,2.6645352591003757e-15,2.9976021664879227e-15,2.1094237467877974e-15,6.661338147750939e-16,4.440892098500626e-16,4.440892098500626e-16,5.551115123125783e-16,6.661338147750939e-16,4.440892098500626e-16,3.3306690738754696e-16,3.3306690738754696e-16,3.3306690738754696e-16,2.220446049250313e-16,3.3306690738754696e-16,1.1102230246251565e-16,1.3184167104920516e-15
0.012,0.9159738359073359,1.0103029524088925e-14,2.942091015256665e-14,3.019806626980426e-14,1.9984014443252818e-14,1.0880185641326534e-14,9.2148511043888e-15,9.880984919163893e-15,9.992007221626409e-15,9.43689570931383e-15,8.215650382226158e-15,7.771561172376096e-15,6.994405055138486e-15,5.995204332975845e-15,3.6637359812630166e-15,3.3306690738754696e-15,1.7763568394002505e-15,1.6107478563647027e-14
0.013,0.9894398156881618,1.9103309101264898e-07,5.910456045699064e-07,6.248627334448642e-07,3.8935105151072236e-07,2.000956419445643e-07,1.7458300638484303e-07,1.8803229251407316e-07,1.8994796402438396e-07,1.8592348460799712e-07,1.5815373277661138e-07,1.5031051370240078e-07,1.338032147302215e-07,1.1424931389836246e-07,7.282343283954162e-08,6.953786491070701e-08,3.7610085712458385e-08,3.180237272870739e-07
0.014,1.0624827667946257,0.0455042594289653,0.13081358138953125,0.13743224703605605,0.09100638321817123,0.04872561144500087,0.0425418881284243,0.045206379319610135,0.0456260141936462,0.04474588477003194,0.038388819696338006,0.036629323220501386,0.032606286248886285,0.027724813992078823,0.017398523806940625,0.016629872962806824,0.00901919221315206,0.07299997220129413
0.015,1.135106332535885,0.09692835171584946,0.25760519208030097,0.26889654246833683,0.18890287718187404,0.10584983731839925,0.09266010772151378,0.09718248904051363,0.09797842752438468,0.09627327517803785,0.08333565062016046,0.07986068348442688,0.07112937331156266,0.06025842850273466,0.03723711127345608,0.03562592641608242,0.019383454856065185,0.14956693212114247
0.016,1.2073141145038169,0.14630297886929267,0.3620871738401852,0.3758338842155684,0.27715944418566385,0.16206818781006826,0.1424421460421319,0.14780420400494554,0.1488553833999574,0.14650151008897416,0.127826329770528,0.12298622453783559,0.10965665216885578,0.09266169595867169,0.056543785934343394,0.05413933873994303,0.02954994870627703,0.21804187779047163
0.017,1.279109673168411,0.19349455858431097,0.4488877849799705,0.46364897438448627,0.35589718862055064,0.21651251454262355,0.1912207162054561,0.19669523730456084,0.19789245254337384,0.19503037307300763,0.17138826937061935,0.16550230267434907,0.14778041411154064,0.12468052853011391,0.07531646446093687,0.07216007621311593,0.039510787294625316,0.27952381402749144
0.018,1.3504965284629982,0.23841585740921034,0.5215321699154551,0.5363922629244839,0.4256742688983919,0.26859084107505105,0.23848588717461183,0.2435753251575643,0.24482668221422244,0.24156922733415664,0.21366093879315995,0.2070095633417438,0.18516933960244175,0.1561059763800805,0.09355480924106685,0.08968257110864608,0.049260664746152205,0.3349031807631775
0.019,1.4214781603595081,0.2810248720040437,0.5827364172673006,0.5971336919269425,0.48726867748121827,0.3179371126312355,0.2838726144799776,0.28825509730272125,0.2894876132050157,0.28592614717831455,0.25438535991536315,0.2472076976197497,0.22156686378433266,0.18677410638819403,0.1112611019183063,0.10670575870129473,0.058796762660649704,0.3849192788840399
0.02,1.4920580094339624,0.3213199827330794,0.6346166177494534,0.6482254670630787,0.5415349667293934,0.36435949068571916,0.3271402425655787,0.33062472691236533,0.33178348238087496,0.3279925245267399,0.2933890919584188,0.2858840356158211,0.25678422466343054,0.2165624239965478,0.1284404856811142,0.1232326294542736,0.0681184348272289,0.43019693008830195
0.021,1.5622394774223896,0.35933332968983367,0.6788385102682815,0.6914888636194056,0.5893192883647578,0.40779473880065964,0.3681497986363159,0.37064021767655286,0.37168621896631415,0.36772687121896497,0.3305704346410645,0.3228998916699537,0.2906912077903375,0.24538471716329002,0.14510085925380745,0.1392696312490478,0.07722685219638414,0.4712712016432679
0.022,1.6320259277673546,0.395123689474009,0.7167257550616764,0.7283482744013361,0.6314140535632067,0.4482708560671941,0.4068421700329663,0.40830956353298054,0.4092171074904577,0.4051396315089838,0.36588360050775215,0.3581767836923502,0.3232063031332699,0.273185383534318,0.16125256822995637,0.1548260392314652,0.08612466105061156,0.508604802400653
0.023,1.7014206861552854,0.4287696609077709,0.7493392494473007,0.7599283196435586,0.6685373255354967,0.4858778092503244,0.4432186947127754,0.44368002871791146,0.4444340510451147,0.4402798465220188,0.39932563820590283,0.39168366946573585,0.3542872622829021,0.2999338628491006,0.17690799091856013,0.1699133450093907,0.09481566989120827,0.5426007711651647
0.024,1.7704270410447762,0.46036361487705213,0.7775359686453497,0.7871248988619457,0.7013267037272785,0.5207453416259711,0.477324769566003,0.4768271543159648,0.4774208148846599,0.47322397176749875,0.43092537824778365,0.42342575782780323,0.3839225918977076,0.32561952805871774,0.1920810890371274,0.184544694826983,0.103304571003075,0.5736120484293922
0.025,1.8390482441860465,0.49000660717746414,0.8020131456026596,0.8106577037790184,0.7303411651895639,0.5530265994779805,0.5092365353182323,0.5078456809852948,0.5082782942234022,0.5040668346361498,0.4607343879499183,0.4534350856269287,0.4121242215143126,0.350247209319023,0.20678697128863377,0.19873439413178118,0.11159669938410322,0.6019489313167675
0.026,1.9072875111317253,0.5178042829603048,0.8233418127790642,0.8311094187705395,0.7560668896488019,0.5828863571499506,0.5390503959188554,0.5368423244913818,0.5371176571206854,0.5329145447601411,0.4888197669379275,0.48176282680918037,0.4389213914100246,0.37383340538839394,0.2210414987331608,0.2124974863162027,0.11969782938860507,0.6278850500028423
0.027,1.9751480217391302,0.543863701279994,0.841992525197117,0.8489552685962327,0.7789247458645386,0.6104927736119445,0.5668749904447785,0.5639302057602646,0.5640551187647265,0.5598790890304537,0.5152585417229301,0.5084731753964373,0.46435569128856946,0.39640316220875904,0.23486094601550445,0.22584940588406566,0.1276140074142489,0.6516622770347419
0.028,2.042632920664207,0.5682909593794485,0.8583552679967458,0.8645854983264818,0.7992781389045185,0.6360117988594376,0.5928251965284421,0.5892246820871319,0.5892080734447678,0.585074321891863,0.5401333975341214,0.5336385879567112,0.4884771211870811,0.4179875569730288,0.24826172221855614,0.238805701149994,0.13535141747573243,0.6734948381628623
0.029,2.109745317847286,0.5911894810497301,0.8727549914015429,0.8783226282635797,0.817440532537562,0.6596035291306894,0.61701776296072,0.6128403202152976,0.6126923190470726,0.6086130756401114,0.5635294964995188,0.5573361586436236,0.511341023733638,0.43862170756918994,0.26126014876606607,0.25138181866534537,0.14291627565991016,0.6935728037888175
0.03,2.176488288990826,0.6126588377463873,0.8854638257347238,0.8904348101712154,0.8336823209371409,0.6814199690522642,0.6395682161079967,0.6348887728401293,0.634620137410028,0.6306051473713692,0.5855321583611024,0.5796449124603953,0.533005737261427,0.45834322355549306,0.27387228841727895,0.26359294038612,0.15031474917000076,0.7120650841968417
0.031,2.2428648760292775,0.6327939854058846,0.8967107533807271,0.9011462484611075,0.8482369285300655,0.7016037908657661,0.6605887417399605,0.6554773528269691,0.6550990301486141,0.6511559576168263,0.6062252132844872,0.6006438273098866,0.5535308319252203,0.4771910195040998,0.2861138180175069,0.27545386459105325,0.1575528957832285,0.7291220166444844
0.032,2.3088780875912414,0.6516848179120494,0.9066893171037772,0.9106453929614108,0.8613061284111009,0.7202877861949154,0.6801868003251739,0.674708135078474,0.6742309463978977,0.670365713848543,0.6256898700239992,0.6204104245413535,0.5729758090177033,0.4952044203746515,0.2979999375193384,0.2869789222372261,0.164636619906953,0.7448776100557138
0.033,2.3745308994540495,0.6694159563640454,0.915563800930313,0.919091426037375,0.8730646265985622,0.737594787444745,0.6984642846065112,0.6926774496786519,0.6921118725676642,0.6883289465263314,0.6440039735665408,0.6390197964433806,0.5913991629947599,0.5124224988513051,0.3095453083161399,0.298181921451774,0.17157164189623764,0.7594514984581009
0.034,2.4398262549909258,0.6860667098854883,0.9234742147906708,0.9266194341183255,0.8836639847635559,0.7536378978768848,0.7155170713224501,0.7094756594454126,0.7088316830695405,0.7051343147838901,0.6612415530379716,0.6565439651049185,0.6088577240108628,0.5288835947430437,0.32076401477042904,0.3090761139700473,0.17836347780419504,0.7729506443758828
0.035,2.5047670656108605,0.701711157949776,0.9305403363352945,0.9333445570350547,0.893235961839664,0.7685209156546402,0.7314348540946651,0.7251871396596706,0.724474174763096,0.7208646030263048,0.6774725828165191,0.6730514893382811,0.6254062149639096,0.5446249758106263,0.33166954375453894,0.3196741784071141,0.18501742722296943,0.7854708263042888
0.036,2.5693562111913355,0.7164183159447741,0.9368650052095453,0.9393653375879796,0.9018953533322418,0.7823388712255475,0.7463011724503716,0.7398903976559883,0.7391172269135218,0.7355968490399563,0.6927628977291871,0.6886072548051262,0.641096970798625,0.559682607415362,0.3422747779268326,0.3299882162209361,0.19153856731070773,0.7970979390704083
0.037,2.6335965405040507,0.7302523551343167,0.9425368212701862,0.9447664412080848,0.9097424009768457,0.7951786222360353,0.7601935737367622,0.75365828569249,0.7528330433892367,0.7494025593660811,0.7071742174351217,0.7032723973994917,0.6559797791604876,0.5740910051256239,0.352591999283161,0.3400297570640707,0.19793175147750353,0.8079091317029917
0.038,2.6974908716337525,0.7432728555994341,0.9476323649770413,0.949620876353374,0.9168648373604245,0.8071194680851116,0.7731838614213916,0.766558272730665,0.765688445354137,0.7623479793837304,0.7207642462245667,0.7171043217870701,0.6701018106622458,0.5878831499478081,0.36263290022679706,0.34980977092300947,0.2042016115202363,0.8179738040203691
0.039,2.7610419923903313,0.7555350764965525,0.952218032779982,0.9539918167995917,0.923339621707408,0.818233759027566,0.7853383959781786,0.7786527501078223,0.7777451914915933,0.7744943944653985,0.7335868230619964,0.7301567862847074,0.6835076143302539,0.6010904503139022,0.372408599988722,0.35933868501983124,0.21035256225683718,0.827354480285345
0.04,2.824252660714286,0.7670902323733307,0.956351560773226,0.9579341046605417,0.9292344150177284,0.8285874838021563,0.7967184241116029,0.7899993531666641,0.7890603094176704,0.7858984452994708,0.7456921032902362,0.7424800324679453,0.6962391595533234,0.6137427385204932,0.381929664712336,0.3686264039151834,0.2163888079215921,0.8361075758368702
0.041,2.8871256050756906,0.7779857676161208,0.9600832947621111,0.9614954959558878,0.9346088354832204,0.8382408261109464,0.8073804191937981,0.8006512862170263,0.7996864268844929,0.7966124455084321,0.7571267584214828,0.7541209434382921,0.7083359103529041,0.6258682921311842,0.39120612990553894,0.377682331621508,0.22231434975207154,0.8442840705069087
0.042,2.9496635248667853,0.7882656236015032,0.9634572531157108,0.9647176974868695,0.9395155287286422,0.8472486846699832,0.8173764210579877,0.8106576421518111,0.8096720950330378,0.8066846934261831,0.7679341842248101,0.7651232189195851,0.7198349212822714,0.6374938730669201,0.4002475242731376,0.38651539482743524,0.22813299433236733,0.8519301008105649
0.043,3.0118690907883083,0.7979704949787652,0.9665120195683903,0.9676372336985406,0.9440010819244482,0.8556611545439735,0.8267543671591912,0.8200637109465575,0.8190620986372986,0.8161597726440134,0.7781547101602684,0.775527558572839,0.730770946954636,0.6486447788369587,0.4090628941872414,0.39513406656279326,0.23384836236289674,0.8590874813167969
0.044,3.073744945229682,0.8071380728725396,0.9692814958902674,0.9702861743760507,0.948106806138803,0.8635239694730745,0.8355584099288018,0.8289112733937118,0.8278977502295535,0.8250788379357736,0.7878258053294988,0.7853718473524676,0.7411765592678875,0.6593449017073894,0.41766082824499484,0.40354638981138413,0.23946389760968645,0.865794164233568
0.045,3.135293702643172,0.815803273784015,0.971795538622326,0.9726927479045805,0.9518694073475719,0.8708789061911208,0.8438292171803637,0.8372388779542682,0.8362171663943925,0.8334798846153123,0.7969822776845867,0.7946913385558545,0.7510822679749719,0.6696167926456054,0.4260494815120991,0.41176000071596464,0.24498287585040313,0.8720846450482932
0.046,3.196517949912127,0.8239984536773342,0.9740804995267177,0.9748818600165615,0.955321563207583,0.8777641525326003,0.8516042538720003,0.8450820997008501,0.8440555255082278,0.841398000405716,0.8056564643940672,0.8035188315852088,0.7605166414531013,0.679481727683449,0.43423659916578783,0.4197821511252584,0.2504084136842043,0.8779903210290723
0.047,3.25742024671341,0.8317536072358251,0.976159685777317,0.976875534154363,0.9584924199280209,0.8842146415819082,0.8589180445489586,0.8524737810913046,0.8514453068879757,0.848865599618228,0.8138784121097067,0.8118848424557332,0.7695064254381254,0.6889597749609259,0.44222953933938924,0.42761973031327005,0.25574347711090806,0.8835398084943934
0.048,3.3180031258741263,0.8390965526145104,0.9780537530110522,0.9786932865639262,0.9614080212632782,0.8902623543408645,0.8658024164918094,0.8594442548362482,0.858416511777685,0.8559126399301149,0.8216760464878102,0.8198177658321824,0.7780766581794119,0.6980698611874245,0.45003529503805517,0.43527928576208175,0.2609908898143978,0.8887592239811875
0.049,3.3782690937227553,0.8460531022418858,0.9797810420237185,0.9803524468316885,0.964091679723996,0.8959365934560306,0.8722867240673177,0.8660215494722506,0.8649968669052481,0.8625668223761925,0.8290753307535131,0.8273440279220862,0.7862507809877098,0.7068298366205346,0.45766051504626737,0.4427670429450985,0.2661533411076008,0.8936724337677003
0.05,3.4382206304347833,0.8526472203661799,0.9813578680062258,0.9818684326512163,0.9665642984976882,0.901264230510245,0.8783980550832888,0.8722315784726606,0.8712120115278065,0.868853775373714,0.8361004134006633,0.8344882299479954,0.7940507435339663,0.7152565379390394,0.4651115237859801,0.4500889240817797,0.27123339351335296,0.8983012756249229
0.051,3.49786019037294,0.8589011681223887,0.9827987696862169,0.9832549860554453,0.9688446512322402,0.9062699292810259,0.8841614201327848,0.8780983138563481,0.8770856689872961,0.8747972237186923,0.8427737653272608,0.8412732822009853,0.8014971035420551,0.7233658485960802,0.47239434011263093,0.4572505658599122,0.27623348996817465,0.902665756166222
0.052,3.5571902024221456,0.8648356369337445,0.9841167244935561,0.9845243770967226,0.9709496257193645,0.9109763472285419,0.8895999260117096,0.8836439453174733,0.8826398038414149,0.8804191435486237,0.8491163068425407,0.8477205288722085,0.8086091207268429,0.731172756396155,0.4795146950569479,0.46425733613958853,0.28115596064543047,0.9067842267287194
0.053,3.6162130703192408,0.8704698710678243,0.985323334849673,0.985687579938837,0.9728944365829173,0.9154043173158474,0.8947349343324065,0.8888890259164492,0.8878947656382145,0.8857399042804419,0.8551475250657702,0.8538498639903388,0.8154048449793505,0.7386914081573772,0.4864780485353082,0.4711143496658128,0.2860030294012481,0.9106735403427124
0.054,3.674931172977625,0.8758217801528723,0.9864289898455084,0.9867544254952882,0.9746928112974396,0.9195730120963373,0.8995862064533224,0.8938526053579868,0.8928694203778155,0.890778398517048,0.860885582283101,0.859679838876937,0.8219011989071447,0.7459351614075231,0.4932896050617691,0.47782648282542783,0.29077681985152903,0.9143491920189306
0.055,3.733346864806867,0.8809080424311038,0.9874430058854805,0.9877337340687653,0.9763571532093243,0.9235000918359573,0.9041720358145465,0.8985523518470089,0.8975812706620165,0.8955521608807664,0.8663474158480237,0.8652277615815146,0.8281140549113097,0.7529166331259289,0.4999543285017781,0.48439838748972186,0.29547936109184336,0.9178254443007294
0.056,3.7914624760273976,0.8857441994879981,0.9883737493073917,0.9886334308887644,0.9778986846851632,0.927201838275828,0.9085093687210417,0.9030046634649977,0.9020465654788191,0.9000774766848524,0.8715488302111932,0.8705097887828995,0.8340583070297468,0.7596477455888504,0.506476955911914,0.49083450398748485,0.3001125930743278,0.9211154397834308
0.057,3.849280312980359,0.8903447431535703,0.989228743518106,0.9894606469841621,0.9793275730512955,0.9306932754877305,0.912613914556697,0.9072247699534165,0.9062804005090502,0.9043694812998151,0.8765045816524795,0.8755410106504186,0.8397479378064188,0.7661397694076902,0.5128620105123911,0.49713907325495066,0.3046783716571648,0.9242313020906644
0.058,3.9068026584327087,0.8947231952260594,0.9900147627941999,0.990221807446859,0.980653041600725,0.9339882791320937,0.916500246348001,0.9112268257312036,0.9102968097798796,0.9084422510135687,0.881228456266494,0.8803355291527785,0.8451960804623868,0.7724033638708923,0.519113813839999,0.5033161482094868,0.3091784733430206,0.9271842266133437
0.059,3.964031771877655,0.8988921806222472,0.9907379145712126,0.9909227088265614,0.9818834676162705,0.9370996752964963,0.9201818925296593,0.9150239949126489,0.9141088494274823,0.9123088861257742,0.885733341725706,0.8849065302882635,0.8504150766507164,0.7784486147138145,0.5252364971290395,0.509369604393408,0.3136145997231635,0.9299845621568704
0.06,4.020969889830509,0.9028634945130459,0.9914037117729381,0.9915685871335324,0.9830264690820535,0.9400393299723817,0.9236714206983125,0.9186285290321065,0.9177286742700618,0.9159815869589987,0.8900312933149458,0.889266350689925,0.8554165300763906,0.7842850694485172,0.5312340119669441,0.5153031499331377,0.31798838164392706,0.9326418845030553
0.061,4.077619226120034,0.9066481639589548,0.9920171365040286,0.9921641777061957,0.9840889815209369,0.9428182301184165,0.926980514076235,0.9220518381242466,0.9211676078339721,0.9194717234136238,0.8941335946992954,0.8934265390359878,0.860211356256352,0.789921770388658,0.5371101402698442,0.5211203348573659,0.32230138311191703,0.9351650627721463
0.062,4.13398197217538,0.9102565045180222,0.9925826962373459,0.9927137680161646,0.9850773261964356,0.9454465571601555,0.9301200413455727,0.9253045557536308,0.9244362064204041,0.9227898986405259,0.8980508138552202,0.8973979126702899,0.8648098286853141,0.7953672855047308,0.5428685036216032,0.5268245598159597,0.3265551049538722,0.9375623193648734
0.063,4.190060297308663,0.9136981722594197,0.9931044734657986,0.9932212443283288,0.9859972707482433,0.9479337536867474,0.9331001204559057,0.9283965985358045,0.9275443177484073,0.925946007355845,0.9017928545631967,0.9011906098113784,0.8692216216612233,0.8006297372426197,0.5485125720177954,0.5324190842393356,0.3307509882464905,0.9398412841723784
0.064,4.245856348993289,0.9169822115787886,0.9935861696517359,0.9936901330030498,0.9868540831861297,0.9502885840255593,0.9359301769540413,0.9313372206440549,0.9305011346620293,0.9289492892758686,0.9053690038295394,0.9048141377026887,0.8734558500111147,0.8057168294345578,0.5540456720540075,0.5379070339758355,0.3348904175308718,0.9420090436615475
0.065,4.301372253138076,0.920117099177224,0.9940311441911712,0.9941236371171308,0.9876525800436224,0.9525191893040579,0.9386189973350445,0.9341350637515088,0.9333152443450871,0.9318083781072233,0.9087879755760109,0.9082774170306128,0.8775211059442354,0.8106358724265873,0.5594709945956208,0.5432914084424734,0.3389747238254752,0.9440721853729598
0.066,4.356610114357262,0.9231107845340788,0.9944424490117562,0.9945246689866862,0.9883971693873197,0.9546331375442857,0.941174777867588,0.9367982028173383,0.9359946734464334,0.9345313464881372,0.9120579509083173,0.9115888229125836,0.881425493245195,0.8153938065409103,0.5647916019640411,0.5485750873222539,0.34300518745076336,0.9460368383071659
0.067,4.41157201623647,0.9259707271746255,0.9948228593396758,0.9948958790955497,0.989091889287146,0.9566374692781024,0.9436051693046283,0.9393341880883403,0.9385469294814125,0.937125747240404,0.9151866152488762,0.9147562227338266,0.8851766590058937,0.8199972239854246,0.5700104346721739,0.5537608368391431,0.3469830406779437,0.947908709621061
0.068,4.466260021594685,0.9287039310068818,0.9951749010991765,0.9952396818651635,0.9897404422750697,0.9585387391203146,0.9459173178519789,0.9417500836528941,0.9409790388412785,0.9395986512586425,0.9181811925952846,0.917787011089268,0.8887818230812972,0.824452389316412,0.5751303177398333,0.5588513156397241,0.35090947021346464,0.9496931180087772
0.069,4.520676172742337,0.9313169759774649,0.9955008753473035,0.9955582786440834,0.9903462262528273,0.9603430536912904,0.9481179027323794,0.9440525028531009,0.9432975817115091,0.9419566823333582,0.9210484771437605,0.9206881420663543,0.8922478054409708,0.8287652585540359,0.5801539666177525,0.563849080308624,0.35478561953021814,0.9513950240999365
0.07,4.574822491735538,0.9338160472740122,0.9958028800940336,0.9958536782457604,0.9909123622514309,0.9620561062400319,0.9502131706508762,0.9462476408325181,0.9455087241719172,0.9442060491769212,0.9237948624963606,0.9234661590851998,0.8955810515757177,0.8329414970440419,0.5850839927469225,0.5687565905429237,0.35861259105568155,0.9530190581714809
0.071,4.628700980626546,0.9362069622813706,0.9960828298129732,0.9961277153208239,0.9914417193953176,0.9636832082824667,0.9522089674385106,0.9483413044711487,0.9476182477260595,0.9463525748967256,0.9264263686519786,0.9261272224945681,0.8987876561067989,0.836986496152992,0.5899229087781498,0.5735762140090104,0.36239144822657365,0.9545695454370596
0.072,4.682313621710526,0.9384951954802367,0.9963424729090506,0.9963820668136109,0.9919369373807827,0.9652293185374093,0.9541107671252164,0.950338939935981,0.9496315764844117,0.9484017241372252,0.9289486669638545,0.9286771351056203,0.9018733847340394,0.840905388878519,0.5946731334750023,0.5783102309036797,0.3661232174189586,0.956050529149502
0.073,4.735662377768663,0.9406859014600943,0.9965834073762101,0.9966182667212534,0.9924004467408596,0.9666990694138333,0.9559236986692127,0.9522456580542183,0.9515538022049453,0.9503586280921139,0.9313671032305295,0.931121365830108,0.9048436946486708,0.8447030644505042,0.5993369963216741,0.5829608382397315,0.36980888976212833,0.9574657917267705
0.074,4.788749192307693,0.942783936202986,0.9968070948492368,0.9968377193465074,0.9928344871362489,0.968096791277379,0.9576525705488403,0.9540662576971858,0.9533897073758881,0.9522281075694011,0.9336867190727268,0.9334650715756505,0.9077037535270233,0.848384181993801,0.603916741855778,0.5875301538748685,0.37344942284402294,0.9588188740895834
0.075,4.841575989795919,0.9447938767807587,0.9970148732288369,0.9970417112120331,0.9932411238835613,0.9694265347010725,0.9593018934034973,0.9558052473455653,0.9551437865083963,0.9540146942753774,0.9359122717354379,0.9357131175378564,0.9104584572121239,0.8519531833181235,0.6084145337446452,0.5920202203013313,0.3770457423154199,0.9601130933791958
0.076,4.894144675895766,0.9467200395958029,0.9972079680374039,0.9972314217834974,0.9936222629074385,0.9706920908847342,0.960875900892919,0.9574668649909478,0.9568202657914612,0.9557226504683056,0.9380482524424646,0.9378700960172494,0.9131124461818735,0.8554143048960514,0.6128324586223968,0.5964330082124683,0.3805987433996184,0.9613515592064125
0.077,4.946457137692932,0.9485664972838378,0.9973875026440543,0.9974079331312045,0.9939796642815442,0.9718970104092356,0.962378568928316,0.9590550965145017,0.9584231212474279,0.9573559871189449,0.9400989034196795,0.9399403438781495,0.9156701208947091,0.8587715890856885,0.6171725297037867,0.6007704198612436,0.38410929231387536,0.9625371885674087
0.078,4.9985152439222045,0.9503370943869022,0.9975545074811086,0.9975722386445931,0.9943149545045576,0.973044620475395,0.963813633414681,0.9605736926707507,0.9599560955139147,0.9589184807026128,0.9420682336932735,0.9419279587567843,0.9181356560965065,0.8620288946504384,0.6214366901897008,0.6050342922246211,0.38757822760841754,0.9636727195481751
0.079,5.050320845189976,0.9520354618952588,0.9977099283598834,0.9977252509005505,0.9946296376407745,0.9741380407626411,0.9651846066307497,0.96202618479285,0.9614227133665217,0.960413688736244,0.9439600337601436,0.9438368141168658,0.9205130141658588,0.8651899066245212,0.6256268164780934,0.6092263999867311,0.39100636142844203,0.9647607239271742
0.08,5.101875774193548,0.9536650307483502,0.9978546339811646,0.9978678087747983,0.9949251054404246,0.9751801980294676,0.9664947923615224,0.9634158993252702,0.9628262960864251,0.9618449641637511,0.9457778892192791,0.9456705732426286,0.9228059575687977,0.8682581455693191,0.6297447211931784,0.6133484583528195,0.39439448070414074,0.9658036187748797
0.081,5.153181845937248,0.9552290443771567,0.9979894227248015,0.9980006838753849,0.9952026465420793,0.976173839565942,0.9677472998877831,0.9647459712803067,0.9641699747676253,0.9632154686837799,0.9475251934454461,0.9474327022517806,0.9250180604884127,0.8712369762623351,0.633792156044765,0.6174021257050859,0.39774334827343105,0.9668036771391612
0.082,5.204240857945425,0.9567305703632342,0.9981150287932775,0.9981245863683624,0.9954634548483141,0.9771215455980008,0.9689450569276046,0.9660193567062454,0.9654567026501927,0.9645281851056273,0.9492051593795904,0.9491264822039486,0.9271527196896907,0.8741296158574917,0.6377708145287693,0.6213890061107408,0.401053703941748,0.9677630378967783
0.083,5.255054590472379,0.9581725112832803,0.9982321277757134,0.9982401702578718,0.9957086371559116,0.9780257407338075,0.9700908216162762,0.9672388442472423,0.9666892665582112,0.9657859288115351,0.9508208305041109,0.9507550203739155,0.9292131646751471,0.876939141552667,0.6416823344791602,0.6253106516918536,0.40432626548294803,0.9686837148435088
0.084,5.3056248067092655,0.9595576148022417,0.9983413416913676,0.9983480381759563,0.9959392201131791,0.9788887045339617,0.9711871936033648,0.9684070658679333,0.9678702975142159,0.9669913583967368,0.9523750910654495,0.9523212607532179,0.9312024671824919,0.8796684977977405,0.6455283004808643,0.6291685648658945,0.4075617295850903,0.9695676050884798
0.085,5.355953252988048,0.9608884830726556,0.9984432435651994,0.9984487457313476,0.9961561565692505,0.9797125812797162,0.9722366243386257,0.9695265068094063,0.9690022805956453,0.9681469855524291,0.9538706756012367,0.9538279938384372,0.9331235500715613,0.8823205030739926,0.6493102461524656,0.6329642004652176,0.4107607727446033,0.9704164968120558
0.086,5.406041658982511,0.9621675814930928,0.9985383615823302,0.9985428054611205,0.9963603313734272,0.9804993890065049,0.9732414266121531,0.9705995148373903,0.970087564093158,0.9692551842512207,0.9553101778245002,0.9552778657597439,0.9349791956440933,0.884897856273466,0.6530296563069404,0.6366989677431785,0.41392405211210037,0.9712320764410712
0.087,5.455891737906423,0.9633972468741646,0.9986271828631816,0.9986306904243828,0.9965525666765742,0.9812510278638984,0.9742037834084237,0.9716283088382597,0.9711283680255057,0.9703181992894978,0.956696058913115,0.9566733867988843,0.936772053436539,0.887403142704811,0.6566879689980595,0.6403742322740027,0.41705220629287254,0.972015935290172
0.088,5.50550518670886,0.9645796950565568,0.9987101568966006,0.9987128374729961,0.9967336267812321,0.9819692878575501,0.9751257561286989,0.9726149868137024,0.972126792060983,0.9713381542365174,0.9580306552487355,0.9580169393418221,0.9385046475230256,0.8898388397502325,0.6602865774595813,0.6439913177530493,0.4201458561049026,0.97276957571355
0.089,5.554883686266772,0.9657170280218974,0.9987876986643304,0.9987896502306276,0.9969042225823416,0.9826558560236738,0.9760092922315353,0.9735615333205637,0.9730848228912231,0.9723170588358252,0.9593161856458555,0.9593107853075972,0.9401793833627246,0.8922073221963732,0.6638268319438436,0.6475515077036333,0.4232056052970119,0.9734944168073018
0.09,5.604028901574803,0.9668112405339444,0.9988601914866795,0.9988615018081594,0.9970650156362505,0.9833123230820704,0.9768562323368882,0.9744698263984598,0.9740043410992593,0.9732568159007666,0.9605547581083554,0.9605570730916397,0.9417985542232805,0.8945108672603385,0.6673100414659192,0.651056047096151,0.426232041229613,0.9741917996990006
0.091,5.652942481932443,0.9678642263445414,0.998927989616136,0.9989287372805778,0.9972166218918989,0.9839401896096351,0.9776683168354119,0.9753416440241796,0.9748871275602542,0.9741592277423777,0.961748376147904,0.9617578440587333,0.9433643472095538,0.8967516593305532,0.6707374754590739,0.654506143884849,0.42922573552034293,0.9748629924577881
0.092,5.701626061128526,0.9688777839960216,0.9989914206029167,0.9989916759478872,0.9973596151147206,0.9845408717725802,0.9784471920410375,0.9761786701286436,0.9757348694101176,0.9750260021647752,0.9628989446958387,0.9629150386180348,0.9448788489247166,0.8989317944407395,0.6741103653468642,0.6579029704672202,0.4321872446567161,0.9755091946553326
0.093,5.750081257623143,0.9698536222492097,0.999050787453983,0.9990506134002936,0.9974945300307969,0.9851157066522693,0.9791944159217136,0.9769825002092347,0.9765491656143224,0.9758587580602758,0.9640082756376479,0.9640305019100123,0.9463440507887249,0.901053284494017,0.6774299060368607,0.6612476650706576,0.435117110577774,0.9761315416053273
0.094,5.7983096747269895,0.9707933651638647,0.9991063706048764,0.9991058234058686,0.9976218652161201,0.9856659571965347,0.9799114634402789,0.9777546465676215,0.977331532166586,0.9766590306338493,0.9650780929968884,0.9651059891328289,0.9477618540373143,0.9031180612529317,0.6806972573406416,0.6645413330706946,0.43801586122660197,0.9767311083067771
0.095,5.8463129007782095,0.9716985568562913,0.9991584297217764,0.999157559637074,0.9977420857534255,0.9861928168256091,0.9805997315347913,0.9784965432007403,0.978083406944671,0.9774282762841091,0.9661100377932762,0.9661431705335641,0.9491340744229608,0.90512798011011,0.6839135453243861,0.6677850482448642,0.4408840110754296,0.9773089131141511
0.096,5.894092509316771,0.9725706659569153,0.9992072053494493,0.9992060572509087,0.9978556256769034,0.9866974137193175,0.9812605437652251,0.9792095503703654,0.9788061542483629,0.9781678771658567,0.9671056725977711,0.9671436360877046,0.9504624466376603,0.9070848236532225,0.687079863594116,0.6709798539659331,0.44372206162493877,0.9778659211554784
0.097,5.94165005925639,0.9734110897888552,0.9992529204192075,0.9992515343359862,0.997962890223176,0.9871808148099228,0.9818951546512504,0.9798949588746533,0.9795010690426715,0.978879145457201,0.9680664858057177,0.968108899888544,0.9517486284759312,0.9089903050369872,0.6901972745193559,0.6741267643380322,0.4465305018792868,0.9784030475176869
0.098,5.988987095054096,0.9742211582868925,0.999295781629609,0.9992941932385495,0.998064257905198,0.9876440295029704,0.9825047537238067,0.9805539940431837,0.9801693809274719,0.9795633273524473,0.9689938956474952,0.9690404042664821,0.9529942047551077,0.9108460711740743,0.6932668103987462,0.6772267652789559,0.44930980879825577,0.9789211602168498
0.099,6.036105146877409,0.9750021376747728,0.9993359807113915,0.9993342217782731,0.9981600824241879,0.9880880131466159,0.9830904693113537,0.9811878194753169,0.9808122578531282,0.9802216068002845,0.9698892539546533,0.969939523656703,0.9542006910087508,0.9126537057559643,0.6962894745709002,0.6802808155516977,0.4520604477278438,0.9794210829695251
0.1,6.083005730769231,0.975755233917395,0.9993736955870209,0.9993717943636551,0.9982506944332967,0.9885136702682311,0.9836533720800159,0.9817975405401276,0.9814308096001072,0.9808551090052712,0.9707538496981538,0.9708075682323257,0.9553695369678762,0.9144147321140562,0.6992662424735945,0.6832898477480926,0.45478287281053587,0.9799035977800322
0.101,6.1296903488104375,0.9764815959632082,0.9994090914342398,0.9994070730158704,0.9983364031654725,0.9889218575955386,0.9841944783453113,0.9823842076547539,0.9820260910391925,0.9814649037092298,0.9715889123140933,0.9716457873188433,0.9565021298436387,0.9161306159306386,0.7021980626541684,0.6862547692272348,0.457477527376402,0.9803694473572921
0.102,6.176160489280245,0.9771823187909828,0.9994423216621088,0.9994402083091183,0.9984174979368368,0.9893133868781265,0.984714753171764,0.9829488193566925,0.9825991051876236,0.9820520082678735,0.972395614831143,0.9724553726044971,0.957599797424156,0.9178027678086813,0.7050858577338421,0.6891764630111933,0.46014484431610736,0.980819337373739
0.103,6.222417626814362,0.9778584462740753,0.9994735288072281,0.9994713402347399,0.9984942495358786,0.9896890275239136,0.985215113275425,0.9834923251843818,0.9831508060753125,0.9826173905368253,0.973175076812887,0.9732374611601532,0.9586638109972542,0.9194325457088198,0.7079305253284773,0.6920557886403614,0.4627852464368417,0.9812539385778056
0.104,6.268463222560976,0.97851097387433,0.9995028453571081,0.999500598995707,0.9985669115078423,0.9900495090639705,0.9856964297431579,0.9840156283793128,0.983682101434209,0.9831619715801075,0.9739283671272756,0.973993138281257,0.9596953881100938,0.9210212572613418,0.7107329389281458,0.6948935829906466,0.4653991468021149,0.9816738887705554
0.105,6.314298724334601,0.979140851176882,0.9995303945070071,0.9995281057374693,0.9986357213428563,0.990395523458035,0.9861595305814828,0.9845195884219127,0.984193855222903,0.9836866282132012,0.9746565065545229,0.9747234401635304,0.9606956951758769,0.9225701619604803,0.7134939487377339,0.697690661054559,0.46798694905630667,0.982079794656196
0.106,6.3599255667678305,0.9797489842762981,0.9995562908559686,0.9995539732206017,0.998700901575598,0.9907277272520902,0.9866052031067897,0.9850050234125165,0.9846868899976405,0.9841921953918656,0.9753604702439566,0.9754293564232318,0.9616658499371271,0.924080473247837,0.7162143824806608,0.7004478166881345,0.4705490477348031,0.9824722335754408
0.107,6.405345171461015,0.9803362380237403,0.9995806410472668,0.999578306440191,0.9987626608036059,0.9910467435984801,0.9870341961878343,0.985472712307902,0.9851619891401007,0.9846794684570764,0.9760411900295757,0.9761118324720279,0.9626069237943851,0.9255533604913169,0.7188950461676649,0.7031658233255009,0.47308582856049686,0.9828517551299787
0.108,6.45055894712991,0.9809034381441452,0.9996035443579893,0.9996012031964588,0.9988211946307354,0.9913531641482286,0.9874472223506101,0.9859233970230831,0.9856198989515128,0.9851492052456802,0.9766995566133768,0.9767717717558081,0.963519944008558,0.9269899508655457,0.721536724832494,0.7058454346627934,0.4755976687273852,0.9832188827056745
0.109,6.495568289751319,0.9814513732317688,0.9996250932420612,0.9996227546207116,0.9988766865416943,0.9916475508244802,0.9878449597549316,0.9863577844073439,0.9860613306219924,0.9856021280756577,0.9773364216248664,0.9774100378661155,0.9644058957846073,0.9283913311393637,0.7241401832362226,0.7084873853130158,0.4780849371719512,0.983574114901527
0.11,6.540374582706767,0.9819807966318553,0.9996453738306251,0.9996430456603399,0.9989293087130864,0.9919304374852974,0.9882280540513698,0.9867765481028383,0.9864869620833238,0.9860389256142414,0.9779525995645886,0.9780274565322585,0.9652657242437358,0.9297585493756232,0.7267061665418145,0.711092391433347,0.48054799483297506,0.9839179268708866
0.111,6.584979196924232,0.9824924282156472,0.9996644663933401,0.9996621555262636,0.9989792227659321,0.9922023314834271,0.988597120126544,0.9871803302934743,0.9868974397528236,0.9864602546365391,0.978548869638948,0.9786248175016049,0.9661003362907628,0.9310926165482011,0.7292354009604508,0.7136611513263069,0.4829871949003778,0.9842507715809257
0.112,6.629383491017965,0.9829869560554461,0.9996824457638485,0.9996801581059153,0.9990265804642133,0.9924637151300718,0.9889527437441852,0.987569743351246,0.9872933801753703,0.9868667416817642,0.9791259774931058,0.9792028763150408,0.9669106023829298,0.9323945080808198,0.7317285943710603,0.7161943460161075,0.4854028830536715,0.98457308099591
0.113,6.673588811426439,0.9834650380059713,0.9996993817323699,0.9996971223445867,0.9990715243636141,0.9927150470691776,0.9892954830888482,0.9879453713866639,0.9876753715701752,0.9872589846136709,0.979684636848258,0.9797623559840981,0.9676973582059655,0.933665165311988,0.7341864369143946,0.7186926398014366,0.4877953976905465,0.9848852671894138
0.114,6.717596492548436,0.9839273031978343,0.9997153394081236,0.9997131125977136,0.9991141884142759,0.9929567635682625,0.9896258702186511,0.9883077717094577,0.9880439752884113,0.9876375540913204,0.9802255310491764,0.9803039485758072,0.96846140626286,0.9349054968901052,0.7366096015629171,0.72115668078585,0.4901650701461039,0.9851877233902144
0.115,6.761407856877325,0.9843743534485461,0.999730379554043,0.9997281889564532,0.999154698521077,0.9931892797313702,0.9899444124329622,0.9886574762052935,0.9883997271873767,0.9880029949558801,0.9807493145274911,0.9808283167109214,0.9692035173804436,0.9361163801025288,0.7389987446677051,0.7235871013868819,0.492512224903202,0.9854808249662836
0.116,6.805024215133532,0.9848067645961096,0.9997445588960334,0.9997424075487077,0.9991931730646529,0.9934129906393193,0.9902515935605326,0.9889949926338413,0.988743138926479,0.9883558275387556,0.9812566141858255,0.9813360949807818,0.9699244321385321,0.9372986621421641,0.7413545064834828,0.7259845188249099,0.4948371797943697,0.9857649303509445
0.117,6.848446866395263,0.9852250877599092,0.9997579304088303,0.9997558208175569,0.999229723386117,0.9936282724220469,0.9905478751731838,0.9893208058531568,0.9890746991899558,0.9886965488959878,0.9817480307075528,0.9818278912877321,0.9706248622261003,0.9384531613149281,0.7436775116728563,0.7283495355927655,0.49714024619569774,0.9860403819149819
0.118,6.891677098227475,0.9856298505332899,0.9997705435803361,0.9997684777789038,0.9992644542381962,0.993835483267494,0.9908336977297977,0.9896353789750006,0.9893948748409084,0.9890256339735116,0.9822241397966227,0.9823042881136735,0.9713054917286568,0.9395806681912352,0.7459683697907433,0.7306827399070102,0.4994217292131138,0.9863075067882163
0.119,6.934716186809138,0.98602155811193,0.9997824446561585,0.9997804242599777,0.9992974642052839,0.9940349643711662,0.9911094816550275,0.9899391544553943,0.9897041120109125,0.9893435367075536,0.9826854933516195,0.982765843721041,0.9719669783507289,0.9406819467044616,0.7482276757499489,0.7329847061417565,0.5016819278614069,0.9865666176337973
0.12,6.977565397058823,0.986400694361841,0.999793676865922,0.9997917031202067,0.999328846094708,0.9942270408302034,0.9913756283568376,0.9902325551244248,0.9900028371291779,0.9896506910641583,0.9831326205779308,0.9832130932902023,0.9726099545771234,0.9417577351991719,0.7504560102687748,0.7352559952458577,0.5039211352363548,0.9868180133782509
0.121,7.020225982758622,0.9867677228305688,0.9998042806327943,0.9998023544558385,0.999358687301331,0.9944120224855257,0.9916325211867004,0.9905159851590327,0.9902914578949612,0.9899475120215637,0.9835660290416621,0.9836465499970218,0.9732350287763949,0.9428087474317283,0.7526539403015093,0.7374971551442461,0.5061396386802903,0.9870619799000853
0.122,7.0626991866764275,0.98712308770495,0.9998142937675493,0.9998124157895825,0.999387070147434,0.9945902047153685,0.9918805263460139,0.990789831002269,0.9905703641966855,0.9902343964988949,0.98398620566869,0.9840667060340873,0.9738427862497443,0.943835673525748,0.7548220194525904,0.7397087211241573,0.5083377199414141,0.9872987906795788
0.123,7.104986240686633,0.9874672147185455,0.9998237516483759,0.9998219222464307,0.9994140721996791,0.9947618691832897,0.9921199937420602,0.9910544622322704,0.9908399289809937,0.9905117242344141,0.9843936176920328,0.984474033578871,0.9744337902283682,0.9448391808847295,0.7569607883751968,0.7418912162069387,0.5105156553271537,0.9875287074121819
0.124,7.147088365889212,0.9878005120116838,0.9998326873875436,0.9998309067167298,0.9994397665648104,0.9949272845435188,0.9923512577966029,0.9913102323839886,0.991100509074741,0.9907798586163542,0.9847887135505121,0.98486898571189,0.9750085828220951,0.9458199150640371,0.7590707751549791,0.7440451515060942,0.5126737158518444,0.987751980587801
0.125,7.189006772727274,0.988123370946853,0.9998411319859422,0.9998394000074806,0.9994642221656191,0.995086707106318,0.9925746382100118,0.9915574797265069,0.9913524459627432,0.9910391474691587,0.9851719237414914,0.985251997287733,0.9755676859219738,0.9467785006043055,0.7611524956796049,0.7461710265721988,0.5148121673790033,0.9879688500380697
0.126,7.230742661103049,0.9884361668820064,0.9998491144764311,0.999847430982767,0.9994875039985883,0.9952403814658451,0.9927904406836078,0.9917965279985904,0.9915960665239036,0.9912899237977703,0.9855436616302989,0.9856234857616417,0.9761116020593121,0.9477155418282095,0.7632064539947548,0.7482693297252638,0.5169312707584355,0.9881795454535832
0.127,7.272297220492398,0.9887392599041877,0.9998566620568581,0.9998550266941417,0.999509673374515,0.995388541092837,0.9929989576027486,0.9920276871049459,0.9918316837281782,0.9915325064924371,0.9859043242187836,0.9859838519741638,0.976640815223521,0.9486316236024331,0.7652331426471737,0.7503405383751148,0.5190312819584161,0.9883842868729202
0.128,7.313671630057804,0.9890329955257265,0.9998638002135338,0.9998622125017291,0.9995307881433183,0.9955314088942749,0.993200468683002,0.992251253775503,0.9920595972966735,0.9917672009963462,0.986254292875295,0.9863334808962403,0.9771557916409718,0.949527312066568,0.7672330430153532,0.7523851193303139,0.5211124521931718,0.9885832851451715
0.129,7.354867058759915,0.9893177053451189,0.9998705528358892,0.9998690121867447,0.9995509029041438,0.9956691977420506,0.9933952415816053,0.992467512189882,0.9922800943270288,0.9919942999382467,0.98659393402824,0.9866727423369404,0.9776569805169464,0.9504031553305787,0.7692066256283806,0.7544035290961227,0.5231750280458677,0.9887767423675619
0.13,7.3958846654676265,0.9895937076745709,0.9998769423229822,0.9998754480560761,0.999570069201794,0.9958021109725154,0.9935835324762629,0.9926767345690742,0.9924934498860939,0.9922140837320862,0.9869235998252347,0.9870019916159222,0.9781448147426375,0.951259684142374,0.771154350473477,0.7563962141619869,0.5252192515873021,0.9889648522996652
0.131,7.436725599066763,0.9898613081360678,0.9998829896824667,0.9998815410395173,0.9995883357104368,0.9959303428586685,0.9937655866132032,0.9928791817362302,0.9926999275717867,0.9924268211455548,0.987243628759747,0.9873215702025709,0.9786197115690372,0.9520974125269468,0.7730766672927073,0.7583636112789895,0.5272453604905036,0.9891478007555974
0.132,7.477390998567336,0.990120800227711,0.9998887146225891,0.9998873107802034,0.999605748405474,0.9960540790566295,0.9939416388262912,0.9930751036483324,0.9928997800458963,0.9926327698393161,0.9875543462670114,0.9876318063236458,0.9790820732494511,0.9529168383984574,0.7749740158693275,0.7603061477277029,0.5292535881414007,0.989325765975492
0.133,7.517881993209436,0.9903724658619639,0.9998941356377324,0.9998927757187482,0.9996223507243845,0.9961734970279256,0.9941119140288786,0.9932647399004174,0.993093249539486,0.9928321768785872,0.9878560652908864,0.9879330155411556,0.9795322876522685,0.9537184441465664,0.7768468263042098,0.7622242415768476,0.5312441637457445,0.9894989189774736
0.134,7.558199702567761,0.9906165758773441,0.9998992700879862,0.9998979531715488,0.9996381837173,0.9962887664390316,0.9942766276799658,0.9934483202039068,0.9932805683324476,0.9930252792186302,0.98814908682323,0.9882255013020828,0.9799707288455282,0.9545026971982457,0.7786955192827609,0.7641183019331392,0.5332173124324346,0.9896674238912643
0.135,7.598345236654804,0.9908533905250108,0.9999041342731845,0.9999028594036844,0.9996532861880114,0.9964000495395027,0.9944359862261533,0.9936260648405101,0.9934619592086625,0.9932123041656209,0.9884337004172692,0.9885095554614738,0.9803977576547307,0.9552700505562388,0.7805205063327341,0.7659887291826961,0.5351732553534141,0.9898314382744936
0.136,7.6383196960227275,0.9910831599316055,0.9999087435018187,0.9999075096968051,0.9996676948260588,0.9965075015199539,0.9945901875207604,0.9937981850930732,0.993637635888134,0.9933934698142681,0.9887101846763562,0.9887854587803288,0.9808137221952644,0.9560209433152708,0.782322190073309,0.7678359152243515,0.5371122097802687,0.9899911134127011
0.137,7.678124171863927,0.9913061245396285,0.9999131121552,0.9999119184123741,0.9996814443305041,0.9966112708510658,0.9947394212214143,0.9939648836546588,0.9938078034373744,0.9935689854634758,0.9889788077194195,0.9890534813996337,0.9812189583807371,0.9567558011570527,0.7841009644558026,0.7696602436952061,0.5390343891976732,0.9901465946039707
0.138,7.717759746110326,0.9915225155265512,0.9999172537472185,0.9999160990505991,0.9996945675259481,0.9967114996047105,0.9948838691673187,0.9941263550170706,0.9939726586592483,0.9937390520112579,0.9892398276243414,0.989313883291803,0.9816137904084287,0.9574750368250741,0.7858572149963456,0.771462090188733,0.540940003393815,0.990298021429069
0.139,7.757227491531405,0.9917325552037999,0.9999211809800185,0.9999200643053637,0.9997070954713099,0.9968083237582354,0.9950237057373469,0.9942827858399537,0.9941323904634057,0.9939038623300483,0.9894934928504241,0.9895669146907257,0.9819985312230168,0.9581790505801173,0.7875913190008599,0.7732418224657364,0.5428292585479196,0.9904455280079049
0.14,7.796528471830987,0.9919364573966766,0.9999249057958842,0.9999238261154478,0.9997190575618501,0.9969018734828653,0.9951590981900285,0.9944343553015424,0.9942871802183642,0.9940636016234733,0.989740042641036,0.9898128165015354,0.9823734829596596,0.958868230637385,0.7893036457826348,0.7749998006584513,0.5447023573149972,0.9905892432430861
0.141,7.835663741742797,0.9921344278062212,0.9999284394256104,0.9999273957122983,0.9997304816248879,0.9969922734171324,0.9952902069864359,0.994581235432056,0.9944372020862423,0.9942184477655949,0.9899797074074688,0.9900518206911674,0.9827389373674612,0.9595429535860844,0.7909945568728072,0.7767363774680556,0.5465594989079199,0.9907292910512864
0.142,7.874634347124825,0.9923266643539628,0.9999317924336076,0.9999307836645985,0.9997413940096245,0.9970796429261811,0.995417186096914,0.9947235914306853,0.9945826233410824,0.9943685716235712,0.9902127090949774,0.9902841506606954,0.9830951762142901,0.9602035847922652,0.7926644062240193,0.7784518983558523,0.5484008791769439,0.9908657905831032
0.143,7.913441325052485,0.9925133575104507,0.999934974759977,0.9999339999198624,0.9997518196714639,0.9971640963477467,0.9955401832925408,0.9948615819670593,0.9947236046716454,0.9945141373646257,0.9904392615319177,0.9905100216003925,0.9834424716738648,0.9608504787856722,0.7943135404075263,0.7801467017283713,0.5502266906867688,0.9909988564320443
0.144,7.952085703910615,0.9926946906084074,0.9999379957597683,0.999937053843262,0.9997617822511878,0.997245743225554,0.995659340422154,0.9949953594680245,0.9948603004695128,0.9946553027481615,0.990659570762847,0.9907296408284001,0.9837810866959744,0.9614839796313317,0.7959422988040044,0.7818211191166261,0.5520371227912381,0.9911285988332317
0.145,7.990568503484321,0.9928708401412967,0.9999408642396219,0.9999399542538852,0.9997713041493208,0.9973246885308398,0.9957747936757265,0.9951250703905238,0.9949928591032753,0.9947922194038137,0.990873835366402,0.990943208113846,0.9841112753606535,0.9621044212865544,0.7975510137883103,0.7834754753497497,0.5538323617057728,0.9912551238523964
0.146,8.02889073504868,0.993041976048054,0.9999435884919776,0.9999427094586004,0.9997804065959971,0.9974010328726578,0.9958866738348299,0.9952508554813131,0.9951214231795482,0.9949250330961794,0.9910822467587247,0.9911509159851976,0.984433283217085,0.9627121279440055,0.7991400109084148,0.7851100887232245,0.555612590577624,0.9913785335656783
0.147,8.067053401457322,0.9932082619846881,0.9999461763270222,0.9999453272836977,0.9997891097166195,0.9974748726975873,0.9959951065108792,0.9953728500242148,0.995246129791507,0.9950538839769307,0.9912849894831632,0.9913529500245989,0.9847473476079671,0.963307414361458,0.8007096090587427,0.7867252711619116,0.5573779895540276,0.9914989262307324
0.148,8.105057497229916,0.9933698555834178,0.9999486351025331,0.9999478151044585,0.9997974325935797,0.9975463004794259,0.9961002123718135,0.9954911840755625,0.9953671107555987,0.9951789068249659,0.9914822414869346,0.9915494891488948,0.9850536979800377,0.963890586178813,0.8022601206481199,0.7883213283780734,0.5591287358483454,0.9916163964496131
0.149,8.142904008638563,0.9935269086999757,0.9999509717517643,0.9999501798727987,0.9998053933242925,0.9976154048994164,0.9962021073578267,0.9956059826884553,0.9954844928370453,0.9953002312752265,0.9916741743853968,0.9917407058780089,0.9853525561814152,0.9644619402229492,0.8037918517625413,0.7898985600245797,0.5608650038042663,0.9917310353238646
0.15,8.180593913793103,0.9936795676496724,0.9999531928095112,0.9999524281431166,0.9998130090757794,0.9976822710175213,0.9963009028867291,0.9957173661264075,0.9955983979647228,0.9954179820367632,0.9918609537145465,0.9919267665913025,0.9856441367463775,0.9650217648009254,0.8053051023229417,0.791457259843471,0.5625869649581376,0.9918429306022366
0.151,8.218128182725396,0.9938279734327845,0.999955304436479,0.9999545660964695,0.9998202961360172,0.9977469804352307,0.9963967060494854,0.9958254500669406,0.9957089434359625,0.9955322791006077,0.9920427391723192,0.9921078317725116,0.9859286471681736,0.9655703399820439,0.8068001662381656,0.7929977158100552,0.5642947880995035,0.9919521668214144
0.152,8.255507777472527,0.9939722619497969,0.9999573124420716,0.9999565995631927,0.9998272699622598,0.9978096114503595,0.9964896197964433,0.9959303457956394,0.9958162421117956,0.9956432379379719,0.9922196848492437,0.9922840562438221,0.9862062881604233,0.9661079378692525,0.8082773315533021,0.7945202102726961,0.5659886393299086,0.9920588254401311
0.153,8.292733652159015,0.994112564207002,0.99995922230571,0.9999585340440669,0.9998339452265202,0.9978702392042632,0.9965797431147406,0.9960321603911597,0.9959204026031279,0.9957509696892677,0.9923919394489675,0.992455589389617,0.9864772539076404,0.9666348228603415,0.8097368805935607,0.7960250200884526,0.5676686821200354,0.9921629849669983
0.154,8.329806753077976,0.9942490065129306,0.9999610391967787,0.9999603747301322,0.9998403358583923,0.9979289358218769,0.9966671711973444,0.9961309969016509,0.9960215294483067,0.9958555813444144,0.9925596464991453,0.9926225753703968,0.9867417323053798,0.9671512518993695,0.8111790901038485,0.7975124167547163,0.5693350773652359,0.9922647210823932
0.155,8.366728018771331,0.9943817106660652,0.999962767993295,0.9999621265212412,0.9998464550853768,0.9979857705449589,0.9967519956041588,0.9962269545130297,0.996119723282517,0.9959571759148738,0.992722944553156,0.9927851533273524,0.9869999051904893,0.9676574747187328,0.8126042313842023,0.7989826665369933,0.5709879834395126,0.9923641067547009
0.156,8.403498380108994,0.9945107941342598,0.9999644132993869,0.9999637940434334,0.9998523154708676,0.9980408098588974,0.9968343044156055,0.9963201287095182,0.9962150809994176,0.9960558525978277,0.9928819673830883,0.9929434575780381,0.9872519485619178,0.9681537340722708,0.8140125704212223,0.800436030592963,0.5726275562480059,0.9924612123512024
0.157,8.440118760367099,0.9946363702262695,0.99996597946166,0.9999653816652134,0.9998579289499417,0.9980941176134198,0.9969141823790632,0.9964106114268344,0.9963076959054076,0.9961517069328933,0.9930368441644122,0.9930976178035752,0.9874980327925116,0.968640265959784,0.8154043680156544,0.801872765092948,0.5742539492780407,0.9925561057438848
0.158,8.476590075305293,0.9947585482557713,0.9999674705845277,0.9999668935128028,0.9998633068630898,0.9981457551375226,0.9969917110485293,0.9964984911984038,0.9963976578668902,0.996244830951746,0.9931876996527318,0.993247759227788,0.9877383228322072,0.969117299843321,0.8167798799062514,0.8032931213369199,0.5758673136487853,0.9926488524104279
0.159,8.512913233243061,0.9948774336982366,0.9999688905445745,0.9999683334844355,0.9998684599880102,0.9981957813489232,0.997066968917847,0.9965838532949409,0.9964850534508825,0.9963353133210017,0.9933346543529936,0.9933940027886573,0.9879729784030099,0.9695850588555767,0.8181393568900472,0.804697345868161,0.5774677981595641,0.9927395155306123
0.16,8.549089135135135,0.994993128340999,0.9999702430040162,0.9999697052637603,0.9998733985695899,0.9982442528583195,0.9971400315478213,0.9966667798577291,0.9965699660593006,0.9964232394786919,0.9934778246815062,0.9935364653024554,0.988202154186126,0.9700437600007256,0.8194830449391668,0.8060856805836987,0.579055549336879,0.9928281560783784
0.161,8.585118674645988,0.9951057304268403,0.9999715314233183,0.9999710123324078,0.9998781323481767,0.9982912240687224,0.9972109716875318,0.99674735002591,0.9966524760572308,0.9965086917646463,0.9936173231211086,0.993675259620905,0.9884260000016013,0.9704936143480021,0.8208111853142926,0.80745836284162,0.5806307114801779,0.9929148329097552
0.162,8.62100273822342,0.9952153347914018,0.9999727590730264,0.9999722579817794,0.9998826705862508,0.9983367472701163,0.9972798593901309,0.9968256400580779,0.9967326608954818,0.9965917495450781,0.9937532583698045,0.9938104947816899,0.9886446609807968,0.9709348272183209,0.8221240146749019,0.8088156255653767,0.5821934267064167,0.9929996028468626
0.163,8.656742205171257,0.9953220329947147,0.9999739290448616,0.9999734453241056,0.9998870220935901,0.9983808727296865,0.9973467621234016,0.9969017234484567,0.9968105952276969,0.9966724893316584,0.993885735483169,0.9939422761526294,0.9888582777320218,0.9713675983642233,0.8234217651863858,0.8101576973451797,0.5837438349934526,0.9930825207581805
0.164,8.692337947721182,0.9954259134471231,0.9999750442621296,0.9999745773028252,0.9998911952510195,0.9984236487778382,0.9974117448753345,0.9969756710379244,0.9968863510222905,0.996750984895342,0.9940148560108129,0.9940707055698066,0.9890669864996228,0.9717921221434154,0.8247046646241541,0.8114848025365821,0.5852820742223088,0.9931636396352718
0.165,8.72779083110368,0.9955270615298635,0.9999761074894863,0.9999756567023265,0.9998951980328304,0.9984651218902217,0.9974748702549687,0.9970475511201343,0.996959997669459,0.9968273073752013,0.9941407181271782,0.9941958814699335,0.9892709193168178,0.9722085876861579,0.82597293647483,0.812797161356343,0.5868082802183502,0.9932430106661265
0.166,8.763101713618159,0.9956255597105493,0.9999771213421054,0.9999766861570929,0.9998990380279486,0.9985053367659645,0.9975361985887294,0.997117429542971,0.9970316020835026,0.9969015253825056,0.9942634167569269,0.994317899017216,0.9894702041525473,0.9726171790567537,0.8272268000346299,0.814094989975665,0.5883225867914035,0.9933206833053024
0.167,8.798271446702199,0.9957214876537972,0.9999780882942823,0.9999776681602927,0.9999027224599245,0.9985443364023007,0.9975957880124807,0.9971853698055629,0.9971012288006836,0.9969737051002738,0.9943830436951643,0.9944368502249704,0.9896649650526027,0.9730180754093645,0.828466470505022,0.8153785006108893,0.5898251257748566,0.9933967053410047
0.168,8.833300875000003,0.9958149223272175,0.9999790106875147,0.9999786050718455,0.9999062582058171,0.9985821621657788,0.9976536945595035,0.9972514331510673,0.9971689400728331,0.9970439103785155,0.9944996877227364,0.9945528240722323,0.9898553222752798,0.9734114511383849,0.8296921590857557,0.8166479016117337,0.5913160270637708,0.9934711229592593
0.169,8.868190836429994,0.9959059381029841,0.9999798907380918,0.9999794991260034,0.999909651814035,0.9986188538602181,0.9977099722445933,0.9973156786554259,0.997234795956908,0.997112202825365,0.99461343471682,0.9946659066155822,0.9900413924217918,0.9737974760235865,0.8309040730653457,0.8179033975471507,0.5927954186520399,0.9935439808053211
0.17,8.902942162251657,0.9959946068551843,0.9999807305442229,0.999980352438472,0.9999129095211964,0.998654449791574,0.9977646731444668,0.9973781633122843,0.9972988544006914,0.9971786418943019,0.9947243677570186,0.9947761810964066,0.9902232885616675,0.9741763153702361,0.8321024159090963,0.8191451892888864,0.5942634266686213,0.9936153220424441
0.171,8.93755567713153,0.9960809980531419,0.999981532092737,0.9999811670131076,0.9999160372680655,0.9986889868298662,0.997817847474653,0.9974389421142567,0.9973611713248152,0.997243284967641,0.9948325672271655,0.9948837280437978,0.9904011203533485,0.9745481301443857,0.8332873873447423,0.820373474092811,0.5957201754128757,0.9936851884081392
0.172,8.972032199208442,0.9961651788508954,0.9999822972653788,0.9999819447482098,0.9999190407146203,0.9987225004683131,0.9978695436630363,0.9974980681307051,0.9974218007012786,0.9973061874364673,0.9949381109130243,0.9949886253732879,0.9905749941601881,0.9749130771035206,0.8344591834457878,0.8215884456780935,0.5971657873890347,0.9937536202680445
0.173,9.006372540157999,0.9962472141730048,0.9999830278447277,0.9999826874424427,0.9999219252542988,0.9987550248798102,0.9979198084202118,0.9975555925821996,0.9974807946286277,0.99736740277718,0.9950410740960687,0.9950909484816041,0.9907450131620479,0.9752713089227447,0.8356179967126124,0.8227902943042877,0.5986003833398335,0.9938206566675124
0.174,9.040577505256241,0.9963271667968533,0.9999837255197637,0.9999833968004009,0.9999246960274755,0.9987865929708803,0.997968686806803,0.9976115649118121,0.9975382034039476,0.9974269826248038,0.9951415296435155,0.995190770337618,0.9909112774626753,0.9756229743166756,0.8367640161514199,0.8239792068463989,0.6000240822793264,0.9938863353810247
0.175,9.074647893442624,0.9964050974315991,0.9999843918911011,0.9999840744378486,0.999927357934209,0.998817236433222,0.9980162222978839,0.9976660328533914,0.9975940755918178,0.9974849768432171,0.9952395480947756,0.9952881615696625,0.9910738841930404,0.9759682181572129,0.8378974273510946,0.8251553668679884,0.6014370015249152,0.9939506929595366
0.176,9.108584497382198,0.9964810647939281,0.999985028475914,0.9999847218866479,0.9999299156463043,0.9988469857929662,0.9980624568446437,0.9977190424969582,0.9976484580903688,0.997541433592436,0.9953351977444773,0.9953831905493702,0.9912329276108001,0.9763071815873369,0.8390184125580324,0.8263189546923838,0.6028392567286116,0.9940137647758466
0.177,9.142388103527107,0.9965551256807478,0.9999856367125683,0.9999853405993979,0.9999323736187294,0.9988758704577584,0.9981074309334206,0.9977706383513552,0.9977013961945743,0.9975963993930921,0.995428544722216,0.9954759234721898,0.9913884991960491,0.9766400021310875,0.8401271507490118,0.8274701474720492,0.6042309619075581,0.9940755850680784
0.178,9.176059492177314,0.9966273350389602,0.9999862179649833,0.9999859319538028,0.9999347361004207,0.998903918761766,0.9981511836422279,0.9978208634042739,0.9977529336569037,0.9976499191882304,0.9955196530691669,0.9955664244347231,0.9915406877435134,0.9769668137998699,0.841223817702162,0.8286091192561738,0.6056122294738329,0.9941361869813705
0.179,9.209599437540664,0.9966977460324394,0.9999867735267362,0.9999864972567831,0.9999370071445148,0.9989311580087104,0.9981937526948895,0.9978697591797824,0.9978031127454565,0.9977020364025485,0.9956085848116998,0.9956547555090214,0.9916895794513311,0.9772877471952213,0.842308586066091,0.8297360410565322,0.6069831702635506,0.9941956026078446
0.18,9.243008707792209,0.9967664101063386,0.9999873046249264,0.9999870377483496,0.9999391906180368,0.9989576145130202,0.9982351745128929,0.9979173657934642,0.9978519742996923,0.9977527929991932,0.9956954000321242,0.9957409768139724,0.99183525800656,0.977602929608174,0.843381625427228,0.8308510809116716,0.6083438935652945,0.9942538630249397
0.181,9.276288065132858,0.9968333770488416,0.9999878124238163,0.9999875546052513,0.9999412902110776,0.9989833136391927,0.9982754842650667,0.9979637220052785,0.9978995577838634,0.9978022295342254,0.9957801569366873,0.9958251465839031,0.9919778046675479,0.9779124851153408,0.8444431023754353,0.8319544039494737,0.6096945071478836,0.9943109983321848
0.182,9.309438265847348,0.996898695050471,0.9999882980282592,0.9999880489444134,0.9999433094454873,0.9990082798394473,0.9983147159151807,0.9980088652702426,0.997945901338256,0.9978503852088556,0.9958629119209413,0.995907321234517,0.9921172983432899,0.9782165346718428,0.8454931805679426,0.833046172448141,0.6110351172875088,0.9943670376864733
0.183,9.342460060361523,0.996962410761059,0.9999887624869291,0.9999885218261767,0.9999452516831123,0.9990325366897538,0.998352902267564,0.998052831787037,0.9979910418283353,0.9978972979195516,0.9959437196325941,0.9959875554262814,0.9922538156698965,0.9785151962011976,0.8465320207916553,0.8341265458956569,0.6123658287942453,0.9944220093359163
0.184,9.37535419329897,0.9970245693444797,0.9999892067953658,0.9999889742573513,0.9999471201336034,0.9990561069243097,0.9983900750108308,0.9980956565446233,0.9980350148918906,0.9979430043061117,0.9960226330319467,0.9960659021253712,0.9923874310842891,0.9788085846822794,0.8475597810238831,0.835195681047761,0.6136867450379666,0.9944759406523336
0.185,9.408121403536978,0.997085214531242,0.9999896318988425,0.9999894071940958,0.9999489178618146,0.9990790124685391,0.9984262647597983,0.9981373733669656,0.9980778549842663,0.9979875397977942,0.9960997034500225,0.9961424126622728,0.9925182168952327,0.9790968122334568,0.8485766164915396,0.8362537319844876,0.6149979679736721,0.99452885816244
0.186,9.440762424261875,0.9971443886690321,0.9999900386950716,0.9999898215446321,0.9999506477948198,0.9991012744706828,0.9984615010956815,0.9981780149559376,0.9981195954217662,0.9980309386575883,0.9961749806444818,0.9962171367881484,0.9926462433518133,0.9793799881940127,0.8495826797288561,0.837300850165307,0.6162995981662498,0.9945807875777914
0.187,9.473277983023703,0.9972021327712945,0.999990428036755,0.9999902181718062,0.9999523127285653,0.9991229133320432,0.9984958126046368,0.9982176129324972,0.9981602684233097,0.998073234024709,0.9962485128534172,0.9962901227290526,0.9927715787094615,0.9796582192029438,0.8505781206336553,0.8383371844829113,0.6175917348146872,0.9946317538235403
0.188,9.50566880179028,0.9972584865639342,0.9999908007339889,0.9999905978955034,0.99995391533418,0.9991439487359481,0.9985292269147334,0.9982561978762047,0.9981999051504175,0.9981144579553924,0.9963203468471156,0.9963614172380926,0.9928942892936187,0.9799316092752339,0.8515630865222252,0.839362881315685,0.6188744757757427,0.9946817810660533
0.189,9.537935597000638,0.9973134885302192,0.999991157556534,0.9999909614949279,0.9999554581639609,0.9991643996754902,0.9985617707314192,0.9982937993631552,0.9982385357455993,0.9981546414620668,0.9963905279778728,0.9964310656456166,0.9930144395611396,0.9802002598756931,0.8525377221828365,0.8403780845788977,0.620147917587103,0.994730892739445
0.19,9.570079079617836,0.99736717595396,0.9999914992359554,0.9999913097107546,0.9999569436570522,0.9991842844800995,0.9985934698715485,0.9983304460023986,0.9982761893692143,0.998193814550969,0.9964591002279406,0.9964991119075135,0.9931320921595209,0.9804642699904496,0.8535021699279419,0.8413829357746553,0.621412155490027,0.9947791115710687
0.191,9.602099955181183,0.9974195849610379,0.9999918264676437,0.9999916432471581,0.9999583741448346,0.999203620841002,0.9986243492960363,0.9983661654709076,0.9983128942348681,0.9982320062582739,0.996526106255683,0.9965655986516999,0.9932473079840388,0.9807237361961753,0.8544565696450961,0.8423775740406457,0.6226672834515027,0.9948264596060141
0.192,9.633998923857868,0.997470750559351,0.9999921399127215,0.9999919627737309,0.9999597518560402,0.9992224258356135,0.9986544331411977,0.9984009845471619,0.9983486776434126,0.9982692446848012,0.9965915874400144,0.9966305672228709,0.9933601462328789,0.9809787527271308,0.8554010588466322,0.8433621361977154,0.6239133941859218,0.9948729582306518
0.193,9.665776680493984,0.9975207066772436,0.9999924401998446,0.9999922689272938,0.9999610789216088,0.9992407159509196,0.9986837447488313,0.9984349291434043,0.9983835660156064,0.9983055570293595,0.9966555839231916,0.9966940577255857,0.9934706644603357,0.9812294115401012,0.8563357727181329,0.844336756796306,0.6251505791762894,0.9949186281952698
0.194,9.697433914664982,0.9975694862004828,0.9999927279269011,0.9999925623136047,0.9999623573792981,0.9992585071058847,0.9987123066951002,0.9984680243366287,0.9984175849234944,0.9983409696207879,0.9967181346520247,0.9967561090657538,0.9935789186281567,0.9814758023773008,0.8572608441657277,0.8453015681617868,0.6263789286949812,0.9949634896358337
0.195,9.728971310725553,0.9976171210078418,0.999993003662618,0.9999928435089749,0.9999635891780622,0.9992758146729352,0.9987401408182656,0.9985002943983525,0.9984507591205612,0.9983755079487483,0.9967792774175718,0.9968167589905902,0.9936849631551019,0.981718012827316,0.8581764038622507,0.846256700438712,0.6275985318240578,0.9950075620949154
0.196,9.760389547858944,0.9976636420053463,0.9999932679480775,0.9999931130617944,0.99996477618221,0.9992926534985584,0.9987672682453176,0.9985317628232258,0.9984831125707099,0.9984091966933231,0.9968390488933786,0.9968760441270985,0.9937888509647875,0.9819561283841555,0.8590825802922945,0.8472022816340332,0.62880947647515,0.9950508645418216
0.197,9.791689300125709,0.9977090791592408,0.99999352129815,0.9999933714939747,0.9999659201753565,0.9993090379230555,0.998793709417557,0.9985624523565272,0.9985146684761164,0.9984420597534684,0.9968974846723213,0.9969340000191441,0.9938906335318799,0.9821902325044738,0.8599794997961847,0.8481384376592979,0.6300118494089275,0.9950934153919555
0.198,9.82287123651192,0.9977534615277256,0.9999937642028488,0.999993619302312,0.9999670228641756,0.9993249817994865,0.9988194841151677,0.9985923850205936,0.9985454493040078,0.9984741202743704,0.9969546193021092,0.9969906611631713,0.9939903609267017,0.9824204066630308,0.860867286612912,0.8490652923718591,0.6312057362541584,0.9951352325254457
0.199,9.853936020976832,0.9977968172915151,0.9999939971286094,0.9999938569597757,0.9999680858819681,0.999340498511845,0.998844611480827,0.9986215821402282,0.9985754768124082,0.9985054006737515,0.9970104863194983,0.9970460610426212,0.9940880818583112,0.9826467304064481,0.861746062922046,0.8499829676151254,0.6323912215263738,0.995176333305073
0.2,9.8848843125,0.9978391737832653,0.9999942205195005,0.9999940849167275,0.9999691107920515,0.9993556009924927,0.9988691100423914,0.9986500643671298,0.9986047720748962,0.99853592266717,0.9970651182832716,0.9971002321611006,0.9941838437161122,0.9828692814053214,0.8626159488846621,0.8508915832578776,0.6335683886461461,0.9952167345935222
0.201,9.915716765127886,0.9978805575159152,0.9999944347983676,0.9999943036020731,0.9999700990909841,0.9993703017388893,0.9988929977347004,0.9986778517033855,0.9986333555044163,0.9985657072923553,0.9971185468060293,0.9971532060743526,0.994277692610049,0.9830881355047442,0.863477062683307,0.8517912572326762,0.6347373199569898,0.99525645276999
0.202,9.946434028019926,0.9979209942099881,0.999994640367915,0.9999945134243536,0.9999710522116286,0.9993846128296486,0.9989162919205334,0.9987049635240641,0.9986612468761816,0.9985947749326186,0.9971708025848404,0.9972050134210755,0.9943696734094413,0.983303366773298,0.8643295205610307,0.852682105573386,0.6358980967428973,0.9952955037461716
0.203,9.977036745494097,0.9979605088198921,0.9999948376117297,0.9999947147727761,0.9999719715260672,0.9993985459399483,0.9989390094107561,0.9987314185989498,0.9986884653497076,0.9986231453393768,0.997221915430798,0.9972556839526352,0.994459829780508,0.9835150475505596,0.8651734368595083,0.8535642424518404,0.6370507992455174,0.9953339029816579
0.204,10.00752555707196,0.9979991255592607,0.9999950268952498,0.99999490801819,0.9999728583483728,0.9994121123563221,0.998961166483691,0.9987572351134495,0.9987150294900105,0.9986508376538278,0.9972719142975224,0.9973052465617168,0.99454820422263,0.9837232484931779,0.8660089240562798,0.8544377802136693,0.6381955066809855,0.9953716654987594
0.205,10.03790109752322,0.9980368679253726,0.9999952085666802,0.9999950935140106,0.9999737139372463,0.999425322990864,0.9989827789037437,0.9987824306887099,0.998740957288008,0.9986778704278094,0.9973208273086521,0.9973537293099537,0.9946348381033979,0.9839280386195651,0.8668360928011282,0.8553028294133127,0.6393322972564144,0.9954088058967877
0.206,10.068163996909764,0.9980737587226859,0.9999953829578607,0.9999952715970936,0.9999745394985254,0.9994381883948642,0.9990038619393163,0.9988070224009759,0.9987662661801517,0.9987042616438783,0.9973686817843627,0.9974011594545769,0.9947197716924894,0.9841294853532522,0.8676550519516215,0.8561594988482415,0.6404612481860537,0.9954453383658106
0.207,10.09831488062924,0.9981098200855224,0.9999955503850858,0.999995442588563,0.9999753361875715,0.999450718771907,0.9990244303800384,0.9988310268002208,0.9987909730673239,0.998730028734638,0.9974155042669511,0.9974475634741203,0.9948030441944207,0.9843276545649511,0.8684659086078412,0.8570078955924069,0.6415824357071279,0.9954812766999079
0.208,10.128354369458128,0.9981450734999359,0.9999957111498828,0.9999956067945952,0.9999761051115423,0.9994629239904506,0.9990444985533421,0.9988544599280804,0.9988150943330301,0.9987551886013489,0.9974613205455215,0.9974929670932217,0.9948846937802119,0.9845226106133678,0.869268768146317,0.8578481250289391,0.6426959350953603,0.9955166343099419
0.209,10.158283079594344,0.9981795398247955,0.9999958655397472,0.9999957645071613,0.9999768473315541,0.9994748135959101,0.9990640803404103,0.9988773373351157,0.998838645860914,0.9987797576318471,0.9975061556798066,0.9975373953065496,0.9949647576180065,0.9847144163848064,0.8700637342531907,0.8586802908821136,0.6438018206801883,0.9955514242358683
0.21,10.188101622699387,0.9982132393121151,0.9999960138288398,0.9999959160047305,0.9999775638647417,0.9994863968222687,0.9990831891915225,0.9988996740974357,0.9988616430516227,0.9988037517178021,0.9975500340231586,0.9975808724018953,0.9950432719026829,0.9849031333316065,0.8708509089566298,0.8595044952486065,0.6449001658596801,0.9955856591586006
0.211,10.217810605939988,0.9982461916266601,0.9999961562786474,0.9999960615529365,0.9999782556862182,0.9994976826032331,0.9991018381408234,0.9989214848327022,0.9988841008390493,0.9988271862713376,0.9975929792447406,0.9976234219824569,0.9951202718844951,0.985088821509449,0.8716303926585092,0.8603208386280545,0.6459910431151613,0.995619351411449
0.212,10.24741063202934,0.9982784158648551,0.999996293138607,0.9999962014052091,0.9999789237309432,0.9995086795829545,0.999120039820538,0.9989427837155446,0.9989060337059772,0.9988500762410436,0.9976350143509496,0.9976650669883496,0.9951957918967768,0.985271539613571,0.872402284165382,0.8611294199529407,0.6470745240255529,0.99565251299115
0.213,10.276902299267846,0.9983099305730254,0.9999964246467006,0.9999963358033724,0.9999795688955009,0.9995193961263326,0.9991378064746548,0.9989635844924069,0.9989274556991492,0.9988724361274017,0.9976761617060992,0.9977058297173702,0.9952698653827432,0.9854513450139221,0.8731666807187558,0.8619303366178214,0.6481506792814351,0.9956851555685017
0.214,10.306286201583434,0.9983407537649933,0.999996551030015,0.9999964649782128,0.9999801920397949,0.9995298403289213,0.9991551499721013,0.9989839004958487,0.998948380443787,0.9988942799976487,0.9977164430523913,0.9977457318450451,0.995342524921423,0.9856282937892996,0.8739236780246953,0.8627236845079114,0.6492195786988378,0.9957172904986239
0.215,10.335562928571427,0.9983709029390564,0.9999966725052755,0.9999965891500162,0.9999807939886622,0.9995400200264518,0.9991720818194281,0.9990037446583255,0.9989688211575795,0.9989156215000992,0.9977558795292024,0.9977847944439869,0.9954138022527509,0.9858024407604936,0.8746733702827669,0.8635095580270451,0.6502812912327656,0.9957489288308503
0.216,10.364733065533981,0.9984003950943711,0.9999967892793507,0.9999967085290783,0.9999813755334125,0.9995499428039887,0.9991886131730257,0.9990231295254639,0.9989887906641641,0.9989364738779504,0.9977944916917113,0.9978230380025885,0.9954837283018513,0.9859738395224743,0.875415850214342,0.8642880501250282,0.6513358849904656,0.9957800813182788
0.217,10.39379719351908,0.9984292467467634,0.9999969015497309,0.9999968233161884,0.9999819374332937,0.9995596160047353,0.9992047548508901,0.9990420672688567,0.999008301406119,0.9989568499825876,0.997832299528891,0.9978604824430773,0.9955523332025417,0.9861425424756534,0.8761512090902771,0.8650592523243954,0.6523834272444422,0.9958107584269783
0.218,10.422755889359129,0.9984574739439901,0.9999970095049822,0.9999969337030888,0.9999824804168902,0.999569046738503,0.9992205173439559,0.9990605696983936,0.9990273654574862,0.9989767622864121,0.9978693224808912,0.9978971471389538,0.9956196463200835,0.9863086008562485,0.8768795367579859,0.8658232547465907,0.6534239844452243,0.9958409703448832
0.219,10.451609725709112,0.9984850922804701,0.9999971133251775,0.9999970398729092,0.999983005183456,0.9995782418898567,0.9992359108270146,0.9990786482741469,0.9990459945358444,0.9989962228952074,0.9979055794558321,0.9979330509318391,0.995685696273206,0.9864720647657793,0.8776009216679181,0.8665801461375829,0.6544576222338939,0.9958707269903673
0.22,10.480359271084337,0.9985121169115063,0.9999972131823053,0.9999971420005805,0.9999835124041843,0.9995872081259515,0.9992509451692346,0.9990963141178297,0.9990642000139486,0.999015243560065,0.9979410888460306,0.997968212147751,0.9957505109554304,0.9866329831997229,0.8783154508994613,0.8673300138929315,0.6554844054543766,0.9959000380205298
0.221,10.509005089897775,0.9985385625670172,0.9999973092406567,0.9999972402532268,0.9999840027234207,0.9995959519040732,0.9992656299442976,0.9991135780238434,0.9990819929309535,0.9990338356888843,0.9979758685436827,0.9980026486128312,0.9958141175557177,0.9867914040753559,0.87902321018628,0.8680729440823174,0.6565043981655038,0.9959289128391895
0.222,10.537547742496999,0.9985644435647969,0.9999974016571941,0.9999973347905373,0.9999844767598182,0.9996044794788934,0.999279974440168,0.9991304504699295,0.9990993840032368,0.9990520103574638,0.9980099359560194,0.9980363776685446,0.9958765425784627,0.9869473742588083,0.8797242839411061,0.8688090214735492,0.6575176636528516,0.9959573606046025
0.223,10.56598778520072,0.9985897738233206,0.9999974905819002,0.99999742576512,0.9999849351074404,0.9996127969094514,0.9992939876685089,0.9991469416274433,0.9991163836348386,0.9990697783202012,0.9980433080199566,0.9980694161863677,0.9959378118628606,0.9871009395913534,0.880418755279994,0.8695383295560616,0.6585242644403568,0.9959853902369206
0.224,10.594325770334928,0.9986145668741137,0.99999757615811,0.9999975133228368,0.9999853783368136,0.9996209100658756,0.9993076783737587,0.9991630613712613,0.9991330019275297,0.9990871500204135,0.9980760012162566,0.998101780581987,0.995997950601663,0.9872521449149597,0.8811067060460546,0.8702609505639146,0.6595242623017218,0.9960130104253891
0.225,10.622562246268657,0.9986388358736987,0.9999976585228252,0.9999975976031225,0.9999858069959305,0.9996288246358525,0.9993210550418817,0.9991788192893387,0.9991492486905269,0.9991041356002964,0.9981080315832215,0.9981334868290247,0.9960569833593487,0.9874010340971262,0.881788216832681,0.8709769654983103,0.6605177182716078,0.9960402296353035
0.226,10.650697757449345,0.9986625936151385,0.9999977378070132,0.999997678739287,0.9999862216112088,0.9996365461308548,0.9993341259088059,0.9991942246919291,0.9991651334498638,0.9991207449105328,0.9981394147299308,0.9981645504723085,0.996114934089727,0.987547650055023,0.8824633670062788,0.8716864541496341,0.6615046926566244,0.996067056114727
0.227,10.678732844437835,0.9986858525391876,0.9999978141358917,0.9999977568588032,0.9999866226884054,0.9996440798921387,0.9993468989685582,0.9992092866204803,0.9991806654574347,0.9991369875195666,0.9981701658490456,0.9981949866407024,0.9961718261529934,0.9876920347789613,0.8831322347285108,0.8723894951190361,0.6624852450461178,0.9960934979009831
0.228,10.706668043942994,0.9987086247450688,0.9999978876291983,0.99999783208358,0.9999870107134903,0.9996514310965179,0.9993593819811118,0.9992240138562177,0.9991958536997217,0.9991528727225522,0.9982002997291888,0.9982248100595141,0.9962276823322574,0.9878342293552113,0.8837948969780729,0.8730861658395609,0.6634594343227644,0.996119562826929
0.229,10.734503888855958,0.9987309220008868,0.9999979584014462,0.9999979045302215,0.999987386153479,0.9996586047619264,0.9993715824799544,0.9992384149284287,0.999210706906218,0.9991684095499944,0.9982298307669223,0.9982540350624954,0.9962825248495593,0.9879742739881884,0.8844514295720078,0.8737765425968392,0.6644273186729713,0.9961452585270179
0.23,10.762240908284024,0.9987527557536938,0.9999980265621691,0.9999979743102744,0.99998774945723,0.999665605752774,0.9993835077793887,0.9992524981224565,0.9992252335575577,0.9991836067760884,0.9982587729783317,0.9982826756034477,0.9963363753813931,0.9881122080220285,0.8851019071865708,0.8744607005493497,0.6653889555970907,0.9961705924431596
0.231,10.78987962758417,0.9987741371392184,0.9999980922161515,0.9999980415304619,0.9999881010562044,0.9996724387851077,0.9993951649815759,0.9992662714874183,0.9992394418933643,0.9991984729267717,0.9982871400102334,0.9983107452674497,0.9963892550737544,0.9882480699615699,0.8857464033776571,0.8751387137482625,0.6663444019194507,0.9961955718303849
0.232,10.817420568396226,0.9987950769912703,0.9999981554636498,0.9999981062929069,0.9999884413651923,0.9996791084315828,0.999406560983332,0.9992797428436544,0.9992533399198295,0.9992130162874995,0.9983149451510193,0.9983382572817192,0.9964411845567265,0.9883818974927601,0.8863849906008032,0.8758106551568744,0.6672937137982076,0.9962202037623236
0.233,10.844864248675693,0.9988155858508346,0.9999982164006007,0.999998168695344,0.9999887707830067,0.9996856191262532,0.9994177024826856,0.9992929197899216,0.9992669354170288,0.9992272449107533,0.998342201341149,0.9983652245261218,0.9964921839586215,0.9885137275025053,0.8870177402307694,0.8764765966696454,0.668236946735021,0.9962444951364986
0.234,10.872211182726206,0.9988356739748623,0.9999982751188208,0.9999982288313212,0.9999890896931468,0.9996919751691876,0.9994285959852061,0.9993058097103383,0.9992802359459879,0.9992411666232924,0.9983689211833051,0.9983916595433396,0.996542272919693,0.9886435960979801,0.8876447225807169,0.8771366091308455,0.6691741555845605,0.9962684526794487
0.235,10.899461881231671,0.9988553513447739,0.9999983317061957,0.9999982867903914,0.9999893984644307,0.999698180730918,0.9994392478101133,0.9993184197810911,0.9992932488555069,0.9992547890331583,0.9983951169522206,0.9984175745487127,0.9965914706054306,0.9887715386254121,0.8882660069209873,0.8777907623528212,0.670105394563841,0.996292082951682
0.236,10.926616851288056,0.9988746276746813,0.9999983862468599,0.9999983426582952,0.9999896974516019,0.9997042398567283,0.9994496640961735,0.9993307569769126,0.9993059812887506,0.9992681195364412,0.9984208006041921,0.998442981439763,0.9966397957194554,0.988897589688359,0.8888816614974946,0.8784391251338921,0.6710307172613967,0.9963153923524665
0.237,10.953676596434832,0.9988935124193411,0.9999984388213679,0.9999983965171342,0.9999899869959076,0.9997101564707874,0.9994598508073922,0.9993428280773378,0.9993184401896168,0.9992811653238168,0.9984459837862887,0.9984678918054128,0.9966872665160242,0.9890217831654922,0.8894917535497383,0.8790817652758837,0.6719501766462938,0.9963383871244652
0.238,10.980641616686116,0.9989120147818475,0.9999984895068575,0.9999984484455361,0.9999902674256516,0.9997159343801342,0.9994698137385101,0.999354639672748,0.9993306323088871,0.999293933386863,0.998470677845267,0.9984923169349098,0.9967339008121605,0.9891441522279032,0.890096349328448,0.8797187496013065,0.6728638250769833,0.9963610733582224
0.239,11.007512408561444,0.9989301437210751,0.9999985383772048,0.9999984985188123,0.999990539056724,0.9997215772785204,0.9994795585203109,0.9993661981702099,0.99934256421017,0.999306430524163,0.9984948938362039,0.9985162678264663,0.9967797159994208,0.9892647293559449,0.8906955141128666,0.8803501439701906,0.6737717143100046,0.9963834569965009
0.24,11.034289465116279,0.9989479079588794,0.999998585503171,0.9999985468091073,0.9999908021931071,0.9997270887501153,0.9994890906247458,0.9993775097991174,0.9993542422756444,0.9993186633472042,0.9985186425308554,0.9985397551956248,0.9968247290553107,0.989383546355623,0.8912893122276816,0.880976013296581,0.6746738955085334,0.9964055438384841
0.241,11.06097327597214,0.9989653159870641,0.9999986309525442,0.999998593385541,0.9999910571273588,0.9997324722730793,0.9994984153698846,0.9993885806166433,0.9993656727116098,0.999330638286079,0.9985419344257513,0.9985627894833585,0.9968689565543598,0.989500634374552,0.8918778070596127,0.8815964215647043,0.6755704192507874,0.9964273395438398
0.242,11.087564327346467,0.9989823760741234,0.9999986747902718,0.9999986383143447,0.9999913041410754,0.9997377312230102,0.999507537924696,0.9993994165130069,0.9993768615538506,0.999342361594996,0.9985647797500353,0.9985853808639157,0.9969124146788702,0.9896160239174859,0.892461061073663,0.8822114318448121,0.6764613355382803,0.9964488496366549
0.243,11.114063102082127,0.9989990962717682,0.9999987170785888,0.9999986816589899,0.9999915435053349,0.999742868876268,0.9995164633136678,0.9994100232165679,0.9993878146728211,0.9993538393576071,0.9985871884730592,0.9986075392524172,0.9969551192293445,0.989729744861438,0.893039135829043,0.8828211063087114,0.677346693803943,0.996470079509245
0.244,11.140470079676675,0.999015484421241,0.9999987578771383,0.9999987234803116,0.9999917754811198,0.9997478884131814,0.9995251964212682,0.9994204062987466,0.999398537778658,0.9993650774921585,0.9986091703117396,0.9986292743122162,0.9969970856346091,0.9898418264704024,0.8936120919947736,0.8834255062449846,0.678226542920097,0.9964910344258431
0.245,11.166785736311239,0.9990315481594301,0.9999987972430878,0.9999987638366257,0.9999920003197232,0.9997527929211432,0.9995337419962587,0.9994305711787833,0.9994090364260267,0.9993760817564705,0.9986307347376842,0.9986505954620261,0.9970383289616367,0.9899522974096866,0.894179989364977,0.8840246920739124,0.679100931206303,0.99651171952617
0.246,11.193010544879174,0.9990472949247885,0.9999988352312384,0.99999880278384,0.9999922182631362,0.9997575853975952,0.9995421046558598,0.9994405231283382,0.9994193160188074,0.9993868577527544,0.9986518909840978,0.9986715118828279,0.9970788639250838,0.9900611857598693,0.8947428868738594,0.8846187233620993,0.6799699064370635,0.9965321398288947
0.247,11.219144975014359,0.9990627319630638,0.9999988718941302,0.9999988403755612,0.9999924295444194,0.9997622687529104,0.9995502888897783,0.9994502672759392,0.9994293818146253,0.9993974109322692,0.998672648052473,0.9986920325245613,0.9971187048965479,0.9901685190303927,0.8953008426103994,0.8852076588368153,0.6808335158494085,0.9965523002349821
0.248,11.245189493119268,0.9990778663328471,0.9999989072821419,0.999998876663196,0.999992634388058,0.9997668458131733,0.9995582990640992,0.9994598086112838,0.9994392389292335,0.9994077465998275,0.9986930147190745,0.9987121661126088,0.9971578659135547,0.9902743241727991,0.8958539138327399,0.8857915564000547,0.6816918061503424,0.9965722055309414
0.249,11.271144562392672,0.9990927049109461,0.999998941443586,0.9999989116960479,0.9999928330103026,0.9997713193228646,0.9995661394250477,0.9994691519893981,0.9994488923407508,0.9994178699181525,0.9987129995412233,0.9987319211540794,0.9971963606882853,0.9903786275936249,0.8964021569822982,0.8863704731423221,0.6825448235241738,0.9965918603919666
0.25,11.297010642857144,0.9991072543975883,0.9999989744247997,0.9999989455214091,0.9999930256194948,0.9997756919474519,0.9995738141026259,0.9994783021346609,0.9994583468937619,0.9994277859120941,0.998732610863388,0.9987513059438979,0.9972342026160498,0.9904814551669594,0.8969456276975952,0.8869444653561492,0.6833926136397183,0.9966112693849849
0.251,11.322788191386195,0.9991215213214613,0.9999990062702311,0.9999989781846488,0.9999932124163787,0.999779966275892,0.9995813271141291,0.9994872636446946,0.9994676073032822,0.9994374994727074,0.9987518568230895,0.9987703285707084,0.9972714047835162,0.9905828322466783,0.8974843808278147,0.887513588549351,0.6842352216573844,0.9966304369716071
0.252,11.34847766173121,0.9991355120445948,0.9999990370225219,0.9999990097292961,0.999993393594401,0.9997841448230459,0.9995886823675458,0.9994960409941307,0.9994766781585961,0.9994470153611992,0.9987707453566241,0.9987889969225948,0.9973079799767031,0.9906827836783636,0.8980184704460928,0.8880778974580232,0.6850726922361382,0.9966493675109885
0.253,11.374079504548037,0.9991492327670897,0.999999066722586,0.9999990401971209,0.9999935693399955,0.9997882300320109,0.9995958836648453,0.9995046385382518,0.9994855639269686,0.9994563382127466,0.9987892842046142,0.9988073186926287,0.9973439406887413,0.990781333810915,0.8985479498625518,0.8886374460592924,0.685905069540357,0.9966680652625998
0.254,11.399594167423384,0.9991626895316998,0.9999990954096842,0.9999990696282094,0.999993739832859,0.9997922242763736,0.9996029347051573,0.9995130605165159,0.9994942689572384,0.9994654725401938,0.9988074809173885,0.9988253013842465,0.9973792991274153,0.9908785065078649,0.8990728716370755,0.8891922875838183,0.6867323972465664,0.9966865343889173
0.255,11.42502209490085,0.9991758882282721,0.9999991231214962,0.9999990980610367,0.9999939052462129,0.9997961298623849,0.9996098390878468,0.9995213110559669,0.9995027974832937,0.9994744227376283,0.9988253428601999,0.9988429523164639,0.9974140672224875,0.9909743251584044,0.8995932875918385,0.8897424745280583,0.687554718550069,0.9967047789580246
0.256,11.450363728506789,0.9991888345980471,0.9999991498941884,0.9999991255325369,0.9999940657470554,0.9997999490310617,0.9996166003154899,0.9995293941745349,0.9995111536274385,0.9994831930838441,0.9988428772182864,0.9988602786289319,0.9974482566328151,0.9910688126881275,0.9001092488235918,0.8902880586662965,0.6883720761714633,0.996722802946141
0.257,11.475619506775832,0.9992015342378293,0.999999175762479,0.9999991520781683,0.9999942214964028,0.9998036839602167,0.9996232217967502,0.9995373137842305,0.999519341403648,0.9994917877456935,0.9988600910017782,0.9988772872868413,0.9974818787532648,0.9911619915695028,0.9006208057157096,0.8908290910624447,0.6891845123630561,0.9967406102400691
0.258,11.500789865276213,0.9992139926040263,0.9999992007597006,0.9999991777319769,0.9999943726495206,0.9998073367664191,0.999629706849164,0.9995450736942366,0.9995273647207228,0.9995002107813321,0.9988769910504589,0.9988939850856778,0.9975149447214315,0.9912538838320797,0.9011280079500059,0.8913656220816178,0.6899920689151722,0.9967582046395704
0.259,11.525875236634777,0.9992262150165657,0.999999224917859,0.9999992025266571,0.9999945193561454,0.9998109095068903,0.9996360587018331,0.9995526776139017,0.999535227385341,0.9995084661433614,0.9988935840383828,0.9989103786558351,0.9975474654241678,0.9913445110724372,0.9016309045183221,0.8918977014014923,0.6907947871623598,0.9967755898596683
0.26,11.550876050561799,0.9992382066626911,0.9999992482676898,0.9999992264936087,0.9999946617606972,0.9998144041813345,0.999642280498033,0.9995601291556371,0.9995429331050129,0.9995165576818711,0.9989098764783548,0.9989264744670902,0.9975794515039293,0.9914338944638812,0.902129543733892,0.8924253780234465,0.6915927079894958,0.9967927695328814
0.261,11.57579273387549,0.9992499726006419,0.9999992708387125,0.9999992496629918,0.9999948000024831,0.9998178227337079,0.9996483752977344,0.9995674318377233,0.9995504854909437,0.9995244891473855,0.9989258747262774,0.9989422788329438,0.9976109133649423,0.9915220547658993,0.9026239732424922,0.8929487002834953,0.6923858718377949,0.996809747211393
0.262,11.600625710526318,0.9992615177632218,0.9999992926592823,0.9999992720637796,0.999994934215893,0.9998211670539296,0.9996543460800453,0.9995745890870261,0.9995578880608046,0.9995322641937178,0.9989415849853674,0.9989577979148334,0.9976418611791984,0.9916090123333773,0.9031142400333765,0.8934677158630164,0.6931743187107188,0.9968265263691511
0.263,11.625375401621017,0.9992728469612582,0.999999313756639,0.999999293723808,0.9999950645305872,0.9998244389795343,0.9996601957455745,0.9995816042416272,0.9995651442414161,0.9995398863807335,0.9989570133102494,0.9989730377262188,0.9976723048922822,0.9916947871255869,0.9036003904500043,0.893982471799277,0.6939580881797938,0.9968431104039099
0.264,11.65004222544643,0.9992839648869568,0.9999993341569539,0.9999993146698241,0.9999951910716749,0.9998276402972702,0.999665927118719,0.9995884805533727,0.9995722573713482,0.9995473591770287,0.9989721656109265,0.9989880041365488,0.9977022542290371,0.9917793987149488,0.9040824702005658,0.8944930144957636,0.6947372193903332,0.9968595026392082
0.265,11.674626597493036,0.999294876117155,0.9999993538853753,0.9999993349275308,0.9999953139598885,0.9998307727446444,0.9996715429498796,0.9995952211903406,0.9995792307034386,0.9995546859625233,0.9989870476566353,0.9990027028751094,0.9977317186990734,0.9918628662955781,0.9045605243683069,0.8949993897323198,0.695511751067071,0.996875706326292
0.266,11.699128930478311,0.9993055851164773,0.9999993729660708,0.9999993545216319,0.9999954333117475,0.9998338380114161,0.9996770459176045,0.9996018292392312,0.9995860674072317,0.9995618700309746,0.9990016650795877,0.9990171395347593,0.9977607076021237,0.991945208691618,0.9050345974216606,0.8955016426750947,0.696281721519703,0.9968917246459762
0.267,11.723549634369794,0.9993160962403955,0.9999993914222686,0.9999993734758724,0.9999955492397178,0.9998368377410413,0.9996824386306663,0.9996083077076832,0.999592770571342,0.9995689145924125,0.9990160233786024,0.9990313195755556,0.9977892300332516,0.9920264443653678,0.9055047332241871,0.8959998178863096,0.697047168648345,0.9969075607104577
0.268,11.747889116407984,0.999326413738198,0.9999994092762965,0.9999993918130793,0.9999956618523642,0.9998397735320694,0.9996877236300727,0.9996146595265168,0.9995993432057447,0.9995758227754987,0.9990301279226311,0.9990452483282727,0.9978172948879165,0.9921065914252108,0.9059709750443282,0.8964939593338404,0.6978081299488988,0.99692321756507
0.269,11.772147781128943,0.9993365417558691,0.9999994265496194,0.9999994095551991,0.9999957712544963,0.9998426469394944,0.9996929033910142,0.9996208875519084,0.9996057882439939,0.9995825976298142,0.999043983954181,0.9990589309978198,0.9978449108668989,0.9921856676333474,0.9064333655649788,0.8969841104006276,0.69856464251834,0.996938698189989
0.27,11.796326030386743,0.9993464843388836,0.999999443262875,0.9999994267233344,0.9999958775473087,0.9998454594760612,0.9996979803247499,0.9996269945674957,0.9996121085453734,0.9995892421280749,0.9990575965926395,0.9990723726665574,0.9978720864810917,0.9922636904133374,0.9068919468928802,0.8974703138939106,0.6993167430599183,0.9969540055018894
0.271,11.82042426337562,0.9993562454349177,0.9999994594359083,0.999999443337779,0.9999959808285162,0.9998482126135294,0.9997029567804347,0.9996329832864208,0.9996183068969804,0.9995957591682807,0.9990709708375006,0.9990855782975182,0.9978988300561605,0.9923406768574606,0.9073467605678387,0.8979526120542943,0.700064467888279,0.9969691423555526
0.272,11.844442876651984,0.9993658288964804,0.9999994750878034,0.9999994594180508,0.9999960811924823,0.9998509077838966,0.9997078350468898,0.9996388563533074,0.999624386015746,0.9996021515757975,0.9990841115714999,0.9990985527375347,0.9979251497370774,0.992416643733896,0.9077978475717728,0.8984310465646493,0.7008078529345043,0.9969841115454291
0.273,11.868382264156129,0.9993752384834651,0.9999994902369159,0.9999994749829234,0.9999961787303442,0.9998535463805809,0.9997126173543164,0.9996446163461787,0.9996303485503931,0.9996084221053759,0.9990970235636581,0.9991113007202765,0.9979510534925303,0.9924916074937269,0.9082452483375945,0.8989056585588509,0.7015469337510756,0.9969989158071542
0.274,11.89224281723381,0.9993844778656287,0.9999995049009021,0.9999994900504573,0.9999962735301315,0.9998561297595653,0.9997173058759582,0.9996502657783166,0.9996361970833346,0.9996145734431094,0.9991097114722377,0.9991238268691998,0.9979765491192155,0.9925655842777766,0.9086890027579242,0.8993764886303574,0.7022817455167591,0.9970135578190209
0.275,11.916024924657533,0.9993935506249957,0.9999995190967473,0.9999995046380279,0.999996365676881,0.9998586592405063,0.9997219027297108,0.9996558071000636,0.9996419341325136,0.9996206082083317,0.9991221798476146,0.999136135700412,0.9980016442460118,0.9926385899232792,0.9091291501936485,0.899843576840636,0.7030123230414176,0.9970280402034133
0.276,11.939728972647705,0.9994024602581928,0.9999995328407941,0.9999995187623546,0.9999964552527463,0.9998611361078048,0.999726409979682,0.9996612427005694,0.9996475621531881,0.9996265289554568,0.9991344331350679,0.9991482316254556,0.9980263463380437,0.9927106399703886,0.909565729482318,0.9003069627274333,0.7037387007707449,0.9970423655281951
0.277,11.9633553448935,0.9994112101787146,0.9999995461487675,0.9999995324395262,0.9999965423371038,0.999863561611644,0.9997308296377035,0.9996665749094856,0.9996530835396609,0.9996323381757647,0.9991464756774899,0.9991601189540104,0.9980506627006349,0.9927817496685315,0.9099987789463934,0.9007666853128983,0.7044609127909316,0.997056536308061
0.278,11.986904422573613,0.9994198037191242,0.9999995590358006,0.9999995456850272,0.9999966270066538,0.9998659369689937,0.9997351636647971,0.9996718059986076,0.9996585006269582,0.9996380382991318,0.9991583117180199,0.9991718018965202,0.998074600483157,0.9928519339826087,0.9104283364013406,0.9012227831115596,0.7051789928332548,0.9970705550058495
0.279,12.0103765843767,0.9994282441331885,0.999999571516458,0.9999995585137621,0.9999967093355188,0.9998682633645821,0.9997394139725944,0.9996769381834678,0.9996638156924561,0.99964363169571,0.9991699454026018,0.999183284566745,0.9980981666827737,0.9929212075990472,0.9108544391635783,0.9016752941381583,0.7058929742786035,0.9970844240338184
0.28,12.033772206521741,0.9994365345979527,0.9999995836047592,0.9999995709400782,0.9999967893953361,0.9998705419518372,0.9997435824247144,0.9996819736248805,0.9996690309574595,0.9996491206775554,0.9991813807824713,0.9991945709842395,0.9981213681480869,0.9929895849317082,0.9112771240582811,0.9021242559153426,0.7066028901619288,0.9970981457548859
0.281,12.05709166277808,0.9994446782157537,0.9999995953142004,0.9999995829777882,0.9999968672553488,0.9998727738537975,0.9997476708380988,0.9996869144304403,0.999674148588733,0.9996545075002082,0.9991926218165713,0.9992056650767629,0.9981442115826848,0.9930570801276546,0.911696427427042,0.9025697054812234,0.7073087731766313,0.9971117224838336
0.282,12.080335324485374,0.9994526780161769,0.9999996066577749,0.9999995946401922,0.9999969429824915,0.9998749601639944,0.9997516809843058,0.9996917626559751,0.9996791706999864,0.9996597943642259,0.9992036723739003,0.9992165706826203,0.9981667035485968,0.9931237070727822,0.9121123851353963,0.903011679396796,0.7080106556788798,0.9971251564884803
0.283,12.103503560573282,0.9994605369579547,0.999999617647994,0.9999996059400968,0.9999970166414744,0.9998771019473068,0.9997556145907656,0.9996965203069568,0.9996840993533146,0.99966498341667,0.999214536235795,0.9992272915529379,0.9981888504696571,0.9931894793973168,0.9125250325802091,0.9034502137532314,0.7087085696918666,0.9971384499908192
0.284,12.126596737580993,0.9994682579308125,0.999999628296906,0.9999996168898364,0.9999970882948629,0.9998792002407884,0.9997594733419976,0.9997011893398682,0.999688936560597,0.9996700767525497,0.9992252170981485,0.9992378313538749,0.9982106586347785,0.9932544104811822,0.912934404696932,0.9038853441790359,0.7094025469099958,0.9971516051681268
0.285,12.14961521967655,0.9994758437572604,0.9999996386161141,0.9999996275012901,0.9999971580031537,0.9998812560544681,0.999763258880791,0.9997057716635307,0.9996936842848531,0.9996750764162221,0.9992357185735669,0.9992481936687734,0.9982321342011423,0.9933185134592414,0.9133405359667277,0.904317105847087,0.7100926187030117,0.9971646241540372
0.286,12.172559368675996,0.9994832971943342,0.9999996486167945,0.9999996377859015,0.9999972258248502,0.9998832703721278,0.9997669728093491,0.9997102691403923,0.9996983444415588,0.9996799844027516,0.999246044193466,0.999258382000248,0.9982532831973022,0.9933818012264147,0.9137434604234688,0.9047455334815441,0.7107788161200639,0.9971775090395922
0.287,12.195429544062332,0.9994906209352872,0.9999996583097132,0.9999996477546944,0.9999972918165324,0.9998852441520525,0.9997706166904003,0.9997146835877765,0.9997029188999246,0.9996848026592289,0.99925619741011,0.999268399772218,0.9982741115262093,0.9934442864426793,0.9141432116606106,0.9051706613646371,0.7114611698937123,0.997190261874257
0.288,12.218226103004291,0.9994978176112334,0.9999996677052422,0.9999996574182902,0.9999973560329258,0.9998871783277602,0.9997741920482754,0.9997190167790955,0.9997074094841344,0.9996895330860514,0.999266181598593,0.9992782503318827,0.998294624968156,0.9935059815379498,0.9145398228379434,0.9055925233433381,0.712139710443871,0.9972028846669118
0.289,12.240949400374932,0.9995048897927445,0.9999996768133748,0.9999996667869234,0.9999974185269672,0.9998890738087064,0.9997777003699521,0.9997232704450268,0.99971181797455,0.9996941775381664,0.9992760000587666,0.9992879369516413,0.9983148291836457,0.9935668987168468,0.9149333266882229,0.906011152835914,0.712814467881697,0.9972153793868156
0.29,12.263599788770053,0.9995118399914017,0.9999996856437405,0.9999996758704567,0.9999974793498677,0.9998909314809687,0.9997811431060695,0.9997274462746564,0.9997161461088784,0.9996987378262779,0.999285656017114,0.9992974628309619,0.9983347297161859,0.9936270499633544,0.9153237555236852,0.9064265828383674,0.7134854720134165,0.9972277479645423
0.291,12.286177618526427,0.9995186706613032,0.9999996942056197,0.9999996846783956,0.9999975385511737,0.9998927522079091,0.9997845216719115,0.9997315459165865,0.9997203955833064,0.999703215718018,0.999295152628573,0.999306831098197,0.9983543319950104,0.9936864470453691,0.9157111412424455,0.9068388459307634,0.7141527523441001,0.9972399922928932
0.292,12.308683237739872,0.9995253842005303,0.9999997025079564,0.9999996932199023,0.9999975961788254,0.9998945368308157,0.9997878374483619,0.9997355709800133,0.9997245680536013,0.9997076129390843,0.9993044929783087,0.9993160448123496,0.9983736413377313,0.9937451015191441,0.9160955153347852,0.9072479742834476,0.714816338081377,0.9972521142277835
0.293,12.331116992283128,0.9995319829525721,0.9999997105593722,0.9999997015038088,0.9999976522792134,0.9998962861695256,0.9997910917828301,0.9997395230357713,0.9997286651361801,0.9997119311743449,0.9993136800834377,0.999325106964792,0.9983926629529213,0.993803024733631,0.9164769088893278,0.9076539996631567,0.715476258139099,0.9972641155891067
0.294,12.353479225823591,0.9995384692077094,0.9999997183681779,0.9999997095386299,0.9999977068972326,0.999898001023028,0.9997942859901512,0.9997434036173484,0.9997326884091471,0.9997161720689106,0.9993227168947055,0.9993340204809367,0.9984114019426314,0.9938602278347218,0.9168553525991072,0.9080569534390233,0.716132541140948,0.9972759981615736
0.295,12.375770279840848,0.9995448452043616,0.9999997259423865,0.9999997173325755,0.9999977600763343,0.9998996821700483,0.9997974213534574,0.9997472142218712,0.9997366394133023,0.9997203372291773,0.9993316062981192,0.9993427882218614,0.9984298633048436,0.9939167217693932,0.9172308767675298,0.9084568665884769,0.7167852154239926,0.9972877636955297
0.296,12.397990493644068,0.9995511131303948,0.9999997332897238,0.9999997248935623,0.9999978118585772,0.9999013303696159,0.9998004991250262,0.9997509563110617,0.9997405196531199,0.9997244282238372,0.9993403511165336,0.9993514129858909,0.9984480519358605,0.9939725172897561,0.9176035113142322,0.9088537697030448,0.717434309042192,0.9972994139077528
0.297,12.420140204389213,0.9995572751243942,0.9999997404176401,0.9999997322292246,0.9999978622846744,0.9999029463616128,0.9998035205271022,0.999754631312167,0.9997443305976994,0.9997284465848622,0.9993489541111973,0.9993598975101357,0.998465972632634,0.9940276249570135,0.9179732857808385,0.9092476929940516,0.7180798497698481,0.9973109504822244
0.298,12.442219747096093,0.9995633332769012,0.9999997473333201,0.9999997393469257,0.9999979113940415,0.9999045308673068,0.9998064867526951,0.999758240618861,0.9997480736816886,0.999732393808458,0.9993574179832544,0.9993682444719885,0.998483630095036,0.9940820551453269,0.9183402293366153,0.9096386662982238,0.7187218651050095,0.9973223750708873
0.299,12.464229454665261,0.9995692896316162,0.999999754043694,0.9999997462537682,0.99999795922484,0.9999060845898682,0.9998093989663553,0.9997617855921219,0.9997517503061812,0.9997362713559925,0.9993657453752083,0.999376456490581,0.9985010289280702,0.9941358180455961,0.9187043707840322,0.9100267190831964,0.7193603822728247,0.9973336892943774
0.3,12.486169657894738,0.9995751461865686,0.9999997605554464,0.9999997529566036,0.9999980058140219,0.9999076082148705,0.9998122583049263,0.9997652675610831,0.9997553618395875,0.9997400806548958,0.9993739388723438,0.9993845361282016,0.9985181736440286,0.9941889236691529,0.919065738564223,0.9104118804529278,0.7199954282288481,0.9973448947427394
0.301,12.508040685496585,0.9995809048952543,0.9999997668750257,0.999999759462042,0.9999980511973696,0.9999091024107764,0.9998150658782748,0.9997686878238605,0.9997589096184815,0.9997438230995368,0.9993820010041137,0.9993924858916737,0.9985350686645934,0.9942413818513709,0.9194243607623552,0.9107941791530211,0.7206270296622966,0.9973559929761225
0.302,12.529842864113327,0.999586567667742,0.9999997730086535,0.9999997657764612,0.9999980954095374,0.9999105678294091,0.9998178227700016,0.9997720476483563,0.999762394948423,0.999747500052073,0.9993899342454852,0.9994003082336996,0.9985517183228863,0.9942932022551948,0.9197802651129064,0.9111736435759571,0.7212552129992613,0.9973669855254584
0.303,12.551576518334207,0.9995921363717497,0.9999997789623332,0.9999997719060156,0.9999981384840896,0.9999120051064093,0.9998205300381295,0.9997753482730395,0.9997658191047576,0.9997511128432781,0.9993977410182542,0.9994080055541659,0.9985681268654663,0.99434439437459,0.9201334790048503,0.9115503017662372,0.7218800044058731,0.9973778738931219
0.304,12.573241970711297,0.9995976128336915,0.9999997847418574,0.9999997778566445,0.9999981804535368,0.9999134148616785,0.9998231887157736,0.999778590907705,0.999769183333392,0.999754662773345,0.9994054236923211,0.9994155802014156,0.9985842984542773,0.9943949675379141,0.920484029486754,0.911924181425441,0.722501429791421,0.997388659553573
0.305,12.594839541775457,0.9996029988396959,0.9999997903528168,0.9999997836340803,0.9999982213493732,0.999914797699809,0.9998257998117909,0.9997817767342105,0.9997724888515505,0.9997581511126666,0.9994129845869355,0.9994230344734866,0.9986002371685474,0.9944449309112143,0.920831943271789,0.912295309917198,0.7231195148114291,0.9973993439539833
0.306,12.616369550052138,0.999608296136597,0.9999997958006075,0.9999997892438558,0.9999982612021098,0.9999161542105014,0.9998283643114123,0.999784906907193,0.9997757368485064,0.9997615791025951,0.9994204259719065,0.9994303706193163,0.9986159470066404,0.9944942935014502,0.921177246742656,0.9126637142720764,0.7237342848706869,0.997409928514848
0.307,12.637832312077043,0.9996135064328974,0.999999801090438,0.9999997946913126,0.9999983000413082,0.9999174849689697,0.9998308831768563,0.999787982554765,0.9997789284862971,0.9997649479561797,0.9994277500687814,0.9994375908399152,0.9986314318878621,0.9945430641596448,0.9215199659564276,0.9130294211923905,0.7243457651262395,0.9974204146305765
0.308,12.659228142411644,0.9996186313997076,0.9999998062273364,0.9999997999816072,0.9999983378956124,0.9999187905363334,0.9998333573479246,0.9997910047791915,0.9997820649004155,0.9997682588588837,0.9994349590519936,0.9994446972895095,0.9986466956542208,0.9945912515839664,0.921860126649307,0.9133924570569263,0.7249539804903316,0.9974308036700761
0.309,12.680557353658536,0.9996236726716577,0.9999998112161573,0.9999998051197183,0.9999983747927802,0.9999200714599995,0.9998357877425815,0.9997939746575477,0.9997851472004843,0.9997715129692818,0.9994420550499806,0.9994516920766532,0.9986617420721453,0.9946388643227416,0.9221977542413082,0.9137528479255905,0.7255589556333151,0.9974410969773121
0.31,12.701820256476683,0.9996286318477859,0.9999998160615879,0.9999998101104539,0.999998410759712,0.999921328274032,0.9998381752575172,0.9997968932423582,0.9997881764709108,0.9997747114197384,0.999449040146272,0.9994585772653115,0.9986765748341602,0.9946859107774013,0.922532873840856,0.9141106195439811,0.7261607149865106,0.9974512958718617
0.311,12.723017159596482,0.9996335104924027,0.9999998207681544,0.9999998149584568,0.9999984458224802,0.9999225614995115,0.9998405207686942,0.9997997615622192,0.9997911537715236,0.9997778553170663,0.9994559163805498,0.9994653548759156,0.9986911975605192,0.9947323992053628,0.9228655102493102,0.9144657973478818,0.7267592827450333,0.9974614016494464
0.312,12.744148369834711,0.9996383101359324,0.9999998253402279,0.9999998196682109,0.9999984800063566,0.999923771644883,0.999842825131879,0.9998025806224022,0.9997940801381916,0.9997809457431678,0.9994626857496804,0.9994720268863901,0.9987056138007997,0.9947783377228474,0.9231956879654117,0.9148184064676834,0.7273546828705753,0.9974714155824564
0.313,12.765214192109335,0.999643032275732,0.9999998297820304,0.9999998242440477,0.999998513335839,0.9999249592062949,0.9998450891831586,0.9998053514054424,0.9997969565834262,0.999783983755658,0.9994693502087211,0.9994785952331534,0.9987198270354576,0.9948237343076372,0.9235234311896569,0.9151684717327317,0.7279469390941518,0.9974813389204595
0.314,12.786214929454172,0.999647678376888,0.9999998340976395,0.9999998286901505,0.999998545834677,0.999926124667927,0.9998473137394428,0.9998080748717091,0.999799784096966,0.9997869703884715,0.9994759116718985,0.9994850618120925,0.9987338406773438,0.9948685968017704,0.9238487638285964,0.9155160176756029,0.7285360749188077,0.9974911728906971
0.315,12.80715088303342,0.9996522498729923,0.9999998382909948,0.9999998330105616,0.9999985775258966,0.9999272685023096,0.9998494995989519,0.9998107519599624,0.9998025636463471,0.9997899066524514,0.9994823720135637,0.9994914284795123,0.9987476580731848,0.9949129329141794,0.9241717094990648,0.9158610685363104,0.7291221136222881,0.9975009186985677
0.316,12.828022352156058,0.999656748166898,0.9999998423659019,0.9999998372091862,0.9999986084318244,0.9999283911706331,0.9998516475416918,0.9998133835878927,0.9998052961774557,0.9997927935359228,0.9994887330691212,0.9994976970530602,0.9987612825050262,0.9949567502232692,0.9244922915323377,0.916203648266442,0.7297050782596685,0.9975105775280996
0.317,12.848829634290109,0.9996611746314545,0.999999846326038,0.9999998412897975,0.9999986385741104,0.9999294931230486,0.9998537583299144,0.999815970652647,0.9998079826150674,0.9997956320052509,0.999494996635935,0.9995038693126276,0.9987747171916418,0.9950000561794421,0.924810532978221,0.9165437805332286,0.7302849916659524,0.9975201505424096
0.318,12.869573025076766,0.9996655306102239,0.9999998501749563,0.9999998452560419,0.9999986679737503,0.9999305747989593,0.9998558327085669,0.9998185140313394,0.9998106238633702,0.999798423005384,0.9995011644742109,0.9995099470012268,0.9987879652899092,0.9950428581075654,0.9251264566090739,0.9168814887235481,0.730861876458631,0.9975296388841535
0.319,12.890252818344404,0.9996698174181774,0.9999998539160904,0.9999998491114437,0.9999986966511066,0.999931636627305,0.9998578714057272,0.9998210145815483,0.999813220806475,0.9998011674603806,0.9995072383078564,0.9995159318258471,0.9988010298961506,0.9950851632093881,0.9254400849237622,0.9172167959478634,0.7314357550402077,0.9975390436759609
0.32,12.91086930612245,0.9996740363423755,0.9999998575527589,0.9999998528594087,0.9999987246259303,0.9999326790268364,0.9998598751330284,0.9998234731418005,0.9998157743089102,0.9998038662739237,0.9995132198253186,0.9995218254582879,0.998813914047443,0.9951269785659033,0.9257514401515499,0.917549725044096,0.7320066496006874,0.997548366020864
0.321,12.93142277865512,0.9996781886426286,0.9999998610881693,0.9999998565032294,0.9999987519173794,0.9999337024063831,0.9998618445860705,0.9998258905320415,0.9998182852161052,0.9998065203298204,0.9995191106804009,0.9995276295359707,0.9988266207228962,0.9951683111396609,0.9260605442559249,0.9178802985814377,0.732574582120034,0.9975576070027123
0.322,12.951913524415057,0.9996822755521405,0.9999998645254221,0.9999998600460885,0.9999987785440396,0.9999347071651131,0.9998637804448219,0.9998282675540933,0.9998207543548582,0.9998091304924883,0.9995249124930584,0.9995333456627306,0.9988391528448999,0.9952091677770305,0.9263674189383625,0.9182085388641004,0.7331395743705916,0.9975667676865789
0.323,12.972341830116811,0.9996862982781368,0.9999998678675147,0.9999998634910632,0.9999988045239419,0.9999356936927853,0.9998656833740094,0.9998306049920994,0.9998231825337942,0.9998116976074287,0.9995306268501741,0.9995389754095872,0.9988515132803417,0.9952495552104159,0.9266720856420276,0.9185344679350048,0.733701647919474,0.997575849119157
0.324,12.992707980730223,0.999690258002475,0.999999871117345,0.9999998668411284,0.9999988298745807,0.9999366623699945,0.9998675540234969,0.9998329036129588,0.9998255705438082,0.9998142225016872,0.9995362553063142,0.9995445203154976,0.9988637048417959,0.9952894800604215,0.9269745655554165,0.9188581075794117,0.7342608241309214,0.9975848523291451
0.325,13.01301225949367,0.9996941558822395,0.9999998742777151,0.9999998700991611,0.9999988546129316,0.9999376135684093,0.9998693930286554,0.9998351641667473,0.999827919158498,0.999816705984302,0.9995417993844659,0.9995499818880872,0.9988757302886834,0.9953289488379735,0.9272748796159386,0.919179479328492,0.7348171241686253,0.9975937783276236
0.326,13.033254947927201,0.9996979930503221,0.9999998773513344,0.9999998732679435,0.9999988787554677,0.999938547651004,0.9998712010107208,0.9998373873871278,0.999830229134585,0.9998191488467398,0.9995472605767547,0.9995553616043659,0.9988875923284047,0.9953679679463955,0.9275730485134415,0.9194986044628422,0.7353705689980209,0.9976026281084244
0.327,13.053436325845533,0.9997017706159863,0.9999998803408233,0.999999876350166,0.9999989023181758,0.999939464972283,0.999872978577144,0.9998395739917499,0.9998325012123235,0.9998215518633214,0.999552640345146,0.999560660911423,0.9988992936174464,0.9954065436834397,0.9278690926936772,0.9198155040159425,0.7359211793885502,0.9976114026484872
0.328,13.073556671370968,0.9997054896654175,0.9999998832487161,0.9999998793484312,0.999998925316572,0.9999403658784998,0.9998747263219301,0.9998417246826389,0.9998347361158999,0.9998239157916343,0.9995579401221268,0.9995658812271067,0.9989108367624607,0.9954446822432762,0.928163032361714,0.9201301987775599,0.7364689759158929,0.9976201029082116
0.329,13.09361626094615,0.9997091512622596,0.999999886077464,0.9999998822652564,0.9999989477657166,0.9999412507078683,0.999876444825969,0.9998438401465736,0.99983693455382,0.9998262413729354,0.9995631613113721,0.9995710239406855,0.9989222243213199,0.9954823897184387,0.9284548874852916,0.920442709297097,0.7370139789641683,0.9976287298317974
0.33,13.113615369346736,0.999712756448137,0.9999998888294382,0.9999998851030771,0.9999989696802292,0.9999421197907706,0.9998781346573573,0.9998459210554547,0.9998390972192872,0.9998285293325431,0.9995683052883937,0.9995760904134942,0.9989334588041464,0.9955196721017306,0.9287446777981238,0.9207530558868886,0.7375562087281073,0.9976372843475794
0.331,13.13355426969393,0.999716306243164,0.9999998915069329,0.9999998878642494,0.9999989910743017,0.9999429734499562,0.999879796371711,0.9998479680666638,0.9998412247905701,0.9998307803802182,0.9995733734011731,0.9995810819795616,0.9989445426743181,0.9955565352880901,0.9290324228031468,0.9210612586254442,0.7380956852151952,0.9976457673683518
0.332,13.153433233466936,0.9997198016464408,0.9999998941121672,0.999999890551053,0.9999990119617128,0.9999438120007378,0.9998814305124702,0.999849981823412,0.9998433179313609,0.9998329952105363,0.9995783669707795,0.9995859999462258,0.9989554783494504,0.9955929850764166,0.9293181417757168,0.9213673373606412,0.738632428247785,0.997654179791686
0.333,13.173252530515258,0.9997232436365374,0.9999998966472888,0.9999998931656937,0.9999990323558406,0.9999446357511805,0.9998830376111957,0.99985196295508,0.9998453772911232,0.9998351745032483,0.9995832872919707,0.9995908455947312,0.9989662682023558,0.9956290271713588,0.9296018537667555,0.9216713117128668,0.7391664574651853,0.9976625225002427
0.334,13.19301242907093,0.9997266331719643,0.9999998991143758,0.9999998957103066,0.9999990522696757,0.9999454450022863,0.9998846181878569,0.999853912077549,0.9998474035054324,0.999837318923634,0.999588135633781,0.9995956201808127,0.9989769145619802,0.9956646671850655,0.9298835776058454,0.9219732010781101,0.7396977923257166,0.9976707963620713
0.335,13.212713195760598,0.9997299711916322,0.9999999015154392,0.9999998981869576,0.9999990717158322,0.9999462400481729,0.9998861727511135,0.9998558297935223,0.9998493971963058,0.9998394291228443,0.9995929132400936,0.9996003249352644,0.9989874197143185,0.9956999106388996,0.9301633319042764,0.9222730246310069,0.7402264521087432,0.9976790022309091
0.336,13.23235509561753,0.9997332586152998,0.9999999038524254,0.9999999005976463,0.9999990907065615,0.9999470211762478,0.9998877017985882,0.9998577166928398,0.9998513589725242,0.9998415057382354,0.9995976213301992,0.9996049610644947,0.9989977859033078,0.9957347629651169,0.9304411350580434,0.9225708013278353,0.7407524559166765,0.9976871409464683
0.337,13.251938392093487,0.9997364963440104,0.9999999061272185,0.9999999029443088,0.9999991092537615,0.9999477886673781,0.9998892058171331,0.9998595733527836,0.9998532894299463,0.9998435493936946,0.999602261099341,0.999609529751068,0.9990080153317015,0.9957692295085094,0.9307170052507974,0.9228665499094653,0.741275822676953,0.9976952133347181
0.338,13.271463347070508,0.999739685260517,0.999999908341642,0.999999905228819,0.9999991273689892,0.9999485427960548,0.9998906852830889,0.9998614003383747,0.9998551891518133,0.999845560699957,0.999606833719246,0.9996140321542324,0.9990181101619215,0.9958033155280159,0.9309909604567483,0.9231602889042625,0.7417965711439852,0.9977032202081598
0.339,13.290930220872585,0.9997428262296978,0.9999999104974617,0.9999999074529908,0.9999991450634708,0.999949283830553,0.9998921406625367,0.9998631982026636,0.9998570587090465,0.9998475402549144,0.9996113403386434,0.9996184694104356,0.9990280725168926,0.9958370261982978,0.9312630184435237,0.9234520366309464,0.7423147199010869,0.9977111623660982
0.34,13.310339272277227,0.9997459200989602,0.9999999125963868,0.9999999096185812,0.9999991623481119,0.9999500120330878,0.999893572411544,0.9998649674870125,0.9998588986605375,0.9998494886439162,0.9996157820837714,0.9996228426338268,0.9990379044808557,0.9958703666112835,0.9315331967749808,0.9237418112014039,0.7428302873623743,0.9977190405949
0.341,13.329690758526942,0.9997489676986354,0.9999999146400722,0.9999999117272909,0.9999991792335076,0.9999507276599654,0.9998949809764037,0.9998667087213698,0.9998607095534296,0.9998514064400627,0.9996201600588699,0.9996271529167475,0.9990476081001647,0.9959033417776801,0.9318015128139763,0.9240296305234592,0.7433432917746406,0.9977268556682547
0.342,13.348984935340573,0.9997519698423631,0.9999999166301208,0.9999999137807671,0.9999991957299518,0.999951430961731,0.9998963667938671,0.999868422424539,0.999862491923394,0.9998532942044898,0.9996244753466624,0.99963140133021,0.9990571853840629,0.9959359566284557,0.9320679837250905,0.9243155123036023,0.7438537512192069,0.997734608347422
0.343,13.368222056924596,0.9997549273274666,0.9999999185680846,0.9999999157806052,0.9999992118474469,0.9999521221833118,0.9998977302913703,0.9998701091044383,0.9998642462948963,0.9998551524866485,0.9996287290088266,0.9996355889243641,0.9990666383054434,0.9959682160162893,0.9323326264773109,0.9245994740496732,0.7443616836137492,0.9977422993814793
0.344,13.387402375984252,0.9997578409353184,0.9999999204554666,0.9999999177283503,0.9999992275957127,0.9999528015641561,0.9998990718872559,0.9998717692583561,0.9998659731814586,0.999856981824575,0.999632922086452,0.999639716728953,0.9990759688015916,0.9960001247169928,0.932595457846672,0.9248815330735062,0.7448671067141011,0.9977499295075585
0.345,13.406526143734645,0.9997607114316969,0.9999999222937228,0.9999999196254987,0.9999992429841947,0.9999534693383697,0.9999003919909871,0.9998734033731979,0.9998676730859134,0.9998587827451557,0.9996370556004889,0.9996437857537576,0.9990851787749105,0.9960316874309033,0.9328564944188562,0.9251617064935331,0.745370038116032,0.9977574994510824
0.346,13.425593609911678,0.9997635395671346,0.9999999240842635,0.9999999214735006,0.9999992580220731,0.9999541257348471,0.9999016910033581,0.9998750119257283,0.9998693465006512,0.9998605557643839,0.9996411305521837,0.9996477969890305,0.9990942700936304,0.9960629087842466,0.9331157525917516,0.9254400112373466,0.7458704952570058,0.9977650099259914
0.347,13.444605022782952,0.9997663260772572,0.999999925828455,0.9999999232737603,0.9999992727182705,0.9999547709774006,0.9999029693166976,0.9998765953828057,0.9998709939078627,0.9998623013876116,0.999645147923507,0.9996517514059199,0.9991032445925014,0.9960937933304745,0.9333732485779725,0.9257164640442245,0.746368495417912,0.9977724616349674
0.348,13.463560629158511,0.9997690716831152,0.9999999275276207,0.9999999250276387,0.9999992870814595,0.9999554052848846,0.9999042273150682,0.999878154201612,0.9998726157797739,0.9998640201097933,0.9996491086775683,0.9996556499568819,0.9991121040734716,0.9961243455515735,0.9336289984073395,0.9259910814676147,0.7468640557247781,0.9977798552696509
0.349,13.482460674401564,0.9997717770915061,0.9999999291830431,0.9999999267364544,0.9999993011200712,0.9999560288713176,0.9999054653744597,0.9998796888298757,0.9998742125788752,0.999865712415725,0.999653013759023,0.9996594935760854,0.999120850306349,0.9961545698593478,0.9338830179293216,0.9262638798775833,0.7473571931504587,0.997787191510857
0.35,13.501305402439025,0.99977444299529,0.9999999307959649,0.9999999284014852,0.9999993148423015,0.9999566419460004,0.9999066838629778,0.9998811997060895,0.9998757847581453,0.9998673787802764,0.9996568640944695,0.9996632831798047,0.9991294850294494,0.9961844705966766,0.9341353228154406,0.9265348754632253,0.7478479245163017,0.9977944710287806
0.351,13.520095055772043,0.9997770700736965,0.9999999323675902,0.9999999300239694,0.999999328256119,0.9999572447136315,0.9999078831410283,0.9998826872597231,0.9998773327612693,0.9998690196686176,0.9996606605928353,0.9996670196668045,0.9991380099502291,0.9962140520387457,0.9343859285616396,0.9268040842350376,0.7483362664937958,0.9978016944832021
0.352,13.53882987548638,0.9997796589926253,0.9999999338990861,0.999999931605107,0.9999993413692714,0.9999578373744185,0.9999090635614963,0.9998841519114294,0.9998788570228512,0.9998706355364396,0.9996644041457556,0.9996707039187152,0.9991464267459034,0.9962433183942548,0.9346348504906125,0.9270715220272576,0.7488222356061938,0.9978088625236864
0.353,13.55751010126275,0.9997822104049385,0.9999999353915836,0.9999999331460613,0.9999993541892923,0.9999584201241878,0.9999102254699205,0.9998855940732467,0.9998803579686203,0.9998722268301702,0.9996680956279427,0.9996743368003993,0.9991547370640523,0.9962722738066002,0.934882103754101,0.9273372045001653,0.749305848230117,0.9978159757897773
0.354,13.576135971387002,0.9997847249507459,0.999999936846179,0.9999999346479598,0.9999993667235078,0.9999589931544909,0.9999113692046633,0.9998870141487949,0.9998818360156343,0.9998737939871831,0.9996717358975453,0.9996779191603091,0.9991629425232121,0.9963009223550344,0.9351277033351542,0.9276011471423514,0.74978712059714,0.9978230349111871
0.355,13.594707722760292,0.9997872032576839,0.9999999382639352,0.9999999361118956,0.9999993789790422,0.9999595566527073,0.9999124950970771,0.9998884125334672,0.9998832915724754,0.999875337436004,0.999675325796502,0.9996814518308365,0.999171044713453,0.9963292680558017,0.9353716640503545,0.9278633652729505,0.7502660687953522,0.997830040507985
0.356,13.61322559090909,0.9997896459411874,0.9999999396458822,0.9999999375389286,0.9999993909628249,0.9999601108021454,0.9999136034716656,0.999889789614617,0.9998847250394424,0.9998768575965088,0.9996788661508833,0.999684935628653,0.9991790451969454,0.9963573148632525,0.9356140005520102,0.9281238740438419,0.7507427087709022,0.9978369931907768
0.357,13.631689809995173,0.9997920536047554,0.9999999409930191,0.9999999389300861,0.9999994026815952,0.9999606557821406,0.9999146946462412,0.9998911457717405,0.9998861368087381,0.9998783548801191,0.9996823577712283,0.9996883713550444,0.9991869455085136,0.9963850666709346,0.9358547273303132,0.9283826884418159,0.7512170563295216,0.9978438935608848
0.358,13.650100612825458,0.9997944268402097,0.9999999423063144,0.9999999402863644,0.9999994141419088,0.9999611917681502,0.9999157689320789,0.9998924813766535,0.9998875272646517,0.9998798296899919,0.9996858014528717,0.9996917597962348,0.9991947471561753,0.9964125273126629,0.9360938587154658,0.928639823290709,0.7516891271380302,0.9978507422105196
0.359,13.668458230861823,0.9997967662279479,0.9999999435867071,0.9999999416087298,0.9999994253501429,0.9999617189318473,0.9999168266340657,0.9998937967936655,0.9998888967837369,0.9998812824212047,0.9996891979762644,0.9996951017237048,0.9992024516216721,0.9964397005635683,0.9363314088797743,0.9288952932535067,0.7521589367258199,0.9978575397229527
0.36,13.686762894230768,0.9997990723371902,0.9999999448351079,0.9999999428981191,0.9999994363125011,0.9999622374412099,0.9999178680508465,0.9998950923797478,0.9998902457349855,0.9998827134609363,0.999692548107286,0.9996983978945019,0.9992100603609863,0.9964665901411259,0.9365673918397108,0.9291491128344148,0.7526265004863237,0.9978642866726827
0.361,13.705014831733079,0.9998013457262204,0.9999999460524001,0.9999999441554411,0.9999994470350195,0.9999627474606103,0.9999188934749665,0.999896368484699,0.9998915744799967,0.9998841231886425,0.9996958525975501,0.9997016490515431,0.9992175748048469,0.9964931997061629,0.936801821457945,0.9294012963809,0.7530918336784624,0.9978709836255959
0.362,13.723214270853306,0.9998035869426208,0.9999999472394403,0.9999999453815772,0.9999994575235708,0.9999632491509003,0.9999199031930102,0.9998976254513054,0.9998928833731419,0.9998855119762287,0.9996991121847023,0.999704855923912,0.9992249963592251,0.9965195328638461,0.9370347114453442,0.9296518580857004,0.7535549514280759,0.9978776311391293
0.363,13.74136143776927,0.9998057965235022,0.9999999483970593,0.9999999465773824,0.9999994677838693,0.9999637426694944,0.9999208974857358,0.9998988636154976,0.9998941727617265,0.9998868801882166,0.9997023275927123,0.9997080192271465,0.9992323264058187,0.9965455931646517,0.9372660753629437,0.9299008119888061,0.7540158687293343,0.9978842297624232
0.364,13.759456557361375,0.9998079749957278,0.9999999495260633,0.9999999477436861,0.9999994778214756,0.9999642281704522,0.9999218766282076,0.9999000833065034,0.999895442986147,0.9998882281819088,0.9997054995321579,0.9997111396635223,0.9992395663025252,0.9965713841053142,0.9374959266238886,0.9301481719794108,0.7544746004461345,0.9978907800364756
0.365,13.77749985322196,0.999810122876132,0.999999950627234,0.999999948881293,0.9999994876418011,0.9999647058045565,0.9999228408899249,0.9999012848469973,0.9998966943800432,0.9998895563075473,0.9997086287005036,0.9997142179223291,0.9992467173839056,0.9965969091297582,0.9377242784953451,0.9303939517978336,0.7549311613134744,0.9978972824942909
0.366,13.79549154766444,0.9998122406717347,0.9999999517013303,0.9999999499909837,0.9999994972501128,0.9999651757193917,0.9999237905349466,0.9999024685532453,0.9998979272704495,0.99989086490847,0.9997117157823721,0.9997172546801392,0.9992537809616382,0.9966221716300111,0.9379511441003842,0.930638165037414,0.7553855659388165,0.9979037376610262
0.367,13.813431861732509,0.999814328879949,0.9999999527490879,0.9999999510735161,0.9999995066515365,0.9999656380594181,0.999924725822014,0.9999036347352475,0.9998991419779389,0.999892154321262,0.9997147614498099,0.9997202506010716,0.9992607583249618,0.9966471749470992,0.9381765364198371,0.9308808251463779,0.7558378288034275,0.9979101460541336
0.368,13.831321015209124,0.999816387988786,0.9999999537712213,0.999999952129625,0.9999995158510618,0.9999660929660455,0.9999256470046701,0.9999047836968763,0.9999003388167674,0.9998934248759045,0.9997177663625464,0.9997232063370496,0.9992676507411097,0.9966719223719251,0.9384004682941236,0.931121945429677,0.7562879642637079,0.997916508183501
0.369,13.849159226625535,0.9998184184770532,0.9999999547684235,0.9999999531600239,0.9999995248535456,0.9999665405777052,0.9999265543313757,0.9999059157360114,0.9999015180950112,0.9998946768959185,0.9997207311682482,0.9997261225280518,0.9992744594557351,0.9966964171461294,0.9386229524250519,0.9313615390508001,0.7567359865524993,0.9979228245515877
0.37,13.866946713270142,0.9998204208145492,0.9999999557413671,0.9999999541654052,0.9999995336637162,0.9999669810299185,0.9999274480456228,0.9999070311446716,0.9999026801147031,0.9998959106985068,0.9997236565027662,0.9997289998023584,0.9992811856933259,0.9967206624629348,0.9388440013775938,0.9315996190335598,0.7571819097803805,0.9979290956535591
0.371,13.88468369119735,0.9998223954622534,0.9999999566907051,0.999999955146441,0.9999995422861766,0.9999674144553656,0.9999283283860458,0.9999081302091438,0.9999038251719647,0.9998971265946914,0.9997265429903774,0.9997318387767906,0.999287830657612,0.996744661467974,0.9390636275816316,0.9318361982638513,0.7576257479369434,0.9979353219774184
0.372,13.902370375236293,0.9998243428725113,0.9999999576170708,0.9999999561037837,0.9999995507254088,0.9999678409839509,0.9999291955865288,0.9999092132101083,0.9999049535571356,0.9998983248894481,0.9997293912440228,0.9997346400569465,0.999294395531963,0.9967684172601032,0.9392818433336814,0.9320712894913873,0.7580675148920569,0.9979415040041338
0.373,13.92000697899953,0.9998262634892161,0.9999999585210796,0.9999999570380662,0.9999995589857766,0.9999682607428676,0.9999300498763113,0.9999102804227608,0.9999060655548991,0.9998995058818373,0.9997322018655374,0.9997374042374292,0.9993008814797778,0.9967919328921977,0.9394986607985886,0.9323049053314058,0.7585072243971116,0.9979476422077648
0.374,13.93759371489161,0.9998281577479851,0.9999999594033285,0.9999999579499036,0.9999995670715293,0.9999686738566608,0.9999308914800911,0.9999113321169331,0.9999071614444053,0.9999006698651326,0.9997349754458768,0.9997401319020722,0.9993072896448664,0.9968152113719337,0.9397140920112014,0.9325370582663549,0.7589448900862534,0.9979537370555849
0.375,13.955130794117647,0.9998300260763326,0.9999999602643971,0.9999999588398928,0.9999995749868047,0.9999690804472883,0.9999317206181241,0.9999123685572086,0.9999082414993911,0.9999018171269458,0.9997377125653382,0.9997428236241579,0.9993136211518218,0.9968382556625554,0.9399281488780165,0.9327677606475522,0.7593805254775977,0.9979597890082018
0.376,13.97261842669173,0.9998318688938395,0.9999999611048485,0.999999959708613,0.9999995827356328,0.9999694806341803,0.9999325375063226,0.999913390003037,0.9999093059882976,0.9999029479493485,0.9997404137937763,0.9997454799666318,0.9993198771063865,0.996861068683626,0.9401408431788042,0.9329970246968211,0.7598141439744317,0.9979657985196766
0.377,13.990056821445334,0.9998336866123171,0.9999999619252288,0.9999999605566273,0.9999995903219387,0.9999698745342976,0.9999333423563506,0.9999143967088454,0.9999103551743843,0.9999040626089919,0.9997430796908146,0.9997481014823122,0.9993260585958096,0.9968836533117664,0.9403521865682068,0.9332248625081024,0.7602457588664007,0.9979717660376375
0.378,14.007446186035612,0.9998354796359693,0.999999962726069,0.9999999613844821,0.9999995977495449,0.9999702622621882,0.999934135375717,0.9999153889241462,0.9999113893158407,0.9999051613772225,0.9997457108060513,0.999750688714095,0.9993321666891963,0.9969060123813784,0.9405621905773156,0.9334512860490436,0.7606753833306812,0.9979776920033933
0.379,14.024786726953675,0.9998372483615495,0.9999999635078843,0.999999962192708,0.9999996050221753,0.9999706439300424,0.9999349167678662,0.9999163668936437,0.9999124086658954,0.9999062445201964,0.9997483076792623,0.9997532421951535,0.9993382024378513,0.9969281486853546,0.9407708666152238,0.933676307162565,0.7611030304331379,0.997983576852046
0.38,14.042078649532709,0.999838993178515,0.9999999642711752,0.9999999629818207,0.9999996121434571,0.9999710196477472,0.9999356867322674,0.9999173308573376,0.9999134134729224,0.9999073122989897,0.9997508708405968,0.9997557624491343,0.9993441668756136,0.9969500649757751,0.940978225970558,0.9338999375684038,0.7615287131294688,0.9979894210125959
0.381,14.059322157956139,0.9998407144691767,0.9999999650164281,0.9999999637523207,0.999999619116924,0.9999713895229377,0.9999364454645008,0.9999182810506231,0.9999144039805453,0.9999083649697067,0.9997534008107719,0.9997582499903485,0.9993500610191851,0.9969717639645909,0.9411842798129867,0.9341221888646357,0.7619524442663338,0.9979952249080508
0.382,14.07651745526561,0.9998424126088465,0.9999999657441148,0.9999999645046944,0.9999996259460187,0.9999717536610497,0.999937193156342,0.9999192177043905,0.9999153804277386,0.9999094027835863,0.9997558981012604,0.999760705323959,0.9993558858684524,0.9969932483242945,0.941389039194707,0.9343430725291747,0.7623742365824726,0.9980009889555284
0.383,14.09366474336901,0.9998440879659812,0.9999999664546941,0.9999999652394143,0.9999996326340953,0.9999721121653683,0.9999379299958452,0.9999201410451213,0.9999163430489266,0.9999104259871048,0.9997583632144755,0.999763128946163,0.9993616424068008,0.9970145206885779,0.9415925150519104,0.9345625999212519,0.7627941027098075,0.9980067135663582
0.384,14.110764223048326,0.9998457409023224,0.9999999671486117,0.9999999659569394,0.9999996391844221,0.9999724651370775,0.9999386561674228,0.9999210512949813,0.9999172920740805,0.9999114348220768,0.9997607966439509,0.9997655213443715,0.9993673316014235,0.9970355836529785,0.9417947182062276,0.9347807822828735,0.7632120551745322,0.9980123991461819
0.385,14.127816093967517,0.9998473717730336,0.9999999678263005,0.9999999666577157,0.9999996456001838,0.999972812675307,0.9999393718519247,0.9999219486719138,0.9999182277288127,0.9999124295257537,0.9997631988745179,0.9997678829973834,0.999372954403623,0.9970564397755121,0.9419956593661509,0.9349976307402573,0.763628106398189,0.9980180460950517
0.386,14.144820554680258,0.999848980926835,0.9999999684881811,0.9999999673421764,0.9999996518844837,0.9999731548771793,0.9999400772267147,0.9999228333897281,0.9999191502344688,0.9999134103309203,0.9997655703824772,0.9997702143755574,0.999378511749106,0.9970770915772951,0.9421953491284389,0.9352131563052496,0.7640422686987335,0.9980236548075242
0.387,14.161777802637669,0.9998505687061339,0.999999969134662,0.9999999680107429,0.9999996580403464,0.9999734918378539,0.9999407724657458,0.9999237056581876,0.9999200598082185,0.9999143774659883,0.9997679116357681,0.9997725159409787,0.9993840045582743,0.9970975415431548,0.9423937979794985,0.9354273698767216,0.7644545542915838,0.998029225672756
0.388,14.178688034195932,0.9998521354471528,0.9999999697661407,0.9999999686638239,0.9999996640707194,0.9999738236505719,0.9999414577396328,0.9999245656830953,0.9999209566631428,0.9999153311550883,0.9997702230941335,0.9997747881476229,0.9993894337365069,0.9971177921222276,0.9425910162967489,0.9356402822419464,0.7648649752906606,0.998034759074595
0.389,14.195551444623906,0.9998536814800555,0.9999999703830029,0.9999999693018174,0.9999996699784757,0.9999741504066989,0.9999421332157244,0.9999254136663771,0.9999218410083207,0.9999162716181597,0.9997725052092816,0.9997770314415162,0.9993948001744386,0.9971378457285476,0.9427870143499655,0.935851904077957,0.7652735437094119,0.9980402553916706
0.39,14.212368228110599,0.9998552071290687,0.9999999709856239,0.99999996992511,0.9999996757664157,0.9999744721957667,0.9999427990581725,0.9999262498061637,0.9999227130489124,0.9999171990710379,0.9997747584250432,0.9997792462608913,0.9994001047482312,0.9971577047416228,0.9429818023026045,0.936062245952884,0.7656802714618278,0.9980457149974813
0.391,14.229138577772666,0.999856712712602,0.9999999715743682,0.9999999705340771,0.9999996814372691,0.9999747891055146,0.9999434554280002,0.99992707429687,0.9999235729862423,0.9999181137255402,0.9997769831775268,0.9997814330363414,0.9994053483198402,0.9971773715070016,0.9431753902131093,0.9362713183272758,0.7660851703634421,0.9980511382604834
0.392,14.245862685661765,0.9998581985433651,0.99999997214959,0.999999971129084,0.9999996869936971,0.9999751012219288,0.999944102483169,0.9999278873292728,0.9999244210178784,0.9999190157895493,0.9997791798952694,0.9997835921909696,0.9994105317372758,0.9971968483368284,0.9433677880361975,0.9364791315554,0.7664882521323222,0.9980565255441726
0.393,14.262540742771915,0.9998596649284821,0.999999972711634,0.9999999717104857,0.9999996924382939,0.9999754086292811,0.999944740378643,0.9999286890905879,0.9999252573377108,0.9999199054670952,0.9997813489993848,0.999785724140535,0.999415655834858,0.9972161375103894,0.9435590056241308,0.9366856958865255,0.7668895283900466,0.9980618772071702
0.394,14.279172939046747,0.9998611121696035,0.9999999732608349,0.9999999722786274,0.9999996977735889,0.9999757114101678,0.9999453692664527,0.9999294797645425,0.9999260821360285,0.9999207829584347,0.9997834909037074,0.9997878292935972,0.9994207214334675,0.997235241274648,0.9437490527279657,0.9368910214661889,0.7672890106626732,0.9980671936033022
0.395,14.295759463386728,0.9998625405630155,0.9999999737975185,0.9999999728338446,0.9999997030020483,0.999976009645546,0.9999459892957572,0.99993025953145,0.9999268955995939,0.9999216484601299,0.9997856060149349,0.9997899080516555,0.9994257293407902,0.9972541618447702,0.9439379389987879,0.9370951183374413,0.7676867103816927,0.998072475081681
0.396,14.312300503656306,0.9998639503997474,0.999999974322001,0.9999999733764635,0.9999997081260767,0.9999763034147698,0.9999466006129041,0.9999310285682791,0.9999276979117159,0.9999225021651237,0.9997876947327661,0.9997919608092865,0.9994306803515584,0.9972729014046414,0.9441256739889281,0.9372979964420788,0.768082638884974,0.9980777219867822
0.397,14.328796246691011,0.9998653419656756,0.9999999748345907,0.9999999739068014,0.9999997131480192,0.9999765927956256,0.9999472033614892,0.9999317870487241,0.9999284892523214,0.9999233442628154,0.9997897574500363,0.9997939879542787,0.9994355752477853,0.9972914621073724,0.9443122671531614,0.9374996656218554,0.7684768074176962,0.9980829346585224
0.398,14.345246878304465,0.9998667155416266,0.9999999753355864,0.9999999744251669,0.9999997180701624,0.9999768778643666,0.9999477976824143,0.9999325351432725,0.9999292697980249,0.9999241749391322,0.9997917945528504,0.9997959898677636,0.9994404147989959,0.9973098460757972,0.9444977278498906,0.9377001356196798,0.7688692271332713,0.998088113432334
0.399,14.361652583295404,0.9998680714034771,0.9999999758252793,0.9999999749318598,0.9999997228947365,0.9999771586957467,0.9999483837139427,0.999933273019271,0.9999300397221969,0.9999249943766015,0.9997938064207124,0.9997979669243444,0.9994451997624534,0.9973280554029615,0.9446820653423107,0.9378994160807949,0.7692599090942547,0.9980932586392391
0.4,14.378013545454545,0.9998694098222511,0.9999999763039527,0.9999999754271721,0.9999997276239168,0.9999774353630523,0.9999489615917557,0.99993400084099,0.99993079919503,0.99992580275442,0.9997957934266523,0.9997999194922218,0.99944993088338,0.9973460921526022,0.9448652887995597,0.9380975165539414,0.7696488642732463,0.9980983706059219
