Beta,R_0,R1,R2,R3,R4,R5,R6,R7,R8,R9,R10,R11,R12,R13,R14,R15,R16,R_all
0.0,0.0,0.0,0.0,0.0,0.0,0.0,0.0,0.0,0.0,0.0,0.0,0.0,0.0,0.0,0.0,0.0,0.0,0.0
0.001,0.05782589431704886,0.0,0.0,0.0,0.0,0.0,0.0,0.0,0.0,0.0,0.0,0.0,0.0,0.0,0.0,0.0,0.0,0.0
0.002,0.11530690258449307,0.0,0.0,0.0,0.0,0.0,0.0,0.0,0.0,0.0,0.0,0.0,0.0,0.0,0.0,0.0,0.0,0.0
0.003,0.17244610109018832,0.0,0.0,0.0,0.0,0.0,0.0,0.0,0.0,0.0,0.0,0.0,0.0,0.0,0.0,0.0,0.0,0.0
0.004,0.2292465296442688,1.1102230246251565e-16,4.440892098500626e-16,1.6653345369377348e-15,1.7763568394002505e-15,4.440892098500626e-16,1.1102230246251565e-16,2.220446049250313e-16,2.220446049250313e-16,2.220446049250313e-16,2.220446049250313e-16,2.220446049250313e-16,2.220446049250313e-16,0.0,0.0,0.0,0.0,4.736085905144349e-16
0.005,0.28571119211822665,0.0,0.0,0.0,0.0,0.0,0.0,0.0,0.0,0.0,0.0,0.0,0.0,0.0,0.0,0.0,0.0,0.0
0.006,0.3418430569744598,0.0,0.0,0.0,0.0,0.0,0.0,0.0,0.0,0.0,0.0,0.0,0.0,0.0,0.0,0.0,0.0,0.0
0.007,0.3976450577864839,0.0,0.0,0.0,0.0,0.0,0.0,0.0,0.0,0.0,0.0,0.0,0.0,0.0,0.0,0.0,0.0,0.0
0.008,0.45312009375000006,0.0,0.0,0.0,0.0,0.0,0.0,0.0,0.0,0.0,0.0,0.0,0.0,0.0,0.0,0.0,0.0,0.0
0.009,0.5082710301850049,0.0,0.0,0.0,0.0,0.0,0.0,0.0,0.0,0.0,0.0,0.0,0.0,0.0,0.0,0.0,0.0,0.0
0.01,0.5631006990291263,0.0,0.0,0.0,0.0,0.0,0.0,0.0,0.0,0.0,0.0,0.0,0.0,0.0,0.0,0.0,0.0,0.0
0.011,0.617611899322362,0.0,0.0,0.0,0.0,0.0,0.0,0.0,0.0,0.0,0.0,0.0,0.0,0.0,0.0,0.0,0.0,0.0
0.012,0.6718073976833977,1.4432899320127035e-15,2.1094237467877974e-15,4.107825191113079e-15,4.6629367034256575e-15,2.3314683517128287e-15,2.220446049250313e-15,1.9984014443252818e-15,2.1094237467877974e-15,2.1094237467877974e-15,1.7763568394002505e-15,1.4432899320127035e-15,1.3322676295501878e-15,7.771561172376096e-16,1.1102230246251565e-16,1.1102230246251565e-16,1.1102230246251565e-16,2.1566598149664354e-15
0.013,0.7256899287776709,3.3306690738754696e-15,5.662137425588298e-15,8.992806499463768e-15,1.1102230246251565e-14,5.88418203051333e-15,4.551914400963142e-15,4.3298697960381105e-15,4.3298697960381105e-15,4.107825191113079e-15,3.885780586188048e-15,3.4416913763379853e-15,2.6645352591003757e-15,1.4432899320127035e-15,8.881784197001252e-16,5.551115123125783e-16,3.3306690738754696e-16,4.904983685825979e-15
0.014,0.7792621957773513,1.4432899320127035e-15,2.1094237467877974e-15,4.107825191113079e-15,4.6629367034256575e-15,2.3314683517128287e-15,2.1094237467877974e-15,1.887379141862766e-15,1.887379141862766e-15,1.9984014443252818e-15,1.6653345369377348e-15,1.3322676295501878e-15,1.2212453270876722e-15,6.661338147750939e-16,1.1102230246251565e-16,1.1102230246251565e-16,1.1102230246251565e-16,2.094113891364829e-15
0.015,0.8325268708133972,1.4432899320127035e-15,2.1094237467877974e-15,4.107825191113079e-15,4.6629367034256575e-15,2.3314683517128287e-15,2.220446049250313e-15,1.9984014443252818e-15,2.1094237467877974e-15,1.9984014443252818e-15,1.7763568394002505e-15,1.3322676295501878e-15,1.3322676295501878e-15,7.771561172376096e-16,1.1102230246251565e-16,1.1102230246251565e-16,1.1102230246251565e-16,2.143523336749414e-15
0.016,0.8854865954198474,7.549516567451064e-15,1.2878587085651816e-14,2.1760371282653068e-14,2.6756374893466273e-14,1.432187701766452e-14,1.1879386363489175e-14,1.0880185641326534e-14,1.1102230246251565e-14,1.1102230246251565e-14,9.547918011776346e-15,8.215650382226158e-15,6.439293542825908e-15,4.107825191113079e-15,2.1094237467877974e-15,1.7763568394002505e-15,1.6653345369377348e-15,1.2038192517358186e-14
0.017,0.9381439809705044,6.772360450213455e-15,1.2545520178264269e-14,2.142730437526552e-14,2.609024107869118e-14,1.3322676295501878e-14,1.099120794378905e-14,1.0325074129013956e-14,1.0547118733938987e-14,1.0547118733938987e-14,8.992806499463768e-15,7.66053886991358e-15,6.217248937900877e-15,3.885780586188048e-15,1.9984014443252818e-15,1.7763568394002505e-15,1.4432899320127035e-15,1.1493944859613434e-14
0.018,0.9905016091081594,4.889329038304524e-07,8.785762066754188e-07,1.5645890230064907e-06,1.9412348021274894e-06,9.775499703046364e-07,7.698439827841241e-07,7.335961377252787e-07,7.591615778235195e-07,7.627404177146246e-07,6.390021904945087e-07,5.596977942223802e-07,4.339646401119168e-07,2.7221702136870363e-07,1.5161532296303903e-07,1.2592101328312566e-07,1.0701332397999863e-07,8.314553167447299e-07
0.019,1.042562032166509,0.030850910252688712,0.0542958995168088,0.09240646853093426,0.11202097797712451,0.05951489609118299,0.0478722753779246,0.04575985809961913,0.04716074155742067,0.047208258662016944,0.03961772964738608,0.034916100745211676,0.027256774382839244,0.017210619652572312,0.009595759143567695,0.007938663786582034,0.006719396869682481,0.05045587570952454
0.02,1.0943277735849057,0.06916613410556183,0.11873643704453585,0.19230429429722085,0.22779294092918423,0.12826798298144015,0.10552748544440105,0.10119322939331654,0.10384736382589144,0.10357097181994557,0.0871627604577111,0.07734772294228953,0.06085727924273643,0.03873416387386841,0.021633309449732185,0.01782823363616437,0.01502627070774909,0.10844249711073967
0.021,1.1458013283160866,0.10748916534994335,0.18015139611482744,0.2792983057108155,0.32467494745567493,0.1923920983238937,0.1613851801110514,0.15517809805054428,0.1586814685075263,0.15780083315781668,0.1332493361424184,0.11897963031907022,0.094311706080356,0.06050028409109265,0.03386387721299122,0.027822039834335066,0.023366089787927313,0.1623906359210169
0.022,1.196985163227017,0.1452858244620261,0.23798403588542372,0.3550360508447128,0.40633765754034934,0.2518325970263091,0.21482039251994833,0.20704992006410539,0.21109334857667084,0.20944513801410625,0.17752157944979463,0.15940420266634636,0.12724754492643675,0.08226105529386973,0.04616452994808018,0.03783689269128332,0.031682293716437826,0.2124155012338338
0.023,1.2478817174929844,0.1821703640929755,0.29198249279684296,0.42107122188685,0.4756419294582802,0.3066842220200662,0.26545065607542695,0.25639173112019487,0.2607443457486539,0.2582515488529107,0.21976193794249155,0.19834707491400505,0.15939534266883426,0.10382693835541645,0.05844091567584864,0.04780960655903055,0.039932903914535745,0.2586971484956308
0.024,1.2984934029850748,0.2178795665681903,0.34210465225235875,0.4787901065500225,0.5348350968857334,0.3571446062905329,0.31308332983498344,0.3029788925197684,0.307471956957998,0.30411832641473213,0.2598609716375869,0.23564118498822895,0.19057143869449822,0.12505859359102423,0.07062268867762034,0.05769358877213793,0.04808774496084611,0.30145665538192673
0.025,1.3488226046511629,0.25224615815704055,0.3884443543658628,0.5293938967129217,0.5856954215401239,0.40347383900318257,0.35766462729023696,0.34672756680895445,0.3512403127304653,0.34705039556973905,0.29778881806341573,0.2712010943652623,0.22065968872495156,0.145857453354858,0.08265878839360208,0.0674554460517881,0.056125854065103065,0.34093617040461305
0.026,1.3988716808905381,0.28517516136819254,0.4311776091958496,0.5739070917404017,0.6296400495931131,0.4459635289876409,0.39923668361419595,0.38765193090840544,0.39209990269828987,0.3871241264366887,0.33357130177953487,0.3050007775576301,0.24959498925071988,0.16615682341990412,0.09451317758096622,0.0770719813260956,0.06403327010378934,0.377383966155895
0.027,1.4486429639222942,0.3166244769659847,0.4705252257110496,0.6131964601891156,0.6678063848420244,0.4849150661956614,0.43790419943172065,0.4258310813601961,0.4301569138873418,0.4244608253628239,0.36727132686377906,0.3370558382975062,0.27734965421894353,0.18591427641491165,0.10616127866445302,0.08652771521472324,0.07180125179982744,0.41104417545294064
0.028,1.4981387601476017,0.34658969822397745,0.5067278536635256,0.6479928111179989,0.7011137703242953,0.5206253671262233,0.4738098621245179,0.46138462418178794,0.46555092639054696,0.45920764930652613,0.39897505493343877,0.36740994380159775,0.3039227175263356,0.20510550751393186,0.11758712839873942,0.09581292639670469,0.07942489354755466,0.4421503012940259
0.029,1.54736135050598,0.37509260167050273,0.5400299308050487,0.6789119751829944,0.7303104710804051,0.5533781704850256,0.5071169219314229,0.4944552848312074,0.49843923861375294,0.49152433321728295,0.42878198006189594,0.3961248088857533,0.3293318042478539,0.2237195385900902,0.1287811697202791,0.10492214293449842,0.08690207492073154,0.4709215112549075
0.03,1.5963129908256883,0.40217260700100765,0.5706697908379519,0.7064735343600874,0.7560096409049215,0.5834392118862533,0.5379972309839604,0.525196867189141,0.52898617401878,0.5215742426358085,0.4567979926522243,0.42327297502455596,0.35360708787959083,0.24175505422869215,0.13973856783880545,0.11385299973703433,0.09423267500298627,0.49756086487375717
0.031,1.6449959121683442,0.4278805362562246,0.5988739185950911,0.7311168945857106,0.7787170068868233,0.6110539915599675,0.566623286628531,0.5537661393388518,0.5573560024852506,0.5495185386223409,0.48313065280102474,0.4489327045909566,0.3767868681149267,0.259217640497168,0.15045793971399968,0.12260538194096693,0.10141799009604835,0.5222548179623389
0.032,1.6934123211678838,0.4522741085759179,0.6248539330174161,0.7532147824923238,0.7988523050120275,0.6364472072426592,0.5931631291769452,0.5803175300548413,0.5837084213105634,0.5755125295285792,0.5078860575141904,0.47318443629929274,0.39891437428370413,0.27611772268605395,0.16094040149812172,0.13118078650787723,0.10846030459700806,0.5451735298359905
0.033,1.7415644003639676,0.47541472416586084,0.6488053232536634,0.7730844446983053,0.8167659808537018,0.6598232099030494,0.6177772320523647,0.6049997996835007,0.6081958150320806,0.5997035305367631,0.5311668376596079,0.4961083738821701,0.4200354804165781,0.29246903474835517,0.17118885701744524,0.13958184815595864,0.11536257592931864,0.5664716453767392
0.034,1.789454308529946,0.49736519601437545,0.6709072809923847,0.7909968836941776,0.8327522847718023,0.6813670507025674,0.6406167577451636,0.6279540763308677,0.6309617311642959,0.6222297448988676,0.5530709444690396,0.5177828875513755,0.4401970910938673,0.308287488964083,0.18120746748570982,0.1478119881328941,0.12212820387601542,0.5862893321672216
0.035,1.8370841809954757,0.5181881734383225,0.6913231928106185,0.8071844549667526,0.8470596065257141,0.7012458364116587,0.661822733322758,0.6493128219424709,0.6521401730819973,0.643219824737186,0.5736909806509569,0.5382834928488981,0.4594460173002415,0.32359034503601947,0.19100125691352987,0.15587515447582923,0.12876086218805538,0.6047534297613405
0.036,1.884456129963899,0.5379450679996729,0.7102015067724852,0.8218471143728823,0.8598986837719044,0.7196102126308036,0.6815258322400146,0.6691994210193122,0.6718554310805187,0.662792873513188,0.5931139018510287,0.55768223604953,0.4778282083306926,0.33839560245520506,0.20057581895222742,0.1637756303168133,0.1352643760979002,0.6219786210272598
0.037,1.9315722448244828,0.5566953425631255,0.7276767888049918,0.8351575617677156,0.87144916309455,0.7365958628346003,0.6998465450479033,0.6877281772807413,0.6902222583941501,0.6810587264179475,0.6114209655434699,0.5760473631007974,0.4953882412526842,0.35272155905889446,0.20993709955567486,0.1715178928039156,0.14164263367857755,0.6380685710776693
0.038,1.9784345924596052,0.5744960616169152,0.7438708519414403,0.8472654851150389,0.881864876540007,0.7523249566748083,0.7168955896512301,0.7050045695369884,0.7073462595652291,0.6981183970582155,0.6286878412582424,0.5934431840038064,0.5121689958291333,0.3665864931895524,0.21909123636041505,0.1791065097068446,0.1478995221757614,0.6531170027971942
0.039,2.0250452175470013,0.5914016284945007,0.758893886226893,0.8583010722153034,0.8912781104446317,0.7669075105544392,0.7327744595968322,0.7211256646017481,0.7233244010379507,0.7140646151569598,0.6449848222397123,0.6099300698109447,0.5282114622676652,0.3800084377303946,0.22804444055020645,0.18654606411439878,0.15403888278238553,0.6672086932034891
0.04,2.071406142857143,0.6074636552988568,0.7728455464181153,0.8683779257391988,0.899803078856924,0.7804426424174788,0.7475760422435755,0.7361806177485699,0.7382455834426576,0.7289824051790676,0.6603770971621792,0.6255645376123522,0.5435546434275977,0.39300502239290047,0.23680291058705116,0.19384110009880784,0.16006447904152,0.6804203845340132
0.041,2.11751936954586,0.6227309260700744,0.785815973677839,0.877595491274521,0.9075387653593084,0.7930197145573803,0.7613852618072487,0.7502512140277955,0.7521912355453635,0.7429496731644665,0.674925053588824,0.6403993919442457,0.5582355235449532,0.4055933666509096,0.24537276987313417,0.20099608404397173,0.1659799753204727,0.6928216098984825
0.042,2.163386877442274,0.6372494245009235,0.7978867396968474,0.886041086952162,0.9145712604309042,0.8047193654504393,0.7742797182314042,0.7634124196195441,0.7652359039821078,0.7560377809672155,0.6886845940395057,0.6544839004107454,0.5722890831516845,0.4177900101853126,0.2537600223986045,0.20801537768076783,0.17178892272142954,0.7044754368467745
0.043,2.2090106253321524,0.6510624053667232,0.8091317093835295,0.8937916061607799,0.920975693618861,0.8156144357902284,0.7863303037711791,0.775732923371454,0.7774478225993207,0.7683120952226162,0.7017074519639899,0.6678639880082105,0.5857483454269037,0.4296108710238249,0.26197052190936687,0.2149032198690093,0.1774947504720178,0.7154391341282831
0.044,2.2543925512367493,0.6642104945816337,0.8196178229824229,0.9009149511636794,0.9268178384740358,0.8257707961180867,0.7976017866147852,0.7872756562202189,0.7888894518291638,0.7798325038578939,0.714041499407333,0.6805824394289047,0.5986444432819241,0.44107122403115095,0.27000995123119165,0.2216637149052011,0.18310076133924447,0.7257647678329564
0.045,2.299534572687225,0.6767318069962781,0.8294058012508957,0.9074712444560602,0.9321554518186138,0.8352480844283896,0.8081533558748688,0.7980982813527207,0.7996179829869265,0.7906538966357538,0.7257310412740972,0.6926791020386638,0.6110066994530318,0.4521856942471113,0.27788380920989786,0.22830082568580568,0.18861012998022597,0.7354997333852679
0.046,2.344438586994728,0.6886620741281191,0.8385507788229338,0.9135138559081462,0.9370393962393544,0.8441003623474774,0.8180391256064342,0.8082536514488782,0.8096858053455354,0.8008266086380857,0.7368170932516687,0.7041910846580581,0.6228627140512428,0.46296826094723253,0.2855974033446731,0.2348183704670317,0.19402590341773285,0.7446872297597059
0.047,2.3891064715162145,0.7000347762691139,0.847102871577379,0.9190902766892545,0.9415145848434674,0.8523766982499026,0.8273085976709614,0.8177902316714747,0.819140935780376,0.8103968271514641,0.7473376419254982,0.7151529490056252,0.6342384556113557,0.47343226933196614,0.29315584665590066,0.2412200222704094,0.19935100303317432,0.7533666819627137
0.048,2.4335400839160846,0.7108812750651194,0.8551076840073203,0.9242428653045178,0.945620779606142,0.860121685184516,0.8360070846312685,0.826752488583834,0.828027412006796,0.819406963379293,0.7573278866122632,0.7255968918838003,0.6451583528493058,0.483590447525565,0.30056405767924155,0.24750931021530087,0.20458822762251572,0.7615741173862166
0.049,2.4777412624237143,0.7212309438688129,0.86260676245722,0.9290094865162614,0.9493932685785582,0.8673759008634072,0.8441760946818311,0.8351812461336421,0.8363856511766226,0.8278959909668295,0.7668204630934506,0.7355529170459058,0.6556453851907644,0.4934549271489579,0.30782676274303866,0.25368962223439395,0.20974025717522726,0.7693425011484258
0.05,2.5217118260869573,0.7311112940497742,0.8696379997855217,0.9334240602409589,0.9528634424356011,0.8741763162989142,0.851853681070851,0.8431140104151753,0.8442527760146671,0.8358997536162163,0.7758456498527386,0.7450489962786107,0.6657211707580437,0.5030372661709863,0.314948499887605,0.25976420876066963,0.21480965712251,0.7767020350396843
0.051,2.5654535750216825,0.7405480960875592,0.8762359966077131,0.9375170345320663,0.9560592870377941,0.8805566590066047,0.8590747586756533,0.850585265235007,0.8516629108698741,0.8434512441800662,0.7844315576772956,0.754111219642426,0.6754060509572526,0.5123484730748686,0.3219336239384416,0.26573618707479596,0.2197988828659655,0.7836804242091472
0.052,2.60896829065744,0.7495654947390761,0.8824323838322787,0.9413157943379793,0.959005805644777,0.8865477360538648,0.865871390436752,0.857626740643467,0.858647450103781,0.850580857616948,0.7926043036264252,0.7627639350864142,0.6847191711378262,0.5213990316283227,0.32878631236266354,0.2716085460783755,0.22471028444687302,0.7903031152758789
0.053,2.6522577359792927,0.7581861179066228,0.8882561107534962,0.9448450157514525,0.9617253819815929,0.8921777216398766,0.8722730462965733,0.8642676566153854,0.8652353011933508,0.8573166201135701,0.8003881704367217,0.7710298778307557,0.6936785570346806,0.5301989257362392,0.33551057162761155,0.27738415131674743,0.22954611125329005,0.7965935091321662
0.054,2.6953236557659213,0.7664311790717918,0.8937337025310113,0.9481269738537651,0.9642380933961541,0.8974724133504355,0.8783068371664988,0.8705349440104561,0.8714531048218853,0.863684396556181,0.8078057524464552,0.7789302900200181,0.7023011868734946,0.5387576639990967,0.34211024384945876,0.2830657501195669,0.23430851669024,0.8025731513300394
0.055,2.7381677768240347,0.7743205733282352,0.8988894904780674,0.9511818109337377,0.9665619817576071,0.902455460742082,0.8839977262878288,0.8764534448445482,0.8773254340950516,0.8697080783876889,0.8148780891011144,0.786485031210942,0.7106030591397204,0.5470843037094714,0.3485890135724542,0.2886559767614205,0.23899956275945433,0.8082619026038097
0.056,2.7807918082191785,0.7818729671618209,0.9037458182040535,0.9540277707726914,0.9687132884540418,0.9071485694732229,0.8893687201768428,0.882046093778165,0.8828749748656589,0.8754097537307046,0.8216247870595013,0.7937126802858738,0.7185992560951241,0.5551874741015271,0.3549504145600848,0.29415735757075956,0.2436212245112056,0.8136780917801438
0.057,2.8231974415029897,0.7891058822037832,0.9083232263148188,0.9566814037872325,0.9707066587941022,0.9115716838122558,0.8944410411634616,0.8873340825903223,0.8881226889916785,0.8808098614989002,0.8280641318642271,0.8006306293871144,0.7263040031816925,0.5630753987306123,0.3611978365106754,0.2995723159353626,0.24817539434286018,0.8188386530601374
0.058,2.865386350936968,0.7960357732314721,0.9126406180659324,0.9591577470768636,0.9725553202534809,0.915743150010349,0.8992342833549274,0.8923370092643201,0.8930879621942911,0.88592733106539,0.8342131900780022,0.8072551704559872,0.7337307244888996,0.5707559169067994,0.3673345316339941,0.30490317716774207,0.2526638861279209,0.8237592494220339
0.059,2.9073601937128295,0.8026781007198116,0.9167154080883109,0.9614704828044222,0.9742712382969354,0.9196798627251329,0.9037665536852527,0.8970730131719719,0.8977887380309452,0.8907797089106533,0.8400879027218535,0.8136015749387703,0.7408920944819681,0.5782365041411286,0.3733636210438729,0.31015217320553645,0.25708843916616453,0.8284543836855258
0.06,2.949120610169492,0.8090473982603608,0.9205636560602226,0.9636320778213494,0.9758652529199962,0.9233973964169462,0.908054599550772,0.9015588977085233,0.9022416393551926,0.8953832735357803,0.8457031707861455,0.8196841671936941,0.7478000861999459,0.5855242915891752,0.37928810093601706,0.31532144713074306,0.26145072195055985,0.8329374985959865
0.061,2.9906692240067625,0.8151573351681289,0.9242001869821039,0.9656539070183747,0.9773471985686234,0.9269101234072802,0.9121139243834038,0.9058102416038637,0.906462078501847,0.8997531398004293,0.8510729335218321,0.8255163921017082,0.7544660161360769,0.5926260844955331,0.38511084853101496,0.3204130574983599,0.26575233575043045,0.8372210671266379
0.062,3.0320076424957842,0.821020774592171,0.9276386995182216,0.9675463625203906,0.9787260096910604,0.9302313200859019,0.9159588923767151,0.9098415000178454,0.9104643573133454,0.9039033537290659,0.8562102401588453,0.8311108773505992,0.76090058601134,0.5995483796565012,0.3908346277707643,0.3254289824700122,0.26999481801305203,0.8413166740559669
0.063,3.073137456686291,0.8266498274368268,0.9308918636994253,0.9693189505400281,0.9800098138391341,0.9333732625753223,0.9196028234555131,0.9136660964190427,0.914261758011137,0.907846978723632,0.8611273156416163,0.8364794908286503,0.7671139216467503,0.6062973819279418,0.39646209476281047,0.3303711237519268,0.27417964558784436,0.8452350897542698
0.064,3.114060241610739,0.832055902387985,0.9339714091315806,0.9709803774478101,0.9812060139542266,0.9363473130056865,0.9230580794670273,0.9172965061470878,0.9178666258141295,0.9115961740253085,0.8658356209187384,0.8416333935312617,0.7731156091323415,0.6128790198119024,0.40199580297173576,0.3352413103393639,0.2783082377786841,0.8489863370049489
0.065,3.154777556485356,0.8372497523241879,0.9368882047224718,0.9725386263997339,0.982321361236398,0.9391639974169963,0.9263361424701092,0.9207443324685158,0.9212904441141689,0.9151622661818681,0.8703459082748133,0.8465830883523808,0.7789147284814926,0.6192989601599055,0.40743820816023113,0.34004130207164796,0.282381959230788,0.8525797515911516
0.066,3.1952909449081806,0.842241517376686,0.9396523308239415,0.9740010256791045,0.9833620197958167,0.9418330761863853,0.9294476859074989,0.924020375854384,0.9245439029355489,0.918555814199579,0.8746682721475612,0.8513384651026202,0.7845198849491378,0.6255626220333653,0.4127916730850091,0.34477279300335073,0.28640212265918574,0.8560240372949642
0.067,3.2356019350541225,0.8470407648863845,0.9422731445839194,0.9753743097529858,0.9843336241173434,0.9443636077737848,0.9324026393642474,0.9271346971342189,0.927636961330953,0.9217866689890026,0.8788121958321515,0.8559088420677547,0.7899392381818509,0.6316751897628674,0.4180584719545358,0.349437414598168,0.2903699914261304,0.8593273158830983
0.068,3.2757120398671105,0.8516565264894,0.9447593392130909,0.9766646739102876,0.9852413302265999,0.9467640064878261,0.9352102475419883,0.9300966751144739,0.9305789042992801,0.9248640276516145,0.8827865944372203,0.8603030043949791,0.7951805293571552,0.637641625248303,0.423240794656801,0.35403673875265407,0.2942867819749142,0.8624971725886077
0.069,3.3156227572493795,0.8560973325470992,0.9471189977918087,0.9778778232345838,0.9860898613248551,0.9490420948936049,0.9378791240131495,0.9329150591900477,0.9333783947508152,0.9277964830982839,0.8865998544229905,0.8645292395699331,0.8002511064589415,0.6434666795414645,0.42834075076617395,0.3585722806573468,0.2981536661275487,0.8655406975415276
0.07,3.355335570247935,0.8603712441211314,0.9493596421731142,0.9790190165671773,0.9868835485570556,0.9512051514134978,0.9404173002605624,0.9355980174238785,0.9360435209914937,0.9305920694406322,0.8902598700209928,0.8685953702249554,0.8051579478257017,0.6491549037517412,0.4333603733388791,0.36304550150299353,0.30197177325364455,0.8684645235514272
0.071,3.3948519472382523,0.8644858826793436,0.9514882774762631,0.9800931060321785,0.987626367489429,0.9532599536103498,0.9428322704556056,0.9381531805216494,0.9385818401499639,0.9332583035515578,0.8937740768069027,0.8725087844983342,0.8099076840985622,0.6547106593142848,0.4383016225068629,0.36745781103959885,0.3057421923176391,0.871274860600896
0.072,3.4341733421052636,0.868448457704586,0.9535114326109428,0.9811045726233011,0.988321970797886,0.9552128175879336,0.9451310323813076,0.9405876820856374,0.9410004179281678,0.9358022231512149,0.8971494826726789,0.8762764641452994,0.8145066186868384,0.6601381276584748,0.4431663888798776,0.371810569995935,0.3094659738112765,0.8739775273701881
0.073,3.4733011944216576,0.8722657923653755,0.9554351972244913,0.9820575582899501,0.9889737176039609,0.957069633895671,0.947320124865152,0.9429081954932256,0.9433058650177418,0.9382304217389636,0.9003926964212938,0.8799050105841092,0.8189607468601202,0.6654413193128241,0.4479564967655031,0.37610509236697487,0.31314413157795506,0.87657798007898
0.074,3.512236929623568,0.8759443473951753,0.9572652554221491,0.9829558949064945,0.9895846998396067,0.9588359002823867,0.949405662049144,0.9451209677111259,0.9455043704901811,0.9405490806598312,0.9035099541866577,0.8834006690446932,0.8232757735677145,0.6706240824807082,0.45267370721664724,0.3803426475764943,0.316777644535281,0.8790813389008792
0.075,3.550981959183674,0.8794902433156624,0.9590069165729739,0.9838031304621317,0.9901577659744121,0.9605167516066094,0.9513933647914842,0.9472318503254649,0.9476017324379757,0.9427639985654018,0.9065071438626482,0.8867693509727922,0.8274571300786235,0.6756901111194689,0.4573197209157728,0.38452446252180805,0.320367458301831,0.8814924121795197
0.076,3.5895376807817594,0.8829092811287983,0.9606651434809523,0.9846025527684286,0.9906955423975979,0.9621169871780316,0.9532885894645711,0.9492463280402483,0.9496033861164546,0.9448806185034685,0.9093898277082848,0.8900166548293225,0.8315099895281449,0.6806429525536792,0.46189618090479456,0.388651723507325,0.3239144867338354,0.8838157186512928
0.077,3.6279054784727864,0.8862069615927062,0.9622445781715105,0.9853572109465629,0.9912004527114912,0.9636410957756417,0.955096354387564,0.9511695448719394,0.951514429811462,0.9469040528478483,0.9121632632808319,0.8931478854126289,0.8354392814505573,0.6854860146515349,0.4664046751692149,0.39272557807329544,0.3274196133771694,0.886055507858676
0.078,3.6660867228525125,0.8893885031873257,0.963749565517622,0.9860699349257671,0.9916747351622678,0.9650932785622829,0.9568213641080906,0.9530063282456962,0.9533396486359867,0.9488391062592492,0.9148324228348563,0.8961680718203279,0.8392497053712678,0.6902225725916498,0.47084673908470376,0.3967471367258123,0.3308836928397413,0.8882157789193927
0.079,3.7040827712206954,0.8924588588674353,0.965184174906614,0.9867433531578236,0.9921204584069133,0.9664774700925594,0.9584680317265203,0.9547612111789121,0.9550835364391262,0.9506902968496731,0.9174020113128114,0.8990819841574413,0.8429457435261238,0.6948557752458411,0.47522385773391607,0.40071747457380735,0.3343075520890658,0.8903002977999699
0.08,3.7418949677419358,0.8954227316929535,0.9665522201282595,0.9873799087291887,0.9925395357919885,0.9677973575907555,0.9600404994373034,0.956438452719862,0.9567503159930999,0.9524618757063505,0.9198764830414802,0.9018941490884372,0.8465316727703956,0.6993886512019103,0.47953746810097564,0.4046376328784934,0.33769199167953157,0.8923126132274424
0.081,3.7795246436041836,0.8982845894193224,0.9678572776464806,0.9879818740319206,0.9929337382994211,0.969056398657432,0.9615426574449317,0.958042056793238,0.9583439576081692,0.9541578449163981,0.9222600572384393,0.9046088643225144,0.8500115757351103,0.7038241144488957,0.48378896115063275,0.4085086205203675,0.34103778691359077,0.8942560713597263
0.082,3.8169731171749604,0.901048678124262,0.969102703400738,0.9885513641367062,0.9933047062967596,0.9702578375473616,0.9629781613968943,0.9595757895899834,0.9598681963110945,0.9557819742201015,0.9245567324235083,0.907230212113934,0.8533893512839963,0.7081649697458483,0.4879796837987589,0.4123314153886338,0.34434568894085005,0.8961338293233935
0.083,3.854241694155325,0.9037190349411812,0.9702916482686818,0.989090348995566,0.9936539602137557,0.9714047201472111,0.9643504484623937,0.9610431956259132,0.9613265477099858,0.9573378164087787,0.9267702998218215,0.9097620718523449,0.8566687243202054,0.7124139176937989,0.4921109407804293,0.4161069656975951,0.34761642579878305,0.8979488677170477
0.084,3.8913316677316296,0.9062994999640239,0.971427072308711,0.9896006645879863,0.9939829102535097,0.9724999077686776,0.9656627521733804,0.9624476125819914,0.9627223226569172,0.958828721572443,0.9289043558376232,0.9122081318118054,0.8598532549882312,0.7165735595293312,0.49618399642152766,0.4198361912343056,0.35085070339856383,0.8997040021690812
0.085,3.9282443187251004,0.9087937273832599,0.9725117578895315,0.9900840231120386,0.9942928652344312,0.9735460898614461,0.9669181161334934,0.963792185028685,0.9640586408093555,0.9602578502928112,0.9309623136710519,0.914571900121509,0.8629463473129753,0.7206464016569413,0.500200076319427,0.42351998454150985,0.35404920645928295,0.901401894030153
0.086,3.9649809157392686,0.9112051959080882,0.9735483218034737,0.9905420223112834,0.9945850406487426,0.9745457957402134,0.9681194066906522,0.9650798771274117,0.965338443182158,0.9616281858685048,0.9329474141439927,0.9168567150160524,0.8659512573147438,0.7246348599362648,0.5041603689380053,0.4271592120396692,0.3572125993936307,0.9030450602731817
0.087,4.001542715305313,0.9135372185256384,0.9745392264510767,0.9909761540187458,0.9948605660139781,0.9755014054109614,0.9692693246601748,0.966313484393609,0.9665645037735179,0.962942545651435,0.9348627357954505,0.9190657544183408,0.8688711006360179,0.7285412637391682,0.508066027121918,0.43075471509161134,0.36034152714789935,0.9046358826668541
0.088,4.0379309620253165,0.9157929516440448,0.9754867901761644,0.9913878119908224,0.9951204915857493,0.9764151595735578,0.9703704161773322,0.9674956445983197,0.9677394403407005,0.9642035915662868,0.9367112043018022,0.9212020449039325,0.871708859713158,0.732367859790733,0.5119181695347693,0.4343073110131621,0.36343661599900856,0.9061766162825711
0.089,4.074146888713496,0.9179754036626575,0.9763931968231985,0.9917782990965104,0.995365794492828,0.9772891688704918,0.9714250827510579,0.968628847878283,0.9688657243945957,0.9654138398786251,0.938495601272648,0.9232684700916827,0.8744673905237221,0.7361168158072229,0.5157178820255355,0.43781779403287213,0.3664984743110643,0.9076693973892647
0.09,4.110191716535433,0.9200874430093484,0.9772605045820232,0.9921488339207231,0.9955973843491985,0.9781254224450334,0.9724355905840626,0.9697154461182947,0.9699456904759751,0.9665756702713673,0.9402185724687737,0.9252677785019594,0.877149428937799,0.7397902239432717,0.5194662189273337,0.4412869362037861,0.36952769325381096,0.9091162507856085
0.091,4.146066655145326,0.9221318056818351,0.9780906541791121,0.9925005568345511,0.9958161083920756,0.9789257958662477,0.9734040792187562,0.9707576616639714,0.970981544770781,0.9676913342841446,0.9418826354849015,0.9272025909204318,0.8797575966996602,0.74339010405972,0.5231642042923801,0.44471548827001073,0.3725248474851879,0.9105190966146907
0.092,4.181772902821317,0.924111102327143,0.9788854764690353,0.9928345355800872,0.9960227561898537,0.9796920584730316,0.9743325695631068,0.9717575954179585,0.9719753731167599,0.9687629631653493,0.9434901869364204,0.9290754073024245,0.8822944070641047,0.7469184068227819,0.5268128330667481,0.4481041804906598,0.37549049580005733,0.9118797567022171
0.093,4.217311646598906,0.9260278248907665,0.979646699474998,0.9931517704127472,0.9962180639594981,0.9804258801845986,0.9752229713457964,0.9727172343680183,0.9729291484492028,0.9697925751823765,0.945043509186109,0.9308886132501014,0.884762270110086,0.7503770166445228,0.530413072208308,0.45145372342360757,0.37842518174703965,0.9131999604557106
0.094,4.252684062402497,0.9278843528647258,0.9803759549229264,0.9934531988398456,0.9964027185289118,0.9811288378205739,0.9760770900457223,0.9736384585912551,0.9738447377294419,0.9707820824316971,0.9465447766439685,0.9326444860922289,0.887163497752584,0.7537677544739763,0.5339658617510379,0.4547648086713152,0.3813294342152739,0.9144813503588871
0.095,4.287891315175098,0.9296829591615458,0.9810747843096178,0.9937396999904504,0.9965773609762841,0.9818024209700067,0.9768966333369884,0.9745230477749536,0.9747239083960216,0.9717332971868672,0.9479960616706409,0.9343452005939828,0.8895003084721633,0.7570923804476312,0.5374721158186911,0.45803810959088,0.38420376799280587,0.9157254870924528
0.096,4.322934559006212,0.9314258156391859,0.981744644541908,0.9940120986482013,0.9967425899752678,0.9824480374451366,0.9776832170869953,0.9753726872910731,0.9755683343750744,0.9726479378193901,0.9493993401124761,0.9359928343221494,0.8917748317802753,0.7603525964074425,0.540932723590621,0.4612742819702865,0.3870486842981973,0.9169338543098845
0.097,4.35781493725794,0.9331149983001102,0.9823869131805731,0.9942711689757843,0.9968989648720218,0.9830670183526102,0.9784383709420312,0.9761889738583196,0.9763796016833638,0.973527634324436,0.9507564964941078,0.9375893726891549,0.8939891124370735,0.763550048294004,0.5443485502224,0.4644739646727616,0.3898646712868502,0.9181078630943319
0.098,4.392533582689336,0.9347524921859945,0.983002893319774,0.9945176379570715,0.9970470085176402,0.983660622812004,0.9791635435318571,0.9769734208228916,0.9771592136546617,0.9743739334807864,0.9520693288923839,0.9391367136975861,0.8961451144373316,0.766686328422029,0.5477204377237149,0.46763778025097635,0.39265220453345595,0.9192488561205883
0.099,4.427091617579029,0.9363401959880086,0.983593818130198,0.9947521885805266,0.9971872098772324,0.9842300423489421,0.9798601073221375,0.9777274630864159,0.9779085958175895,0.9751883036719636,0.9533395535136572,0.9406366724052455,0.8982447247789563,0.7697629776448228,0.551049205795848,0.4707663355327639,0.39541174749187646,0.9203581115440764
0.1,4.461490153846155,0.9378799263911737,0.9841608550916618,0.9949754627853091,0.997320026434909,0.9847764049877701,0.9805293631411683,0.9784524617072459,0.9786291004507431,0.9759721393933188,0.9545688089947504,0.9420909851292927,0.9002897570275815,0.7727814874140209,0.554335652630942,0.47386022217990087,0.3981437519336978,0.9214368466369844
0.101,4.495730293169609,0.9393734221699691,0.984705109938764,0.9951880641895632,0.9974458864121123,0.9853007790666309,0.9811725444051683,0.979149708199165,0.9793220108388191,0.9767267654678511,0.9557586604463721,0.9435013134066612,0.9022819546897931,0.775743301740452,0.5575805556750946,0.4769200172214132,0.4008486583666162,0.9224862211900404
0.102,4.529813127105666,0.9408223480511414,0.985227630341202,0.9953905606186219,0.9975651908151107,0.985804176795878,0.9817908210644146,0.9798204285495896,0.9799885452515393,0.9774534409917168,0.956910603256336,0.9448692477266768,0.9042229944066777,0.7786498190616353,0.5607846723572163,0.47994628356277913,0.4035268964337456,0.9235073406969175
0.103,4.563739737203973,0.9422282983585414,0.9857294093385748,0.9955834864492734,0.997678315326013,0.9862875575790174,0.982385303290692,0.9804657869775921,0.9806298606654289,0.9781533630287207,0.9580260666686425,0.9461963110506518,0.9061144889785873,0.7815023940210639,0.5639487407854626,0.4829395704723185,0.406178885294864,0.9245012593368778
0.104,4.597511195121952,0.9435928004537706,0.9862113885478622,0.9957673447848086,0.997785612050346,0.9867518311137911,0.9829570449248758,0.9810868894504491,0.9812470562468992,0.9788276700715645,0.959106417153287,0.9474839621321607,0.907957990231271,0.7843023391641144,0.5670734804129516,0.4859004140459776,0.40880503399057144,0.9254689827700442
0.105,4.6311285627376435,0.9449173179854603,0.9866744611602866,0.9959426094742777,0.9978874111330551,0.9871978602895688,0.9835070467019631,0.9816847869759382,0.9818411766136389,0.9794774452862426,0.9601529615805636,0.9487335986507254,0.9097549917328522,0.7870509265551208,0.5701595926743692,0.4888293376516536,0.41140574179025136,0.9264114707585304
0.106,4.664592892261002,0.946203253959115,0.9871194747429122,0.9961097269882178,0.9979840222537224,0.9876264638959135,0.9840362592694925,0.9822604786862588,0.9824132148899761,0.9801037195547025,0.9611669502126274,0.9499465601707342,0.9115069313704874,0.789749389319874,0.5732077615949795,0.49172685235412605,0.4139813985246965,0.9273296396256275
0.107,4.69790522634368,0.9474519536386308,0.9875472338591014,0.9962691181620538,0.9980757360108305,0.9880384191559806,0.9845455860140364,0.9828149147282127,0.9829641155706632,0.9807074743297277,0.9621495795241518,0.951124130936582,0.9132151937949592,0.7923989231175478,0.5762186543734547,0.49459345732160787,0.41653238490418965,0.9282243645643045
0.108,4.7310665981873115,0.9486647072898389,0.9879585025208266,0.9964211798174221,0.998162825204035,0.9884344640973296,0.9850358857093056,0.9833489989731551,0.9834947772064174,0.9812896443149343,0.9631019948630647,0.9522675425142553,0.9148811127409175,0.7950006875458081,0.5791929219398742,0.49742964021486247,0.4190590728228003,0.9290964818053978
0.109,4.76407803165034,0.9498427527757223,0.9883540064848074,0.9965662862707927,0.9982455460226186,0.9888152997717283,0.9855079749983511,0.9838635915591846,0.9840060549235294,0.9818511199817994,0.9640252929615644,0.9533779762888731,0.9165059732299735,0.7975558074826434,0.5821311994901472,0.5002358775597833,0.42156182564960076,0.9299467906550885
0.11,4.7969405413533845,0.9509872780122992,0.9887344354035034,0.9967047907379836,0.9983241391475908,0.9891815923346193,0.985962630721391,0.9843595112770971,0.9844987627889179,0.9823927499347421,0.9649205243068901,0.9544565658270389,0.918091013663383,0.8000653743682298,0.5850341069980562,0.5030126351042782,0.42404099850747,0.9307760554105181
0.111,4.829655132783197,0.9520994232935673,0.9891004448411392,0.9968370266424388,0.9983988307742514,0.9895339749940932,0.9864005920999083,0.9848375378107546,0.9849736760311487,0.9829153431344565,0.9657886953806579,0.9555043991122542,0.9196374278106277,0.8025304474299619,0.5879022497060363,0.5057603681602489,0.4264969385401185,0.9315850071617476
0.112,4.862222802395211,0.9531802834933397,0.9894526581641484,0.9969633088344966,0.9984698335614534,0.9898730498384466,0.986822562786857,0.985298413841723,0.98543153312715,0.9834196709889421,0.9666307707749566,0.9565225206610836,0.921146366699793,0.8049520548535869,0.5907362185957526,0.5084795219314189,0.42892998516792025,0.9323743454876342
0.113,4.894644537714713,0.9542309101512875,0.9897916683147068,0.9970839347282772,0.9985373475132677,0.9901993895507115,0.9872292127920762,0.9857428470272981,0.9858730377636307,0.9839064693209829,0.9674476751928273,0.9575119335272416,0.9226189404152674,0.8073311949032047,0.5935365908394727,0.5111705318277099,0.4313404703331174,0.933144740052653
0.114,4.926921317436663,0.9552523134500223,0.9901180394753684,0.997199185362283,0.9986015607982758,0.9905135390179032,0.9876211802913294,0.986171511860367,0.9862988606815457,0.9843764402201888,0.9682402953402324,0.9584736012002925,0.9240562198079437,0.8096688369927488,0.5963039302331741,0.5138338237668376,0.43372871873491836,0.9338968321111665
0.115,4.959054111524165,0.9562454640896059,0.9904323086322085,0.9973093263893107,0.9986626505112731,0.9908160168421488,0.9879990733267632,0.9865850514189304,0.9867096414113414,0.9848302537871241,0.9690094817161267,0.9594084494052088,0.9254592381227729,0.8119659227113939,0.5990387876122768,0.5164698144637494,0.43609504805499977,0.9346312359251712
0.116,4.991043881305639,0.9572112950654562,0.9907349870433291,0.9974146090008271,0.9987207833817756,0.991107316760324,0.9883634714060066,0.9869840790125431,0.9871059899061482,0.9852685497765102,0.9697560503067999,0.9603173678086241,0.9268289925482224,0.8142233668052111,0.601741701250841,0.5190789117085006,0.43843976917385785,0.9353485401011202
0.117,5.022891579570689,0.9581507033552404,0.9910265616190684,0.9975152707905507,0.9987761164333507,0.991387908978331,0.9887149270066021,0.987369179732404,0.9874884880795755,0.9856919391459882,0.9704807841902447,0.9612012116372298,0.9281664456919088,0.8164420581172503,0.604413197245024,0.5216615146331273,0.44076318637848466,0.9360493088510137
0.118,5.054598150664698,0.9590645515199808,0.9913074962197941,0.9976115365616063,0.998828797597474,0.9916582414256988,0.9890539669919761,0.9877409119113427,0.9878576912542818,0.9861010055164678,0.9711844350559157,0.9620608032134134,0.9294725269864129,0.8186228604881062,0.6070537898815405,0.5242180139680457,0.4430655975617611,0.9367340831825747
0.119,5.086164530582167,0.9599536692242712,0.9915782328767218,0.9977036190812799,0.9988789662853043,0.991918740935773,0.989381093944707,0.9880998084995087,0.9882141295270576,0.9864963065496705,0.971867724644894,0.9628969334129057,0.9307481340290407,0.8207666136189118,0.6096639819918422,0.5267487922884729,0.44534729441397547,0.9374033820230031
0.12,5.117591647058824,0.9608188546801886,0.9918391929408138,0.9977917197870854,0.9989267539205007,0.9921698143563751,0.9896967874224403,0.9884463783611511,0.9885583090557486,0.986878375248073,0.9725313461151387,0.9637103630489007,0.9319941338590658,0.8228741338985939,0.6122442652926803,0.5292542242513526,0.447608562606843,0.9380577032804669
0.121,5.14888041966251,0.9616608760192008,0.9920907781644405,0.9978760294475697,0.998972284435952,0.9924118495954634,0.9900015051414158,0.988781107497505,0.9888907132729784,0.9872477211821078,0.9731759653362001,0.9645018241868215,0.9332113641757779,0.8249462151971181,0.614795120713689,0.5317346768232147,0.4498496819703739,0.9386975248472107
0.122,5.18003175988287,0.9624804725960964,0.9923333717201577,0.9979567287810216,0.9990156747370622,0.9926452166060014,0.9902956840922253,0.9891044602004446,0.9892118040312783,0.9876048316491338,0.9738022221174882,0.96527202139365,0.9344006345004616,0.8269836296263657,0.6173170187125891,0.5341905094994133,0.4520709266629308,0.9393233055478941
0.123,5.211046571219868,0.9632783562287188,0.9925673391606393,0.9980339890350058,0.9990570351340259,0.9928702683139395,0.990579741592094,0.9894168801412446,0.9895220226839168,0.9879501727683869,0.9744107313739224,0.9660216329254833,0.9355627272852448,0.8289871282701794,0.6198104195785763,0.5366220745151205,0.45427256533478644,0.9399354860365158
0.124,5.241925749271137,0.9640552123770504,0.9927930293235223,0.998107972529426,0.9990964697453348,0.9930873414929404,0.9908540762776786,0.9897187913984888,0.989821791105425,0.9882841905158313,0.9750020842325459,0.9667513118567589,0.9366983989715851,0.8309574418850483,0.6222757737244365,0.5390297170484706,0.4564548612854915,0.9405344896450609
0.125,5.2726701818181825,0.9648117012649763,0.9930107751846552,0.9981788331656151,0.9991340768745857,0.9932967575892258,0.9911190690421036,0.9900105994288906,0.9901115126555409,0.9886073117025709,0.9755768490834598,0.9674616871543709,0.9378083810009976,0.8328952815728103,0.6247135219678961,0.541413775416208,0.4586180726153237,0.9411207231867912
0.126,5.303280748911467,0.965548458947854,0.9932208946630012,0.9982467169037689,0.9991699493624947,0.9934988234996832,0.9913750839196948,0.9902926919845328,0.9903915730900421,0.988919944900232,0.9761355725782197,0.9681533646997057,0.9388933807804779,0.834801339426681,0.6271240958026886,0.5437745812621766,0.4607624523711016,0.9416945777169017
0.127,5.333758322954382,0.9662660983288264,0.9934236913802181,0.9983117622108624,0.9992041749158797,0.9936938323061597,0.9916224689216413,0.9905654399797992,0.990662341421706,0.9892224813165024,0.97667878057864,0.968826928261438,0.9399540826049332,0.8366762891518462,0.6295079176597974,0.5461124597389722,0.4628882486866034,0.9422564292530882
0.128,5.364103768786128,0.9669652101266393,0.9936194553777344,0.9983741004810357,0.9992368364152362,0.9938820639686614,0.9918615568255906,0.990829198311048,0.9909241707344136,0.9895152956238018,0.9772069790587683,0.969482940421755,0.9409911485387998,0.8385207866617942,0.631865401159307,0.5484277296830663,0.46499570491784736,0.9428066394583987
0.129,5.39431794376352,0.9676463637975597,0.9938084637939444,0.9984338564302888,0.9992680122024095,0.9940637859799996,0.9920926659219852,0.991084306631878,0.9911773989532209,0.9897987467438655,0.9777206549626215,0.970121943458519,0.9420052192589036,0.8403354706514952,0.6341969513532788,0.550720703783691,0.46708505977345405,0.9433455562885922
0.13,5.424401697841728,0.9683101084138357,0.9939909815039689,0.998491148467192,0.9992977763497497,0.9942392539842461,0.9923161007197563,0.9913310900866447,0.9914223495730256,0.9900731785908339,0.9782202770201153,0.9707444601857229,0.9429969148605002,0.8421209631484816,0.6365029649600337,0.5529916887457521,0.46915654744030755,0.9438735146060684
0.131,5.454355873653985,0.9689569735009957,0.9941672617242662,0.998546089041195,0.9993261989120377,0.9944087123612056,0.9925321526138223,0.9915698600047137,0.9916593323482926,0.9903389207752833,0.9787062965234706,0.971350994754458,0.9439668356283291,0.8438778700428279,0.638783830590224,0.5552409854470388,0.4712103977047285,0.9443908367623212
0.132,5.484181306590259,0.9695874698361516,0.9943375465842188,0.9985987849700058,0.9993533461623657,0.9945723947789623,0.9927411005166724,0.9918009145577724,0.9918886439461364,0.9905962892714666,0.9791791480662407,0.9719420334164779,0.9449155627744046,0.845606781596975,0.6410399289650386,0.5574688890899752,0.47324683606935203,0.9448978331507186
0.133,5.5138788248749115,0.9702020902093406,0.9945020676666874,0.9986493377474037,0.999379280813077,0.9947305247164219,0.9929432114561686,0.992024539382372,0.9921105685649102,0.990845587049894,0.9796392502469767,0.9725180452523233,0.9458436591441797,0.8473082729362992,0.6432716331268784,0.5596756893481445,0.47526608386589275,0.9453948027313167
0.134,5.543449249643368,0.9708013101498244,0.9946610465193864,0.9986978438327571,0.9994040622227818,0.9948833159576463,0.9931387411415619,0.9922410081697325,0.992325378520314,0.9910871046772447,0.980087006339424,0.9730794828658552,0.9467516698926224,0.8489829045212725,0.6454793086428212,0.5618616705078121,0.4772683583639804,0.945882033529288
0.135,5.572893395017794,0.9713855886191574,0.9948146951388175,0.9987443949234238,0.9994277465903929,0.9950309730596558,0.9933279344995867,0.9924505832247095,0.9925333348009056,0.9913211208854772,0.9805228049310335,0.9736267830469374,0.947640123131664,0.8506312226020307,0.64766331380118,0.564027111604662,0.4792538728762309,0.9463598031084666
0.136,5.602212068181819,0.9719553686727235,0.9949632164283824,0.9987890782111338,0.99945038713706,0.9951736917952666,0.9935110261823783,0.9926535159957064,0.992734687594776,0.9915479031118851,0.980947020531463,0.9741603674039099,0.9485095305503956,0.8522537596561105,0.6498239998014369,0.56617228655594,0.481222836859711,0.9468283790213977
0.137,5.631406069454289,0.9725110780913542,0.9951068046321911,0.9988319766233734,0.9994720342768103,0.9953116595724316,0.9936882410488478,0.9928500475771954,0.9929296767890428,0.9917677080117416,0.9813600141526488,0.9746806429673988,0.9493603880093181,0.8538510348100881,0.6519617109378346,0.5682974642882029,0.4831754560139524,0.9472880192372028
0.138,5.660476192362094,0.9730531299845405,0.9952456457459861,0.9988731690507232,0.9994927357766528,0.9954450558314557,0.9938597946210423,0.9930404091864135,0.9931185324437068,0.9919807819450672,0.9817621338619315,0.9751880027669222,0.9501931761098799,0.8554235542458128,0.6540767847768758,0.5704029088608538,0.485111932375658,0.9477389725484948
0.139,5.689423223712068,0.9735819233666743,0.9953799179065096,0.9989127305610352,0.9995125369068438,0.9955740524213685,0.9940258935169262,0.9932248226156947,0.9933014752413276,0.9921873614389677,0.9821537153096366,0.975682826381667,0.9510083607404668,0.856971811591895,0.656169552328989,0.5724888795856321,0.48703246441023385,0.9481814789584883
0.14,5.718247943661973,0.9740978437076664,0.9955097917605593,0.9989507326012738,0.9995314805819643,0.995698813956659,0.9941867358609229,0.9934035006618144,0.9934787169138733,0.9923876736268941,0.9825350822324308,0.9761654804667365,0.9518063935999551,0.8584962883010724,0.6582403382145876,0.57455563114223,0.4889372471002861,0.9486157700493952
0.141,5.746951125790583,0.9746012634592213,0.9956354308148962,0.9989872431877903,0.9995496074934122,0.9958194981554976,0.9943425116734802,0.9935766475336336,0.9936504606480278,0.992581936666099,0.9829065469336953,0.9766363192560925,0.9525877126998699,0.8599974540140549,0.6602894608247536,0.5766034136901881,0.4908264720312008,0.9490420693331183
0.142,5.775533537166901,0.9750925425579721,0.995756991768098,0.9990223270857486,0.9995669562338708,0.9959362561605016,0.9944934032408369,0.9937444592392527,0.9938169014701485,0.9927703601344842,0.9832684107420888,0.9770956850433529,0.9533527428461458,0.8614757669104127,0.6623172324767576,0.5786324729772212,0.492700327473926,0.9494605925851994
0.143,5.803995938418476,0.9755720289066163,0.9958746248253817,0.9990560459783707,0.9995835634142766,0.996049232843035,0.9946395854661002,0.9939071239538088,0.9939782266120062,0.9929531454079629,0.9836209644494098,0.9775439086415347,0.9541018961014279,0.8629316740470483,0.6643239595646176,0.5806430504441161,0.49455899846507223,0.9498715481629235
0.144,5.8323390837988836,0.9760400588341286,0.9959884739973558,0.9990884586266284,0.9995994637737688,0.9961585670919694,0.9947812262026753,0.9940648223689862,0.9941346158583583,0.9931304860193917,0.983964488728798,0.9779813098227795,0.9548355722288063,0.8643656116847663,0.6663099427048955,0.5826353833263372,0.4964026668844359,0.950275137308419
0.145,5.860563721254356,0.9764969575360717,0.9960986773836034,0.999119621019962,0.9996146902830768,0.9962643920877784,0.9949184865710213,0.994217728025239,0.9942862418773544,0.9933025680000676,0.984299254534264,0.9784081977390372,0.9555541591178307,0.8657780056034322,0.6682754768779133,0.584609704752471,0.4982315115300515,0.9506715544375542
0.146,5.88867059248957,0.9769430394959658,0.9962053674419415,0.9991495865185737,0.9996292742417612,0.9963668355627845,0.9950515212596545,0.9943660076276702,0.9944332705347045,0.993469570204723,0.984625523482476,0.9788248713246314,0.956258033193607,0.8671692714061834,0.6702208515645685,0.5865662438396293,0.5000457081908651,0.9510609874153764
0.147,5.916660433032617,0.9773786088886321,0.9963086712441523,0.9991784059878032,0.999643245369704,0.996466020048324,0.995180478811258,0.994509821346451,0.9945758611924915,0.9936316646208997,0.9849435482176847,0.9792316196815837,0.9569475598097389,0.8685398148131434,0.6721463508789157,0.5885052257859329,0.5018454297171306,0.9514436178187956
0.148,5.94453397229917,0.9778039599663704,0.9964087107189312,0.9992061279250617,0.9996566318932115,0.9965620631095523,0.9953055018947106,0.9946493231026154,0.9947141669934515,0.9937890166635273,0.9852535727606163,0.9796287224485202,0.9576230936258379,0.8698900319450541,0.6740522536966789,0.5904268719601853,0.5036308460886085,0.9518196211871814
0.149,5.97229193365584,0.9782193774287913,0.9965056028827527,0.9992327985797704,0.9996694606260703,0.9966550775685699,0.9954267275637967,0.9947846608400128,0.9948483351315013,0.9939417854554904,0.9855558328421206,0.9800164501539482,0.9582849789702883,0.8712203095972403,0.6759388337798458,0.592331399988845,0.5054021244806605,0.9521891672614962
0.15,5.9999350344827596,0.9786251367770749,0.9965994600593155,0.9992584620667188,0.9996817570458724,0.996745171716502,0.995544287503314,0.9949159767841563,0.9949785071092453,0.9940901240949154,0.9858505562223155,0.9803950645546405,0.9589335501889203,0.8725310255042835,0.6778063598974912,0.5942190238403977,0.507159429328315,0.9525524202125523
0.151,6.027463986235376,0.9790215046533909,0.9966903900881839,0.9992831604732325,0.9996935453659077,0.9968324495151354,0.9956583082632549,0.9950434076886638,0.9951048189831505,0.9942341799098721,0.9861379629959333,0.9807648189598339,0.959569131980213,0.8738225485957805,0.6796550959429744,0.596089953907227,0.508902922388387,0.9529095388589524
0.152,6.054879494505495,0.9794087391661754,0.9967784965232103,0.9993069339605181,0.9997048486028979,0.9969170107886735,0.9957689114816954,0.9951670850699431,0.9952274015970396,0.9943740947011409,0.986418265884532,0.9811259585419042,0.9601920397176134,0.8750952392435308,0.6814853010476396,0.5979443970850775,0.5106327627997165,0.9532606768752359
0.153,6.082182259081564,0.9797870902019228,0.9968638788212866,0.9993298208595214,0.9997156886408305,0.9969989514061416,0.9958762140969927,0.9952871354307408,0.9953463808045138,0.9945100049736654,0.9866916705162023,0.9814787206341528,0.960802579759537,0.876349449500495,0.6832972296911507,0.5997825568501964,0.5123491071416086,0.9536059829907252
0.154,6.109372974008209,0.9801567997241184,0.996946632521943,0.9993518577616256,0.999726086291133,0.997078363454942,0.9959803285498512,0.9954036804731344,0.9954618776808833,0.9946420421572659,0.9869583756933672,0.9818233350162987,0.9614010497475802,0.8775855233318397,0.6850911318085844,0.601604633334245,0.5140521094905353,0.9539456011795412
0.155,6.136452327645052,0.9805181020599056,0.9970268494182782,0.9993730796044841,0.9997360613494126,0.997155335406028,0.9960813629757924,0.995516837301517,0.9955740087251491,0.9947703328171676,0.9872185736492369,0.9821600241882484,0.961987738893452,0.8788037968383765,0.6868672528943978,0.6034108233970535,0.5157419214751614,0.9542796708422268
0.156,6.163421002724797,0.9808712241750488,0.9971046177196802,0.9993935197532718,0.9997456326489707,0.9972299522711416,0.9961794213885263,0.9956267186160906,0.9956828860525482,0.9948949988548581,0.987472450293457,0.9824890036326781,0.9625629282551104,0.8800045984726887,0.6886258341033813,0.6052013206973051,0.5174186923297657,0.9546083269793977
0.157,6.190279676410607,0.9812163859377265,0.9971800222067709,0.9994132100776191,0.9997548181112892,0.9973022957525316,0.9962746038546982,0.9957334328973569,0.9957886175781487,0.995016157699763,0.9877201854474549,0.9828104820669418,0.9631268910025601,0.8811882492482228,0.6903671123487107,0.6069763157612192,0.5190825689461054,0.9549317003578118
0.158,6.217029020352783,0.9815538003716638,0.9972531443789796,0.999432181024473,0.9997636347936716,0.997372444385545,0.9963670066604555,0.9958370845820643,0.9958913071919506,0.9951339224922039,0.9879619530699667,0.9831246616847892,0.9636798926737525,0.8823550629416143,0.6920913203971923,0.6087359960493048,0.5207336959237876,0.9552499176692293
0.159,6.2436697007447535,0.9818836738990818,0.9973240625951295,0.9994504616871215,0.9997720989342103,0.997440473674465,0.9964567224702556,0.9959377742310482,0.9959910549259234,0.9952484022580718,0.9881979214732007,0.9834317383883551,0.9642221914210033,0.883505346288501,0.69379868696181,0.6104805460212566,0.5223722156192024,0.9555631016824186
0.16,6.27020237837838,0.9822062065739258,0.9973928522074013,0.9994680798705962,0.999780225994242,0.9975064562219431,0.9965438404783109,0.996035598689373,0.99608795711339,0.9953597020756315,0.9884282535300686,0.9837319020108566,0.9647540382483238,0.8846393991730714,0.695489436791662,0.6122101471990544,0.5239982681930632,0.9558713713886366
0.161,6.296627708698585,0.9825215923058032,0.9974595856890125,0.9994850621536588,0.9997880306984396,0.9975704618523582,0.9966284465530453,0.9961306512391638,0.99618210654114,0.9954679232348456,0.9886531068728968,0.9840253365304152,0.9652756772400496,0.8857575148115795,0.6971637907593787,0.6139249782283331,0.525611991656608,0.9561748421409024
0.162,6.322946341857336,0.9828300190750479,0.9975243327559369,0.9995014339475642,0.9997955270726825,0.9976325577294112,0.9967106233749173,0.9962230217454962,0.9962735925946374,0.9955731633895855,0.9888726340840066,0.9843122202753977,0.9657873457811205,0.8868599799300492,0.6988219659461139,0.6156252149380781,0.5272135219165119,0.9564736257873574
0.163,6.349158922766959,0.9831316691393001,0.9975871604829675,0.9995172195517791,0.9998027284798371,0.9976928084682536,0.9967904505679429,0.9963127967956873,0.9963625013966674,0.9956755167030816,0.9890869828785341,0.9845927261216519,0.9662892747693629,0.8879470749363879,0.7004641757241854,0.6173110303987096,0.5288029928185497,0.9567678307990006
0.164,6.375266091152817,0.983426719231979,0.9976481334144112,0.9995324422068282,0.9998096476535702,0.997751276242424,0.996868004825233,0.9964000598323184,0.9964489159397455,0.9957750739869409,0.9892962962798388,0.9848670216819959,0.9667816888200979,0.889019074087107,0.7020906298374496,0.6189825949786056,0.5303805361900564,0.9570575623920611
0.165,6.401268481605353,0.9837153407530003,0.9977073136696863,0.9995471241444261,0.999816296730311,0.997808020885858,0.9969433600288464,0.9964848912802975,0.9965329162125998,0.9958719228340437,0.9895007127878386,0.9851352694882973,0.9672648064633912,0.8900762456488521,0.7037015344794866,0.6206400763991207,0.5319462818812268,0.9573429226452599
0.166,6.42716672363151,0.9839976999520794,0.9977647610440792,0.9995612866350438,0.9998226872794718,0.9978630999902174,0.9970165873642396,0.9965673686682547,0.9966145793210135,0.9959661477456183,0.9897003665405842,0.9853976271664686,0.9677388403342431,0.8911188520549285,0.7052970923696684,0.6222836397881474,0.5335003578052946,0.9576240106122115
0.167,6.452961441705531,0.9842739581049402,0.9978205331049024,0.9995749500330544,0.9998288303320251,0.9979165689977759,0.9970877554295788,0.9966475667445487,0.9966939796033082,0.996057830252771,0.9898953874693786,0.9856542476046853,0.9682039973560028,0.892147150057003,0.7068775028271792,0.6239134477322739,0.5350428899776278,0.9579009224291749
0.168,6.478653255319151,0.9845442716827364,0.9978746852832854,0.9995881338195868,0.9998347364075374,0.99796848129008,0.9971569303401694,0.9967255575881456,0.9967711887407236,0.9961470490327388,0.9900859014477236,0.9859052791151193,0.9686604789172818,0.893161390872155,0.7084429618430603,0.6255296603275792,0.5365740025537776,0.9581737514183883
0.169,6.5042427790311885,0.984808792514978,0.9979272709618117,0.9996008566432154,0.9998404155397455,0.9980188882725964,0.9972241758282402,0.9968014107146196,0.9968462758629452,0.9962338800201166,0.9902720304343712,0.9861508655894663,0.9691084810426235,0.8941618203254431,0.70999366215034,0.6271324352291143,0.5380938178665189,0.9584425881871788
0.17,6.529730622516558,0.9850676679462385,0.9979783415582104,0.9996131363586022,0.9998458773007592,0.9980678394555457,0.9972895533383097,0.9968751931775107,0.9969193076490105,0.9963183965132956,0.9904538926107341,0.9863911466485332,0.9695481945571804,0.8951486789881463,0.711529793292314,0.6287219276991134,0.5396024564619123,0.9587075207230453
0.171,6.555117390614675,0.9853210409869102,0.9980279466052944,0.9996249900632018,0.9998511308239725,0.9981153825311057,0.9973531221183476,0.9969469696652618,0.9969903484238173,0.9964006692763416,0.9906316025129066,0.9866262577861389,0.9699798052456353,0.8961222023118324,0.7130515416890355,0.6302982906539696,0.5411000371344228,0.958968634484904
0.172,6.580403683377309,0.9855690504582579,0.9980761338273296,0.9996364341321343,0.9998561848257527,0.9981615634471678,0.9974149393069358,0.9970168025939471,0.9970594602504441,0.996480766636526,0.9908052711585262,0.9868563305075669,0.9704034940055919,0.8970826207583994,0.7145590907020722,0.6318616747100257,0.5425866769611261,0.9592260124906613
0.173,6.605590096115867,0.9858118311320115,0.9981229492130097,0.9996474842513247,0.9998610476259802,0.9982064264778097,0.9974750600166206,0.9970847521959924,0.9971267030184803,0.9965587545777126,0.9909750061687035,0.9870814924628037,0.9708194369956544,0.8980301599262317,0.716052620697587,0.6334122282282069,0.5440624913350287,0.9594797354012881
0.174,6.630677219448096,0.9860495138647283,0.9981684370851996,0.9996581554490002,0.9998657271675029,0.9982500142906463,0.9975335374136373,0.9971508766050761,0.9971921345285565,0.9966346968297964,0.991140911885231,0.987301867574778,0.9712278057784021,0.8989650406726064,0.7175323091077963,0.6349500973575428,0.5455275939975417,0.9597298816015489
0.175,6.655665639344263,0.986282225727141,0.9982126401676061,0.9996684621256349,0.9998702310345664,0.9982923680112099,0.9975904227941821,0.9972152319373923,0.9972558105732536,0.9967086549543738,0.9913030894832738,0.9875175761628114,0.9716287674584566,0.8998874792324759,0.7189983304908538,0.6364754260776033,0.5469820970701198,0.95997652727754
0.176,6.680555937172775,0.9865100901287022,0.9982555996485203,0.9996784180824217,0.9998745664702777,0.9983335272845005,0.9976457656573935,0.9972778723694451,0.9973177850145599,0.9967806884268197,0.9914616370797357,0.9877287350614803,0.9720224848158334,0.9007976873337559,0.7204508565892145,0.6379883562398927,0.5484261110851053,0.9602197464911724
0.177,6.705348689745265,0.9867332269375229,0.9982973552417752,0.9996880365483511,0.9998787403931566,0.9983735303338439,0.9976996137751979,0.9973388502125391,0.9973781098580382,0.9968508547149382,0.9916166498374841,0.9879354577350765,0.9724091164347574,0.9016958723092349,0.7218900563865213,0.6394890276082252,0.5498597450157986,0.9604596112517404
0.178,6.730044469361148,0.986951752595895,0.9983379452450495,0.99969733020597,0.9998827594128261,0.9984124140171857,0.9977520132591692,0.9973982159841157,0.9974368353238559,0.9969192093543418,0.9917682200656106,0.9881378543878515,0.9727888168281169,0.9025822372052225,0.7233160961630654,0.6409775778981218,0.5512831063057775,0.9606961915847025
0.179,6.75464384385166,0.9871657802315794,0.9983774065956432,0.9997063112158878,0.9998866298448892,0.9984502138809417,0.9978030086245393,0.9974560184760858,0.9974940099148215,0.9969858060207089,0.9919164373158925,0.9883360320702139,0.9731617365577235,0.9034569808870433,0.7247291395498587,0.6424541428152512,0.5526963008974897,0.9609295555977981
0.18,6.779147376623377,0.9873754197650314,0.9984157749238465,0.9997149912400985,0.9998903577250368,0.9984869642115213,0.9978526428514946,0.9975123048202937,0.9975496804815694,0.9970506965990619,0.9920613884756155,0.9885300947810474,0.9735280223505345,0.9043202981414876,0.7261293475813653,0.6439188560929492,0.5540994332601468,0.9611597695446119
0.181,6.803555626701232,0.9875807780127304,0.9984530846040122,0.9997233814641767,0.9998939488224298,0.9985226980846338,0.9979009574438821,0.9975671205512467,0.9976038922850194,0.9971139312501992,0.9922031578569107,0.9887201435663062,0.9738878172109925,0.9051723797763165,0.7275168787469319,0.6453718495288432,0.5554926064169332,0.9613868978857054
0.182,6.827869148771022,0.9877819587867692,0.9984893688034431,0.9997314926184085,0.9998974086523954,0.9985574474124806,0.9979479924854473,0.9976205096662338,0.9976566890562382,0.997175558474411,0.9923418272827489,0.9889062766140391,0.974241260529628,0.9060134127169205,0.7288918890409539,0.6468132530206052,0.5568759219715564,0.96161100334741
0.183,6.852088493221434,0.9879790629908565,0.9985246595291924,0.9997393349979111,0.9999007424884746,0.9985912429889328,0.9979937866937152,0.9976725146829529,0.9977081130538203,0.9972356251725982,0.9924774761697328,0.9890885893459849,0.9745884881880635,0.9068435801002283,0.7302545320118192,0.6482431946008662,0.5582494801341585,0.9618321469783936
0.184,6.876214206185568,0.9881721887128728,0.9985589876728774,0.9997469184817931,0.9999039553738559,0.9986241145327867,0.998038377471623,0.9977231766947597,0.9977582051189018,0.9972941767049137,0.9926101816078171,0.9892671745058784,0.9749296326605547,0.9076630613659536,0.7316049588096646,0.64966180047131,0.5596133797466065,0.9620503882040858
0.185,6.900246829581993,0.9883614313141212,0.9985923830535957,0.9997542525514048,0.99990705213223,0.9986560907291887,0.9980818009570083,0.9977725354236455,0.9978070047279112,0.9973512569470316,0.9927400184370844,0.9894421222445972,0.9752648231121962,0.9084720323452689,0.7329433182329779,0.651069195035976,0.5609677183071828,0.9622657848790601
0.186,6.924186901155329,0.9885468835154014,0.9986248744590336,0.9997613463077253,0.9999100373780957,0.9986871992693112,0.9981240920700476,0.9978206292710458,0.997854550043162,0.9974069083441545,0.992867059321696,0.9896135202022742,0.9755941854939162,0.9092706653469887,0.7342697567740833,0.6524655009337896,0.5623125919946909,0.9624783933374561
0.187,6.948034954516337,0.9887286354800343,0.9986564896848489,0.9997682084879287,0.9999129155265467,0.9987174668883609,0.9981652845587409,0.9978674953665773,0.9979008779613822,0.9974611719628536,0.9929913748211345,0.9897814535874994,0.9759178426343762,0.9100591292413462,0.7355844186635425,0.6538508390703477,0.5636480956919969,0.9626882684415271
0.188,6.971791519181586,0.988906774893957,0.998687255572406,0.9997748474811737,0.9999156908025676,0.9987469194019974,0.9982054110425271,0.9979131696147954,0.9979460241602717,0.99751408754084,0.9931130334588442,0.9899460052537199,0.9762359143288912,0.9108375895414377,0.736887445913498,0.6552253286489753,0.5649743230090223,0.9628954636283867
0.189,6.995457120612636,0.9890813870430032,0.9987171980449397,0.9997812713436525,0.9999183672498648,0.9987755817412313,0.9982445030541172,0.9979576867400598,0.9979900231431776,0.9975656935347575,0.9932321017883793,0.9901072557729548,0.9765485174254774,0.9116062084824115,0.7381789783599986,0.6565890872010789,0.566291366305203,0.9631000309550364
0.19,7.019032280254779,0.9892525548874791,0.9987463421422189,0.9997874878129388,0.9999209487392586,0.9988034779858738,0.9982825910796225,0.9980010803295927,0.9980329082819684,0.9976160271660799,0.9933486444571561,0.990265283506924,0.9768557659081324,0.9123651450984741,0.7394591537043271,0.6579422306158151,0.5675993167114327,0.9633020211417423
0.191,7.042517515575335,0.9894203591341395,0.9987747120537759,0.9997935043216689,0.9999234389766574,0.998830631396602,0.9983197045970544,0.9980433828748085,0.9980747118581876,0.997665124465199,0.9934627242679074,0.990420164675696,0.977157770977448,0.9131145552977826,0.7407281075533646,0.659284873169091,0.5688982641515057,0.9635014836138257
0.192,7.065913340101524,0.9895848783056655,0.9988023311507694,0.9997993280105889,0.9999258415106379,0.9988570644457017,0.9983558721132695,0.9980846258109911,0.998115465102561,0.997713020313779,0.9935744022379291,0.990571973423948,0.9774546411286507,0.9138545919352892,0.7419859734590177,0.6606171275519208,0.5701882973630681,0.9636984665419415
0.193,7.089220263457886,0.9897461888077401,0.9988292220165395,0.9998049657410004,0.9999281597396523,0.9988827988465478,0.998391121199425,0.9981248395553907,0.9981551982329312,0.9977597484854522,0.9936837376562089,0.9907207818849316,0.9777464822271626,0.9145854048836051,0.7432328829567327,0.6619391048981533,0.5714695039181019,0.9638930168808977
0.194,7.112438791403289,0.9899043649938138,0.9988554064759134,0.9998104241066338,0.9999303969188812,0.9989078555818797,0.9984254785250137,0.9981640535438095,0.9981939404906869,0.9978053416849282,0.9937907881385172,0.9908666602422331,0.9780333975817723,0.9153071411019431,0.7444689656031267,0.6632509148115854,0.5727419702429446,0.9640851804070826
0.195,7.1355694258675095,0.9900594792276487,0.9988809056233194,0.9998157094449768,0.9999325561667498,0.9989322549309217,0.9984589698905394,0.9982022962657416,0.9982317201757512,0.9978498315855816,0.9938956096805447,0.9910096767894108,0.9783154880154978,0.916019944703202,0.7456943490127557,0.6645526653924836,0.574005781637865,0.964275001754548
0.196,7.158612664987407,0.9902116019437252,0.9989057398497594,0.9998208278480873,0.9999346404711289,0.9989560164954047,0.9984916202588897,0.9982395952981288,0.9982685646801931,0.9978932488655867,0.9939982567091605,0.9911498979875918,0.9785928519342262,0.9167239570192476,0.7469091588940482,0.6658444632635279,0.5752610222962045,0.964462524449813
0.197,7.181569003142679,0.9903608017055945,0.9989299288686917,0.999825785172913,0.9999366526952315,0.9989791592245328,0.9985234537854674,0.9982759773377927,0.99830450052052,0.997935623242657,0.9940987821318649,0.9912873885211059,0.9788655853932057,0.9174193166644491,0.7481135190844246,0.6671264135951919,0.5765077753230965,0.9646477909454325
0.198,7.204438930991218,0.9905071452622514,0.9989534917408727,0.9998305870511431,0.9999385955832262,0.9990017014389457,0.9985544938471298,0.9983114682325996,0.9983395533687078,0.9979769835074512,0.9941972373845063,0.9914222113512295,0.9791337821614685,0.9181061595975217,0.7493075515846248,0.668398620130577,0.5777461227537766,0.9648308426523798
0.199,7.227222935504071,0.9906506976026045,0.9989764468982002,0.9998352388986163,0.999940471765578,0.9990236608537164,0.9985847630699896,0.9983460930114123,0.9983737480820237,0.9980173575556991,0.9942936724773322,0.9915544277681119,0.9793975337842531,0.9187846191817314,0.750491376592267,0.6696611852097136,0.5789761455714927,0.9650117199712961
0.2,7.249921500000001,0.9907915220081143,0.9989988121666058,0.9998397459243028,0.9999422837641331,0.9990450546004301,0.998614283356126,0.9983798759128798,0.9984071087316905,0.9980567724191038,0.9943881360394349,0.9916840974409515,0.9796569296434983,0.9194548262435067,0.7516651125346577,0.6709142097933443,0.5801979237250308,0.9651904623226465
0.201,7.272535104179664,0.9909296801036667,0.999020604788034,0.9998441131388862,0.9999440339969592,0.9990658992483824,0.9986430759092527,0.998412840413115,0.9984396586304441,0.9980952542950687,0.9944806753616559,0.9918112784664883,0.9799120570164752,0.920116909129512,0.7528288761008752,0.6721577934862039,0.5814115361458606,0.965367108175828
0.202,7.295064224159403,0.9910652319067498,0.9990418414415505,0.9998483453629586,0.9999457247829548,0.9990862108249352,0.9986711612593856,0.9984450092523066,0.9984714203590298,0.9981328285752995,0.9945713364380081,0.9919360274158732,0.9801630011326207,0.9207709937622233,0.7539827822731408,0.673392034559807,0.5826170607649154,0.9655416950772711
0.203,7.317509332504662,0.9911982358749943,0.9990625382636151,0.9998524472348527,0.9999473583462394,0.999106004835067,0.9986985592865556,0.9984764044603107,0.9985024157916813,0.9981695198733271,0.9946601640056714,0.9920583993799774,0.9804098452286344,0.9214172036940554,0.7551269443575037,0.6746170299747594,0.5838145745290177,0.9657142596775721
0.204,7.339870898263027,0.99132874895214,0.9990827108675567,0.9998564232181248,0.9999489368203341,0.9991252962801513,0.998725289243604,0.9985070473812636,0.9985326661206259,0.9982053520509971,0.9947472015836156,0.9921784480131964,0.9806526706019,0.9220556601600837,0.7562614740138547,0.6758328754026025,0.5850041534169548,0.9658848377576972
0.205,7.3621493869969035,0.9914568266124839,0.999102374362283,0.9998602776087073,0.9999504622521462,0.9991440996759987,0.9987513697781013,0.9985369586972584,0.9985621918796563,0.9982403482439658,0.9948324915099048,0.9922962255758068,0.980891556662285,0.9226864821293992,0.7573864812852829,0.6770396652472042,0.5861858724552166,0.9660534642542912
0.206,7.384345260815822,0.9915825229038695,0.9991215433702593,0.9998640145417447,0.9999519366057638,0.9991624290701899,0.9987768189534245,0.9985661584511224,0.9985910129668081,0.9982745308862461,0.9949160749777297,0.9924117829749253,0.9811265809823781,0.923309786355143,0.7585020746268,0.6782374926657103,0.5873598057334087,0.9662201732841283
0.207,7.40645897840839,0.9917058904892653,0.9991402320447855,0.9998676379981296,0.9999533617660737,0.9991802980587342,0.9988016542690297,0.9985946660683341,0.9986191486661787,0.9983079217338404,0.9949979920702188,0.9925251698041262,0.9813578193462132,0.9239256874232543,0.759608360933443,0.6794264495890631,0.5885260264193397,0.9663849981677342
0.208,7.428490995073892,0.9918269806869879,0.9991584540866038,0.9998711518107529,0.9999547395422099,0.9991977198020794,0.9988258926799518,0.9986225003781145,0.9986466176689248,0.9983405418874985,0.9950782817940718,0.9926364343817603,0.9815853457965332,0.9245342977999725,0.7607054455677744,0.6806066267421009,0.589684606773801,0.966547971452217
0.209,7.450441762753534,0.9919458435096177,0.9991762227598612,0.9998745596704793,0.9999560716708392,0.9992147070405013,0.9988495506155651,0.9986496796337265,0.9986734380934711,0.9983724118146342,0.9951569821120609,0.9927456237880268,0.9818092326806417,0.9251357278781304,0.7617934323867933,0.6817781136632513,0.5908356181650415,0.9667091249333298
0.21,7.47231173006135,0.9920625277016523,0.9991935509074586,0.9998778651318643,0.9999573598192966,0.9992312721088985,0.9988726439976339,0.9986762215320151,0.9986996275049627,0.9984035513704371,0.9952341299744406,0.9928527839008408,0.982029550694891,0.9257300860222716,0.7628724237682749,0.6829409987238224,0.5919791310829463,0.966868489676801
0.211,7.494101342314758,0.9921770807759465,0.9992104509658091,0.9998810716186218,0.9999586055885725,0.9992474269510186,0.9988951882576835,0.9987021432322201,0.9987252029339923,0.9984339798182097,0.9953097613493069,0.9929579594305404,0.9822463689278502,0.9263174786126291,0.763942520636553,0.6840953691469089,0.5931152151529284,0.967026096038954
0.212,7.515811041564792,0.9922895490489794,0.9992269349790298,0.9998841824288562,0.9999598105161644,0.9992631831331378,0.9989171983537187,0.9987274613740887,0.9987501808946315,0.9984637158489619,0.9953839112519457,0.9930611939534753,0.9824597549021985,0.9268980100879962,0.7650038224877553,0.6852413110259165,0.5942439391495399,0.9671819736866486
0.213,7.537441266625992,0.9923999776749917,0.9992430146125946,0.9998872007400688,0.9999609760787956,0.9992785518572181,0.9989386887863168,0.99875219209532,0.9987745774017949,0.9984927776002922,0.9954566137732056,0.9931625299445159,0.9826697746153843,0.9274717829875223,0.7660564274145134,0.6863789093427195,0.5953653710098062,0.9673361516165669
0.214,7.558992453105969,0.9925084106790327,0.9992587011664645,0.9998901296139479,0.999962103695009,0.9992935439735635,0.9989596736141203,0.9987763510483632,0.9987984079879619,0.998521182674584,0.9955279021069324,0.9932620088085224,0.9828764925790936,0.9280388979914648,0.7671004321301528,0.6875082479854564,0.5964795778463006,0.9674886581738629
0.215,7.580465033434651,0.9926148909889574,0.9992740055877232,0.9998929720009556,0.9999631947276428,0.9993081699929951,0.9989801664687552,0.9987999534166015,0.9988216877192861,0.9985489481565444,0.9955978085764988,0.9933596709108101,0.9830799718575626,0.9285994539609271,0.7681359319923808,0.6886294097659755,0.5975866259599512,0.9676395210702122
0.216,7.601859436893204,0.9927194604664075,0.9992889384827321,0.9998957307447175,0.9999642504861933,0.9993224400985663,0.9990001805691953,0.9988230139299412,0.9988444312111117,0.9985760906301101,0.995666364660462,0.9934555556066458,0.983280274104777,0.9291535479766112,0.7691630210264839,0.689742476436936,0.5986865808526007,0.9677887674012711
0.217,7.623176089642641,0.992822159936815,0.9993035101288307,0.9998984085862254,0.9999652722290695,0.9993363641568354,0.999019728735597,0.9988455468798325,0.9988666526429247,0.9986026261947483,0.9957336010173817,0.9935497012698106,0.98347745960059,0.9297012753766127,0.770181791948045,0.6908475287085759,0.5997795072393157,0.9679364236635735
0.218,7.644415414752116,0.9929230292184611,0.9993177304855956,0.999901008167863,0.9999662611657458,0.9993499517287147,0.9990388234026263,0.9988675661337443,0.9988883657727605,0.9986285704811719,0.9957995475098278,0.9936421453202613,0.9836715872857964,0.9302427297932867,0.7711923361851953,0.6919446462651524,0.600865469060456,0.9680825157708842
0.219,7.665577832226917,0.993022107150624,0.999331609205679,0.99990353203726,0.9999672184588179,0.9993632120799144,0.9990574766322959,0.9988890851491132,0.9989095839510869,0.9986539386664968,0.9958642332276072,0.9937329242509215,0.9838627147961965,0.9307780031892091,0.7721947439004099,0.6930339077810651,0.6019445294935093,0.9682270690700309
0.22,7.686663759036145,0.9931194316208461,0.9993451556452442,0.9999059826509846,0.999968145225965,0.9993761541909948,0.9990757001263345,0.9989101169867902,0.9989303201341864,0.9986787454888578,0.9959276865102382,0.9938220736536327,0.984050898495682,0.9313071858922597,0.7731891040118604,0.6941153909366664,0.6030167509646963,0.9683701083562287
0.221,7.707673609140108,0.9932150395913532,0.9993583788740116,0.9999083623780806,0.9999690425418248,0.9993887867670455,0.9990935052381051,0.9989306743240017,0.9989505868970572,0.9987030052615099,0.9959899349686985,0.9939096282442953,0.9842361935083739,0.9318303666298519,0.7741755042143319,0.6951891724337691,0.6040821951603523,0.9685116578879225
0.222,7.728607793517408,0.9933089671246522,0.9993712876849337,0.9999106735034559,0.9999699114397844,0.9994011182470053,0.9991109029840917,0.9989507694668462,0.9989703964458485,0.998726731886429,0.9960510055064735,0.9939956218872266,0.9844186537498458,0.9323476325623313,0.7751540309997201,0.696255328010858,0.6051409230380912,0.9686517414011568
0.223,7.749466720191733,0.9934012494083388,0.9993838906035131,0.9999129182311305,0.9999707529136906,0.999413156812638,0.9991279040549697,0.998970414362344,0.9989897606298533,0.9987499388674355,0.9961109243399292,0.9940800876187632,0.9845983319574583,0.9328590693155691,0.7761247696771143,0.6973139324580109,0.6061929948377545,0.9687903821234976
0.224,7.770250794258374,0.9934919207791392,0.9993961958967772,0.9999150986873485,0.999971567919485,0.999424910397177,0.9991445188262783,0.9989896206100569,0.9990086909530717,0.9987726393228575,0.9961697170180333,0.9941630576701339,0.9847752797198351,0.9333647610127687,0.7770878043924765,0.6983650596315361,0.6072384700921549,0.9689276027875161
0.225,7.790960417910449,0.9935810147462129,0.9994082115819237,0.9999172169235612,0.9999723573767662,0.9994363866936525,0.9991607573687089,0.9990083994732962,0.9990271985853633,0.9987948459977518,0.9962274084414482,0.9942445634896273,0.9849495475055078,0.933864790305511,0.7780432181479309,0.6994087824683373,0.6082774076376157,0.9690634256438528
0.226,7.81159599046484,0.993668564013744,0.9994199454346506,0.9999192749192867,0.999973122170282,0.999447593162914,0.9991766294580253,0.9990267618899321,0.9990452943732052,0.9988165712756976,0.9962840228810175,0.9943246357640787,0.9851211846907533,0.9343592384040571,0.7789910928206665,0.7004451730000039,0.6093098656243119,0.9691978724738783
0.227,7.832157908387865,0.9937546005028417,0.9994314049971824,0.9999212745848521,0.9999738631513581,0.9994585370413599,0.9991921445846303,0.9990447184828237,0.9990629888500693,0.9988378271901823,0.9963395839956671,0.9944033044396998,0.9852902395866523,0.9348481851069289,0.7799315091814669,0.7014743023666412,0.6103359015264198,0.9693309646019604
0.228,7.852646565320666,0.9938391553727743,0.9994425975860047,0.9999232177640225,0.9999745811392614,0.9994692253483863,0.9992073119627917,0.9990622795698801,0.9990802922464341,0.9988586254355929,0.9963941148497418,0.994480598742272,0.9854567594653915,0.9353317088297874,0.7808645469128744,0.7024962408304405,0.6113555721520727,0.9694627229073559
0.229,7.873062352104328,0.9939222590415621,0.9994535302993188,0.9999251062365219,0.9999752769225057,0.9994796648935657,0.9992221405395405,0.9990794551737701,0.9990972144994459,0.9988789773778275,0.9964476379297958,0.9945565471967268,0.9856207905858327,0.9358098866336296,0.7817902846269966,0.7035110577889994,0.6123689336531399,0.9695931678357379
0.23,7.893405656804735,0.9940039412059453,0.9994642100242277,0.9999269417204519,0.9999759512600986,0.9994898622835651,0.9992366390032569,0.9990962550312917,0.9991137652622409,0.9988988940645424,0.9965001751608579,0.9946311776461317,0.9857823782183732,0.936282794252318,0.7827087998829633,0.7045188217883943,0.6133760415348175,0.9697223194103719
0.231,7.9136768647371545,0.9940842308607528,0.9994746434436632,0.9999287258746121,0.9999766048827359,0.999499823928817,0.9992508157919514,0.9991126886024164,0.9991299539129438,0.9989183862350481,0.9965517479221877,0.9947045172701033,0.9859415666691183,0.936750506119466,0.7836201692040459,0.7055196005360148,0.6143769506650483,0.9698501972429522
0.232,7.933876358490567,0.99416315631769,0.9994848370430646,0.9999304603007245,0.9999772384939424,0.9995095560499492,0.9992646791012568,0.9991287650790175,0.9991457895633521,0.9989374643298673,0.9966023770625416,0.9947765926026657,0.9860983993033864,0.937213095394693,0.7845244680944408,0.7065134609131597,0.615371715283768,0.9699768205441114
0.233,7.954004517951737,0.9942407452235628,0.9994947971168189,0.9999321465455704,0.9999778527711647,0.9995190646839849,0.9992782368921395,0.9991444933932982,0.9991612810673207,0.9989561384999661,0.9966520829149645,0.9948474295495732,0.98625291856857,0.9376706339892664,0.7854217710557299,0.7075004689874052,0.6163603890119828,0.9701022081336154
0.234,7.974061720329026,0.9943170245779601,0.9995045297744718,0.9999337861030386,0.9999784483668159,0.9995283556903214,0.9992914968983425,0.9991598822259281,0.9991764370288563,0.9989744186156739,0.9967008853111241,0.9949170534051142,0.9864051660163689,0.9381231925911485,0.7863121516030226,0.7084806900247488,0.6173430248606833,0.9702263784502484
0.235,7.9940483401759534,0.994392020750411,0.9995140409467168,0.9999353804160933,0.9999790259092762,0.9995374347564966,0.9993044666335699,0.9991749400138996,0.9991912658099331,0.9989923142752994,0.9967488035952025,0.9949854888684149,0.986555182324417,0.9385708406894622,0.7871956822807883,0.709454188501531,0.6183196752395975,0.9703493495614085
0.236,8.013964749414521,0.9944657594970324,0.9995233363911743,0.9999369308786616,0.9999795860038501,0.9995463074037505,0.999317153398421,0.9991896749581156,0.9992057755380409,0.9990098348134577,0.9967958566373611,0.9950527600592579,0.9867030073173211,0.9390136465983918,0.7880724346783845,0.7104210281161447,0.6192903919657872,0.970471139172415
0.237,8.03381131735827,0.9945382659766872,0.9995324216979646,0.9999384388374459,0.9999801292336823,0.9995549789923903,0.9993295642870861,0.9992040950307173,0.9992199741134746,0.9990269893091159,0.9968420628467931,0.995118890533432,0.9868486799871284,0.9394516774805353,0.7889424794452913,0.7113812718005325,0.6202552262720907,0.970591764635542
0.238,8.053588410735124,0.9946095647666651,0.9995413022950864,0.9999399055936644,0.9999806561606353,0.9995634547269664,0.9993417061938111,0.9992182079821629,0.9992338692163747,0.9990437865933697,0.9968874401843761,0.9951839032976294,0.9869922385132405,0.9398849993697178,0.7898058863060522,0.7123349817314781,0.6212142288154145,0.9707112429587844
0.239,8.07329639370996,0.9946796798779053,0.9995499834536056,0.9999413324047223,0.9999811673261296,0.9995717396612662,0.9993535858191408,0.9992320213480655,0.9992474683135295,0.99906023525696,0.9969320061749407,0.995247820823903,0.9871337202817909,0.9403136771932865,0.7906627240749368,0.7132822193416987,0.6221674496848805,0.9708295908143694
0.24,8.092935627906979,0.9947486347697732,0.9995584702926628,0.9999427204858161,0.9999816632519479,0.9995798387031342,0.9993652096759471,0.9992455424558,0.9992607786649456,0.9990763436575396,0.9969757779191654,0.9953106650637011,0.9872731619045028,0.9407377747938956,0.7915130606703218,0.7142230453307367,0.6231149384098259,0.970946824547017
0.241,8.112506472431805,0.9948164523644063,0.9995667677843071,0.9999440710114754,0.9999821444410054,0.9995877566191212,0.9993765840952529,0.9992587784308861,0.9992738073301972,0.9990921199266973,0.9970187721051119,0.9953724574614905,0.98741059923704,0.941157354950798,0.7923569631288062,0.7151575196756637,0.6240567439676676,0.9710629601819624
0.242,8.132009283893396,0.9948831550606446,0.9995748807581605,0.9999453851170435,0.9999826113780881,0.9995954980389755,0.9993877152318574,0.9992717362031575,0.9992865611745619,0.9991075719767507,0.9970610050194132,0.9954332189679821,0.9875460673968696,0.9415724794006525,0.7931944976190575,0.71608570164159,0.6249929147916253,0.9711780134327445
0.243,8.15144441642568,0.9949487647475561,0.9995828139059217,0.9999466639000997,0.9999830645305593,0.999603067459974,0.9993986090697706,0.9992844225127243,0.9992990468749491,0.9991227075073138,0.9971024925581234,0.9954929700529728,0.9876796007806483,0.9419832088578647,0.794025729455404,0.7170076497919953,0.6259234987783107,0.9712919997087718
0.244,8.170812221709008,0.9950133028175732,0.9995905717857139,0.9999479084218263,0.9999835043490376,0.9996104692511067,0.999409271427464,0.9992968439157346,0.9993112709256311,0.9991375340116494,0.9971432502372437,0.9955517307178148,0.9878112330811484,0.9423896030344674,0.7948507231111691,0.7179234219988739,0.6268485432951871,0.9714049341226687
0.245,8.190113048991355,0.9950767901792499,0.9995981588262826,0.9999491197083221,0.9999839312680454,0.9996177076571153,0.9994197079629444,0.9993090067899462,0.9993232396437827,0.9991520587828124,0.9971832932029329,0.9956095205075246,0.9879409973037349,0.9427917206595573,0.7956695422317637,0.7188330754527075,0.6277680951878999,0.9715168314974149
0.246,8.209347245109322,0.9951392472696545,0.9996055793310499,0.9999502987518643,0.9999843457066314,0.9996247868023933,0.9994299241786576,0.9993209173401106,0.9993349591748367,0.9991662889195925,0.9972226362414135,0.9956663585225435,0.9880689257824093,0.943189619498296,0.7964822496475306,0.7197366666722593,0.6286822007874784,0.9716277063732782
0.247,8.228515154508903,0.9952006940664069,0.9996128374820292,0.9999514465121215,0.999984748068967,0.9996317106947518,0.999439925426227,0.9993325816031815,0.9993464354976609,0.9991802313322627,0.9972612937885846,0.9957222634301596,0.9881950501954316,0.9435833563704886,0.7972889073863587,0.7206342515142059,0.629590905917419,0.9717375730145539
0.248,8.247617119266057,0.9952611500993729,0.9996199373436073,0.9999525639173215,0.999985138744917,0.9996384832290575,0.9994497169110346,0.9993440054533488,0.9993576744295651,0.9991938927481419,0.9972992799393482,0.9957772534756044,0.988319401580532,0.9439729871687488,0.7980895766860596,0.721525885182595,0.6304942559006427,0.9718464454161118
0.249,8.26665347910704,0.9953206344620262,0.9996268828661965,0.9999536518653702,0.9999855181105888,0.9996451081907464,0.9994593036966499,0.9993551946069077,0.9993686816311422,0.9992072797169758,0.9973366084566615,0.9958313464928309,0.9884420103497261,0.9443585668762626,0.7988843180065225,0.7224116222381478,0.6313922955663398,0.9719543373097607
0.25,8.285624571428572,0.9953791658224894,0.9996336778897639,0.999954711224932,0.9999858865288571,0.9996515892592172,0.9994686907091106,0.9993661546269691,0.9993794626109501,0.9992203986161451,0.9973732927803224,0.9958845599149864,0.9885629063037448,0.9447401495841599,0.7996731910416437,0.7232915166073977,0.6322850692566928,0.9720612621704335
0.251,8.30453073131774,0.9954367624342615,0.9996403261472405,0.9999557428364648,0.9999862443498678,0.9996579300111108,0.9994778827410621,0.9993768909280134,0.9993900227300412,0.9992332556557054,0.9974093460354965,0.9959369107845871,0.9886821186460879,0.945117788508503,0.8004562547310431,0.7241656215916741,0.6331726208334937,0.9721672332222002
0.252,8.323372291571756,0.9954934421466448,0.9996468312678161,0.9999567475132182,0.9999865919115217,0.999664133923479,0.9994868844557612,0.9993874087802982,0.9994003672063423,0.9992458568832655,0.9974447810409949,0.9959884157634064,0.9887996759967153,0.945491536006904,0.8012335672715636,0.7250339898759341,0.6340549936846418,0.9722722634441158
0.253,8.342149582717454,0.9955492224148784,0.9996531967801221,0.9999577260421919,0.999986929539938,0.9996702043768452,0.9994957003909469,0.9993977133141206,0.9994105011188937,0.9992582081887086,0.9974796103173106,0.9960390911420828,0.9889156064053847,0.9458614435947775,0.802005186128568,0.7258966735374455,0.6349322307305404,0.9723763655759029
0.254,8.36086293303065,0.9956041203099885,0.9996594261153096,0.9999586791850583,0.9999872575498984,0.999676144658164,0.9995043349625854,0.999407809523943,0.9994204294119486,0.9992703153087639,0.9975138460944212,0.9960889528494585,0.9890299373646453,0.9462275619612398,0.8027711680470283,0.726753724054319,0.6358043744303825,0.9724795521234814
0.255,8.379512668555241,0.9956581525283632,0.9996655226100222,0.9999596076790506,0.9999875762452747,0.9996819579636803,0.9995127924684912,0.9994177022723835,0.9994301568989418,0.9992821838314322,0.9975475003193641,0.9961380164616566,0.9891426958224994,0.9465899409846622,0.803531569062419,0.7276051923139029,0.6366714667883353,0.9725818353643445
0.256,8.398099113122173,0.9957113354010618,0.9996714895092715,0.9999605122378156,0.9999878859194379,0.9996876474016938,0.9995210770918315,0.9994273962940794,0.9994396882663278,0.9992938192002706,0.9975805846635946,0.9961862972109036,0.989253908194739,0.9469486297478876,0.8042864445114132,0.7284511286210309,0.6375335493596186,0.9726832273527892
0.257,8.416622588368154,0.9957636849028655,0.9996773299692164,0.9999613935522366,0.9999881868556506,0.9996932159952308,0.9995291929045161,0.9994368961994253,0.9994490280772985,0.999305226718542,0.9976131105301297,0.9962338099941072,0.9893636003769688,0.9473036765531186,0.8050358490423901,0.7292915827061375,0.6383906632564889,0.9727837399250027
0.258,8.43508341375423,0.9958152166610774,0.99968304705985,0.9999622522912237,0.9999884793274452,0.9996986666846281,0.9995371438704774,0.9994462064781924,0.9994581807753783,0.9993164115532338,0.997645089060488,0.9962805693811949,0.9894717977563225,0.9476551289364842,0.8057798366257535,0.7301266037332335,0.6392428491541196,0.9728833847040136
0.259,8.45348190658413,0.9958659459640811,0.9996886437675978,0.999963089102475,0.9999887635989848,0.9997040023300306,0.9995449338488442,0.9994553315030307,0.9994671506879065,0.9993273787389497,0.9976765311414298,0.9963265896232222,0.9895785252228835,0.9480030336822947,0.8065184605640705,0.7309562403077527,0.6400901472963907,0.9729821731045073
0.26,8.471818382022475,0.9959158877696622,0.999694122997831,0.9999639046132093,0.9999890399254114,0.9997092257138069,0.9995525665970139,0.999464275532861,0.9994759420294074,0.9993381331816795,0.9977074474115053,0.9963718846602565,0.9896838071808152,0.9483474368369905,0.8072517735020273,0.7317805404842658,0.6409325975015787,0.9730801163375131
0.261,8.490093153112731,0.9959650567131043,0.9996994875772962,0.9999646994308713,0.9999893085531797,0.999714339542885,0.9995600457736249,0.9994730427161581,0.9994845589048533,0.9993486796624516,0.9977378482674149,0.9964164681290442,0.9897876675592123,0.9486883837227947,0.8079798274362131,0.7325995517740691,0.6417702391679602,0.9731772254149663
0.262,8.508306530795075,0.9960134671150608,0.9997047402564658,0.9999654741438114,0.9999895697203769,0.9997193464510119,0.9995673749414352,0.9994816370941307,0.9994930053128246,0.99935902284087,0.9977677438701901,0.9964603533704669,0.9898901298226785,0.9490259189510732,0.8087026737247305,0.7334133211526475,0.6426031112793194,0.9732735111541472
0.263,8.52645882392398,0.9960611329892148,0.9997098837118124,0.9999662293219388,0.9999898236570309,0.999724249000939,0.9995745575701076,0.9994900626038002,0.999501285148569,0.9993691672585436,0.9977971441511984,0.996503553436794,0.9899912169816399,0.9493600864354133,0.8094203630966377,0.7342218950670152,0.6434312524103725,0.9733689841820042
0.264,8.544550339285715,0.9961080680497295,0.9997149205480075,0.9999669655173516,0.999990070585406,0.9997290496865358,0.9995815970389071,0.9994983230809832,0.9995094022069646,0.9993791173424068,0.9978260588179785,0.9965460810987365,0.9900909516024,0.9496909294044236,0.8101329456612265,0.7350253194429366,0.6442547007320999,0.973463654939361
0.265,8.5625813816156,0.9961542857184971,0.9997198533000506,0.9999676832649438,0.9999903107202863,0.9997337509348354,0.9995884966393126,0.9995064222631791,0.9995173601853904,0.9993888774079388,0.9978544973599119,0.9965879488523102,0.9901893558169444,0.9500184904142661,0.8108404709171392,0.7358236396920291,0.6450734940169984,0.9735575336850141
0.266,8.58055225361513,0.9961997991321919,0.9997246844353278,0.9999683830829885,0.9999905442692487,0.9997383551080135,0.9995952595775449,0.9995143637923688,0.9995251626865056,0.9993984516622834,0.9978824690537339,0.9966291689255102,0.9902864513325028,0.9503428113609235,0.8115429877613254,0.7366169007187509,0.6458876696442444,0.9736506304997223
0.267,8.598463255968907,0.9962446211491341,0.9997294163556049,0.9999690654737019,0.999990771432925,0.9997428645053029,0.9996018889770163,0.9995221512177251,0.9995328132209425,0.9994078442072725,0.9979099829688912,0.9966697532848078,0.9903822594408727,0.9506639334922088,0.8122405444978474,0.7374051469272762,0.6466972646047809,0.9737429552900929
0.268,8.61631468736142,0.9962887643559679,0.9997340513989553,0.9999697309237843,0.9999909924052539,0.999747281364847,0.9996083878807023,0.9995297879982384,0.9995403152099158,0.9994170590423569,0.9979370479727493,0.9967097136414692,0.9904768010275142,0.950981897419525,0.8129331888465297,0.738188422228258,0.6475023155063194,0.9738345177923641
0.269,8.634106844493637,0.9963322410741624,0.9997385918416277,0.9999703799049436,0.9999912073737224,0.9997516078654931,0.9996147592534382,0.9995372775052619,0.9995476719877505,0.9994261000674484,0.9979636727356548,0.9967490614577065,0.99057009658042,0.951296743129379,0.8136209679514632,0.738966770045483,0.6483028585782663,0.9739253275760946
0.27,8.65184002209945,0.9963750633663376,0.9997430398998518,0.9999710128743982,0.9999914165195991,0.9997558461285281,0.9996210059841454,0.9995446230249765,0.9995548868043308,0.9994349710856735,0.9979898657358576,0.9967878079526614,0.9906621661987675,0.9516085099946556,0.8143039283893615,0.7397402333224199,0.6490989296765696,0.974015394047752
0.271,8.66951451296194,0.9964172430424233,0.9997473977315877,0.999971630275362,0.9999916200181573,0.9997599982193589,0.9996271308879865,0.9995518277607813,0.9995619628274739,0.9994436758060452,0.9980156352642963,0.9968259641082312,0.9907530296013599,0.9519172367856598,0.814982116177776,0.7405088545286638,0.6498905642884923,0.9741047264542128
0.272,8.687130607929516,0.996458791665653,0.9997516674382195,0.9999722325375123,0.9999918180388901,0.9997640661491397,0.9996331367084544,0.999558894835609,0.9995689031452307,0.9994522178460524,0.9980409894292509,0.9968635406747369,0.9908427061348604,0.952222961680927,0.8156555767831688,0.7412726756662728,0.6506777975373088,0.9741933338861721
0.273,8.704688595931831,0.9964997205584002,0.9997558510661946,0.9999728200774409,0.9999920107457171,0.9997680518763462,0.9996390261193961,0.999565827294171,0.9995757107681154,0.999460600734172,0.9980659361608687,0.9969005481764426,0.9909312147818256,0.9525257222778156,0.8163243551288513,0.7420317382760127,0.651460664186931,0.9742812252814654
0.274,8.72218876399561,0.9965400408078606,0.9997599506086111,0.999973393299088,0.999992198297183,0.9997719573083012,0.999644801726974,0.9995726281051335,0.9995823886312664,0.9994688279123045,0.9980904832155644,0.9969369969169263,0.9910185741685449,0.9528255556028765,0.8169884956027849,0.7427860834434934,0.6522391986464602,0.9743684094283079
0.275,8.739631397260274,0.9965797632715844,0.999763968006756,0.999973952594161,0.9999923808466485,0.9997757843026509,0.9996504660715662,0.9995793001632273,0.9995889395965423,0.9994769027381366,0.9981146381803003,0.996972896984311,0.9911048025726891,0.9531224981220143,0.8176480420652539,0.7435357518052155,0.6530134349746715,0.9744548949684483
0.276,8.757016778993439,0.9966188985828633,0.9997679051515933,0.9999744983425395,0.9999925585424747,0.9997795346687957,0.9996560216296088,0.9995858462912929,0.9995953664545523,0.9994848284874333,0.9981384084767503,0.9970082582563556,0.9911899179307747,0.9534165857504381,0.8183030378564049,0.7442807835545167,0.6537834068844257,0.9745406904002475
0.277,8.774345190606226,0.996657457155977,0.9997717638852067,0.9999750309126636,0.9999927315281992,0.9997832101692745,0.9996614708153818,0.9995922692422641,0.9996016719266263,0.9994926083562607,0.9981618013653485,0.9970430904054131,0.9912739378454486,0.953707853862411,0.8189535258036625,0.7450212184474282,0.6545491477470198,0.9746258040816763
0.278,8.791616911668486,0.9966954491913019,0.9997755460021968,0.9999755506619107,0.9999928999427066,0.999786812521107,0.9996668159827394,0.9995985717010915,0.9996078586667245,0.999500245463144,0.9981848239492297,0.9970774029032576,0.9913568795925971,0.9539963373008002,0.8195995482290201,0.7457570958084359,0.6553106905964614,0.9747102442332422
0.279,8.808832219923788,0.9967328846802883,0.9997792532510338,0.9999760579369567,0.9999930639203917,0.9997903433970934,0.9996720594267885,0.9996047562866068,0.9996139292632897,0.9995077428511586,0.9982074831780624,0.9971112050257869,0.9914387601282857,0.9542820703864353,0.8202411469562079,0.7464884545361554,0.6560680681336895,0.9747940189408376
0.28,8.82599139130435,0.9967697734103066,0.9997828873353696,0.9999765530741264,0.9999932235913173,0.9997938044270728,0.9996772033855152,0.9996108255533329,0.9996198862410427,0.9995151034899625,0.998229785851778,0.9971445058575996,0.9915195960955323,0.9545650869272747,0.8208783633177421,0.7472153331089151,0.6568213127307203,0.9748771361585236
0.281,8.843094699945741,0.9968061249693694,0.9997864499153074,0.9999770363997305,0.9999933790813653,0.999797197199144,0.9996822500413627,0.9996167819932376,0.999625732062725,0.9995223302777662,0.9982517386241997,0.9971773142964558,0.9915994038309197,0.9548454202273904,0.8215112381618578,0.7479377695902549,0.6575704564347398,0.9749596037112397
0.282,8.860142418201518,0.9968419487507314,0.9997899426086335,0.9999775082303902,0.9999935305123832,0.999800523260847,0.9996872015227606,0.999622628037436,0.9996314691307888,0.999529426043245,0.9982733480065739,0.9972096390576201,0.9916781993710501,0.9551231030957692,0.8221398118593253,0.7486558016343381,0.6583155309721274,0.9750414292974504
0.283,8.877134816657653,0.9968772539573703,0.9997933669920098,0.9999779688733524,0.9999936780023232,0.9998037841203087,0.9996920599056088,0.999628366057842,0.9996370997890355,0.9995363935473958,0.9982946203710069,0.9972414886780925,0.9917559984588478,0.9553981678549395,0.8227641243101552,0.749369466491281,0.6590565677524227,0.9751226204917256
0.284,8.894072164146868,0.9969120496063535,0.9997967246021302,0.9999784186267914,0.9999938216653784,0.9998069812473528,0.9996968272147163,0.9996339983687702,0.999642626324207,0.9995432354853387,0.9983155619538099,0.9972728715207314,0.9918328165497123,0.9556706463494249,0.8233842149501923,0.7500788010123991,0.6597935978722331,0.9752031847472569
0.285,8.910954727762803,0.9969463445330924,0.9998000169368413,0.9999788577801015,0.9999939616121124,0.9998101160745756,0.9997015054251964,0.9996395272284901,0.999648050967528,0.999549954488066,0.9983361788587544,0.9973037957782683,0.9919086688175267,0.9559405699540288,0.824000122757601,0.7507838416553738,0.6605266521190816,0.9752831293983149
0.286,8.927782772874059,0.9969801473954885,0.9998032454562289,0.9999792866141796,0.9999940979495842,0.9998131899983892,0.999706096463821,0.9996449548407348,0.9996533758962034,0.9995565531241405,0.9983564770602413,0.9973342694772214,0.9919835701605243,0.9562079695819545,0.8246118862592451,0.7514846244893387,0.6612557609751966,0.9753624616626446
0.287,8.944556563138098,0.9970134666779733,0.9998064115836706,0.999979705401697,0.9999942307814691,0.9998162043800323,0.9997106022103336,0.9996502833561646,0.9996586032348718,0.9995630339013437,0.9983764624063861,0.9973643004817074,0.9920575352070188,0.9564728756927652,0.8252195435369624,0.7521811851998897,0.6619809546212484,0.9754411886438066
0.288,8.961276360515022,0.9970463106954468,0.9998095167068574,0.9999801144073625,0.9999943602081748,0.9998191605465496,0.9997150244987236,0.9996555148737877,0.9996637350570143,0.9995693992682767,0.9983961406220224,0.9973938964971572,0.9921305783209996,0.9567353183001841,0.8258231322337373,0.7528735590940174,0.662702262940028,0.9755193173334545
0.289,8.9779424252812,0.9970786875971147,0.9998125621787831,0.9999805138881761,0.9999944863269528,0.999822059791743,0.9997193651184629,0.9996606514423393,0.9996687733863246,0.9995756516159151,0.9984155173116259,0.9974230650739357,0.992202713607597,0.9569953269797439,0.8264226895597736,0.7535617811049642,0.6634197155200721,0.9755968546135686
0.29,8.994555016042781,0.9971106053702299,0.9998155493187046,0.9999809040936745,0.9999946092320064,0.9998249033770921,0.9997236258157048,0.9996656950616197,0.999673720198036,0.9995817932791178,0.9984345979621617,0.997451813610871,0.9922739549184204,0.9572529308762827,0.8270182522984681,0.7542458857970097,0.664133341659235,0.9756738072586266
0.291,9.011114389749066,0.9971420718437392,0.9998184794130723,0.9999812852661667,0.9999947290145945,0.9998276925326478,0.9997278082944495,0.9996706476837943,0.9996785774202113,0.9995878265380936,0.9984533879458571,0.9974801493586929,0.9923443158567726,0.9575081587112947,0.8276098568122874,0.7549259073701818,0.6648431703682085,0.9757501819377262
0.292,9.027620801705758,0.9971730946918385,0.9998213537164334,0.9999816576409638,0.9999948457631312,0.9998304284578985,0.9997319142176724,0.9996755112146543,0.9996833469349946,0.9995937536198252,0.9984718925229016,0.9975080794233853,0.9924138097827435,0.9577610387901362,0.8281975390485502,0.7556018796648978,0.6655492303739902,0.9758259852166613
0.293,9.04407450558808,0.9972036814374389,0.9998241734523068,0.9999820214465986,0.9999949595632824,0.9998331123226109,0.9997359452084223,0.9996802875148417,0.9996880305798269,0.9995995766994517,0.9984901168440761,0.9975356107694536,0.9924824498181865,0.9580115990090914,0.8287813345451172,0.7562738361665344,0.6662515501232994,0.9759012235599406
0.294,9.060475753453773,0.9972338394555464,0.999826939814033,0.9999823769050399,0.999995070498058,0.999835745267644,0.999739902850885,0.9996849784010392,0.9996926301486254,0.9996052979016131,0.9985080659533143,0.9975627502231108,0.9925502488515796,0.9582598668622997,0.8293612784359884,0.7569418100099317,0.6669501577859476,0.9759759033327684
0.295,9.07682479575597,0.9972635759765571,0.9998296539655979,0.9999827242318968,0.9999951786479021,0.9998383284057404,0.9997437886914167,0.999689585647124,0.99969714739293,0.9996109193017553,0.9985257447901974,0.9975895044753824,0.9926172195427768,0.9585058694485498,0.8299374054568112,0.7576058339838255,0.6676450812581546,0.9760500308029703
0.296,9.093121881355934,0.9972928980894703,0.9998323170424311,0.9999830636366196,0.9999952840907784,0.9998408628222932,0.9997476042395477,0.99969411098529,0.9997015840230155,0.9996164429273982,0.9985431581923838,0.9976158800851348,0.9926833743276483,0.958749633477941,0.8305097499503011,0.7582659405352195,0.6683363481658219,0.9761236121428801
0.297,9.109367257535697,0.9973218127450226,0.999834930152183,0.9999833953226903,0.999995386902254,0.9998433495760893,0.999751350968956,0.9996985561071372,0.9997059417089721,0.9996218707593685,0.9985603108979765,0.9976418834820274,0.9927487254226166,0.9589911852784163,0.8310783458715756,0.7589221617736855,0.6690239858677558,0.9761966534311809
0.298,9.125561170010561,0.9973503267587437,0.999837494375476,0.9999837194878093,0.9999954871555784,0.9998457897000321,0.9997550303184133,0.999702922664729,0.9997102220817558,0.9996272047329967,0.9985772075478291,0.9976675209693922,0.9928132848290885,0.9592305508021697,0.8316432267934029,0.7595745294756054,0.6697080214588449,0.9762691606547025
0.299,9.141703862941487,0.9973784468139376,0.9998400107666345,0.9999840363240746,0.9999955849217618,0.9998481842018411,0.9997586436927033,0.9997072122716205,0.9997144267342067,0.9996324467392812,0.9985938526877931,0.9976927987270401,0.9928770643377869,0.9594677556319299,0.8322044259113678,0.760223075088347,0.670388481773192,0.9763411397101772
0.3,9.15779557894737,0.9974061794645901,0.9998424803543945,0.9999843460181551,0.9999956802696487,0.9998505340647321,0.9997621924635134,0.9997114265038566,0.9997185572220404,0.9996375986260191,0.9986102507709073,0.9977177228140004,0.992940075532984,0.9597028249871242,0.8327619760489571,0.7608678297343798,0.6710653933872025,0.9764125964059586
0.301,9.173836559117184,0.9974335311382047,0.9998449041425901,0.9999846487514584,0.99999577326599,0.999852840248077,0.9997656779703015,0.9997155669009418,0.999722615064809,0.9996426621989052,0.9986264061595305,0.9977422991711903,0.9930023297966393,0.9599357837299235,0.8333159096625617,0.7615088242153288,0.6717387826226267,0.9764835364636968
0.302,9.189827043022037,0.9974605081385696,0.9998472831108216,0.9999849447002929,0.999995863975512,0.9998551036880435,0.9997691015211364,0.9997196349667831,0.9997266017468363,0.9996476392226012,0.9986423231274215,0.9977665336240196,0.9930638383124436,0.960166656371173,0.8338662588464036,0.7621460890159701,0.6724086755495609,0.9765539655199769
0.303,9.205767268727083,0.997487116648457,0.9998496182151033,0.9999852340360239,0.9999959524609834,0.9998573252982167,0.999772464393516,0.9997236321706049,0.9997305187181259,0.999652531421774,0.9986580058617646,0.9977904318849318,0.9931246120697735,0.9603954670762098,0.8344130553373832,0.7627796543081671,0.673075097989404,0.9766238891279222
0.304,9.221657472803349,0.9975133627322565,0.9998519103884921,0.9999855169252257,0.999996038783279,0.9998595059702025,0.9997757678351601,0.9997275599478397,0.9997343673952438,0.9996573404821051,0.9986734584651443,0.9978139995558823,0.9931846618675555,0.960622239670569,0.8349563305198512,0.763409549954748,0.6737380755177746,0.9766933127587579
0.305,9.237497890339426,0.9975392523385448,0.999854160541698,0.9999857935298276,0.9999961230014428,0.9998616465742126,0.9997790130647828,0.9997314197009919,0.9997381491621755,0.9996620680512728,0.9986886849574704,0.9978372421307564,0.9932439983180449,0.9608469976455837,0.8354961154303066,0.7640358055133301,0.6743976334673851,0.9767622418033418
0.306,9.253288754953077,0.9975647913025929,0.9998563695636774,0.9999860640072558,0.9999962051727468,0.9998637479596336,0.9997822012728409,0.9997352128004791,0.9997418653711596,0.9996667157399067,0.9987036892778539,0.9978601649977281,0.9933026318505199,0.9610697641638776,0.8360324407620204,0.7646584502400837,0.6750537969308761,0.9768306815736588
0.307,9.269030298802708,0.997589985348813,0.9998585383222081,0.9999863285105696,0.9999962853527495,0.9998658109555786,0.9997853336222625,0.9997389405854479,0.9997455173434977,0.9996712851225159,0.998718475286436,0.9978827734415618,0.9933605727148939,0.9612905620647548,0.8365653368695896,0.7652775130934458,0.6757065907636117,0.9768986373042848
0.308,9.284722752598753,0.9976148400931466,0.9998606676644485,0.9999865871885945,0.9999963635953514,0.9998678363714231,0.9997884112491542,0.999742604364569,0.9997491063703416,0.9996757777383913,0.998733046766171,0.9979050726458581,0.9934178309852467,0.9615094138694884,0.8370948337734169,0.765893022737777,0.6763560395864344,0.9769661141538135
0.309,9.300366345614947,0.9976393610453944,0.9998627584174803,0.9999868401860498,0.9999964399528485,0.9998698249973255,0.9997914352634886,0.9997462054168084,0.9997526337134587,0.9996801950924837,0.9987474074245649,0.9979270676952453,0.993474416563279,0.9617263417865095,0.8376209611641251,0.7665050075469667,0.6770021677883837,0.9770331172062566
0.31,9.315961305699483,0.9976635536114914,0.9998648113888354,0.999987087643673,0.9999965144759848,0.9998717776047328,0.9997944067497727,0.9997497449921777,0.9997561006059759,0.9996845386562574,0.9987615608953699,0.9979487635775177,0.9935303391816889,0.9619413677165,0.8381437484069008,0.767113495607986,0.6776449995293736,0.9770996514724078
0.311,9.331507859286084,0.9976874230957267,0.9998668273670084,0.9999873296983385,0.999996587214002,0.9998736949468711,0.9997973267676976,0.9997532243124642,0.9997595082531023,0.9996888098685205,0.9987755107402375,0.9979701651857232,0.9935856084074752,0.9621545132573889,0.8386632245457717,0.7677185147243897,0.678284558742837,0.9771657218911812
0.312,9.34700623140496,0.9977109747029109,0.999868807121953,0.999987566483175,0.9999966582146876,0.9998755777592223,0.9998001963527687,0.9997566445719395,0.9997628578328335,0.9996930101362329,0.9987892604503293,0.9979912773201998,0.993640233645168,0.9623657997092578,0.8391794183078196,0.7683200924197686,0.67892086913833,0.9772313333309177
0.313,9.362456645693658,0.997734213540492,0.9998707514055661,0.9999877981276765,0.9999967275244225,0.9998774267599877,0.9998030165169206,0.9997600069380497,0.9997661504966341,0.9996971408352917,0.9988028134478896,0.998012104690564,0.9936942241399878,0.9625752480791534,0.8396923581073266,0.7689182559411504,0.6795539542041031,0.9772964905906628
0.314,9.377859324407828,0.99775714462062,0.9998726609521563,0.9999880247578108,0.9999967951882248,0.9998792426505373,0.9998057882491126,0.9997633125520863,0.9997693873701032,0.9997012033112959,0.9988161730877773,0.9980326519176517,0.9937475889809361,0.9627828790858115,0.8402020720498596,0.7695130322623542,0.6801838372096349,0.9773611984014182
0.315,9.393214488431878,0.997779772862165,0.9998745364789,0.9999882464961254,0.9999968612497946,0.9998810261158474,0.9998085125159094,0.999766562529838,0.999772569553621,0.9997051988802899,0.9988293426589608,0.9980529235354122,0.9938003371038185,0.9629887131642947,0.8407085879362924,0.7701044480872969,0.6808105412081328,0.9774254614273644
0.316,9.40852235728953,0.9978021030926844,0.9998763786862849,0.9999884634618482,0.9999969257515547,0.9998827778249246,0.9998111902620443,0.9997697579622254,0.9997756981229773,0.9997091288294874,0.9988423253859771,0.998072923992758,0.9938524772942019,0.9631927704705426,0.841211933266765,0.7706925298532498,0.6814340890389969,0.9774892842670561
0.317,9.423783149154282,0.9978241400503465,0.9998781882585397,0.9999886757709864,0.9999969887346924,0.9998844984312193,0.9998138224109684,0.9997728999159184,0.9997787741299828,0.9997129944179751,0.9988551244303522,0.9980926576553706,0.9939040181903076,0.9633950708858409,0.8417121352445853,0.771277303734054,0.6820545033302541,0.9775526714545967
0.318,9.438997080859776,0.997845888385808,0.9998799658640527,0.9999888835364212,0.9999970502391979,0.9998861885730257,0.9998164098653824,0.9997759894339358,0.9997817986030649,0.9997167968773988,0.9988677428919903,0.9981121288074624,0.9939549682858414,0.9635956340212061,0.8422092207800697,0.7718587956432847,0.6826718065009558,0.9776156274607792
0.319,9.454164367910067,0.9978673526640467,0.9998817121557787,0.9999890868680005,0.9999971103039023,0.9998878488738718,0.999818953507757,0.9997790275362294,0.9997847725478453,0.9997205374126291,0.9988801838105265,0.998131341653499,0.9940053359327632,0.9637944792216917,0.8427032164943266,0.7724370312373763,0.683286020763544,0.9776781566942117
0.32,9.469285224489797,0.9978885373661525,0.9998834277716335,0.9999892858726274,0.9999971689665141,0.9998894799428982,0.9998214542008349,0.9997820152202528,0.9997876969477034,0.9997242172024114,0.9988924501666471,0.9981503003198796,0.9940551293439965,0.9639916255706151,0.8431941487229822,0.7730120359186985,0.6838971681261872,0.9777402635024112
0.321,9.484359863474275,0.997909446891076,0.9998851133348781,0.9999894806543475,0.9999972262636547,0.999891082375226,0.9998239127881234,0.9997849534615132,0.999790572764324,0.9997278373999972,0.9989045448833787,0.998169008856578,0.9941043565960797,0.9641870918937075,0.8436820435198521,0.7735838348385926,0.6845052703950802,0.9778019521728794
0.322,9.499388496439472,0.9979300855573366,0.9998867694544921,0.9999896713144313,0.9999972822308927,0.9998926567523142,0.9998263300943703,0.9997878432141094,0.9997934009382301,0.9997313991337585,0.9989164708273447,0.9981874712387455,0.9941530256317603,0.9643808967631889,0.8441669266605542,0.7741524529003635,0.6851103491767192,0.9778632269341527
0.323,9.514371333671916,0.9979504576046911,0.9998883967255364,0.9999898579514565,0.9999973369027759,0.9998942036423079,0.9998287069260279,0.9997906854112555,0.9997961823893008,0.9997349035077876,0.9989282308099925,0.9982056913682766,0.9942011442625345,0.9645730585017684,0.8446488236460721,0.7747179147622308,0.68571242588014,0.9779240919568318
0.324,9.5293085841785,0.9979705671957632,0.9998899957295062,0.9999900406613851,0.9999973903128643,0.9998957236003759,0.9998310440717052,0.9997934809657895,0.9997989180172766,0.9997383516024789,0.9989398275887903,0.9982236730753378,0.9942487201711313,0.9647635951865734,0.8451277597062609,0.775280244840238,0.6863115217191316,0.9779845513545872
0.325,9.544200455696204,0.9979904184176358,0.9998915670346736,0.9999902195376404,0.9999974424937602,0.9998972171690397,0.9998333423026068,0.9997962307706693,0.9998016087022497,0.9997417444750963,0.9989512638683955,0.9982414201198605,0.9942957609139448,0.9649525246530065,0.8456037598033044,0.7758394673111214,0.6869076577144159,0.9780446091851466
0.326,9.55904715470172,0.9980100152834065,0.9998931111964214,0.9999903946711798,0.9999974934771382,0.9998986848784926,0.9998356023729599,0.9997989356994549,0.999804255305142,0.9997450831603261,0.9989625423017949,0.9982589361930002,0.9943422739234142,0.9651398644985344,0.8460768486351179,0.7763956061151384,0.6875008546958015,0.97810426945126
0.327,9.573848886421,0.9980293617337076,0.999894628757567,0.9999905661505665,0.9999975432937737,0.9999001272469108,0.9998378250204306,0.9998015966067778,0.9998068586681705,0.9997483686708142,0.9989736654914176,0.9982762249185613,0.9943882665103538,0.9653256320864078,0.846547050638703,0.776948684958859,0.6880911333043063,0.9781635361016441
0.328,9.588605854838711,0.9980484616381904,0.9998961202486781,0.9999907340620381,0.9999975919735707,0.9999015447807549,0.9998400109665285,0.9998042143287983,0.999809419615299,0.9997516019976903,0.9989846359902212,0.9982932898543886,0.9944337458662336,0.9655098445493151,0.8470143899934506,0.7774987273179151,0.6886785139942542,0.9782224130319088
0.329,9.603318262707601,0.9980673187969765,0.9998975861883793,0.999990898489574,0.9999976395455892,0.9999029379750642,0.9998421609170004,0.9998067896836496,0.9998119389526796,0.9997547841110782,0.9989954563027524,0.9983101344937284,0.9944787190654111,0.9656925187929708,0.8474788906243966,0.7780457564397151,0.6892630170353429,0.9782809040854625
0.33,9.617986311557791,0.9980859369420757,0.9998990270836499,0.9999910595149594,0.9999976860380703,0.9999043073137425,0.9998442755622134,0.9998093234718715,0.9998144174690807,0.9997579159605917,0.9990061288861818,0.9983267622665559,0.9945231930673175,0.96587367149964,0.8479405762054297,0.7785897953461187,0.689844662514683,0.9783390130544005
0.331,9.632610201705972,0.9981043197387715,0.9999004434301146,0.9999912172178488,0.9999977314784619,0.999905653269835,0.9998463555775282,0.9998118164768318,0.9998168559363056,0.9997609984758195,0.9990166561513147,0.9983431765408746,0.9945671747185972,0.9660533191315994,0.8483994701624502,0.7791308668360766,0.6904234703388132,0.9783967436803744
0.332,9.64719013226453,0.9981224707869748,0.9999018357123253,0.9999913716758263,0.9999977758934429,0.9999069763057998,0.9998484016236618,0.9998142694651369,0.9998192551095981,0.9997640325667952,0.9990270404635776,0.998359380623984,0.9946106707552023,0.9662314779345389,0.8488555956764845,0.7796689934882324,0.6909994602356877,0.9784540996554432
0.333,9.661726301150576,0.9981403936225478,0.9999032044040355,0.9999915229644649,0.9999978193089463,0.9999082768737703,0.9998504143470415,0.9998166831870311,0.9998216157280384,0.999767019124458,0.9990372841439815,0.9983753777637199,0.9946536878044437,0.9664081639409003,0.8493089756867535,0.7802041976634908,0.6915726517566357,0.9785110846229084
0.334,9.676218905094906,0.9981580917185976,0.9999045499684676,0.9999916711573832,0.9999978617501823,0.9999095554158104,0.9998523943801482,0.9998190583767865,0.999823938514929,0.9997699590210981,0.9990473894700628,0.9983911711496651,0.9946962323869998,0.9665833929731594,0.8497596328936946,0.780736501507549,0.692143064278298,0.9785677021781295
0.335,9.690668139650873,0.9981755684867397,0.9999058728585725,0.999991816326301,0.9999979032416603,0.9999108123641642,0.9998543423418519,0.9998213957530813,0.9998262241781698,0.9997728531107934,0.9990573586768012,0.9984067639143342,0.9947383109188823,0.9667571806470487,0.8502075897619428,0.7812659269533947,0.6927107170045369,0.9786239558693273
0.336,9.705074199203189,0.9981928272783349,0.9999071735172824,0.9999919585410929,0.9999979438072097,0.9999120481414978,0.9998562588377378,0.9998236960193696,0.9998284734106229,0.9997757022298343,0.9990671939575174,0.99842215913433,0.9947799297133628,0.9669295423747245,0.8506528685232648,0.781792495723769,0.6932756289683217,0.9786798491983663
0.337,9.719437276976631,0.998209871385697,0.999908452377757,0.9999920978698406,0.9999979834700007,0.9999132631611342,0.9998581444604232,0.9998259598642404,0.9998306868904697,0.9997785071971358,0.9990768974647484,0.9984373598314746,0.9948210949828582,0.9671004933678773,0.8510954911794535,0.7823162293335972,0.6938378190335889,0.978735385621523
0.338,9.733757565044689,0.9982267040432737,0.9999097098636225,0.9999922343788824,0.9999980222525643,0.9999144578272834,0.9998599997898677,0.9998281879617682,0.9998328652815568,0.999781268814642,0.9990864713111032,0.9984523689739151,0.9948618128407775,0.9672700486407892,0.8515354795051783,0.7828371490923859,0.6943973058970794,0.9787905685502419
0.339,9.748035254338129,0.9982433284288021,0.9999109463892042,0.9999923681328634,0.999998060176811,0.9999156325352649,0.9998618253936733,0.9998303809718538,0.9998350092337337,0.9997839878677178,0.9990959175700986,0.9984671894772038,0.9949020893033308,0.9674382230133367,0.8519728550507967,0.7833552761065875,0.6949541080901516,0.9788454013518705
0.34,9.762270534653466,0.9982597476644368,0.9999121623597542,0.9999924991947818,0.9999980972640503,0.999916787671725,0.9998636218273781,0.9998325395405571,0.9998371193831819,0.9997866651255323,0.9991052382769752,0.9984818242053548,0.9949419302913017,0.9676050311139418,0.8524076391451222,0.7838706312819338,0.6955082439805703,0.9788998873503854
0.341,9.776463594661395,0.9982759648178545,0.9999133581716709,0.9999926276260352,0.9999981335350078,0.9999179236148477,0.999865389634742,0.9998346643004198,0.9998391963527354,0.9997893013414308,0.9991144354294942,0.9984962759718765,0.9949813416317819,0.9677704873824715,0.8528398528981557,0.7843832353257365,0.6960597317742732,0.9789540298270992
0.342,9.790614621915104,0.9982919829033332,0.9999145342127147,0.9999927534864655,0.9999981690098428,0.9999190407345604,0.9998671293480242,0.999836755870782,0.9998412407521929,0.9997918972532993,0.999123510988717,0.9985105475407814,0.9950203290598709,0.9679346060730872,0.853269517203775,0.7848931087491592,0.6966085895171149,0.9790078320213565
0.343,9.804723802858554,0.9983078048828077,0.999915690862216,0.9999928768344016,0.999998203708166,0.9999201393927344,0.9998688414882551,0.999838814858089,0.9998432531786217,0.9997944535839179,0.9991324668797653,0.9985246416275732,0.9950588982203422,0.968097401257045,0.853696652742387,0.785400271869456,0.6971548350965888,0.9790612971312165
0.344,9.818791322834647,0.998323433666902,0.9999168284912796,0.9999929977267016,0.9999982376490544,0.9999212199433791,0.9998705265654989,0.9998408418561902,0.9998452342166537,0.9997969710413072,0.9991413049925649,0.9985385609002114,0.9950970546692739,0.9682588868254469,0.8541212799835425,0.7859047448121833,0.6976984862435254,0.9791144283141192
0.345,9.832817366093368,0.9983388721159389,0.9999179474629823,0.9999931162187934,0.9999982708510681,0.9999222827328323,0.999872185079112,0.9998428374466318,0.9998471844387753,0.9997994503190634,0.9991500271825716,0.9985523079800562,0.9951348038756467,0.9684190764919457,0.8545434191885118,0.786406547513379,0.6982395605337708,0.9791672286875405
0.346,9.846802115799804,0.9983541230409269,0.9999190481325659,0.9999932323647142,0.9999983033322654,0.9999233280999442,0.9998738175179926,0.9998448021989406,0.9998491044056075,0.9998018920966881,0.9991586352714807,0.9985658854427903,0.9951721512229101,0.9685779837954023,0.8549630904128266,0.7869056997217154,0.6987780753898434,0.9792197013296347
0.347,9.860745754042139,0.9983691892045266,0.999920130847625,0.9999933462171486,0.9999983351102174,0.9999243563762574,0.9998754243608252,0.9998467366709011,0.9998509946661809,0.9998042970399074,0.9991671310479207,0.9985792958193217,0.9952091020105164,0.9687356221024981,0.8553803135087816,0.7874022210006215,0.6993140480825677,0.9792718492798641
0.348,9.874648461839529,0.9983840733219947,0.9999211959482898,0.9999934578274658,0.9999983662020224,0.999925367886182,0.9998770060763177,0.9998486414088258,0.9998528557582024,0.9998066658009839,0.9991755162681303,0.9985925415966667,0.9952456614554235,0.9688920046103029,0.8557951081279056,0.7878961307303787,0.699847495732691,0.9793236755396167
0.349,9.888510419149977,0.9983987780621085,0.999922243767404,0.9999935672457559,0.99999839662432,0.9999263629471662,0.9998785631234338,0.9998505169478182,0.9998546882083161,0.9998089990190209,0.9991837926566213,0.9986056252188125,0.995281834693568,0.9690471443487979,0.8562074937233928,0.7883874481101865,0.7003784353124753,0.9793751830728105
0.35,9.90233180487805,0.9984133060480693,0.9999232746306987,0.9999936745208641,0.9999984263933039,0.9999273418698614,0.9998800959516185,0.9998523638120298,0.9998564925323571,0.9998112973202595,0.9991919619068249,0.9986185490875618,0.9953176267813085,0.969201054183357,0.856617489552504,0.7888761921602042,0.7009068836472734,0.9794263748064888
0.351,9.916112796882613,0.9984276598583867,0.9999242888569606,0.9999937797004254,0.9999984555247358,0.9999283049582852,0.999881605001018,0.9998541825149097,0.9998582692355984,0.9998135613183671,0.9992000256817244,0.9986313155633588,0.99535304269684,0.969353746817185,0.8570251146789307,0.7893623817235622,0.7014328574170813,0.9794772536314003
0.352,9.929853571984436,0.998441842027744,0.9999252867581969,0.9999938828308969,0.9999984840339572,0.9999292525099776,0.999883090702694,0.9998559735594487,0.9998600188129928,0.9998157916147198,0.9992079856144734,0.9986439269660967,0.9953880873415796,0.9695052347937149,0.8574303879751279,0.78984603546835,0.7019563731580748,0.979527822402573
0.353,9.943554305973775,0.9984558550478443,0.9999262686397956,0.9999939839575903,0.9999985119359021,0.9999301848161547,0.9998845534788331,0.9998577374384169,0.9998617417494077,0.9998179887986778,0.9992158433089998,0.9986563855759076,0.9954227655415252,0.9696555304989641,0.8578333281246129,0.7903271718895748,0.7024774472641231,0.9795780839398732
0.354,9.957215173617847,0.998469701368239,0.999927234800681,0.9999940831247024,0.9999985392451084,0.9999311021618583,0.9998859937429501,0.999859474634596,0.9998634385198544,0.9998201534478531,0.9992236003405963,0.9986686936339363,0.9954570820485871,0.9698046461638522,0.8582339536242335,0.7908058093110978,0.7029960959882869,0.9796280410285538
0.355,9.970836348668282,0.9984833833971373,0.9999281855334665,0.9999941803753453,0.9999985659757299,0.9999320048261011,0.9998874119000866,0.9998611856210046,0.9998651095897116,0.9998222861283718,0.9992312582564984,0.9986808533430958,0.995491041541892,0.9699525938664774,0.8586322827864028,0.7912819658875425,0.7035123354442943,0.9796776964197962
0.356,9.984418003868472,0.9984969035022,0.9999291211246017,0.9999942757515758,0.9999985921415467,0.9999328930820084,0.9998888083470048,0.9998628708611187,0.9998667554149436,0.999824387395129,0.9992388185764474,0.9986928668688075,0.9955246486290634,0.9700993855343569,0.8590283337413038,0.7917556596061804,0.7040261816080027,0.9797270528312373
0.357,9.99796031096089,0.9985102640113149,0.9999300418545178,0.9999943692944239,0.9999986177559769,0.9999337671969561,0.9998901834723759,0.999864530809087,0.9998683764423123,0.999826457792038,0.9992462827932437,0.9987047363397253,0.9955579078474741,0.9702450329466284,0.8594221244390632,0.7922269082887887,0.7045376503188377,0.9797761129474895
0.358,10.01146344069431,0.9985234672133563,0.9999309479977673,0.9999944610439192,0.9999986428320856,0.9999346274327056,0.9998915376569645,0.9998661659099399,0.999869973109585,0.9998284978522732,0.9992536523732851,0.9987164638484437,0.9955908236654759,0.9703895477362153,0.8598136726518945,0.7926957295934887,0.7050467572812184,0.9798248794206502
0.359,10.024927562831008,0.9985365153589281,0.9999318398231611,0.9999945510391194,0.9999986673825966,0.9999354740455343,0.999892871273807,0.9998677765997945,0.9998715458457361,0.9998305080985073,0.9992609287570949,0.9987280514521908,0.9956234004836042,0.9705329413919553,0.8602029959762125,0.7931621410165552,0.7055535180659611,0.9798733548708004
0.36,10.038352846153845,0.9985494106610909,0.9999327175939027,0.9999946393181347,0.9999986914199008,0.9999363072863635,0.9998941846883876,0.9998693633060534,0.9998730950711443,0.999832489043142,0.9992681133598375,0.9987395011735065,0.9956556426357593,0.9706752252606937,0.8605901118347172,0.7936261598942073,0.7060579481116698,0.979921541886497
0.361,10.051739458473357,0.9985621552960745,0.9999335815677172,0.9999947259181537,0.9999987149560666,0.9999371274008831,0.9998954782588083,0.9998709264475989,0.9998746211977849,0.9998344411885345,0.9992752075718222,0.9987508150009071,0.9956875543903644,0.9708164105493424,0.8609750374784497,0.7940878034043711,0.7065600627261059,0.9799694430252525
0.362,10.065087566634707,0.998574751403974,0.9999344319969787,0.999994810875468,0.9999987380028487,0.9999379346296725,0.9998967523359551,0.9998724664349838,0.9998761246294173,0.9998363650272168,0.9992822127589974,0.9987619948895334,0.9957191399515004,0.9709565083269035,0.8613577899888201,0.7945470885684249,0.707059877087544,0.980017060814008
0.363,10.078397336524656,0.9985872010894322,0.999935269128834,0.9999948942254956,0.9999987605716968,0.9999387292083188,0.9998980072636603,0.9998739836706152,0.9998776057617679,0.9998382610421114,0.9992891302634319,0.9987730427617879,0.9957504034600201,0.9710955295264609,0.8617383862796061,0.7950040322529168,0.7075574062461083,0.9800643977495977
0.364,10.091668933078394,0.9985995064223073,0.9999360932053222,0.999994976002804,0.9999987826737645,0.9999395113675322,0.9998992433788606,0.9998754785489353,0.9998790649827084,0.9998401297067402,0.999295961403787,0.998783960507956,0.9957813489946388,0.9712334849471377,0.8621168430989263,0.795458651171265,0.7080526651250949,0.9801114562992034
0.365,10.104902520286398,0.9986116694383266,0.9999369044634929,0.9999950562411326,0.999998804319918,0.9999402813332582,0.9999004610117517,0.9998769514565978,0.99988050267243,0.9998419714854295,0.999302707475778,0.9987947499868155,0.995811980573005,0.9713703852560218,0.8624931770311843,0.7959109618854323,0.7085456685222772,0.9801582389008009
0.366,10.118098261201144,0.9986236921397261,0.9999377031355203,0.999995134973415,0.9999988255207434,0.9999410393267867,0.999901660485938,0.9998784027726395,0.9998819192036131,0.9998437868335102,0.999309369752625,0.9988054130262325,0.99584230215275,0.9715062409900601,0.8628674044989879,0.7963609808075816,0.7090364311111939,0.9802047479635992
0.367,10.131256317943837,0.9986355764958774,0.9999384894488145,0.9999952122317994,0.9999988462865551,0.9999417855648592,0.9999028421185804,0.9998798328686476,0.9998833149415931,0.9998455761975116,0.9993159494854945,0.9988159514237454,0.9958723176325173,0.9716410625579213,0.863239541765041,0.7968087242017091,0.7095249674424247,0.980250985868472
0.368,10.144376851711026,0.9986473244439008,0.9999392636261305,0.9999952880476696,0.9999988666274033,0.9999425202597724,0.9999040062205384,0.9998812421089236,0.9998846902445218,0.9998473400153526,0.999322447903931,0.9988263669471354,0.9959020308529711,0.9717748602418279,0.8636096049340105,0.7972542081852577,0.7100112919448465,0.980296954968379
0.369,10.157460022781207,0.9986589378892662,0.9999400258856743,0.9999953624516649,0.9999988865530816,0.9999432436194796,0.9999051530965107,0.999882630850643,0.9998860454635254,0.9998490787165274,0.9993288662162797,0.9988366613349869,0.9959314455977875,0.9719076441993587,0.8639776099543672,0.7976974487307087,0.7104954189268777,0.9803426575887814
0.37,10.170505990521328,0.9986704187063811,0.9999407764412057,0.9999954354736992,0.9999989060731335,0.9999439558476898,0.9999062830451707,0.9998839994440105,0.9998873809428585,0.9998507927222864,0.9993352056100989,0.9988468362972338,0.9959605655946244,0.9720394244652218,0.8643435726202024,0.798138461667154,0.7109773625777056,0.980388096028051
0.371,10.183514913393282,0.9986817687391661,0.9999415155021399,0.9999955071429805,0.9999989251968602,0.9999446571439636,0.9999073963593,0.9998853482324127,0.9998886970200536,0.9998524824458133,0.999341467252565,0.9988568935156965,0.9959893945160746,0.9721702109529984,0.8647075085730195,0.7985772626818483,0.7114571369684988,0.9804332725578689
0.372,10.196486948960302,0.9986929898016199,0.9999422432736449,0.9999955774880284,0.9999989439333268,0.9999453477038078,0.9999084933259177,0.9998866775525658,0.9998899940260686,0.9998541482923982,0.9993476522908674,0.9988668346446062,0.996017935980599,0.9723000134568588,0.865069433303501,0.7990138673217413,0.711934756053607,0.980478189423619
0.373,10.209422253893347,0.9987040836783705,0.9999429599567378,0.9999956465366926,0.999998962291369,0.9999460277187665,0.9999095742264075,0.9998879877346604,0.9998912722854294,0.9998557906596063,0.9993537618525957,0.9988766613111193,0.9960461935534435,0.9724288416532496,0.8654293621532526,0.7994482909949912,0.7124102336717435,0.9805228488447751
0.374,10.22232098397738,0.9987150521252167,0.9999436657483785,0.9999957143161698,0.9999989802795994,0.9999466973765105,0.9999106393366404,0.9998892791025036,0.9998925321163696,0.9998574099374424,0.9993597970461184,0.9988863751158201,0.9960741707475376,0.9725567051025553,0.8657873103165238,0.7998805489724581,0.7128835835471566,0.9805672530152795
0.375,10.235183294117649,0.9987258968696578,0.9999443608415601,0.9999957808530209,0.9999989979064138,0.999947356860925,0.9999116889270961,0.9998905519736561,0.9998937738309669,0.9998590065085122,0.999365758960953,0.9988959776332146,0.9961018710243758,0.972683613250731,0.8661432928419033,0.8003106563891796,0.7133548192907839,0.9806114041039149
0.376,10.248009338345865,0.9987366196114129,0.9999450454253985,0.9999958461731864,0.9999990151799969,0.9999480063521935,0.9999127232629802,0.9998918066595671,0.9998949977352756,0.9998605807481789,0.9993716486681288,0.9989054704122117,0.9961292977948828,0.9728095754309103,0.866497324633996,0.800738628245828,0.7138239544013951,0.9806553042546715
0.377,10.260799269826375,0.998747222022928,0.9999457196852188,0.9999959103020037,0.9999990321083283,0.9999486460268819,0.999913742604339,0.9998930434657061,0.9998962041294573,0.9998621330247168,0.9993774672205415,0.9989148549765972,0.9961564544202625,0.9729346008649867,0.8668494204550717,0.8011644794101473,0.7142910022667204,0.9806989555871048
0.378,10.27355324086223,0.9987577057498753,0.9999463838026399,0.9999959732642214,0.999999048699188,0.9999492760580189,0.9999147472061715,0.9998942626916906,0.9998973933079075,0.9998636636994619,0.9993832156533008,0.9989241328254959,0.9961833442128294,0.9730586986651697,0.867199594926698,0.8015882246183754,0.7147559761645652,0.9807423601966915
0.379,10.286271402901265,0.99876807241164,0.9999470379556566,0.9999960350840147,0.9999990649601619,0.9999498966151742,0.999915737318539,0.9998954646314121,0.9998985655593786,0.9998651731269569,0.9993888949840696,0.9989333054338254,0.9962099704368265,0.9731818778355162,0.8675478625313463,0.802009878476645,0.7152188892639111,0.9807855201551734
0.38,10.298953906542057,0.9987783236017983,0.9999476823187211,0.9999960957850004,0.9999990808986473,0.9999505078645365,0.9999167131866716,0.9998966495731579,0.9998997211671019,0.9998666616550952,0.9993945062133969,0.99894237425274,0.9962363363092263,0.9733041472734372,0.8678942376139797,0.8024294554623703,0.7156797546260063,0.9808284375108995
0.381,10.3116009015399,0.9987884608885859,0.9999483170628206,0.9999961553902502,0.9999990965218576,0.9999511099689882,0.9999176750510729,0.9998978177997311,0.9999008604089048,0.9998681296252602,0.9994000503250435,0.9989513407100656,0.9962624450005173,0.9734255157711799,0.8682387343836179,0.802846969925614,0.7161385852054392,0.9808711142891621
0.382,10.324212536812675,0.9987984858153556,0.9999489423555541,0.9999962139223053,0.9999991118368277,0.999951703088178,0.999918623147621,0.9998989695885667,0.9999019835573264,0.9998695773724615,0.9994055282863006,0.9989602062107261,0.9962882996354757,0.973545992017288,0.8685813669148831,0.803262436090439,0.7165953938512033,0.9809135524925234
0.383,10.336788960446722,0.9988083999010278,0.9999495583612076,0.9999962714031897,0.9999991268504184,0.9999522873785934,0.9999195577076686,0.9999001052118458,0.9999030908797298,0.9998710052254686,0.9994109410483011,0.9989689721371604,0.9963139032939229,0.9736655845980363,0.8689221491495237,0.8036758680562417,0.7170501933077463,0.9809557541011413
0.384,10.349330319702602,0.99881820464053,0.9999501652408264,0.9999963278544227,0.9999991415693216,0.9999528629936295,0.9999204789581394,0.999901224936607,0.9999041826384122,0.9998724135069404,0.9994162895463259,0.9989776398497318,0.9963392590114679,0.9737843019988449,0.8692610948979189,0.8040872797990705,0.7175029962160087,0.9809977210730854
0.385,10.361836761020882,0.9988279015052282,0.9999507631522866,0.9999963832970323,0.9999991560000645,0.9999534300836577,0.999921387121623,0.999902329024855,0.9999052590907119,0.9998738025335532,0.9994215747001022,0.998986210687128,0.9963643697802376,0.9739021526056693,0.8695982178405635,0.8044966851729267,0.7179538151144497,0.9810394553446502
0.386,10.374308430027805,0.9988374919433499,0.9999513522503648,0.9999964377515672,0.9999991701490143,0.9999539887960915,0.9999222824164677,0.9999034177336663,0.9999063204891138,0.9998751726161241,0.9994267974140962,0.9989946859667544,0.9963892385495917,0.9740191447063694,0.8699335315295325,0.8049040979110507,0.7184026624400617,0.9810809588306617
0.387,10.386745471540955,0.9988469773803983,0.9999519326868054,0.9999964912381086,0.999999184022382,0.999954539275452,0.9999231650568702,0.9999044913152937,0.9999073670813505,0.999876524059733,0.9994319585777999,0.9990030669851182,0.996413868226826,0.9741352864920569,0.8702670493899274,0.8053095316271902,0.7188495505293708,0.98112223342478
0.388,10.39914802957486,0.9988563592195578,0.9999525046103871,0.9999965437762824,0.9999991976262272,0.9999550816634302,0.999924035252964,0.9999055500172666,0.9999083991105039,0.9998778571638411,0.9994370590660114,0.9990113550182048,0.9964382616778608,0.9742505860584214,0.8705987847213026,0.8057129998168557,0.719294491619429,0.9811632809997943
0.389,10.411516247346565,0.9988656388420925,0.9999530681669871,0.9999965953852703,0.9999992109664618,0.9999556160989496,0.999924893210906,0.9999065940824908,0.9999094168151014,0.9998791722224065,0.9994420997391097,0.9990195513218478,0.9964624217279188,0.9743650514070351,0.870928750699074,0.8061145158585576,0.7197374978487916,0.9812041034079155
0.39,10.423850267281107,0.9988748176077351,0.9999536234996449,0.9999966460838207,0.9999992240488539,0.9999561427182257,0.9999257391329599,0.9999076237493446,0.9999104204292122,0.999880469523998,0.9994470814433236,0.9990276571320905,0.9964863511621885,0.9744786904466384,0.8712569603759089,0.8065140930150314,0.7201785812584853,0.9812447024810624
0.391,10.436150231017029,0.9988838968550703,0.9999541707486226,0.9999966958902595,0.9999992368790317,0.9999566616548257,0.9999265732175785,0.9999086392517732,0.9999114101825402,0.9998817493519054,0.9994520050109953,0.9990356736655402,0.9965100527264772,0.9745915109944037,0.8715834266830971,0.8069117444344438,0.7206177537929637,0.9812850800311435
0.392,10.448416279411765,0.9988928779019084,0.9999547100514661,0.9999967448225012,0.9999992494624874,0.9999571730397243,0.9999273956594843,0.9999096408193814,0.9999123863005149,0.9998830119842477,0.999456871260838,0.9990436021197161,0.99653352912785,0.9747035207771813,0.8719081624319052,0.8073074831515892,0.7210550273010539,0.9813252378503338
0.393,10.460648552547042,0.9989017620456528,0.9999552415430633,0.999996792898058,0.9999992618045805,0.9999576770013617,0.9999282066497475,0.999910628677523,0.999913349004381,0.9998842576940792,0.9994616809981889,0.999051443673389,0.996556783035259,0.9748147274327242,0.8722311803149132,0.8077013220890661,0.7214904135368881,0.9813651777113468
0.394,10.47284718973419,0.99891055056366,0.9999557653557011,0.9999968401340505,0.9999992739105414,0.9999581736656968,0.9999290063758628,0.9999116030473897,0.9999142985112842,0.9998854867494923,0.999466435015256,0.9990591994869165,0.9965798170801599,0.9749251385108955,0.872552492907333,0.8080932740584446,0.7219239241608298,0.9814049013677038
0.395,10.485012329519453,0.9989192447135917,0.9999562816191214,0.9999968865472173,0.9999992857854748,0.9999586631562613,0.9999297950218239,0.9999125641460963,0.9999152350343574,0.9998866994137193,0.9994711340913611,0.9990668707025683,0.9966026338571177,0.9750347614748551,0.8728721126683106,0.8084833517614147,0.7223555707403844,0.9814444105539946
0.396,10.497144109689215,0.9989278457337616,0.9999567904605762,0.9999969321539238,0.9999992974343633,0.9999591455942112,0.9999305727681969,0.9999135121867654,0.9999161587828028,0.9998878959452304,0.9994757789931771,0.9990744584448482,0.9966252359244016,0.9751436037022301,0.8731900519422109,0.8088715677909257,0.7227853647511024,0.9814837069861385
0.397,10.509242667275219,0.998936354843474,0.99995729200488,0.9999969769701722,0.9999993088620699,0.9999596210983788,0.9999313397921914,0.9999144473786094,0.9999170699619733,0.9998890765978306,0.9994803704749594,0.9990819638208078,0.9966476258045681,0.9752516724862657,0.873506322959887,0.8092579346323068,0.7232133175774715,0.9815227923616379
0.398,10.521308138559709,0.9989447732433557,0.9999577863744625,0.9999970210116096,0.9999993200733419,0.999960089785321,0.9999320962677307,0.9999153699270105,0.9999179687734516,0.999890241620754,0.9994849092787751,0.9990893879203546,0.9966698059850352,0.975358975036959,0.8738209378399319,0.8096424646643781,0.7236394405137972,0.9815616683598287
0.399,10.533340659080567,0.9989531021156829,0.999958273689419,0.9999970642935371,0.9999993310728136,0.999960551769369,0.9999328423655192,0.9999162800335998,0.9999188554151279,0.9998913912587561,0.999489396134725,0.9990967318165537,0.9966917789186448,0.9754655184821752,0.8741339085899145,0.810025170160546,0.7240637447650753,0.9816003366421262
0.4,10.545340363636363,0.9989613426247,0.9999587540675603,0.999997106830918,0.9999993418650088,0.9999610071626752,0.9999335782531097,0.9999171778963332,0.9999197300812757,0.9998925257522042,0.9994938317611626,0.9991039965659245,0.9967135470242152,0.9755713098687466,0.8744452471076006,0.8104060632898873,0.7244862414478532,0.9816387988522692
