Beta,R_0,R1,R2,R3,R4,R5,R6,R7,R8,R9,R10,R11,R12,R13,R14,R15,R16,R_all
0.0,0.0,0.0,0.0,0.0,0.0,0.0,0.0,0.0,0.0,0.0,0.0,0.0,0.0,0.0,0.0,0.0,0.0,0.0
0.001,0.04936718614157528,0.0,0.0,0.0,0.0,0.0,0.0,0.0,0.0,0.0,0.0,0.0,0.0,0.0,0.0,0.0,0.0,0.0
0.002,0.09843993578528829,0.0,0.0,0.0,0.0,0.0,0.0,0.0,0.0,0.0,0.0,0.0,0.0,0.0,0.0,0.0,0.0,0.0
0.003,0.14722087522299307,0.0,0.0,0.0,0.0,0.0,0.0,0.0,0.0,0.0,0.0,0.0,0.0,0.0,0.0,0.0,0.0,0.0
0.004,0.1957125996047431,0.0,0.0,0.0,0.0,0.0,0.0,0.0,0.0,0.0,0.0,0.0,0.0,0.0,0.0,0.0,0.0,0.0
0.005,0.2439176733990148,0.0,0.0,0.0,0.0,0.0,0.0,0.0,0.0,0.0,0.0,0.0,0.0,0.0,0.0,0.0,0.0,0.0
0.006,0.2918386308447938,0.0,0.0,0.0,0.0,0.0,0.0,0.0,0.0,0.0,0.0,0.0,0.0,0.0,0.0,0.0,0.0,0.0
0.007,0.33947797639569055,0.0,0.0,0.0,0.0,0.0,0.0,0.0,0.0,0.0,0.0,0.0,0.0,0.0,0.0,0.0,0.0,0.0
0.008,0.38683818515625,0.0,0.0,0.0,0.0,0.0,0.0,0.0,0.0,0.0,0.0,0.0,0.0,0.0,0.0,0.0,0.0,0.0
0.009,0.4339217033106134,0.0,0.0,0.0,0.0,0.0,0.0,0.0,0.0,0.0,0.0,0.0,0.0,0.0,0.0,0.0,0.0,0.0
0.01,0.48073094854368936,0.0,0.0,0.0,0.0,0.0,0.0,0.0,0.0,0.0,0.0,0.0,0.0,0.0,0.0,0.0,0.0,0.0
0.011,0.5272683104549855,0.0,0.0,0.0,0.0,0.0,0.0,0.0,0.0,0.0,0.0,0.0,0.0,0.0,0.0,0.0,0.0,0.0
0.012,0.573536150965251,1.3322676295501878e-15,1.887379141862766e-15,2.1094237467877974e-15,2.220446049250313e-15,1.887379141862766e-15,1.6653345369377348e-15,1.7763568394002505e-15,1.6653345369377348e-15,1.5543122344752192e-15,1.2212453270876722e-15,1.2212453270876722e-15,8.881784197001252e-16,9.992007221626409e-16,1.1102230246251565e-16,0.0,0.0,1.5209193412899055e-15
0.013,0.6195368047160732,2.9976021664879227e-15,5.10702591327572e-15,5.662137425588298e-15,5.662137425588298e-15,3.774758283725532e-15,3.552713678800501e-15,3.885780586188048e-15,3.6637359812630166e-15,3.4416913763379853e-15,2.886579864025407e-15,2.3314683517128287e-15,1.4432899320127035e-15,1.5543122344752192e-15,8.881784197001252e-16,5.551115123125783e-16,3.3306690738754696e-16,3.5265483236639394e-15
0.014,0.665272579462572,0.0,0.0,0.0,0.0,0.0,0.0,0.0,0.0,0.0,0.0,0.0,0.0,0.0,0.0,0.0,0.0,0.0
0.015,0.7107457564593301,1.3322676295501878e-15,1.887379141862766e-15,2.1094237467877974e-15,2.220446049250313e-15,1.887379141862766e-15,1.6653345369377348e-15,1.6653345369377348e-15,1.6653345369377348e-15,1.5543122344752192e-15,1.2212453270876722e-15,1.2212453270876722e-15,7.771561172376096e-16,8.881784197001252e-16,1.1102230246251565e-16,0.0,0.0,1.5027580409711595e-15
0.016,0.7559585908396946,4.107825191113079e-15,6.8833827526759706e-15,7.549516567451064e-15,7.771561172376096e-15,5.440092820663267e-15,5.329070518200751e-15,5.440092820663267e-15,5.10702591327572e-15,4.9960036108132044e-15,4.440892098500626e-15,3.6637359812630166e-15,2.220446049250313e-15,2.220446049250313e-15,1.3322676295501878e-15,7.771561172376096e-16,5.551115123125783e-16,4.97355267438547e-15
0.017,0.8009133119885824,1.9984014443252818e-15,3.885780586188048e-15,5.551115123125783e-15,5.440092820663267e-15,3.6637359812630166e-15,3.219646771412954e-15,3.4416913763379853e-15,3.3306690738754696e-15,3.219646771412954e-15,2.55351295663786e-15,2.1094237467877974e-15,1.3322676295501878e-15,1.5543122344752192e-15,7.771561172376096e-16,5.551115123125783e-16,3.3306690738754696e-16,3.1596470896077698e-15
0.018,0.8456121239089184,5.10702591327572e-15,9.2148511043888e-15,1.1435297153639112e-14,1.1213252548714081e-14,7.216449660063518e-15,7.216449660063518e-15,7.327471962526033e-15,6.994405055138486e-15,6.994405055138486e-15,5.662137425588298e-15,4.884981308350689e-15,3.1086244689504383e-15,3.1086244689504383e-15,1.887379141862766e-15,1.5543122344752192e-15,1.2212453270876722e-15,6.865948802200788e-15
0.019,0.8900572055818354,5.10702591327572e-15,9.2148511043888e-15,1.1435297153639112e-14,1.1213252548714081e-14,7.216449660063518e-15,7.216449660063518e-15,7.327471962526033e-15,6.994405055138486e-15,6.994405055138486e-15,5.662137425588298e-15,4.9960036108132044e-15,3.1086244689504383e-15,3.1086244689504383e-15,1.887379141862766e-15,1.5543122344752192e-15,1.3322676295501878e-15,6.8752219337478594e-15
0.02,0.9342507113207548,1.8540724511240114e-14,3.26405569239796e-14,4.085620730620576e-14,3.8746783559417963e-14,2.5091040356528538e-14,2.4202861936828413e-14,2.5091040356528538e-14,2.475797344914099e-14,2.375877272697835e-14,1.942890293094024e-14,1.6542323066914832e-14,1.0325074129013956e-14,1.0325074129013956e-14,6.772360450213455e-15,5.218048215738236e-15,4.218847493575595e-15,2.3882075359790094e-14
0.021,0.9781947711194733,6.7548189264243774e-12,1.2066236898533589e-11,1.5212719972623745e-11,1.4542700377262463e-11,9.421463609271541e-12,9.00790553259867e-12,9.258704913861493e-12,9.123812816369536e-12,8.74222916280587e-12,7.25142168533921e-12,6.136424701708165e-12,3.807065773742124e-12,3.766875700250694e-12,2.4380497620768438e-12,1.8941515023129796e-12,1.5893952820533741e-12,8.860773554173331e-12
0.022,1.0218914909943715,0.02526466144064554,0.04439659884997338,0.05525726845394496,0.05301792414938378,0.034956530645732786,0.03355603058340528,0.034440705179215825,0.03390359895601225,0.032480517085590854,0.02702370807919041,0.022936877451279813,0.014291691462644751,0.014166791654644295,0.009170420686224201,0.007123972156667713,0.005970921117812611,0.032739940523621
0.023,1.0653429533208607,0.07389428422916311,0.12594451340400836,0.15323280531455552,0.1479510558402064,0.10071346237250411,0.09734661293738045,0.09967185060771577,0.09794723075959666,0.09383138299465554,0.07853041499144653,0.06703891458078215,0.04212266209115989,0.041893776700572816,0.027139196604961335,0.021088082498625593,0.017646673436123916,0.09366466706994757
0.024,1.1085512171641791,0.1201081736860552,0.19904256238816043,0.23754260156202678,0.23053222849202493,0.16141739999313687,0.15692886575483955,0.16034840681598184,0.15737325849466866,0.15079431742906202,0.12692630290327445,0.10894021188782199,0.06902019491851896,0.06884006772792073,0.044657498109259564,0.034718742580787776,0.029016075223318727,0.1492800919284218
0.025,1.1515183186046511,0.16386259223205812,0.26461840125196245,0.3106259099032851,0.3027313082071985,0.21734998134408312,0.21234560484139164,0.2165928332874254,0.21238059740523596,0.20358982358219557,0.17230903319515867,0.14864638830006516,0.09494855835103522,0.09493099383196857,0.061699525871409255,0.048003930689516805,0.04007888656978764,0.20011086023859095
0.026,1.194246271057514,0.20518469829250552,0.32352964288425523,0.3743941197739197,0.36615779392311787,0.2688393191712657,0.26374668284861413,0.2686158025639519,0.26322748512468963,0.25247931609065233,0.21481883126759316,0.18621019448247778,0.11990065772742486,0.12012926615614905,0.07825484470536204,0.06094060881985919,0.050839804457452176,0.2466386888520279
0.027,1.236737065587419,0.24414615929314498,0.3765487895609405,0.43036300246004733,0.42213080798835056,0.3162280609078154,0.31134273006967517,0.3166743551622798,0.3101986545804356,0.29773949885460127,0.2546177231140363,0.22171286259742817,0.14388819410473375,0.14442323481658625,0.09432334061053615,0.0735316503879988,0.061306568719539656,0.2892995944261518
0.028,1.2789926712177122,0.28084523596044675,0.42436123353524446,0.47974795252984936,0.47173642346040934,0.3598543757389878,0.3553747347767404,0.36104494452894476,0.35358482848628003,0.3396466534390973,0.29187623738313895,0.2552515946010173,0.16693489325240818,0.16781859231955787,0.10991172030684171,0.08578373892755542,0.07148870120873896,0.3284847334657072
0.029,1.3210150352345906,0.31539475391526206,0.467569798873796,0.5235334791383198,0.5158735652246933,0.40004118276060974,0.39609447982169954,0.402006536088111,0.39367034965290715,0.37846739425342923,0.3267650778618876,0.28693127580499445,0.18907187453965335,0.1903325453440956,0.12503109302303717,0.09770593638481695,0.08139667190373379,0.3645431341123913
0.03,1.3628060834862386,0.347914116065953,0.506702165482386,0.5625245571932096,0.555290407437016,0.4370905580742076,0.43375229371128743,0.4398303776141107,0.4307260953246581,0.41445357768706514,0.3594500712149179,0.3168590664970592,0.21033449875157384,0.2119897338532053,0.1396953042631428,0.10930871009483756,0.09104135135995017,0.3977852876059633
0.031,1.4043677206770357,0.37852407075587513,0.5422191976970434,0.5973850412002863,0.5906131519999502,0.47128134271580013,0.4685896678413486,0.4747741367319701,0.46500577420437306,0.44783983971282626,0.39008925474876144,0.34514094148884544,0.23076023467264206,0.23281938097521204,0.15391979038490633,0.12060327350416078,0.10043365495341006,0.42848700199524414
0.032,1.4457018306569347,0.407343352629597,0.5745231584845911,0.628666738963737,0.6223688036950239,0.50286868437574,0.500835074798373,0.5070788599819336,0.4967443545762069,0.4788427667355786,0.4188313498858236,0.3718795419035822,0.2503872270311477,0.2528533087221896,0.16772079396826156,0.13160114176879134,0.10958431563210136,0.45689318746832397
0.033,1.4868102767060967,0.43448659269171264,0.6039653251750142,0.6568316609923948,0.6510032498074569,0.5320847073874388,0.5307018665866425,0.5369677266046896,0.5261578065348456,0.5076610553708234,0.4458151223094444,0.3971729068304467,0.26925334754600894,0.27212456325474765,0.1811148295903272,0.1423138348624433,0.11850374281634757,0.48322140283810905
0.034,1.5276949018148822,0.4600630856790151,0.6308528141954635,0.6822692257798582,0.6768956742494944,0.5591398031410685,0.5583875029713943,0.5646459194700294,0.5534436286486959,0.5344762468878455,0.47116929956604847,0.42111379131574433,0.2873955789391581,0.29066646993742495,0.19411832381518546,0.15275268219991311,0.12720193902586163,0.507665086794594
0.035,1.5683575289592764,0.4841761335250656,0.6554545760406525,0.7053096952074192,0.7003701067486083,0.5842242243115767,0.5840736111928946,0.5903011687728328,0.5787818181538582,0.5594537721229462,0.49501282954863146,0.4437893715222695,0.30484962840463514,0.3085119919397469,0.2067473766530712,0.1629286972496371,0.13568845509317562,0.5303964513003245
0.036,1.6087999613718411,0.5069227726763137,0.6780065984308687,0.7262347625503256,0.72170472590391,0.6075097887483982,0.6079265471503208,0.6141046791080869,0.6023360673653303,0.5827441402838112,0.5174553379453395,0.46528120194224165,0.32164969894928386,0.3256933034706283,0.21901760782551505,0.1728525004261534,0.1439723710241465,0.5515690440013454
0.037,1.649023982808281,0.5283937537035172,0.6987163899026712,0.7452859682563875,0.7411393938784372,0.6291515770093331,0.6300982413608849,0.636212253259882,0.6242550497117598,0.6044841684148334,0.5385976922433987,0.48566533306689785,0.33782836893334334,0.342241514806925,0.2309440622362816,0.1825342752411836,0.15206229372817703,0.5713200016047342
0.038,1.689031357809695,0.5486736831532402,0.7177668275563172,0.7626714428769973,0.7588817921563515,0.6492895571194237,0.6507271887510586,0.656765493974633,0.6446737113842793,0.6247981892840808,0.558532612724318,0.5050125275358318,0.3534165452395335,0.35818650453964507,0.24254115669283338,0.19198374727263756,0.1599663656489786,0.5897720228335663
0.039,1.7288238319606088,0.5678412660595422,0.7353194523719342,0.7785713502351181,0.7751124449083975,0.6680501013693613,0.6699394919301596,0.675893009802869,0.6637145187166813,0.6437992018546717,0.5773452926781708,0.5233885329936045,0.36844346595174504,0.37355682730458173,0.2538226552336662,0.20121017866645285,0.16769228023195903,0.6070350914366077
0.04,1.7684031321428573,0.5859696071378162,0.7515172895356557,0.7931423122324395,0.7899888531258025,0.6855473793909629,0.6878499013015249,0.6937115805433663,0.6814886334289827,0.6615899453815905,0.5951140045050898,0.5408543836900691,0.38293673569352293,0.38837967433704557,0.2648016641264225,0.21022237307292757,0.1752473014636482,0.6232079789769371
0.041,1.8077709667853965,0.6031265422148933,0.766487262940525,0.8065210294755281,0.8036489141291435,0.7018846235872058,0.704562817732389,0.7103272570602401,0.6980970019317814,0.6782638888354338,0.6119106779110177,0.5574667123114712,0.39692238185458517,0.4026808706298872,0.27549064020721525,0.21902868744323023,0.18263828560884532,0.638379555040659
0.042,1.8469290261101245,0.619374980811495,0.7803422642254966,0.8188272621401445,0.8162137637491476,0.717155269982021,0.7201732382540761,0.7258363826921927,0.7136313537398542,0.6939061339597336,0.627801442668911,0.5732780599997342,0.4104249234959878,0.416484897065855,0.28590140807145215,0.22763704817966002,0.189871703883579,0.6526299298466456
0.043,1.8858789823737823,0.6347732472767107,0.7931829282856394,0.8301662983207299,0.8277901496928655,0.7314439814562002,0.7347676348996472,0.7403265314122235,0.7281751094800245,0.7085942342352443,0.6428471324893208,0.588337176942388,0.4234674472322918,0.42981492918377395,0.2960451829318236,0.23605496988495045,0.196953665224325,0.6660314514288159
0.044,1.9246224901060074,0.6493754123631913,0.8050991595345497,0.8406310091019918,0.8384724223029821,0.7448275622931317,0.748424762989404,0.7538773628457459,0.7418042021881948,0.722398934283828,0.6571037491504689,0.6026893089331652,0.43607168615964254,0.4426928866026073,0.3059325968894202,0.24428957548731645,0.203889938605765,0.6786495768373899
0.045,1.9631611863436125,0.6632316102331322,0.816171446466424,0.8503035683083076,0.8483442115491782,0.7573757737103439,0.7612163990791727,0.7665613972300522,0.7545878173575852,0.7353848354080808,0.670622887663632,0.6163764673495773,0.4482580991509745,0.4551394888335366,0.3155737270292537,0.2523476168947527,0.21068597456092186,0.6905436342823328
0.046,2.00149669086116,0.6763883380182645,0.8264719962522498,0.8592568985906134,0.8574798454987791,0.7691520600765636,0.7732080111571982,0.7784447150771603,0.7665890580428719,0.7476109934329509,0.6834521242220666,0.6294376813688723,0.46004594872602134,0.46717431444466606,0.32497812422864836,0.2602354955998747,0.21734692569643954,0.701767490870839
0.047,2.039630606397897,0.688888736513235,0.8360657161468094,0.8675558929385672,0.8659455548247385,0.7802141951153473,0.7844593650298265,0.7895875871393663,0.7778655415854003,0.7591314550565895,0.6956353692215695,0.6419092321547963,0.4714533763309058,0.4788158614381117,0.33415484190992195,0.2679592828471322,0.22387766609109638,0.7123701385827474
0.048,2.077564518881119,0.7007728515637339,0.8450110642873703,0.8752584509381035,0.8738004994604671,0.790614856770129,0.7950250715230958,0.8000450405756769,0.7884699344281989,0.7699957387023141,0.7072131878969832,0.6538248693378683,0.4824974743046748,0.49008160734908524,0.34311246421540564,0.27552473910969677,0.230282809530458,0.7223962093737522
0.049,2.1152999976460336,0.7120778763608218,0.853360788931122,0.8824163614544083,0.8810976468005554,0.8004021386744055,0.804955079382818,0.8098673671801528,0.798450431184006,0.7802492655042946,0.718223091192173,0.6652160104811193,0.49319435412102786,0.5009880680484924,0.35185913326015317,0.2829373327194685,0.23656672657409272,0.7318864287763531
0.05,2.1528385956521743,0.7228383752709366,0.8611625722107188,0.8890760574062084,0.8878845254907324,0.8096200054103897,0.8142951187386318,0.8191005792944698,0.8078511837010521,0.7899337456288117,0.7286997994390509,0.6761119244409081,0.5035592107103075,0.5115508545729144,0.3604025752449087,0.29020225756161333,0.2427335604803601,0.7408780160585418
0.051,2.190181849696444,0.7330864900873773,0.8684595919985989,0.8952792635341648,0.8942038745557569,0.8183086979947951,0.8230870998143144,0.8277868186752021,0.8167126854015534,0.7990875246763608,0.7386754813096188,0.6865398996467806,0.5136063828162092,0.5217847275535334,0.3687501253027975,0.2973244497926727,0.2487872420319448,0.7494050378751274
0.052,2.227331280622838,0.7428521297334312,0.875291013384837,0.9010635542720893,0.9000942041543457,0.8265050953271054,0.8313694712884827,0.8359647231792914,0.825072115685707,0.8077458944559046,0.7481799703541521,0.6965253983692921,0.5233494094428851,0.5317036489940317,0.37690875101770893,0.3043086035743843,0.25473150331622163,0.7574987213824832
0.053,2.264288393528904,0.7521631445148007,0.881692419524466,0.906462835790822,0.9055902814509011,0.8342430366866497,0.8391775423834108,0.843669755705799,0.8329636487230776,0.8159413719878407,0.757240961268618,0.7060921980437134,0.5328010825148068,0.5413208312751329,0.3848850745976906,0.31115918583788205,0.26056989052039137,0.7651877319622299
0.054,2.3010546779690193,0.7610454860345423,0.8876961901429556,0.9115077638378719,0.9107235528189899,0.8415536097753771,0.8465437724155488,0.8509344994115682,0.8404187305074928,0.8237039501861187,0.7658841878583078,0.7152625206870931,0.5419734959139115,0.5506487833538898,0.39268539371804045,0.31788045010797217,0.26630577580377424,0.7724984199934125
0.055,2.3376316081545068,0.7695233538647912,0.8933318347560039,0.9162261070160458,0.9155225117351653,0.8484654082737058,0.8534980311985881,0.857788922816538,0.8474663276380742,0.8310613232966603,0.7741335844906551,0.7240571513974863,0.5508780910832609,0.5596993541888364,0.400315701070017,0.3244764494267087,0.2719423683097387,0.7794550405087066
0.056,2.3740206431506854,0.7776193300285831,0.8986262866230338,0.9206430635346025,0.9200130202008168,0.8550047624049583,0.8600678333604538,0.8642606180389624,0.8541331509109915,0.8380390898302419,0.7820114326634797,0.7324955468652361,0.5595256993988804,0.5684837734651587,0.40778170266496194,0.33095104842121725,0.27748272437830546,0.7860799490532013
0.057,2.41022322707088,0.7853545022906872,0.9036041625801726,0.924781538151726,0.9242185902787305,0.8611959455857087,0.8662785493260702,0.870375015055269,0.8604438564643608,0.8446609354226341,0.7895384941582289,0.740595934762226,0.5679265815153511,0.5770126897223424,0.4150888349521512,0.33730793456362873,0.28292975701805156,0.7923937766214505
0.058,2.446240789267462,0.7927485771946217,0.9082879931610862,0.9286623849486619,0.9281606312982448,0.867061359870303,0.8721535954316112,0.8761555745649149,0.8664212269112891,0.8509487977814489,0.7967341321026915,0.7483754048096911,0.5760904638887734,0.5852962060044462,0.4222422808134443,0.3435506286719927,0.2882862446929333,0.798415586168755
0.059,2.482074744519966,0.7998199837180602,0.9126984267903793,0.932304620687489,0.9318586674270783,0.8726217025730013,0.8777146053744305,0.8816239617568097,0.8720863346213633,0.8569230156355062,0.8036164211346246,0.7558499922607509,0.5840265726748961,0.593343913163036,0.42924698449976084,0.34968249470071,0.29355483947631644,0.8041630128666348
0.06,2.5177264932203394,0.8065859683534685,0.9168544113057718,0.9357256127698275,0.9353305295963159,0.877896116165908,0.8829815849658407,0.8868002030192174,0.8774586890663405,0.8626024633860798,0.8102022477366252,0.7630347544718699,0.5917436651918353,0.6011649209471964,0.43610766557452385,0.35570674886776765,0.29873807462106305,0.8096523899922022
0.061,2.553197421555368,0.8130626823569389,0.9207733556165041,0.9389412452038898,0.938592525171331,0.8829023233006159,0.8879730519404386,0.8917028274075578,0.8825563699287855,0.8680046729675481,0.8165074017030092,0.7699438411788238,0.5992500591269727,0.6087678870154583,0.44282883192795963,0.36162646816424504,0.30383837159106575,0.814898862099905
0.062,2.5884889016863406,0.819265261846923,0.9244712739235639,0.9419660654790964,0.9416595882644676,0.8876567485821584,0.8927061623842466,0.8963489944819132,0.8873961474801456,0.8731459442551687,0.8225466596006298,0.7765905590379341,0.6065536596569732,0.6161610440021527,0.4494147919240069,0.36744459828934684,0.3088580465962595,0.8199164869160926
0.063,2.6236022919259883,0.8252079013767167,0.9279629146017454,0.9448134148225871,0.944545413168013,0.8921746285316798,0.8971968251729235,0.9007546099460577,0.8919935915647274,0.8780414452076227,0.8283338609967907,0.7829874309425604,0.6136619846389121,0.6233522247665206,0.45586966573890664,0.3731639610518167,0.31379931666990957,0.8247183272172476
0.064,2.658538936912752,0.8309039215504095,0.9312618755653633,0.9474955439554826,0.947262573034529,0.8964701110058794,0.9014598056588634,0.9049344303601778,0.8963631703757753,0.8827053027993528,0.8338819781477765,0.7891462505781022,0.6205821880196178,0.6303488859475228,0.4621973959475031,0.3787872612761114,0.318664305323925,0.82931653379737
0.065,2.693300167782427,0.8363658312017894,0.9343807077012557,0.9500237161667165,0.9498226256347182,0.9005563451937176,0.9055088197103917,0.9089021580580136,0.9005183400771313,0.8871506856805981,0.8392031797702304,0.7950781326359637,0.6273210815997091,0.6371581299411382,0.4684017574100726,0.3843170932491945,0.32345504781507883,0.8337224204954102
0.066,2.727887302337229,0.8416053846093542,0.9373310077483654,0.9524082992689321,0.9522362077714919,0.9044455631815337,0.9093566190857878,0.9126705272739415,0.9044716262067569,0.8913898793995734,0.8443088894538462,0.80079355906789,0.6338851552786146,0.6437867254104275,0.4744863665092429,0.3897559467413776,0.32817349605234025,0.8379465321368588
0.067,2.7623016452123235,0.8466336341780418,0.9401235018275163,0.954658847786422,0.9545131197152567,0.9081491539642411,0.9130150690179127,0.9162513823747256,0.9082346976949096,0.8954343549298512,0.8492098392168674,0.8063024217265814,0.6402805958972151,0.6502411264319636,0.4804546897833226,0.3951062126322685,0.33282152317305813,0.8419987061420946
0.068,2.7965444880398675,0.8514609789793457,0.9427681206736691,0.9567841765428882,0.9566624008434651,0.9116777306806606,0.916495218790315,0.9196557489926155,0.9118184342383339,0.8992948311652292,0.853916118654963,0.8116140617062552,0.6465133047856245,0.6565274903755658,0.48631005199921473,0.4003701881706174,0.337400927813435,0.8458881284657087
0.069,2.830617109610605,0.8560972095059709,0.9452740674923407,0.9587924266616409,0.9586923975120827,0.9150411917635362,0.9198073660015299,0.9228938987697307,0.9152329876910604,0.9029813319729515,0.8584372200885969,0.8167373056676326,0.6525889141151591,0.6626516946078176,0.49205564370506394,0.4055500818947436,0.34191343809664754,0.8496233844539549
0.07,2.8645207760330584,0.8605515489648197,0.9476498792489123,0.9606911248583436,0.9606108240535965,0.9182487766178172,0.9229611151396084,0.925975408346881,0.9184878380609739,0.9065032383329523,0.8627820800733708,0.8216804994053984,0.6585128021456113,0.6686193521035526,0.49769452829989724,0.41064801823819186,0.34636071536001556,0.8532125051401656
0.071,2.8982567408903543,0.8648326914026961,0.9499034821017039,0.9624872367929717,0.9624248176820421,0.9213091163730571,0.9259654310226844,0.9289092131619874,0.9215918446381314,0.9098693360348453,0.8669591176015355,0.8264515388922888,0.6642901074516442,0.6744358260435505,0.5032296486548067,0.4156660418434158,0.3507443576408641,0.8566630094390704
0.072,2.931826245394737,0.8689488369324051,0.9520422416047384,0.9641872151502746,0.9641409879873313,0.9242302801960867,0.9288286876026003,0.9317036565630358,0.9245532927248754,0.9130878593547942,0.8709762692904297,0.8310578990123749,0.6699257422053478,0.6801062434710146,0.508663833317664,0.4206061216045349,0.35506590293910134,0.8599819426493546
0.073,2.9652305185397867,0.8729077243026939,0.9540730082322519,0.9657970430342595,0.9657654616165191,0.9270198175974764,0.9315587125764245,0.9343665346870994,0.9273799363882175,0.916166531090423,0.8748410218245819,0.8355066601765935,0.6754244045857736,0.6856355080740947,0.5139998023309629,0.4254701544585864,0.3593268322730475,0.8631759116284995
0.074,2.998470777250409,0.8767166610335207,0.9560021587126548,0.9673222731899567,0.967303922666515,0.929684797118817,0.9341628282043376,0.9369051375096097,0.9300790376110273,0.9191125992928948,0.8785604418922791,0.8398045329959705,0.6807905903805318,0.6910283121567284,0.5192401726901787,0.43025996894321017,0.3635285725436963,0.8662511169641387
0.075,3.0315482265306124,0.8803825513182127,0.9578356336034735,0.9687680635032806,0.9687616492494142,0.9322318417467405,0.9366478886911512,0.9393262864259984,0.9326574021795419,0.9219328710005904,0.8821412038341443,0.8439578811720494,0.6860286038392736,0.6962891478554276,0.5243874634679371,0.43497732853730386,0.36767249922135825,0.8692133824311057
0.076,3.064464059609121,0.8839119218760552,0.9595789714897205,0.9701392091757025,0.9701435466366929,0.9346671613632532,0.9390203144520834,0.9416363686904897,0.9351214126100709,0.9246337432479773,0.8855896152004679,0.8479727427496763,0.6911425678340597,0.7014223176553196,0.5294441006274052,0.43962393479992756,0.3717599388674946,0.8720681819924628
0.077,3.0972194580828596,0.887310945922486,0.9612373401451274,0.9714401719234834,0.9714541773407361,0.9369965825097067,0.9412861235507777,0.9438413690035928,0.9374770583869436,0.9272212315957862,0.888911640395356,0.8518548498642804,0.6961364333771791,0.7064319442547278,0.5344124215465162,0.44420143032154114,0.37579217150352595,0.8748206645755032
0.078,3.129815592058347,0.8905854654092851,0.9628155649579743,0.9726751065103681,0.9726977884505711,0.9392255757131674,0.9434509605685062,0.9459468985102932,0.9397299637563307,0.9297009964041413,0.8921129225690269,0.8556096471040578,0.7010139885429474,0.7113219798238736,0.5392946792730253,0.44871140150059874,0.3797704328374555,0.8774756768295949
0.079,3.1622536202910267,0.8937410116737002,0.9643181548901092,0.9738478848870334,0.9738783365023583,0.9413592805985475,0.9455201231375756,0.9479582214446004,0.9418854132961246,0.93207836704845,0.8951988039045307,0.8592423085968269,0.7057788668362779,0.7160962146998293,0.5440930465288627,0.45315538115749954,0.38369591635828004,0.8800377840513727
0.08,3.194534690322581,0.8967828246233146,0.9657493262085999,0.9749621181794834,0.9749995101334502,0.9434025289873029,0.9474985863488429,0.9498802796326342,0.94394837546028,0.9343583642583608,0.8981743444316672,0.8627577539217218,0.710434555047444,0.720758285556687,0.5488096194808765,0.4575348509970083,0.38756977530737724,0.8825112894438355
0.081,3.226659938616251,0.899715870572406,0.9671130242037653,0.9760211767413836,0.9760647507410156,0.9453598661634098,0.9493910252226017,0.9517177150454804,0.9459235242765515,0.9365457207426686,0.9010443394887071,0.8661606629371799,0.7149844006293219,0.7253116830869737,0.5534464212937645,0.4618512439293948,0.3913931245353449,0.8849002518590869
0.082,3.258630490690209,0.9025448588355621,0.9684129430846542,0.9770282084614701,0.977077271341829,0.9472355704694326,0.9512018354136414,0.9534748905743266,0.9478152593591854,0.9386449002474471,0.9038133359415818,0.8694554896087974,0.7194316186305594,0.7297597592276346,0.5580054054798095,0.4661059462597751,0.3951670422520933,0.8872085021594917
0.083,3.290447461249,0.905274257175227,0.9696525442229945,0.9779861554962367,0.9780400738083759,0.9490336713795324,0.9529351523047744,0.9551559091836563,0.9496277243825677,0.9406601151807185,0.9064856472603439,0.8726464749134768,0.7237792982155102,0.7341057339614236,0.562488459058948,0.47030029975443133,0.39889257167741077,0.8894396583187076
0.084,3.3221119543130992,0.9079083061916153,0.9708350728988917,0.978897769579674,0.9789559646375469,0.9507579661819983,0.9545948686283382,0.956764631583303,0.9513648241479049,0.9425953429244441,0.9090653675438052,0.8757376588898147,0.7280304087993781,0.7383527017222346,0.5668974055417038,0.4744356035922199,0.40257072259865123,0.891597139372177
0.085,3.353625063346614,0.9104510327359425,0.9719635736858224,0.9797656260456136,0.9798275693915427,0.952412035391133,0.9561846507419294,0.9583046925467454,0.9530302403625307,0.9444543409433728,0.9115563845752266,0.8787328918987802,0.7321878058248258,0.7425036374307898,0.5712340077465804,0.47851311620858805,0.40620247284169864,0.8936841783160591
0.086,3.3849878713831476,0.9129062624211214,0.9730409045985099,0.9805921366839021,0.9806573459359088,0.9539992569969199,0.9577079536727401,0.9597795159910013,0.9546274462402384,0.9462406607901851,0.9139623919846914,0.88163584515341,0.7362542362043052,0.7465614021851659,0.575499970462671,0.4825340570391595,0.4097887696609027,0.8957038340441201
0.087,3.416201451149881,0.9152776312978796,0.9740697501148529,0.9813795615389725,0.9814475965866118,0.955522819650659,0.9591680350341877,0.9611923289226701,0.9561597200209728,0.9479576610972845,0.9162869005872181,0.8844500205713653,0.7402323434505088,0.7505287486288178,0.5796969429674526,0.4864996081693429,0.413330531053245,0.8976590024036056
0.088,3.447266865189873,0.9175685967586314,0.9750526331720337,0.9821300197481737,0.982200479266551,0.9569857348755971,0.9605679679089403,0.9625461743449844,0.957630157499181,0.9496085196374088,0.9185332489597491,0.8871787599998004,0.744124672515676,0.7544083260171314,0.583826521409011,0.49041091589594654,0.4168286470016188,0.8995524264435437
0.089,3.478185165982636,0.9197824477263077,0.9759919262270865,0.9828454995072791,0.982918017761673,0.9583908483833364,0.961910652783805,0.9638439232119975,0.9590416836419815,0.9511962445278604,0.9207046133147629,0.8898252538579492,0.7479336743589162,0.7582026850019857,0.5878902510612808,0.49426909220635407,0.4202839806517349,0.9013867059221012
0.09,3.508957396062992,0.921922314180683,0.9768898614634198,0.9835278672417777,0.9836021111577838,0.9597408505693998,0.9631988286141785,0.9650882855081924,0.9603970633709846,0.9527236846465148,0.9228040167233864,0.8923925492391885,0.7516617102593067,0.7619142821524201,0.591889628460265,0.49807521618041584,0.42369736942685055,0.9031643061334961
0.091,3.539584588138256,0.9239911760704819,0.9777485402169397,0.9841788760547038,0.9842545425310694,0.961038286254674,0.9644350830887556,0.9662818205247156,0.9616989115749908,0.9541935393217547,0.9248343377364598,0.8948835575109909,0.7553110558912102,0.7655454842281926,0.5958261034286481,0.5018303353198481,0.42706962608420584,0.9048875661094841
0.092,3.5700677652037616,0.9259918716556649,0.9785699416883977,0.9848001735147764,0.9848769869581444,0.962285563733447,0.9656218621588735,0.967426946397069,0.9629497024148298,0.9556083673530614,0.9267983184479905,0.8973010614481309,0.7588839051770506,0.7690985722218231,0.5997010809956729,0.5055354668095902,0.4304015397167822,0.9065587062454676
0.093,3.6004079406567633,0.9279271053207543,0.9793559310022992,0.985393308842394,0.985471018905029,0.9634849631833452,0.9667614788911664,0.968525948963331,0.9641517779762203,0.9569705954140834,0.9286985720417742,0.8996477219317317,0.7623823739316912,0.7725757451836164,0.6035159232186933,0.5091915987152644,0.4336938767037358,0.9081798353968308
0.094,3.6306061184087364,0.9297994548968234,0.9801082666670696,0.9859597395454694,0.9860381190487217,0.9646386444875993,0.9678561216970548,0.9695809899967813,0.9653073563216596,0.9582825258855632,0.9305375898586484,0.9019260842441954,0.7658085033115374,0.7759791238431333,0.6072719509123548,0.5127996911205885,0.43694738161262725,0.909752957487068
0.095,3.6606632929961087,0.9316113785268181,0.9808286074861153,0.9865008375521213,0.9865796805799117,0.965748654515647,0.9689078619879283,0.9705941148621011,0.9664185389879507,0.959546344161478,0.9323177480188096,0.9041385839877389,0.7691642630805504,0.7793107540396497,0.6109704452909532,0.5163606772083359,0.4401627780563552,0.9112799776656524
0.096,3.6905804496894414,0.9333652211061741,0.981518518964867,0.9870178948827864,0.9870970150307832,0.9668169339041006,0.969918661300667,0.9715672596400654,0.9674873179719778,0.9607641254680963,0.9340413136308752,0.9062875526521282,0.7724515547045026,0.7825726099732634,0.6146126495291375,0.5198754642881798,0.44334076950748713,0.9127627080502999
0.097,3.7203585646010846,0.9350632203282223,0.9821794792548004,0.9875121289003383,0.9875913576677514,0.9678453233764948,0.9708903779343205,0.9725022577617911,0.9685155822437334,0.9619378412323434,0.9357104506168541,0.9083752228552627,0.7756722142839987,0.7857665972875154,0.618199770245776,0.5233449347745488,0.44648204007251624,0.9142028730853122
0.098,3.749998604791345,0.936707512361607,0.9828128846717482,0.9879846871732132,0.9880638724852799,0.9688355696369542,0.9718247731353027,0.9734008461901117,0.9695051238223084,0.9630693650328512,0.9373272251798958,0.9104037332784726,0.77882801533607,0.7888945559936453,0.6217329789154775,0.5267699471173911,0.44958725522838716,0.9156021145449977
0.099,3.779501528373169,0.9383001371848706,0.983420054822487,0.9884366519833363,0.9885156568336071,0.9697893308699654,0.9727235168653089,0.9742646711824782,0.9704576434475871,0.9641604781643368,0.9388936109395943,0.912375133316762,0.7819206714334587,0.7919582632459179,0.6252134132119654,0.5301513366885715,0.45265706252347737,0.9169619962087292
0.1,3.808868284615385,0.9398430436014501,0.9840022373705942,0.9888690445077539,0.9889477457102331,0.9707081818757366,0.9735881931833142,0.9750952936669104,0.971374755877672,0.9652128748434546,0.9404114937577035,0.9142913874627265,0.7849518387100941,0.79495943597682,0.6286421782872146,0.5334899166264313,0.45569209224508844,0.9182840082319755
0.101,3.838099814044513,0.9413380939565906,0.9845606124698536,0.9892828287002708,0.9893611157423251,0.9715936188681884,0.9744203052704093,0.9758941942599053,0.9722579948396048,0.9662281670820034,0.9418826762753706,0.9161543794414985,0.7879231182406802,0.7978997334003417,0.6320203479900124,0.5367864786408796,0.45869295805534394,0.9195695712356479
0.102,3.8671970485451763,0.9427870685760776,0.985096296891042,0.9896789148970527,0.989756688884783,0.9724470639603969,0.9752212801238703,0.9766627779528325,0.97310881765871,0.967207889251296,0.9433088821813892,0.9179659161128054,0.7908360583017843,0.8007807593910115,0.6353489660273631,0.540041793781233,0.4616602575972891,0.9208200401342603
0.103,3.8961609114591296,0.9441916699452152,0.985610347865714,0.9900581631680379,0.9901353358565183,0.9732698693602863,0.9759924729447114,0.9774023784911792,0.973928609589836,0.9681535023596144,0.9446917602295019,0.9197277311550665,0.7936921565213209,0.8036040647458467,0.638629047071936,0.5432566131688774,0.46459457307285545,0.9220367077217535
0.104,3.924992317682927,0.9455535266451288,0.9861037666685889,0.9904213864340886,0.9904978793355278,0.9740633212975238,0.9767351712410044,0.9781142624690367,0.9747186878719156,0.9690663980629456,0.946032888021433,0.9214414885453751,0.7964928619228685,0.8063711493359181,0.6418615778185451,0.546431668696683,0.46749647179425025,0.9232208080323022
0.105,3.953692173764259,0.9468741970622234,0.9865775019583267,0.9907693533680929,0.9908450969315588,0.9748286437009005,0.9774505986674721,0.9787996331594228,0.9754803055255635,0.9699479024276225,0.9473337755711005,0.9231087858482371,0.7992395768708338,0.8090834641537896,0.6450475179924668,0.5495676736970001,0.47036650671023683,0.9243735194920659
0.106,3.9822613779969656,0.9481551728854878,0.9870324528948237,0.9911027910966563,0.9911777239535452,0.9755670016439366,0.9781399186202206,0.9794596340993909,0.9762146549118741,0.9707992794620514,0.948595868664311,0.9247311573250179,0.8019336589220878,0.8117424132626939,0.6481878013122215,0.5526653235799284,0.47320521690867146,0.9254959678765624
0.107,4.010700820514762,0.9493978824052739,0.9874694720496583,0.9914223877176142,0.9914964559875344,0.9762795045750648,0.9788042376039994,0.9800953524473814,0.9769228710691701,0.9716217344333875,0.9498205520272064,0.9263100768752203,0.8045764225893317,0.814349355652928,0.6512833364092758,0.5557252964434602,0.47601312809658114,0.9265892290872064
0.108,4.039011383383686,0.9506036936262174,0.9878893681249501,0.9917287946473068,0.9918019512994947,0.9769672093474596,0.9794446083880071,0.9807078221289028,0.9776060348431512,0.9724164169838191,0.9510091523157657,0.9278469608199376,0.8071691410211145,0.8169056070106067,0.6543350077069781,0.5587482536569943,0.478790753058987,0.927654331759504
0.109,4.0671939406932935,0.9517739172060646,0.9882929084946528,0.992022628810398,0.9920948330761904,0.9776311230624167,0.9800620329650256,0.9812980267853745,0.9782651758247045,0.9731844240600048,0.9521629409377829,0.9293431705371158,0.809713047603112,0.8194124414035895,0.6573436762608864,0.5617348404196216,0.4815385920975953,0.9286922597144288
0.11,4.095249358646617,0.9529098092313437,0.9886808215811713,0.9923044746839573,0.9923756915162183,0.9782722057391176,0.9806574653275186,0.9818669025398236,0.9789012751085536,0.9739268026682028,0.9532831367179302,0.930800014957599,0.8122093374849841,0.8218710928890969,0.660310180562529,0.5646856862945062,0.48425713345042876,0.9297039542636285
0.111,4.123178495648913,0.954012573840062,0.9890537990791569,0.9925748862065631,0.9926450857823027,0.9788913728226338,0.981231814073295,0.9824153405920738,0.9795152678849248,0.9746445524666929,0.9543709084157627,0.9322187529303211,0.8146591690368586,0.8242827570472443,0.6632353373084985,0.567601405720598,0.48694685369338087,0.9306903163783061
0.112,4.150982202395211,0.9550833657008994,0.9894124980373986,0.9928343885623109,0.9929035458250434,0.9794894975411341,0.9817859448523768,0.9829441896551085,0.9801080458754944,0.9753386282062415,0.9554273771058356,0.9336005954644474,0.8170636652392382,0.8266485924444779,0.6661199421366819,0.5704825985028446,0.48960821812463795,0.9316522087308777
0.113,4.178661321956684,0.9561232923577209,0.9897575428088632,0.9930834798488105,0.9931515740874838,0.9800674131224264,0.9823206826658366,0.9834542582434047,0.9806804596240413,0.9760099420285667,0.956453618428458,0.9349467078557431,0.8194239150098893,0.8289697220306322,0.6689647703313066,0.5733298502819932,0.49224168113284184,0.9325904576178359
0.114,4.206216689865872,0.9571334164476304,0.9900895268781555,0.9933226326375314,0.9933896470991191,0.9806259148792225,0.9828368140265662,0.9839463168232286,0.9812333206514626,0.9766593656320469,0.9574506647190291,0.9362582117039675,0.8217409744710621,0.8312472344731264,0.6717705774983926,0.5761437329850219,0.49484768654982636,0.9335058547716254
0.115,4.2336491342007445,0.9581147578002275,0.9904090145749498,0.9935522954341878,0.9936182169672738,0.9811657621718128,0.9833350889911971,0.9844210998341405,0.9817674034840954,0.977287732313241,0.9584195070233505,0.937536186827644,0.8240158681601804,0.8334821854315865,0.6745381002131038,0.5789248052571595,0.49742666798870205,0.934399159068761
0.116,4.260959475667656,0.9590682954252161,0.9907165426812848,0.9937728940462555,0.9938377127731558,0.9816876802562046,0.9838162230717168,0.9848793075902739,0.9822834475636405,0.977895838892182,0.9593610970058097,0.9387816730821362,0.8262495901869505,0.8356755987759935,0.677268056640404,0.5816736128764202,0.4999790491680284,0.9352710981408997
0.117,4.288148527683198,0.9599949693950367,0.991012621940016,0.9939848328641536,0.994048541879321,0.98219236202519,0.9842808990346977,0.9853216080693268,0.9827821590463839,0.9784844475288385,0.9602763487568625,0.9399956720865861,0.8284431053396732,0.8378284677512754,0.6799611471303443,0.5843906891515032,0.5025052442227558,0.9361223698950936
0.118,4.3152170964549486,0.9608956826287497,0.9912977384711631,0.9941884960621203,0.9942510911547596,0.9826804696492747,0.9847297685954867,0.9857486385966264,0.9832642124988589,0.9790542874376162,0.9611661405058144,0.9411791488649012,0.8305973501433608,0.8399417560910813,0.6826180547892251,0.5870765553038784,0.5050056580025994,0.9369536439489992
0.119,4.342165981061164,0.9617713025829876,0.9915723551023866,0.9943842487243479,0.9944457281233354,0.9831526361238973,0.9851634540141656,0.9861610074310971,0.9837302524965825,0.9796060565062945,0.9620313162444986,0.9423330334056554,0.8327132338721227,0.8420163990833246,0.6852394460278171,0.5897317208348182,0.5074806863584478,0.9377655629864201
0.12,4.368995973529412,0.9626226628554155,0.9918369126193634,0.99457243790152,0.9946328020408746,0.9836094667289144,0.9855825495996156,0.9865592952594707,0.9841808951320321,0.9801404228253461,0.9628726872670829,0.9434582221454533,0.8347916395181331,0.8440533045899263,0.6878259710877457,0.5923566838781004,0.5099307164173952,0.9385587440381709
0.121,4.395707858914161,0.963450564705783,0.9920918309414017,0.9947533936025004,0.9948126449057929,0.9840515404059069,0.9859876231275603,0.9869440566046302,0.9846167294375945,0.9806580261331791,0.963691033630891,0.9445555793800257,0.8368334247193576,0.8460533540230533,0.69037826454709,0.5949519315390639,0.5123561268469419,0.9393337796929082
0.122,4.422302415373353,0.9642557784993238,0.9923375102272469,0.9949274297255725,0.9949855724077903,0.9844794110584689,0.986379217178056,0.987315821153559,0.9850383187288211,0.981159479182463,0.9644871055428107,0.9456259386070547,0.8388394226480991,0.848017403280015,0.6928969458061883,0.5975179402206638,0.5147572881088733,0.940091239242259
0.123,4.4487804142439735,0.9650390450769554,0.9925743319156659,0.9950948449332931,0.9951518848187932,0.9848936087802863,0.9867578503975074,0.9876750950099842,0.985446201872952,0.9816453690323469,0.9652616246755602,0.9466701038044801,0.8408104428622947,0.8499462836388539,0.6953826195545765,0.6000551759371304,0.5171345627033157,0.9408316697642539
0.124,4.4751426201166185,0.9658010770564476,0.9928026597050689,0.995255923474732,0.9953118678300251,0.9852946410154786,0.9871240186899407,0.9880223618764504,0.9858408944873317,0.9821162582710556,0.9660152854178183,0.9476888506478054,0.8427472721213947,0.8518408026165607,0.6978358762199542,0.6025640946158131,0.5194883054034214,0.9415555971488369
0.125,4.501389790909092,0.9665425600684625,0.9930228404761188,0.995410935958585,0.9954657933387919,0.9856829936553708,0.9874781963419346,0.98835808417023,0.9862228900720261,0.9825726861730507,0.9667487560619606,0.9486829276697107,0.8446506751685493,0.8537017447917266,0.7002572924000061,0.6050451423877485,0.5218188634811254,0.9422635270689338
0.126,4.527522677939043,0.9672641539311285,0.9932352051609984,0.9955601400803978,0.9956139201883122,0.986059132075578,0.9878208370853115,0.9886827040771744,0.9865926610806526,0.98301516979466,0.9674626799329142,0.9496530573650742,0.8465213954807282,0.855529872593353,0.702647431277871,0.6074987558674732,0.5241265769243814,0.9429559459003485
0.127,4.5535420259956565,0.9679664937665771,0.9934400695627461,0.9957037813069037,0.9957564948636768,0.9864235021170253,0.9881523751014094,0.9889966445473305,0.9869506599331714,0.9834442050118264,0.9681576764614189,0.9505999372443195,0.8483601559883154,0.8573259270574377,0.7050068430220073,0.6099253624225627,0.5264117786462711,0.9436333215935275
0.128,4.579448573410406,0.9686501910626617,0.9936377351278289,0.9958420935202605,0.9958937521468021,0.9867765310142805,0.9884732259704984,0.9893003102358882,0.9872973199741322,0.983860267503386,0.9688343422047803,0.9515242408378315,0.8501676597656307,0.8590906285528719,0.707336065171162,0.6123253804333642,0.528674794686355,0.9442961045000366
0.129,4.605243052126894,0.969315834682881,0.9938284896749038,0.9959752996247754,0.9960259157330376,0.9871186282743519,0.9887837875696652,0.9895940883927825,0.9876330563796374,0.9842638136830595,0.9694932518180082,0.952426618654019,0.851944590693754,0.8608246774780994,0.7096356230051133,0.6146992195433585,0.5309159444046152,0.9449447281564053
0.13,4.630926187769785,0.9699639918273383,0.99401260808251,0.9961036121185226,0.9961531988118936,0.9874501865088974,0.9890844409222689,0.9898783497040543,0.9879582670160729,0.9846552815831423,0.9701349589780568,0.9533076990934497,0.8536916140969496,0.8625287549299057,0.7119060299018217,0.6170472809005605,0.53313554066832,0.9455796100278205
0.131,4.65649869971285,0.9705952089474047,0.9941903529382504,0.9962272336320899,0.9962758046141906,0.987771582222595,0.9893755510018634,0.9901534490878655,0.9882733332534508,0.9850350916926798,0.970759997263716,0.954168089321344,0.8554093773539259,0.8642035233456401,0.7141477876815957,0.6193699573903625,0.53533389003213,0.9462011522139924
0.132,4.681961301146132,0.9712100126165851,0.9943619751518411,0.9963463574365323,0.9963939269277593,0.9880831765602461,0.9896574674932928,0.9904197264478743,0.9885786207360291,0.9854036477527395,0.9713688809935498,0.9550083761005758,0.8570985104850877,0.8658496271200957,0.7163613869388363,0.6216676338601816,0.5375112929117373,0.9468097421193595
0.133,4.707314699142245,0.971808910359942,0.9945277145342493,0.9964611679224709,0.9965077505836819,0.9883853160150172,0.9899305255134896,0.9906775073864974,0.9888744801126981,0.9857613375112276,0.971962106024134,0.9558291265872086,0.8587596267168899,0.8674676931982139,0.7185473073619084,0.6239406873362732,0.5396680437513242,0.9474057530896741
0.134,4.732559594721827,0.9723923914442859,0.9946878003449896,0.9965718410521359,0.9966174519149215,0.9886783331000685,0.9901950462943389,0.990927103880424,0.9891612477294649,0.9861085334395396,0.9725401505107085,0.956630889090477,0.8603933230243335,0.869058331644715,0.7207060180416494,0.62618948723304,0.5418044311851131,0.9479895450168613
0.135,4.75769668291815,0.9729609276312182,0.9948424518095099,0.9966785447860365,0.9967231991890625,0.9889625469856776,0.9904513378298222,0.9911688149205905,0.9894392462862162,0.9864455934131946,0.973103475632236,0.9574141937990119,0.8620001806525948,0.870622136191702,0.7228379777690038,0.6284143955551644,0.5439207381932532,0.9485614649139462
0.136,4.78272665284091,0.9735149738949792,0.9949918786084677,0.9967814394858184,0.9968251530167659,0.9892382641038295,0.9906996954895089,0.9914029271186842,0.9897087854598038,0.9867728613584669,0.9736525262827402,0.9581795534750115,0.8635807656187262,0.8721596847652261,0.7249436353222486,0.6306157670928538,0.546017242252296,0.9491218474617134
0.137,4.807650187739193,0.9740549691069504,0.9951362813405829,0.9968806782947721,0.9969234667374353,0.9895057787221194,0.9909404026003359,0.9916297152821121,0.9899701624953692,0.9870906678669065,0.9741877317306885,0.9589274641179579,0.8651356291943194,0.8736715399917588,0.727023429744249,0.6327939496105018,0.5480942154804846,0.949671015528671
0.138,4.83246796506365,0.974581336688544,0.9952758519606377,0.9969764074973507,0.9970182867834901,0.989765373488703,0.9911737309984884,0.991849442959247,0.9902236627676989,0.9873993307795201,0.9747095062480767,0.9596584055993944,0.8666653083699727,0.8751582496854577,0.7290777906101622,0.6349492840290274,0.5501519247780758,0.9502092806657889
0.139,4.857180656527876,0.9750944852341177,0.9954107741940955,0.9970687668589692,0.9971097530245454,0.9900173199499156,0.9913999415530851,0.9920623629566502,0.990469560314296,0.9876991557422826,0.9752182497107845,0.9603728422701909,0.8681703263023677,0.8766203473170775,0.731107138285989,0.6370821046021589,0.5521906319629022,0.9507369435773949
0.14,4.881788928169015,0.9755948091054568,0.9955412239297112,0.9971578899472707,0.9971979990927148,0.990261879042086,0.9916192846632602,0.9922687178298608,0.9907081183417469,0.987990436734538,0.9757143481716731,0.9610712235416483,0.8696511927447123,0.8780583524653269,0.7331118841783499,0.6391927390869068,0.5542105939013765,0.9512542945695196
0.141,4.906293440407589,0.9760826889992777,0.9956673695914218,0.9972439044359702,0.9972831526901725,0.9904993015589715,0.9918320007301403,0.9924687403492469,0.9909395897068641,0.988273456571767,0.9761981744078174,0.9617539844417167,0.8711084044612774,0.8794727712514394,0.7350924309758482,0.6412815089084651,0.5562120626351175,0.9517616139769166
0.142,4.930694848106592,0.9765584924891243,0.9957893724907191,0.9973269323923093,0.9973653358800321,0.9907298285961607,0.9920383206051169,0.9926626539423159,0.9911642173739985,0.9885484873840982,0.9766700884431836,0.9624215461475336,0.8725424456267085,0.88086409675768,0.7370491728823617,0.6433487293197613,0.5581952855033852,0.9522591725698963
0.143,4.954993800629812,0.9770225745429515,0.9959073871606333,0.9974070905490927,0.9974446653615356,0.9909536919737003,0.9922384660157327,0.992850673113799,0.9913822348498259,0.9888157910718665,0.9771304380479888,0.9630743164954233,0.87395378821077,0.8822328094304805,0.7389824958425886,0.6453947095558714,0.5601605052614943,0.9527472319420529
0.144,4.979190941899442,0.9774752780176188,0.9960215616723815,0.9974844905622112,0.9975212527304795,0.9911711146381346,0.9924326499704184,0.9930330038447435,0.9915938665968387,0.9890756197394402,0.9775795592159118,0.9637126904694354,0.875342892349139,0.8835793774688595,0.740892777760159,0.647419752983504,0.5621079601953596,0.9532260448798968
0.145,5.003286910452962,0.9779169341314455,0.9961320379356724,0.997559239254501,0.9975952047257431,0.9913823110450679,0.9926210771432403,0.9932098439717696,0.9917993284266947,0.9893282161084702,0.9780177766202579,0.9643370506694446,0.8767102067008421,0.8849042571987494,0.7427803887086131,0.6494241572457443,0.5640378842323415,0.9536958557153463
0.146,5.027282339499306,0.9783478629159188,0.9962389519835935,0.9976314388467309,0.9976666234627334,0.9915874875232995,0.9928039442397515,0.9933813835475817,0.9919988278745111,0.9895738139116421,0.978445404050118,0.9649477677597773,0.8780561687928929,0.8862078934338276,0.7446456911355177,0.6514082144022494,0.5659505070485273,0.9541569006619743
0.147,5.0511778569743235,0.9787683736475842,0.996342434242952,0.9977011871764635,0.9977356066545042,0.9917868426215151,0.9929814403449713,0.9935478051837552,0.992192564555123,0.9898126382679556,0.9788627448275087,0.9655452008992832,0.87938120535267,0.8874907198234139,0.7464890400600045,0.653372211065065,0.5678460541725973,0.9546094081358538
0.148,5.074974085595568,0.9791787652610909,0.996442609790885,0.997768577905485,0.9978022478212631,0.9919805674384609,0.9931537472544589,0.9937092843767611,0.9923807305022686,0.990044906040492,0.979270092206421,0.9661296981537155,0.880685732628538,0.8887531591879747,0.7483107832639737,0.6553164285302326,0.569724747086402,0.9550535990618034
0.149,5.098671642916379,0.9795793267443126,0.9965395985985046,0.9978337007164582,0.9978666364889315,0.9921688459374757,0.9933210397893883,0.9938659898181318,0.9925635104916075,0.9902708261775761,0.9796677297546613,0.9667015968912459,0.8819701566992028,0.8899956238427458,0.7501112614772178,0.6572411429053555,0.5715868033223872,0.9554896871657756
0.15,5.1222711413793105,0.9799703375164145,0.9966335157622994,0.9978966414994103,0.9979288583773847,0.9923518552461997,0.9934834860964776,0.9940180836896201,0.9927410823484202,0.9904906000381883,0.980055931719313,0.96726122416189,0.8832348737722567,0.8912185159099613,0.7518908085566941,0.6591466252332654,0.5734324365579792,0.9559178792541014
0.151,5.145773188368892,0.9803520677896896,0.9967244717239655,0.9979574825286304,0.997988995578957,0.9925297659422371,0.9936412479335787,0.9941657219441509,0.9929136172407956,0.9907044217024334,0.9804349633766086,0.9678088970615853,0.8844802704723598,0.8924222276201574,0.7536497516601726,0.6610331416119468,0.5752618567070549,0.9563383754802527
0.152,5.169178386263736,0.9807247789159445,0.9968125724793035,0.9980163026305152,0.9980471267277632,0.9927027423254998,0.993794480941683,0.9943090545733201,0.9930812799590618,0.9909124782678271,0.9808050813669572,0.9683449230816206,0.8857067241194698,0.8936071416029904,0.755388411414469,0.6629009533108516,0.577075270008603,0.9567513695997609
0.153,5.192487332488007,0.98108872371817,0.9968979197767796,0.9980731773428698,0.9981033271603507,0.9928709426779226,0.993943334904057,0.9944482258621506,0.9932442291821726,0.9911149501321184,0.9811665340158333,0.9688696004440829,0.8869146029975283,0.8947736311679938,0.7571071020784716,0.6647503168837423,0.5788728791126851,0.9571570492138717
0.154,5.215700619562244,0.981444146808201,0.996980611306308,0.9981281790661384,0.9981576690681696,0.9930345195111971,0.9940879539931801,0.9945833746317745,0.9934026177317227,0.9913120112633264,0.9815195616411949,0.9693832184239538,0.8881042666139775,0.8959220605756819,0.7588061317011522,0.6665814842781906,0.5806548831637952,0.9575555960025125
0.155,5.238818835153584,0.9817912848910205,0.9970607408787885,0.9981813772070108,0.9982102216423137,0.9931936198031367,0.9942284770061179,0.9947146344706711,0.9935565928142274,0.9915038294576314,0.9818643968480643,0.9698860576584545,0.8892760659504777,0.8970527852993778,0.7604858022747495,0.6683947029418511,0.5824214778817199,0.9579471859470913
0.156,5.2618425621253415,0.9821303670563414,0.9971383985968902,0.9982328383148258,0.9982610512109604,0.9933483852232514,0.9943650375889291,0.9948421339550576,0.9937062962522643,0.9916905665857276,0.9822012648108731,0.9703783904442079,0.8904303437051693,0.8981661522781395,0.7621464098833044,0.6701902159256314,0.5841728556399844,0.958331989543631
0.157,5.284772378585997,0.9824616150580565,0.9972136710175534,0.9982826262111644,0.998310221369913,0.9934989523480765,0.9944977644506692,0.9949659968589892,0.9938518647050418,0.9918723788282061,0.9825303835441387,0.9708604810227609,0.8915674345268114,0.8992625001611321,0.763788244846714,0.6719682619838689,0.5859092055419817,0.958710172006715
0.158,5.307608857937586,0.9827852435821242,0.9972866413066478,0.9983308021130047,0.9983577931066207,0.9936454528667713,0.9946267815675225,0.995086342354702,0.9939934298789307,0.9920494169005125,0.9828519641620133,0.9713325858549796,0.8926876652411169,0.9003421595437825,0.7654115918604711,0.6737290756716177,0.5876307134948626,0.9590818934646878
0.159,5.3303525689234945,0.983101460503421,0.9973573893862022,0.9983774247497876,0.9984038249180336,0.9937880137774737,0.9947522083775673,0.9952032852036933,0.9941311187284597,0.9922218262679883,0.9831662111272162,0.9717949538848066,0.8937913550695816,0.9014054531960355,0.7670167301312418,0.675472887439155,0.5893375622812709,0.9594473091465349
0.16,5.353004075675676,0.9834104671320717,0.9974259920745981,0.9984225504747202,0.9984483729226266,0.9939267575748714,0.9948741599666436,0.9953169359390146,0.9942650536482541,0.9923897473514809,0.983473322489838,0.9722478267928458,0.8948788158411022,0.902452696283018,0.7686039335084351,0.6771999237238007,0.5910299316290022,0.9598065695608423
0.161,5.375563937761295,0.9837124584497375,0.997492523220093,0.9984662333706282,0.998491490966905,0.9940618024294227,0.9949927472457757,0.9954274010392193,0.9943953526563668,0.9925533157239801,0.9837734901164724,0.9726914392402155,0.8959503521966552,0.9034841965784044,0.7701734706119019,0.6789104070391447,0.592707998278658,0.9601598206672175
0.162,5.3980327102288035,0.9840076233363179,0.9975570538280231,0.9985085253506478,0.9985332307266918,0.9941932623586407,0.9951080771205703,0.995534783094387,0.9945221295694266,0.9927126622987142,0.9840668999101204,0.9731260191030919,0.8970062617873031,0.9045002546707608,0.7717256049559045,0.6806045560617717,0.5943719360493704,0.9605072040405248
0.163,5.42041094365346,0.9842961447875034,0.9976196521820125,0.9985494762540289,0.9985736418034703,0.9943212473908261,0.9952202526529902,0.99563918096462,0.9946454941700088,0.9928679135091162,0.9843537320212765,0.9735517876983432,0.8980468354657811,0.905501164163137,0.7732605950694886,0.6822825857155758,0.5960219159026607,0.9608488570282798
0.164,5.442699184182307,0.9845782001235889,0.9976803839594971,0.998589133937313,0.9986127718160508,0.9944458637216196,0.9953293732158832,0.9957406899313899,0.9947655523666058,0.993019191481049,0.9846341610505961,0.9739689600006339,0.899072357471904,0.9064872118661605,0.7747786946133791,0.6839447072537356,0.597658106004499,0.9611849129015231
0.165,5.464897973578596,0.9848539611899406,0.9977393123418562,0.9986275443611236,0.9986506664878027,0.9945672138637208,0.9954355346406215,0.9958394018420859,0.9948824063465614,0.993166614197658,0.984908356243517,0.9743777448513646,0.9000831056120264,0.9074586779848798,0.7762801524935252,0.6855911283384435,0.5992806717856328,0.9615155009994786
0.166,5.487007849265688,0.9851235945494898,0.9977964981194266,0.9986647516728037,0.9986873697296904,0.9946853967901023,0.9955388293581913,0.9959354052481036,0.9949961547223081,0.9933102956571992,0.9851764816771942,0.9747783451597913,0.9010793514327783,0.9084158362995864,0.7777652129714084,0.6872220531184541,0.6008897760002361,0.9618407468682841
0.167,5.50902934437042,0.9853872616676045,0.9978519997916595,0.9987007982851137,0.9987229237193306,0.9948005080710326,0.995639346534052,0.9960287855367898,0.9951068926712302,0.9934503460241756,0.9854386964400838,0.9751709580966538,0.9020613603892855,0.9093589543408457,0.7792341157712238,0.6888376823045317,0.6024855787829408,0.9621607723940713
0.168,5.5309629877659585,0.9856451190896791,0.997905873662666,0.9987357249511959,0.998757368976278,0.994912640005203,0.9957371721970689,0.9961196250575433,0.9952147120694611,0.9935868717740931,0.9856951548045029,0.9755557752806279,0.9030293920080799,0.910288293558945,0.7806870961840442,0.6904382132428638,0.6040682377043075,0.9624756959306521
0.169,5.552809304114135,0.98589731861176,0.9979581739323832,0.998769570835997,0.9987907444337369,0.9950218817452383,0.9958323893628046,0.9962080032423587,0.9953197016199017,0.9937199758321354,0.9859460063924692,0.9759329829579003,0.903983700044894,0.9112041094879699,0.7821243851690649,0.6920238399865106,0.6056379078247855,0.9627856324220613
0.17,5.574568813907286,0.9861440074445117,0.9980089527835804,0.9988023735843324,0.9988230875068825,0.9951283194178574,0.9959250781514413,0.9962939967210795,0.9954219469747365,0.9938497577060397,0.986191396335114,0.9763027621751504,0.904924532637525,0.9121066519047015,0.7835462094520318,0.6935947533649497,0.607194741747214,0.9630906935201864
0.171,5.596242033509585,0.9863853283708146,0.998058260464913,0.9988341693857623,0.9988544341579657,0.995232036238935,0.9960153159005923,0.9963776794316178,0.9955215308527081,0.9939763136134405,0.9864314654259455,0.9766652889462132,0.9058521324539476,0.9129961649825259,0.7849527916209439,0.6951511410517882,0.6087388896679148,0.9633909876977089
0.172,5.6178294751978886,0.9866214198972689,0.99810614537022,0.9988649930364429,0.998884818958367,0.9953331126237035,0.9961031772732456,0.9964591227253802,0.9956185331513955,0.9940997366039377,0.986666350268229,0.9770207344126804,0.9067667368358461,0.913872887440535,0.786344350219123,0.6966931876306905,0.61027049942642,0.9636866203565694
0.173,5.639331647202107,0.9868524163998679,0.9981526541142519,0.9988948779981072,0.9989142751477552,0.9954316262923218,0.9961887343610693,0.9965383954681301,0.9957130310547312,0.9942201166761268,0.9868961834167336,0.9773692649986904,0.9076685779377316,0.9147370526879934,0.7877210998357356,0.6982210746595887,0.6117897165538828,0.9639776939321523
0.174,5.660749053745072,0.9870784482640914,0.9981978316050019,0.9989238564543175,0.9989428346904965,0.9955276523710256,0.9962720567833014,0.9966155641365034,0.9958050991359806,0.9943375408898253,0.9871210935140877,0.9777110425601401,0.9085578828617996,0.9155888889643373,0.7890832511938529,0.6997349807332245,0.6132966843202166,0.9642643079933887
0.175,5.682082195081967,0.9872996420196557,0.9982417211128102,0.9989519593641295,0.9989705283294543,0.9956212634890628,0.9963532117814284,0.996690692910383,0.995894809456392,0.9944520934737097,0.9873412054219706,0.9780462245285474,0.9094348737886793,0.9164286194748631,0.7904310112361271,0.7012350815440793,0.6147915437799947,0.9645465593389483
0.176,5.703331567539267,0.9875161204701494,0.9982843643363959,0.998979216513296,0.9989973856373098,0.9957125298716092,0.9964322643098509,0.996763843761326,0.9959822316597188,0.9945638559285709,0.9875566403473588,0.9783749640497781,0.9102997681042203,0.9172564625222607,0.7917645832081635,0.7027215499417416,0.6162744338171628,0.9648245420897029
0.177,5.724497663553234,0.9877280028177698,0.998325801465967,0.9990056565631328,0.9990234350655288,0.995801519428846,0.9965092771227243,0.9968350765372308,0.996067433062805,0.9946729071263862,0.9877675159640353,0.9786974101178427,0.911152778522456,0.9180726316341384,0.79308416673966,0.7041945559907634,0.617745491188596,0.9650983477776169
0.178,5.745580971707954,0.9879354047833667,0.9983660712435499,0.999031307097164,0.9990487039910904,0.9958882978413756,0.9965843108571498,0.9969044490434184,0.9961504787424112,0.9947793234053932,0.9879739465295593,0.9790137077039626,0.9119941132048753,0.9188773356866786,0.7943899579233898,0.7056542670270488,0.6192048505665356,0.9653680654312261
0.179,5.766581976772935,0.9881384387219897,0.99840521102067,0.9990561946656543,0.9990732187610903,0.9959729286421416,0.9966574241128868,0.9969720171202944,0.9962314316184564,0.9948831786613446,0.9881760429978846,0.9793239978810888,0.912823975876132,0.9196707790245594,0.7956821493920905,0.7071008477128244,0.6206526445799456,0.9656337816578502
0.18,5.78750115974026,0.988337213734128,0.9984432568135135,0.9990803448281345,0.9990970047353231,0.9960554732950097,0.9967286735287441,0.9970378347177506,0.9963103525338345,0.9949845444351122,0.9883739131278101,0.9796284179440575,0.9136425659363151,0.9204531615772749,0.7969609303933314,0.7085344600902335,0.6220890038548219,0.9658955807226799
0.181,5.808338997861309,0.9885318357728193,0.9984802433556877,0.9991037821940159,0.9991200863269422,0.9961359912701592,0.9967981138558035,0.9971019539664557,0.9963873003309648,0.9950834899968033,0.9885676615874299,0.9799271015255523,0.9144500785698977,0.9212246789719751,0.7982264868624185,0.7099552636335953,0.6235140570534858,0.966153544624876
0.182,5.829095964683053,0.9887224077468012,0.9985162041486957,0.9991265304613901,0.9991424870412928,0.9962145401164306,0.9968657980276202,0.9971644252461779,0.9964623319252183,0.9951800824265393,0.9887573900547509,0.9802201787080349,0.9152467048514771,0.9219855226429479,0.7994790014934021,0.7113634153003727,0.6249279309128941,0.9664077531708021
0.183,5.849772530083925,0.9889090296198645,0.9985511715102315,0.9991486124540988,0.9991642295130073,0.9962911755307601,0.9969317772275353,0.9972252972512752,0.9965355023753647,0.9952743866920455,0.9889431973146334,0.9805077761318071,0.9160326318484181,0.9227358799378566,0.8007186538082427,0.7127590695808852,0.6263307502819971,0.9666582840445207
0.184,5.870369160309279,0.989091798506568,0.9985851766204009,0.9991700501571592,0.9991853355414457,0.9963659514248336,0.9969961009532337,0.9972846170534824,0.9966068649511695,0.9953664657231888,0.9891251793522026,0.9807900170993471,0.9168080427205002,0.9234759342208446,0.8019456202241952,0.7141423785468055,0.627722638158173,0.9669052128756627
0.185,5.890886318006431,0.9892708087644602,0.9986182495659626,0.9991908647506246,0.999205826124563,0.9964389199890827,0.9970588170786677,0.997342430162116,0.9966764711982697,0.9954563804835975,0.9893034294428772,0.9810670216760707,0.9175731168166733,0.9242058649726135,0.8031600741194648,0.7155134918984765,0.6291037157227665,0.9671486133047814
0.186,5.911324462259308,0.9894461520829497,0.9986504193826836,0.9992110766419534,0.9992257214912782,0.9965101317541365,0.9971199719134685,0.9973987805818144,0.9967443710004482,0.9955441900394871,0.989478038239149,0.9813389067876497,0.9183280297690166,0.9249258478875748,0.8043621858971869,0.7168725570110839,0.630474102375761,0.9673885570463006
0.187,5.931684048622678,0.9896179175689624,0.998681714095896,0.9992307054969599,0.9992450411324182,0.9965796356498442,0.9971796102599529,0.9974537108679239,0.9968106126394196,0.9956299516258136,0.989649093854245,0.9816057863140222,0.9190729535839944,0.9256360549681776,0.8055521230477845,0.7182197189797175,0.6318339157696082,0.967625113949151
0.188,5.95196552915601,0.989786191829512,0.9987121607593383,0.9992497702694122,0.9992638038303028,0.9966474790619712,0.9972377754678362,0.9975072621796354,0.9968752428522407,0.9957137207098676,0.9898166819427955,0.9818677711802198,0.9198080567310996,0.9263366546165023,0.806730050209749,0.719555120663355,0.6331832718422414,0.9678583520551962
0.189,5.972169352456924,0.9899510590513082,0.9987417854923613,0.999268289229343,0.9992820276870369,0.9967137078866721,0.997294509486749,0.9975594743309718,0.9969383068864444,0.9957955510524196,0.9899808857786294,0.9821249694441324,0.9205335042289682,0.9270278117232144,0.8078961292288944,0.7208789027277979,0.6345222848492975,0.9680883376555363
0.19,5.992295963694268,0.9901126010775221,0.9987706135155711,0.9992862799901333,0.9992997301515707,0.9967783665828344,0.9973498529166583,0.9976103858397217,0.9969998485529996,0.9958754947665187,0.990141786329809,0.9823774863813268,0.9212494577290529,0.9277096877539641,0.8090505192161304,0.7221912036875933,0.6358510673955705,0.9683151353447783
0.191,6.012345804640814,0.9902708974818195,0.9987986691849843,0.9993037595344268,0.9993169280455866,0.9968414982223848,0.9974038450562808,0.9976600339744103,0.9970599102771902,0.9959536023740455,0.9902994623310131,0.9826254245670293,0.9219560755969293,0.9283824408333174,0.8101933766037956,0.7234921599469659,0.6371697304657191,0.9685388080733538
0.192,6.032319313705584,0.9904260256397727,0.9988259760247599,0.9993207442389298,0.9993336375882672,0.9969031445386476,0.9974565239495791,0.9977084547993922,0.9971185331475022,0.9960299228601117,0.9904539903533733,0.9828688839553785,0.9226535129913174,0.9290462258262974,0.811324855200598,0.7247819058397933,0.6384783834542509,0.9687594171979663
0.193,6.052216925965801,0.9905780607977509,0.9988525567585744,0.9993372498981473,0.9993498744199966,0.9969633459728349,0.997507926430423,0.9977556832181506,0.9971757569626054,0.9961045037253987,0.990605444871863,0.9831079619560507,0.9233419219408898,0.9297011944176168,0.812445106245201,0.7260605736686505,0.6397771341948039,0.9689770225302429
0.194,6.072039073198484,0.9907270761393916,0.9988784333397004,0.9993532917471079,0.9993656536250468,0.9970221417187497,0.9975580881654944,0.9978017530148792,0.9972316202765112,0.99617739103652,0.990753898330334,0.9833427535083542,0.9240214514189368,0.9303474951886747,0.8135542784584945,0.7273282937429482,0.6410660889887451,0.9691916823836617
0.195,6.0917861839116725,0.9908731428497444,0.9989036269798474,0.9993688844831206,0.9993809897532935,0.9970795697657773,0.9976070436955137,0.9978466968944225,0.997286160441983,0.9962486294744893,0.9908994212042924,0.9835733511528881,0.9246922474159598,0.9309852736923898,0.8146525180945902,0.7285851944161914,0.6423453526331084,0.9694034536188246
0.196,6.111458683375316,0.9910163301771793,0.99892815817682,0.9993840422866105,0.9993958968410085,0.9971356669402373,0.9976548264748573,0.9978905465206444,0.9973394136522749,0.9963182623813733,0.9910420820615008,0.983799845100852,0.9253544530102583,0.9316146725259413,0.8157399689905791,0.7298314021223858,0.6436150284478857,0.9696123916871423
0.197,6.131056993651792,0.991156705493146,0.9989520467410474,0.9993987788410746,0.9994103884307703,0.9971904689451634,0.9977014689096366,0.9979333325532939,0.9973914149812685,0.9963863318052043,0.9911819476204906,0.9840223233010967,0.9260082084365728,0.9322358314014839,0.8168167726150846,0.7310670414116114,0.6448752183026962,0.9698185506729953
0.198,6.150581533626098,0.9912943343498671,0.9989753118210319,0.9994131073521988,0.9994244775905337,0.997244010398579,0.9977470023943039,0.9979750846834317,0.997442198422075,0.9964528785432224,0.9913190828070644,0.9842408715049942,0.9266536511528473,0.9328488872149004,0.8178830681156477,0.732292234984788,0.6461260226428467,0.9700219833344268
0.199,6.170032719035692,0.9914292805360431,0.9989979719277675,0.9994270405661729,0.9994381769318956,0.9972963248703294,0.9977914573468469,0.9980158316674793,0.9974917969241682,0.996517942183518,0.9914535508088651,0.9844555733292099,0.9272909159051688,0.9334539741126563,0.8189389923649764,0.7335071037276573,0.6473675405147998,0.970222741142432
0.2,6.1894109625,0.9915616061306473,0.9990200449581708,0.9994405907872423,0.9994514986275975,0.9973474449175297,0.9978348632426316,0.9980556013599494,0.997540242429107,0.9965815611451371,0.9915854131280853,0.9846665103164502,0.9279201347909432,0.9340512235568146,0.8199846800060935,0.7347117667439992,0.6485998695910722,0.9704208743188917
0.201,6.208716673549595,0.9916913715548823,0.9990415482175702,0.9994537698945278,0.999464454428294,0.9973974021186893,0.9978772486469518,0.9980944207449131,0.9975875659049102,0.9966437727167144,0.991714729632387,0.9848737619942602,0.9285414373203595,0.9346407643882712,0.8210202634964106,0.7359063413881053,0.649823106194571,0.9706164318732098
0.202,6.227950258655044,0.9918186356223682,0.9990624984412935,0.9994665893581499,0.9994770556786243,0.997446227106562,0.997918641246337,0.998132315966257,0.9976337973791349,0.9967046130936917,0.9918415586041,0.9850774059319404,0.929154950476199,0.9352227228882625,0.8220458731507618,0.7370909432965307,0.6510373453223893,0.9708094616376993
0.203,6.247112121255439,0.9919434555876281,0.9990829118153928,0.9994790602546858,0.9994893133326176,0.997493949599778,0.9979590678786728,0.9981693123567831,0.9976789659707161,0.9967641174141785,0.9919659567877612,0.98527751779565,0.929760798772038,0.9357972228382052,0.823061637183425,0.7382656864191406,0.6522426806690755,0.971000010301769
0.204,6.2662026617866005,0.9920658871929379,0.9991028039965449,0.999491193281991,0.9995012379684607,0.9975405984333062,0.9979985545621819,0.9982054344661966,0.9977230999206154,0.996822319793511,0.9920879794360619,0.9854741714017617,0.9303591043088949,0.9363643855779136,0.8240676817491581,0.7394306830494731,0.6534392046493878,0.9711881234449549
0.205,6.285222277708978,0.9921859847135969,0.999122190131163,0.9995029987734129,0.9995128398026585,0.9975862015877932,0.9980371265233132,0.9982407060880311,0.9977662266213282,0.99687925335756,0.9922076803542547,0.9856674387685299,0.9309499868303691,0.9369243300622501,0.825064130983279,0.7405860438544366,0.6546270084205488,0.9713738455688403
0.206,6.304171363535228,0.9923038010016844,0.9991410848737523,0.9995144867114235,0.9995241287036126,0.997630786217826,0.9980748082235843,0.9982751502855534,0.9978083726452981,0.9969349502748376,0.9923251119430847,0.9858573901661307,0.931533563776318,0.9374771729162535,0.8260511070408145,0.7417318779033573,0.6558061819040178,0.9715572201279129
0.207,6.323050310857495,0.9924193875283525,0.9991595024045448,0.9995256667406972,0.999535114204645,0.9976743786791611,0.9981116233854201,0.998308789416691,0.9978495637722798,0.9969894417874503,0.9924403252402956,0.9860440941651332,0.9321099503351159,0.9380230284887944,0.8270287301347438,0.7428682926963945,0.6569768138067866,0.9717382895593849
0.208,6.341859508374384,0.9925327944247133,0.9991774564464407,0.9995365481806571,0.9995458055164912,0.9977170045549613,0.9981475950170284,0.9983416451580231,0.9978898250156955,0.9970427582409451,0.9925533699607622,0.9862276176834547,0.9326792594945381,0.9385620089048008,0.8279971185733631,0.7439953941923443,0.6581389916422187,0.9719170953120345
0.209,6.36059934191764,0.9926440705213715,0.9991949602812887,0.9995471400375152,0.9995562115392856,0.9977586886810799,0.998182745436353,0.9983737385278723,0.997929180648023,0.9970949291130904,0.9926642945353032,0.9864080260318544,0.9332416020913126,0.9390942241160986,0.8289563887967926,0.7451132868358408,0.6592928017504383,0.9720936778740884
0.21,6.3792701944785275,0.9927532633866506,0.9992120267655317,0.9995574510158266,0.9995663408740627,0.997799455170431,0.9982170962941396,0.9984050899085339,0.997967654225258,0.9971459830416342,0.9927731461482202,0.9865853829580158,0.9337970868593773,0.9396197819509085,0.8299066554126487,0.7462220735839757,0.6604383293182856,0.9722680768001934
0.211,6.397872446233925,0.9928604193635627,0.9992286683452455,0.99956748952958,0.9995762018337938,0.9978393274364811,0.998250668596153,0.9984357190676808,0.9980052686104829,0.9971959478510807,0.9928799707736079,0.9867597506892665,0.9343458204768842,0.9401387881620403,0.8308480312309106,0.7473218559323502,0.661575658398846,0.9724403307375027
0.212,6.416406474572127,0.9929655836055666,0.9992448970705963,0.9995772637128436,0.9995858024539807,0.997878328215897,0.9982834827245777,0.9984656451789728,0.9980420459965826,0.9972448505785209,0.9929848132104838,0.9869311899739821,0.9348879076119844,0.940651346473823,0.8317806272979908,0.7484127339405715,0.6627048719305668,0.9726104774509138
0.213,6.434872654118365,0.993068800111158,0.9992607246097402,0.9995867814299882,0.9995951505028249,0.9979164795903842,0.998315558458636,0.9984948868419066,0.9980780079281377,0.9972927174985566,0.9930877171167771,0.9870997601217213,0.935423450967434,0.9411575586278095,0.8327045529300434,0.7494948062572124,0.663826051755972,0.9727785538474909
0.214,6.453271356760049,0.9931701117573347,0.9992761622621902,0.9995960502855016,0.9996042534909911,0.9979538030077463,0.9983469149944542,0.9985234621009345,0.9981131753225285,0.9973395741473506,0.9931887250422182,0.9872655190421322,0.9359525513240526,0.9416575244272914,0.8336199157455217,0.7505681701442432,0.6649392786399839,0.9729445960000971
0.215,6.471602951671732,0.9932695603319776,0.9992912209716698,0.999605077633416,0.9996131186809829,0.997990319302196,0.9983775709642073,0.9985513884638836,0.9981475684902825,0.9973854453458376,0.9932878784601689,0.9874285232826758,0.93647530758307,0.9421513417806611,0.8345268216970091,0.7516329215009516,0.6660446322878637,0.9731086391702679
0.216,6.489867805339806,0.9933671865651851,0.9993059113384783,0.9996138705863628,0.9996217530961453,0.998026048713948,0.998407544454571,0.9985786829197008,0.998181207154693,0.9974303552221288,0.9933852177984314,0.9875888280652031,0.9369918168073921,0.9426391067436517,0.8354253751023402,0.7526891548873647,0.6671421913627795,0.9732707178303558
0.217,6.508066281586917,0.9934630301595999,0.9993202436313852,0.99962243602427,0.9996301635293141,0.99806101090812,0.9984368530245079,0.9986053619555525,0.9982141104707385,0.9974743272331387,0.9934807824690707,0.9877464873214269,0.9375021742618191,0.9431209135604931,0.8363156786750334,0.7537369635471818,0.6682320335030119,0.9734308656849668
0.218,6.52619874159613,0.993557129819763,0.9993342277990734,0.9996307806027209,0.9996383565511222,0.9980952249929709,0.9984655137224141,0.9986314415733042,0.99824629704333,0.9975173841854666,0.9935746108972877,0.9879015537273255,0.9380064734522462,0.9435968547040106,0.8371978335540496,0.7547764394302341,0.6693142353388042,0.9735891156917215
0.219,6.544265543934822,0.9936495232805302,0.9993478734811524,0.9996389107609832,0.9996463385179819,0.9981287095374975,0.9984935431026529,0.9986569373054041,0.9982777849449123,0.9975595482555589,0.9936667405493745,0.9880540787365126,0.9385048061638742,0.9440670209147004,0.8380719393328975,0.7558076732144806,0.6703888725088728,0.9737455000813576
0.22,6.562267044578314,0.9937402473345843,0.9993611900187547,0.9996468327297274,0.999654115579754,0.9981614825884205,0.9985209572414973,0.9986818642301943,0.9983085917324439,0.9976008410091791,0.9937572079597851,0.98820411261261,0.9389972624984624,0.9445315012388115,0.8389380940881005,0.7568307543275539,0.6714560196765758,0.9739000503772045
0.221,6.580203596933253,0.9938293378590738,0.9993741864647369,0.9996545525384449,0.9996616936871185,0.9981935616865769,0.9985477717525055,0.9987062369866738,0.9983387344637809,0.997641283420214,0.9938460487573526,0.9883517044606541,0.939483930910647,0.9449903830654607,0.839796394407042,0.7578457709678631,0.672515750545758,0.9740527974140472
0.222,6.598075551860744,0.9939168298414099,0.9993868715934985,0.999662076022579,0.9996690785986587,0.9982249638827456,0.9985740018013529,0.9987300697887307,0.9983682297134853,0.9976808958888381,0.9939332976906822,0.9884969022575714,0.9399648982433547,0.9454437521628114,0.8406469354152062,0.7588528101252701,0.6735681378762752,0.9742037713564025
0.223,6.615883257699221,0.9940027574042517,0.9993992539104355,0.9996694088303801,0.9996762758876714,0.9982557057529265,0.9985996621201381,0.9987533764388699,0.9983970935880827,0.9977196982590629,0.9940189886527494,0.9886397528817498,0.9404402497623372,0.9458916927133408,0.8414898108028274,0.7598519576013435,0.6746132534992075,0.9743530017162311
0.224,6.633627060287082,0.9940871538297057,0.999411341661043,0.9996765564294995,0.9996832909487132,0.9982858034130928,0.9986247670211864,0.9987761703414508,0.9984253417407882,0.9977577098356912,0.9941031547047297,0.9887803021417396,0.9409100691898488,0.9463342873482241,0.8423251128509661,0.7608432980292075,0.6756511683317672,0.9745005173701013
0.225,6.651307302985074,0.9941700515827698,0.9994231428396804,0.9996835241133273,0.9996901290038972,0.998315272533438,0.9986493304103702,0.9987984645154582,0.9984529893857216,0.9977949494007002,0.9941858280990882,0.9889185948041098,0.9413744387374946,0.9467716171808569,0.8431529324570225,0.7618269148929874,0.6766819523919121,0.9746463465758269
0.226,6.668924326698451,0.9942514823340454,0.9994346651980145,0.9996903170070913,0.9996967951089456,0.9983441283521355,0.9986733657999611,0.9988202716068202,0.9984800513116318,0.9978314352290756,0.9942670403019525,0.9890546746204885,0.9418334391382717,0.9472037618395466,0.8439733591597063,0.762802890546869,0.6777056748126694,0.9747905169885933
0.227,6.68647846989887,0.9943314769817448,0.9994459162531513,0.9996969400737218,0.9997032941590129,0.9983723856886291,0.9986968863210369,0.9988416039002952,0.9985065418951472,0.997867185104113,0.994346822014795,0.9891885843538144,0.9422871496778237,0.9476307994993889,0.8447864811634705,0.7637713062337763,0.6787224038561759,0.9749330556765962
0.228,6.703970068646082,0.9944100656730173,0.9994569032954705,0.999703398119494,0.999709630894287,0.998400058956473,0.9987199047354555,0.9988624733309406,0.9985324751135729,0.9979022163322111,0.9944252031954477,0.9893203658038245,0.9427356482249349,0.948052806913359,0.8455923853624295,0.7647322421036782,0.6797322069274436,0.9750739891362044
0.229,6.721399456609366,0.9944872778246161,0.9994676333961738,0.9997096957994581,0.9997158099053766,0.9984271621757361,0.9987424334474161,0.9988828914951814,0.998557864557248,0.9979365457571717,0.9945022130784722,0.9894500598318026,0.9431790112612809,0.9484698594426357,0.8463911573637677,0.765685777231533,0.6807351505878579,0.9752133433066636
0.23,6.738766965088758,0.9945631421429317,0.9994781134145581,0.9997158376226628,0.999721835638496,0.9984537089849891,0.9987644845146209,0.9989028696614932,0.9985827234414831,0.9979701897740256,0.9945778801949068,0.9895777063846124,0.943617313910459,0.9488820310861804,0.8471828815106554,0.7666319896348792,0.6817313005684101,0.9753511435843609
0.231,6.756072923036031,0.9946376866434103,0.9994883500050248,0.9997218279571841,0.9997277124004537,0.9984797126528869,0.9987860696590525,0.9989224187807152,0.9986070646180907,0.9980031643424019,0.9946522323914113,0.9897033445180398,0.9440506299663182,0.9492893945095936,0.8479676409046837,0.7675709562910809,0.6827207217826781,0.9754874148366599
0.232,6.773317657075472,0.9947109386693789,0.9994983496238371,0.999727671034965,0.999733444363453,0.9985051860893654,0.9988072002773833,0.9989415494960047,0.9986309005865254,0.9980354849994574,0.9947252968488314,0.9898270124194638,0.9444790319206059,0.9496920210732672,0.8487455174278289,0.7685027531542357,0.6837034783395515,0.975622181415323
0.233,6.790501491524426,0.9947829249102981,0.9995081185356312,0.9997333709564736,0.9997390355697138,0.9985301418564616,0.9988278874510286,0.9989602721524504,0.9986542435046484,0.9980671668723811,0.9947971001001996,0.9899487474298797,0.944902590989953,0.9500899808598526,0.8495165917639574,0.7694274551717531,0.6846796335557184,0.975755467169539
0.234,6.807624748413632,0.9948536714194615,0.9995176628196959,0.9997389316951897,0.9997444899359202,0.9985545921787751,0.9988481419558569,0.9989785968063538,0.9986771051991286,0.9980982246904897,0.9948676680481947,0.9900685860652944,0.9453213771422133,0.950483342701064,0.8502809434198857,0.7703451363006112,0.685649249967909,0.9758872954585613
0.235,6.824687747507331,0.9949232036311588,0.9995269883760256,0.9997443571019222,0.9997498112575038,0.9985785489535823,0.9988679742715724,0.9989965332341937,0.9986994971754952,0.9981286727969292,0.9949370259820741,0.9901865640375132,0.9457354591221755,0.9508721742038351,0.8510386507460013,0.7712558695232984,0.6866123893449085,0.9760176891639767
0.236,6.841690806323186,0.9949915463773228,0.9995361009311585,0.9997496509089697,0.9997550032127673,0.998602023760616,0.9988873945907785,0.9990140909412836,0.9987214306278548,0.9981585251599949,0.9950051985941006,0.9903027162743386,0.9461449044766651,0.9512565417758451,0.8517897909564608,0.7721597268634488,0.6875691126993416,0.9761466707016129
0.237,6.858634240151957,0.9950587239036757,0.9995450060438058,0.9997548167341249,0.999760069366855,0.9986250278715221,0.9989064128277367,0.9990312791701356,0.9987429164482824,0.9981877953840865,0.995072209995477,0.9904170769391989,0.946549779579053,0.9516365106504354,0.8525344401489705,0.7730567794011769,0.6885194802992356,0.9762742620331015
0.238,6.875518362077014,0.9951247598853926,0.9995537091102821,0.9997598580845335,0.9997650131755778,0.9986475722590061,0.9989250386268315,0.9990481069085396,0.9987639652359033,0.9982164967203074,0.9951380837318062,0.9905296794502234,0.946950149653184,0.9520121449109286,0.8532726733241608,0.7739470972881181,0.6894635516793639,0.9764004846771001
0.239,6.892343482993594,0.9951896774422974,0.9995622153697432,0.999764778360411,0.9997698379890967,0.9986696676056802,0.9989432813707501,0.9990645828973698,0.9987845873056712,0.9982446420767243,0.9952028427980937,0.9906405564987841,0.9473460787967468,0.95238350751437,0.854004564404567,0.7748307497621849,0.6904013856523813,0.9765253597201954
0.24,6.909109911627907,0.9952534991536065,0.9995705299092398,0.9997695808586233,0.9997745470554719,0.9986913243126205,0.9989611501883914,0.999080715638128,0.9988047926968591,0.9982722440282967,0.995266509653304,0.9907497400675183,0.9477376300040927,0.9527506603147046,0.8547301862532216,0.7757078051620404,0.691333040319747,0.9766489078274859
0.241,6.925817954556006,0.995316247072236,0.9995786576685928,0.9997742687761376,0.9997791435240808,0.9987125525076469,0.9989786539625098,0.9990965134002329,0.9988245911812683,0.9982993148264896,0.9953291062344898,0.9908572614478489,0.9481248651885243,0.9531136640854071,0.855449610691871,0.7765783309412995,0.6922585730824492,0.9767711492528661
0.242,6.942467916222481,0.9953779427386856,0.9995866034450983,0.9997788452133473,0.9997836304489135,0.9987333620533339,0.9989958013371072,0.9991119842280665,0.99884399227117,0.9983258664085782,0.9953906539705041,0.9909631512570186,0.9485078452040641,0.9534725785415765,0.8561629085188214,0.7774423936824607,0.6931780406515275,0.9768921038490138
0.243,6.959060098958935,0.9954386071945138,0.9995943718980683,0.9997833131772766,0.9997880107917466,0.9987537625547617,0.999012600724578,0.9991271359477837,0.9988630052269859,0.998351910406659,0.9954511737953115,0.9910674394546523,0.9488866298667197,0.953827462361514,0.8568701495264278,0.7783000591105792,0.6940914990584066,0.9770117910770938
0.244,6.97559480300231,0.9954982609954177,0.999601967553213,0.9997876755846699,0.9997922874252031,0.9987737633670185,0.9990290603126217,0.9991419761738963,0.9988816390647189,0.9983774581563732,0.9955106861609101,0.9911701553588615,0.9492612779752556,0.9541783732077923,0.8575714025182297,0.7791513921066797,0.6949990036650344,0.9771302300161866
0.245,6.992072326512968,0.9955569242239295,0.9996093948068707,0.9997919352649688,0.9997964631357011,0.998793373602461,0.9990451880709263,0.9991565123156385,0.9988999025631424,0.9984025207053561,0.9955692110498774,0.9912713276619081,0.949631847331489,0.9545253677478366,0.8582667353257449,0.7799964567209241,0.6959006091738402,0.9772474393724502
0.246,7.0084929655926365,0.995614616501743,0.9996166579300925,0.9997960949631838,0.9998005406262976,0.9988126021377424,0.999060991757633,0.9991707515831207,0.9989178042707559,0.998427108821419,0.9956267679875511,0.991370984445435,0.9499983947601158,0.954868501674023,0.8589562148249267,0.7808353161855285,0.6967963696375087,0.9773634374880258
0.247,7.024857014302125,0.9956713570016817,0.9996237610725842,0.9998001573426618,0.9998045225194284,0.9988314576206158,0.99907647892559,0.9991847009932822,0.9989353525125169,0.9984512330004764,0.9956833760538589,0.9914691531952841,0.9503609761280875,0.955207829723314,0.859639906952296,0.781668032927447,0.6976863384685787,0.9774782423496922
0.248,7.0411647646789,0.9957271644593195,0.9996307082665146,0.999804124987756,0.9998084113595513,0.9988499484765214,0.999091656928404,0.9991983673756466,0.9989525553963547,0.998474903474223,0.9957390538948054,0.9915658608159076,0.9507196463635411,0.9555434056964369,0.8603178767207514,0.7824946685808156,0.6985705684488663,0.9775918715972797
0.249,7.057416506754436,0.9957820571842663,0.9996375034301913,0.9998080004063996,0.9998122096156948,0.9988680829149644,0.9991065329262924,0.9992117573778898,0.9989694208194775,0.9984981302175714,0.9957938197336298,0.9916611336443896,0.9510744594743022,0.9558752824766227,0.8609901882350687,0.7833152839991722,0.6994491117387219,0.9777043425318506
0.25,7.073612528571429,0.9958360530711275,0.9996441503716125,0.9998117860325899,0.9998159196839154,0.9988858689356909,0.9991211138917492,0.9992248774712248,0.998985956474474,0.9985209229558607,0.9958476913816429,0.9917549974640868,0.9514254685659667,0.9562035120479122,0.8616569047070933,0.7841299392674485,0.7003220198861181,0.9778156721236533
0.251,7.089753116200798,0.9958891696101502,0.9996506527918965,0.9998154842287827,0.9998195438896682,0.9989033143346688,0.9991354066150261,0.9992377339556128,0.9990021698552238,0.9985432911718382,0.9959006862487546,0.9918474775179017,0.9517727258595737,0.9565281455130449,0.862318088470637,0.7849386937137453,0.7011893438355775,0.9779258770198557
0.252,7.105838553758543,0.9959414238975626,0.999657014288595,0.9998190972882038,0.9998230844900943,0.9989204267098818,0.9991494177094384,0.9992503329648034,0.9990180682626179,0.9985652441124282,0.9959528213537019,0.9919385985211981,0.9521162827088818,0.9568492331109377,0.8629738009960798,0.785741605920891,0.7020511339369413,0.9780349735520684
0.253,7.121869123422399,0.9959928326456208,0.9996632383588945,0.9998226274370783,0.9998265436762263,0.9989372134669394,0.9991631536165008,0.9992626804712128,0.9990336588100975,0.9985867907952902,0.9960041133339852,0.9920283846743704,0.9524561896172553,0.9571668242337664,0.8636241029046902,0.786538733737794,0.7029074399539823,0.9781429777436611
0.254,7.137845105448355,0.9960434121923674,0.9996693284027088,0.9998260768367818,0.999829923575117,0.9989536818245146,0.999176620610898,0.9992747822906439,0.9990489484290196,0.998607940015177,0.9960545784555241,0.9921168596750757,0.952792496254174,0.9574809674436601,0.864269053982665,0.7873301342905842,0.7037583110728662,0.9782499053168795
0.255,7.153766778186969,0.9960931785111149,0.9996752877256683,0.9998294475859174,0.9998332262518937,0.998969838819609,0.9991898248052984,0.9992866440868551,0.9990639438738511,0.998628700350097,0.9961042326220407,0.9922040467301414,0.9531252514713733,0.9577917104890167,0.8649087131948977,0.7881158639935586,0.7046037959104643,0.9783557716997713
0.256,7.169634418099549,0.9961421472196602,0.9996811195420078,0.999832741722319,0.9998364537117401,0.9989856913126568,0.9992027721550137,0.9992982713759817,0.9990786517272013,0.9986490801672884,0.9961530913841774,0.9922899685671545,0.9534545033186262,0.9580991003204514,0.8655431386984809,0.7888959785599281,0.7054439425225201,0.9784605920329205
0.257,7.185448299774139,0.9961903335892396,0.9996868269773584,0.999835961224986,0.9998396079018094,0.999001245992469,0.999215468462512,0.9993096695308169,0.9990930784046957,0.9986690876290124,0.9962011699483599,0.9923746474457446,0.9537802990591744,0.9584031831063868,0.8661723878559486,0.78967053301237,0.7062787984116745,0.9785643811760057
0.258,7.201208695941376,0.9962377525532315,0.999692413071446,0.9998391080159501,0.9998426907130707,0.9990165093810258,0.999227919381787,0.9993208437849558,0.9991072301596987,0.9986887306981695,0.9962484831854129,0.9924581051685684,0.9541026851848179,0.9587040042482923,0.8667965172482633,0.7904395816933952,0.7071084105353495,0.9786671537141808
0.259,7.216915877490152,0.9962844187156168,0.9996978807806993,0.9998421839620787,0.9998457039820925,0.9990314878381213,0.9992401304225915,0.9993317992368069,0.9991211130878876,0.998708017143746,0.9962950456389329,0.9925403630920049,0.9544217074306734,0.9590016083955842,0.8674155826875566,0.7912031782755293,0.7079328253134983,0.9787689239642826
0.26,7.232570113483147,0.9963303463592005,0.9997032329807728,0.9998451908768151,0.9998486494927625,0.9990461875658652,0.9992521069545358,0.9993425408534782,0.9991347331316858,0.9987269545460965,0.9963408715334308,0.9926214421365693,0.9547374107896063,0.9592960394601933,0.8680296392296234,0.7919613757713113,0.7087520886362177,0.9788697059808779
0.261,7.248171671172182,0.9963755494536067,0.9997084724689841,0.9998481305218596,0.9998515289779507,0.999060614613047,0.99926385421106,0.9993530734745386,0.9991480960845585,0.9987455503020669,0.9963859747822471,0.9927013627970549,0.9550498395263479,0.9595873406308089,0.8686387411861831,0.792714226543119,0.7095662458712337,0.9789695135621457
0.262,7.263720816013439,0.9964200416630505,0.9997136019666729,0.9998510046087927,0.9998543441211131,0.9990747748793667,0.9992753772932811,0.9993634018156621,0.9991612075951751,0.9987638116299646,0.9964303689952486,0.9927801451524092,0.9553590371913033,0.9598755543868073,0.8692429421369026,0.7934617823128178,0.7103753418712554,0.9790683602556094
0.263,7.2792178116825035,0.9964638363538942,0.9997186241214809,0.9998538148006432,0.9998570965578415,0.9990886741195375,0.9992866811737202,0.9993735304721567,0.9991740731714444,0.9987817455743786,0.9964740674863131,0.992857808875353,0.955665046634059,0.9601607225118731,0.8698422949411966,0.7942040941712417,0.711179420981206,0.9791662593637133
0.264,7.294662920089286,0.996506946601996,0.9997235415095577,0.9998565627134022,0.9998597878773614,0.9991023179472629,0.9992977706999155,0.9993834639223835,0.9991866981844252,0.998799359010857,0.9965170832806077,0.992934373241751,0.9559679100165971,0.9604428861073202,0.8704368517498025,0.7949412125875068,0.7119785270453283,0.9792632239492565
0.265,7.310056401392758,0.9965493851998558,0.9997283566376937,0.9998592499174868,0.9998624196239764,0.9991157118390944,0.999308650597922,0.9993932065310682,0.9991990878721174,0.9988166586504451,0.9965594291216687,0.993009857139738,0.9562676688262224,0.9607220856051206,0.8710266640161403,0.7956731874181645,0.7127727034141716,0.9793592668406835
0.266,7.325398514015575,0.9965911646635646,0.9997330719453845,0.9998618779391532,0.9998649932984658,0.9991288611381723,0.9993193254757038,0.9994027625525098,0.9992112473431379,0.9988336510440887,0.9966011174782868,0.9930842790786105,0.9565643638882122,0.9609983607806479,0.8716117825074556,0.7964000679161907,0.7135619929514598,0.9794544006372382
0.267,7.340689514658523,0.9966322972395651,0.9997376898068275,0.9998644482618627,0.9998675103594339,0.9991417710578542,0.9993297998264231,0.9994121361336901,0.9992231815802838,0.9988503425869072,0.9966421605512056,0.9931576571974898,0.9568580353781921,0.9612717507651436,0.8721922573157599,0.7971219027398246,0.7143464380408434,0.9795486377139832
0.268,7.3559296583148575,0.9966727949112262,0.9997422125328533,0.9998669623276012,0.999869972224614,0.9991544466852342,0.9993400780316265,0.9994213313172858,0.999234895443988,0.9988667395223408,0.9966825702796371,0.9932300092737624,0.9571487228342467,0.9615422940579101,0.8727681378685609,0.7978387399612494,0.7151260805925385,0.9796419902266911
0.269,7.3711191982844495,0.9967126694052394,0.9997466423727956,0.9998694215381552,0.9998723802721281,0.9991668929845581,0.9993501643643353,0.9994303520445893,0.9992463936756707,0.998882847946176,0.9967223583476021,0.9933013527313037,0.9574364651687716,0.9618100285382422,0.8733394729393993,0.7985506270751259,0.7159009620498549,0.9797344701166093
0.27,7.386258386187847,0.9967519321978422,0.9997509815163005,0.9998718272563438,0.9998747358417048,0.9991791148005347,0.9993600629920414,0.9994392021583376,0.9992576809009882,0.9988986738104526,0.9967615361900978,0.9933717046484937,0.9577213006800717,0.9620749914770973,0.8739063106581855,0.7992576110069788,0.7166711233956159,0.9798260891151036
0.271,7.401347471980143,0.9967905945208724,0.9997552320950766,0.9998741808072112,0.9998770402358561,0.9991911168615508,0.9993697779796116,0.9994478854054557,0.9992687616329862,0.9989142229272571,0.9968001149991,0.993441081766027,0.9580032670637134,0.9623372195485166,0.8744686985213492,0.7999597381214383,0.7174366051584695,0.9799168587481828
0.272,7.416386703964759,0.9968286673676593,0.9997593961845905,0.9998764834791781,0.9998792947210152,0.9992029037827898,0.9993793132921043,0.999456405439716,0.9992796402751565,0.9989295009724045,0.9968381057294042,0.9935095004945255,0.9582824014236354,0.9625967488407986,0.8750266834017993,0.8006570542303408,0.7181974474190966,0.9800067903409085
0.273,7.431376328807037,0.9968661614987571,0.9997634758057071,0.9998787365251554,0.9998815005286361,0.9992144800692573,0.999388672797501,0.9994647658243158,0.9992903211244034,0.9989445134890147,0.9968755191043098,0.9935769769219588,0.9585587402830247,0.9628536148674347,0.8755803115587029,0.8013496046006937,0.7189536898163177,0.9800958950216941
0.274,7.446316591547751,0.9969030874475235,0.9997674729262777,0.9998809411636209,0.9998836588562569,0.9992258501187192,0.9993978602693553,0.9994729700343763,0.9993008083739218,0.9989592658909833,0.9969123656211529,0.9936435268208765,0.958832319594963,0.9631078525778096,0.8761296286470832,0.8020374339624992,0.7197053715530957,0.9801841837264925
0.275,7.461207735616438,0.9969394555255503,0.9997713894626779,0.9998830985796612,0.9998857708685277,0.9992370182245527,0.999406879389363,0.9994810214593675,0.9993111061159882,0.9989737634663539,0.9969486555566912,0.9937091656554601,0.9591031747528496,0.9633594963676744,0.8766746797272452,0.8027205865164525,0.7204525314024444,0.980271667202884
0.276,7.476050002844641,0.9969752758279483,0.9997752272812964,0.999885209925978,0.9998878376982052,0.9992479885785125,0.9994157337498542,0.9994889234054567,0.999321218344671,0.9989880113805919,0.9969843989723464,0.9937739085883959,0.9593713406006048,0.9636085800893961,0.8772155092740255,0.8033991059415038,0.7211952077132362,0.9803583560140574
0.277,7.490843633478973,0.9970105582384926,0.9997789881999769,0.999887276323862,0.9998898604471133,0.9992587652734185,0.9994244268562109,0.9994966790977894,0.999331148958459,0.9990020146797646,0.9970196057193073,0.9938377704875782,0.9596368514426611,0.9638551370619913,0.8777521611858786,0.8040730354022964,0.72193343841592,0.9804442605426931
0.278,7.505588866194113,0.9970453124346301,0.9997826739894144,0.9998892988641354,0.9998918401870733,0.999269352305763,0.9994329621292145,0.9995042916826987,0.9993409017628131,0.9990157782936306,0.9970542854434985,0.9939007659326441,0.9598997410537443,0.9640992000809462,0.8782846787937955,0.8047424175564774,0.7226672610281408,0.9805293909947506
0.279,7.520285938105607,0.9970795478923568,0.9997862863745076,0.9998912786080626,0.9998937779608036,0.9992797535782431,0.9994413429073207,0.9995117642298503,0.9993504804726431,0.9990293070386405,0.9970884475904185,0.9939629092213457,0.9601600426884535,0.9643408014278302,0.8788131048700629,0.8054072945618882,0.7233967126602734,0.9806137574031611
0.28,7.53493508478261,0.997113273890964,0.9997898270356689,0.999893216588232,0.999895674782789,0.9992899729022198,0.9994495724488691,0.9995190997343228,0.9993598887147109,0.9990426056208513,0.9971221014098495,0.9940242143757652,0.9604177890906396,0.9645799728797076,0.8793374816368635,0.8060677080836323,0.7241218300208624,0.9806973696314308
0.281,7.549536540260445,0.9971464995176621,0.9997932976100934,0.999895113809409,0.9998975316401224,0.9993000140001056,0.9994576539342265,0.9995263011186252,0.999369130029965,0.9990556786387602,0.9971552559604449,0.9940846951483748,0.9606730125025924,0.9648167457183517,0.8798578507747237,0.8067236993010266,0.7248426494219786,0.980780237377154
0.282,7.564090537053088,0.9971792336720813,0.9997966996929886,0.9998969712493608,0.99989934949332,0.999309880507683,0.9994655904678678,0.999533371234655,0.9993782078758051,0.9990685305860553,0.9971879201141972,0.9941443650279492,0.9609257446740367,0.9650511507392663,0.880374253430808,0.8073753089144375,0.725559206784486,0.9808623701754404
0.283,7.578597306165495,0.997211485070656,0.9998000348387649,0.9998987898596557,0.9999011292771083,0.9993195759763576,0.9994733850803948,0.999540312865599,0.9993871256282826,0.9990811658542904,0.9972201025607886,0.9942032372453303,0.9611760168709435,0.9652832182605185,0.8808867302270662,0.8080225771520023,0.7262715376432276,0.9809437774022607
0.284,7.593057077105832,0.9972432622508944,0.9998033045621906,0.9999005705664356,0.9999028719011865,0.9993291038753443,0.9994810407304968,0.9995471287277755,0.9993958865842355,0.9990935887354842,0.997251811811829,0.9942613247790526,0.9614238598841607,0.9655129781313895,0.8813953212682358,0.80866554377624,0.7269796771521254,0.9810244682777081
0.285,7.607470077897574,0.9972745735755365,0.9998065103395097,0.9999023142711636,0.9999045782509657,0.9993384675937943,0.999488560306853,0.999553821472425,0.9994044939633634,0.9991058034246452,0.9972830562049844,0.9943186403608293,0.9616693040378678,0.9657404597408437,0.8819000661497022,0.8093042480905542,0.7276836600892029,0.9811044518691832
0.286,7.6218365350914965,0.9973054272366058,0.9998096536095264,0.9999040218513491,0.9999062491882812,0.9993476704428574,0.9994959466299804,0.9995603936874455,0.9994129509102406,0.9991178140222279,0.9973138439079984,0.994375196480906,0.9619123791978568,0.9659656920258247,0.8824010039652187,0.8099387289456272,0.7283835208615247,0.9811837370945014
0.287,7.636156673777539,0.9973358312593544,0.9998127357746555,0.9999056941612479,0.9999078855520854,0.9993567156576896,0.9995032024540272,0.9995668478990791,0.9994212604962733,0.9991296245365181,0.9973441829226101,0.9944310053932834,0.9621531147796458,0.966188703479379,0.8828981733144917,0.8105690247457104,0.729079293510061,0.9812623327249265
0.288,7.650430717596566,0.9973657935061088,0.9998157582019402,0.9999073320325408,0.9999094881591167,0.9993656063994006,0.999510330468515,0.9995731865735477,0.9994294257215993,0.9991412388859532,0.9973740810883714,0.9944860791208129,0.9623915397564274,0.9664095221586133,0.8833916123106307,0.8111951734548113,0.7297710117144721,0.9813402473881278
0.289,7.664658888752008,0.9973953216800135,0.9998187222240407,0.9999089362749912,0.9999110578045466,0.9993743457569487,0.9995173333000295,0.9995794121186414,0.9994374495169335,0.9991526609013774,0.9974035460863669,0.99454042946017,0.9626276826668563,0.9666281756924875,0.8838813585874684,0.8118172126027806,0.730458708797822,0.9814174895710721
0.29,7.67884140802139,0.9974244233286824,0.9998216291401893,0.9999105076770807,0.999912595262608,0.99938293674898,0.9995242135138634,0.9995855268852615,0.9994453347453615,0.9991638943282346,0.9974325854428375,0.9945940679867067,0.9628615716226798,0.9668446912894499,0.8843674493067528,0.8124351792912985,0.7311424177312145,0.9814940676228452
0.291,7.692978494767752,0.9974531058477535,0.9998244802171201,0.9999120470066253,0.999914101287202,0.9993913823256176,0.9995309736156126,0.9995915331689169,0.9994530842040809,0.9991749428287001,0.997461206532713,0.9946470060591877,0.9630932343162151,0.9670590957449152,0.8848499211652122,0.8130491101997651,0.7318221711383583,0.9815699897574026
0.292,7.70707036695096,0.9974813764843551,0.9998272766899675,0.999913555011372,0.9999155766124866,0.9993996853701997,0.9995376160527246,0.9995974332111787,0.9994607006260948,0.9991858099837544,0.997489416583054,0.9946992548244123,0.9633226980276755,0.9672714154485909,0.8853288104014985,0.8136590415910956,0.7324980013000624,0.9816452640562618
0.293,7.721117241138904,0.997509242340483,0.9998300197631392,0.999915032419577,0.9999170219534458,0.9994078487009695,0.9995441432160049,0.9996032292010925,0.9994681866818557,0.9991964992951987,0.9975172226764072,0.9947508252217269,0.9635499896323511,0.967481676391655,0.885804152803009,0.8142650093174209,0.7331699401586591,0.9817198984711266
0.294,7.735119332518598,0.9975367103762924,0.9998327106111623,0.9999164799405648,0.9999184380064419,0.9994158750727176,0.9995505574410788,0.999608923276549,0.9994755449808641,0.9992070141876168,0.9975446317540755,0.9948017279874279,0.9637751356076455,0.967689904173789,0.8862759837125899,0.8148670488256977,0.7338380193223608,0.9817939008264517
0.295,7.7490768549071625,0.997563787413306,0.9998353503795036,0.9999178982652707,0.9999198254497496,0.9994237671783786,0.9995568610098128,0.9996145175256174,0.9994827780732215,0.9992173580102813,0.9975716506193052,0.9948519736590615,0.963998162039972,0.967896124010067,0.8867443380351243,0.8154651951632279,0.7345022700695489,0.9818672788219474
0.296,7.762990020762713,0.9975904801375411,0.9998379401853658,0.9999192880667661,0.9999211849440738,0.9994315276505837,0.9995630561516945,0.9996200139878375,0.9994898884511402,0.9992275340390098,0.9975982859403941,0.9949015725796205,0.9642190946315142,0.9681003607377087,0.8872092502440068,0.8160594829830892,0.735162723352996,0.981940040035025
0.297,7.776859041195135,0.9976167951025594,0.9998404811184595,0.9999206500007675,0.9999225171330514,0.9994391590631707,0.9995691450451749,0.9996254146554778,0.9994968785504106,0.9992375454779685,0.9976245442537207,0.9949505349016419,0.9644379587068506,0.9683026388226948,0.8876707543875051,0.8166499465494798,0.7358194098040247,0.9820121919231877
0.298,7.790684125976769,0.9976427387324386,0.9998429742417524,0.9999219847061295,0.9999238226437367,0.9994466639326512,0.9995751298189713,0.9996307214747563,0.9995037507518273,0.9992473954614288,0.997650431966698,0.9949988705912072,0.9646547792194504,0.9685029823662511,0.8881288840950142,0.8172366197429772,0.736472359736601,0.9820837418263637
0.299,7.8044654835529785,0.99766831732467,0.9998454205921956,0.9999232928053225,0.9999251020870732,0.999454044719638,0.9995810125533349,0.9996359363470265,0.9995105073825761,0.9992570870554752,0.9976759553606537,0.9950465894318498,0.9648695807580397,0.9687014151112018,0.888583672583203,0.8178195360657146,0.7371216031513674,0.9821546969691871
0.3,7.818203321052632,0.9976935370529849,0.9998478211814291,0.9999245749048962,0.9999263560583489,0.9994613038302335,0.9995867952812815,0.9996410611299305,0.9995171507175815,0.9992666232596671,0.9977011205936382,0.9950937010283689,0.9650823875528441,0.968897960448198,0.8890351526620558,0.8183987286464733,0.7377671697396138,0.9822250644632269
0.301,7.831897844298477,0.9977184039701091,0.9998501769964656,0.9999258315959277,0.999927585137639,0.9994684436173797,0.9995924799897894,0.9996460976385186,0.999523682980818,0.9992760070086558,0.9977259337031638,0.9951402148105553,0.9652932234817069,0.9690926414218203,0.8894833567408104,0.818974230245697,0.7384090888871864,0.982294851309163
0.302,7.845549257817419,0.9977429240104501,0.9998524890003545,0.9999270634544576,0.9999287898902347,0.999475466382172,0.999598068620962,0.9996510476463387,0.9995301063465841,0.9992852411737593,0.9977504006088749,0.9951861400368289,0.9655021120760895,0.9692854807365627,0.8899283168337964,0.8195460732604248,0.7390473896783404,0.9823640643989159
0.303,7.859157764850708,0.9977671029927165,0.9998547581328266,0.9999282710419106,0.9999299708670581,0.9994823743751355,0.9996035630731595,0.9996559128864932,0.9995364229407417,0.9992943285644927,0.9977745271151532,0.9952314857977934,0.9657090765269543,0.9694765007626963,0.8903700645661737,0.8201142897291483,0.7396821008995335,0.982432710517724
0.304,7.872723567364018,0.9977909466224752,0.999856985310919,0.9999294549055049,0.9999311286050656,0.9994891697974687,0.9996089652020983,0.9996606950526679,0.9995426348419216,0.9993032719300599,0.9977983189136589,0.9952762610197053,0.9659141396905321,0.9696657235420181,0.8908086311795749,0.8206789113365913,0.7403132510431609,0.9825007963461778
0.305,7.886246866057442,0.9978144604946422,0.9998591714295822,0.9999306155786484,0.9999322636276372,0.9994958548022522,0.9996142768219206,0.9996653958001309,0.9995487440826956,0.9993120739608037,0.9978217815858079,0.9953204744678655,0.9661173240939791,0.969853170793487,0.8912440475376511,0.8212399694184156,0.740940868311237,0.9825683284622055
0.306,7.899727860375392,0.9978376500959147,0.9998613173622695,0.9999317535813229,0.9999333764449561,0.9995024314956249,0.999619499706234,0.9996700167467052,0.9995547526507158,0.9993207372896186,0.9978449206051905,0.9953641347499302,0.9663186519409237,0.9700388639187488,0.8916763441315261,0.8217974949658525,0.741564980619019,0.9826353133430163
0.307,7.913166748516398,0.9978605208071434,0.9998634239615086,0.999932869420457,0.9999344675543751,0.9995089019379287,0.9996246355891221,0.9996745594737119,0.9995606624898252,0.9993292644933258,0.9978677413399291,0.9954072503191468,0.9665181451169059,0.9702228240075537,0.892105551085158,0.8223515186302637,0.7421856155985801,0.9827017573669972
0.308,7.9265637274428284,0.9978830779056448,0.9998654920594581,0.9999339635902871,0.9999355374407728,0.9995152681448225,0.9996296861661286,0.9996790255268893,0.9995664755011352,0.9993376580940115,0.9978902490549796,0.9954498294775141,0.9667158251947124,0.9704050718430665,0.8925316981606111,0.8229020707276283,0.7428028006023253,0.9827676668155703
0.309,7.939918992890504,0.9979053265674601,0.999867522468445,0.9999350365727078,0.9999365865768979,0.9995215320883655,0.999634653095213,0.9996834164172856,0.9995721935440752,0.9993459205603302,0.9979124489143762,0.9954918803788717,0.9669117134396096,0.9705856279070757,0.8929548147632407,0.8234491812429645,0.7434165627064581,0.9828330478750078
0.31,7.9532327393782385,0.9979272718695565,0.9998695159814899,0.9999360888376121,0.9999376154237051,0.9995276956980728,0.9996395379976812,0.9996877336221273,0.9995778184374148,0.9993540543087732,0.9979343459834225,0.995533411031916,0.967105830814475,0.9707645123850995,0.8933749299467907,0.8239928798346793,0.7440269287143964,0.9828979066382063
0.311,7.966505160217279,0.9979489187919768,0.9998714733728143,0.9999371208432208,0.9999386244306785,0.9995337608619417,0.9996443424590897,0.9996919785856628,0.9995833519602557,0.9993620617049052,0.9979559452308281,0.9955744293031499,0.9672981979848321,0.9709417451713936,0.8937920724184064,0.8245331958388525,0.7446339251601337,0.9829622491064228
0.312,7.979736447520661,0.997970272219936,0.9998733953983354,0.9999381330364028,0.9999396140361472,0.9995397294274512,0.9996490680301267,0.9996961527199845,0.999588795853,0.9993699450645662,0.9979772515307955,0.9956149429197643,0.9674888353237883,0.9711173458738629,0.8942062705435649,0.8250701582734562,0.745237578311557,0.9830260811909717
0.313,7.992926792212481,0.9979913369458684,0.9998752827961448,0.9999391258529842,0.9999405846675906,0.9995456032025346,0.9996537162274675,0.9997002574058264,0.99959415181829,0.9993777066550447,0.9979982696650557,0.9956549594724531,0.9676777629168793,0.9712913338188766,0.894617552350924,0.8256037958425058,0.7458379141737099,0.9830894087148851
0.314,8.006076384037076,0.9980121176714238,0.9998771362869748,0.9999400997180508,0.9999415367419346,0.999551383956527,0.999658288534608,0.9997042939933413,0.999599421521924,0.9993853486962176,0.9980190043248546,0.995694486418166,0.9678650005668217,0.971463728055993,0.8950259455370899,0.8261341369401528,0.7464349584920137,0.9831522374145363
0.315,8.019185411568124,0.9980326190094175,0.9998789565746511,0.9999410550462388,0.9999424706658389,0.9995570734210869,0.9996627864026759,0.9997082638028565,0.9996046065937478,0.9993928733616633,0.9980394601128929,0.9957335310827985,0.9680505677981747,0.9716345473625925,0.8954314774713084,0.8266612096547095,0.747028736755436,0.9832145729412289
0.316,8.032254062217659,0.9980528454857326,0.9998807443465316,0.999941992242019,0.9999433868359762,0.9995626732910942,0.9996672112512186,0.9997121681256086,0.9996097086285212,0.9994002827797429,0.9980596415452189,0.99577210066382,0.9682344838619156,0.9718038102484214,0.895834175200077,0.8271850417726168,0.747619274199617,0.9832764208627508
0.317,8.045282522245003,0.9980728015411764,0.9998825002739345,0.9999429116999716,0.9999442856393028,0.9995681852255238,0.9996715644689712,0.9997160082244586,0.9996147291867629,0.9994075790346566,0.9980795530530762,0.9958102022328452,0.9684167677399274,0.9719715349600506,0.8962340654516837,0.827705660782349,0.7482065958099493,0.9833377866648938
0.318,8.058270976765609,0.9980924915332944,0.9998842250125527,0.999943813805053,0.9999451674533215,0.9995736108482975,0.9996758474146039,0.9997197853345875,0.9996196697955723,0.99941476416747,0.9980991989847078,0.9958478427381451,0.9685974381494034,0.9721377394852476,0.8966311746406697,0.8282230938782609,0.7487907263246129,0.9833986757529415
0.319,8.071219609759837,0.9981119197381387,0.9998859192028567,0.9999446989328548,0.9999460326463359,0.9995789517491124,0.9996800614174485,0.9997235006641735,0.9996245319494291,0.999421840177116,0.9981185836071172,0.995885029007104,0.9687765135471679,0.9723024415572665,0.8970255288722203,0.8287373679643752,0.7493716902375652,0.9834590934531254
0.32,8.084128604081634,0.9981310903519969,0.9998875834704871,0.9999455674498552,0.9999468815776982,0.9995842094842481,0.9996842077782065,0.9997271553950503,0.999629317110973,0.9994288090213701,0.9981377111077883,0.9959217677486198,0.968954012133918,0.9724656586590572,0.8974171539464847,0.8292485096581153,0.749949511801491,0.9835190450140496
0.321,8.096998141467143,0.9981500074930783,0.9998892184266349,0.9999464197136634,0.9999477145980495,0.9995893855773533,0.9996882877696383,0.9997307506833486,0.9996340267117616,0.9994356726178008,0.9981565855963632,0.9959580655554529,0.9691299518583844,0.9726274080273934,0.897806075362825,0.8297565452939786,0.7505242150307071,0.983578535608083
0.322,8.109828402543236,0.9981686752031611,0.9998908246684114,0.9999472560732557,0.9999485320495528,0.9995944815202114,0.9996923026372326,0.9997342876601194,0.9996386621530089,0.9994424328446959,0.9981752111062833,0.99599392890652,0.9693043504214157,0.9727877066569245,0.8981923183239966,0.8302615009271572,0.7510958237040257,0.9836375703327257
0.323,8.122619566835958,0.9981870974492006,0.9998924027792082,0.9999480768692068,0.9999493342661189,0.9995994987734862,0.999696253599861,0.9997377674319415,0.9996432248063049,0.9994490915419653,0.9981935915963885,0.9960293641691405,0.9694772252799877,0.9729465713041499,0.8985759077402622,0.8307634023371038,0.7516643613675796,0.9836961542119436
0.324,8.135371812778905,0.9982052781249005,0.9998939533290468,0.9999488824339119,0.9999501215736267,0.9996044387674494,0.9997001418504123,0.9997411910815126,0.9996477160143155,0.9994556505120201,0.9982117309524821,0.9960643776012299,0.9696485936511364,0.9731040184913198,0.8989568682334376,0.8312622750310423,0.752229851337602,0.9837542921974755
0.325,8.14808531772152,0.9982232210522455,0.9998954768749184,0.999949673091804,0.9999508942901364,0.9996093029026877,0.9997039685564122,0.9997445596682241,0.9996521370914648,0.9994621115206307,0.9982296329888564,0.9960989753534474,0.9698184725158209,0.9732600645102626,0.8993352241408742,0.8317581442474302,0.7527923167031729,0.9838119891701127
0.326,8.160760257937312,0.998240929983,0.9998969739611138,0.9999504491595649,0.9999516527260963,0.9996140925507928,0.9997077348606251,0.9997478742287214,0.9996564893245999,0.9994684762977623,0.998247301449785,0.9961331634712944,0.9699868786227126,0.9734147254261402,0.8997109995193767,0.8322510349593645,0.7533517803289208,0.983869249940952
0.327,8.173396808632004,0.9982584086001712,0.9998984451195452,0.9999512109463289,0.9999523971845442,0.999618809055034,0.9997114418816422,0.9997511357774489,0.9996607739736372,0.999474746538389,0.998264740010979,0.9961669478971684,0.9701538284919171,0.9735680170811343,0.9000842181490589,0.8327409718779412,0.7539082648576902,0.9839260792526229
0.328,8.185995143951613,0.9982756605194378,0.9998998908700584,0.9999519587538819,0.999953127961303,0.9996234537310121,0.999715090714452,0.999754345307181,0.999664992272193,0.9994809239032888,0.9982819522810098,0.9962003344723707,0.9703193384186262,0.973719955098064,0.900454903537137,0.8332279794555623,0.7544617927131694,0.9839824817804872
0.329,8.19855543699044,0.9982926892905459,0.9999013117207362,0.9999526928768543,0.9999538453451698,0.9996280278672985,0.9997186824309972,0.9997575037895388,0.9996691454281982,0.9994870100198173,0.9982989418026992,0.9962333289390706,0.9704834244767032,0.9738705548839355,0.9008230789216632,0.8337120818891954,0.7550123861024816,0.9840384621338153
0.33,8.211077859798996,0.9983094983986731,0.9999027081681937,0.9999534136029083,0.9999545496181009,0.9996325327260563,0.9997222180807174,0.999760612175493,0.9996732346244958,0.9994930064826624,0.9983157120544769,0.9962659369422273,0.9706461025222047,0.9740198316334272,0.9011887672752004,0.834193303123585,0.7555600670187397,0.9840940248569389
0.331,8.223562583391873,0.9983260912657597,0.999904080697866,0.99995412121292,0.9999552410553904,0.999636969543647,0.9997256986910763,0.9997636713958545,0.9996772610194243,0.9994989148545803,0.9983322664517076,0.9962981640314694,0.9708073881968353,0.9741678003323099,0.9015519913084369,0.8346716668544159,0.756104857243566,0.9841491744303779
0.332,8.236009777755513,0.9983424712518112,0.9999054297842866,0.999954815981156,0.9999559199258438,0.9996413395312206,0.999729125268077,0.9997666823617513,0.9996812257473854,0.9995047366671137,0.9983486083479867,0.996330015662934,0.9709672969313418,0.9743144757608043,0.9019127734737469,0.8351471965314305,0.7566467783495754,0.984203915271945
0.333,8.248419611855928,0.998358641656169,0.9999067558913601,0.9999554981754452,0.9999565864919477,0.9996456438752922,0.9997324987967624,0.9997696459650932,0.9996851299193974,0.9995104734212907,0.9983647410364066,0.9963614972010655,0.971125843948845,0.9744598724968764,0.9022711359686911,0.8356199153615012,0.7571858517028246,0.9842582517378274
0.334,8.260792253646354,0.9983746057187537,0.9999080594726253,0.9999561680573461,0.9999572410100335,0.9996498837383023,0.9997358202417043,0.9997725630790248,0.9996889746236348,0.9995161265883079,0.9983806677507946,0.9963926139203759,0.9712830442681119,0.9746040049194732,0.9026271007394661,0.8360898463116563,0.7577220984652274,0.9843121881236477
0.335,8.273127870074813,0.9983903666212782,0.999909340971513,0.9999568258823086,0.9999578837304366,0.9996540602591649,0.9997390905474779,0.9997754345583661,0.9996927609259535,0.9995216976101955,0.9983963916669216,0.9964233710071679,0.9714389127067675,0.9747468872116987,0.9029806894842962,0.8365570121120639,0.7582555395969358,0.984365728665501
0.336,8.285426627091633,0.9984059274884349,0.9999106008215958,0.9999574718998318,0.999958514897652,0.9996581745538002,0.9997423106391267,0.9997782612400422,0.9996964898704035,0.9995271879004665,0.9984119159036842,0.9964537735612192,0.9715934638844507,0.9748885333639319,0.9033319236567747,0.8370214352589702,0.758786195858689,0.9844188775409719
0.337,8.297688689656889,0.9984212913890548,0.9999118394468314,0.9999581063536173,0.9999591347504841,0.9996622277156552,0.999745481422613,0.9997810439435018,0.9997001624797277,0.9995325988447501,0.9984272435242592,0.9964838265974324,0.9717467122259119,0.975028957176889,0.9036808244691514,0.8374831380175966,0.7593140878141289,0.9844716388701312
0.338,8.309914221747766,0.9984364613372402,0.9999130572617994,0.9999587294817175,0.9999597435221942,0.9996662208162099,0.9997486037852589,0.9997837834711244,0.9997037797558487,0.9995379318014088,0.9984423775372326,0.9965135350474487,0.9718986719640562,0.9751681722646285,0.9040274128955691,0.8379421424249942,0.7598392358320849,0.9845240167165131
0.339,8.322103386365892,0.9984514402934725,0.9999142546719311,0.9999593415166813,0.9999603414406412,0.999670154905473,0.9997516785961746,0.9997864806086183,0.9997073426803436,0.9995431881021416,0.9984573208977029,0.9965429037612273,0.9720493571429316,0.9753061920575032,0.9043717096752499,0.8383984702928574,0.7603616600888259,0.9845760150880698
0.34,8.334256345544555,0.9984662311656951,0.999915432073734,0.9999599426856935,0.9999609287284212,0.9996740310124629,0.999754706706677,0.9997891361254068,0.9997108522149055,0.9995483690525707,0.998472076508359,0.9965719375085919,0.9721987816206644,0.9754430298050586,0.904713735315633,0.8388521432102969,0.7608813805702824,0.984627637938111
0.341,8.346373260355909,0.9984808368103703,0.9999165898550103,0.9999605332107128,0.9999615056030016,0.9996778501456783,0.9997576889506965,0.9997917507750057,0.9997143093017957,0.9995534759328156,0.9984866472205348,0.9966006409807429,0.972346959072342,0.975578698578878,0.9050535100954615,0.8393031825465724,0.7613984170742382,0.9846788891662207
0.342,8.358454290918065,0.9984952600335143,0.999917728395068,0.9999611133086036,0.9999620722768507,0.9996816132935571,0.9997606261451749,0.9997943252953906,0.9997177148642818,0.9995585099980525,0.9985010358352395,0.996629018791739,0.9724939029928445,0.9757132112753779,0.9053910540678238,0.8397516094537862,0.7619127892124912,0.9847297726191596
0.343,8.37049959640217,0.9985095035917084,0.9999188480649284,0.9999616831912658,0.9999626289575665,0.999685321424923,0.9997635190904522,0.9997968604093552,0.9997210698070678,0.9995634724790596,0.9985152451041649,0.9966570754799468,0.9726396266996268,0.9758465806185523,0.9057263870631469,0.8401974448695387,0.7624245164129856,0.9847802920917456
0.344,8.38250933503937,0.9985235701930871,0.9999199492275269,0.9999622430657604,0.9999631758479982,0.9996889754894218,0.999766368570644,0.99979935682486,0.9997243750167105,0.9995683645827506,0.9985292777306701,0.9966848155094595,0.9727841433354506,0.9759788191626684,0.9060595286921436,0.8406407095195456,0.7629336179219153,0.9848304513277194
0.345,8.394483664127765,0.9985374624983042,0.9999210322379087,0.9999627931344319,0.9999637131463681,0.9996925764179475,0.9997691753540097,0.9998018152353727,0.9997276313620281,0.9995731874926934,0.9985431363707452,0.9967122432714869,0.9729274658710693,0.9761099392949133,0.9063904983487157,0.8410814239202171,0.7634401128057976,0.9848802540205929
0.346,8.406422740039254,0.9985511831214786,0.999922097443419,0.9999633335950262,0.999964241046387,0.9996961251230565,0.9997719401933108,0.9998042363201999,0.9997308396944975,0.9995779423696183,0.9985568236339522,0.9967393630857148,0.9730696071078646,0.976239953237995,0.9067193152128106,0.8415196083812024,0.7639440199535207,0.9849297038144799
0.347,8.41832671822636,0.9985647346311172,0.999923145183889,0.9999638646408073,0.9999647597373684,0.9996996224993732,0.9997746638261614,0.9998066207448099,0.9997340008486415,0.9995826303519126,0.9985703420843454,0.996766179201637,0.973210579680438,0.9763688730526952,0.9070459982532357,0.8419552830078945,0.7644453580783608,0.9849788043049107
0.348,8.430195753228961,0.9985781195510188,0.9999241757918161,0.9999643864606688,0.9999652694043387,0.9997030694239846,0.9997773469753686,0.999808969161148,0.999737115642407,0.9995872525561037,0.9985836942413729,0.9967926957998591,0.9733503960591555,0.9764967106403786,0.9073705662304306,0.8423884677039042,0.7649441457199758,0.9850275590396308
0.349,8.442029998680997,0.9985913403611576,0.9999251895925398,0.9999648992392435,0.9999657702281444,0.999706466756826,0.9997799903492655,0.9998112822079441,0.9997401848775338,0.9995918100773308,0.998596882580756,0.9968189169933748,0.9734890685526496,0.976623477745457,0.9076930376991938,0.8428191821734943,0.7654404012463677,0.9850759715193851
0.35,8.453829607317074,0.9986043994985468,0.9999261869044129,0.9999654031570098,0.999966262385557,0.9997098153410565,0.9997825946420356,0.9998135605110111,0.9997432093399146,0.999596303989805,0.9986099095353504,0.9968448468288162,0.9736266093102761,0.9767491859578095,0.9080134310113728,0.8432474459239837,0.7659341428558232,0.9851240451986852
0.351,8.465594730979056,0.9986172993580842,0.9999271680389683,0.9999658983903948,0.999966746049374,0.999713116003427,0.999785160534029,0.9998158046835381,0.9997461897999449,0.9996007353472596,0.9986227774959889,0.9968704892876782,0.9737630303245289,0.9768738467151608,0.9083317643185083,0.8436732782681143,0.7664253885788248,0.985171783486562
0.352,8.477325520622568,0.9986300422933774,0.9999281333010811,0.9999663851118752,0.9999672213885182,0.999716369554637,0.9997876886920709,0.9998180153263745,0.9997491270128666,0.9996051051833871,0.9986354888123046,0.9968958482875165,0.9738983434334134,0.976997471305417,0.9086480555744427,0.8440966983263869,0.7669141562799383,0.9852191897473052
0.353,8.489022126323459,0.9986426306175533,0.9999290829891267,0.9999668634900748,0.9999676885681339,0.9997195767896853,0.9997901797697627,0.9998201930283073,0.9997520217191005,0.9996094145122691,0.9986480457935363,0.9969209276831223,0.9740325603227776,0.9771200708689615,0.9089623225378867,0.8445177250293622,0.7674004636596745,0.9852662673011875
0.354,8.50068469728419,0.9986550666040481,0.9999300173951353,0.9999673336898602,0.9999681477496795,0.9997227384882096,0.9997926344077755,0.9998223383663327,0.9997548746445735,0.9996136643287938,0.9986604507093175,0.9969457312676719,0.9741656925286041,0.9772416564009088,0.9092745827749483,0.844936377119933,0.7678843282563268,0.9853130194251742
0.355,8.512313381840196,0.9986673524873808,0.999930936804941,0.9999677958724329,0.9999685990910198,0.9997258554148207,0.9997950532341365,0.9998244519059195,0.9997576865010355,0.999617855609064,0.9986727057904464,0.9969702627738528,0.9742977514392616,0.9773622387533213,0.9095848536616227,0.8453526731555604,0.7683657674477826,0.9853594493536212
0.356,8.52390832746615,0.9986794904639098,0.9999318414983286,0.9999682501954197,0.9999690427465133,0.9997289283194267,0.9997974368645084,0.9998265342012671,0.99976045798637,0.9996219893107962,0.9986848132296409,0.9969945258749667,0.9744287482977187,0.9774818286373854,0.9098931523862466,0.8457666315104821,0.7688447984533138,0.9854055602789565
0.357,8.535469680782231,0.9986914826925727,0.9999327317491756,0.9999686968129605,0.9999694788670996,0.9997319579375501,0.9997997859024615,0.9998285857955561,0.9997631897848968,0.9996260663737097,0.9986967751822755,0.9970185241860103,0.9745586942037193,0.9776004366255511,0.9101994959519141,0.8461782703778886,0.7693214383353402,0.985451355352353
0.358,8.54699758756027,0.998703331295611,0.999933607825591,0.9999691358757936,0.9999699076003821,0.9997349449906374,0.9998021009397405,0.9998306072211938,0.9997658825676673,0.9996300877199066,0.9987085937671041,0.9970422612647335,0.9746876001159199,0.9777180731536338,0.9105039011788575,0.8465876077720698,0.7697957040011725,0.9854968376843843
0.359,8.5584921927299,0.998715038359278,0.9999344699900501,0.9999695675313386,0.9999703290907102,0.9997378901863615,0.9998043825565233,0.999832599000053,0.9997685369927528,0.9996340542542438,0.9987202710669659,0.9970657406126759,0.9748154768539917,0.9778347485228798,0.9108063847067922,0.8469946615305304,0.7702676122047312,0.9855420103456716
0.36,8.569953640384615,0.9987266059345324,0.9999353184995262,0.9999699919237773,0.9999707434792584,0.9997407942189164,0.9998066313216742,0.9998345616437052,0.9997711537055262,0.9996379668646945,0.9987318091294765,0.9970889656761834,0.9749423351006865,0.9779504729019967,0.911106962997227,0.847399449316079,0.770737179548242,0.9855868763675143
0.361,8.581382073787807,0.9987380360377163,0.999936153605619,0.9999704091941329,0.9999711509041042,0.9997436577693054,0.9998088477929913,0.9998364956536481,0.999773733338936,0.9996418264227036,0.9987432099677042,0.9971119398474025,0.9750681854038666,0.9780652563291475,0.9114056523357397,0.8478019886188846,0.7712044224839115,0.9856314387425138
0.362,8.592777635378715,0.998749330651219,0.9999369755546795,0.9999708194803456,0.9999715515003024,0.9997464815056223,0.9998110325174473,0.9998384015215275,0.9997762765137752,0.9996456337835324,0.9987544755608319,0.9971346664652561,0.9751930381785019,0.9781791087139124,0.9117024688342192,0.8482022967585084,0.7716693573155784,0.9856757004251815
0.363,8.604140466778365,0.9987604917241263,0.9999377845879316,0.9999712229173484,0.999971945399959,0.999749266083326,0.9998131860314252,0.9998402797293537,0.999778783838942,0.9996493897865976,0.9987656078548045,0.9971571488163978,0.9753169037086312,0.9782920398392146,0.911997428433075,0.8486003908859052,0.7721320002003447,0.9857196643325372
0.364,8.61547070879541,0.9987715211728567,0.9999385809415905,0.9999716196371387,0.9999723327323026,0.9997520121455087,0.9998153088609473,0.9998421307497131,0.9997812559116963,0.9996530952558006,0.9987766087629631,0.9971793901361491,0.975439792149292,0.9784040593632148,0.912290546903413,0.8489962879853986,0.7725923671501849,0.9857633333446962
0.365,8.626768501431982,0.998782420881783,0.999939364846979,0.9999720097688495,0.9999727136237531,0.9997547203231574,0.9998174015219,0.9998439550459737,0.9997836933179084,0.9996567509998504,0.9987874801666651,0.997201393609416,0.9755617135284169,0.978515176821173,0.9125818398491807,0.8493900048766284,0.7730504740335359,0.985806710305445
0.366,8.638033983889418,0.9987931927038414,0.9999401365306398,0.9999723934388182,0.9999730881979898,0.9997573912354101,0.9998194645202525,0.9998457530724874,0.9997860966323028,0.9996603578125789,0.998798223915891,0.9972231623715878,0.9756826777486985,0.9786254016272778,0.912871322709279,0.849781558216472,0.7735063365768637,0.9858497980228061
0.367,8.649267294574013,0.998803838461127,0.9999408962144455,0.9999727707706533,0.9999734565760172,0.9997600254898054,0.9998214983522699,0.9998475252747852,0.9997884664186957,0.9996639164732481,0.9988088418298394,0.9972446995094182,0.9758026945894228,0.978734743076446,0.9131590107596449,0.8501709645009399,0.773959970366212,0.9858925992695954
0.368,8.66046857110266,0.9988143599454776,0.9999416441157054,0.9999731418853003,0.9999738188762289,0.9997626236825259,0.9998235035047223,0.9998492720897696,0.9997908032302276,0.9996674277468514,0.9988193356975081,0.9972660080618885,0.9759217737082715,0.9788432103460897,0.9134449191153031,0.8505582400670443,0.7744113908487302,0.9859351167839624
0.369,8.671637950308495,0.9988247589190447,0.9999423804472702,0.9999735069011043,0.9999741752144702,0.9997651863986374,0.999825480455088,0.9998509939459012,0.9997931076095895,0.999670892384407,0.9988297072782643,0.9972870910210536,0.976039924643095,0.9789508124978553,0.9137290627323869,0.8509434010946434,0.7748606133341811,0.9859773532699294
0.37,8.682775568246445,0.9988350371148521,0.9999431054176336,0.9999738659338732,0.9999745257040984,0.9997677142123208,0.9998274296717526,0.9998526912633816,0.9997953800892444,0.9996743111232458,0.998839958302401,0.9973079513328713,0.9761571568136554,0.9790575584793324,0.9140114564101309,0.8513264636082601,0.7753076529964307,0.9860193113979134
0.371,8.69388156019877,0.9988451962373432,0.9999438192310319,0.9999742190969364,0.9999748704560425,0.9997702076870998,0.9998293516142026,0.9998543644543314,0.9997976211916438,0.9996776846872913,0.9988500904716836,0.9973285918980148,0.9762734795233403,0.9791634571257333,0.9142921147928336,0.8517074434788768,0.7757525248749169,0.9860609938052426
0.372,8.704956060680528,0.9988552379629173,0.99994452208754,0.999974566501205,0.9999752095788607,0.9997726673760629,0.9998312467332151,0.9998560139229643,0.9997998314294386,0.9996810137873346,0.9988601054598841,0.9973490155726699,0.9763889019608484,0.9792685171615447,0.9145710523717924,0.8520863564257052,0.7761952438761015,0.9861024030966612
0.373,8.715999203445023,0.9988651639404529,0.9999452141831665,0.999974908255228,0.9999755431787961,0.9997750938220804,0.9998331154710428,0.9998576400657566,0.9998020113056849,0.9996842991213017,0.998870004913304,0.9973692251693151,0.976503433201847,0.9793727472021528,0.91484828348721,0.8524632180179322,0.7766358247749021,0.986143541844828
0.374,8.727011121489161,0.9988749757918225,0.999945895709945,0.9999752444652483,0.9999758713598322,0.9997774875580162,0.999834958261595,0.9998592432716135,0.9998041613140461,0.9996875413745161,0.9988797904512865,0.9973892234574884,0.9766170822106021,0.9794761557554388,0.9151238223300739,0.852838043676444,0.7770742822161066,0.9861844125908016
0.375,8.737991947058823,0.9988846751123946,0.9999465668560243,0.9999755752352576,0.9999761942237455,0.9997798491069354,0.9998367755306133,0.9998608239220307,0.9998062819389896,0.9996907412199545,0.9988894636667185,0.9974090131645362,0.9767298578415821,0.9795787512233494,0.9153976829440079,0.8532108486755243,0.7775106307157695,0.9862250178445207
0.376,8.748941811654136,0.9988942634715268,0.999947227805756,0.9999759006670481,0.9999765118701575,0.999782178982306,0.9998385676958446,0.9998623823912524,0.9998083736559782,0.9996938993184975,0.9988990261265212,0.9974285969763506,0.9768417688410339,0.9796805419034409,0.9156698792270976,0.8535816481445331,0.7779448846625906,0.9862653600852747
0.377,8.759860846034728,0.9989037424130469,0.9999478787397789,0.9999762208602648,0.9999768243965854,0.999784477688197,0.999840335167209,0.9998639190464258,0.9998104369316589,0.9996970163191738,0.9989084793721313,0.9974479775380896,0.9769528238485347,0.979781535990397,0.9159404249336894,0.8539504570695591,0.7783770583192757,0.9863054417621642
0.378,8.770749180224929,0.9989131134557262,0.9999485198351031,0.9999765359124558,0.9999771318984916,0.9997867457194717,0.9998420783469646,0.999865434247752,0.9998124722240457,0.9997000928594003,0.9989178249199725,0.9974671574548848,0.9770630313985168,0.9798817415775222,0.9162093336761644,0.8543172902950544,0.7788071658238813,0.9863452652945551
0.379,8.781606943518954,0.9989223780937412,0.999949151265191,0.9999768459191206,0.999977434469331,0.9997889835619762,0.9998437976298677,0.9998669283486326,0.9998144799826987,0.9997031295652145,0.9989270642619159,0.997486139292535,0.9771723999217683,0.9799811666582093,0.9164766189266855,0.8546821625254444,0.7792352211911402,0.9863848330725249
0.38,8.792434264485982,0.9989315377971268,0.9999497732000362,0.9999771509737585,0.9999777322005985,0.9997911916927247,0.9998454934033298,0.999868401695814,0.9998164606488997,0.9997061270515046,0.9989361988657322,0.9975049255781858,0.9772809377469095,0.980079819127384,0.9167422940189212,0.855045088326717,0.7796612383137743,0.986424147457298
0.381,8.803231270975271,0.99894059401222,0.9999503858062406,0.9999774511679143,0.9999780251818743,0.9997933705800787,0.9998471660475708,0.9998698546295276,0.999818414655823,0.9997090859222323,0.9989452301755345,0.9975235188009967,0.9773886531018443,0.9801777067829239,0.9170063721497436,0.8554060821279912,0.7800852309637858,0.986463210781678
0.382,8.813998090121155,0.9989495481620937,0.9999509892470905,0.9999777465912241,0.9999783135008681,0.9997955206839244,0.9998488159357688,0.9998712874836269,0.9998203424287023,0.9997120067706515,0.9989541596122113,0.9975419214127944,0.977495554115189,0.9802748373270564,0.9172688663809028,0.8557651582230653,0.7805072127937365,0.9865020253504679
0.383,8.82473484834807,0.9989584016469829,0.999951583682629,0.9999780373314594,0.9999785972434627,0.9997976424558445,0.9998504434342064,0.9998727005857212,0.9998222443849947,0.999714890179522,0.9989629885738515,0.9975601358287146,0.9776016488176771,0.9803712183677313,0.9175297896406774,0.8561223307719432,0.780927197338009,0.9865405934408851
0.384,8.835441671375465,0.9989671558447014,0.9999521692697287,0.9999783234745699,0.9999788764937562,0.9997997363392865,0.9998520489024132,0.9998740942573071,0.9998241209345398,0.9997177367213188,0.9989717184361597,0.9975781644278305,0.977706945143542,0.9804668574199722,0.9177891547255023,0.8564776138023427,0.7813451980140528,0.9865789173029699
0.385,8.846118684222738,0.99897581211105,0.9999527461621609,0.9999786051047254,0.9999791513341026,0.9998018027697282,0.9998536326933061,0.9998754688138956,0.9998259724797157,0.9997205469584359,0.9989803505528644,0.9975960095537696,0.9778114509318768,0.9805617619072057,0.9180469743015718,0.8568310212111809,0.7817612281236147,0.9866169991599839
0.386,8.856766011214088,0.9989843717802168,0.9999533145106645,0.9999788823043567,0.999979421845153,0.9998038421748372,0.9998551951533251,0.9998768245651372,0.9998277994155924,0.9997233214433869,0.9989888862561161,0.9976136735153184,0.9779151739279729,0.9806559391625681,0.9183032609064219,0.8571825667660445,0.782175300853954,0.9866548412088049
0.387,8.867383775983342,0.9989928361651689,0.9999538744630121,0.999979155154196,0.9999796881058932,0.9998058549746298,0.9998567366225671,0.9998781618149438,0.9998296021300793,0.999726060719,0.9989973268568798,0.9976311585870156,0.9780181217846359,0.980749396430192,0.9185580269504895,0.857532264106636,0.7825874292790425,0.9866924456203117
0.388,8.877972101478742,0.9990012065580364,0.9999544261640754,0.9999794237333146,0.9999799501936831,0.9998078415816241,0.9998582574349159,0.9998794808616084,0.9998313810040722,0.9997287653186094,0.9990056736453166,0.9976484670097346,0.9781203020634813,0.9808421408664707,0.9188112847186498,0.8578801267462045,0.7829976263607494,0.9867298145397648
0.389,8.8885311099677,0.9990094842304886,0.9999549697558882,0.9999796881191617,0.9999802081842933,0.9998098024009904,0.9998597579181694,0.9998807819979206,0.9998331364115952,0.9997314357662421,0.99901392789116,0.9976656009912537,0.9782217222362096,0.9809341795413028,0.9190630463717315,0.8582261680729568,0.783405904950013,0.9867669500871793
0.39,8.899060923041475,0.999017670434103,0.9999555053777087,0.9999799483876012,0.999980462151941,0.9998117378306983,0.9998612383941649,0.9998820655112813,0.9998348687199398,0.9997340725768014,0.9990220908440836,0.9976825627068161,0.9783223896858599,0.9810255194393168,0.9193133239480126,0.8585704013514491,0.7838122777879961,0.9868038543576902
0.391,8.90956166161988,0.9990257664007257,0.9999560331660802,0.9999802046129471,0.999980712169326,0.9998136482616613,0.9998626991788995,0.999883331683813,0.9998365782898011,0.999736676256245,0.9990301637340612,0.9976993542996796,0.9784223117080446,0.9811161674610748,0.9195621293646928,0.8589128397239626,0.7842167575072272,0.9868405294219149
0.392,8.920033445955882,0.9990337733428263,0.999956553254889,0.9999804568679995,0.9999809583076646,0.9998155340778763,0.99986414058265,0.9998845807924696,0.999838265475411,0.9997392473017608,0.9990381477717206,0.9977159778816548,0.9785214955121636,0.9812061304242583,0.9198094744193479,0.8592534962118592,0.7846193566327301,0.9868769773263049
0.393,8.930476395640202,0.9990416924538438,0.9999570657754231,0.9999807052240782,0.9999812006367235,0.9998173956565619,0.9998655629100887,0.9998858131091408,0.9998399306246681,0.9997417862019379,0.999046044148689,0.9977324355336344,0.9786199482225999,0.9812954150648334,0.9200553707913615,0.8595923837169205,0.7850200875831366,0.9869132000934953
0.394,8.940890629605867,0.9990495249085274,0.999957570856428,0.999980949751056,0.9999814392248522,0.9998192333682928,0.9998669664603967,0.9998870289007581,0.9998415740792649,0.9997442934369339,0.9990538540379326,0.9977487293061116,0.9787176768798959,0.9813840280381986,0.9202998300433392,0.859929515022671,0.7854189626717883,0.9869491997226458
0.395,8.951276266132725,0.9990572718632688,0.9999580686241615,0.9999811905173919,0.9999816741390152,0.9998210475771313,0.9998683515273759,0.9998882284293942,0.999843196174812,0.9997467694786394,0.999061578594089,0.997764861219689,0.9788146884419103,0.9814719759203131,0.9205428636225015,0.8602649027956809,0.785815994107822,0.9869849781897777
0.396,8.96163342285192,0.9990649344564293,0.9999585592024471,0.9999814275901622,0.9999819054448232,0.9998228386407559,0.9998697183995564,0.9998894119523632,0.9998447972409601,0.9997492147908379,0.9990692189537927,0.9977808332655776,0.9789109897849592,0.9815592652088077,0.920784482862058,0.8605985595868557,0.7862111939972448,0.9870205374481033
0.397,8.971962216750343,0.9990725138086595,0.9999590427127268,0.9999816610350919,0.9999821332065633,0.9998246069105874,0.9998710673603037,0.9998905797223178,0.9998463776015185,0.9997516298293628,0.9990767762359953,0.9977966474060876,0.9790065877049351,0.9816459023240773,0.9210246989825628,0.860930497832706,0.7866045743439944,0.9870558794283517
0.398,8.982262764175022,0.9990800110232129,0.999959519274112,0.9999818909165847,0.9999823574872285,0.999826352731912,0.9998723986879218,0.9998917319873425,0.9998479375745717,0.9997540150422513,0.9990842515422773,0.9978123055751085,0.979101488918413,0.9817318936103573,0.9212635230932509,0.8612607298566041,0.7869961470509872,0.987091006039088
0.399,8.992535180837507,0.9990874271862532,0.9999599890034326,0.9999821172977527,0.9999825783485472,0.9998280764440013,0.999873712655755,0.999892868991048,0.9998494774725929,0.9997563708698942,0.9990916459571558,0.9978278096785806,0.9791957000637348,0.9818172453367808,0.9215009661933562,0.8615892678700214,0.7873859239211528,0.9871259191670261
0.4,9.002779581818181,0.9990947633671564,0.9999604520152872,0.9999823402404447,0.9999827958510106,0.9998297783802308,0.999875009532287,0.9998939909726605,0.9998509976025552,0.9997586977451834,0.9990989605483849,0.997843161594959,0.9792892277020804,0.9819019636984211,0.9217370391734121,0.8619161239737534,0.7877739166584576,0.9871606206773388
