Beta,R_0,R1,R2,R3,R4,R5,R6,R7,R8,R9,R10,R11,R12,R13,R14,R15,R16,R_all
0.0,0.0,0.0,0.0,0.0,0.0,0.0,0.0,0.0,0.0,0.0,0.0,0.0,0.0,0.0,0.0,0.0,0.0,0.0
0.001,0.04232668908275175,0.0,0.0,0.0,0.0,0.0,0.0,0.0,0.0,0.0,0.0,0.0,0.0,0.0,0.0,0.0,0.0,0.0
0.002,0.08440093270377735,0.0,0.0,0.0,0.0,0.0,0.0,0.0,0.0,0.0,0.0,0.0,0.0,0.0,0.0,0.0,0.0,0.0
0.003,0.12622498260654114,0.0,0.0,0.0,0.0,0.0,0.0,0.0,0.0,0.0,0.0,0.0,0.0,0.0,0.0,0.0,0.0,0.0
0.004,0.16780106383399213,0.0,0.0,0.0,0.0,0.0,0.0,0.0,0.0,0.0,0.0,0.0,0.0,0.0,0.0,0.0,0.0,0.0
0.005,0.20913137512315272,0.0,0.0,0.0,0.0,0.0,0.0,0.0,0.0,0.0,0.0,0.0,0.0,0.0,0.0,0.0,0.0,0.0
0.006,0.25021808929273087,0.0,0.0,0.0,0.0,0.0,0.0,0.0,0.0,0.0,0.0,0.0,0.0,0.0,0.0,0.0,0.0,0.0
0.007,0.2910633536238982,0.0,0.0,0.0,0.0,0.0,0.0,0.0,0.0,0.0,0.0,0.0,0.0,0.0,0.0,0.0,0.0,0.0
0.008,0.331669290234375,0.0,0.0,0.0,0.0,0.0,0.0,0.0,0.0,0.0,0.0,0.0,0.0,0.0,0.0,0.0,0.0,0.0
0.009,0.3720379964459591,0.0,0.0,0.0,0.0,0.0,0.0,0.0,0.0,0.0,0.0,0.0,0.0,0.0,0.0,0.0,0.0,0.0
0.01,0.4121715451456311,0.0,0.0,0.0,0.0,0.0,0.0,0.0,0.0,0.0,0.0,0.0,0.0,0.0,0.0,0.0,0.0,0.0
0.011,0.4520719851403679,0.0,0.0,0.0,0.0,0.0,0.0,0.0,0.0,0.0,0.0,0.0,0.0,0.0,0.0,0.0,0.0,0.0
0.012,0.4917413415057915,8.881784197001252e-16,1.2212453270876722e-15,1.4432899320127035e-15,1.887379141862766e-15,1.6653345369377348e-15,1.7763568394002505e-15,1.7763568394002505e-15,1.7763568394002505e-15,1.6653345369377348e-15,8.881784197001252e-16,1.1102230246251565e-15,9.992007221626409e-16,5.551115123125783e-16,0.0,0.0,0.0,1.1094490921105243e-15
0.013,0.5311816159287777,1.4432899320127035e-15,2.3314683517128287e-15,2.9976021664879227e-15,3.552713678800501e-15,2.9976021664879227e-15,2.9976021664879227e-15,3.219646771412954e-15,3.1086244689504383e-15,2.7755575615628914e-15,1.7763568394002505e-15,1.6653345369377348e-15,1.4432899320127035e-15,1.1102230246251565e-15,5.551115123125783e-16,7.771561172376096e-16,7.771561172376096e-16,2.0950083942242326e-15
0.014,0.5703947870441459,0.0,0.0,0.0,0.0,0.0,0.0,0.0,0.0,0.0,0.0,0.0,0.0,0.0,0.0,0.0,0.0,0.0
0.015,0.6093828107655502,0.0,0.0,0.0,0.0,0.0,0.0,0.0,0.0,0.0,0.0,0.0,0.0,0.0,0.0,0.0,0.0,0.0
0.016,0.6481476206106871,2.1094237467877974e-15,2.55351295663786e-15,3.219646771412954e-15,4.551914400963142e-15,3.552713678800501e-15,3.3306690738754696e-15,3.552713678800501e-15,3.4416913763379853e-15,3.3306690738754696e-15,2.1094237467877974e-15,2.1094237467877974e-15,1.6653345369377348e-15,1.4432899320127035e-15,6.661338147750939e-16,9.992007221626409e-16,9.992007221626409e-16,2.4750476898775347e-15
0.017,0.6866911280209325,8.881784197001252e-16,1.2212453270876722e-15,1.4432899320127035e-15,1.887379141862766e-15,1.6653345369377348e-15,1.7763568394002505e-15,1.7763568394002505e-15,1.7763568394002505e-15,1.6653345369377348e-15,8.881784197001252e-16,1.1102230246251565e-15,8.881784197001252e-16,4.440892098500626e-16,0.0,0.0,0.0,1.096454691966738e-15
0.018,0.7250152226755218,1.3322676295501878e-15,1.887379141862766e-15,2.886579864025407e-15,3.4416913763379853e-15,2.9976021664879227e-15,2.886579864025407e-15,3.1086244689504383e-15,2.9976021664879227e-15,2.7755575615628914e-15,1.6653345369377348e-15,1.5543122344752192e-15,1.3322676295501878e-15,8.881784197001252e-16,3.3306690738754696e-16,6.661338147750939e-16,6.661338147750939e-16,1.9680209821999073e-15
0.019,0.7631217728003785,1.3322676295501878e-15,1.887379141862766e-15,2.7755575615628914e-15,3.4416913763379853e-15,2.9976021664879227e-15,2.886579864025407e-15,3.1086244689504383e-15,2.9976021664879227e-15,2.7755575615628914e-15,1.6653345369377348e-15,1.5543122344752192e-15,1.3322676295501878e-15,8.881784197001252e-16,3.3306690738754696e-16,5.551115123125783e-16,6.661338147750939e-16,1.956602765228769e-15
0.02,0.8010126254716982,4.440892098500626e-15,6.439293542825908e-15,9.103828801926284e-15,1.1657341758564144e-14,9.658940314238862e-15,9.658940314238862e-15,9.880984919163893e-15,9.658940314238862e-15,9.547918011776346e-15,5.773159728050814e-15,5.551115123125783e-15,4.440892098500626e-15,3.1086244689504383e-15,2.4424906541753444e-15,2.55351295663786e-15,2.220446049250313e-15,6.651422595051624e-15
0.021,0.8386896069143933,2.6645352591003757e-15,3.1086244689504383e-15,4.773959005888173e-15,6.217248937900877e-15,4.884981308350689e-15,4.884981308350689e-15,4.884981308350689e-15,4.6629367034256575e-15,4.551914400963142e-15,2.7755575615628914e-15,2.886579864025407e-15,2.55351295663786e-15,1.887379141862766e-15,1.2212453270876722e-15,1.2212453270876722e-15,9.992007221626409e-16,3.379476917617581e-15
0.022,0.8761545227954972,6.994405055138486e-15,9.547918011776346e-15,1.2989609388114332e-14,1.7541523789077473e-14,1.4432899320127035e-14,1.432187701766452e-14,1.4432899320127035e-14,1.3988810110276972e-14,1.3655743202889425e-14,8.659739592076221e-15,8.104628079763643e-15,6.994405055138486e-15,5.10702591327572e-15,3.6637359812630166e-15,3.552713678800501e-15,3.219646771412954e-15,9.839665237500178e-15
0.023,0.9134091585126287,1.3322676295501878e-15,1.887379141862766e-15,2.7755575615628914e-15,3.4416913763379853e-15,2.9976021664879227e-15,2.886579864025407e-15,3.1086244689504383e-15,2.9976021664879227e-15,2.7755575615628914e-15,1.6653345369377348e-15,1.5543122344752192e-15,1.2212453270876722e-15,7.771561172376096e-16,3.3306690738754696e-16,5.551115123125783e-16,5.551115123125783e-16,1.9353812914516966e-15
0.024,0.950455279477612,1.709743457922741e-14,2.3647750424515834e-14,3.319566843629218e-14,4.418687638008123e-14,3.6415315207705135e-14,3.630429290524262e-14,3.6415315207705135e-14,3.497202527569243e-14,3.441691376337985e-14,2.1316282072803006e-14,2.0650148258027912e-14,1.6986412276764895e-14,1.199040866595169e-14,8.43769498715119e-15,8.992806499463768e-15,7.438494264988549e-15,2.4562004016515157e-14
0.025,0.9872946313953489,3.607920662229702e-08,4.965942324020034e-08,7.053040995685933e-08,9.411952073268282e-08,7.694219505971489e-08,7.669041568458823e-08,7.671258872576914e-08,7.400629853382412e-08,7.311679395272108e-08,4.4966322110262524e-08,4.356372218516924e-08,3.6405307324294256e-08,2.4967416467625014e-08,1.7912226479843696e-08,1.8977122651087086e-08,1.573751584604821e-08,5.196906202735452e-08
0.026,1.0239289405380334,0.024137693923730663,0.033066130372489844,0.04639258618356046,0.06104086193238256,0.050400852193414725,0.05035621232303633,0.05042749486115172,0.048687106332828134,0.04809219545528132,0.029855998363959246,0.028958827968732836,0.024294654015965644,0.01674747014414557,0.012051715619912584,0.012758894820850464,0.010576518170100746,0.0342900815939991
0.027,1.060359914014801,0.05973253943462942,0.08124282370419644,0.11202348375946536,0.14455592005847184,0.1209927009167786,0.12125722309325981,0.12160782811935444,0.11755410229070906,0.11609753502522868,0.07309007540165235,0.07101325786680068,0.05991523067651905,0.041618237675309255,0.030085039877443154,0.03181902213989807,0.026363900772651605,0.0831919977196859
0.028,1.0965892400369004,0.09376010612808305,0.12662640386561963,0.17183910461055107,0.21795028832025487,0.18461535463878465,0.1854806910511645,0.18624396377966856,0.18025348066897284,0.17801134399425844,0.11359274871184943,0.11053713250265773,0.09376579626514514,0.06561196736304375,0.04763806240235513,0.05034041005880929,0.041696053699054825,0.1282127127937114
0.029,1.132618588178473,0.12627185184353218,0.1693543927659934,0.22646649896789905,0.2828437377632552,0.24213441212333964,0.24376387321678938,0.24501421893445208,0.2374147563383231,0.23447178048779738,0.1515832742318446,0.14771907775923632,0.1259484780648784,0.08875965317808299,0.06471924792694117,0.06833847764731715,0.05659128782022682,0.16975918192265274
0.03,1.1684496096330277,0.15732775977335622,0.2095729858355435,0.2764554167818126,0.34052665664983517,0.29428837336571745,0.29676022774476496,0.29853140837082337,0.28960608169610325,0.28604811186191204,0.18726292397041555,0.18273474586582528,0.15656287835334814,0.11109490585469306,0.08134041572940398,0.08583048093499179,0.07106799062395419,0.20818840608246744
0.031,1.2040839374656909,0.18699176862778433,0.24743002836778827,0.32228835658156074,0.39204191566589286,0.34170910820046696,0.34504554721097713,0.3473435984076103,0.33733575168841556,0.3332455143364199,0.22081519977461828,0.2157461056723623,0.1857041210704149,0.13265209908002018,0.09751520563832494,0.10283440613064265,0.08514413800814014,0.24381359172084122
0.032,1.2395231868613141,0.2153289786599225,0.2830707782870976,0.36438946116230675,0.4382427304326253,0.3849391472979533,0.3891258585257543,0.3919382349621431,0.381056353919492,0.37651120606522737,0.25240682139568094,0.24690170209991202,0.21346195732727025,0.1534652943879773,0.11325813453996969,0.11936831460902375,0.0988370352998248,0.27690987964574293
0.033,1.274768955368517,0.2424039367640186,0.3166353928671628,0.40313227470256807,0.4798345727147717,0.4244460758839218,0.42944556306538195,0.43274762064374206,0.42116992859758784,0.41624080285364873,0.28218903544390406,0.2763373841480997,0.23992046115985077,0.1735676261042728,0.12858401042954115,0.1354499568208103,0.11216319001217778,0.3077194506723747
0.034,1.3098228231397462,0.26827959269375223,0.34825750295425395,0.4388464531186015,0.5174061692783953,0.4606344429074325,0.46639512454282384,0.47015471102627315,0.4580333101413414,0.45278437584451336,0.31029901292843287,0.30417723501358307,0.2651580533371859,0.19299096323794207,0.14350756825283695,0.15109654976707765,0.125138261335761,0.336455978433845
0.035,1.3446863531674211,0.29301668026829863,0.3780634816877221,0.4718235447292184,0.5514528469025661,0.49385559914557065,0.5003180256544435,0.5044987208371263,0.49196324425987525,0.48645198925275335,0.3368612182619458,0.33053456203566023,0.28924770332289385,0.21176574008491922,0.15804324595768804,0.16632465546233643,0.13777705442026045,0.3633084691575609
0.036,1.3793610915162455,0.31667337123973416,0.40617215896431,0.5023219604280519,0.582394391500259,0.5244158320678429,0.5315169183444526,0.5360803062380345,0.5232410974915288,0.51751864754219,0.3619886937213491,0.35551287160970724,0.3122572224636585,0.2299208900759273,0.17220505044399192,0.1811501222830877,0.1500935404764666,0.3884445539675944
0.037,1.4138485675517554,0.3393051055012659,0.43269482106797663,0.5305712446926194,0.6105889000769378,0.5525831082158739,0.5602589898423841,0.5651662350644102,0.552117094077353,0.5462286564805119,0.38578423602160483,0.3792067914063032,0.33424959768357076,0.24748384253760802,0.1860064817041961,0.19558806552730879,0.16210089125022642,0.4120133048363278
0.038,1.4481502941651707,0.36096453562107755,0.4577353902268504,0.5567757471005997,0.6363436564677216,0.5785926791312643,0.5867806094492177,0.5919935326935595,0.578814076181184,0.5727994376030325,0.4083414590147184,0.4017029228986124,0.3552833361884937,0.2644805571726284,0.19946049480582695,0.2096528722387404,0.1738115208913671,0.4341476419101974
0.039,1.4822677679946286,0.38170154517478294,0.48139071437799064,0.5811177815233901,0.6599237636634291,0.6026517591672425,0.611291336127194,0.6167731289876217,0.6035308136961586,0.5974248497617497,0.4297457455077096,0.423080618637266,0.37541280431114565,0.2809355803686244,0.21257948646288094,0.22335822074754885,0.18523713095355987,0.4549663929953802
0.04,1.5162024696428573,0.4015633140743068,0.503750920650462,0.603760348193418,0.6815590626742482,0.6249434437433848,0.6339773682415207,0.6396930488057535,0.6264449032527383,0.6202780747460956,0.45007509555743797,0.44341268492129726,0.39468855121062874,0.29687211326374907,0.22537529746184715,0.23671710877938268,0.19638875593404137,0.47457605809732106
0.041,1.5499558638913626,0.4205944130076765,0.5248998015076927,0.6248494829764693,0.7014497271288737,0.6456300041678562,0.6550045116320531,0.6609211944386756,0.6477153003249029,0.6415141218748788,0.46940088041926387,0.46276601373613335,0.4131576127119233,0.3123120851858975,0.23785922513501234,0.24974188616059378,0.20727680780626323,0.49307232425129593
0.042,1.5835293999111903,0.43883691498377675,0.54491521286958,0.6445162886118571,0.7197708234272966,0.6648556690066036,0.6745207343874323,0.6806077682933556,0.6674845278435906,0.6612720019077554,0.48778851176178806,0.48120214934323646,0.4308637933196333,0.327276228448776,0.2500420419972321,0.2624442895575295,0.21791111865563262,0.5105413689551416
0.043,1.616924511470328,0.45633051590232754,0.5638694705841565,0.6628786944051499,0.7366760549802782,0.6827489810186648,0.6926583682159884,0.6988873812059309,0.6858806018851735,0.6796766151747322,0.505298035466092,0.4987777954485292,0.44784792607268675,0.3417841520174537,0.26193401794177296,0.27483547761063476,0.22830098094317375,0.5270609844743928
0.044,1.6501426171378093,0.4731126587200023,0.5818297364397365,0.6800429837756851,0.7523008572000955,0.6994248019057744,0.7095360081228775,0.7158808875310164,0.7030187111511719,0.6968403932904306,0.5219846586766819,0.5155452688795219,0.4641481108515716,0.35585441255015526,0.2735449442507504,0.2869260654326834,0.23845518518328257,0.5427015501295488
0.045,1.6831851204845816,0.4892186575888938,0.59885838821863,0.6961051230432334,0.7667649716727638,0.7149860237018608,0.7252601546430425,0.7316969835422913,0.7190026828265575,0.7128647286082892,0.5378992179711016,0.5315529054161858,0.47979993226926887,0.36950458197001734,0.28488415825824986,0.29872615784337886,0.24838205498480248,0.557526875319329
0.046,1.7160534102811953,0.5046818195818036,0.6150133705683422,0.7111519197469726,0.7801745994216032,0.729525034868026,0.739926636296049,0.7464336011563422,0.7339262633843312,0.7278412208546777,0.5530885956815796,0.546845422995879,0.4948366585345304,0.38275131114061245,0.29596056790138237,0.3102453809796951,0.2580894795044807,0.5715949323829123
0.047,1.7487488606923753,0.519533562472471,0.6303485250252651,0.7252620344935855,0.7926242116652616,0.7431249805116835,0.75362184422975,0.7601791247918828,0.7478742391824247,0.7418527662178915,0.5675960905966583,0.5614642470336209,0.5092894227733578,0.3956103894897016,0.3067826756663862,0.32149291209795017,0.2675849434208144,0.584958495355919
0.048,1.7812728314685318,0.5338035276288794,0.6449138985866849,0.7385068667103706,0.8041980800924875,0.7558608491786655,0.7664238061446904,0.7730134553973615,0.7609234183531968,0.7549745105425427,0.5814617485237928,0.575447802114228,0.5231873882955597,0.4080968005973169,0.31735860162329477,0.3324775074994577,0.27687555456876656,0.5976656981343252
0.049,1.8136266681342634,0.5475196874857546,0.6587560309392406,0.7509513316288092,0.8149715760838336,0.767800413030193,0.7784031224519132,0.785008942345096,0.7731434925326792,0.7672746851557162,0.5947226575181288,0.5888317738486604,0.5365578992384734,0.42022477387025226,0.3276961053703529,0.3432075285864793,0.2859680693912886,0.6097605234439482
0.05,1.8458117021739135,0.5607084473436703,0.6719182209199308,0.7626545432537506,0.8250122785479089,0.7790050436416249,0.7896237841181825,0.7962312009839855,0.7845977944010322,0.7788153411747307,0.6074132119807802,0.6016493442568177,0.5494266179348308,0.43200783248747154,0.3378026067965201,0.3536909661024271,0.29486891636822765,0.6212832322490185
0.051,1.8778292512142236,0.5733947414347328,0.6844407730821087,0.7736704159060337,0.8343809224107315,0.7895304219331549,0.8001438887029214,0.8067398311309721,0.7953439647764917,0.7896529958618521,0.6195653492991562,0.6139314036482455,0.5618176502521206,0.4434588378345078,0.3476852056292956,0.36393546263874976,0.3035842175810495,0.6322707417611689
0.052,1.9096806192041524,0.585602123325041,0.6963612254151637,0.7840481950970324,0.8431322137908707,0.7994271576957631,0.8100162686073086,0.8165890496219242,0.8054345410856433,0.7998392026457781,0.6312087622369911,0.6257067416220014,0.5737536600465198,0.45459003065960657,0.35735069977441447,0.373948333506827,0.3121198085655904,0.6427569589797358
0.053,1.9413670965918897,0.5973528508103232,0.7077145593590454,0.7938329269474874,0.8513155331323572,0.8087413316755108,0.8192890434648981,0.8258282481922976,0.8149174773853842,0.8094210547745755,0.642371089876209,0.6370022194956706,0.5852559737713914,0.46541306918679615,0.36680560247953176,0.38373658608058925,0.32048125659651194,0.6527730756638599
0.054,1.9728899604991397,0.608667965516344,0.7185333932895286,0.8030658740544016,0.8589755437693368,0.8175149711202652,0.8280061068420673,0.8345024863758065,0.8238366047006884,0.8184416311571676,0.653078089560058,0.6478429261986671,0.5963446761819668,0.4759390644158372,0.37605615837011397,0.3933069377175086,0.3286738775374489,0.6623478297722187
0.055,2.004250474892704,0.6195673674489064,0.7288481606454127,0.8117848846003048,0.866152720348027,0.8257864679911527,0.8362075559319998,0.8426529277578376,0.8322320392344589,0.8269403917529338,0.6633537919805241,0.6582523194230103,0.6070386979858562,0.4861786128290091,0.3851083584151108,0.40266583236376907,0.33670275138073413,0.6715077376789439
0.056,2.035449890753425,0.6300698847561117,0.7386872738380292,0.8200247205570429,0.8728838090709208,0.8335909476296728,0.8439300716729187,0.8503172267663176,0.8401405449724442,0.834953528849533,0.6732206412871307,0.6682523536124811,0.6173558962043982,0.49614182671212415,0.39396795388487194,0.4118194559454691,0.34457273659054855,0.6802773008611739
0.057,2.066489446242528,0.6401933389725922,0.7480772750357914,0.827817350034644,0.8792022297313036,0.8409605944968499,0.8512072556620826,0.8575298721970774,0.847595856321891,0.8425142797002387,0.6826996218633914,0.6778635961849506,0.6273131279326792,0.5058383622832467,0.4026404693654283,0.42077375064228617,0.35228848335365515,0.6886791902355637
0.058,2.0973703668654173,0.6499546060150465,0.7570429748587597,0.8351922081426066,0.8851384278774663,0.8479249406201391,0.8580699293401959,0.8643224928284173,0.8546289656654504,0.8496532052507384,0.6918103732168105,0.6871053332197317,0.636926318116233,0.5152774458083167,0.41113121489287274,0.4295344281339958,0.3598544458327313,0.696734410882176
0.059,2.128093865632965,0.6593696731929428,0.7656075799549882,0.8421764301475037,0.8907201841112082,0.8545111215623429,0.8645464001600733,0.8707241297590547,0.861268380062933,0.8563984390518561,0.7005712942541852,0.695995665699084,0.6462105218995113,0.5244678978687614,0.41944529726977076,0.43810698190384156,0.3672748935087665,0.7044624495214724
0.06,2.158661143220339,0.6684536924894493,0.7737928103650556,0.8487950602116152,0.8959728864263632,0.8607441040365662,0.8706626988067689,0.8767614794866384,0.8675403507767576,0.8627759099124885,0.7089996380625507,0.7045515972680298,0.6551799820447699,0.5334181559325781,0.42758763062286764,0.4464966986763754,0.3745539216910869,0.7118814067928636
0.061,2.1890733881234152,0.6772210303567201,0.7816190075159289,0.85507123856942,0.9009197705845511,0.8666468887095323,0.8764427909857184,0.8824591112149963,0.8734690788186951,0.868809541382286,0.7171115981842703,0.7127891143671318,0.6638481818694526,0.5421362953675322,0.4355629462581775,0.4547086690611949,0.3816954612663531,0.719008116112608
0.062,2.2193317768128162,0.6856853142574924,0.7891052336216461,0.8610263696312602,0.9055821327710888,0.8722406912438347,0.8819087668255441,0.887839661424031,0.8790768993040642,0.8745214307544911,0.7249223872598263,0.7207232594968224,0.6722278941049471,0.550630049023106,0.44337580186609116,0.4627477974680455,0.38870328775123664,0.725858250657316
0.063,2.249437473885618,0.6938594761721419,0.796269363207265,0.866680273187286,0.909979518145397,0.8775451042128992,0.8870810105404007,0.8929240083455969,0.8843844470451341,0.8799320099360537,0.7324463088115469,0.7283681982875831,0.6803312260392076,0.5589068254967287,0.4510305901256073,0.47061881135321004,0.3955810297074932,0.732446419820869
0.064,2.2793916322147654,0.7017557932773912,0.8031281674146777,0.8720513206121747,0.9141298883743888,0.8825782421680992,0.8919783526525045,0.8977314286522737,0.8894108055096659,0.8850601902362971,0.7396968228537841,0.7357372809761823,0.6881696612696817,0.5669737261895935,0.45853154675328045,0.478326269851884,0.40233217657268217,0.7387862563220489
0.065,2.3091953930962346,0.7093859259899925,0.809697391694572,0.8771565577356593,0.9180497707958896,0.8873568718354855,0.8966182067799603,0.9022797383757669,0.8941736410062757,0.889923492870021,0.7466866059382542,0.7428430988229975,0.6957540983607726,0.5748375612480249,0.46588275803906454,0.485874571846435,0.4089600859548601,0.74489049499333
0.066,2.33884988639399,0.7167609535562027,0.8159918274381819,0.8820118158401714,0.9217543914872997,0.8918965291615413,0.9010166927407749,0.9065854198209276,0.8986893237295621,0.8945381667500779,0.7534276061759171,0.7496975359480329,0.7030948866713168,0.5825048644778203,0.47308816790797636,0.4932679635160262,0.41546799043509686,0.7507710441545805
0.067,2.368356230682765,0.723891407355839,0.8220253780555298,0.8866318120702993,0.9252577942004873,0.8962116247063027,0.9051887475048284,0.9106637360243874,0.9029730370996576,0.8989192949531288,0.7599310937176337,0.756311817012603,0.7102018595918755,0.5899819073112533,0.4801515845434411,0.5005105454090155,0.42185900391765463,0.7564390503658263
0.068,2.3977155333887046,0.7307873020781801,0.8278111199634786,0.8910302403853718,0.9285729468575271,0.9003155386923464,0.9091482253363142,0.9145288341186841,0.907038876658659,0.9030808910762259,0.7662077071237988,0.762696551128903,0.7170843654086461,0.5972747118993533,0.4870766866052675,0.5076062790758653,0.4281361275640192,0.7619049572582521
0.069,2.426928890927921,0.7374581649161494,0.8333613589070429,0.8952198540530827,0.931711837075429,0.9042207068547351,0.9129079883054241,0.9181938387994142,0.9108999396366468,0.9070359865575289,0.7722674960073487,0.7688617723401437,0.7237512959902777,0.6043890633957237,0.49386702907255997,0.5145589932969125,0.4343022553436945,0.7671785590601405
0.07,2.4559973888429756,0.7439130629149122,0.838687682000764,0.8992125405657678,0.9346855579948942,0.9079386980960182,0.9164799882060697,0.9216709369508765,0.9145684061695161,0.9107967099087326,0.7781199602940696,0.7748169769788577,0.7302111134754435,0.6113305214923441,0.5005260487393566,0.5213723899362888,0.4403601792317111,0.772269049362671
0.071,2.4849221019373453,0.7501606286014447,0.8438010058434385,0.9030193897594762,0.9375043855230328,0.9114802848284865,0.9198753407931453,0.9249714543619103,0.9180556130370213,0.9143743586971329,0.7837740864084343,0.780571158179924,0.7364718751225572,0.6181044312625847,0.5070570693885222,0.5280500494505169,0.44631259408012713,0.7771850656079399
0.072,2.513704094407895,0.756209084012601,0.8487116210288055,0.9066507558272061,0.940177847958434,0.914855506780236,0.9231043931455282,0.9281059253556321,0.9213721206899308,0.9177794650194239,0.7892383806615378,0.7861328377972348,0.7425412564682006,0.6247159333619088,0.5134633066672962,0.5345954360777668,0.4521621021883845,0.7819347297268958
0.073,2.54234441997539,0.7620662632308224,0.8534292333468021,0.910116313839961,0.94271478884533,0.9180737289498655,0.9261767848674928,0.9310841560623968,0.9245277742481086,0.9210218551254528,0.7945209000896883,0.7915100959483822,0.7484265729275557,0.6311699736324354,0.5197478726859871,0.5410119027314861,0.4579112175952067,0.786525685307049
0.074,2.570844122013093,0.7677396335288158,0.8579630019444533,0.9134251113210876,0.9451234237987884,0.9211436943148195,0.9291015037595384,0.9339152819826855,0.9275317590749967,0.9241107037766406,0.79962928096732,0.7967105983898681,0.7541347999581793,0.6374713121536647,0.5259137803595151,0.5473026956200513,0.4635623701127496,0.7909651316278902
0.075,2.5992042336734698,0.7732363152172463,0.8623215746921591,0.9165856153594446,0.9474113919523459,0.924073571828789,0.9318869365181845,0.9366078204141913,0.9303926514669306,0.9270545838592094,0.8045707651957594,0.8017416219058318,0.7596725918977015,0.643624531778114,0.5319639475099042,0.5534709586121977,0.46911790912194007,0.7952598548651071
0.076,2.6274257780130292,0.7785631002827567,0.8665131209799402,0.9196057556942433,0.9495858026011554,0.9268710001828104,0.9345409149616964,0.9391697182537808,0.9331184649367856,0.9298615117155999,0.809352224749705,0.8066100778758813,0.7650462995763505,0.6496340461874472,0.5379012007463398,0.5595197373663097,0.4745801071463329,0.7994162567322983
0.077,2.6555097681153534,0.7837264698973404,0.8705453621488587,0.922492964157918,0.9516532775457401,0.9295431277514925,0.9370707582237501,0.9416083956290696,0.9357166925195339,0.9325389886074457,0.8139801843456875,0.8113225341720174,0.7702619867964474,0.6555041075017567,0.5437282791380498,0.5654519832400959,0.4799511632203274,0.803440380800315
0.078,2.6834572072123177,0.7887326108743231,0.8744255997452547,0.925254210822397,0.9536199895823668,0.9320966490991739,0.9394833113087627,0.9439307857651146,0.9381943454815218,0.9350940386793815,0.8184608424811344,0.8158852355207112,0.7753254457631473,0.661238813472043,0.5494478376940636,0.5712705569958006,0.48523320606631426,0.8073379367091695
0.079,2.711269088803557,0.7935874311407861,0.8781607417693911,0.9278960371578739,0.9554916975345673,0.9345378383798386,0.9417849803600788,0.9461433714482684,0.9405579887748351,0.9375332437539876,0.8228000909786162,0.8203041224536639,0.7802422115435335,0.6668421142835306,0.5550624506627383,0.576978232314818,0.49042829709405955,0.8111143224651444
0.08,2.7389463967741934,0.7982965742913263,0.8817573270755363,0.9304245864811127,0.9572737781754073,0.936872579928594,0.9439817649547113,0.9482522184108926,0.942813773542369,0.9398627752537175,0.8270035331573254,0.8245848489595715,0.7850175756247431,0.6723178189952999,0.5605746146629518,0.5825776991344553,0.4955384332346081,0.8147746449960246
0.081,2.766490105510861,0.802865433283404,0.8852215480672153,0.9328456319418624,0.9589712553508014,0.9391063963107417,0.9460792877052183,0.9502630059266817,0.9449674669475479,0.9420884235151158,0.8310765007425804,0.8287327989391029,0.789656598635929,0.6776696016397248,0.5659867516579087,0.5880715668185322,0.5005655496199464,0.8183237391198538
0.082,2.7939011800160514,0.8072991633302782,0.8885592718192684,0.9351646022707202,0.9605888265797374,0.9412444740664534,0.9480828214200077,0.9521810548763086,0.9470244795745519,0.9442156247335513,0.8350240696140545,0.8327531015562344,0.7941641222935653,0.6829010070034112,0.5713012117816527,0.5934623671725753,0.5055115221188011,0.8217661850670822
0.083,2.821180576020817,0.8116026940435684,0.8917760597473418,0.9373866054893402,0.9621308873770459,0.9432916873642698,0.949997314047417,0.9540113535164435,0.9489898906199683,0.946249485752627,0.8388510744843591,0.8366506455708786,0.7985447806247754,0.6880154561096821,0.5765202760276031,0.5987525573135002,0.510378169738112,0.8251063246821455
0.084,2.848329240095847,0.8157807408738288,0.894877185935387,0.9395164507639169,0.9636015535177669,0.9452526197547021,0.951827411605911,0.9557585811615352,0.9508684710746091,0.9481948068910294,0.8425621225914459,0.8404300927303789,0.8028030105189884,0.6930162514211615,0.5816461588077182,0.603944522402905,0.5151672568989836,0.8283482764181955
0.085,2.8753481097609566,0.8198378158941262,0.8978676542226023,0.94155866856507,0.9650046814387507,0.947131584195753,0.9535774792822921,0.9574271299666977,0.9526647050744895,0.9500561029805125,0.8461616064809327,0.844095890290753,0.8069430616542228,0.697906581779629,0.5866810103902343,0.6090405782523776,0.5198804955952232,0.8314959492277172
0.086,2.902238113593005,0.8237782379684939,0.9007522141429055,0.9435175292813888,0.9663438869524693,0.9489326415048993,0.9552516208616574,0.9590211249813134,0.9543828095823648,0.9518376227717243,0.8496537159478388,0.8476522827325582,0.8109690058406953,0.7026895270990818,0.5916269192233463,0.6140429738085937,0.5245195474419836,0.8345530554419632
0.087,2.9290001713322757,0.8276061423442111,0.9035353758024136,0.9453970604197,0.967622562429752,0.9506596173766952,0.956853696636632,0.96054444262626,0.9560267525455103,0.9535433668493928,0.8530424492012065,0.851103322730768,0.8148847458211015,0.70736806282677,0.5964859141516309,0.6189538935253702,0.5290860256214218,0.8375231227233452
0.088,2.9556351939873413,0.8313254897041845,0.9062214237734665,0.9472010625124386,0.9688438925919975,0.9523161180914872,0.9583873399289857,0.9620007277327637,0.957600269661394,0.9551771041848311,0.8563316233096883,0.8544528814331236,0.8186940235639227,0.7119450641859424,0.6012599665315377,0.6237754596293308,0.533581496731807,0.8404095051670785
0.089,2.9821440839384374,0.8349400747132096,0.9088144300773882,0.9489331238411407,0.9700108690390863,0.9539055450285044,0.9598559723438459,0.9633934092675651,0.9591068798703304,0.9567423874415718,0.8595248839812639,0.8577046580969192,0.8224004280833324,0.7164233102130578,0.6059509922517999,0.628509734285326,0.5380074825460026,0.8432153936213176
0.09,3.0085277350393698,0.8384535340895883,0.9113182663223913,0.9505966340748853,0.9711263036264893,0.9554311080857054,0.9612628178652007,0.9647257148571665,0.9605498996829572,0.9582425671390573,0.8626257147258203,0.8608621891301108,0.8260074028167514,0.7208054876013416,0.6105608536642065,0.6331587216673177,0.5423654616848436,0.8459438252887
0.091,3.034787032717989,0.8418693542314343,0.9137366150577403,0.9521947969133755,0.9721928407937666,0.9568958380990074,0.9626109158910776,0.9660006842132591,0.961932456440288,0.9596808047695573,0.8656374454452962,0.8639288565789351,0.8295182525887975,0.7250941943617526,0.6150913614297939,0.6377243699400309,0.5466568712105035,0.8485976926665231
0.092,3.060922854075235,0.8451908784250213,0.9160729804004498,0.9537306418161301,0.9732129689365668,0.9583025983447984,0.9639031332975371,0.9672211815518612,0.96325750059504,0.961060084954707,0.8685632604924357,0.866907896100843,0.8329361501882382,0.7292919433116722,0.6195442762851586,0.6422085731562914,0.5508831081446143,0.8511797518776686
0.093,3.086936067982799,0.8484213136606855,0.9183306979863712,0.9552070348918619,0.9741890309052683,0.9596540952018181,0.9651421756123371,0.968389907090107,0.9645278170947956,0.9623832267201831,0.8714062062358718,0.8698024044584902,0.8362641425826252,0.7334011654009366,0.6239213107332723,0.6466131730746321,0.5550455309155227,0.8536926304397644
0.094,3.1128275351794072,0.851563737080092,0.9205129442934705,0.9566266890154732,0.9751232337053763,0.960952888041467,0.9663305973716766,0.9695094076969095,0.9657460359402398,0.963652893959937,0.8741691981662383,0.8726153465677202,0.8395051567934984,0.7374242128842052,0.6282241306628836,0.6509399609014377,0.5591454607388111,0.8561388345159318
0.095,3.1385981083657586,0.8546211020770912,0.9226227453813958,0.9579921732340906,0.9760176574676304,0.962201398409302,0.9674708117267345,0.9705820867667792,0.9669146419851161,0.9648716051550114,0.8768550275752521,0.8753495621299214,0.842662005453407,0.7413633623480655,0.632454356900314,0.6551906789616051,0.5631841829348793,0.8585207556866917
0.096,3.1642486322981367,0.8575962440729179,0.9246629850880275,0.9593059215181504,0.9768742637493558,0.9634019185548015,0.9685650993606939,0.971610213379824,0.9680359840386059,0.9660417424061974,0.8794663678372002,0.8780077718768038,0.8457373920644897,0.7452208176007271,0.6366135666972056,0.6593670223014334,0.5671629481871556,0.8608406772792208
0.097,3.189779943880713,0.8604918859851294,0.9266364127206016,0.9605702409086551,0.9776949032228461,0.9645566193613753,0.9696156167715118,0.9725959308053267,0.9691122833254653,0.9671655598345881,0.8820057803199708,0.8805925834535052,0.8487339159769649,0.7489987124316702,0.6407032951575466,0.6634706402272152,0.5710829737442529,0.8631007802870704
0.098,3.2151928722565692,0.8633106434084039,0.9285456502761296,0.961787319107299,0.9784813228014015,0.9656675577239864,0.9706244039708011,0.9735412644012035,0.9701456413544142,0.9682451913993718,0.8844757199506807,0.8831064969639831,0.851654077104605,0.7526991132481364,0.6447250366070832,0.667503137782772,0.57494544456916,0.8653031489106732
0.099,3.2404882388974556,0.8660550295241457,0.9303931992232234,0.9629592315521577,0.9792351722490162,0.9667366834175997,0.9715933916447665,0.9744481289570609,0.9711380472408856,0.969282658177959,0.8868785404590344,0.8855519102008588,0.8545002803930919,0.7563240215949248,0.6486802459080312,0.6714660771689762,0.5787515144383616,0.8674497757464483
0.1,3.265666857692308,0.8687274597547492,0.9321814468750276,0.9640879480180109,0.9799580103155373,0.967765845495911,0.972524407819142,0.975318335524413,0.9720913845262817,0.9702798751496751,0.8892164993198032,0.8879311235802396,0.8572748400560607,0.7598753765635639,0.6525703397218177,0.6753609791081052,0.5825023069935913,0.869542566650012
0.101,3.2907295350345356,0.8713302561773537,0.933912672380745,0.9651753387770777,0.9806513104353638,0.9687567982564202,0.9734191840664596,0.976153597773863,0.9730074375322868,0.9712386575207619,0.8914917624142098,0.8902463448005377,0.859979983592635,0.7633550570965435,0.6563966977224098,0.6791893241556999,0.58619891674874,0.8715833452969288
0.102,3.3156770699081166,0.8738656517109756,0.9355890523612145,0.9662231803529623,0.9813164660243743,0.9697112068048289,0.97427936129071,0.9769555379156503,0.9738878972855345,0.9721607266252603,0.8937064084285326,0.8924996932429226,0.8626178555993298,0.7667648841919698,0.6601606637626398,0.6829525539624358,0.5898424100542872,0.8735738574625332
0.103,3.3405102539724982,0.8763357940900196,0.9372126662121286,0.9672331608978929,0.981954795406713,0.9706306522489674,0.9751064951214822,0.977725692216881,0.9747343670449655,0.9730477154334658,0.8958624330069018,0.8946932041297777,0.8651905213883448,0.7701066230136656,0.6638635469957795,0.6866520724883678,0.5934338260214727,0.875515775040642
0.104,3.365229871646342,0.8787427496363505,0.9387855010967578,0.9682068852208723,0.9825675464003122,0.971516636549916,0.9759020609469787,0.9784655161459547,0.9755483674615301,0.9739011736970357,0.8979617526740165,0.8968288324563517,0.8676999704234647,0.7733819849114532,0.6675066229544897,0.6902892471717605,0.5969741774082808,0.8774106998193882
0.105,3.3898367001901146,0.8810885068413455,0.9403094566484643,0.9691458794921157,0.9831559005875302,0.9723705870557017,0.9766674586128626,0.9791763891721629,0.9763313413974459,0.9747225727574472,0.9000062085423797,0.8989084567097347,0.8701481195840625,0.7765926293560786,0.6710911345891445,0.693865410054597,0.6004644514691913,0.8792601670309921
0.106,3.4143315097875573,0.8833749797686314,0.9417863494018329,0.9700515956471085,0.983720977295031,0.9731938607408585,0.9774040168116613,0.9798596192461211,0.9770846584300028,0.9755133100423381,0.9019975698176053,0.9009338823882864,0.872536816267014,0.7797401657929774,0.6746182932674136,0.6973818588667366,0.6039056107705247,0.8810656486909638
0.107,3.4387150636260415,0.8856040112875412,0.9432179169698945,0.9709254155117477,0.984263837304982,0.9739877481732451,0.9781129971854389,0.9805164469845923,0.9778096190628789,0.9762747132722865,0.9039375371143797,0.9029068453337344,0.8748678413356935,0.7828261554188347,0.6780892797368747,0.7008398580705715,0.6072985939730953,0.8828285567410414
0.108,3.462988117975831,0.8877773761467206,0.9446058219836848,0.9717686546683397,0.9847854863177947,0.9747534772277879,0.9787955981626035,0.9811480495813479,0.9785074586660927,0.9770080443987932,0.9058277455947888,0.9048290148873189,0.8771429119246498,0.7858521128846825,0.6815052450523327,0.7042406398679402,0.6106443165837958,0.8845502460090784
0.109,3.487151422268275,0.8898967838967186,0.9459516558092312,0.9725825660806678,0.985286878184948,0.9754922165652403,0.9794529585480407,0.9817555444639662,0.9791793511640313,0.9777145032925769,0.907669767939893,0.9067019968805823,0.8793636841080005,0.7888195079290514,0.684867311469427,0.7075854051709518,0.6139436716776259,0.8862320169980863
0.11,3.5112057191729327,0.8919638816698695,0.9472569420560069,0.9733683434949275,0.9857689179289043,0.9762050788926159,0.9800861608842324,0.9823399927148759,0.9798264124894588,0.9783952311998032,0.9094651171646873,0.9085273364706785,0.88153175543909,0.7917297669445097,0.6881765733060166,0.7108753245382857,0.6171975305915978,0.887875118515728
0.111,3.535151744673669,0.8939802568252665,0.9485231398899131,0.9741271246320299,0.9862324645657363,0.9768931240206438,0.9806962345996297,0.9829024022735047,0.9804497038200086,0.9790513139824878,0.9112152492858865,0.9103065208294199,0.883648667368479,0.7945842744807311,0.6914340977727608,0.7141115390784507,0.6204067435918665,0.8894807501547185
0.112,3.5589902281437134,0.8959474394661551,0.9497516471629516,0.9748599941855862,0.9866783337448167,0.9775573617323956,0.9812841589592654,0.9834437309350608,0.981050234612379,0.9796837851580659,0.9129215658513322,0.9120409816946604,0.8857159075468979,0.797384374687068,0.6946409257742274,0.7172951613214045,0.623572140515353,0.8910500646338102
0.113,3.5827218924197166,0.8978669048366352,0.9509438033709087,0.9755679866387988,0.9871073002187685,0.9781987544761398,0.9818508658314327,0.983964889160268,0.9816289654482756,0.9802936287519673,0.9145854163392283,0.9137320977920428,0.8877349120193883,0.8001313726974368,0.6977980726817923,0.7204272760598611,0.6266945313870584,0.8925841700083407
0.114,3.6063474538748146,0.8997400756041556,0.9521008924496104,0.9762520889124882,0.9875201001558219,0.9788182198944794,0.9823972422831868,0.984466742709262,0.9821868107050756,0.9808817819759896,0.9162081004348598,0.9153811971346162,0.8897070673164821,0.8028265359601832,0.7009065290795352,0.7235089411615545,0.6297747070141975,0.8940841317586711
0.115,3.629867622490707,0.901568324033892,0.9532241454195834,0.9769132428555679,0.9879174333057654,0.9794166332009093,0.9829241330164517,0.9849501151118443,0.9827246410631972,0.9814491377442883,0.9177908701919465,0.9169895592073374,0.8916337124479057,0.8054710955154405,0.7039672614842607,0.7265411883536452,0.6328134395582217,0.8955509747642347
0.116,3.653283101928784,0.9033529740607457,0.9543147428883012,0.9775523475884459,0.9882999650297957,0.9799948294140941,0.9834323426556155,0.985415789985355,0.9832432858612584,0.9819965470379292,0.919334932085306,0.918558417043016,0.8935161408039751,0.8080662472223726,0.7069812130407265,0.7295250239804132,0.6358114830857354,0.8969856851703796
0.117,3.6765945896002963,0.9050953032643648,0.9553738174185807,0.9781702617090529,0.9886683282037783,0.98055360545939,0.9839226378966857,0.9858645132105792,0.9837435353092812,0.9825248211281257,0.9208414489610728,0.9200889591958464,0.8953556019695358,0.8106131529385606,0.7099493041931028,0.732461429735314,0.6387695740992616,0.8983892121546697
0.118,3.6998027767355985,0.9067965447522717,0.9564024557711245,0.9787678053704952,0.9890231250036909,0.9810937221464344,0.9843957495273121,0.9862969949753149,0.9842261425694333,0.9830347336675435,0.9223115418903081,0.9215823316182751,0.8971533034550162,0.813112941653679,0.7128724333336298,0.735351363368426,0.6416884320487548,0.8997624695988492
0.119,3.7229083484524685,0.9084578889558872,0.9574017010286777,0.9793457622386742,0.9893649285813527,0.9816159060309716,0.984852374326306,0.9867139116945126,0.9846918257131032,0.9835270226583659,0.9237462919314676,0.9230396394465895,0.8989104123488926,0.8155667105794955,0.7157514774294054,0.7381957593702626,0.6445687598247183,0.9011063376722429
0.12,3.7459119838235297,0.9100804853439679,0.9583725546087799,0.9799048813376152,0.9896942846379267,0.9821208511684895,0.9852931768506384,0.987115907815242,0.9851412695624597,0.984002392305183,0.9251467418068401,0.9244619487002805,0.9006280568956165,0.8179755261981249,0.7185872926281711,0.7409955296328853,0.6474112442337279,0.9024216643319621
0.121,3.768814355942774,0.9116654440577106,0.9593159781716358,0.9804458787896975,0.9900117129021222,0.9826092207666919,0.9857187911173257,0.9875035975141274,0.9855751274240567,0.9844615147601854,0.926513897497749,0.9258502878999116,0.9023073280028182,0.8203404252703697,0.7213807148439432,0.7437515640891956,0.6502165564571326,0.9037092667449315
0.122,3.791616131991215,0.9132138374715402,0.9602328954292108,0.9809694394574654,0.9903177085195008,0.9830816487433262,0.9861298221870658,0.9878775662943431,0.9859940227214985,0.9849050317676092,0.9278487297630101,0.9272056496079394,0.9039492806813813,0.8226624158058897,0.7241325603232748,0.7464647313312573,0.6529853524936526,0.9049699326363945
0.123,3.81431797330168,0.914726701683364,0.9611241938612588,0.981476218493231,0.9906127433588207,0.9835387411954193,0.9865268476560002,0.9882383724887412,0.986398550533679,0.9853335562138859,0.9291521755848539,0.9285289918966557,0.9055549354217793,0.8249424779968519,0.7268436261929135,0.7491358792084499,0.6557182735865655,0.9062044215692595
0.124,3.8369205354227405,0.9162050379378688,0.9619907263436336,0.9819668428022477,0.9908972672409124,0.9839810777855494,0.9869104190615181,0.9885865486752151,0.9867892790446482,0.9857476735894914,0.9304251395462659,0.9298212397471688,0.9071252795098728,0.8271815651166343,0.7295146909895756,0.751765835406222,0.658415946636133,0.9074134661583462
0.125,3.859424468181819,0.9176498139862305,0.9628333126938865,0.9824419124248295,0.9911717090951833,0.9844092130503805,0.9872810632075999,0.9889226030099632,0.9871667509107279,0.9861479433680768,0.9316684951434544,0.9310832863831048,0.9086612682851816,0.8293806043850803,0.7321465151725208,0.7543554080061776,0.6610789845978842,0.9085977732233265
0.126,3.881830415747461,0.919061965385424,0.9636527411388454,0.9829020018424249,0.9914364780484731,0.9848236776363276,0.9876392834148088,0.9892470204839201,0.9875314845501091,0.9865349003080642,0.9328830860369254,0.9323159945424895,0.9101638263444869,0.8315404978017228,0.7347398416195945,0.7569053860282005,0.66370798686735,0.9097580248839097
0.127,3.9041390166908045,0.920442396740139,0.9644497697085708,0.9833476612123099,0.9916919644506474,0.9852249794668766,0.9879855606996852,0.989560264107247,0.9878839753597984,0.9869090556815455,0.9340697272444408,0.9335201976910635,0.9116338486934478,0.8336621229483324,0.7372953961073531,0.7594165399552731,0.6663035396518003,0.9108948796005816
0.128,3.9263509040462434,0.9217919828901469,0.965225127560815,0.983779417535247,0.9919385408410013,0.9856136048457803,0.9883203548879651,0.9898627760264326,0.9882246968644445,0.9872708984349782,0.9352292062789345,0.9346967011800947,0.9130722018487794,0.8357463337620796,0.739813887775879,0.7618896222416478,0.6688662163295234,0.912008973164
0.129,3.9484667053713056,0.9231115700458035,0.9659795162398518,0.9841977757601701,0.9921765628592559,0.9859900195000539,0.9886441056657383,0.990154978578243,0.9885541018012644,0.9876208962858752,0.936362284234278,0.935846283351569,0.9144797248933932,0.8377939612805353,0.7422960095788567,0.7643253678049649,0.6713965777971451,0.9131009196359507
0.13,3.970487042805756,0.9244019768742296,0.9667136108733064,0.9846032198296747,0.9924063701046664,0.9863546695664357,0.9889572335723856,0.9904372752844608,0.9888726231450029,0.9879594967593978,0.9374696968216197,0.9369696965934723,0.9158572304867715,0.8398058143596787,0.7447424387194512,0.766724494502912,0.6738951728054761,0.9141713122445766
0.131,3.992412533129936,0.925663995538571,0.9674280613103988,0.9849962136698506,0.9926282869465108,0.9867079825247282,0.989260140938865,0.9907100517910885,0.9891806750765941,0.9882871281684966,0.938552155358858,0.9380676683477235,0.9172055058327265,0.8417826803660291,0.7471538370725193,0.7690877035949852,0.6763625382843397,0.9152207242364279
0.132,4.01424378782235,0.9268983926926118,0.9681234932047981,0.9853772021277554,0.9928426232890084,0.987050368081207,0.989553212774683,0.9909736767554393,0.9894786538989416,0.9886042005410082,0.939610347715662,0.939140902073167,0.9185253136065763,0.8437253258439573,0.7495308515936459,0.7714156801898824,0.6787991996568198,0.9162497096877187
0.133,4.035981413116512,0.9281059104328913,0.9688005090450994,0.9857466118596127,0.9930496752934964,0.9873822190050725,0.989836817606659,0.9912285026843063,0.9897669389030133,0.9889111064968809,0.9406449392163108,0.9401900781658972,0.9198173928436627,0.8456344971591961,0.75187411471549,0.7737090936790484,0.6812056711433445,0.9172588042770277
0.134,4.057626010057062,0.9292872672103624,0.9694596891357499,0.9861048521726186,0.9932497260605123,0.9877039119207263,0.9901113082723845,0.9914748667261882,0.9900458931872295,0.9892082220785016,0.9416565735024955,0.941215854839058,0.9210824597910338,0.847510921119508,0.7541842447318955,0.7759685981568616,0.6835824560559967,0.9182485260215398
0.135,4.07917817455516,0.9304431587035188,0.9701015925310849,0.9864523158230539,0.9934430462742385,0.9880158080584698,0.990377022671088,0.9917130914203509,0.9903158644329291,0.9894959075368965,0.9426458733581037,0.9422188689641428,0.9223212087240178,0.8493553055734373,0.756461846170204,0.778194832827934,0.6859300470834374,0.9192193759788031
0.136,4.100638497443183,0.9315742586548174,0.9707267579249742,0.9867893797732242,0.9936298948116068,0.9883182539660526,0.9906342844744356,0.9919434854053174,0.990577185638515,0.9897745080764004,0.9436134414978883,0.9431997368756998,0.923534312729324,0.8511683399880212,0.7587075101521923,0.7803884224019775,0.6882489265667959,0.9201718389158469
0.137,4.122007564528704,0.9326812196721281,0.9713357044984346,0.9871164059095928,0.9938105193182043,0.9886115821833453,0.9908834037996351,0.9921663440892112,0.9908301758147129,0.9900443545602198,0.9445598613218239,0.9441590551412523,0.9247224244562204,0.852950696006304,0.7609218147440382,0.7825499774766731,0.6905395667668736,0.9211063839474023
0.138,4.143285956647808,0.9337646739968497,0.9719289327274238,0.9874337417243175,0.9939851567529787,0.9888961118822623,0.9911246778470552,0.9923819502842182,0.9910751406432163,0.9903057641791624,0.9454856976368439,0.9450974012981316,0.9258861768372598,0.8547030279854494,0.7631053252956945,0.7846800949089523,0.6928024301229869,0.9220234651448608
0.139,4.164474249717713,0.9348252342402484,0.9725069251529032,0.9877417209622662,0.9941540339036097,0.989172149473925,0.9913583915044283,0.9925905748072831,0.9913123731008512,0.990559041085657,0.9463914973475622,0.9460153345588365,0.9270261837799477,0.8564259735162238,0.7652585947700496,0.7867793581751019,0.6950379695037694,0.922923522117504
0.14,4.185573014788734,0.9358634940894927,0.973070147115137,0.9880406642354554,0.9943173678742916,0.9894399891849319,0.9915848179195775,0.9927924770490226,0.9915421540512485,0.9908044769950557,0.9472777901174952,0.9469133964864407,0.9281430408306752,0.8581201539245766,0.7673821640622219,0.7888483377200649,0.697246628450224,0.9238069805674519
0.141,4.206582818095573,0.9368800289847841,0.9736190474540797,0.988330879606734,0.9944753665475567,0.9896999136044833,0.9918042190434775,0.9929879055127074,0.9917647528058964,0.9910423517560848,0.9481450890022134,0.9477921116414891,0.9292373258121732,0.8597861747560198,0.769476562309336,0.7908875912963139,0.6994288414113191,0.9246742528196947
0.142,4.227504221107995,0.9378753967689115,0.9741540591775997,0.9886126631444238,0.9946282290216629,0.9899521942039975,0.9920168461453498,0.9931770983250489,0.9919804276563181,0.991272933892191,0.948993891055778,0.9486519882017428,0.9303095994356795,0.8614246262434733,0.7715423071911014,0.7928976642926481,0.7015850339723986,0.9255257383284825
0.143,4.248337780580826,0.9388501383104887,0.9746756000991869,0.9888862994495219,0.9947761460249736,0.9901970918307587,0.992222940301386,0.9933602837204143,0.9921894263790171,0.9914964811154253,0.9498246779117412,0.9494935185560653,0.9313604058889513,0.8630360837592177,0.7735799052215121,0.7948790900532556,0.7037156230766695,0.9263618241612861
0.144,4.269084048603352,0.93980477810207,0.9751840734466973,0.9891520621569735,0.9949193003086627,0.9904348571770358,0.9924227328585882,0.9935376804999949,0.9923919867147252,0.9917132408144025,0.9506379163399202,0.9503171798736689,0.9323902734011974,0.8646211082515625,0.7755898520319657,0.7968323901873672,0.7058210172400148,0.9271828854614664
0.145,4.289743572648084,0.9407398248342825,0.9756798684436049,0.9894102144124303,0.995057867018997,0.9906657312260279,0.9926164458751288,0.9937094984673502,0.9925883368233984,0.9919234505177791,0.9514340587800953,0.9511234346498778,0.9333997147859556,0.8661802466668188,0.777572632646096,0.7987580748698182,0.707901616759378,0.9279892858907203
0.146,4.310316895618916,0.9416557719470517,0.9761633608641419,0.9896610093258263,0.9951920140503642,0.9908899456759062,0.9928042925385419,0.9938759388416706,0.9927786957163119,0.9921273383346069,0.9522135438537124,0.9519127312295048,0.9343892279628816,0.8677140323571317,0.7795287217465907,0.800656643132819,0.7099578139149405,0.9287813780523212
0.147,4.330804555898682,0.9425530981589466,0.9766349135636381,0.9899046904030233,0.9953219023801448,0.9911077233431492,0.9929864775629793,0.9940371946500093,0.9929632736665263,0.9923251233728352,0.9529767968546222,0.9526855043088787,0.9353592964593774,0.8692229854747129,0.7814585839342705,0.8025285831492287,0.7119899931663202,0.929559503896106
0.148,4.351207087396122,0.9434322679756182,0.9770948769852934,0.9901414919567001,0.9954476863864588,0.9913192785462912,0.9931631975666881,0.9941934510996642,0.993142272598918,0.9925170161371574,0.953724230219828,0.9534421754175064,0.9363103898929366,0.8707076133529825,0.7833626739796786,0.8043743725076073,0.7139985313429936,0.9303239951061105
0.149,4.37152501959226,0.9442937321782582,0.9775435896445522,0.9903716394975967,0.9955695141497469,0.9915248174711414,0.9933346414307974,0.9943448859318136,0.9933158864608953,0.9927032189073276,0.9544562439811666,0.9541831533803058,0.9372429644350402,0.8721684108751147,0.7852414370674363,0.806194478479323,0.7159837978291528,0.931075173471706
0.15,4.3917588775862075,0.945137928292959,0.9779813785921819,0.9905953501071516,0.9956875277390973,0.9917245385184656,0.993500990640435,0.9944916697574442,0.9934843015748553,0.9928839260980042,0.955173226198797,0.9549088347612923,0.9381574632574015,0.8736058608304548,0.7870953090335944,0.8079893582779656,0.7179461547431836,0.9318133512430355
0.151,4.411909182140399,0.9459652810418107,0.9784085598571004,0.9908128327925178,0.9958018634841629,0.9919186326350651,0.9936624196091363,0.9946339663765467,0.9936476969733691,0.9930593246011156,0.9558755533773287,0.9556196042895618,0.9390543169613158,0.8750204342592613,0.7889247165962173,0.8097594593113266,0.7198859571119536,0.9325388314715204
0.152,4.4319764497252745,0.9467762027765352,0.978825438869939,0.9910242888248771,0.9959126522334705,0.9921072836291313,0.9938190959874459,0.9947719330814954,0.9938062447180319,0.9932295941116828,0.9565635908653756,0.9563158352683673,0.9399339439908342,0.8764125907862041,0.7907300775794164,0.8115052194261776,0.721803553040089,0.9332519083361455
0.153,4.451961192563401,0.9475710938954133,0.9792323108682759,0.9912299120619279,0.9960200195998684,0.9922906684707052,0.9939711809565641,0.9949057209454742,0.993960110202852,0.9933949074379816,0.9572376932392846,0.956997889968046,0.9407967510304501,0.8777827789430311,0.7925118011310437,0.8132270671460831,0.7236992838744087,0.9339528674562078
0.154,4.471863918673051,0.9483503432442283,0.9796294612844222,0.991429889255364,0.9961240861938192,0.9924689575780222,0.9941188295078349,0.9950354750967582,0.9941094524430045,0.9935554307968743,0.9578982046717501,0.9576661200035194,0.9416431333879531,0.8791314364808045,0.7942702879342561,0.8149254219024731,0.725573484363684,0.9346419861911726
0.155,4.491685131911263,0.9491143285019122,0.9800171661165994,0.9916244003441212,0.9962249678451987,0.9926423150904736,0.9942621907088314,0.9951613349796132,0.9942544243497276,0.9937113240950886,0.9585454592859847,0.9583208666970462,0.94247347536307,0.8804589906720837,0.7960059304131406,0.8166006942591881,0.727426482813875,0.9353195339282416
0.156,4.5114253320163495,0.9498634165515515,0.9803956922843003,0.9918136187341191,0.9963227758142225,0.9928108991288828,0.9944014079567448,0.9952834346025329,0.9943951729920936,0.9938627411971866,0.9591797814960911,0.9589624614268831,0.9432881506024903,0.8817658586034216,0.7977191129325938,0.8182532861307042,0.7292586012390034,0.9359857723582132
0.157,4.531085014649899,0.9505979638373718,0.9807652979685834,0.991997711565189,0.996417616992089,0.9929748620437462,0.9945366192197459,0.9954019027744849,0.9945318398463432,0.9940098301809117,0.9598014863342414,0.9595912259624665,0.9440875224418416,0.8830524474585262,0.7994102119926392,0.819883590994242,0.7310701555078005,0.9366409557401792
0.158,4.5506646714382635,0.9513183167083017,0.9811262329380137,0.9921768399658373,0.9965095940918869,0.9931343506520555,0.9946679572669482,0.9955168633298063,0.9946645610334346,0.9941527335805715,0.9604108797652433,0.9602074727867065,0.9448719442351542,0.8843191547924194,0.8010795964173558,0.8214919940959479,0.7328614554862711,0.9372853311555744
0.159,4.570164790013542,0.9520248117486746,0.9814787388609236,0.9923511592964573,0.9965988058302871,0.9932895064632841,0.9947955498875654,0.995628435342344,0.9947934675454192,0.9942915886190739,0.9610082589890421,0.9608115054059502,0.9456417596723306,0.8855663687969212,0.8027276275385912,0.8230788726513377,0.734632805176312,0.937919138752073
0.16,4.589585854054055,0.9527177760966156,0.9818230496046326,0.992520819381572,0.9966853471005095,0.9934404658950856,0.9949195200998234,0.995736733329408,0.9949186854612221,0.9944265274291965,0.9615939127316842,0.9614036186481483,0.9463973030851117,0.8867944685577648,0.804354659374618,0.8246445960401809,0.736384502850508,0.9385426119777892
0.161,4.608928343324343,0.9533975277506225,0.9821593915222341,0.9926859647316516,0.9967693091370211,0.9935873604792239,0.9950399863501537,0.9958418674460668,0.9950403361523733,0.9945576772646425,0.9621681215252378,0.9619840989497285,0.9471388997420089,0.8880038243036418,0.8059610388038996,0.8261895259959994,0.7381168411832355,0.9391559778062317
0.162,4.628192733714671,0.9540643758648348,0.9824879837275229,0.9928467347550272,0.9968507796724038,0.9937303170582218,0.9951570627031663,0.9959439436702882,0.9951585364792036,0.994685160701399,0.9627311579771451,0.9625532246316606,0.9478668661326484,0.8891947976474631,0.8075471057341078,0.8277140167903463,0.739830107378188,0.9397594569524257
0.163,4.647379497280054,0.9547186210334577,0.9828090383586102,0.9930032639603877,0.9969298430867969,0.9938694579731953,0.9952708590228723,0.9960430639794,0.9952733989779919,0.9948090958298899,0.9632832870294586,0.9631112661651713,0.9485815102419571,0.8903677418201097,0.8091131932665487,0.8292184154120306,0.7415245832924433,0.9403532640805959
0.164,4.666489102278821,0.9553605555647877,0.9831227608307443,0.9931556821503245,0.9970065805503023,0.9940049012433063,0.9953814811455999,0.9961393265183158,0.9953850320395211,0.9949295964383851,0.9638247662083884,0.9636584864275449,0.949283131814598,0.8915230018969348,0.8106596278561313,0.8307030617414385,0.7432005455571773,0.9409376080037974
0.165,4.685522013210703,0.9559904637452672,0.9834293500788287,0.9933041146063589,0.9970810701587152,0.9941367607372504,0.9954890310450221,0.9962328257599473,0.9954935400794774,0.9950467721881056,0.9643558458645712,0.9641951409484294,0.9499720226100432,0.8926609150172752,0.8121867294670191,0.8321682887201045,0.7448582656951379,0.9415126918758409
0.166,4.704478690854473,0.9566086220939735,0.9837289987901046,0.9934486822658714,0.9971533870629229,0.994265146337169,0.9955936069896943,0.996323652658203,0.9955990237011021,0.9951607287804347,0.9648767694044519,0.9647214781470417,0.950648466648661,0.8937818105972104,0.8136948117240999,0.8336144225156797,0.7464980102349745,0.9420787133758591
0.167,4.723359592305131,0.9572152996079315,0.9840218936274435,0.9935895018913191,0.997223603592298,0.9943901640953562,0.9956953036934728,0.9964118947939471,0.9957015798504828,0.9952715681166311,0.9653877735131458,0.9652377395606541,0.9513127404491686,0.8948860105358055,0.8151841820603923,0.8350417826824339,0.7481200408225286,0.9426358648858393
0.168,4.742165171010639,0.9578107579986224,0.9843082154436689,0.9937266862321177,0.9972917893723882,0.994511916384111,0.9957942124591703,0.9964976365142759,0.9958013019648496,0.9953793884504085,0.965889088369139,0.9657441600647199,0.9519651132577943,0.8959738294150631,0.8166551418605238,0.8364506823174276,0.7497246143291726,0.9431843336614208
0.169,4.760895876808229,0.9583952519200392,0.9845881394873098,0.9938603441795364,0.9973580114371948,0.9946305020390654,0.9958904213157831,0.9965809590654456,0.9958982801142225,0.995484284533737,0.9663809378511625,0.9662409680849852,0.9526058472694742,0.8970455746937989,0.8181079866003886,0.8378414282124894,0.7513119829572993,0.9437243019962566
0.17,4.779552155960266,0.958969029188632,0.984861835600168,0.9939905809149405,0.9974223343363113,0.9947460164963031,0.9959840151496046,0.9966619407197687,0.9959926011367383,0.9955863477561933,0.9668635397375631,0.966728385801913,0.9532351978413921,0.8981015468956502,0.8195430059831081,0.8392143210021195,0.752882394343038,0.9442559473802156
0.171,4.79813445118969,0.9595323309954632,0.9851294684070581,0.9941174980516965,0.9974848202371799,0.9948585519235649,0.9960750758295256,0.9967406568967812,0.9960843487679641,0.9956856662781749,0.967337105898477,0.9672066293477355,0.9538534136991642,0.8991420397914176,0.8209604840714,0.8405696553074449,0.7544360916562929,0.9447794426516871
0.172,4.816643201715039,0.9600853921108838,0.9853911974980694,0.9942411937710395,0.9975455290227092,0.9949681973458232,0.9961636823268059,0.996817180278961,0.9961736037644953,0.9957823251582768,0.9678018424811007,0.967675908996432,0.9544607371359499,0.9001673405759292,0.8223606994164666,0.8419077198763452,0.7559733136981797,0.9452949561442416
0.173,4.835078843285056,0.9606284410820254,0.9856471776036742,0.9943617629521865,0.9976045183844863,0.9950750387654926,0.9962499108295829,0.9968915809222695,0.9962604440221087,0.9958764064751078,0.9682579500883384,0.9681364293469187,0.9550574042047638,0.9011777300396169,0.8237439251835033,0.84322879771986,0.757494294995942,0.9458026518278869
0.174,4.853441808212878,0.961161700423391,0.9858975587629971,0.9944792972969645,0.9976618439117968,0.9951791592775291,0.9963338348523739,0.996963926361766,0.9963449446887416,0.9959679894438174,0.9687056239510923,0.9685883894997246,0.9556436449042486,0.9021734827349795,0.8251104292739294,0.8445331662449928,0.7589992658954252,0.9463026894451447
0.175,4.871732525409836,0.9616853868008156,0.9861424864855397,0.9945938854492089,0.9977175591766637,0.9952806391796577,0.9964155253408103,0.9970342817125398,0.9964271782725389,0.9960571505275823,0.9691450540944516,0.9690319832274111,0.9562196833581582,0.9031548671381057,0.8264604744444382,0.8458210973840137,0.7604884526511755,0.9467952246421709
0.176,4.889951420418848,0.962199711209053,0.9863821019066471,0.9947056131091742,0.9977717158150959,0.9953795560779561,0.9964950507718341,0.9971027097661849,0.996507214745209,0.9961439635442935,0.9695764254980243,0.9694673991389882,0.9567857379887921,0.9041221458054206,0.8277943184229566,0.8470928577203685,0.7619620775142442,0.9472804090951195
0.177,4.90809891544742,0.9627048791432394,0.9866165419369817,0.9948145631431868,0.9978243636047354,0.9954759849880117,0.9965724772495709,0.9971692710830331,0.9965851216409085,0.9962284997686706,0.9699999182506426,0.9698948208385613,0.9573420216846071,0.9050755755258167,0.8291122140216108,0.8483487086112913,0.7634203588177588,0.9477583906319516
0.178,4.926175429400261,0.9632010907644681,0.9868459394062645,0.9949208156887601,0.9978755505390735,0.9955699984318538,0.9966478685970854,0.9972340240803508,0.9966609641508714,0.9963108280300181,0.9704157076996678,0.9703144270784392,0.9578887419622296,0.9060154074683207,0.8304144092467802,0.8495889063072183,0.7648635110603301,0.9482293133498777
0.179,4.944181377911517,0.9636885410597019,0.9870704232015262,0.9950244482553748,0.9979253228984071,0.9956616665308582,0.9967212864442134,0.9972970251166914,0.99673480521398,0.9963910148058288,0.9708239645951025,0.9707263919069197,0.9584261011230739,0.9069418873254431,0.8317011474063254,0.8508137020680949,0.7662917449873581,0.9486933177286102
0.18,4.962117173376623,0.9641674199962432,0.9872901184001008,0.9951255358211267,0.9979737253176865,0.995751057094808,0.9967927903116534,0.9973583285725889,0.996806705603471,0.9964691243114258,0.9712248552287179,0.9711308848109594,0.958954296404773,0.907855255452355,0.8329726672140757,0.8520233422766705,0.7677052676703005,0.9491505407395966
0.181,4.979983224983798,0.964637912670965,0.9875051463975868,0.9952241509254256,0.9980208008514073,0.9958382357072855,0.9968624376914946,0.9974179869277643,0.996876724009957,0.9965452185858303,0.9716185415683887,0.9715280708539293,0.9594735201276109,0.9087557470020261,0.8342292028916509,0.8532180685488637,0.7691042825839614,0.9496011159514004
0.182,4.997779938745149,0.9651001994545054,0.9877156250309835,0.9953203637579237,0.9980665910356863,0.995923265807562,0.9969302841243465,0.9974760508350108,0.9969449171209338,0.9966193575740268,0.9720051813878199,0.9719181108086439,0.9599839598361436,0.9096435920564567,0.8354709842676954,0.8543981178412854,0.7704889896818582,0.9500451736313834
0.183,5.015507717527437,0.9655544561306151,0.9879216686972078,0.9954142422438433,0.9981111359476539,0.9960062087691444,0.9969963832732258,0.9975325691909142,0.997011339696938,0.996691599205792,0.9723849283918471,0.9723011612858476,0.9604857984361859,0.9105190157541322,0.836698236874602,0.8555637225560021,0.7718595854697241,0.9504828408438335
0.184,5.0331669610824745,0.966000854030839,0.9881233884671826,0.9955058521258653,0.9981544742622921,0.9960871239751286,0.9970607869943529,0.9975875892035571,0.9970760446445096,0.996761999471247,0.9727579323374765,0.9726773748583322,0.9609792143273337,0.9113822384138187,0.8379111820427912,0.8567151106426164,0.7732162630771978,0.9509142415446891
0.185,5.0507580660771705,0.9664395601647097,0.9883208921956809,0.9955952570427277,0.9981966433068359,0.9961660688905021,0.9971235454049977,0.9976411564573464,0.9971390830861049,0.9968306124932791,0.9731243391508307,0.9730469001808516,0.9614643815311856,0.9122334756548226,0.8391100369926217,0.8578525056977452,0.7745592123277539,0.9513394966729866
0.186,5.068281426123235,0.9668707373456175,0.9885142846271004,0.9956825186046848,0.9982376791128539,0.9962430991315335,0.9971847069485118,0.9976933149750999,0.9972005044271011,0.9968974905969772,0.9734842910401544,0.9734098821059953,0.96194146981542,0.913072938513823,0.8402950149239947,0.8589761270619652,0.7758886198069234,0.9517587242391653
0.187,5.0857374318065345,0.9672945443125206,0.988703667497338,0.9957676964659619,0.9982776164661153,0.9963182685323766,0.9972443184566715,0.9977441072775165,0.9972603564200246,0.9969626843762164,0.9738379266050297,0.9737664617961709,0.9624106448138782,0.9139008335583911,0.8414663251037213,0.8600861899143035,0.777204668928854,0.9521720394103528
0.188,5.103126470716113,0.9677111358476475,0.9888891396319204,0.9958508483943369,0.9983164889543474,0.9963916292090129,0.9973024252094587,0.9977935744401523,0.9973186852261287,0.9970262427575182,0.9741853809419443,0.974116776831845,0.9628720681427976,0.9147173629972987,0.8426241729507116,0.8611829053643378,0.7785075400012572,0.9525795545927479
0.189,5.120448927472878,0.9681206628903394,0.9890707970405475,0.9959320303379776,0.9983543290129794,0.9964632316206502,0.9973590709923899,0.9978417561480162,0.99737553547444,0.9970882130613098,0.97452678574635,0.9744609613161819,0.9633258975133343,0.9155227247877196,0.8437687601190508,0.8622664805419767,0.7797974102887859,0.9529813795112145
0.19,5.137705183757962,0.9685232726471772,0.9892487330081916,0.9960112964896505,0.9983911679689663,0.9965331246286875,0.9974142981515077,0.997888690747895,0.9974309503183897,0.9971486410606996,0.9748622694113415,0.9747991459762124,0.9637722868405054,0.9163171127394223,0.8449002845790181,0.8633371186849856,0.7810744540748888,0.9533776212861943
0.191,5.15489561834075,0.9689191086985243,0.9894230381828922,0.9960886993484163,0.9984270360827818,0.9966013555533533,0.9974681476461373,0.9979344152985081,0.997484971490135,0.9972075710378758,0.975191957123082,0.9751314582606666,0.9642113863486828,0.9171007166160492,0.8460189406961104,0.8643950192243204,0.7823388427221837,0.9537683845080432
0.192,5.1720206071065995,0.9693083111016204,0.9895938006603804,0.996164289778921,0.9984619625886612,0.9966679702281183,0.9975206590995075,0.997978965618595,0.9975376393526761,0.9972650458382385,0.9755159709530973,0.9754580224345887,0.9646433426737563,0.9178737222335721,0.8471249193081192,0.8654403778673302,0.7835907447313896,0.9541537713088871
0.193,5.189080523084231,0.9696910164903485,0.9897611060656586,0.9962381170683852,0.9984959757331765,0.9967330130519784,0.9975718708473318,0.998022376333024,0.9975889929498652,0.9973211069223596,0.9758344299475513,0.9757789596708571,0.9650682989620885,0.9186363115560147,0.8482184078003228,0.8664733866788907,0.784830325798859,0.9545338814320947
0.194,5.20607573647282,0.9700673581717962,0.9899250376316582,0.9963102289813888,0.9985291028122182,0.9967965270396999,0.9976218199844391,0.9980646809170151,0.9976390700544022,0.997375794415871,0.9761474502136166,0.97609438813872,0.9654863949663705,0.9193886627885258,0.8492995901788384,0.8674942341605251,0.786057748872749,0.9549088122994559
0.195,5.223006614668771,0.9704374662197273,0.9900856762750909,0.9963806718125475,0.9985613702064549,0.9968585538701145,0.9976705424095411,0.9981059117385577,0.9976879072139043,0.9974291471573677,0.9764551450030444,0.9764044230894574,0.9658977671384893,0.920130950467887,0.8503686471421914,0.8685031053275643,0.7872731742078672,0.9552786590761535
0.196,5.239873522292192,0.9708014675650725,0.990243100669605,0.9964494904371681,0.9985928034153408,0.9969191339325464,0.9977180728682152,0.9981461000991072,0.9977355397951355,0.9974812027444154,0.9767576247930371,0.9767091769392746,0.9663025487195118,0.9208633455505328,0.8514257561511448,0.8695001817844088,0.7884767594192303,0.9556435147336109
0.197,5.256676821213074,0.971159486083549,0.9903973873163521,0.9965167283599693,0.9986234270897342,0.9969783063714535,0.9977644449941842,0.9981852762726344,0.9977820020264758,0.9975319975777419,0.9770549973645203,0.977008759349525,0.9667008698268836,0.9215860154981611,0.8524710914968416,0.8704856417979385,0.7896686595343694,0.9560034701102934
0.198,5.273416870577164,0.9715116426805068,0.9905486106120676,0.9965824277619482,0.9986532650631901,0.997036109129354,0.9978096913489638,0.9982234695431015,0.9978273270387067,0.9975815669036935,0.9773473678779091,0.9773032773043614,0.9670928575389415,0.9222991243610082,0.8535048243673025,0.8714596603691214,0.7908490270444176,0.9563586139705446
0.199,5.29009402683156,0.9718580553731041,0.9906968429147602,0.9966466295454712,0.9986823403819856,0.9970925789881158,0.997853843459952,0.9982607082404332,0.9978715469041857,0.9976299448550289,0.9776348389464581,0.9775928351859065,0.9674786359768303,0.9230028328588588,0.8545271229123241,0.8724224093028746,0.7920180119540093,0.9567090330615222
0.2,5.30670864375,0.9721988393699021,0.9908421546071056,0.9967093733776631,0.9987106753339333,0.9971477516086727,0.9978969318570227,0.9982970197750506,0.9979146926744804,0.997677164490123,0.9779175107072813,0.9778775348470325,0.967858326383916,0.9236972984598613,0.8555381523068246,0.8733740572762223,0.793175761830028,0.957054812168312
0.201,5.323261072457892,0.9725341071479736,0.9909846141576304,0.9967706977321634,0.9987382914760375,0.9972016615692376,0.9979389861076927,0.9983324306710287,0.9979567944165283,0.9977232578306489,0.9781954808901269,0.978157475681834,0.9682320472027779,0.9243826754572156,0.8565380748126724,0.8743147699047984,0.7943224218492293,0.9573960341672814
0.202,5.339751661457036,0.9728639685276094,0.9911242881797759,0.996830639929321,0.9987652096610422,0.9972543424020709,0.9979800348509205,0.9983669665979388,0.9979978812473838,0.9977682558978004,0.9784688448839833,0.9784327546938764,0.9685999141498648,0.9250591150437961,0.8575270498390448,0.875244709807737,0.7954581348447712,0.957732780077737
0.203,5.356180756650094,0.9731885307447079,0.9912612414889193,0.9968892361748862,0.9987914500629205,0.9973058266288682,0.9980201058295943,0.9984006524014314,0.9980379813676155,0.9978121887471206,0.9787376958015971,0.9787034665622996,0.9689620402878932,0.9257267653847742,0.8585052340013526,0.8761640366709984,0.796583041351681,0.9580651291119513
0.204,5.372548701364764,0.9735078985209282,0.9913955371574321,0.9969465215972683,0.9988170322013513,0.9973561457948215,0.9980592259217685,0.9984335121326162,0.9980771220934086,0.9978550855019916,0.9790021245419729,0.9789697037058502,0.9693185360960656,0.9263857716882998,0.85947278117877,0.877072907309168,0.7976972796512849,0.9583931587236162
0.205,5.388855836377709,0.9738221741316835,0.991527236567852,0.9970025302834103,0.9988419749652273,0.9974053305014093,0.9980974211706964,0.9984655690762886,0.9981153298874293,0.9978969743858443,0.979262219850928,0.9792315563449177,0.9696695095381795,0.9270362762742999,0.8604298425704059,0.8779714757257733,0.7988009858146312,0.9587169446547733
0.206,5.405102499938195,0.9741314574720487,0.9916563994642377,0.9970572953133434,0.9988662966352346,0.9974534104379688,0.998134716813715,0.9984968457780528,0.9981526303885019,0.9979378827531407,0.9795180683797692,0.9794891125616414,0.9700150661287025,0.9276784186414506,0.861376566750156,0.8788598931721561,0.7998942937449286,0.9590365609812884
0.207,5.421289027791486,0.9744358461206558,0.9917830840017764,0.9971108487934699,0.9988900149055466,0.9975004144120975,0.9981711373100259,0.9985273640703901,0.9981890484401492,0.9979778371191792,0.9797697547421567,0.9797424583581581,0.9703553089968767,0.9283123355323786,0.8623130997202662,0.8797383082049409,0.8009773352190307,0.959352080156911
0.208,5.437415753201971,0.9747354354016448,0.9919073467947107,0.9971632218886288,0.9989131469046679,0.9975463703789351,0.9982067063674214,0.9985571450977151,0.9982246081180443,0.9980168631887744,0.9800173615692186,0.9799916777130527,0.9706903389489219,0.9289381609971418,0.8632395849636447,0.8806068667421348,0.8020502399279872,0.9596635730559732
0.209,5.453483006976029,0.9750303184447341,0.9920292429626462,0.9972144448529925,0.9989357092154648,0.9975913054693681,0.998241446967997,0.9985862093404636,0.998259332756418,0.9980549858838541,0.9802609695629756,0.980236852636075,0.9710202545283985,0.9295560264550422,0.8641561634949542,0.8814657121178967,0.803113135516689,0.959971109014777
0.21,5.4694911174846625,0.9753205862434793,0.9921488261753024,0.9972645470598394,0.998957717894418,0.9976352460172018,0.9982753813928952,0.9986145766382531,0.9982932449734665,0.9980922293700222,0.9805006575481348,0.9804780632211814,0.9713451520747929,0.9301660607548208,0.8650629739105162,0.8823149851360108,0.8041661476226291,0.9602747558717151
0.211,5.485440410685854,0.9756063277117764,0.9922661486957638,0.9973135570302508,0.9989791884901298,0.9976782175853414,0.9983085312461178,0.9986422662121556,0.9983263666957993,0.9981286170821263,0.9807365025223076,0.980715387697961,0.9716651257803817,0.9307683902332793,0.8659601524370606,0.8831548241220999,0.8052093999138021,0.9605745800061672
0.212,5.501331210146699,0.9758876297386715,0.9923812614222861,0.9973615024607719,0.9990001360611167,0.9977202449910222,0.9983409174774475,0.9986692966861175,0.9983587191819691,0.9981641717488742,0.9809685797047059,0.9809489024814972,0.9719802677454339,0.9313631387723781,0.8668478329793465,0.8839853649746081,0.8062430141257652,0.9608706463762196
0.213,5.517163837065284,0.9761645772415335,0.9924942139287136,0.9974084102500792,0.9990205751929189,0.9977613523301254,0.9983725604045125,0.9986956861075654,0.9983903230451185,0.9981989154165346,0.981196962583368,0.981178682220723,0.9722906680318031,0.9319504278548526,0.8677261471666882,0.8848067412145905,0.8072671100978808,0.9611630185552442
0.214,5.532938610292327,0.9764372532176435,0.9926050545035559,0.9974543065246931,0.9990405200145533,0.9978015630006173,0.998403479734033,0.9987214519672292,0.9984211982747828,0.998232869471762,0.9814217229609644,0.9814047998453163,0.9725964147149645,0.9325303766183922,0.868595224398412,0.885619084034337,0.8082818058087647,0.9614517587673778
0.215,5.548655846352584,0.9767057387942548,0.992713830187775,0.9974992166637742,0.99905998421434,0.9978408997251457,0.9984336945822783,0.9987466112182152,0.9984513642578802,0.9982660546635803,0.9816429309992315,0.981627326611188,0.9728975939345446,0.9331031019084237,0.869455191888272,0.8864225223448631,0.8092872174109547,0.9617369279219421
0.216,5.56431585946602,0.9769701132771735,0.9928205868113299,0.9975431653230369,0.9990789810551252,0.9978793845728272,0.9984632234947701,0.998771180294362,0.9984808397989257,0.9982984911245577,0.9818606552620774,0.981846332144608,0.9731942899433954,0.9336687183295389,0.8703061747078525,0.8872171828222961,0.8102834592648247,0.9620185856468345
0.217,5.579918961568746,0.9772304541979081,0.9929253690285227,0.9975861764578182,0.9990975233889289,0.997917038980258,0.9984920844652609,0.9987951751279062,0.998509643139497,0.9983301983912081,0.9820749627574071,0.9820618844850161,0.9734865851552577,0.9342273382956053,0.8711482958289815,0.8880031899531858,0.8112706439717601,0.962296790320933
0.218,5.5954654623337365,0.9774868373594375,0.9930282203521915,0.9976282733453312,0.9991156236710379,0.9979538837717759,0.9985202949540167,0.998818611166488,0.9985377919769848,0.9983611954236469,0.9822859189777071,0.9822740501265598,0.9737745601910599,0.9347790720786001,0.8719816761651825,0.888780666078768,0.8122488824066141,0.9625715991055398
0.219,5.610955669191309,0.9777393368806396,0.9931291831867901,0.9976694786061365,0.9991332939735698,0.9979899391790061,0.9985478719054318,0.9988415033895223,0.9985653034826555,0.9983915006245339,0.982493587939433,0.9824828940584036,0.9740582939238959,0.9353240278561995,0.8728064346121881,0.8895497314382078,0.8132182837494623,0.9628430679749038
0.22,5.626389887349398,0.9779880252394271,0.9932282988603958,0.9977098142248617,0.9991505459985273,0.9980252248597165,0.9985748317650034,0.9988638663239625,0.9985921943190532,0.9984211318573287,0.982698032221237,0.9826884798038497,0.9743378635227242,0.9358623117581646,0.8736226880875397,0.8903105042108479,0.8141789555166747,0.9631112517458488
0.221,5.64176841981359,0.9782329733146299,0.993325607655683,0.9977493015701975,0.9991673910903653,0.9980597599160091,0.9986011904956897,0.9988857140594805,0.9986184806567691,0.998450106463889,0.9828993130010759,0.982890869458307,0.9746133444948292,0.9363940279115528,0.8744305515692955,0.8910631005574896,0.8151310035913193,0.963376204106536
0.222,5.657091567406963,0.9784742504266685,0.9934211488399007,0.9977879614141985,0.9991838402480899,0.9980935629118758,0.9986269635936781,0.9989070602630861,0.998644178190601,0.9984784412814338,0.9830974900922351,0.9830901237261501,0.9748848107270828,0.9369192784847921,0.8752301381338714,0.8918076346607295,0.8160745322529164,0.9636379776443958
0.223,5.672359628789695,0.978711924377053,0.9935149606938875,0.9978258139509144,0.999199904136908,0.998126651890138,0.9986521661035843,0.9989279181932111,0.9986693021551298,0.9985061526589014,0.9832926219783042,0.9832863019565024,0.9751523345260461,0.9374381637306471,0.876021558993034,0.8925442187643773,0.8170096442065583,0.9638966238732494
0.224,5.687572900478469,0.9789460614867493,0.9936070805401603,0.9978628788143786,0.9992155930994462,0.9981590443888,0.9986768126331073,0.9989483007132754,0.9986938673397339,0.9985332564727204,0.9834847658471383,0.9834794621779773,0.9754159866569457,0.9379507820281114,0.8768049235300709,0.8932729632119766,0.8179364406114107,0.9641521932596501
0.225,5.702731676865672,0.9791767266334468,0.9936975447701085,0.9978991750959766,0.9992309171665568,0.9981907574568323,0.9987009173671594,0.9989682203047588,0.998717888103064,0.9985597681420217,0.9836739776238377,0.9836696611324149,0.9756758363815616,0.9384572299232536,0.877580339335154,0.893993976484454,0.8188550211086085,0.9644047352484716
0.226,5.7178362502383795,0.9794039832877633,0.9937863888703244,0.9979347213612192,0.9992458860677258,0.9982218076694113,0.9987244940814934,0.9989876890797977,0.9987413783870017,0.9985857026433096,0.9838603120027792,0.983856954307643,0.9759319514950594,0.9389576021690478,0.8783479122399208,0.8947073652369165,0.8197654838485667,0.9646542982877664
0.227,5.732886910797145,0.9796278935484222,0.9938736474481026,0.9979695356659425,0.9992605092411007,0.9982522111426335,0.9987475561558459,0.9990067187933246,0.9987643517301175,0.9986110745246147,0.9840438224787277,0.9840413959692955,0.9761843983618002,0.9394519917642163,0.8791077463512896,0.8954132343346192,0.8206679255177123,0.9649009298529148
0.228,5.747883946674585,0.9798485181764311,0.9939593542561345,0.9980036355719554,0.9992747958431518,0.9982819835477245,0.9987701165866142,0.9990253208547694,0.9987868212806525,0.9986358979191482,0.9842245613770573,0.9842230391917197,0.9764332419501605,0.9399404899911132,0.8798599440845296,0.8961116868881247,0.8215624413646584,0.9651446764700949
0.229,5.762827643953764,0.9800659166282988,0.9940435422164281,0.9980370381621564,0.999288754757983,0.9983111401247617,0.9987921879990882,0.9990435063393389,0.9988087998090399,0.998660186558477,0.9844025798831134,0.9844019358879993,0.9766785458663918,0.9404231864526735,0.8806046061956052,0.8968028242876754,0.8224491252258302,0.9653855837390894
0.23,5.777718286686391,0.9802801470883157,0.9941262434434796,0.9980697600551388,0.9993023946063037,0.9983396956959304,0.9988137826592508,0.9990612859988925,0.9988302997199835,0.9986839537852378,0.9845779280707397,0.9845781368391228,0.9769203723875501,0.9409001691084549,0.8813418318128087,0.8974867462367958,0.8233280695505576,0.965623696355452
0.231,5.79255615691081,0.9804912664999306,0.9942074892667211,0.9981018174193033,0.9993157237540785,0.9983676646783276,0.9988349124851652,0.9990786702724276,0.998851333064112,0.9987072125654073,0.9847506549299987,0.9847516917223241,0.9771587824935232,0.9413715243097976,0.8820717184677037,0.8981635507851468,0.8241993654256456,0.9658590581320543
0.232,5.807341534669812,0.9806993305962509,0.9942873102522727,0.9981332259864961,0.9993287503208642,0.9983950610963345,0.9988555890579653,0.9990956692961928,0.9988719115492243,0.9987299755001465,0.9849208083941097,0.9849226491386222,0.9773938358981843,0.9418373368341255,0.8827943621253933,0.8988333343606495,0.8250631025994372,0.966091712020037
0.233,5.822074698028253,0.9809043939296934,0.9943657362240191,0.998164001065191,0.9993414821878478,0.9984218985935693,0.998875823632463,0.9991122929134406,0.998892046551142,0.9987522548372352,0.9850884353656316,0.9850910566395831,0.9776255910796983,0.9422976899184128,0.8835098572141294,0.8994961918008969,0.8259193695053784,0.966321700129175
0.234,5.836755923090482,0.981106509900813,0.9944427962840371,0.9981941575532305,0.9993539270055969,0.9984481904444399,0.9988956271473874,0.9991285506838354,0.9989117491241831,0.9987740624821096,0.9852535817419104,0.985256960753332,0.9778541053100058,0.9427526652918379,0.884218296654282,0.9001522163838706,0.8267682532851004,0.9665490637476838
0.235,5.851385484017595,0.9813057307863335,0.9945185188323931,0.9982237099501436,0.9993660922015349,0.9984739495653076,0.9989150102352717,0.99914445189253,0.9989310300112733,0.9987954100085235,0.9854162924398181,0.9854204070098362,0.9780794346835116,0.9432023432076491,0.88491977188668,0.900801499857981,0.8276098398110256,0.9667738433614822
0.236,5.8659636530444965,0.9815021077664065,0.9945929315863357,0.9982526723690548,0.999377984987149,0.9984991885252794,0.9989339832319976,0.9991600055589211,0.9989498996537054,0.9988163086688401,0.9855766114198025,0.9855814399654818,0.978301634144998,0.9436468024742599,0.8856143729003434,0.9014441324714458,0.8284442137085141,0.9669960786729248
0.237,5.880490700496785,0.9816956909511214,0.9946660615989001,0.9982810585481997,0.9993896123649441,0.9985239195566399,0.9989525561860125,0.9991752204451003,0.9989683682005648,0.9988367694039751,0.9857345817092709,0.9857401032269688,0.9785207575167923,0.9440861204855995,0.8863021882596177,0.9020802030010268,0.8292714583775576,0.9672158086190268
0.238,5.894966894807469,0.9818865294062896,0.9947379352769474,0.9983088818620613,0.9994009811351503,0.9985481545649374,0.9989707388672325,0.9991901050640077,0.998986445517828,0.9988568028529993,0.985890245425327,0.9858964394745423,0.9787368575252038,0.9445203732507319,0.8869833051307271,0.902709798780134,0.8300916560140312,0.9674330713891907
0.239,5.909392502533489,0.9820746711785258,0.9948085783986549,0.9983361553321406,0.9994120979021955,0.9985719051387361,0.99898854077564,0.9992046676873031,0.9990041411971515,0.9988764193624152,0.9860436437968833,0.9860504904845829,0.9789499858262578,0.9449496354227722,0.8876578093077606,0.9033330057263219,0.8309048876305195,0.9676479044424582
0.24,5.923767788372094,0.9822601633196458,0.9948780161304787,0.9983628916373739,0.9994229690809496,0.9985951825590468,0.99900597114959,0.9992189163529624,0.9990214645643595,0.9988956289951204,0.9861948171861638,0.9862022971515748,0.9791601930307449,0.9453739803271091,0.888325785238103,0.9039499083681828,0.8317112330767149,0.9678603445242924
0.241,5.938093015177016,0.9824430519104048,0.9949462730436044,0.9983891031242118,0.9994336009027516,0.9986179978084482,0.9990230389738347,0.9992328588726131,0.9990384246876423,0.9989144415390675,0.9863438051096219,0.986351899509471,0.9793675287286057,0.945793479988961,0.8889873160473266,0.9045605898716605,0.8325107710594125,0.968070427682914
0.242,5.952368443974509,0.9826233820835927,0.9950133731299029,0.9984148018163693,0.9994439994212259,0.9986403615799084,0.9990397529872769,0.9992465028386148,0.9990550303854775,0.9989328665156336,0.9864906462582852,0.9864993367524738,0.9795720415126729,0.9462082051602774,0.8896424835635538,0.9051651320657927,0.8333035791620982,0.9682781892851968
0.243,5.966594333979178,0.9828011980465089,0.9950793398174094,0.9984399994242602,0.9994541705178964,0.9986622842853193,0.9990561216904622,0.9992598556308976,0.9990712902342824,0.9989509131877088,0.986635378517549,0.9866446472552499,0.9797737790017862,0.9466182253460056,0.8902913683413057,0.9057636154678985,0.8340897338641491,0.9684836640321444
0.244,5.9807709426097,0.9829765431028328,0.9951441959853392,0.9984647073541267,0.9994641199076073,0.9986837760637525,0.9990721533528207,0.9992729244235659,0.9990872125758087,0.998968590567514,0.9867780389864328,0.9867878685925946,0.9799727878633026,0.9470236088297391,0.8909340496848468,0.9063561193082234,0.8348693105596469,0.9686868859739534
0.245,5.994898525504323,0.9831494596739099,0.9952079639786576,0.9984889367168751,0.9994738531437551,0.9987048467894479,0.9990878560196648,0.9992857161912758,0.9991028055242881,0.9989859074241595,0.9869186639963177,0.9869290375585645,0.9801691138350158,0.947424422698765,0.89157060567104,0.9069427215540572,0.8356423835758211,0.9688878885246797
0.246,6.008977336536249,0.9833199893194694,0.9952706656222169,0.9985126983366275,0.9994833756233421,0.9987255060795435,0.9991032375189551,0.999298237715397,0.9991180769733393,0.9990028722909511,0.9870572891291786,0.9870681901850928,0.9803628017465048,0.9478207328685231,0.8922011131717205,0.9075234989333327,0.8364090261911228,0.9690867044765193
0.247,6.023007627828834,0.9834881727577925,0.9953323222344758,0.9985360027590003,0.9994926925918551,0.9987457633015563,0.9991183054678406,0.999310495589964,0.9991330346026439,0.9990194934724553,0.9871939492353283,0.9872053617601046,0.9805538955399278,0.9482126041064967,0.8928256478756046,0.9080985269577239,0.8371693106529448,0.9692833660137155
0.248,6.036989649770643,0.9836540498853448,0.9953929546408148,0.9985588602591188,0.9995018091479787,0.9987656275806229,0.9991330672789827,0.9993224962274261,0.9991476858843993,0.9990357790513311,0.9873286784506865,0.987340586845145,0.9807424382902761,0.9486001000555461,0.8934442843097377,0.9086678799452489,0.8379233081949885,0.9694779047261
0.249,6.050923651030337,0.9838176597958906,0.9954525831864599,0.9985812808493754,0.9995107302481465,0.9987851078065079,0.9991475301666691,0.9993342458642044,0.999162038089559,0.9990517368949372,0.9874615102135885,0.9874738992925368,0.9809284722251053,0.948983283256701,0.8940570958604999,0.9092316310423968,0.8386710890542934,0.9696703516222867
0.25,6.064809878571429,0.9839790407991051,0.995511227749028,0.998603274286944,0.9995194607109387,0.9988042126403878,0.9991617011527286,0.9993457505660616,0.9991760982938644,0.9990673746617222,0.9875924772811477,0.9876053322620801,0.9811120387437583,0.9493622151714267,0.8946641547941729,0.9097898522457822,0.83941272248793,0.9698607371425184
0.251,6.078648577666857,0.9841382304386964,0.9955689077507066,0.9986248500810558,0.99952800522133,0.9988229505214212,0.9991755870722493,0.9993570162332907,0.9991898733836799,0.9990826998074062,0.9877216117451846,0.9877349182373086,0.9812931784360943,0.9497369562033758,0.8952655322770834,0.9103426144233455,0.840148276789368,0.9700490911711872
0.252,6.092439991913441,0.9842952655100542,0.9956256421700785,0.998646017500046,0.9995363683347944,0.9988413296731077,0.9991891945791113,0.9993680486057318,0.9992033700616341,0.9990977195909607,0.9878489450477349,0.9878626890413149,0.9814719311007385,0.9501075657196403,0.8958612983953291,0.9108899873351035,0.8408778193045248,0.9702354430490279
0.253,6.106184363246162,0.9844501820774386,0.9956814495536042,0.9986667855781788,0.9995445544812717,0.9988593581094475,0.999202530151338,0.9993788532676214,0.9992165948520769,0.9991124410803951,0.9879745079961504,0.9879886758521583,0.9816483357628661,0.9504741020715157,0.8964515221741003,0.9114320396534669,0.8416014164475041,0.9704198215850038
0.254,6.119881931952328,0.9846030154907216,0.995736348026771,0.9986871631222598,0.9995525679690003,0.998877043640906,0.9992156000962744,0.99938943565228,0.9992295541063587,0.999126871158354,0.9880983307778023,0.9881129092178665,0.9818224306915342,0.9508366226147921,0.8970362715966036,0.9119688389831295,0.8423191337160264,0.9706022550678853
0.255,6.133532936685553,0.9847538004016942,0.9957903553049233,0.998707158718041,0.9995604129882225,0.9988943938801913,0.9992284105555961,0.9993998010466448,0.9992422540079369,0.9991410165275358,0.9882204429744014,0.9882354190710442,0.9819942534165731,0.9511951837295806,0.8976156136225993,0.9125004518805446,0.8430310357065656,0.9707827712775371
0.256,6.1471376144796395,0.9849025707799538,0.9958434887037785,0.9987267807364271,0.999568093614766,0.9989114162478498,0.9992409675101577,0.9994099545956537,0.9992547005773166,0.9991548837159354,0.9883408735759439,0.9883562347430989,0.982163840745051,0.9515498408396905,0.8981896142065592,0.9130269438729912,0.8437371861291896,0.9709613974959177
0.257,6.160696200762281,0.98504935992838,0.9958957651496442,0.9987460373394889,0.9995756138135053,0.9989281179776882,0.9992532767846841,0.9994199013064837,0.9992668996768316,0.9991684790819193,0.9884596509942956,0.988475384978096,0.9823312287773245,0.951900648431567,0.8987583383154556,0.9135483794772481,0.8444376478221209,0.9711381605178022
0.258,6.1742089293686595,0.9851942004982157,0.9959472011893429,0.998764936486291,0.9995829774417099,0.9989445061220253,0.9992653440523118,0.9994296460526507,0.9992788570152713,0.9991818088191385,0.9885768030764226,0.9885928979462538,0.9824964529226837,0.9522476600728004,0.8993218499461881,0.9140648222178778,0.8451324827660138,0.9713130866612356
0.259,6.187676032554868,0.9853371245037599,0.9959978129998536,0.9987834859385398,0.99959018825228,0.9989605875567816,0.999277174838984,0.999439193577976,0.9992905781523577,0.9991948789612841,0.9886923571172826,0.9887088012570885,0.9826595479146073,0.9525909284302191,0.8998802121426587,0.9145763346451329,0.8458217520979627,0.9714862017777237
0.26,6.201097741011237,0.9854781633366869,0.9960476163976802,0.9988016932660575,0.9995972498968769,0.9989763689864107,0.999288774527706,0.9994485485004225,0.9993020685030797,0.999207695386692,0.9888063398723818,0.9888231219722191,0.9828205478256348,0.9529305052875746,0.9004334870124999,0.915082978352494,0.8465055161252403,0.9716575312621698
0.261,6.21447428387549,0.9856173477800009,0.9960966268479559,0.9988195658520888,0.9996041659289503,0.9989918569486789,0.9993001483626648,0.9994577153158065,0.9993133333418883,0.9992202638228017,0.9889187775700108,0.988935886617843,0.9829794860818695,0.9532664415628322,0.9009817357434682,0.9155848139938453,0.8471838343387788,0.9718271000625657
0.262,6.227805888745802,0.9857547080216364,0.9961448594732883,0.9988371108984453,0.9996109398066652,0.9990070578192977,0.999311301453218,0.9994666984013894,0.9993243778067582,0.9992325898504743,0.9890296959231673,0.9890471211968915,0.983136395477121,0.9535987873250729,0.9015250186195054,0.9160819013002979,0.8478567654263923,0.9719949326894403
0.263,6.241092781693683,0.9858902736677151,0.996192329062359,0.9988543354304933,0.9996175748957343,0.9990219778164133,0.9993222387777566,0.999475502019353,0.9993352069031199,0.9992446789081735,0.9891391201411733,0.9891568512008725,0.9832913081866971,0.9539275918110205,0.9020633950364806,0.9165742990966701,0.8485243672857524,0.972161053225078
0.264,6.254335187276786,0.9860240737554679,0.996239050078279,0.9988712463019896,0.9996240744721586,0.9990366230049604,0.999332965187446,0.9994841303201634,0.9993458255076673,0.9992565362960166,0.989247074940999,0.9892651016214122,0.9834442557808556,0.9542529034412012,0.9025969235176149,0.9170620653176286,0.8491866970371174,0.9723254853325055
0.265,6.267533328551532,0.9861561367658332,0.9962850366667129,0.9988878501997717,0.999630441724877,0.9990509993008813,0.9993434854098489,0.9994925873458258,0.9993562383720451,0.9992681671796978,0.9893535845582965,0.9893718969615033,0.9835952692379248,0.9545747698357442,0.9031256617286012,0.9175452570235034,0.8498438110358244,0.9724882522642659
0.266,6.2806874270856525,0.9862864906357389,0.9963303026637756,0.9989041536483052,0.9996366797583319,0.9990651124752181,0.9993538040524349,0.9995008770330367,0.9993664501264201,0.9992795765942883,0.9894586727581574,0.9894772612464656,0.9837443789571024,0.9548932378298337,0.9036496664924198,0.9180239304157797,0.8504957648845451,0.9726493768709705
0.267,6.293797702970572,0.9864151627700769,0.9963748616037101,0.998920163014096,0.9996427915949512,0.9990789681580802,0.9993639256059809,0.9995090032162337,0.9993764652829394,0.9992907694479198,0.9895623628455968,0.9895812180346322,0.9838916147709404,0.955208353488821,0.9041689938038644,0.9184981408522763,0.8511426134453168,0.9728088816096486
0.268,6.306864374833704,0.9865421800533807,0.996418726726352,0.9989358845099683,0.9996487801775502,0.9990925718424917,0.9993738544478641,0.9995169696305493,0.9993862882390813,0.9993017505253522,0.9896646776757757,0.9896837904277631,0.9840370059575262,0.9555201621230035,0.9046836988437759,0.9189679428620177,0.8517844108513442,0.9729667885518918
0.269,6.319887659850582,0.9866675688612121,0.9964619109843885,0.9989513241992154,0.9996546483716571,0.9991059288881236,0.999383594845254,0.9995247799146707,0.9993959232809008,0.9993125244914308,0.9897656396639651,0.9897850010811999,0.9841805812523666,0.9558287083020799,0.905193835992999,0.9194333901598055,0.8524212105185865,0.9731231193918013
0.27,6.332867773756908,0.9867913550712661,0.9965044270504174,0.9989664879996273,0.999660398967763,0.9991190445249126,0.9993931509582049,0.9995324376136091,0.9994053745861746,0.9993230958944382,0.989865270795263,0.989884872213763,0.9843223688599847,0.9561340358692906,0.9056994588460622,0.9198945356604973,0.853053065157128,0.9732778954537478
0.271,6.345804930860452,0.9869135640742019,0.9965462873238122,0.9989813816873968,0.9996660346835012,0.9991319238565728,0.999402526842653,0.9995399461813813,0.9994146462274479,0.9993334691693413,0.9899635926340679,0.9899834256174032,0.9844623964652345,0.9564361879552489,0.90620062022459,0.9203514314929987,0.8536800267823391,0.9734311376999394
0.272,6.358699344052864,0.9870342207842071,0.9965875039373994,0.9989960109009114,0.9996715581657561,0.9991445718640013,0.9994117264533205,0.9995473089836073,0.9994237421749869,0.9993436486409396,0.9900606263333179,0.9900806826666114,0.9846006912443446,0.9567352069914712,0.9066973721904507,0.9208041290139755,0.8543021467258305,0.9735828667378142
0.273,6.37155122482133,0.9871533496493021,0.9966280887639533,0.999010381144432,0.9996769719927058,0.9991569934085831,0.9994207536465319,0.9995545293000265,0.9994326662996402,0.9993536385269173,0.9901563926435004,0.9901766643275963,0.9847372798756949,0.9570311347236158,0.9071897660586499,0.9212526788212927,0.8549194756462091,0.9737331028272522
0.274,6.3843607832601545,0.9872709746613938,0.9966680534225143,0.9990244977916632,0.9996822786757998,0.9991691932353974,0.9994296121829422,0.9995616103269346,0.999441422375613,0.9993634429408014,0.9902509119214389,0.9902713911672315,0.9848721885503353,0.9573240122244331,0.9076778524099705,0.9216971307671844,0.8555320635396341,0.97388186588762
0.275,6.397128228082192,0.9873871193660827,0.9967074092845365,0.9990383660892194,0.9996874806616745,0.9991811759763292,0.9994383057301837,0.999568555179545,0.9994500140831538,0.9993730658948308,0.9903442041388644,0.9903648833617847,0.9850054429822532,0.9576138799064388,0.908161681103368,0.9221375339711644,0.8561399597501818,0.9740291755046461
0.276,6.4098537666301985,0.9875018068722315,0.9967461674798672,0.9990519911599879,0.999692580334008,0.9991929461530885,0.99944683786543,0.9995753668942768,0.9994584450111617,0.9993825113027377,0.9904362888907752,0.9904571607054294,0.9851370684183961,0.9579007775343124,0.9086413012881255,0.922573936832678,0.8567432129800203,0.9741750509371352
0.277,6.422537604888039,0.9876150598613025,0.9967843389025669,0.9990653780063949,0.999697580015317,0.9992045081801414,0.9994552120778848,0.9995820484309714,0.999466718659712,0.9993917829824449,0.990527185403593,0.9905482426185487,0.985267089648455,0.9581847442370329,0.9091167614157729,0.9230063870435075,0.857341871299402,0.9743195111235251
0.278,6.4351799474918225,0.9877269005964678,0.9968219342165716,0.9990785315135757,0.999702481968698,0.9992158663675543,0.9994634317711926,0.9995886026750408,0.9994748384425058,0.9994008846586825,0.9906169125431189,0.9906381481558351,0.9853955310144176,0.9584658185197514,0.9095881092517766,0.9234349315999291,0.8579359821564703,0.9744625746882889
0.279,6.447780997740882,0.9878373509315017,0.9968589638612045,0.9990914564524523,0.9997072883995126,0.999227024923755,0.9994715002657787,0.99959503243955,0.9994828076892455,0.9994098199655242,0.9907054888222967,0.9907268960141924,0.9855224164198939,0.958744038275414,0.9100553918870049,0.9238596168146341,0.8585255923868951,0.9746042599481904
0.28,6.460340957608697,0.9879464323194567,0.9968954380565386,0.9991041574827231,0.9997120014570219,0.9992379879582136,0.9994794208011173,0.9996013404672343,0.9994906296479371,0.99941859244885,0.9907929324087863,0.9908145045404455,0.9856477693392233,0.959019440796134,0.9105186557489715,0.9242804883284141,0.8591107482233284,0.9747445849183904
0.281,6.472860027753662,0.9880541658211338,0.9969313668086175,0.9991166391557641,0.9997166232359697,0.999248759484045,0.9994871965379327,0.9996075294324567,0.9994983074871252,0.9994272055687324,0.9908792611323555,0.9909009917388621,0.9857716128263668,0.9592920627843263,0.9109779466128655,0.924697591121619,0.859691495304696,0.974883567318415
0.282,6.485338407529794,0.9881605721133492,0.9969667599145379,0.9991289059174489,0.999721155778116,0.9992593434205354,0.9994948305603338,0.9996136019431027,0.9995058442980583,0.9994356627017541,0.9909644924920918,0.9909863752784933,0.985893969523591,0.9595619403636041,0.9114333096123697,0.9251109695253894,0.8602678786853164,0.9750212245779833
0.283,6.497776294997296,0.9882656714970035,0.9970016269673954,0.9991409621108853,0.999725601073725,0.9992697435955965,0.9995023258778848,0.9996195605424203,0.9995132430967909,0.9994439671432549,0.9910486436634418,0.9910706725003352,0.9860148616699492,0.9598291090894455,0.9118847892502732,0.9255206672326731,0.8608399428438622,0.9751575738427043
0.284,6.510173886933045,0.9883694839049604,0.9970359773611016,0.9991528119790756,0.9997299610630048,0.9992799637481484,0.9995096854276149,0.9996254077108014,0.9995205068262222,0.9994521221095125,0.9911317315050804,0.9911539004243196,0.9861343111095644,0.9600936039596376,0.9123324294088815,0.9259267273090247,0.8614077316921577,0.9752926319796384
0.285,6.52253137884097,0.9884720289097366,0.9970698202950731,0.9991644596674982,0.9997342376375049,0.9992900075304335,0.9995169120759679,0.9996311458675116,0.9995276383580732,0.9994601307398595,0.9912137725656169,0.9912360757561363,0.9862523392997203,0.9603554594244992,0.9127762733602308,0.9263291922031978,0.861971288583822,0.9754264155827373
0.286,6.534848964962325,0.9885733257310124,0.9971031647787972,0.9991759092266189,0.9997384326414702,0.9992998785102647,0.999524008620694,0.9996367773723651,0.9995346404948063,0.9994679960987369,0.9912947830901399,0.9913172148938908,0.9863689673187648,0.9606147093968906,0.913216363776107,0.9267281037575315,0.8625306563227583,0.9755589409781555
0.287,6.547126838285868,0.9886733932429629,0.9971360196362788,0.9991871646143277,0.9997425478731539,0.9993095801732086,0.9995309777926862,0.999642304527352,0.9995415159714868,0.9994757211776878,0.9913747790266068,0.991397333934605,0.9864842158738295,0.960871387262015,0.9136527427378777,0.9271235032181377,0.8630858771714922,0.9756902242294432
0.288,6.55936519055794,0.9887722499814181,0.9971683935103701,0.9991982296983082,0.9997465850860895,0.9993191159247069,0.999537822257762,0.9996477295782142,0.9995482674575897,0.9994833088972924,0.991453776032082,0.9914764486805611,0.986598105308373,0.9611255258870142,0.9140854517461373,0.9275154312448914,0.863636992859364,0.975820281142622
0.289,6.571564212292447,0.9888699141508552,0.9972002948669877,0.9992091082583398,0.9997505459903261,0.9993284890921367,0.9995445446183931,0.9996530547159752,0.9995548975587539,0.999490762109047,0.9915317894788266,0.9915545746454959,0.9867106556095493,0.9613771576303664,0.9145145317301728,0.9279039279212291,0.8641840445905757,0.9759491272711448
0.29,6.5837240927807485,0.9889664036312268,0.9972317319992202,0.9992198039885348,0.9997544322536245,0.9993377029268128,0.9995511474153852,0.9996582820784243,0.9995614088184829,0.999498083597187,0.9916088344602454,0.9916317270606482,0.9868218864154087,0.9616263143510885,0.9149400230572509,0.9282890327637608,0.8647270730520974,0.9760767779207453
0.291,6.595845020101441,0.9890617359846303,0.99726271303133,0.9992303204995125,0.9997582455026177,0.9993467606059335,0.999557633129507,0.9996634137515561,0.9995678037197977,0.9995052760804579,0.9916849257966927,0.9917079208806625,0.986931817021932,0.9618730274177493,0.9153619655417319,0.9286707847316978,0.8652661184214345,0.9762032481541782
0.292,6.607927181130064,0.9891559284618225,0.9972932459226497,0.9992406613205125,0.9997619873239374,0.9993556652344706,0.9995640041830732,0.9996684517709672,0.9995740846868402,0.999512342213835,0.9917600780411423,0.9917831707893551,0.9870404663899065,0.9621173277172954,0.9157803984540145,0.9290492222361005,0.86580122037426,0.9763285527958552
0.293,6.6199707615486965,0.9892489980085822,0.9973233384713805,0.9992508299014483,0.9997656592653048,0.9993644198470067,0.9995702629414819,0.9996733981232119,0.9995802540864297,0.9995192845901922,0.9918343054847257,0.9918574912053432,0.9871478531516443,0.9623592456636973,0.916195360529313,0.929424383148951,0.8663324180919126,0.9764527064363733
0.294,6.631975945855473,0.9893409612719269,0.9973529983182913,0.9992608296149051,0.9997692628365912,0.9993730274095214,0.9995764117147052,0.9996782547471172,0.9995863142295747,0.9995261057419241,0.991907622162139,0.9919308962875427,0.9872539956175481,0.962598811206417,0.9166068899762733,0.9297963048120538,0.8668597502687658,0.9765757234369491
0.295,6.643942917374005,0.9894318346061854,0.9973822329503229,0.9992706637580804,0.9997727995108442,0.9993814908211262,0.9995824527587397,0.9996830235350599,0.9995922673729402,0.9995328081425201,0.9919800418569255,0.9920033999405379,0.9873589117825293,0.9628360538387035,0.917015024485427,0.9301650240457673,0.8673832551194679,0.9766976179337498
0.296,6.655871858262713,0.9895216340789311,0.9974110497041017,0.9992803355546714,0.9997762707252859,0.9993898129157517,0.9995883882770128,0.9996877063342049,0.999598115720273,0.9995393942080945,0.9920515781066347,0.9920750158198254,0.9874626193322809,0.9630710026057182,0.917419801237493,0.9305305771575718,0.867902970386058,0.976818403842131
0.297,6.667762949524062,0.9896103754767785,0.9974394557693618,0.9992898481567106,0.9997796778822794,0.9993979964637884,0.9995942204217502,0.9996923049477083,0.9996038614237855,0.9995458662988721,0.9921222442078629,0.9921457573369363,0.9875651356494088,0.9633036861124955,0.9178212569115225,0.9308929999504751,0.8684189333449579,0.9769380948607811
0.298,6.679616371013728,0.989698074311049,0.997467458192281,0.99929920464635,0.9997830223502681,0.9994060441736805,0.9995999512953031,0.999696821135885,0.9996095065854999,0.9995522267206316,0.9921920532211757,0.9922156376644398,0.9876664778194266,0.9635341325317421,0.9182194276928969,0.9312523277312608,0.8689311808138449,0.9770567044757743
0.299,6.691432301449657,0.9897847458233043,0.997495063878733,0.9993084080375968,0.9997863054646864,0.9994139586934764,0.9996055829514388,0.9997012566173417,0.9996150532585535,0.999558477726108,0.9922610179759186,0.9922846697408311,0.987766662636615,0.9637623696114779,0.9186143492811779,0.9316085953185819,0.869439749158405,0.9771742459645364
0.3,6.703210918421053,0.9898704049907578,0.9975222795974553,0.9993174612780008,0.9997895285288437,0.9994217426123362,0.9996111173965925,0.9997056130700778,0.999620503448467,0.9995646215163545,0.9923291510749163,0.9923528662753061,0.987865706609751,0.9639884246825224,0.9190060568978151,0.9319618370509035,0.8699446742989727,0.9772907323997229
0.301,6.714952398397268,0.9899550665315604,0.9975491119831396,0.9993263672502967,0.9997926928147833,0.9994293984619979,0.9996165565910858,0.9997098921325535,0.9996258591143764,0.9995706602420676,0.9923964648990644,0.9924202397524272,0.9879636259677101,0.9642123246658321,0.9193945852937113,0.9323120867942969,0.8704459917170548,0.9774061766530139
0.302,6.726656916736622,0.9900387449099672,0.9975755675394423,0.999335128774,0.9997957995641146,0.9994369287182024,0.9996219024503096,0.9997140954047277,0.9996311221702296,0.9995765960048726,0.9924629716118164,0.9924868024366814,0.9880604366649433,0.9644340960796878,0.9197799687566526,0.9326593779500889,0.8709437364617456,0.9775205913988262
0.303,6.738324647695128,0.9901214543413888,0.9976016526419211,0.9993437486069613,0.9997988499888218,0.9994443358020808,0.9996271568458726,0.9997182244490653,0.999636294485949,0.9995824308585743,0.9925286831635682,0.992552566376934,0.9881561543868324,0.9646537650467406,0.9201622411186006,0.9330037434623693,0.87143794315603,0.9776339891179464
0.304,6.749955764435147,0.9902032087973276,0.9976273735408974,0.9993522294468766,0.9998018452720498,0.9994516220815022,0.9996323216067193,0.9997222807915166,0.9996413778885618,0.9995881668103724,0.9925936112959428,0.9926175434107813,0.9882507945549287,0.9648713573009149,0.9205414357628554,0.933345215825359,0.8719286460029827,0.9777463821010848
0.305,6.761550439033943,0.9902840220102045,0.9976527363642469,0.9993605739327581,0.9998047865688656,0.9994587898723858,0.9996373985202157,0.9997262659224668,0.9996463741632976,0.9995938058220423,0.9926577675459782,0.992681745168804,0.9883443723320747,0.9650868981941756,0.9209175856310875,0.9336838270906428,0.872415878791861,0.9778577824523539
0.306,6.77310884249218,0.9903639074780762,0.9976777471201217,0.9993687846463642,0.9998076750069986,0.9994658414399774,0.9996423893332039,0.9997301812976601,0.9996512850546551,0.9995993498110832,0.9927211632502206,0.9927451830787236,0.988436902627414,0.9653004127031592,0.9212907232302433,0.9340196088742677,0.8728996749040943,0.977968202092672
0.307,6.784631144742322,0.9904428784692485,0.9977024116996042,0.999376864113592,0.9998105116875601,0.9994727790000906,0.9996472957530285,0.9997340283390964,0.9996561122674396,0.9996048006518352,0.9927838095487245,0.9928078683694653,0.9885284001012912,0.9655119254356744,0.9216608806393267,0.9343525923637125,0.8733800673191738,0.978077652763095
0.308,6.796117514656966,0.9905209480267859,0.9977267358792954,0.9993848148058309,0.9998132976857399,0.9994796047203142,0.9996521194485329,0.9997378084359025,0.9996608574677703,0.9996101601765631,0.9928457173889638,0.9928698120751294,0.9886188791700447,0.9657214606370738,0.9220280895160583,0.934682808324727,0.8738570886204433,0.9781861460280781
0.309,6.807568120057083,0.990598128972922,0.9977507253238391,0.9993926391412821,0.9998160340514856,0.9994863207211883,0.99965686205103,0.9997415229451794,0.9996655222840605,0.9996154301765124,0.9929068975296547,0.992931025038872,0.9887083540106951,0.9659290421964996,0.9223923811034167,0.9350102871080492,0.8743307710007915,0.9782936932786662
0.31,6.818983127720207,0.9906744339133711,0.9977743855883847,0.9994003394862403,0.9998187218101602,0.9994929290773475,0.999661525155243,0.9997451731928241,0.9996701083079694,0.999620612402935,0.992967360544493,0.9929915179166999,0.9887968385655319,0.9661346936530066,0.9227537862360619,0.9353350586559968,0.8748011462682511,0.9784003057356186
0.311,6.8303627033885155,0.9907498752415453,0.9977977221209886,0.9994079181563438,0.999821361963182,0.9994994318186341,0.999666110320223,0.9997487604743297,0.9996746170953282,0.9996257085680866,0.993027116825808,0.9930513011811803,0.9888843465465997,0.9663384382015654,0.9231123353466437,0.9356571525089404,0.8752682458515033,0.9785059944524693
0.312,6.84170701177686,0.9908244651426791,0.9978207402649572,0.9994153774177887,0.9998239554886462,0.9995058309311806,0.99967061907024,0.9997522860555621,0.9996790501670405,0.9996307203461975,0.9930861765881351,0.9931103851250664,0.9889708914400891,0.9665402986989464,0.9234680584720006,0.9359765978116598,0.8757321008052908,0.9786107703185196
0.313,6.853016216580713,0.990898215597862,0.9978434452611326,0.9994227194885132,0.9998265033419279,0.9995121283584648,0.9996750528956488,0.9997557511735149,0.9996834090099571,0.9996356493744151,0.9931445498717089,0.993168779864844,0.9890564865106307,0.9667402976694911,0.9238209852592455,0.9362934233195823,0.8761927418157417,0.9787146440617721
0.314,6.864290480484038,0.9909711383879838,0.9978658422501226,0.9994299465393494,0.9998290064562689,0.999518326002335,0.9996794132537323,0.9997591570370435,0.9996876950777274,0.9996404972537226,0.9932022465458792,0.9932264953441972,0.9891411448054988,0.966938457310769,0.924171144971746,0.9366076574049113,0.8766501992056042,0.9788176262518005
0.315,6.875529965167096,0.9910432450975937,0.9978879362744768,0.9994370606951443,0.9998314657433481,0.9995244257240096,0.9996837015695212,0.9997625048275782,0.9996919097916268,0.9996452655498317,0.9932592763124513,0.9932835413373996,0.989224879158723,0.9671347994991255,0.9245185664949982,0.9369193280626416,0.8771045029393957,0.9789197273025609
0.316,6.886734831314168,0.9911145471186742,0.9979097322808094,0.9994440640358527,0.9998338820938344,0.9995304293450487,0.999687919236591,0.9997657956998179,0.9996960545413619,0.9996499557940502,0.9933156487089528,0.9933399274526286,0.9893077021951134,0.9673293457951218,0.9248632783423971,0.9372284629164689,0.877555682628467,0.9790209574751467
0.317,6.89790523862122,0.9911850556543346,0.9979312351218707,0.9994509585976005,0.9998362563779252,0.9995363386483014,0.9996920676178375,0.9997690307824042,0.999700130685853,0.9996545694841278,0.9933713731118285,0.9933956631352072,0.9893896263341986,0.9675221174488694,0.9252053086609062,0.9375350892245908,0.8780037675359824,0.9791213268804827
0.318,6.90904134580348,0.9912547817224222,0.9979524495585691,0.9994577463737195,0.9998385894458699,0.9995421553788268,0.9996961480462319,0.9997722111785768,0.9997041395539961,0.9996591080850774,0.9934264587395654,0.9934507576707751,0.9894706637940799,0.9677131354052624,0.9255446852366267,0.9378392338854059,0.878448786581819,0.9792208454819668
0.319,6.920143310602964,0.9913237361590578,0.9979733802619445,0.9994644293157567,0.9998408821284774,0.9995478812447925,0.999700161825554,0.9997753379668106,0.9997080824454029,0.9996635730299752,0.9934809146557487,0.9935052201883887,0.9895508265952048,0.9679024203091082,0.9258814355002705,0.9381409234431092,0.8788907683473859,0.9793195230980574
0.32,6.931211289795919,0.9913919296220927,0.9979940318150934,0.9994710093344563,0.999843135237611,0.999553517918347,0.9997041102311073,0.9997784122014362,0.9997119606311221,0.9996679657207386,0.9935347497720526,0.9935590596635553,0.9896301265640589,0.9680899925101597,0.9262155865325363,0.938440184093189,0.8793297410803633,0.9794173694048063
0.321,6.942245439200204,0.9914593725944928,0.9980144087150492,0.9994774883007161,0.9998453495666683,0.9995590670364719,0.9997079945104129,0.9997814349132412,0.9997157753543401,0.9996722875288839,0.9935879728511642,0.9936122849211988,0.9897085753367807,0.9682758720680518,0.926547165069394,0.9387370416878251,0.8797657326993669,0.9795143939383407
0.322,6.953245913682605,0.9915260753876494,0.9980345153746167,0.9994838680465198,0.9998475258910482,0.9995645302018099,0.9997118158838867,0.9997844071100579,0.999719527831063,0.9996765397962633,0.9936405925096451,0.9936649046385626,0.9897861843626999,0.9684600787571425,0.926876197507275,0.939031521741192,0.880198770798534,0.9796106060972956
0.323,6.964212867166075,0.991592048144619,0.9980543561241632,0.9994901503658444,0.9998496649686051,0.9995699089834726,0.9997155755454966,0.999787329777332,0.9997232192507804,0.9996807238357813,0.993692617220731,0.9937169273480485,0.9898629649078015,0.9686426320712623,0.9272027099081747,0.9393236494346671,0.8806288826520369,0.979706015145194
0.324,6.975146452636918,0.9916573008432942,0.998073935213367,0.9994963370155452,0.9998517675400901,0.9995752049178265,0.9997192746634037,0.9997902038786777,0.9997268507771115,0.9996848409320943,0.9937440553170702,0.9937683614399945,0.989938928058116,0.9688235512283739,0.9275267280046648,0.9396134496219476,0.8810560952185225,0.979800630212784
0.325,6.986046822151899,0.9917218432995066,0.9980932568129248,0.9995024297162163,0.9998538343295806,0.9995804195092582,0.999722914380585,0.9997930303564171,0.999730423548433,0.9996888923422892,0.9937949149934037,0.9938192151653916,0.9900140847230412,0.9690028551751416,0.9278482772048214,0.9399009468340769,0.8814804351454807,0.9798944603003229
0.326,6.996914126845299,0.9917856851700648,0.9981123250162185,0.9995084301530314,0.9998558660448974,0.9995855542309218,0.9997264958154409,0.9997958101321045,0.9997339386784911,0.999692879296545,0.9938452043091871,0.9938694966385438,0.9900884456385916,0.9691805625914156,0.9281673825970658,0.9401861652843823,0.8819019287735423,0.9799875142798202
0.327,7.007748516935892,0.9918488359557263,0.9981311438409424,0.9995143399765608,0.9998578633780105,0.9995906105254645,0.9997300200623852,0.9997985441070372,0.9997373972569972,0.9996968029987774,0.9938949311911572,0.993919213839669,0.9901620213705821,0.9693566918946319,0.9284840689549243,0.9404691288733266,0.882320602140708,0.9800798008972335
0.328,7.018550141733871,0.9919113050041078,0.9981497172306923,0.9995201608035691,0.9998598270054342,0.9995955898057352,0.9997334881924202,0.9998012331627518,0.9997408003502065,0.9997006646272653,0.9939441034358427,0.9939683746174451,0.9902348223177447,0.9695312612441278,0.928798360741705,0.9407498611932738,0.8827364809865087,0.980171328774619
0.329,7.029319149647711,0.9919731015125342,0.9981680490565185,0.9995258942177915,0.999861757588611,0.9996004934554744,0.9997369012536971,0.999803878161508,0.9997441490014828,0.9997044653352616,0.9939927287120222,0.9940169866915017,0.9903068587147814,0.9697042885453774,0.9291102821150949,0.9410283855331724,0.8831495907561013,0.9802621064122433
0.33,7.0400556881909555,0.9920342345308262,0.9981861431184399,0.9995315417706914,0.9998636557742852,0.9996053228299869,0.9997402602720598,0.9998064799467579,0.9997474442318474,0.9997082062515875,0.9940408145631286,0.9940650576548578,0.9903781406353527,0.9698757914541477,0.9294198569316798,0.9413047248831566,0.8835599566042971,0.9803521421906494
0.331,7.050759903988962,0.9920947129640315,0.9982040031469255,0.9995371049821979,0.9998655221948659,0.999610079256796,0.999743566251577,0.9998090393436045,0.9997506870405135,0.9997118884812118,0.9940883684096049,0.994112594976308,0.9904486779950055,0.9700457873805761,0.9297271087513852,0.9415789019390672,0.8839676033995268,0.9804414443726838
0.332,7.061431942785572,0.9921545455750971,0.9982216328043396,0.9995425853414251,0.9998673574687812,0.9996147640362828,0.9997468201750579,0.9998115571592469,0.999753878405407,0.9997155131058143,0.9941353975512068,0.9941596060027589,0.9905184805540403,0.9702142934931728,0.9300320608418436,0.9418509391068944,0.884372555727744,0.9805300211054824
0.333,7.072071949449725,0.9922137409874862,0.9982390356863545,0.9995479843073733,0.9998691622008212,0.9996193784423082,0.999750023004556,0.999814034183413,0.9997570192836731,0.9997190811843348,0.9941819091692599,0.994206097961514,0.9905875579203202,0.9703813267227475,0.9303347361826868,0.9421208585071433,0.8847748378962635,0.9806178804224184
0.334,7.082680067982019,0.992272307687741,0.9982562153233293,0.999553303309612,0.9998709369824734,0.9996239237228189,0.9997531756818588,0.999816471188782,0.9997601106121698,0.9997225937535082,0.9942279103288666,0.9942520779625121,0.9906559195520204,0.9705469037662644,0.9306351574697656,0.9423886819791244,0.8851744739375429,0.9807050302450111
0.335,7.093256441521197,0.9923302540279924,0.9982731751816583,0.9995585437489467,0.9998726823922479,0.9996284011004395,0.9997562791289659,0.9998188689313955,0.9997631533079487,0.9997260518283856,0.9942734079810688,0.9942975530005177,0.9907235747603245,0.970711041090625,0.9309333471192992,0.9426544310851693,0.885571487612901,0.980791478384798
0.336,7.103801212350598,0.992387588228416,0.9982899186650869,0.999563706998068,0.9998743989959943,0.9996328117730474,0.999759334248553,0.9998212281510561,0.9997661482687228,0.9997294564028406,0.9943184089649637,0.9943425299572647,0.9907905327120636,0.9708737549363806,0.931229327271954,0.9429181271147749,0.8859659024161806,0.9808772325451693
0.337,7.114314521904526,0.99244431837964,0.9983064491159985,0.9995687944021852,0.99987608734721,0.999637156914336,0.9997623419244251,0.9998235495717177,0.9997690963733222,0.9997328084500654,0.9943629200097761,0.9943870156035568,0.9908568024323022,0.9710350613213776,0.9315231197968536,0.9431797910886752,0.8863577415773514,0.9809623003231686
0.338,7.124796510774579,0.9925004524451007,0.9983227698166711,0.999573807279644,0.9998777479873405,0.999641437674361,0.9997653030219583,0.9998258339018637,0.9997719984821386,0.9997361089230509,0.9944069477368873,0.994431016601322,0.9909223928068726,0.9711949760443341,0.9318147462955226,0.9434394437628446,0.8867470280660584,0.9810466892112555
0.339,7.135247318715916,0.9925559982633515,0.9983388839905049,0.9995787469225283,0.9998793814460715,0.9996456551800752,0.9997682183885285,0.9998280818348765,0.9997748554375573,0.9997393587550563,0.9944504986618216,0.9944745395056258,0.9909873125848562,0.9713535146883521,0.9321042281057637,0.9436971056324319,0.8871337845951137,0.9811304065990377
0.34,7.145667084653466,0.9926109635503235,0.9983547948032226,0.9995836145972479,0.9998809882416125,0.9996498105358487,0.999771088853931,0.9998302940493962,0.9997776680643784,0.9997425588600669,0.9944935791961915,0.9945175907666408,0.9910515703810169,0.9715106926243646,0.93239158630547,0.9439527969356272,0.8875180336239336,0.9812134597749673
0.341,7.156055946688088,0.99266535590154,0.9983705053640427,0.9995884115451108,0.9998825688809748,0.9996539048239764,0.9997739152307883,0.9998324712096708,0.999780437170228,0.9997457101332389,0.9945361956496034,0.9945601767315773,0.9911151746781839,0.9716665250145201,0.932676841716375,0.9442065376574632,0.8878997973619231,0.9812958559280045
0.342,7.166414042102665,0.9927191827942858,0.9983860187268242,0.9995931389828823,0.99988412386024,0.9996579391051735,0.9997766983149474,0.9998346139658972,0.9997831635459571,0.9997488134513338,0.9945783542315222,0.9946023036465714,0.9911781338295872,0.971821026815505,0.9329600149077384,0.9444583475335525,0.888279097771808,0.9813776021492511
0.343,7.176741507368162,0.992772451589732,0.9984013378911877,0.9995977981033293,0.9998856536648223,0.9996619144190578,0.9997794388858677,0.9998367229545523,0.9997858479660318,0.9997518696731413,0.9946200610530993,0.9946439776585372,0.9912404560611462,0.9719742127818058,0.9332411261999727,0.9447082460537602,0.8886559565729139,0.9814587054335502
0.344,7.187038478149606,0.9928251695350185,0.9984164658036098,0.9996023900757521,0.9998871587697244,0.9996658317846203,0.9997821377069978,0.9998387987987166,0.9997884911889124,0.9997548796398923,0.9946613221289619,0.9946852048169771,0.9913021494737126,0.9721260974689125,0.9335201956682083,0.9449562524658158,0.8890303952443958,0.9815391726810578
0.345,7.1973050893120405,0.9928773437652929,0.998431405358493,0.9996069160465032,0.9998886396397859,0.9996696922006851,0.999784795526144,0.9998408421083891,0.9997910939574244,0.9997578441756597,0.9947021433789657,0.9947259910757582,0.9913632220452685,0.9722766952364627,0.9337972431458011,0.945202385778863,0.8894024350284176,0.981619010698783
0.346,7.207541474926399,0.9929289813057091,0.998446159399212,0.9996113771394921,0.9998900967299252,0.9996734966463563,0.9997874130758286,0.9998428534807937,0.9997936569991174,0.9997607640877512,0.9947425306299119,0.9947663422948497,0.9914236816330809,0.9724260202513303,0.9340722882277813,0.9454466647669507,0.8897720969332831,0.9816982262020993
0.347,7.217747768275356,0.992980089073385,0.9984607307191358,0.9996157744566795,0.9998915304853757,0.9996772460814558,0.9997899910736401,0.9998448335006782,0.9997961810266175,0.9997636401670904,0.9947824896172294,0.9948062642420261,0.9914835359758131,0.9725740864906575,0.9343453502742458,0.9456891079724644,0.890139401736517,0.9817768258162269
0.348,7.227924101859099,0.9930306738793218,0.9984751220626275,0.9996201090785586,0.9998929413419151,0.9996809414469485,0.9997925302225726,0.9998467827406051,0.9997986667379696,0.9997664731885898,0.9948220259866216,0.9948457625945353,0.9915427926955948,0.9727209077448332,0.9346164484136954,0.9459297337095013,0.8905043699879015,0.9818548160776888
0.349,7.238070607401075,0.9930807424302829,0.9984893361260216,0.9996243820646246,0.9998943297260893,0.9996845836653592,0.9997950312113593,0.9998487017612352,0.9998011148169708,0.9997692639115129,0.9948611452956814,0.9948848429407318,0.9916014593000505,0.9728664976204168,0.9348856015463167,0.9461685600671871,0.8908670220124641,0.9819322034357358
0.35,7.248187415853659,0.9931303013306371,0.9985033755585795,0.9996285944538331,0.9998956960554302,0.9996881736411769,0.9997974947147953,0.999850591111604,0.9998035259334959,0.9997720130798288,0.9948998530154717,0.9949235107816781,0.9916595431842888,0.9730108695430105,0.9351528283472113,0.9464056049129396,0.8912273779134219,0.9820089942537502
0.351,7.2582746574038,0.9931793570841632,0.9985172429634233,0.9996327472650479,0.9998970407386676,0.9996917122612515,0.9997999213940538,0.9998524513293909,0.9998059007438146,0.9997747214225566,0.9949381545320752,0.9949617715327125,0.9917170516328522,0.9731540367600804,0.9354181472695711,0.9466408858956763,0.891585457575078,0.982085194810617
0.352,7.2683324614785985,0.9932279160958201,0.9985309408984497,0.9996368414974766,0.9998983641759364,0.9996952003951796,0.9998023118969941,0.9998542829411816,0.9998082398909003,0.9997773896541028,0.9949760551481125,0.9949996305249855,0.9917739918216282,0.9732960123437261,0.9356815765478039,0.9468744204489694,0.8919412806656781,0.9821608113020741
0.353,7.278360956750851,0.9932759846734807,0.9985444718772238,0.9996408781310974,0.9998996667589772,0.9996986388956811,0.9998046668584607,0.9998560864627237,0.999810544004732,0.9997800184745878,0.995013560084229,0.9950370930069652,0.9918303708197235,0.9734368091934025,0.9359431342006058,0.947106225794148,0.8922948666402196,0.9822358498420363
0.354,7.288360271144519,0.9933235690296315,0.9985578383698513,0.9996448581270744,0.9999009488713335,0.9997020285989673,0.999806986900577,0.9998578623991757,0.9998128137025878,0.9997826085701673,0.9950506744805531,0.9950741641459119,0.991886195591302,0.9735764400385926,0.9362028380339867,0.9473363189433499,0.8926462347432214,0.9823103164638928
0.355,7.298330531840195,0.9933706752830387,0.9985710428038344,0.9996487824281637,0.999902210888542,0.9997053703250992,0.9998092726330304,0.9998596112453504,0.9998150495893314,0.9997851606133438,0.9950874033981237,0.9951108490293239,0.9919414729973856,0.9737149174414327,0.9364607056442442,0.9475647167025214,0.89299540401145,0.9823842171217829
0.356,7.308271865280465,0.9934173094603816,0.9985840875649059,0.9996526519591095,0.999903453178319,0.9997086648783381,0.9998115246533504,0.9998613334859509,0.9998172522576919,0.9997876752632705,0.9951237518202912,0.9951471526663532,0.9919962097976215,0.9738522537992922,0.9367167544208915,0.9477914356743701,0.8933423932766054,0.9824575576918482
0.357,7.318184397175278,0.9934634774978534,0.9985969749978477,0.9996564676270305,0.9999046761007421,0.9997119130474871,0.9998137435471799,0.999863029595802,0.9998194222885356,0.9997901531660487,0.9951597246540879,0.9951830799891942,0.9920504126520141,0.9739884613473063,0.9369710015495374,0.9480164922612657,0.8936872211679661,0.9825303439734583
0.358,7.328068252507232,0.9935091852427301,0.9986097074072894,0.9996602303217982,0.999905880008427,0.999715115606225,0.9998159298885404,0.999864700040075,0.9998215602511323,0.9997925949550172,0.9951953267315732,0.9952186358544427,0.9921040881226244,0.9741235521608661,0.9372234640147202,0.9482399026680972,0.8940299061149951,0.9826025816904196
0.359,7.337923555536833,0.99355443845491,0.9986222870584904,0.9996639409164043,0.9999070652466994,0.9997182733134315,0.99981808424009,0.9998663452745068,0.9998236667034142,0.9997950012510346,0.9952305628111513,0.9952538250444302,0.9921572426752354,0.9742575381580636,0.9374741586026962,0.9484616829050797,0.8943704663499061,0.9826742764921561
0.36,7.347750429807691,0.9935992428084213,0.9986347161781051,0.9996676002673217,0.9999082321537637,0.9997213869135059,0.9998202071533754,0.9998679657456139,0.9998257421922286,0.999797372662755,0.9952654375788629,0.9952886522685294,0.9922098826809863,0.9743904311020941,0.9377231019041838,0.9486818487905176,0.8947089199101926,0.9827454339548741
0.361,7.357548998151705,0.9936436038929017,0.9986469969549304,0.999671209214855,0.9999093810608661,0.999724457136676,0.9998222991690773,0.9998695618909007,0.9998277872535848,0.9997997097868968,0.9952999556496509,0.9953231221644354,0.9922620144179753,0.9745222426036172,0.9379703103170637,0.9489004159535221,0.8950452846411172,0.9828160595827002
0.362,7.367319382694151,0.9936875272150485,0.9986591315406391,0.999674768583484,0.9999105122924544,0.9997274846993028,0.9998243608172508,0.9998711341390633,0.9998298024128937,0.9998020132085048,0.995334121568602,0.9953572392994207,0.9923136440728307,0.9746529841230761,0.9382158000490355,0.9491173998366842,0.895379578198166,0.9828861588088033
0.363,7.377061704858786,0.9937310182000401,0.9986711220504946,0.9996782791821986,0.9999116261663336,0.9997304703041748,0.9998263926175587,0.9998726829101867,0.9998317881852032,0.9998042835012064,0.9953679398121629,0.9953910081715659,0.9923647777422535,0.9747826669729769,0.938459587120234,0.9493328156987044,0.8957118180494659,0.9829557369964935
0.364,7.386776085372848,0.9937740821929306,0.9986829705640531,0.9996817418048259,0.9999127229938173,0.9997334146407979,0.9998283950794996,0.9998742086159396,0.9998337450754272,0.9998065212274612,0.9954014147893331,0.9954244332109653,0.9924154214345288,0.9749113023201279,0.9387016873658016,0.9495466786169804,0.8960420214781657,0.9830247994403025
0.365,7.396462644272078,0.9938167244600176,0.9986946791258481,0.9996851572303501,0.9999138030798755,0.9997363183856767,0.9998303687026315,0.9998757116597613,0.9998356735785678,0.9998087269388045,0.9954345508428346,0.9954575187809104,0.9924655810710097,0.9750389011878404,0.9389421164384216,0.9497590034901517,0.8963702055847818,0.9830933513670431
0.366,7.406121500905623,0.9938589501901826,0.9987062497460624,0.9996885262232236,0.9999148667232796,0.9997391822025902,0.9998323139767881,0.9998771924370468,0.9998375741799346,0.9998109011760854,0.9954673522502583,0.9954902691790478,0.9925152624875729,0.9751654744580919,0.9391808898108115,0.9499698050406048,0.8966963872895106,0.9831613979368519
0.367,7.415752773940981,0.993900764496206,0.9987176844011841,0.999691849533673,0.9999159142167411,0.9997420067428606,0.9998342313822912,0.9998786513353255,0.9998394473553558,0.9998130444696989,0.9954998232251875,0.9955226886385172,0.9925644714360459,0.9752910328736508,0.9394180227781759,0.9501790978169363,0.8970205833345056,0.9832289442442093
0.368,7.4253565813688205,0.9939421724160575,0.9987289850346497,0.9996951278979958,0.9999169458470505,0.9997447926456162,0.9998361213901578,0.9998800887344366,0.9998412935713866,0.9998151573398121,0.9955319679183011,0.9955547813290645,0.9926132135856074,0.9754155870401662,0.9396535304606222,0.950386896196378,0.8973428102861214,0.9832959953189475
0.369,7.434933040507831,0.9939831789141609,0.998740153557472,0.9996983620388519,0.9999179618952099,0.9997475405380477,0.9998379844623019,0.9998815050066991,0.9998431132855116,0.9998172402965856,0.9955637904184538,0.9955865513581356,0.9926614945241623,0.9755391474282198,0.9398874278055376,0.9505932143871816,0.8976630845371251,0.9833625561272328
0.37,7.444482268009478,0.9940237888826345,0.998751191848857,0.9997015526655472,0.9999189626365634,0.9997502510356586,0.9998398210517315,0.9998829005170791,0.9998449069463415,0.9998192938403893,0.995595294753736,0.9956180027719466,0.9927093197596896,0.9756617243753448,0.9401197295899288,0.950798066430967,0.8979814223088751,0.9834286315725385
0.371,7.454004379862755,0.9940640071425091,0.9987621017568051,0.9997047004743113,0.9999199483409243,0.9997529247425102,0.9998416316027416,0.9998842756233511,0.999846674993807,0.9998213184620127,0.9956264848925133,0.9956491395565354,0.9927566947215652,0.9757833280880087,0.9403504504227265,0.951001466205031,0.8982978396534682,0.9834942264965927
0.372,7.463499491398865,0.994103838444921,0.9987728850987015,0.9997078061485689,0.9999209192726989,0.9997555622514606,0.9998434165511011,0.9998856306762579,0.9998484178593459,0.9998233146428713,0.9956573647444457,0.9956799656387918,0.9928036247618607,0.9759039686435629,0.9405796047470514,0.9512034274246215,0.8986123524558556,0.983559345680316
0.373,7.472967717295895,0.9941432874722842,0.9987835436618934,0.9997108703592041,0.9999218756910075,0.999758164144398,0.9998451763242369,0.9998869660196638,0.9998501359660875,0.9998252828552067,0.9956879381614876,0.9957104848874674,0.9928501151566165,0.976023655992159,0.9408072068424476,0.9514039636451732,0.8989249764359272,0.9836239938447382
0.374,7.482409171583411,0.9941823588394386,0.9987940792042543,0.99971389376482,0.9999228178498022,0.9997607309924689,0.9998469113414125,0.9998882819907062,0.9998518297290315,0.9998272235622827,0.9957182089388676,0.9957407011141666,0.9928961711070926,0.9761423999586328,0.9410332708270799,0.9516030882645101,0.8992357271505674,0.9836881756519003
0.375,7.4918239676470595,0.9942210570947779,0.9988044934547383,0.9997168770119907,0.999923745997982,0.9997632633563014,0.9998486220139029,0.9998895789199428,0.9998534995552233,0.9998291372185772,0.995748180816051,0.995770618074319,0.9929417977409949,0.976260210244356,0.9412578106598977,0.9518008145250109,0.8995446199956795,0.9837518957057411
0.376,7.501212218233083,0.9942593867213554,0.9988147881139207,0.9997198207355095,0.9999246603795046,0.9997657617862221,0.9998503087451653,0.9998908571314951,0.9998551458439244,0.999831024269969,0.9957778574776822,0.995800239468132,0.9929870001136798,0.9763770964290568,0.9414808401427645,0.9519971555157422,0.8998516702081818,0.9838151585529686
0.377,7.510574035452841,0.9942973521379685,0.9988249648545284,0.9997227255586295,0.9999255612334965,0.99976822682247,0.9998519719310056,0.9998921169431884,0.9998567689867794,0.9998328851539193,0.9958072425545109,0.995829568941526,0.9930317832093352,0.9764930679726094,0.9417023729225555,0.9521921241745563,0.9001568928679743,0.9838779686839145
0.378,7.519909530787253,0.994334957700225,0.9988350253219598,0.9997255920933001,0.9999264487943592,0.9997706589954031,0.9998536119597407,0.9998933586666888,0.9998583693679791,0.9998347202996515,0.9958363396242988,0.9958586100870512,0.9930761519421406,0.9766081342167943,0.941922422493223,0.9523857332901579,0.9004603028998776,0.9839403305333737
0.379,7.529218815091251,0.9943722077015856,0.9988449711347919,0.9997284209403978,0.9999273232918737,0.9997730588257027,0.999855229212358,0.9998945826076373,0.9998599473644191,0.9998365301283241,0.9958651522127108,0.9958873664447876,0.9931201111574058,0.976722304387028,0.9421410021978289,0.9525779955041356,0.9007619150755442,0.9840022484814326
0.38,7.5385019985981305,0.9944091063743916,0.9988548038852789,0.9997312126899511,0.999928184951302,0.9997754268245712,0.9998568240626702,0.9998957890657789,0.999861503345855,0.9998383150532009,0.9958936837941879,0.9959158415032273,0.9931636656326881,0.9768355875940642,0.9423581252305475,0.9527689233129648,0.9010617440153414,0.9840637268542795
0.381,7.54775919092394,0.994445657890869,0.9988645251398394,0.9997339679213616,0.9999290339934862,0.9997777634939264,0.9998583968774668,0.999896978335091,0.9998630376750545,0.9998400754798176,0.9959219377928047,0.99594403870014,0.9932068200788887,0.9769479928356665,0.9425738046386365,0.9529585290699768,0.9013598041902081,0.9841247699250011
0.382,7.556990501071762,0.9944818663641168,0.998874136439533,0.999736687203619,0.9999298706349455,0.9997800693265912,0.999859948016662,0.9998981507039068,0.999864550707945,0.9998418118061432,0.9959499175831097,0.9959719614234227,0.9932495791413305,0.9770595289982529,0.9427880533243784,0.953146824987298,0.9016561099234851,0.9841853819143678
0.383,7.5661960374360175,0.9945177358490757,0.9988836393005294,0.9997393710955114,0.9999306950879708,0.9997823448064787,0.9998614778334394,0.9998993064550374,0.9998660427937582,0.9998435244227387,0.9959776264909506,0.9959996130119326,0.9932919474008138,0.9771702048585136,0.9430008840469924,0.9533338231377589,0.9019506753927188,0.9842455669916035
0.384,7.575375907806691,0.9945532703434786,0.9988930352145641,0.999742020145832,0.9999315075607164,0.9997845904087734,0.9998629866743928,0.9999004458658894,0.9998675142751716,0.9998452137129121,0.9960050677942839,0.996026996756305,0.9933339293746556,0.9772800290850006,0.9432123094245173,0.9535195354567741,0.9022435146314398,0.9843053292751416
0.385,7.58453021937355,0.9945884737887851,0.9989023256493885,0.9997446348935798,0.9999323082572901,0.9997868066001085,0.9998644748796648,0.9999015692085809,0.9998689654884461,0.9998468800528691,0.9960322447239686,0.9960541158997555,0.9933755295177067,0.9773890102396925,0.9434223419356647,0.9537039737441911,0.9025346415309159,0.9843646728333708
0.386,7.5936590787303055,0.9946233500710964,0.9989115120492081,0.999747215868156,0.9999330973778414,0.9997889938387388,0.9998659427830805,0.9999026767500538,0.9998703967635607,0.9998485238118613,0.9960591604645459,0.9960809736388666,0.9934167522233536,0.9774971567795326,0.9436309939216462,0.9538871496661132,0.9028240698418808,0.9844236016853652
0.387,7.6027625918787605,0.994657903022055,0.9989205958351131,0.9997497635895571,0.9999338751186468,0.9997911525747097,0.9998673907122803,0.9999037687521853,0.9998718084243445,0.9998501453523297,0.9960858181550046,0.9961075731243606,0.9934576018244994,0.9776044770579411,0.9438382775879711,0.9540690747566914,0.9031118131762372,0.9844821198016028
0.388,7.611840864232901,0.9946921364197279,0.9989295784054995,0.9997522785685631,0.9999346416721939,0.9997932832500233,0.9998688189888469,0.999904845471894,0.9998732007886046,0.9998517450300468,0.9961122208895306,0.9961339174618576,0.9934980825945289,0.9777109793263032,0.9440442050062178,0.9542497604198916,0.9033978850087382,0.984540231104673
0.389,7.620894000622982,0.9947260539894718,0.9989384611364822,0.9997547613069204,0.9999353972272624,0.999795386298799,0.9998702279284327,0.9999059071612455,0.9998745741682523,0.999853323194253,0.9961383717182443,0.9961600097126189,0.9935381987482552,0.9778166717354324,0.9442487881157783,0.9544292179312317,0.9036822986786414,0.9845979394699711
0.39,7.629922105299539,0.994759659404785,0.9989472453822992,0.9997572122975228,0.9999361419690046,0.999797462147433,0.9998716178408811,0.9999069540675559,0.9998759288694251,0.9998548801877926,0.9961642736479233,0.9961858528942767,0.9935779544428496,0.97792156233701,0.9444520387255771,0.954607458439494,0.9039650673913439,0.984655248726381
0.391,7.638925281937414,0.9947929562881418,0.9989559324757078,0.9997596320245866,0.9999368760790227,0.999799511214752,0.999872989030347,0.9999079864334905,0.9998772651926073,0.9998564163472441,0.9961899296427121,0.9962114499815516,0.9936173537787546,0.9780256590850002,0.9446539685157633,0.9547844929684108,0.9042462042199914,0.984712162656946
0.392,7.6479036336397055,0.9948259482118125,0.9989645237283726,0.9997620209638233,0.9999375997354452,0.9998015339121644,0.9998743417954141,0.9999090044971631,0.9998785834327466,0.9998579320030496,0.9962153426248185,0.9962368039069546,0.9936564008005809,0.9781289698370433,0.9448545890393779,0.9549603324183239,0.9045257221070662,0.9847686849995301
0.393,7.656857262941717,0.9948586386986682,0.9989730204312464,0.9997643795826071,0.9999383131130009,0.9998035306438087,0.9998756764292093,0.9999100084922308,0.9998798838793685,0.99985942747964,0.996240515475197,0.9962619175614775,0.993695099497988,0.9782315023558252,0.9450539117239964,0.9551349875678191,0.9048036338659519,0.9848248194474652
0.394,7.6657862718148495,0.9948910312229711,0.9989814238549416,0.9997667083401404,0.9999390163830914,0.9998055018066972,0.9998769932195141,0.9999109986479874,0.9998811668166885,0.9998609030955579,0.99626545103422,0.9962867937952707,0.9937334538065483,0.978333264310425,0.9452519478733469,0.9553084690753355,0.905079952182478,0.984880569650191
0.395,7.674690761670481,0.9949231292111507,0.9989897352500969,0.9997690076876136,0.9999397097138618,0.9998074477908586,0.9998782924488749,0.9999119751894551,0.9998824325237209,0.9998623591635775,0.996290152102337,0.9963114354183076,0.9937714676085982,0.9784342632776404,0.9454487086689031,0.9554807874807507,0.9053546896164415,0.9849359392138808
0.396,7.683570833363802,0.9949549360425654,0.998997955847734,0.9997712780683636,0.9999403932702703,0.9998093689794751,0.9998795743947095,0.9999129383374734,0.9998836812743858,0.9998637959908221,0.9963146214407199,0.9963358452010371,0.993809144734071,0.9785345067432925,0.9456442051714555,0.9556519532069416,0.9056278586031076,0.984990931702059
0.397,7.6924265871976285,0.994986455050251,0.9990060868596081,0.999773519918027,0.9999410672141549,0.9998112657490185,0.9998808393294111,0.9999138883087862,0.9998849133376136,0.9998652138788787,0.9963388617718995,0.9963600258750253,0.9938464889613168,0.9786340021035079,0.9458384483226576,0.9558219765613216,0.905899471454691,0.9850455506362088
0.398,7.701258122926162,0.9950176895216551,0.9990141294785527,0.9997757336646915,0.9999417317042999,0.9998131384693816,0.999882087520451,0.9999148253161269,0.999886128977447,0.9998666131239099,0.9963628757803874,0.9963839801335831,0.9938835040179077,0.9787327566659818,0.9460314489465502,0.955990867737355,0.9061695403618143,0.9850997994963666
0.399,7.710065539758763,0.9950486426993591,0.9990220848788148,0.9997779197290424,0.9999423868965002,0.9998149875040085,0.9998833192304787,0.9999157495683013,0.99988732845314,0.9998679940167637,0.9963866661132885,0.9964077106323849,0.9939201935814288,0.9788307776512196,0.9462232177510628,0.9561586368160474,0.9064380773949489,0.9851536817217107
0.4,7.718848936363636,0.9950793177817864,0.9990299542163863,0.9997800785245078,0.999943032943624,0.9998168132100211,0.9998845347174183,0.9999166612702695,0.9998885120192561,0.9998693568430805,0.9964102353809019,0.9964312199900738,0.9939565612802543,0.978928072193759,0.9464137653294926,0.9563252937674155,0.9067050945058337,0.9852072007111371
